Info: *******************************************************************
Info: Running Quartus Prime Timing Analyzer
    Info: Version 25.1std.0 Build 1129 10/21/2025 SC Standard Edition
    Info: Copyright (C) 2025  Altera Corporation. All rights reserved.
    Info: Your use of Altera Corporation's design tools, logic functions 
    Info: and other software and tools, and any partner logic 
    Info: functions, and any output files from any of the foregoing 
    Info: (including device programming or simulation files), and any 
    Info: associated documentation or information are expressly subject 
    Info: to the terms and conditions of the Altera Program License 
    Info: Subscription Agreement, the Altera Quartus Prime License Agreement,
    Info: the Altera IP License Agreement, or other applicable license
    Info: agreement, including, without limitation, that your use is for
    Info: the sole purpose of programming logic devices manufactured by
    Info: Altera and sold by Altera or its authorized distributors.  Please
    Info: refer to the Altera Software License Subscription Agreements 
    Info: on the Quartus Prime software download page.
    Info: Processing started: Thu Oct  8 01:12:31 2026
Info: Command: quartus_sta -t /home/bonho/projects/bladerf/hdl/quartus/report_adc_xfer_cdc.tcl
Info (20030): Parallel compilation is enabled and will use 4 of the 4 processors detected
Info (21076): High junction temperature operating condition is not set. Assuming a default value of '85'.
Info (21076): Low junction temperature operating condition is not set. Assuming a default value of '0'.
Info (332164): Evaluating HDL-embedded SDC commands
    Info (332165): Entity alt_jtag_atlantic
        Info (332166): set_false_path -from [get_registers {*|alt_jtag_atlantic:*|jupdate}] -to [get_registers {*|alt_jtag_atlantic:*|jupdate1*}] 
        Info (332166): set_false_path -from [get_registers {*|alt_jtag_atlantic:*|rdata[*]}] -to [get_registers {*|alt_jtag_atlantic*|td_shift[*]}]
        Info (332166): set_false_path -from [get_registers {*|alt_jtag_atlantic:*|rdata[*]}] -to [get_registers {*|alt_jtag_atlantic*|td_shift[*]}]
        Info (332166): set_false_path -from [get_registers {*|alt_jtag_atlantic:*|rdata[*]}] -to [get_registers {*|alt_jtag_atlantic*|td_shift[*]}]
        Info (332166): set_false_path -from [get_registers {*|alt_jtag_atlantic:*|rdata[*]}] -to [get_registers {*|alt_jtag_atlantic*|td_shift[*]}]
        Info (332166): set_false_path -from [get_registers {*|alt_jtag_atlantic:*|rdata[*]}] -to [get_registers {*|alt_jtag_atlantic*|td_shift[*]}]
        Info (332166): set_false_path -from [get_registers {*|alt_jtag_atlantic:*|rdata[*]}] -to [get_registers {*|alt_jtag_atlantic*|td_shift[*]}]
        Info (332166): set_false_path -from [get_registers {*|alt_jtag_atlantic:*|rdata[*]}] -to [get_registers {*|alt_jtag_atlantic*|td_shift[*]}]
        Info (332166): set_false_path -from [get_registers {*|alt_jtag_atlantic:*|rdata[*]}] -to [get_registers {*|alt_jtag_atlantic*|td_shift[*]}]
        Info (332166): set_false_path -from [get_registers {*|alt_jtag_atlantic:*|read}] -to [get_registers {*|alt_jtag_atlantic:*|read1*}] 
        Info (332166): set_false_path -from [get_registers {*|alt_jtag_atlantic:*|read_req}]
        Info (332166): set_false_path -from [get_registers {*|alt_jtag_atlantic:*|rvalid}] -to [get_registers {*|alt_jtag_atlantic*|td_shift[*]}]
        Info (332166): set_false_path -from [get_registers {*|t_dav}] -to [get_registers {*|alt_jtag_atlantic:*|tck_t_dav}]
        Info (332166): set_false_path -from [get_registers {*|alt_jtag_atlantic:*|user_saw_rvalid}] -to [get_registers {*|alt_jtag_atlantic:*|rvalid0*}]
        Info (332166): set_false_path -from [get_registers {*|alt_jtag_atlantic:*|wdata[*]}] -to [get_registers {*}]
        Info (332166): set_false_path -from [get_registers {*|alt_jtag_atlantic:*|wdata[*]}] -to [get_registers {*}]
        Info (332166): set_false_path -from [get_registers {*|alt_jtag_atlantic:*|wdata[*]}] -to [get_registers {*}]
        Info (332166): set_false_path -from [get_registers {*|alt_jtag_atlantic:*|wdata[*]}] -to [get_registers {*}]
        Info (332166): set_false_path -from [get_registers {*|alt_jtag_atlantic:*|wdata[*]}] -to [get_registers {*}]
        Info (332166): set_false_path -from [get_registers {*|alt_jtag_atlantic:*|wdata[*]}] -to [get_registers {*}]
        Info (332166): set_false_path -from [get_registers {*|alt_jtag_atlantic:*|wdata[*]}] -to [get_registers {*}]
        Info (332166): set_false_path -from [get_registers {*|alt_jtag_atlantic:*|wdata[*]}] -to [get_registers {*}]
        Info (332166): set_false_path -from [get_registers {*|alt_jtag_atlantic:*|write}] -to [get_registers {*|alt_jtag_atlantic:*|write1*}] 
        Info (332166): set_false_path -from [get_registers {*|alt_jtag_atlantic:*|write_stalled}] -to [get_registers {*|alt_jtag_atlantic:*|t_ena*}]
        Info (332166): set_false_path -from [get_registers {*|alt_jtag_atlantic:*|write_stalled}] -to [get_registers {*|alt_jtag_atlantic:*|t_pause*}]
        Info (332166): set_false_path -from [get_registers {*|alt_jtag_atlantic:*|write_valid}]
    Info (332165): Entity altera_std_synchronizer
        Info (332166): set_false_path -to [get_keepers {*altera_std_synchronizer:*|din_s1}]
    Info (332165): Entity common_dcfifo
        Info (332166): set_false_path -to [get_registers {*fifo_gen:U_dcfifo_mixed_widths|dcfifo_*:auto_generated|dffpipe_*:wraclr|dffe*a[0]}] 
    Info (332165): Entity dcfifo_0p92
        Info (332166): set_false_path -from *rdptr_g* -to *ws_dgrp|dffpipe_6f9:dffpipe12|dffe13a* 
        Info (332166): set_false_path -from *delayed_wrptr_g* -to *rs_dgwp|dffpipe_5f9:dffpipe9|dffe10a* 
    Info (332165): Entity dcfifo_bt92
        Info (332166): set_false_path -from *rdptr_g* -to *ws_dgrp|dffpipe_ve9:dffpipe17|dffe18a* 
        Info (332166): set_false_path -from *delayed_wrptr_g* -to *rs_dgwp|dffpipe_pe9:dffpipe13|dffe14a* 
    Info (332165): Entity dcfifo_ct92
        Info (332166): set_false_path -from *rdptr_g* -to *ws_dgrp|dffpipe_ue9:dffpipe19|dffe20a* 
        Info (332166): set_false_path -from *delayed_wrptr_g* -to *rs_dgwp|dffpipe_se9:dffpipe15|dffe16a* 
    Info (332165): Entity dcfifo_et92
        Info (332166): set_false_path -from *rdptr_g* -to *ws_dgrp|dffpipe_2f9:dffpipe18|dffe19a* 
        Info (332166): set_false_path -from *delayed_wrptr_g* -to *rs_dgwp|dffpipe_1f9:dffpipe15|dffe16a* 
    Info (332165): Entity dcfifo_mu92
        Info (332166): set_false_path -from *rdptr_g* -to *ws_dgrp|dffpipe_4f9:dffpipe15|dffe16a* 
        Info (332166): set_false_path -from *delayed_wrptr_g* -to *rs_dgwp|dffpipe_3f9:dffpipe12|dffe13a* 
    Info (332165): Entity reset_synchronizer
        Info (332166): set_false_path -to [get_pins -compatibility_mode -nowarn {*reset_synchronizer:*|*|clrn}] 
    Info (332165): Entity sld_hub
        Info (332166): create_clock -name altera_reserved_tck [get_ports {altera_reserved_tck}] -period 30MHz   
        Info (332166): if { [string equal quartus_fit $::TimeQuestInfo(nameofexecutable)] } { set_max_delay -to [get_ports { altera_reserved_tdo } ] 0 }
        Info (332166): set_clock_groups -asynchronous -group {altera_reserved_tck}
    Info (332165): Entity synchronizer
        Info (332166): set_false_path -to [get_registers {*synchronizer:*|reg0}] 
Info (332104): Reading SDC File: '../../../fpga/platforms/bladerf-micro/constraints/bladerf.sdc'
Info (332110): Deriving PLL clocks
    Info (332110): create_generated_clock -source {U_core|U_system_pll|altera_pll_i|general[0].gpll~FRACTIONAL_PLL|refclkin} -divide_by 6 -multiply_by 50 -duty_cycle 50.00 -name {U_core|U_system_pll|altera_pll_i|general[0].gpll~FRACTIONAL_PLL|vcoph[0]} {U_core|U_system_pll|altera_pll_i|general[0].gpll~FRACTIONAL_PLL|vcoph[0]}
    Info (332110): create_generated_clock -source {U_core|U_system_pll|altera_pll_i|general[0].gpll~PLL_OUTPUT_COUNTER|vco0ph[0]} -divide_by 4 -duty_cycle 50.00 -name {U_core|U_system_pll|altera_pll_i|general[0].gpll~PLL_OUTPUT_COUNTER|divclk} {U_core|U_system_pll|altera_pll_i|general[0].gpll~PLL_OUTPUT_COUNTER|divclk}
    Info (332110): create_generated_clock -source {U_core|U_nios_system|axi_ad9361_0|i_dev_if|i_rx|i_altlvds_rx|auto_generated|pll_sclk~FRACTIONAL_PLL|refclkin} -divide_by 2 -multiply_by 4 -duty_cycle 50.00 -name {U_core|U_nios_system|axi_ad9361_0|i_dev_if|i_rx|i_altlvds_rx|auto_generated|pll_sclk~FRACTIONAL_PLL|vcoph[0]} {U_core|U_nios_system|axi_ad9361_0|i_dev_if|i_rx|i_altlvds_rx|auto_generated|pll_sclk~FRACTIONAL_PLL|vcoph[0]}
    Info (332110): create_generated_clock -source {U_core|U_nios_system|axi_ad9361_0|i_dev_if|i_rx|i_altlvds_rx|auto_generated|pll_sclk~PLL_OUTPUT_COUNTER|vco0ph[0]} -divide_by 4 -phase 315.00 -duty_cycle 50.00 -name {U_core|U_nios_system|axi_ad9361_0|i_dev_if|i_rx|i_altlvds_rx|auto_generated|pll_sclk~PLL_OUTPUT_COUNTER|divclk} {U_core|U_nios_system|axi_ad9361_0|i_dev_if|i_rx|i_altlvds_rx|auto_generated|pll_sclk~PLL_OUTPUT_COUNTER|divclk}
    Info (332110): create_generated_clock -source {U_core|U_nios_system|axi_ad9361_0|i_dev_if|i_rx|i_altlvds_rx|auto_generated|pll_ena~PLL_OUTPUT_COUNTER|vco0ph[0]} -divide_by 4 -phase 180.00 -duty_cycle 25.00 -name {U_core|U_nios_system|axi_ad9361_0|i_dev_if|i_rx|i_altlvds_rx|auto_generated|pll_ena~PLL_OUTPUT_COUNTER|divclk} {U_core|U_nios_system|axi_ad9361_0|i_dev_if|i_rx|i_altlvds_rx|auto_generated|pll_ena~PLL_OUTPUT_COUNTER|divclk}
    Info (332110): create_generated_clock -source {U_core|U_nios_system|axi_ad9361_0|i_dev_if|i_rx|i_altlvds_rx|auto_generated|pll_fclk~PLL_OUTPUT_COUNTER|vco0ph[0]} -phase 180.00 -duty_cycle 50.00 -name {U_core|U_nios_system|axi_ad9361_0|i_dev_if|i_rx|i_altlvds_rx|auto_generated|pll_fclk~PLL_OUTPUT_COUNTER|divclk} {U_core|U_nios_system|axi_ad9361_0|i_dev_if|i_rx|i_altlvds_rx|auto_generated|pll_fclk~PLL_OUTPUT_COUNTER|divclk}
    Info (332110): create_generated_clock -source {U_core|U_fx3_pll|altera_pll_i|general[0].gpll~FRACTIONAL_PLL|refclkin} -divide_by 2 -multiply_by 8 -duty_cycle 50.00 -name {U_core|U_fx3_pll|altera_pll_i|general[0].gpll~FRACTIONAL_PLL|vcoph[0]} {U_core|U_fx3_pll|altera_pll_i|general[0].gpll~FRACTIONAL_PLL|vcoph[0]}
    Info (332110): create_generated_clock -source {U_core|U_fx3_pll|altera_pll_i|general[0].gpll~PLL_OUTPUT_COUNTER|vco0ph[0]} -divide_by 4 -phase -123.73 -duty_cycle 50.00 -name {U_core|U_fx3_pll|altera_pll_i|general[0].gpll~PLL_OUTPUT_COUNTER|divclk} {U_core|U_fx3_pll|altera_pll_i|general[0].gpll~PLL_OUTPUT_COUNTER|divclk}
    Info (332110): set_false_path -from [get_pins { U_core|U_nios_system|axi_ad9361_0|i_dev_if|i_tx|i_altlvds_tx|auto_generated|sd2|writeclk}]
    Info (332110): set_multicycle_path -setup -end 3 -to [get_pins { U_core|U_nios_system|axi_ad9361_0|i_dev_if|i_tx|i_altlvds_tx|auto_generated|sd2|txin[3]}]
    Info (332110): set_multicycle_path -hold -end 3 -to [get_pins { U_core|U_nios_system|axi_ad9361_0|i_dev_if|i_tx|i_altlvds_tx|auto_generated|sd2|txin[3]}]
    Info (332110): set_multicycle_path -setup -end 3 -to [get_pins { U_core|U_nios_system|axi_ad9361_0|i_dev_if|i_tx|i_altlvds_tx|auto_generated|sd2|txin[2]}]
    Info (332110): set_multicycle_path -hold -end 3 -to [get_pins { U_core|U_nios_system|axi_ad9361_0|i_dev_if|i_tx|i_altlvds_tx|auto_generated|sd2|txin[2]}]
    Info (332110): set_multicycle_path -setup -end 3 -to [get_pins { U_core|U_nios_system|axi_ad9361_0|i_dev_if|i_tx|i_altlvds_tx|auto_generated|sd2|txin[1]}]
    Info (332110): set_multicycle_path -hold -end 3 -to [get_pins { U_core|U_nios_system|axi_ad9361_0|i_dev_if|i_tx|i_altlvds_tx|auto_generated|sd2|txin[1]}]
    Info (332110): set_multicycle_path -setup -end 3 -to [get_pins { U_core|U_nios_system|axi_ad9361_0|i_dev_if|i_tx|i_altlvds_tx|auto_generated|sd2|txin[0]}]
    Info (332110): set_multicycle_path -hold -end 3 -to [get_pins { U_core|U_nios_system|axi_ad9361_0|i_dev_if|i_tx|i_altlvds_tx|auto_generated|sd2|txin[0]}]
    Info (332110): set_false_path -from [get_pins { U_core|U_nios_system|axi_ad9361_0|i_dev_if|i_tx|i_altlvds_tx|auto_generated|sd1|writeclk}]
    Info (332110): set_multicycle_path -setup -end 3 -to [get_pins { U_core|U_nios_system|axi_ad9361_0|i_dev_if|i_tx|i_altlvds_tx|auto_generated|sd1|txin[3]}]
    Info (332110): set_multicycle_path -hold -end 3 -to [get_pins { U_core|U_nios_system|axi_ad9361_0|i_dev_if|i_tx|i_altlvds_tx|auto_generated|sd1|txin[3]}]
    Info (332110): set_multicycle_path -setup -end 3 -to [get_pins { U_core|U_nios_system|axi_ad9361_0|i_dev_if|i_tx|i_altlvds_tx|auto_generated|sd1|txin[2]}]
    Info (332110): set_multicycle_path -hold -end 3 -to [get_pins { U_core|U_nios_system|axi_ad9361_0|i_dev_if|i_tx|i_altlvds_tx|auto_generated|sd1|txin[2]}]
    Info (332110): set_multicycle_path -setup -end 3 -to [get_pins { U_core|U_nios_system|axi_ad9361_0|i_dev_if|i_tx|i_altlvds_tx|auto_generated|sd1|txin[1]}]
    Info (332110): set_multicycle_path -hold -end 3 -to [get_pins { U_core|U_nios_system|axi_ad9361_0|i_dev_if|i_tx|i_altlvds_tx|auto_generated|sd1|txin[1]}]
    Info (332110): set_multicycle_path -setup -end 3 -to [get_pins { U_core|U_nios_system|axi_ad9361_0|i_dev_if|i_tx|i_altlvds_tx|auto_generated|sd1|txin[0]}]
    Info (332110): set_multicycle_path -hold -end 3 -to [get_pins { U_core|U_nios_system|axi_ad9361_0|i_dev_if|i_tx|i_altlvds_tx|auto_generated|sd1|txin[0]}]
    Info (332110): set_multicycle_path -setup -end 3 -to [get_pins { U_core|U_nios_system|axi_ad9361_0|i_dev_if|i_tx|i_altlvds_tx|auto_generated|lvds_outclk_tx_serialiser|txin[2]}]
    Info (332110): set_multicycle_path -hold -end 3 -to [get_pins { U_core|U_nios_system|axi_ad9361_0|i_dev_if|i_tx|i_altlvds_tx|auto_generated|lvds_outclk_tx_serialiser|txin[2]}]
    Info (332110): set_multicycle_path -setup -end 3 -to [get_pins { U_core|U_nios_system|axi_ad9361_0|i_dev_if|i_tx|i_altlvds_tx|auto_generated|lvds_outclk_tx_serialiser|txin[0]}]
    Info (332110): set_multicycle_path -hold -end 3 -to [get_pins { U_core|U_nios_system|axi_ad9361_0|i_dev_if|i_tx|i_altlvds_tx|auto_generated|lvds_outclk_tx_serialiser|txin[0]}]
    Info (332110): set_false_path -to [get_pins { U_core|U_nios_system|axi_ad9361_0|i_dev_if|i_rx|i_altlvds_rx|auto_generated|sd1|dinfiforx[0]}]
    Info (332110): set_false_path -to [get_pins { U_core|U_nios_system|axi_ad9361_0|i_dev_if|i_rx|i_altlvds_rx|auto_generated|sd3|dinfiforx[0]}]
    Info (332110): set_multicycle_path -setup -start 4 -from [get_pins { U_core|U_nios_system|axi_ad9361_0|i_dev_if|i_rx|i_altlvds_rx|auto_generated|sd2|writeclk}]
    Info (332110): set_multicycle_path -hold -start 3 -from [get_pins { U_core|U_nios_system|axi_ad9361_0|i_dev_if|i_rx|i_altlvds_rx|auto_generated|sd2|writeclk}]
    Info (332110): set_multicycle_path -setup -start 4 -from [get_pins { U_core|U_nios_system|axi_ad9361_0|i_dev_if|i_rx|i_altlvds_rx|auto_generated|sd10|writeclk}]
    Info (332110): set_multicycle_path -hold -start 3 -from [get_pins { U_core|U_nios_system|axi_ad9361_0|i_dev_if|i_rx|i_altlvds_rx|auto_generated|sd10|writeclk}]
    Info (332110): set_multicycle_path -setup -start 4 -from [get_pins { U_core|U_nios_system|axi_ad9361_0|i_dev_if|i_rx|i_altlvds_rx|auto_generated|sd12|writeclk}]
    Info (332110): set_multicycle_path -hold -start 3 -from [get_pins { U_core|U_nios_system|axi_ad9361_0|i_dev_if|i_rx|i_altlvds_rx|auto_generated|sd12|writeclk}]
    Info (332110): set_multicycle_path -setup -start 4 -from [get_pins { U_core|U_nios_system|axi_ad9361_0|i_dev_if|i_rx|i_altlvds_rx|auto_generated|sd14|writeclk}]
    Info (332110): set_multicycle_path -hold -start 3 -from [get_pins { U_core|U_nios_system|axi_ad9361_0|i_dev_if|i_rx|i_altlvds_rx|auto_generated|sd14|writeclk}]
    Info (332110): set_false_path -to [get_pins { U_core|U_nios_system|axi_ad9361_0|i_dev_if|i_rx|i_altlvds_rx|auto_generated|sd5|dinfiforx[0]}]
    Info (332110): set_false_path -to [get_pins { U_core|U_nios_system|axi_ad9361_0|i_dev_if|i_rx|i_altlvds_rx|auto_generated|sd13|dinfiforx[0]}]
    Info (332110): set_multicycle_path -setup -start 4 -from [get_pins { U_core|U_nios_system|axi_ad9361_0|i_dev_if|i_rx|i_altlvds_rx|auto_generated|sd6|writeclk}]
    Info (332110): set_multicycle_path -hold -start 3 -from [get_pins { U_core|U_nios_system|axi_ad9361_0|i_dev_if|i_rx|i_altlvds_rx|auto_generated|sd6|writeclk}]
    Info (332110): set_false_path -to [get_pins { U_core|U_nios_system|axi_ad9361_0|i_dev_if|i_rx|i_altlvds_rx|auto_generated|sd9|dinfiforx[0]}]
    Info (332110): set_false_path -to [get_pins { U_core|U_nios_system|axi_ad9361_0|i_dev_if|i_rx|i_altlvds_rx|auto_generated|sd11|dinfiforx[0]}]
    Info (332110): set_multicycle_path -setup -start 4 -from [get_pins { U_core|U_nios_system|axi_ad9361_0|i_dev_if|i_rx|i_altlvds_rx|auto_generated|sd8|writeclk}]
    Info (332110): set_multicycle_path -hold -start 3 -from [get_pins { U_core|U_nios_system|axi_ad9361_0|i_dev_if|i_rx|i_altlvds_rx|auto_generated|sd8|writeclk}]
    Info (332110): set_multicycle_path -setup -start 4 -from [get_pins { U_core|U_nios_system|axi_ad9361_0|i_dev_if|i_rx|i_altlvds_rx|auto_generated|sd4|writeclk}]
    Info (332110): set_multicycle_path -hold -start 3 -from [get_pins { U_core|U_nios_system|axi_ad9361_0|i_dev_if|i_rx|i_altlvds_rx|auto_generated|sd4|writeclk}]
    Info (332110): set_false_path -to [get_pins { U_core|U_nios_system|axi_ad9361_0|i_dev_if|i_rx|i_altlvds_rx|auto_generated|sd7|dinfiforx[0]}]
    Info (332110): set_false_path -from [get_pins { U_core|U_nios_system|axi_ad9361_0|i_dev_if|i_tx|i_altlvds_tx|auto_generated|sd3|writeclk}]
    Info (332110): set_multicycle_path -setup -end 3 -to [get_pins { U_core|U_nios_system|axi_ad9361_0|i_dev_if|i_tx|i_altlvds_tx|auto_generated|sd3|txin[3]}]
    Info (332110): set_multicycle_path -hold -end 3 -to [get_pins { U_core|U_nios_system|axi_ad9361_0|i_dev_if|i_tx|i_altlvds_tx|auto_generated|sd3|txin[3]}]
    Info (332110): set_multicycle_path -setup -end 3 -to [get_pins { U_core|U_nios_system|axi_ad9361_0|i_dev_if|i_tx|i_altlvds_tx|auto_generated|sd3|txin[2]}]
    Info (332110): set_multicycle_path -hold -end 3 -to [get_pins { U_core|U_nios_system|axi_ad9361_0|i_dev_if|i_tx|i_altlvds_tx|auto_generated|sd3|txin[2]}]
    Info (332110): set_multicycle_path -setup -end 3 -to [get_pins { U_core|U_nios_system|axi_ad9361_0|i_dev_if|i_tx|i_altlvds_tx|auto_generated|sd3|txin[1]}]
    Info (332110): set_multicycle_path -hold -end 3 -to [get_pins { U_core|U_nios_system|axi_ad9361_0|i_dev_if|i_tx|i_altlvds_tx|auto_generated|sd3|txin[1]}]
    Info (332110): set_multicycle_path -setup -end 3 -to [get_pins { U_core|U_nios_system|axi_ad9361_0|i_dev_if|i_tx|i_altlvds_tx|auto_generated|sd3|txin[0]}]
    Info (332110): set_multicycle_path -hold -end 3 -to [get_pins { U_core|U_nios_system|axi_ad9361_0|i_dev_if|i_tx|i_altlvds_tx|auto_generated|sd3|txin[0]}]
    Info (332110): set_false_path -from [get_pins { U_core|U_nios_system|axi_ad9361_0|i_dev_if|i_tx|i_altlvds_tx|auto_generated|sd4|writeclk}]
    Info (332110): set_multicycle_path -setup -end 3 -to [get_pins { U_core|U_nios_system|axi_ad9361_0|i_dev_if|i_tx|i_altlvds_tx|auto_generated|sd4|txin[3]}]
    Info (332110): set_multicycle_path -hold -end 3 -to [get_pins { U_core|U_nios_system|axi_ad9361_0|i_dev_if|i_tx|i_altlvds_tx|auto_generated|sd4|txin[3]}]
    Info (332110): set_multicycle_path -setup -end 3 -to [get_pins { U_core|U_nios_system|axi_ad9361_0|i_dev_if|i_tx|i_altlvds_tx|auto_generated|sd4|txin[2]}]
    Info (332110): set_multicycle_path -hold -end 3 -to [get_pins { U_core|U_nios_system|axi_ad9361_0|i_dev_if|i_tx|i_altlvds_tx|auto_generated|sd4|txin[2]}]
    Info (332110): set_multicycle_path -setup -end 3 -to [get_pins { U_core|U_nios_system|axi_ad9361_0|i_dev_if|i_tx|i_altlvds_tx|auto_generated|sd4|txin[1]}]
    Info (332110): set_multicycle_path -hold -end 3 -to [get_pins { U_core|U_nios_system|axi_ad9361_0|i_dev_if|i_tx|i_altlvds_tx|auto_generated|sd4|txin[1]}]
    Info (332110): set_multicycle_path -setup -end 3 -to [get_pins { U_core|U_nios_system|axi_ad9361_0|i_dev_if|i_tx|i_altlvds_tx|auto_generated|sd4|txin[0]}]
    Info (332110): set_multicycle_path -hold -end 3 -to [get_pins { U_core|U_nios_system|axi_ad9361_0|i_dev_if|i_tx|i_altlvds_tx|auto_generated|sd4|txin[0]}]
    Info (332110): set_false_path -from [get_pins { U_core|U_nios_system|axi_ad9361_0|i_dev_if|i_tx|i_altlvds_tx|auto_generated|sd5|writeclk}]
    Info (332110): set_multicycle_path -setup -end 3 -to [get_pins { U_core|U_nios_system|axi_ad9361_0|i_dev_if|i_tx|i_altlvds_tx|auto_generated|sd5|txin[3]}]
    Info (332110): set_multicycle_path -hold -end 3 -to [get_pins { U_core|U_nios_system|axi_ad9361_0|i_dev_if|i_tx|i_altlvds_tx|auto_generated|sd5|txin[3]}]
    Info (332110): set_multicycle_path -setup -end 3 -to [get_pins { U_core|U_nios_system|axi_ad9361_0|i_dev_if|i_tx|i_altlvds_tx|auto_generated|sd5|txin[2]}]
    Info (332110): set_multicycle_path -hold -end 3 -to [get_pins { U_core|U_nios_system|axi_ad9361_0|i_dev_if|i_tx|i_altlvds_tx|auto_generated|sd5|txin[2]}]
    Info (332110): set_multicycle_path -setup -end 3 -to [get_pins { U_core|U_nios_system|axi_ad9361_0|i_dev_if|i_tx|i_altlvds_tx|auto_generated|sd5|txin[1]}]
    Info (332110): set_multicycle_path -hold -end 3 -to [get_pins { U_core|U_nios_system|axi_ad9361_0|i_dev_if|i_tx|i_altlvds_tx|auto_generated|sd5|txin[1]}]
    Info (332110): set_multicycle_path -setup -end 3 -to [get_pins { U_core|U_nios_system|axi_ad9361_0|i_dev_if|i_tx|i_altlvds_tx|auto_generated|sd5|txin[0]}]
    Info (332110): set_multicycle_path -hold -end 3 -to [get_pins { U_core|U_nios_system|axi_ad9361_0|i_dev_if|i_tx|i_altlvds_tx|auto_generated|sd5|txin[0]}]
    Info (332110): set_false_path -from [get_pins { U_core|U_nios_system|axi_ad9361_0|i_dev_if|i_tx|i_altlvds_tx|auto_generated|sd6|writeclk}]
    Info (332110): set_multicycle_path -setup -end 3 -to [get_pins { U_core|U_nios_system|axi_ad9361_0|i_dev_if|i_tx|i_altlvds_tx|auto_generated|sd6|txin[3]}]
    Info (332110): set_multicycle_path -hold -end 3 -to [get_pins { U_core|U_nios_system|axi_ad9361_0|i_dev_if|i_tx|i_altlvds_tx|auto_generated|sd6|txin[3]}]
    Info (332110): set_multicycle_path -setup -end 3 -to [get_pins { U_core|U_nios_system|axi_ad9361_0|i_dev_if|i_tx|i_altlvds_tx|auto_generated|sd6|txin[2]}]
    Info (332110): set_multicycle_path -hold -end 3 -to [get_pins { U_core|U_nios_system|axi_ad9361_0|i_dev_if|i_tx|i_altlvds_tx|auto_generated|sd6|txin[2]}]
    Info (332110): set_multicycle_path -setup -end 3 -to [get_pins { U_core|U_nios_system|axi_ad9361_0|i_dev_if|i_tx|i_altlvds_tx|auto_generated|sd6|txin[1]}]
    Info (332110): set_multicycle_path -hold -end 3 -to [get_pins { U_core|U_nios_system|axi_ad9361_0|i_dev_if|i_tx|i_altlvds_tx|auto_generated|sd6|txin[1]}]
    Info (332110): set_multicycle_path -setup -end 3 -to [get_pins { U_core|U_nios_system|axi_ad9361_0|i_dev_if|i_tx|i_altlvds_tx|auto_generated|sd6|txin[0]}]
    Info (332110): set_multicycle_path -hold -end 3 -to [get_pins { U_core|U_nios_system|axi_ad9361_0|i_dev_if|i_tx|i_altlvds_tx|auto_generated|sd6|txin[0]}]
    Info (332110): set_false_path -from [get_pins { U_core|U_nios_system|axi_ad9361_0|i_dev_if|i_tx|i_altlvds_tx|auto_generated|sd7|writeclk}]
    Info (332110): set_multicycle_path -setup -end 3 -to [get_pins { U_core|U_nios_system|axi_ad9361_0|i_dev_if|i_tx|i_altlvds_tx|auto_generated|sd7|txin[3]}]
    Info (332110): set_multicycle_path -hold -end 3 -to [get_pins { U_core|U_nios_system|axi_ad9361_0|i_dev_if|i_tx|i_altlvds_tx|auto_generated|sd7|txin[3]}]
    Info (332110): set_multicycle_path -setup -end 3 -to [get_pins { U_core|U_nios_system|axi_ad9361_0|i_dev_if|i_tx|i_altlvds_tx|auto_generated|sd7|txin[2]}]
    Info (332110): set_multicycle_path -hold -end 3 -to [get_pins { U_core|U_nios_system|axi_ad9361_0|i_dev_if|i_tx|i_altlvds_tx|auto_generated|sd7|txin[2]}]
    Info (332110): set_multicycle_path -setup -end 3 -to [get_pins { U_core|U_nios_system|axi_ad9361_0|i_dev_if|i_tx|i_altlvds_tx|auto_generated|sd7|txin[1]}]
    Info (332110): set_multicycle_path -hold -end 3 -to [get_pins { U_core|U_nios_system|axi_ad9361_0|i_dev_if|i_tx|i_altlvds_tx|auto_generated|sd7|txin[1]}]
    Info (332110): set_multicycle_path -setup -end 3 -to [get_pins { U_core|U_nios_system|axi_ad9361_0|i_dev_if|i_tx|i_altlvds_tx|auto_generated|sd7|txin[0]}]
    Info (332110): set_multicycle_path -hold -end 3 -to [get_pins { U_core|U_nios_system|axi_ad9361_0|i_dev_if|i_tx|i_altlvds_tx|auto_generated|sd7|txin[0]}]
Info (332151): Clock uncertainty is not calculated until you update the timing netlist.
Info: tamer hold_time crossing constrained on 2 instance(s)
Info: dcfifo pointer crossings constrained on 10 instance(s)
Info: handshake crossings constrained: 15
Info: ADC up_xfer bundled crossings constrained: 4
Warning: async clock groups NOT applied (set BLADERF_ASYNC_CLOCK_GROUPS=1 to enable)
Info: readout crossings cut: 2
Info (332104): Reading SDC File: '../../../fpga/platforms/bladerf-micro/constraints/i2c.sdc'
Warning (332049): Ignored create_generated_clock at i2c.sdc(27): Argument -source is a collection that is not of port, pin, reg, kpr, net, comb or node type File: /home/bonho/projects/bladerf/hdl/fpga/platforms/bladerf-micro/constraints/i2c.sdc Line: 27
    Info (332050): create_generated_clock -name i2c_scl_reg -source [get_clocks $system_clock] -divide_by $pwr_scl_divisor [get_registers {*bit_controller|scl_oen}] File: /home/bonho/projects/bladerf/hdl/fpga/platforms/bladerf-micro/constraints/i2c.sdc Line: 27
Info (332104): Reading SDC File: '../../../fpga/platforms/bladerf-micro/constraints/spi.sdc'
Warning (332049): Ignored create_generated_clock at spi.sdc(36): Argument -source is a collection that is not of port, pin, reg, kpr, net, comb or node type File: /home/bonho/projects/bladerf/hdl/fpga/platforms/bladerf-micro/constraints/spi.sdc Line: 36
    Info (332050): create_generated_clock -name peri_sclk_reg -source [get_clocks $system_clock] -divide_by $peri_sclk_divisor [get_registers {*peripheral_spi|SCLK_reg}] File: /home/bonho/projects/bladerf/hdl/fpga/platforms/bladerf-micro/constraints/spi.sdc Line: 36
Info (332104): Reading SDC File: '../../../fpga/ip/analogdevicesinc/hdl/library/common/ad_axi_ip_constr.sdc'
Info (332104): Reading SDC File: '../../../fpga/platforms/common/bladerf/constraints/ad9361.sdc'
Warning (332049): Ignored create_generated_clock at ad9361.sdc(44): Argument -source is a collection that is not of port, pin, reg, kpr, net, comb or node type File: /home/bonho/projects/bladerf/hdl/fpga/platforms/common/bladerf/constraints/ad9361.sdc Line: 44
    Info (332050): create_generated_clock -name adi_sclk_reg -source [get_clocks $system_clock] -divide_by $adi_sclk_divisor [get_registers {*rffe_spi|SCLK_reg}] File: /home/bonho/projects/bladerf/hdl/fpga/platforms/common/bladerf/constraints/ad9361.sdc Line: 44
Info (332104): Reading SDC File: '../../../fpga/platforms/common/bladerf/constraints/fx3.sdc'
Info (332104): Reading SDC File: 'nios_system/synthesis/submodules/altera_reset_controller.sdc'
Info (332104): Reading SDC File: 'nios_system/synthesis/submodules/nios_system_nios2_cpu.sdc'
Warning (332087): The master clock for this clock assignment could not be derived.  Clock: pwr_scl_pin was not created.
    Warning (332035): No clocks found on or feeding the specified source node: bladerf_core:U_core|nios_system:U_nios_system|i2c_master_top:opencores_i2c|i2c_master_byte_ctrl:byte_controller|i2c_master_bit_ctrl:bit_controller|scl_oen
Warning (332087): The master clock for this clock assignment could not be derived.  Clock: adf_sclk_pin was not created.
    Warning (332035): No clocks found on or feeding the specified source node: bladerf_core:U_core|nios_system:U_nios_system|nios_system_peripheral_spi:peripheral_spi|SCLK_reg
Warning (332087): The master clock for this clock assignment could not be derived.  Clock: dac_sclk_pin was not created.
    Warning (332035): No clocks found on or feeding the specified source node: bladerf_core:U_core|nios_system:U_nios_system|nios_system_peripheral_spi:peripheral_spi|SCLK_reg
Warning (332087): The master clock for this clock assignment could not be derived.  Clock: adi_sclk_pin was not created.
    Warning (332035): No clocks found on or feeding the specified source node: bladerf_core:U_core|nios_system:U_nios_system|nios_system_rffe_spi:rffe_spi|SCLK_reg
Info (332097): The following timing edges are non-unate.  The Timing Analyzer will assume pos-unate behavior for these edges in the clock network.
    Info (332098): Cell: U_core|U_fx3_pll|altera_pll_i|general[0].gpll~FRACTIONAL_PLL  from: refclkin  to: fbclk
    Info (332098): Cell: U_core|U_fx3_pll|altera_pll_i|general[0].gpll~PLL_OUTPUT_COUNTER  from: vco0ph[0]  to: divclk
    Info (332098): Cell: U_core|U_fx3_pll|altera_pll_i|general[0].gpll~PLL_REFCLK_SELECT  from: clkin[1]  to: clkout
    Info (332098): Cell: U_core|U_nios_system|axi_ad9361_0|i_dev_if|i_rx|i_altlvds_rx|auto_generated|pll_ena~PLL_LVDS_OUTPUT  from: ccout[0]  to: lvdsclk
    Info (332098): Cell: U_core|U_nios_system|axi_ad9361_0|i_dev_if|i_rx|i_altlvds_rx|auto_generated|pll_ena~PLL_OUTPUT_COUNTER  from: vco0ph[0]  to: divclk
    Info (332098): Cell: U_core|U_nios_system|axi_ad9361_0|i_dev_if|i_rx|i_altlvds_rx|auto_generated|pll_fclk~PLL_OUTPUT_COUNTER  from: vco0ph[0]  to: divclk
    Info (332098): Cell: U_core|U_nios_system|axi_ad9361_0|i_dev_if|i_rx|i_altlvds_rx|auto_generated|pll_sclk~FRACTIONAL_PLL  from: refclkin  to: fbclk
    Info (332098): Cell: U_core|U_nios_system|axi_ad9361_0|i_dev_if|i_rx|i_altlvds_rx|auto_generated|pll_sclk~PLL_OUTPUT_COUNTER  from: vco0ph[0]  to: divclk
    Info (332098): Cell: U_core|U_nios_system|axi_ad9361_0|i_dev_if|i_rx|i_altlvds_rx|auto_generated|pll_sclk~PLL_REFCLK_SELECT  from: clkin[0]  to: clkout
    Info (332098): From: U_core|U_nios_system|nios2|cpu|the_nios_system_nios2_cpu_nios2_oci|the_nios_system_nios2_cpu_nios2_ocimem|nios_system_nios2_cpu_ociram_sp_ram|the_altsyncram|auto_generated|ram_block1a8|clk0  to: bladerf_core:U_core|nios_system:U_nios_system|nios_system_nios2:nios2|nios_system_nios2_cpu:cpu|nios_system_nios2_cpu_nios2_oci:the_nios_system_nios2_cpu_nios2_oci|nios_system_nios2_cpu_nios2_ocimem:the_nios_system_nios2_cpu_nios2_ocimem|nios_system_nios2_cpu_ociram_sp_ram_module:nios_system_nios2_cpu_ociram_sp_ram|altsyncram:the_altsyncram|altsyncram_qid1:auto_generated|ram_block1a8~CLOCK1_ENABLE1_0
    Info (332098): Cell: U_core|U_system_pll|altera_pll_i|general[0].gpll~FRACTIONAL_PLL  from: refclkin  to: fbclk
    Info (332098): Cell: U_core|U_system_pll|altera_pll_i|general[0].gpll~PLL_OUTPUT_COUNTER  from: vco0ph[0]  to: divclk
    Info (332098): Cell: U_core|U_system_pll|altera_pll_i|general[0].gpll~PLL_REFCLK_SELECT  from: clkin[0]  to: clkout
Info (332123): Deriving Clock Uncertainty. Please refer to report_sdc in the Timing Analyzer to see clock uncertainties.
ADC_XFER channel=0 source_bits=61 destination_bits=61
ADC_XFER channel=1 source_bits=61 destination_bits=61
ADC_XFER channel=2 source_bits=61 destination_bits=61
ADC_XFER channel=3 source_bits=61 destination_bits=61
Warning (332182): No path is found satisfying assignment "set_max_skew -from [get_clocks {pwr_scl_pin}] -to [get_ports {pwr_scl}] 0.200 ". This assignment will be ignored.
Warning (332182): No path is found satisfying assignment "set_max_skew -from [get_clocks {adf_sclk_pin}] -to [get_ports {adf_sclk}] 0.200 ". This assignment will be ignored.
Warning (332182): No path is found satisfying assignment "set_max_skew -from [get_clocks {dac_sclk_pin}] -to [get_ports {dac_sclk}] 0.200 ". This assignment will be ignored.
Warning (332182): No path is found satisfying assignment "set_max_skew -from [get_clocks {adi_sclk_pin}] -to [get_ports {adi_spi_sclk}] 0.200 ". This assignment will be ignored.
Info (332181): Report Max Skew: Found 168 paths (0 violated).  Worst case slack is 1.528
    Info (332181):  -detail path_only
    Info (332181):  -npaths 4
    Info (332181):  -stdout
Info (332115): Worst-case slack is 1.528 for "set_max_skew -from [get_keepers {*U_handshake_timestamp|source_holding[*]}] -to [get_keepers {*fx3_gpif:*|current.tx_ts_plus32[*]}] 6.400 "
    Info (332181): Skew for the Latest Arrival
        Info (332181): Path #1: Slack is 1.528 
            Info (332181): Latest Path Arrival
                Info (332115): From Node          : bladerf_core:U_core|handshake:U_handshake_timestamp|source_holding[26]
                Info (332115): To Node            : bladerf_core:U_core|fx3_gpif:U_fx3_gpif|current.tx_ts_plus32[62]
                Info (332115): Launch Clock       : U_core|U_nios_system|axi_ad9361_0|i_dev_if|i_rx|i_altlvds_rx|auto_generated|pll_sclk~PLL_OUTPUT_COUNTER|divclk
                Info (332115): Latch Clock        : U_core|U_fx3_pll|altera_pll_i|general[0].gpll~PLL_OUTPUT_COUNTER|divclk
                Info (332115): Data Arrival Time  : 11.478
                Info (332115): Clock Arrival Time : 3.513
                Info (332115): Relative Delay     : 7.965
                Info (332115): Data Arrival Path:
                Info (332115): Total (ns)  Incr (ns)     Type  Element
                Info (332115): ==========  ========= ==  ====  ===================================
                Info (332115):      6.333      6.333  R        clock network delay
                Info (332115):      6.333      0.000     uTco  bladerf_core:U_core|handshake:U_handshake_timestamp|source_holding[26]
                Info (332115):      6.333      0.000 FF  CELL  U_core|U_handshake_timestamp|source_holding[26]|q
                Info (332115):      8.899      2.566 FF    IC  U_core|U_fx3_gpif|Add1~77|datad
                Info (332115):      9.626      0.727 FF  CELL  U_core|U_fx3_gpif|Add1~77|cout
                Info (332115):      9.626      0.000 FF    IC  U_core|U_fx3_gpif|Add1~73|cin
                Info (332115):      9.626      0.000 FF  CELL  U_core|U_fx3_gpif|Add1~73|cout
                Info (332115):      9.626      0.000 FF    IC  U_core|U_fx3_gpif|Add1~69|cin
                Info (332115):      9.676      0.050 FF  CELL  U_core|U_fx3_gpif|Add1~69|cout
                Info (332115):      9.676      0.000 FF    IC  U_core|U_fx3_gpif|Add1~117|cin
                Info (332115):      9.676      0.000 FF  CELL  U_core|U_fx3_gpif|Add1~117|cout
                Info (332115):      9.676      0.000 FF    IC  U_core|U_fx3_gpif|Add1~113|cin
                Info (332115):      9.726      0.050 FF  CELL  U_core|U_fx3_gpif|Add1~113|cout
                Info (332115):      9.726      0.000 FF    IC  U_core|U_fx3_gpif|Add1~109|cin
                Info (332115):      9.726      0.000 FF  CELL  U_core|U_fx3_gpif|Add1~109|cout
                Info (332115):      9.726      0.000 FF    IC  U_core|U_fx3_gpif|Add1~93|cin
                Info (332115):      9.776      0.050 FF  CELL  U_core|U_fx3_gpif|Add1~93|cout
                Info (332115):      9.776      0.000 FF    IC  U_core|U_fx3_gpif|Add1~105|cin
                Info (332115):      9.776      0.000 FF  CELL  U_core|U_fx3_gpif|Add1~105|cout
                Info (332115):      9.776      0.000 FF    IC  U_core|U_fx3_gpif|Add1~101|cin
                Info (332115):      9.839      0.063 FF  CELL  U_core|U_fx3_gpif|Add1~101|cout
                Info (332115):      9.839      0.000 FF    IC  U_core|U_fx3_gpif|Add1~97|cin
                Info (332115):      9.839      0.000 FF  CELL  U_core|U_fx3_gpif|Add1~97|cout
                Info (332115):      9.839      0.000 FF    IC  U_core|U_fx3_gpif|Add1~145|cin
                Info (332115):      9.972      0.133 FF  CELL  U_core|U_fx3_gpif|Add1~145|cout
                Info (332115):      9.972      0.000 FF    IC  U_core|U_fx3_gpif|Add1~141|cin
                Info (332115):      9.972      0.000 FF  CELL  U_core|U_fx3_gpif|Add1~141|cout
                Info (332115):      9.972      0.000 FF    IC  U_core|U_fx3_gpif|Add1~137|cin
                Info (332115):     10.022      0.050 FF  CELL  U_core|U_fx3_gpif|Add1~137|cout
                Info (332115):     10.022      0.000 FF    IC  U_core|U_fx3_gpif|Add1~121|cin
                Info (332115):     10.022      0.000 FF  CELL  U_core|U_fx3_gpif|Add1~121|cout
                Info (332115):     10.022      0.000 FF    IC  U_core|U_fx3_gpif|Add1~133|cin
                Info (332115):     10.072      0.050 FF  CELL  U_core|U_fx3_gpif|Add1~133|cout
                Info (332115):     10.072      0.000 FF    IC  U_core|U_fx3_gpif|Add1~129|cin
                Info (332115):     10.072      0.000 FF  CELL  U_core|U_fx3_gpif|Add1~129|cout
                Info (332115):     10.072      0.000 FF    IC  U_core|U_fx3_gpif|Add1~125|cin
                Info (332115):     10.122      0.050 FF  CELL  U_core|U_fx3_gpif|Add1~125|cout
                Info (332115):     10.122      0.000 FF    IC  U_core|U_fx3_gpif|Add1~173|cin
                Info (332115):     10.122      0.000 FF  CELL  U_core|U_fx3_gpif|Add1~173|cout
                Info (332115):     10.122      0.000 FF    IC  U_core|U_fx3_gpif|Add1~169|cin
                Info (332115):     10.171      0.049 FF  CELL  U_core|U_fx3_gpif|Add1~169|cout
                Info (332115):     10.171      0.000 FF    IC  U_core|U_fx3_gpif|Add1~165|cin
                Info (332115):     10.171      0.000 FF  CELL  U_core|U_fx3_gpif|Add1~165|cout
                Info (332115):     10.171      0.000 FF    IC  U_core|U_fx3_gpif|Add1~149|cin
                Info (332115):     10.309      0.138 FF  CELL  U_core|U_fx3_gpif|Add1~149|cout
                Info (332115):     10.309      0.000 FF    IC  U_core|U_fx3_gpif|Add1~161|cin
                Info (332115):     10.309      0.000 FF  CELL  U_core|U_fx3_gpif|Add1~161|cout
                Info (332115):     10.309      0.000 FF    IC  U_core|U_fx3_gpif|Add1~157|cin
                Info (332115):     10.359      0.050 FF  CELL  U_core|U_fx3_gpif|Add1~157|cout
                Info (332115):     10.359      0.000 FF    IC  U_core|U_fx3_gpif|Add1~153|cin
                Info (332115):     10.359      0.000 FF  CELL  U_core|U_fx3_gpif|Add1~153|cout
                Info (332115):     10.359      0.000 FF    IC  U_core|U_fx3_gpif|Add1~201|cin
                Info (332115):     10.409      0.050 FF  CELL  U_core|U_fx3_gpif|Add1~201|cout
                Info (332115):     10.409      0.000 FF    IC  U_core|U_fx3_gpif|Add1~197|cin
                Info (332115):     10.409      0.000 FF  CELL  U_core|U_fx3_gpif|Add1~197|cout
                Info (332115):     10.409      0.000 FF    IC  U_core|U_fx3_gpif|Add1~193|cin
                Info (332115):     10.459      0.050 FF  CELL  U_core|U_fx3_gpif|Add1~193|cout
                Info (332115):     10.459      0.000 FF    IC  U_core|U_fx3_gpif|Add1~177|cin
                Info (332115):     10.459      0.000 FF  CELL  U_core|U_fx3_gpif|Add1~177|cout
                Info (332115):     10.459      0.000 FF    IC  U_core|U_fx3_gpif|Add1~189|cin
                Info (332115):     10.522      0.063 FF  CELL  U_core|U_fx3_gpif|Add1~189|cout
                Info (332115):     10.522      0.000 FF    IC  U_core|U_fx3_gpif|Add1~185|cin
                Info (332115):     10.522      0.000 FF  CELL  U_core|U_fx3_gpif|Add1~185|cout
                Info (332115):     10.522      0.000 FF    IC  U_core|U_fx3_gpif|Add1~181|cin
                Info (332115):     10.655      0.133 FF  CELL  U_core|U_fx3_gpif|Add1~181|cout
                Info (332115):     10.655      0.000 FF    IC  U_core|U_fx3_gpif|Add1~209|cin
                Info (332115):     10.655      0.000 FF  CELL  U_core|U_fx3_gpif|Add1~209|cout
                Info (332115):     10.655      0.000 FF    IC  U_core|U_fx3_gpif|Add1~205|cin
                Info (332115):     10.705      0.050 FF  CELL  U_core|U_fx3_gpif|Add1~205|cout
                Info (332115):     10.705      0.000 FF    IC  U_core|U_fx3_gpif|Add1~229|cin
                Info (332115):     10.705      0.000 FF  CELL  U_core|U_fx3_gpif|Add1~229|cout
                Info (332115):     10.705      0.000 FF    IC  U_core|U_fx3_gpif|Add1~225|cin
                Info (332115):     10.755      0.050 FF  CELL  U_core|U_fx3_gpif|Add1~225|cout
                Info (332115):     10.755      0.000 FF    IC  U_core|U_fx3_gpif|Add1~221|cin
                Info (332115):     10.755      0.000 FF  CELL  U_core|U_fx3_gpif|Add1~221|cout
                Info (332115):     10.755      0.000 FF    IC  U_core|U_fx3_gpif|Add1~217|cin
                Info (332115):     11.170      0.415 FF  CELL  U_core|U_fx3_gpif|Add1~217|sumout
                Info (332115):     11.170      0.000 FF    IC  U_core|U_fx3_gpif|current.tx_ts_plus32[62]|d
                Info (332115):     11.478      0.308 FF  CELL  bladerf_core:U_core|fx3_gpif:U_fx3_gpif|current.tx_ts_plus32[62]
                Info (332115): Clock Arrival Path:
                Info (332115): Total (ns)  Incr (ns)     Type  Element
                Info (332115): ==========  ========= ==  ====  ===================================
                Info (332115):      3.633      3.633  R        clock network delay
                Info (332115):      3.513     -0.120           clock uncertainty
                Info (332115):      3.513      0.000     uTsu  bladerf_core:U_core|fx3_gpif:U_fx3_gpif|current.tx_ts_plus32[62]
            Info (332181): Earliest Path Arrival
                Info (332115): From Node          : bladerf_core:U_core|handshake:U_handshake_timestamp|source_holding[6]
                Info (332115): To Node            : bladerf_core:U_core|fx3_gpif:U_fx3_gpif|current.tx_ts_plus32[6]
                Info (332115): Launch Clock       : U_core|U_nios_system|axi_ad9361_0|i_dev_if|i_rx|i_altlvds_rx|auto_generated|pll_sclk~PLL_OUTPUT_COUNTER|divclk
                Info (332115): Latch Clock        : U_core|U_fx3_pll|altera_pll_i|general[0].gpll~PLL_OUTPUT_COUNTER|divclk
                Info (332115): Data Arrival Time  : 5.530
                Info (332115): Clock Arrival Time : 5.202
                Info (332115): Relative Delay     : 0.328
                Info (332115): Data Arrival Path:
                Info (332115): Total (ns)  Incr (ns)     Type  Element
                Info (332115): ==========  ========= ==  ====  ===================================
                Info (332115):      4.764      4.764  R        clock network delay
                Info (332115):      4.764      0.000     uTco  bladerf_core:U_core|handshake:U_handshake_timestamp|source_holding[6]
                Info (332115):      4.764      0.000 RR  CELL  U_core|U_handshake_timestamp|source_holding[6]|q
                Info (332115):      5.213      0.449 RR    IC  U_core|U_fx3_gpif|Add1~5|datad
                Info (332115):      5.455      0.242 RR  CELL  U_core|U_fx3_gpif|Add1~5|sumout
                Info (332115):      5.455      0.000 RR    IC  U_core|U_fx3_gpif|current.tx_ts_plus32[6]|d
                Info (332115):      5.530      0.075 RR  CELL  bladerf_core:U_core|fx3_gpif:U_fx3_gpif|current.tx_ts_plus32[6]
                Info (332115): Clock Arrival Path:
                Info (332115): Total (ns)  Incr (ns)     Type  Element
                Info (332115): ==========  ========= ==  ====  ===================================
                Info (332115):      5.082      5.082  R        clock network delay
                Info (332115):      5.202      0.120           clock uncertainty
                Info (332115):      5.202      0.000      uTh  bladerf_core:U_core|fx3_gpif:U_fx3_gpif|current.tx_ts_plus32[6]
            Info (332181): Cross Path Clock Pessimism Removed : 2.765
            Info (332181): Required Skew   : 6.400
            Info (332181): Actual Skew     : 4.872
            Info (332181): Slack           : 1.528
        Info (332181): Path #2: Slack is 1.561 
            Info (332181): Latest Path Arrival
                Info (332115): From Node          : bladerf_core:U_core|handshake:U_handshake_timestamp|source_holding[26]
                Info (332115): To Node            : bladerf_core:U_core|fx3_gpif:U_fx3_gpif|current.tx_ts_plus32[60]
                Info (332115): Launch Clock       : U_core|U_nios_system|axi_ad9361_0|i_dev_if|i_rx|i_altlvds_rx|auto_generated|pll_sclk~PLL_OUTPUT_COUNTER|divclk
                Info (332115): Latch Clock        : U_core|U_fx3_pll|altera_pll_i|general[0].gpll~PLL_OUTPUT_COUNTER|divclk
                Info (332115): Data Arrival Time  : 11.445
                Info (332115): Clock Arrival Time : 3.513
                Info (332115): Relative Delay     : 7.932
                Info (332115): Data Arrival Path:
                Info (332115): Total (ns)  Incr (ns)     Type  Element
                Info (332115): ==========  ========= ==  ====  ===================================
                Info (332115):      6.333      6.333  R        clock network delay
                Info (332115):      6.333      0.000     uTco  bladerf_core:U_core|handshake:U_handshake_timestamp|source_holding[26]
                Info (332115):      6.333      0.000 FF  CELL  U_core|U_handshake_timestamp|source_holding[26]|q
                Info (332115):      8.899      2.566 FF    IC  U_core|U_fx3_gpif|Add1~77|datad
                Info (332115):      9.626      0.727 FF  CELL  U_core|U_fx3_gpif|Add1~77|cout
                Info (332115):      9.626      0.000 FF    IC  U_core|U_fx3_gpif|Add1~73|cin
                Info (332115):      9.626      0.000 FF  CELL  U_core|U_fx3_gpif|Add1~73|cout
                Info (332115):      9.626      0.000 FF    IC  U_core|U_fx3_gpif|Add1~69|cin
                Info (332115):      9.676      0.050 FF  CELL  U_core|U_fx3_gpif|Add1~69|cout
                Info (332115):      9.676      0.000 FF    IC  U_core|U_fx3_gpif|Add1~117|cin
                Info (332115):      9.676      0.000 FF  CELL  U_core|U_fx3_gpif|Add1~117|cout
                Info (332115):      9.676      0.000 FF    IC  U_core|U_fx3_gpif|Add1~113|cin
                Info (332115):      9.726      0.050 FF  CELL  U_core|U_fx3_gpif|Add1~113|cout
                Info (332115):      9.726      0.000 FF    IC  U_core|U_fx3_gpif|Add1~109|cin
                Info (332115):      9.726      0.000 FF  CELL  U_core|U_fx3_gpif|Add1~109|cout
                Info (332115):      9.726      0.000 FF    IC  U_core|U_fx3_gpif|Add1~93|cin
                Info (332115):      9.776      0.050 FF  CELL  U_core|U_fx3_gpif|Add1~93|cout
                Info (332115):      9.776      0.000 FF    IC  U_core|U_fx3_gpif|Add1~105|cin
                Info (332115):      9.776      0.000 FF  CELL  U_core|U_fx3_gpif|Add1~105|cout
                Info (332115):      9.776      0.000 FF    IC  U_core|U_fx3_gpif|Add1~101|cin
                Info (332115):      9.839      0.063 FF  CELL  U_core|U_fx3_gpif|Add1~101|cout
                Info (332115):      9.839      0.000 FF    IC  U_core|U_fx3_gpif|Add1~97|cin
                Info (332115):      9.839      0.000 FF  CELL  U_core|U_fx3_gpif|Add1~97|cout
                Info (332115):      9.839      0.000 FF    IC  U_core|U_fx3_gpif|Add1~145|cin
                Info (332115):      9.972      0.133 FF  CELL  U_core|U_fx3_gpif|Add1~145|cout
                Info (332115):      9.972      0.000 FF    IC  U_core|U_fx3_gpif|Add1~141|cin
                Info (332115):      9.972      0.000 FF  CELL  U_core|U_fx3_gpif|Add1~141|cout
                Info (332115):      9.972      0.000 FF    IC  U_core|U_fx3_gpif|Add1~137|cin
                Info (332115):     10.022      0.050 FF  CELL  U_core|U_fx3_gpif|Add1~137|cout
                Info (332115):     10.022      0.000 FF    IC  U_core|U_fx3_gpif|Add1~121|cin
                Info (332115):     10.022      0.000 FF  CELL  U_core|U_fx3_gpif|Add1~121|cout
                Info (332115):     10.022      0.000 FF    IC  U_core|U_fx3_gpif|Add1~133|cin
                Info (332115):     10.072      0.050 FF  CELL  U_core|U_fx3_gpif|Add1~133|cout
                Info (332115):     10.072      0.000 FF    IC  U_core|U_fx3_gpif|Add1~129|cin
                Info (332115):     10.072      0.000 FF  CELL  U_core|U_fx3_gpif|Add1~129|cout
                Info (332115):     10.072      0.000 FF    IC  U_core|U_fx3_gpif|Add1~125|cin
                Info (332115):     10.122      0.050 FF  CELL  U_core|U_fx3_gpif|Add1~125|cout
                Info (332115):     10.122      0.000 FF    IC  U_core|U_fx3_gpif|Add1~173|cin
                Info (332115):     10.122      0.000 FF  CELL  U_core|U_fx3_gpif|Add1~173|cout
                Info (332115):     10.122      0.000 FF    IC  U_core|U_fx3_gpif|Add1~169|cin
                Info (332115):     10.171      0.049 FF  CELL  U_core|U_fx3_gpif|Add1~169|cout
                Info (332115):     10.171      0.000 FF    IC  U_core|U_fx3_gpif|Add1~165|cin
                Info (332115):     10.171      0.000 FF  CELL  U_core|U_fx3_gpif|Add1~165|cout
                Info (332115):     10.171      0.000 FF    IC  U_core|U_fx3_gpif|Add1~149|cin
                Info (332115):     10.309      0.138 FF  CELL  U_core|U_fx3_gpif|Add1~149|cout
                Info (332115):     10.309      0.000 FF    IC  U_core|U_fx3_gpif|Add1~161|cin
                Info (332115):     10.309      0.000 FF  CELL  U_core|U_fx3_gpif|Add1~161|cout
                Info (332115):     10.309      0.000 FF    IC  U_core|U_fx3_gpif|Add1~157|cin
                Info (332115):     10.359      0.050 FF  CELL  U_core|U_fx3_gpif|Add1~157|cout
                Info (332115):     10.359      0.000 FF    IC  U_core|U_fx3_gpif|Add1~153|cin
                Info (332115):     10.359      0.000 FF  CELL  U_core|U_fx3_gpif|Add1~153|cout
                Info (332115):     10.359      0.000 FF    IC  U_core|U_fx3_gpif|Add1~201|cin
                Info (332115):     10.409      0.050 FF  CELL  U_core|U_fx3_gpif|Add1~201|cout
                Info (332115):     10.409      0.000 FF    IC  U_core|U_fx3_gpif|Add1~197|cin
                Info (332115):     10.409      0.000 FF  CELL  U_core|U_fx3_gpif|Add1~197|cout
                Info (332115):     10.409      0.000 FF    IC  U_core|U_fx3_gpif|Add1~193|cin
                Info (332115):     10.459      0.050 FF  CELL  U_core|U_fx3_gpif|Add1~193|cout
                Info (332115):     10.459      0.000 FF    IC  U_core|U_fx3_gpif|Add1~177|cin
                Info (332115):     10.459      0.000 FF  CELL  U_core|U_fx3_gpif|Add1~177|cout
                Info (332115):     10.459      0.000 FF    IC  U_core|U_fx3_gpif|Add1~189|cin
                Info (332115):     10.522      0.063 FF  CELL  U_core|U_fx3_gpif|Add1~189|cout
                Info (332115):     10.522      0.000 FF    IC  U_core|U_fx3_gpif|Add1~185|cin
                Info (332115):     10.522      0.000 FF  CELL  U_core|U_fx3_gpif|Add1~185|cout
                Info (332115):     10.522      0.000 FF    IC  U_core|U_fx3_gpif|Add1~181|cin
                Info (332115):     10.655      0.133 FF  CELL  U_core|U_fx3_gpif|Add1~181|cout
                Info (332115):     10.655      0.000 FF    IC  U_core|U_fx3_gpif|Add1~209|cin
                Info (332115):     10.655      0.000 FF  CELL  U_core|U_fx3_gpif|Add1~209|cout
                Info (332115):     10.655      0.000 FF    IC  U_core|U_fx3_gpif|Add1~205|cin
                Info (332115):     10.705      0.050 FF  CELL  U_core|U_fx3_gpif|Add1~205|cout
                Info (332115):     10.705      0.000 FF    IC  U_core|U_fx3_gpif|Add1~229|cin
                Info (332115):     10.705      0.000 FF  CELL  U_core|U_fx3_gpif|Add1~229|cout
                Info (332115):     10.705      0.000 FF    IC  U_core|U_fx3_gpif|Add1~225|cin
                Info (332115):     11.138      0.433 FR  CELL  U_core|U_fx3_gpif|Add1~225|sumout
                Info (332115):     11.138      0.000 RR    IC  U_core|U_fx3_gpif|current.tx_ts_plus32[60]|d
                Info (332115):     11.445      0.307 RR  CELL  bladerf_core:U_core|fx3_gpif:U_fx3_gpif|current.tx_ts_plus32[60]
                Info (332115): Clock Arrival Path:
                Info (332115): Total (ns)  Incr (ns)     Type  Element
                Info (332115): ==========  ========= ==  ====  ===================================
                Info (332115):      3.633      3.633  R        clock network delay
                Info (332115):      3.513     -0.120           clock uncertainty
                Info (332115):      3.513      0.000     uTsu  bladerf_core:U_core|fx3_gpif:U_fx3_gpif|current.tx_ts_plus32[60]
            Info (332181): Earliest Path Arrival
                Info (332115): From Node          : bladerf_core:U_core|handshake:U_handshake_timestamp|source_holding[6]
                Info (332115): To Node            : bladerf_core:U_core|fx3_gpif:U_fx3_gpif|current.tx_ts_plus32[6]
                Info (332115): Launch Clock       : U_core|U_nios_system|axi_ad9361_0|i_dev_if|i_rx|i_altlvds_rx|auto_generated|pll_sclk~PLL_OUTPUT_COUNTER|divclk
                Info (332115): Latch Clock        : U_core|U_fx3_pll|altera_pll_i|general[0].gpll~PLL_OUTPUT_COUNTER|divclk
                Info (332115): Data Arrival Time  : 5.530
                Info (332115): Clock Arrival Time : 5.202
                Info (332115): Relative Delay     : 0.328
                Info (332115): Data Arrival Path:
                Info (332115): Total (ns)  Incr (ns)     Type  Element
                Info (332115): ==========  ========= ==  ====  ===================================
                Info (332115):      4.764      4.764  R        clock network delay
                Info (332115):      4.764      0.000     uTco  bladerf_core:U_core|handshake:U_handshake_timestamp|source_holding[6]
                Info (332115):      4.764      0.000 RR  CELL  U_core|U_handshake_timestamp|source_holding[6]|q
                Info (332115):      5.213      0.449 RR    IC  U_core|U_fx3_gpif|Add1~5|datad
                Info (332115):      5.455      0.242 RR  CELL  U_core|U_fx3_gpif|Add1~5|sumout
                Info (332115):      5.455      0.000 RR    IC  U_core|U_fx3_gpif|current.tx_ts_plus32[6]|d
                Info (332115):      5.530      0.075 RR  CELL  bladerf_core:U_core|fx3_gpif:U_fx3_gpif|current.tx_ts_plus32[6]
                Info (332115): Clock Arrival Path:
                Info (332115): Total (ns)  Incr (ns)     Type  Element
                Info (332115): ==========  ========= ==  ====  ===================================
                Info (332115):      5.082      5.082  R        clock network delay
                Info (332115):      5.202      0.120           clock uncertainty
                Info (332115):      5.202      0.000      uTh  bladerf_core:U_core|fx3_gpif:U_fx3_gpif|current.tx_ts_plus32[6]
            Info (332181): Cross Path Clock Pessimism Removed : 2.765
            Info (332181): Required Skew   : 6.400
            Info (332181): Actual Skew     : 4.839
            Info (332181): Slack           : 1.561
        Info (332181): Path #3: Slack is 1.573 
            Info (332181): Latest Path Arrival
                Info (332115): From Node          : bladerf_core:U_core|handshake:U_handshake_timestamp|source_holding[23]
                Info (332115): To Node            : bladerf_core:U_core|fx3_gpif:U_fx3_gpif|current.tx_ts_plus32[62]
                Info (332115): Launch Clock       : U_core|U_nios_system|axi_ad9361_0|i_dev_if|i_rx|i_altlvds_rx|auto_generated|pll_sclk~PLL_OUTPUT_COUNTER|divclk
                Info (332115): Latch Clock        : U_core|U_fx3_pll|altera_pll_i|general[0].gpll~PLL_OUTPUT_COUNTER|divclk
                Info (332115): Data Arrival Time  : 11.458
                Info (332115): Clock Arrival Time : 3.513
                Info (332115): Relative Delay     : 7.945
                Info (332115): Data Arrival Path:
                Info (332115): Total (ns)  Incr (ns)     Type  Element
                Info (332115): ==========  ========= ==  ====  ===================================
                Info (332115):      6.357      6.357  R        clock network delay
                Info (332115):      6.357      0.000     uTco  bladerf_core:U_core|handshake:U_handshake_timestamp|source_holding[23]
                Info (332115):      6.357      0.000 FF  CELL  U_core|U_handshake_timestamp|source_holding[23]|q
                Info (332115):      8.230      1.873 FF    IC  U_core|U_fx3_gpif|Add1~85|dataa
                Info (332115):      9.419      1.189 FF  CELL  U_core|U_fx3_gpif|Add1~85|cout
                Info (332115):      9.419      0.000 FF    IC  U_core|U_fx3_gpif|Add1~81|cin
                Info (332115):      9.468      0.049 FF  CELL  U_core|U_fx3_gpif|Add1~81|cout
                Info (332115):      9.468      0.000 FF    IC  U_core|U_fx3_gpif|Add1~65|cin
                Info (332115):      9.468      0.000 FF  CELL  U_core|U_fx3_gpif|Add1~65|cout
                Info (332115):      9.468      0.000 FF    IC  U_core|U_fx3_gpif|Add1~77|cin
                Info (332115):      9.606      0.138 FF  CELL  U_core|U_fx3_gpif|Add1~77|cout
                Info (332115):      9.606      0.000 FF    IC  U_core|U_fx3_gpif|Add1~73|cin
                Info (332115):      9.606      0.000 FF  CELL  U_core|U_fx3_gpif|Add1~73|cout
                Info (332115):      9.606      0.000 FF    IC  U_core|U_fx3_gpif|Add1~69|cin
                Info (332115):      9.656      0.050 FF  CELL  U_core|U_fx3_gpif|Add1~69|cout
                Info (332115):      9.656      0.000 FF    IC  U_core|U_fx3_gpif|Add1~117|cin
                Info (332115):      9.656      0.000 FF  CELL  U_core|U_fx3_gpif|Add1~117|cout
                Info (332115):      9.656      0.000 FF    IC  U_core|U_fx3_gpif|Add1~113|cin
                Info (332115):      9.706      0.050 FF  CELL  U_core|U_fx3_gpif|Add1~113|cout
                Info (332115):      9.706      0.000 FF    IC  U_core|U_fx3_gpif|Add1~109|cin
                Info (332115):      9.706      0.000 FF  CELL  U_core|U_fx3_gpif|Add1~109|cout
                Info (332115):      9.706      0.000 FF    IC  U_core|U_fx3_gpif|Add1~93|cin
                Info (332115):      9.756      0.050 FF  CELL  U_core|U_fx3_gpif|Add1~93|cout
                Info (332115):      9.756      0.000 FF    IC  U_core|U_fx3_gpif|Add1~105|cin
                Info (332115):      9.756      0.000 FF  CELL  U_core|U_fx3_gpif|Add1~105|cout
                Info (332115):      9.756      0.000 FF    IC  U_core|U_fx3_gpif|Add1~101|cin
                Info (332115):      9.819      0.063 FF  CELL  U_core|U_fx3_gpif|Add1~101|cout
                Info (332115):      9.819      0.000 FF    IC  U_core|U_fx3_gpif|Add1~97|cin
                Info (332115):      9.819      0.000 FF  CELL  U_core|U_fx3_gpif|Add1~97|cout
                Info (332115):      9.819      0.000 FF    IC  U_core|U_fx3_gpif|Add1~145|cin
                Info (332115):      9.952      0.133 FF  CELL  U_core|U_fx3_gpif|Add1~145|cout
                Info (332115):      9.952      0.000 FF    IC  U_core|U_fx3_gpif|Add1~141|cin
                Info (332115):      9.952      0.000 FF  CELL  U_core|U_fx3_gpif|Add1~141|cout
                Info (332115):      9.952      0.000 FF    IC  U_core|U_fx3_gpif|Add1~137|cin
                Info (332115):     10.002      0.050 FF  CELL  U_core|U_fx3_gpif|Add1~137|cout
                Info (332115):     10.002      0.000 FF    IC  U_core|U_fx3_gpif|Add1~121|cin
                Info (332115):     10.002      0.000 FF  CELL  U_core|U_fx3_gpif|Add1~121|cout
                Info (332115):     10.002      0.000 FF    IC  U_core|U_fx3_gpif|Add1~133|cin
                Info (332115):     10.052      0.050 FF  CELL  U_core|U_fx3_gpif|Add1~133|cout
                Info (332115):     10.052      0.000 FF    IC  U_core|U_fx3_gpif|Add1~129|cin
                Info (332115):     10.052      0.000 FF  CELL  U_core|U_fx3_gpif|Add1~129|cout
                Info (332115):     10.052      0.000 FF    IC  U_core|U_fx3_gpif|Add1~125|cin
                Info (332115):     10.102      0.050 FF  CELL  U_core|U_fx3_gpif|Add1~125|cout
                Info (332115):     10.102      0.000 FF    IC  U_core|U_fx3_gpif|Add1~173|cin
                Info (332115):     10.102      0.000 FF  CELL  U_core|U_fx3_gpif|Add1~173|cout
                Info (332115):     10.102      0.000 FF    IC  U_core|U_fx3_gpif|Add1~169|cin
                Info (332115):     10.151      0.049 FF  CELL  U_core|U_fx3_gpif|Add1~169|cout
                Info (332115):     10.151      0.000 FF    IC  U_core|U_fx3_gpif|Add1~165|cin
                Info (332115):     10.151      0.000 FF  CELL  U_core|U_fx3_gpif|Add1~165|cout
                Info (332115):     10.151      0.000 FF    IC  U_core|U_fx3_gpif|Add1~149|cin
                Info (332115):     10.289      0.138 FF  CELL  U_core|U_fx3_gpif|Add1~149|cout
                Info (332115):     10.289      0.000 FF    IC  U_core|U_fx3_gpif|Add1~161|cin
                Info (332115):     10.289      0.000 FF  CELL  U_core|U_fx3_gpif|Add1~161|cout
                Info (332115):     10.289      0.000 FF    IC  U_core|U_fx3_gpif|Add1~157|cin
                Info (332115):     10.339      0.050 FF  CELL  U_core|U_fx3_gpif|Add1~157|cout
                Info (332115):     10.339      0.000 FF    IC  U_core|U_fx3_gpif|Add1~153|cin
                Info (332115):     10.339      0.000 FF  CELL  U_core|U_fx3_gpif|Add1~153|cout
                Info (332115):     10.339      0.000 FF    IC  U_core|U_fx3_gpif|Add1~201|cin
                Info (332115):     10.389      0.050 FF  CELL  U_core|U_fx3_gpif|Add1~201|cout
                Info (332115):     10.389      0.000 FF    IC  U_core|U_fx3_gpif|Add1~197|cin
                Info (332115):     10.389      0.000 FF  CELL  U_core|U_fx3_gpif|Add1~197|cout
                Info (332115):     10.389      0.000 FF    IC  U_core|U_fx3_gpif|Add1~193|cin
                Info (332115):     10.439      0.050 FF  CELL  U_core|U_fx3_gpif|Add1~193|cout
                Info (332115):     10.439      0.000 FF    IC  U_core|U_fx3_gpif|Add1~177|cin
                Info (332115):     10.439      0.000 FF  CELL  U_core|U_fx3_gpif|Add1~177|cout
                Info (332115):     10.439      0.000 FF    IC  U_core|U_fx3_gpif|Add1~189|cin
                Info (332115):     10.502      0.063 FF  CELL  U_core|U_fx3_gpif|Add1~189|cout
                Info (332115):     10.502      0.000 FF    IC  U_core|U_fx3_gpif|Add1~185|cin
                Info (332115):     10.502      0.000 FF  CELL  U_core|U_fx3_gpif|Add1~185|cout
                Info (332115):     10.502      0.000 FF    IC  U_core|U_fx3_gpif|Add1~181|cin
                Info (332115):     10.635      0.133 FF  CELL  U_core|U_fx3_gpif|Add1~181|cout
                Info (332115):     10.635      0.000 FF    IC  U_core|U_fx3_gpif|Add1~209|cin
                Info (332115):     10.635      0.000 FF  CELL  U_core|U_fx3_gpif|Add1~209|cout
                Info (332115):     10.635      0.000 FF    IC  U_core|U_fx3_gpif|Add1~205|cin
                Info (332115):     10.685      0.050 FF  CELL  U_core|U_fx3_gpif|Add1~205|cout
                Info (332115):     10.685      0.000 FF    IC  U_core|U_fx3_gpif|Add1~229|cin
                Info (332115):     10.685      0.000 FF  CELL  U_core|U_fx3_gpif|Add1~229|cout
                Info (332115):     10.685      0.000 FF    IC  U_core|U_fx3_gpif|Add1~225|cin
                Info (332115):     10.735      0.050 FF  CELL  U_core|U_fx3_gpif|Add1~225|cout
                Info (332115):     10.735      0.000 FF    IC  U_core|U_fx3_gpif|Add1~221|cin
                Info (332115):     10.735      0.000 FF  CELL  U_core|U_fx3_gpif|Add1~221|cout
                Info (332115):     10.735      0.000 FF    IC  U_core|U_fx3_gpif|Add1~217|cin
                Info (332115):     11.150      0.415 FF  CELL  U_core|U_fx3_gpif|Add1~217|sumout
                Info (332115):     11.150      0.000 FF    IC  U_core|U_fx3_gpif|current.tx_ts_plus32[62]|d
                Info (332115):     11.458      0.308 FF  CELL  bladerf_core:U_core|fx3_gpif:U_fx3_gpif|current.tx_ts_plus32[62]
                Info (332115): Clock Arrival Path:
                Info (332115): Total (ns)  Incr (ns)     Type  Element
                Info (332115): ==========  ========= ==  ====  ===================================
                Info (332115):      3.633      3.633  R        clock network delay
                Info (332115):      3.513     -0.120           clock uncertainty
                Info (332115):      3.513      0.000     uTsu  bladerf_core:U_core|fx3_gpif:U_fx3_gpif|current.tx_ts_plus32[62]
            Info (332181): Earliest Path Arrival
                Info (332115): From Node          : bladerf_core:U_core|handshake:U_handshake_timestamp|source_holding[6]
                Info (332115): To Node            : bladerf_core:U_core|fx3_gpif:U_fx3_gpif|current.tx_ts_plus32[6]
                Info (332115): Launch Clock       : U_core|U_nios_system|axi_ad9361_0|i_dev_if|i_rx|i_altlvds_rx|auto_generated|pll_sclk~PLL_OUTPUT_COUNTER|divclk
                Info (332115): Latch Clock        : U_core|U_fx3_pll|altera_pll_i|general[0].gpll~PLL_OUTPUT_COUNTER|divclk
                Info (332115): Data Arrival Time  : 5.530
                Info (332115): Clock Arrival Time : 5.202
                Info (332115): Relative Delay     : 0.328
                Info (332115): Data Arrival Path:
                Info (332115): Total (ns)  Incr (ns)     Type  Element
                Info (332115): ==========  ========= ==  ====  ===================================
                Info (332115):      4.764      4.764  R        clock network delay
                Info (332115):      4.764      0.000     uTco  bladerf_core:U_core|handshake:U_handshake_timestamp|source_holding[6]
                Info (332115):      4.764      0.000 RR  CELL  U_core|U_handshake_timestamp|source_holding[6]|q
                Info (332115):      5.213      0.449 RR    IC  U_core|U_fx3_gpif|Add1~5|datad
                Info (332115):      5.455      0.242 RR  CELL  U_core|U_fx3_gpif|Add1~5|sumout
                Info (332115):      5.455      0.000 RR    IC  U_core|U_fx3_gpif|current.tx_ts_plus32[6]|d
                Info (332115):      5.530      0.075 RR  CELL  bladerf_core:U_core|fx3_gpif:U_fx3_gpif|current.tx_ts_plus32[6]
                Info (332115): Clock Arrival Path:
                Info (332115): Total (ns)  Incr (ns)     Type  Element
                Info (332115): ==========  ========= ==  ====  ===================================
                Info (332115):      5.082      5.082  R        clock network delay
                Info (332115):      5.202      0.120           clock uncertainty
                Info (332115):      5.202      0.000      uTh  bladerf_core:U_core|fx3_gpif:U_fx3_gpif|current.tx_ts_plus32[6]
            Info (332181): Cross Path Clock Pessimism Removed : 2.790
            Info (332181): Required Skew   : 6.400
            Info (332181): Actual Skew     : 4.827
            Info (332181): Slack           : 1.573
        Info (332181): Path #4: Slack is 1.579 
            Info (332181): Latest Path Arrival
                Info (332115): From Node          : bladerf_core:U_core|handshake:U_handshake_timestamp|source_holding[14]
                Info (332115): To Node            : bladerf_core:U_core|fx3_gpif:U_fx3_gpif|current.tx_ts_plus32[62]
                Info (332115): Launch Clock       : U_core|U_nios_system|axi_ad9361_0|i_dev_if|i_rx|i_altlvds_rx|auto_generated|pll_sclk~PLL_OUTPUT_COUNTER|divclk
                Info (332115): Latch Clock        : U_core|U_fx3_pll|altera_pll_i|general[0].gpll~PLL_OUTPUT_COUNTER|divclk
                Info (332115): Data Arrival Time  : 11.452
                Info (332115): Clock Arrival Time : 3.513
                Info (332115): Relative Delay     : 7.939
                Info (332115): Data Arrival Path:
                Info (332115): Total (ns)  Incr (ns)     Type  Element
                Info (332115): ==========  ========= ==  ====  ===================================
                Info (332115):      6.351      6.351  R        clock network delay
                Info (332115):      6.351      0.000     uTco  bladerf_core:U_core|handshake:U_handshake_timestamp|source_holding[14]
                Info (332115):      6.351      0.000 FF  CELL  U_core|U_handshake_timestamp|source_holding[14]|q
                Info (332115):      7.945      1.594 FF    IC  U_core|U_fx3_gpif|Add1~13|datab
                Info (332115):      9.130      1.185 FF  CELL  U_core|U_fx3_gpif|Add1~13|cout
                Info (332115):      9.130      0.000 FF    IC  U_core|U_fx3_gpif|Add1~61|cin
                Info (332115):      9.130      0.000 FF  CELL  U_core|U_fx3_gpif|Add1~61|cout
                Info (332115):      9.130      0.000 FF    IC  U_core|U_fx3_gpif|Add1~57|cin
                Info (332115):      9.263      0.133 FF  CELL  U_core|U_fx3_gpif|Add1~57|cout
                Info (332115):      9.263      0.000 FF    IC  U_core|U_fx3_gpif|Add1~53|cin
                Info (332115):      9.263      0.000 FF  CELL  U_core|U_fx3_gpif|Add1~53|cout
                Info (332115):      9.263      0.000 FF    IC  U_core|U_fx3_gpif|Add1~37|cin
                Info (332115):      9.313      0.050 FF  CELL  U_core|U_fx3_gpif|Add1~37|cout
                Info (332115):      9.313      0.000 FF    IC  U_core|U_fx3_gpif|Add1~49|cin
                Info (332115):      9.313      0.000 FF  CELL  U_core|U_fx3_gpif|Add1~49|cout
                Info (332115):      9.313      0.000 FF    IC  U_core|U_fx3_gpif|Add1~45|cin
                Info (332115):      9.363      0.050 FF  CELL  U_core|U_fx3_gpif|Add1~45|cout
                Info (332115):      9.363      0.000 FF    IC  U_core|U_fx3_gpif|Add1~41|cin
                Info (332115):      9.363      0.000 FF  CELL  U_core|U_fx3_gpif|Add1~41|cout
                Info (332115):      9.363      0.000 FF    IC  U_core|U_fx3_gpif|Add1~89|cin
                Info (332115):      9.413      0.050 FF  CELL  U_core|U_fx3_gpif|Add1~89|cout
                Info (332115):      9.413      0.000 FF    IC  U_core|U_fx3_gpif|Add1~85|cin
                Info (332115):      9.413      0.000 FF  CELL  U_core|U_fx3_gpif|Add1~85|cout
                Info (332115):      9.413      0.000 FF    IC  U_core|U_fx3_gpif|Add1~81|cin
                Info (332115):      9.462      0.049 FF  CELL  U_core|U_fx3_gpif|Add1~81|cout
                Info (332115):      9.462      0.000 FF    IC  U_core|U_fx3_gpif|Add1~65|cin
                Info (332115):      9.462      0.000 FF  CELL  U_core|U_fx3_gpif|Add1~65|cout
                Info (332115):      9.462      0.000 FF    IC  U_core|U_fx3_gpif|Add1~77|cin
                Info (332115):      9.600      0.138 FF  CELL  U_core|U_fx3_gpif|Add1~77|cout
                Info (332115):      9.600      0.000 FF    IC  U_core|U_fx3_gpif|Add1~73|cin
                Info (332115):      9.600      0.000 FF  CELL  U_core|U_fx3_gpif|Add1~73|cout
                Info (332115):      9.600      0.000 FF    IC  U_core|U_fx3_gpif|Add1~69|cin
                Info (332115):      9.650      0.050 FF  CELL  U_core|U_fx3_gpif|Add1~69|cout
                Info (332115):      9.650      0.000 FF    IC  U_core|U_fx3_gpif|Add1~117|cin
                Info (332115):      9.650      0.000 FF  CELL  U_core|U_fx3_gpif|Add1~117|cout
                Info (332115):      9.650      0.000 FF    IC  U_core|U_fx3_gpif|Add1~113|cin
                Info (332115):      9.700      0.050 FF  CELL  U_core|U_fx3_gpif|Add1~113|cout
                Info (332115):      9.700      0.000 FF    IC  U_core|U_fx3_gpif|Add1~109|cin
                Info (332115):      9.700      0.000 FF  CELL  U_core|U_fx3_gpif|Add1~109|cout
                Info (332115):      9.700      0.000 FF    IC  U_core|U_fx3_gpif|Add1~93|cin
                Info (332115):      9.750      0.050 FF  CELL  U_core|U_fx3_gpif|Add1~93|cout
                Info (332115):      9.750      0.000 FF    IC  U_core|U_fx3_gpif|Add1~105|cin
                Info (332115):      9.750      0.000 FF  CELL  U_core|U_fx3_gpif|Add1~105|cout
                Info (332115):      9.750      0.000 FF    IC  U_core|U_fx3_gpif|Add1~101|cin
                Info (332115):      9.813      0.063 FF  CELL  U_core|U_fx3_gpif|Add1~101|cout
                Info (332115):      9.813      0.000 FF    IC  U_core|U_fx3_gpif|Add1~97|cin
                Info (332115):      9.813      0.000 FF  CELL  U_core|U_fx3_gpif|Add1~97|cout
                Info (332115):      9.813      0.000 FF    IC  U_core|U_fx3_gpif|Add1~145|cin
                Info (332115):      9.946      0.133 FF  CELL  U_core|U_fx3_gpif|Add1~145|cout
                Info (332115):      9.946      0.000 FF    IC  U_core|U_fx3_gpif|Add1~141|cin
                Info (332115):      9.946      0.000 FF  CELL  U_core|U_fx3_gpif|Add1~141|cout
                Info (332115):      9.946      0.000 FF    IC  U_core|U_fx3_gpif|Add1~137|cin
                Info (332115):      9.996      0.050 FF  CELL  U_core|U_fx3_gpif|Add1~137|cout
                Info (332115):      9.996      0.000 FF    IC  U_core|U_fx3_gpif|Add1~121|cin
                Info (332115):      9.996      0.000 FF  CELL  U_core|U_fx3_gpif|Add1~121|cout
                Info (332115):      9.996      0.000 FF    IC  U_core|U_fx3_gpif|Add1~133|cin
                Info (332115):     10.046      0.050 FF  CELL  U_core|U_fx3_gpif|Add1~133|cout
                Info (332115):     10.046      0.000 FF    IC  U_core|U_fx3_gpif|Add1~129|cin
                Info (332115):     10.046      0.000 FF  CELL  U_core|U_fx3_gpif|Add1~129|cout
                Info (332115):     10.046      0.000 FF    IC  U_core|U_fx3_gpif|Add1~125|cin
                Info (332115):     10.096      0.050 FF  CELL  U_core|U_fx3_gpif|Add1~125|cout
                Info (332115):     10.096      0.000 FF    IC  U_core|U_fx3_gpif|Add1~173|cin
                Info (332115):     10.096      0.000 FF  CELL  U_core|U_fx3_gpif|Add1~173|cout
                Info (332115):     10.096      0.000 FF    IC  U_core|U_fx3_gpif|Add1~169|cin
                Info (332115):     10.145      0.049 FF  CELL  U_core|U_fx3_gpif|Add1~169|cout
                Info (332115):     10.145      0.000 FF    IC  U_core|U_fx3_gpif|Add1~165|cin
                Info (332115):     10.145      0.000 FF  CELL  U_core|U_fx3_gpif|Add1~165|cout
                Info (332115):     10.145      0.000 FF    IC  U_core|U_fx3_gpif|Add1~149|cin
                Info (332115):     10.283      0.138 FF  CELL  U_core|U_fx3_gpif|Add1~149|cout
                Info (332115):     10.283      0.000 FF    IC  U_core|U_fx3_gpif|Add1~161|cin
                Info (332115):     10.283      0.000 FF  CELL  U_core|U_fx3_gpif|Add1~161|cout
                Info (332115):     10.283      0.000 FF    IC  U_core|U_fx3_gpif|Add1~157|cin
                Info (332115):     10.333      0.050 FF  CELL  U_core|U_fx3_gpif|Add1~157|cout
                Info (332115):     10.333      0.000 FF    IC  U_core|U_fx3_gpif|Add1~153|cin
                Info (332115):     10.333      0.000 FF  CELL  U_core|U_fx3_gpif|Add1~153|cout
                Info (332115):     10.333      0.000 FF    IC  U_core|U_fx3_gpif|Add1~201|cin
                Info (332115):     10.383      0.050 FF  CELL  U_core|U_fx3_gpif|Add1~201|cout
                Info (332115):     10.383      0.000 FF    IC  U_core|U_fx3_gpif|Add1~197|cin
                Info (332115):     10.383      0.000 FF  CELL  U_core|U_fx3_gpif|Add1~197|cout
                Info (332115):     10.383      0.000 FF    IC  U_core|U_fx3_gpif|Add1~193|cin
                Info (332115):     10.433      0.050 FF  CELL  U_core|U_fx3_gpif|Add1~193|cout
                Info (332115):     10.433      0.000 FF    IC  U_core|U_fx3_gpif|Add1~177|cin
                Info (332115):     10.433      0.000 FF  CELL  U_core|U_fx3_gpif|Add1~177|cout
                Info (332115):     10.433      0.000 FF    IC  U_core|U_fx3_gpif|Add1~189|cin
                Info (332115):     10.496      0.063 FF  CELL  U_core|U_fx3_gpif|Add1~189|cout
                Info (332115):     10.496      0.000 FF    IC  U_core|U_fx3_gpif|Add1~185|cin
                Info (332115):     10.496      0.000 FF  CELL  U_core|U_fx3_gpif|Add1~185|cout
                Info (332115):     10.496      0.000 FF    IC  U_core|U_fx3_gpif|Add1~181|cin
                Info (332115):     10.629      0.133 FF  CELL  U_core|U_fx3_gpif|Add1~181|cout
                Info (332115):     10.629      0.000 FF    IC  U_core|U_fx3_gpif|Add1~209|cin
                Info (332115):     10.629      0.000 FF  CELL  U_core|U_fx3_gpif|Add1~209|cout
                Info (332115):     10.629      0.000 FF    IC  U_core|U_fx3_gpif|Add1~205|cin
                Info (332115):     10.679      0.050 FF  CELL  U_core|U_fx3_gpif|Add1~205|cout
                Info (332115):     10.679      0.000 FF    IC  U_core|U_fx3_gpif|Add1~229|cin
                Info (332115):     10.679      0.000 FF  CELL  U_core|U_fx3_gpif|Add1~229|cout
                Info (332115):     10.679      0.000 FF    IC  U_core|U_fx3_gpif|Add1~225|cin
                Info (332115):     10.729      0.050 FF  CELL  U_core|U_fx3_gpif|Add1~225|cout
                Info (332115):     10.729      0.000 FF    IC  U_core|U_fx3_gpif|Add1~221|cin
                Info (332115):     10.729      0.000 FF  CELL  U_core|U_fx3_gpif|Add1~221|cout
                Info (332115):     10.729      0.000 FF    IC  U_core|U_fx3_gpif|Add1~217|cin
                Info (332115):     11.144      0.415 FF  CELL  U_core|U_fx3_gpif|Add1~217|sumout
                Info (332115):     11.144      0.000 FF    IC  U_core|U_fx3_gpif|current.tx_ts_plus32[62]|d
                Info (332115):     11.452      0.308 FF  CELL  bladerf_core:U_core|fx3_gpif:U_fx3_gpif|current.tx_ts_plus32[62]
                Info (332115): Clock Arrival Path:
                Info (332115): Total (ns)  Incr (ns)     Type  Element
                Info (332115): ==========  ========= ==  ====  ===================================
                Info (332115):      3.633      3.633  R        clock network delay
                Info (332115):      3.513     -0.120           clock uncertainty
                Info (332115):      3.513      0.000     uTsu  bladerf_core:U_core|fx3_gpif:U_fx3_gpif|current.tx_ts_plus32[62]
            Info (332181): Earliest Path Arrival
                Info (332115): From Node          : bladerf_core:U_core|handshake:U_handshake_timestamp|source_holding[6]
                Info (332115): To Node            : bladerf_core:U_core|fx3_gpif:U_fx3_gpif|current.tx_ts_plus32[6]
                Info (332115): Launch Clock       : U_core|U_nios_system|axi_ad9361_0|i_dev_if|i_rx|i_altlvds_rx|auto_generated|pll_sclk~PLL_OUTPUT_COUNTER|divclk
                Info (332115): Latch Clock        : U_core|U_fx3_pll|altera_pll_i|general[0].gpll~PLL_OUTPUT_COUNTER|divclk
                Info (332115): Data Arrival Time  : 5.530
                Info (332115): Clock Arrival Time : 5.202
                Info (332115): Relative Delay     : 0.328
                Info (332115): Data Arrival Path:
                Info (332115): Total (ns)  Incr (ns)     Type  Element
                Info (332115): ==========  ========= ==  ====  ===================================
                Info (332115):      4.764      4.764  R        clock network delay
                Info (332115):      4.764      0.000     uTco  bladerf_core:U_core|handshake:U_handshake_timestamp|source_holding[6]
                Info (332115):      4.764      0.000 RR  CELL  U_core|U_handshake_timestamp|source_holding[6]|q
                Info (332115):      5.213      0.449 RR    IC  U_core|U_fx3_gpif|Add1~5|datad
                Info (332115):      5.455      0.242 RR  CELL  U_core|U_fx3_gpif|Add1~5|sumout
                Info (332115):      5.455      0.000 RR    IC  U_core|U_fx3_gpif|current.tx_ts_plus32[6]|d
                Info (332115):      5.530      0.075 RR  CELL  bladerf_core:U_core|fx3_gpif:U_fx3_gpif|current.tx_ts_plus32[6]
                Info (332115): Clock Arrival Path:
                Info (332115): Total (ns)  Incr (ns)     Type  Element
                Info (332115): ==========  ========= ==  ====  ===================================
                Info (332115):      5.082      5.082  R        clock network delay
                Info (332115):      5.202      0.120           clock uncertainty
                Info (332115):      5.202      0.000      uTh  bladerf_core:U_core|fx3_gpif:U_fx3_gpif|current.tx_ts_plus32[6]
            Info (332181): Cross Path Clock Pessimism Removed : 2.790
            Info (332181): Required Skew   : 6.400
            Info (332181): Actual Skew     : 4.821
            Info (332181): Slack           : 1.579
    Info (332181): Skew for the Earliest Arrival
        Info (332181): Path #5: Slack is 1.528 
            Info (332181): Latest Path Arrival
                Info (332115): From Node          : bladerf_core:U_core|handshake:U_handshake_timestamp|source_holding[26]
                Info (332115): To Node            : bladerf_core:U_core|fx3_gpif:U_fx3_gpif|current.tx_ts_plus32[62]
                Info (332115): Launch Clock       : U_core|U_nios_system|axi_ad9361_0|i_dev_if|i_rx|i_altlvds_rx|auto_generated|pll_sclk~PLL_OUTPUT_COUNTER|divclk
                Info (332115): Latch Clock        : U_core|U_fx3_pll|altera_pll_i|general[0].gpll~PLL_OUTPUT_COUNTER|divclk
                Info (332115): Data Arrival Time  : 11.478
                Info (332115): Clock Arrival Time : 3.513
                Info (332115): Relative Delay     : 7.965
                Info (332115): Data Arrival Path:
                Info (332115): Total (ns)  Incr (ns)     Type  Element
                Info (332115): ==========  ========= ==  ====  ===================================
                Info (332115):      6.333      6.333  R        clock network delay
                Info (332115):      6.333      0.000     uTco  bladerf_core:U_core|handshake:U_handshake_timestamp|source_holding[26]
                Info (332115):      6.333      0.000 FF  CELL  U_core|U_handshake_timestamp|source_holding[26]|q
                Info (332115):      8.899      2.566 FF    IC  U_core|U_fx3_gpif|Add1~77|datad
                Info (332115):      9.626      0.727 FF  CELL  U_core|U_fx3_gpif|Add1~77|cout
                Info (332115):      9.626      0.000 FF    IC  U_core|U_fx3_gpif|Add1~73|cin
                Info (332115):      9.626      0.000 FF  CELL  U_core|U_fx3_gpif|Add1~73|cout
                Info (332115):      9.626      0.000 FF    IC  U_core|U_fx3_gpif|Add1~69|cin
                Info (332115):      9.676      0.050 FF  CELL  U_core|U_fx3_gpif|Add1~69|cout
                Info (332115):      9.676      0.000 FF    IC  U_core|U_fx3_gpif|Add1~117|cin
                Info (332115):      9.676      0.000 FF  CELL  U_core|U_fx3_gpif|Add1~117|cout
                Info (332115):      9.676      0.000 FF    IC  U_core|U_fx3_gpif|Add1~113|cin
                Info (332115):      9.726      0.050 FF  CELL  U_core|U_fx3_gpif|Add1~113|cout
                Info (332115):      9.726      0.000 FF    IC  U_core|U_fx3_gpif|Add1~109|cin
                Info (332115):      9.726      0.000 FF  CELL  U_core|U_fx3_gpif|Add1~109|cout
                Info (332115):      9.726      0.000 FF    IC  U_core|U_fx3_gpif|Add1~93|cin
                Info (332115):      9.776      0.050 FF  CELL  U_core|U_fx3_gpif|Add1~93|cout
                Info (332115):      9.776      0.000 FF    IC  U_core|U_fx3_gpif|Add1~105|cin
                Info (332115):      9.776      0.000 FF  CELL  U_core|U_fx3_gpif|Add1~105|cout
                Info (332115):      9.776      0.000 FF    IC  U_core|U_fx3_gpif|Add1~101|cin
                Info (332115):      9.839      0.063 FF  CELL  U_core|U_fx3_gpif|Add1~101|cout
                Info (332115):      9.839      0.000 FF    IC  U_core|U_fx3_gpif|Add1~97|cin
                Info (332115):      9.839      0.000 FF  CELL  U_core|U_fx3_gpif|Add1~97|cout
                Info (332115):      9.839      0.000 FF    IC  U_core|U_fx3_gpif|Add1~145|cin
                Info (332115):      9.972      0.133 FF  CELL  U_core|U_fx3_gpif|Add1~145|cout
                Info (332115):      9.972      0.000 FF    IC  U_core|U_fx3_gpif|Add1~141|cin
                Info (332115):      9.972      0.000 FF  CELL  U_core|U_fx3_gpif|Add1~141|cout
                Info (332115):      9.972      0.000 FF    IC  U_core|U_fx3_gpif|Add1~137|cin
                Info (332115):     10.022      0.050 FF  CELL  U_core|U_fx3_gpif|Add1~137|cout
                Info (332115):     10.022      0.000 FF    IC  U_core|U_fx3_gpif|Add1~121|cin
                Info (332115):     10.022      0.000 FF  CELL  U_core|U_fx3_gpif|Add1~121|cout
                Info (332115):     10.022      0.000 FF    IC  U_core|U_fx3_gpif|Add1~133|cin
                Info (332115):     10.072      0.050 FF  CELL  U_core|U_fx3_gpif|Add1~133|cout
                Info (332115):     10.072      0.000 FF    IC  U_core|U_fx3_gpif|Add1~129|cin
                Info (332115):     10.072      0.000 FF  CELL  U_core|U_fx3_gpif|Add1~129|cout
                Info (332115):     10.072      0.000 FF    IC  U_core|U_fx3_gpif|Add1~125|cin
                Info (332115):     10.122      0.050 FF  CELL  U_core|U_fx3_gpif|Add1~125|cout
                Info (332115):     10.122      0.000 FF    IC  U_core|U_fx3_gpif|Add1~173|cin
                Info (332115):     10.122      0.000 FF  CELL  U_core|U_fx3_gpif|Add1~173|cout
                Info (332115):     10.122      0.000 FF    IC  U_core|U_fx3_gpif|Add1~169|cin
                Info (332115):     10.171      0.049 FF  CELL  U_core|U_fx3_gpif|Add1~169|cout
                Info (332115):     10.171      0.000 FF    IC  U_core|U_fx3_gpif|Add1~165|cin
                Info (332115):     10.171      0.000 FF  CELL  U_core|U_fx3_gpif|Add1~165|cout
                Info (332115):     10.171      0.000 FF    IC  U_core|U_fx3_gpif|Add1~149|cin
                Info (332115):     10.309      0.138 FF  CELL  U_core|U_fx3_gpif|Add1~149|cout
                Info (332115):     10.309      0.000 FF    IC  U_core|U_fx3_gpif|Add1~161|cin
                Info (332115):     10.309      0.000 FF  CELL  U_core|U_fx3_gpif|Add1~161|cout
                Info (332115):     10.309      0.000 FF    IC  U_core|U_fx3_gpif|Add1~157|cin
                Info (332115):     10.359      0.050 FF  CELL  U_core|U_fx3_gpif|Add1~157|cout
                Info (332115):     10.359      0.000 FF    IC  U_core|U_fx3_gpif|Add1~153|cin
                Info (332115):     10.359      0.000 FF  CELL  U_core|U_fx3_gpif|Add1~153|cout
                Info (332115):     10.359      0.000 FF    IC  U_core|U_fx3_gpif|Add1~201|cin
                Info (332115):     10.409      0.050 FF  CELL  U_core|U_fx3_gpif|Add1~201|cout
                Info (332115):     10.409      0.000 FF    IC  U_core|U_fx3_gpif|Add1~197|cin
                Info (332115):     10.409      0.000 FF  CELL  U_core|U_fx3_gpif|Add1~197|cout
                Info (332115):     10.409      0.000 FF    IC  U_core|U_fx3_gpif|Add1~193|cin
                Info (332115):     10.459      0.050 FF  CELL  U_core|U_fx3_gpif|Add1~193|cout
                Info (332115):     10.459      0.000 FF    IC  U_core|U_fx3_gpif|Add1~177|cin
                Info (332115):     10.459      0.000 FF  CELL  U_core|U_fx3_gpif|Add1~177|cout
                Info (332115):     10.459      0.000 FF    IC  U_core|U_fx3_gpif|Add1~189|cin
                Info (332115):     10.522      0.063 FF  CELL  U_core|U_fx3_gpif|Add1~189|cout
                Info (332115):     10.522      0.000 FF    IC  U_core|U_fx3_gpif|Add1~185|cin
                Info (332115):     10.522      0.000 FF  CELL  U_core|U_fx3_gpif|Add1~185|cout
                Info (332115):     10.522      0.000 FF    IC  U_core|U_fx3_gpif|Add1~181|cin
                Info (332115):     10.655      0.133 FF  CELL  U_core|U_fx3_gpif|Add1~181|cout
                Info (332115):     10.655      0.000 FF    IC  U_core|U_fx3_gpif|Add1~209|cin
                Info (332115):     10.655      0.000 FF  CELL  U_core|U_fx3_gpif|Add1~209|cout
                Info (332115):     10.655      0.000 FF    IC  U_core|U_fx3_gpif|Add1~205|cin
                Info (332115):     10.705      0.050 FF  CELL  U_core|U_fx3_gpif|Add1~205|cout
                Info (332115):     10.705      0.000 FF    IC  U_core|U_fx3_gpif|Add1~229|cin
                Info (332115):     10.705      0.000 FF  CELL  U_core|U_fx3_gpif|Add1~229|cout
                Info (332115):     10.705      0.000 FF    IC  U_core|U_fx3_gpif|Add1~225|cin
                Info (332115):     10.755      0.050 FF  CELL  U_core|U_fx3_gpif|Add1~225|cout
                Info (332115):     10.755      0.000 FF    IC  U_core|U_fx3_gpif|Add1~221|cin
                Info (332115):     10.755      0.000 FF  CELL  U_core|U_fx3_gpif|Add1~221|cout
                Info (332115):     10.755      0.000 FF    IC  U_core|U_fx3_gpif|Add1~217|cin
                Info (332115):     11.170      0.415 FF  CELL  U_core|U_fx3_gpif|Add1~217|sumout
                Info (332115):     11.170      0.000 FF    IC  U_core|U_fx3_gpif|current.tx_ts_plus32[62]|d
                Info (332115):     11.478      0.308 FF  CELL  bladerf_core:U_core|fx3_gpif:U_fx3_gpif|current.tx_ts_plus32[62]
                Info (332115): Clock Arrival Path:
                Info (332115): Total (ns)  Incr (ns)     Type  Element
                Info (332115): ==========  ========= ==  ====  ===================================
                Info (332115):      3.633      3.633  R        clock network delay
                Info (332115):      3.513     -0.120           clock uncertainty
                Info (332115):      3.513      0.000     uTsu  bladerf_core:U_core|fx3_gpif:U_fx3_gpif|current.tx_ts_plus32[62]
            Info (332181): Earliest Path Arrival
                Info (332115): From Node          : bladerf_core:U_core|handshake:U_handshake_timestamp|source_holding[6]
                Info (332115): To Node            : bladerf_core:U_core|fx3_gpif:U_fx3_gpif|current.tx_ts_plus32[6]
                Info (332115): Launch Clock       : U_core|U_nios_system|axi_ad9361_0|i_dev_if|i_rx|i_altlvds_rx|auto_generated|pll_sclk~PLL_OUTPUT_COUNTER|divclk
                Info (332115): Latch Clock        : U_core|U_fx3_pll|altera_pll_i|general[0].gpll~PLL_OUTPUT_COUNTER|divclk
                Info (332115): Data Arrival Time  : 5.530
                Info (332115): Clock Arrival Time : 5.202
                Info (332115): Relative Delay     : 0.328
                Info (332115): Data Arrival Path:
                Info (332115): Total (ns)  Incr (ns)     Type  Element
                Info (332115): ==========  ========= ==  ====  ===================================
                Info (332115):      4.764      4.764  R        clock network delay
                Info (332115):      4.764      0.000     uTco  bladerf_core:U_core|handshake:U_handshake_timestamp|source_holding[6]
                Info (332115):      4.764      0.000 RR  CELL  U_core|U_handshake_timestamp|source_holding[6]|q
                Info (332115):      5.213      0.449 RR    IC  U_core|U_fx3_gpif|Add1~5|datad
                Info (332115):      5.455      0.242 RR  CELL  U_core|U_fx3_gpif|Add1~5|sumout
                Info (332115):      5.455      0.000 RR    IC  U_core|U_fx3_gpif|current.tx_ts_plus32[6]|d
                Info (332115):      5.530      0.075 RR  CELL  bladerf_core:U_core|fx3_gpif:U_fx3_gpif|current.tx_ts_plus32[6]
                Info (332115): Clock Arrival Path:
                Info (332115): Total (ns)  Incr (ns)     Type  Element
                Info (332115): ==========  ========= ==  ====  ===================================
                Info (332115):      5.082      5.082  R        clock network delay
                Info (332115):      5.202      0.120           clock uncertainty
                Info (332115):      5.202      0.000      uTh  bladerf_core:U_core|fx3_gpif:U_fx3_gpif|current.tx_ts_plus32[6]
            Info (332181): Cross Path Clock Pessimism Removed : 2.765
            Info (332181): Required Skew   : 6.400
            Info (332181): Actual Skew     : 4.872
            Info (332181): Slack           : 1.528
        Info (332181): Path #6: Slack is 1.741 
            Info (332181): Latest Path Arrival
                Info (332115): From Node          : bladerf_core:U_core|handshake:U_handshake_timestamp|source_holding[26]
                Info (332115): To Node            : bladerf_core:U_core|fx3_gpif:U_fx3_gpif|current.tx_ts_plus32[62]
                Info (332115): Launch Clock       : U_core|U_nios_system|axi_ad9361_0|i_dev_if|i_rx|i_altlvds_rx|auto_generated|pll_sclk~PLL_OUTPUT_COUNTER|divclk
                Info (332115): Latch Clock        : U_core|U_fx3_pll|altera_pll_i|general[0].gpll~PLL_OUTPUT_COUNTER|divclk
                Info (332115): Data Arrival Time  : 11.478
                Info (332115): Clock Arrival Time : 3.513
                Info (332115): Relative Delay     : 7.965
                Info (332115): Data Arrival Path:
                Info (332115): Total (ns)  Incr (ns)     Type  Element
                Info (332115): ==========  ========= ==  ====  ===================================
                Info (332115):      6.333      6.333  R        clock network delay
                Info (332115):      6.333      0.000     uTco  bladerf_core:U_core|handshake:U_handshake_timestamp|source_holding[26]
                Info (332115):      6.333      0.000 FF  CELL  U_core|U_handshake_timestamp|source_holding[26]|q
                Info (332115):      8.899      2.566 FF    IC  U_core|U_fx3_gpif|Add1~77|datad
                Info (332115):      9.626      0.727 FF  CELL  U_core|U_fx3_gpif|Add1~77|cout
                Info (332115):      9.626      0.000 FF    IC  U_core|U_fx3_gpif|Add1~73|cin
                Info (332115):      9.626      0.000 FF  CELL  U_core|U_fx3_gpif|Add1~73|cout
                Info (332115):      9.626      0.000 FF    IC  U_core|U_fx3_gpif|Add1~69|cin
                Info (332115):      9.676      0.050 FF  CELL  U_core|U_fx3_gpif|Add1~69|cout
                Info (332115):      9.676      0.000 FF    IC  U_core|U_fx3_gpif|Add1~117|cin
                Info (332115):      9.676      0.000 FF  CELL  U_core|U_fx3_gpif|Add1~117|cout
                Info (332115):      9.676      0.000 FF    IC  U_core|U_fx3_gpif|Add1~113|cin
                Info (332115):      9.726      0.050 FF  CELL  U_core|U_fx3_gpif|Add1~113|cout
                Info (332115):      9.726      0.000 FF    IC  U_core|U_fx3_gpif|Add1~109|cin
                Info (332115):      9.726      0.000 FF  CELL  U_core|U_fx3_gpif|Add1~109|cout
                Info (332115):      9.726      0.000 FF    IC  U_core|U_fx3_gpif|Add1~93|cin
                Info (332115):      9.776      0.050 FF  CELL  U_core|U_fx3_gpif|Add1~93|cout
                Info (332115):      9.776      0.000 FF    IC  U_core|U_fx3_gpif|Add1~105|cin
                Info (332115):      9.776      0.000 FF  CELL  U_core|U_fx3_gpif|Add1~105|cout
                Info (332115):      9.776      0.000 FF    IC  U_core|U_fx3_gpif|Add1~101|cin
                Info (332115):      9.839      0.063 FF  CELL  U_core|U_fx3_gpif|Add1~101|cout
                Info (332115):      9.839      0.000 FF    IC  U_core|U_fx3_gpif|Add1~97|cin
                Info (332115):      9.839      0.000 FF  CELL  U_core|U_fx3_gpif|Add1~97|cout
                Info (332115):      9.839      0.000 FF    IC  U_core|U_fx3_gpif|Add1~145|cin
                Info (332115):      9.972      0.133 FF  CELL  U_core|U_fx3_gpif|Add1~145|cout
                Info (332115):      9.972      0.000 FF    IC  U_core|U_fx3_gpif|Add1~141|cin
                Info (332115):      9.972      0.000 FF  CELL  U_core|U_fx3_gpif|Add1~141|cout
                Info (332115):      9.972      0.000 FF    IC  U_core|U_fx3_gpif|Add1~137|cin
                Info (332115):     10.022      0.050 FF  CELL  U_core|U_fx3_gpif|Add1~137|cout
                Info (332115):     10.022      0.000 FF    IC  U_core|U_fx3_gpif|Add1~121|cin
                Info (332115):     10.022      0.000 FF  CELL  U_core|U_fx3_gpif|Add1~121|cout
                Info (332115):     10.022      0.000 FF    IC  U_core|U_fx3_gpif|Add1~133|cin
                Info (332115):     10.072      0.050 FF  CELL  U_core|U_fx3_gpif|Add1~133|cout
                Info (332115):     10.072      0.000 FF    IC  U_core|U_fx3_gpif|Add1~129|cin
                Info (332115):     10.072      0.000 FF  CELL  U_core|U_fx3_gpif|Add1~129|cout
                Info (332115):     10.072      0.000 FF    IC  U_core|U_fx3_gpif|Add1~125|cin
                Info (332115):     10.122      0.050 FF  CELL  U_core|U_fx3_gpif|Add1~125|cout
                Info (332115):     10.122      0.000 FF    IC  U_core|U_fx3_gpif|Add1~173|cin
                Info (332115):     10.122      0.000 FF  CELL  U_core|U_fx3_gpif|Add1~173|cout
                Info (332115):     10.122      0.000 FF    IC  U_core|U_fx3_gpif|Add1~169|cin
                Info (332115):     10.171      0.049 FF  CELL  U_core|U_fx3_gpif|Add1~169|cout
                Info (332115):     10.171      0.000 FF    IC  U_core|U_fx3_gpif|Add1~165|cin
                Info (332115):     10.171      0.000 FF  CELL  U_core|U_fx3_gpif|Add1~165|cout
                Info (332115):     10.171      0.000 FF    IC  U_core|U_fx3_gpif|Add1~149|cin
                Info (332115):     10.309      0.138 FF  CELL  U_core|U_fx3_gpif|Add1~149|cout
                Info (332115):     10.309      0.000 FF    IC  U_core|U_fx3_gpif|Add1~161|cin
                Info (332115):     10.309      0.000 FF  CELL  U_core|U_fx3_gpif|Add1~161|cout
                Info (332115):     10.309      0.000 FF    IC  U_core|U_fx3_gpif|Add1~157|cin
                Info (332115):     10.359      0.050 FF  CELL  U_core|U_fx3_gpif|Add1~157|cout
                Info (332115):     10.359      0.000 FF    IC  U_core|U_fx3_gpif|Add1~153|cin
                Info (332115):     10.359      0.000 FF  CELL  U_core|U_fx3_gpif|Add1~153|cout
                Info (332115):     10.359      0.000 FF    IC  U_core|U_fx3_gpif|Add1~201|cin
                Info (332115):     10.409      0.050 FF  CELL  U_core|U_fx3_gpif|Add1~201|cout
                Info (332115):     10.409      0.000 FF    IC  U_core|U_fx3_gpif|Add1~197|cin
                Info (332115):     10.409      0.000 FF  CELL  U_core|U_fx3_gpif|Add1~197|cout
                Info (332115):     10.409      0.000 FF    IC  U_core|U_fx3_gpif|Add1~193|cin
                Info (332115):     10.459      0.050 FF  CELL  U_core|U_fx3_gpif|Add1~193|cout
                Info (332115):     10.459      0.000 FF    IC  U_core|U_fx3_gpif|Add1~177|cin
                Info (332115):     10.459      0.000 FF  CELL  U_core|U_fx3_gpif|Add1~177|cout
                Info (332115):     10.459      0.000 FF    IC  U_core|U_fx3_gpif|Add1~189|cin
                Info (332115):     10.522      0.063 FF  CELL  U_core|U_fx3_gpif|Add1~189|cout
                Info (332115):     10.522      0.000 FF    IC  U_core|U_fx3_gpif|Add1~185|cin
                Info (332115):     10.522      0.000 FF  CELL  U_core|U_fx3_gpif|Add1~185|cout
                Info (332115):     10.522      0.000 FF    IC  U_core|U_fx3_gpif|Add1~181|cin
                Info (332115):     10.655      0.133 FF  CELL  U_core|U_fx3_gpif|Add1~181|cout
                Info (332115):     10.655      0.000 FF    IC  U_core|U_fx3_gpif|Add1~209|cin
                Info (332115):     10.655      0.000 FF  CELL  U_core|U_fx3_gpif|Add1~209|cout
                Info (332115):     10.655      0.000 FF    IC  U_core|U_fx3_gpif|Add1~205|cin
                Info (332115):     10.705      0.050 FF  CELL  U_core|U_fx3_gpif|Add1~205|cout
                Info (332115):     10.705      0.000 FF    IC  U_core|U_fx3_gpif|Add1~229|cin
                Info (332115):     10.705      0.000 FF  CELL  U_core|U_fx3_gpif|Add1~229|cout
                Info (332115):     10.705      0.000 FF    IC  U_core|U_fx3_gpif|Add1~225|cin
                Info (332115):     10.755      0.050 FF  CELL  U_core|U_fx3_gpif|Add1~225|cout
                Info (332115):     10.755      0.000 FF    IC  U_core|U_fx3_gpif|Add1~221|cin
                Info (332115):     10.755      0.000 FF  CELL  U_core|U_fx3_gpif|Add1~221|cout
                Info (332115):     10.755      0.000 FF    IC  U_core|U_fx3_gpif|Add1~217|cin
                Info (332115):     11.170      0.415 FF  CELL  U_core|U_fx3_gpif|Add1~217|sumout
                Info (332115):     11.170      0.000 FF    IC  U_core|U_fx3_gpif|current.tx_ts_plus32[62]|d
                Info (332115):     11.478      0.308 FF  CELL  bladerf_core:U_core|fx3_gpif:U_fx3_gpif|current.tx_ts_plus32[62]
                Info (332115): Clock Arrival Path:
                Info (332115): Total (ns)  Incr (ns)     Type  Element
                Info (332115): ==========  ========= ==  ====  ===================================
                Info (332115):      3.633      3.633  R        clock network delay
                Info (332115):      3.513     -0.120           clock uncertainty
                Info (332115):      3.513      0.000     uTsu  bladerf_core:U_core|fx3_gpif:U_fx3_gpif|current.tx_ts_plus32[62]
            Info (332181): Earliest Path Arrival
                Info (332115): From Node          : bladerf_core:U_core|handshake:U_handshake_timestamp|source_holding[7]
                Info (332115): To Node            : bladerf_core:U_core|fx3_gpif:U_fx3_gpif|current.tx_ts_plus32[7]
                Info (332115): Launch Clock       : U_core|U_nios_system|axi_ad9361_0|i_dev_if|i_rx|i_altlvds_rx|auto_generated|pll_sclk~PLL_OUTPUT_COUNTER|divclk
                Info (332115): Latch Clock        : U_core|U_fx3_pll|altera_pll_i|general[0].gpll~PLL_OUTPUT_COUNTER|divclk
                Info (332115): Data Arrival Time  : 5.762
                Info (332115): Clock Arrival Time : 5.221
                Info (332115): Relative Delay     : 0.541
                Info (332115): Data Arrival Path:
                Info (332115): Total (ns)  Incr (ns)     Type  Element
                Info (332115): ==========  ========= ==  ====  ===================================
                Info (332115):      4.764      4.764  R        clock network delay
                Info (332115):      4.764      0.000     uTco  bladerf_core:U_core|handshake:U_handshake_timestamp|source_holding[7]
                Info (332115):      4.764      0.000 FF  CELL  U_core|U_handshake_timestamp|source_holding[7]|q
                Info (332115):      5.145      0.381 FF    IC  U_core|U_fx3_gpif|Add1~1|dataa
                Info (332115):      5.686      0.541 FF  CELL  U_core|U_fx3_gpif|Add1~1|sumout
                Info (332115):      5.686      0.000 FF    IC  U_core|U_fx3_gpif|current.tx_ts_plus32[7]|d
                Info (332115):      5.762      0.076 FF  CELL  bladerf_core:U_core|fx3_gpif:U_fx3_gpif|current.tx_ts_plus32[7]
                Info (332115): Clock Arrival Path:
                Info (332115): Total (ns)  Incr (ns)     Type  Element
                Info (332115): ==========  ========= ==  ====  ===================================
                Info (332115):      5.101      5.101  R        clock network delay
                Info (332115):      5.221      0.120           clock uncertainty
                Info (332115):      5.221      0.000      uTh  bladerf_core:U_core|fx3_gpif:U_fx3_gpif|current.tx_ts_plus32[7]
            Info (332181): Cross Path Clock Pessimism Removed : 2.765
            Info (332181): Required Skew   : 6.400
            Info (332181): Actual Skew     : 4.659
            Info (332181): Slack           : 1.741
        Info (332181): Path #7: Slack is 1.752 
            Info (332181): Latest Path Arrival
                Info (332115): From Node          : bladerf_core:U_core|handshake:U_handshake_timestamp|source_holding[26]
                Info (332115): To Node            : bladerf_core:U_core|fx3_gpif:U_fx3_gpif|current.tx_ts_plus32[62]
                Info (332115): Launch Clock       : U_core|U_nios_system|axi_ad9361_0|i_dev_if|i_rx|i_altlvds_rx|auto_generated|pll_sclk~PLL_OUTPUT_COUNTER|divclk
                Info (332115): Latch Clock        : U_core|U_fx3_pll|altera_pll_i|general[0].gpll~PLL_OUTPUT_COUNTER|divclk
                Info (332115): Data Arrival Time  : 11.478
                Info (332115): Clock Arrival Time : 3.513
                Info (332115): Relative Delay     : 7.965
                Info (332115): Data Arrival Path:
                Info (332115): Total (ns)  Incr (ns)     Type  Element
                Info (332115): ==========  ========= ==  ====  ===================================
                Info (332115):      6.333      6.333  R        clock network delay
                Info (332115):      6.333      0.000     uTco  bladerf_core:U_core|handshake:U_handshake_timestamp|source_holding[26]
                Info (332115):      6.333      0.000 FF  CELL  U_core|U_handshake_timestamp|source_holding[26]|q
                Info (332115):      8.899      2.566 FF    IC  U_core|U_fx3_gpif|Add1~77|datad
                Info (332115):      9.626      0.727 FF  CELL  U_core|U_fx3_gpif|Add1~77|cout
                Info (332115):      9.626      0.000 FF    IC  U_core|U_fx3_gpif|Add1~73|cin
                Info (332115):      9.626      0.000 FF  CELL  U_core|U_fx3_gpif|Add1~73|cout
                Info (332115):      9.626      0.000 FF    IC  U_core|U_fx3_gpif|Add1~69|cin
                Info (332115):      9.676      0.050 FF  CELL  U_core|U_fx3_gpif|Add1~69|cout
                Info (332115):      9.676      0.000 FF    IC  U_core|U_fx3_gpif|Add1~117|cin
                Info (332115):      9.676      0.000 FF  CELL  U_core|U_fx3_gpif|Add1~117|cout
                Info (332115):      9.676      0.000 FF    IC  U_core|U_fx3_gpif|Add1~113|cin
                Info (332115):      9.726      0.050 FF  CELL  U_core|U_fx3_gpif|Add1~113|cout
                Info (332115):      9.726      0.000 FF    IC  U_core|U_fx3_gpif|Add1~109|cin
                Info (332115):      9.726      0.000 FF  CELL  U_core|U_fx3_gpif|Add1~109|cout
                Info (332115):      9.726      0.000 FF    IC  U_core|U_fx3_gpif|Add1~93|cin
                Info (332115):      9.776      0.050 FF  CELL  U_core|U_fx3_gpif|Add1~93|cout
                Info (332115):      9.776      0.000 FF    IC  U_core|U_fx3_gpif|Add1~105|cin
                Info (332115):      9.776      0.000 FF  CELL  U_core|U_fx3_gpif|Add1~105|cout
                Info (332115):      9.776      0.000 FF    IC  U_core|U_fx3_gpif|Add1~101|cin
                Info (332115):      9.839      0.063 FF  CELL  U_core|U_fx3_gpif|Add1~101|cout
                Info (332115):      9.839      0.000 FF    IC  U_core|U_fx3_gpif|Add1~97|cin
                Info (332115):      9.839      0.000 FF  CELL  U_core|U_fx3_gpif|Add1~97|cout
                Info (332115):      9.839      0.000 FF    IC  U_core|U_fx3_gpif|Add1~145|cin
                Info (332115):      9.972      0.133 FF  CELL  U_core|U_fx3_gpif|Add1~145|cout
                Info (332115):      9.972      0.000 FF    IC  U_core|U_fx3_gpif|Add1~141|cin
                Info (332115):      9.972      0.000 FF  CELL  U_core|U_fx3_gpif|Add1~141|cout
                Info (332115):      9.972      0.000 FF    IC  U_core|U_fx3_gpif|Add1~137|cin
                Info (332115):     10.022      0.050 FF  CELL  U_core|U_fx3_gpif|Add1~137|cout
                Info (332115):     10.022      0.000 FF    IC  U_core|U_fx3_gpif|Add1~121|cin
                Info (332115):     10.022      0.000 FF  CELL  U_core|U_fx3_gpif|Add1~121|cout
                Info (332115):     10.022      0.000 FF    IC  U_core|U_fx3_gpif|Add1~133|cin
                Info (332115):     10.072      0.050 FF  CELL  U_core|U_fx3_gpif|Add1~133|cout
                Info (332115):     10.072      0.000 FF    IC  U_core|U_fx3_gpif|Add1~129|cin
                Info (332115):     10.072      0.000 FF  CELL  U_core|U_fx3_gpif|Add1~129|cout
                Info (332115):     10.072      0.000 FF    IC  U_core|U_fx3_gpif|Add1~125|cin
                Info (332115):     10.122      0.050 FF  CELL  U_core|U_fx3_gpif|Add1~125|cout
                Info (332115):     10.122      0.000 FF    IC  U_core|U_fx3_gpif|Add1~173|cin
                Info (332115):     10.122      0.000 FF  CELL  U_core|U_fx3_gpif|Add1~173|cout
                Info (332115):     10.122      0.000 FF    IC  U_core|U_fx3_gpif|Add1~169|cin
                Info (332115):     10.171      0.049 FF  CELL  U_core|U_fx3_gpif|Add1~169|cout
                Info (332115):     10.171      0.000 FF    IC  U_core|U_fx3_gpif|Add1~165|cin
                Info (332115):     10.171      0.000 FF  CELL  U_core|U_fx3_gpif|Add1~165|cout
                Info (332115):     10.171      0.000 FF    IC  U_core|U_fx3_gpif|Add1~149|cin
                Info (332115):     10.309      0.138 FF  CELL  U_core|U_fx3_gpif|Add1~149|cout
                Info (332115):     10.309      0.000 FF    IC  U_core|U_fx3_gpif|Add1~161|cin
                Info (332115):     10.309      0.000 FF  CELL  U_core|U_fx3_gpif|Add1~161|cout
                Info (332115):     10.309      0.000 FF    IC  U_core|U_fx3_gpif|Add1~157|cin
                Info (332115):     10.359      0.050 FF  CELL  U_core|U_fx3_gpif|Add1~157|cout
                Info (332115):     10.359      0.000 FF    IC  U_core|U_fx3_gpif|Add1~153|cin
                Info (332115):     10.359      0.000 FF  CELL  U_core|U_fx3_gpif|Add1~153|cout
                Info (332115):     10.359      0.000 FF    IC  U_core|U_fx3_gpif|Add1~201|cin
                Info (332115):     10.409      0.050 FF  CELL  U_core|U_fx3_gpif|Add1~201|cout
                Info (332115):     10.409      0.000 FF    IC  U_core|U_fx3_gpif|Add1~197|cin
                Info (332115):     10.409      0.000 FF  CELL  U_core|U_fx3_gpif|Add1~197|cout
                Info (332115):     10.409      0.000 FF    IC  U_core|U_fx3_gpif|Add1~193|cin
                Info (332115):     10.459      0.050 FF  CELL  U_core|U_fx3_gpif|Add1~193|cout
                Info (332115):     10.459      0.000 FF    IC  U_core|U_fx3_gpif|Add1~177|cin
                Info (332115):     10.459      0.000 FF  CELL  U_core|U_fx3_gpif|Add1~177|cout
                Info (332115):     10.459      0.000 FF    IC  U_core|U_fx3_gpif|Add1~189|cin
                Info (332115):     10.522      0.063 FF  CELL  U_core|U_fx3_gpif|Add1~189|cout
                Info (332115):     10.522      0.000 FF    IC  U_core|U_fx3_gpif|Add1~185|cin
                Info (332115):     10.522      0.000 FF  CELL  U_core|U_fx3_gpif|Add1~185|cout
                Info (332115):     10.522      0.000 FF    IC  U_core|U_fx3_gpif|Add1~181|cin
                Info (332115):     10.655      0.133 FF  CELL  U_core|U_fx3_gpif|Add1~181|cout
                Info (332115):     10.655      0.000 FF    IC  U_core|U_fx3_gpif|Add1~209|cin
                Info (332115):     10.655      0.000 FF  CELL  U_core|U_fx3_gpif|Add1~209|cout
                Info (332115):     10.655      0.000 FF    IC  U_core|U_fx3_gpif|Add1~205|cin
                Info (332115):     10.705      0.050 FF  CELL  U_core|U_fx3_gpif|Add1~205|cout
                Info (332115):     10.705      0.000 FF    IC  U_core|U_fx3_gpif|Add1~229|cin
                Info (332115):     10.705      0.000 FF  CELL  U_core|U_fx3_gpif|Add1~229|cout
                Info (332115):     10.705      0.000 FF    IC  U_core|U_fx3_gpif|Add1~225|cin
                Info (332115):     10.755      0.050 FF  CELL  U_core|U_fx3_gpif|Add1~225|cout
                Info (332115):     10.755      0.000 FF    IC  U_core|U_fx3_gpif|Add1~221|cin
                Info (332115):     10.755      0.000 FF  CELL  U_core|U_fx3_gpif|Add1~221|cout
                Info (332115):     10.755      0.000 FF    IC  U_core|U_fx3_gpif|Add1~217|cin
                Info (332115):     11.170      0.415 FF  CELL  U_core|U_fx3_gpif|Add1~217|sumout
                Info (332115):     11.170      0.000 FF    IC  U_core|U_fx3_gpif|current.tx_ts_plus32[62]|d
                Info (332115):     11.478      0.308 FF  CELL  bladerf_core:U_core|fx3_gpif:U_fx3_gpif|current.tx_ts_plus32[62]
                Info (332115): Clock Arrival Path:
                Info (332115): Total (ns)  Incr (ns)     Type  Element
                Info (332115): ==========  ========= ==  ====  ===================================
                Info (332115):      3.633      3.633  R        clock network delay
                Info (332115):      3.513     -0.120           clock uncertainty
                Info (332115):      3.513      0.000     uTsu  bladerf_core:U_core|fx3_gpif:U_fx3_gpif|current.tx_ts_plus32[62]
            Info (332181): Earliest Path Arrival
                Info (332115): From Node          : bladerf_core:U_core|handshake:U_handshake_timestamp|source_holding[5]
                Info (332115): To Node            : bladerf_core:U_core|fx3_gpif:U_fx3_gpif|current.tx_ts_plus32[6]
                Info (332115): Launch Clock       : U_core|U_nios_system|axi_ad9361_0|i_dev_if|i_rx|i_altlvds_rx|auto_generated|pll_sclk~PLL_OUTPUT_COUNTER|divclk
                Info (332115): Latch Clock        : U_core|U_fx3_pll|altera_pll_i|general[0].gpll~PLL_OUTPUT_COUNTER|divclk
                Info (332115): Data Arrival Time  : 5.754
                Info (332115): Clock Arrival Time : 5.202
                Info (332115): Relative Delay     : 0.552
                Info (332115): Data Arrival Path:
                Info (332115): Total (ns)  Incr (ns)     Type  Element
                Info (332115): ==========  ========= ==  ====  ===================================
                Info (332115):      4.764      4.764  R        clock network delay
                Info (332115):      4.764      0.000     uTco  bladerf_core:U_core|handshake:U_handshake_timestamp|source_holding[5]
                Info (332115):      4.764      0.000 FF  CELL  U_core|U_handshake_timestamp|source_holding[5]|q
                Info (332115):      5.148      0.384 FF    IC  U_core|U_fx3_gpif|Add1~5|datab
                Info (332115):      5.678      0.530 FF  CELL  U_core|U_fx3_gpif|Add1~5|sumout
                Info (332115):      5.678      0.000 FF    IC  U_core|U_fx3_gpif|current.tx_ts_plus32[6]|d
                Info (332115):      5.754      0.076 FF  CELL  bladerf_core:U_core|fx3_gpif:U_fx3_gpif|current.tx_ts_plus32[6]
                Info (332115): Clock Arrival Path:
                Info (332115): Total (ns)  Incr (ns)     Type  Element
                Info (332115): ==========  ========= ==  ====  ===================================
                Info (332115):      5.082      5.082  R        clock network delay
                Info (332115):      5.202      0.120           clock uncertainty
                Info (332115):      5.202      0.000      uTh  bladerf_core:U_core|fx3_gpif:U_fx3_gpif|current.tx_ts_plus32[6]
            Info (332181): Cross Path Clock Pessimism Removed : 2.765
            Info (332181): Required Skew   : 6.400
            Info (332181): Actual Skew     : 4.648
            Info (332181): Slack           : 1.752
        Info (332181): Path #8: Slack is 1.893 
            Info (332181): Latest Path Arrival
                Info (332115): From Node          : bladerf_core:U_core|handshake:U_handshake_timestamp|source_holding[26]
                Info (332115): To Node            : bladerf_core:U_core|fx3_gpif:U_fx3_gpif|current.tx_ts_plus32[62]
                Info (332115): Launch Clock       : U_core|U_nios_system|axi_ad9361_0|i_dev_if|i_rx|i_altlvds_rx|auto_generated|pll_sclk~PLL_OUTPUT_COUNTER|divclk
                Info (332115): Latch Clock        : U_core|U_fx3_pll|altera_pll_i|general[0].gpll~PLL_OUTPUT_COUNTER|divclk
                Info (332115): Data Arrival Time  : 11.478
                Info (332115): Clock Arrival Time : 3.513
                Info (332115): Relative Delay     : 7.965
                Info (332115): Data Arrival Path:
                Info (332115): Total (ns)  Incr (ns)     Type  Element
                Info (332115): ==========  ========= ==  ====  ===================================
                Info (332115):      6.333      6.333  R        clock network delay
                Info (332115):      6.333      0.000     uTco  bladerf_core:U_core|handshake:U_handshake_timestamp|source_holding[26]
                Info (332115):      6.333      0.000 FF  CELL  U_core|U_handshake_timestamp|source_holding[26]|q
                Info (332115):      8.899      2.566 FF    IC  U_core|U_fx3_gpif|Add1~77|datad
                Info (332115):      9.626      0.727 FF  CELL  U_core|U_fx3_gpif|Add1~77|cout
                Info (332115):      9.626      0.000 FF    IC  U_core|U_fx3_gpif|Add1~73|cin
                Info (332115):      9.626      0.000 FF  CELL  U_core|U_fx3_gpif|Add1~73|cout
                Info (332115):      9.626      0.000 FF    IC  U_core|U_fx3_gpif|Add1~69|cin
                Info (332115):      9.676      0.050 FF  CELL  U_core|U_fx3_gpif|Add1~69|cout
                Info (332115):      9.676      0.000 FF    IC  U_core|U_fx3_gpif|Add1~117|cin
                Info (332115):      9.676      0.000 FF  CELL  U_core|U_fx3_gpif|Add1~117|cout
                Info (332115):      9.676      0.000 FF    IC  U_core|U_fx3_gpif|Add1~113|cin
                Info (332115):      9.726      0.050 FF  CELL  U_core|U_fx3_gpif|Add1~113|cout
                Info (332115):      9.726      0.000 FF    IC  U_core|U_fx3_gpif|Add1~109|cin
                Info (332115):      9.726      0.000 FF  CELL  U_core|U_fx3_gpif|Add1~109|cout
                Info (332115):      9.726      0.000 FF    IC  U_core|U_fx3_gpif|Add1~93|cin
                Info (332115):      9.776      0.050 FF  CELL  U_core|U_fx3_gpif|Add1~93|cout
                Info (332115):      9.776      0.000 FF    IC  U_core|U_fx3_gpif|Add1~105|cin
                Info (332115):      9.776      0.000 FF  CELL  U_core|U_fx3_gpif|Add1~105|cout
                Info (332115):      9.776      0.000 FF    IC  U_core|U_fx3_gpif|Add1~101|cin
                Info (332115):      9.839      0.063 FF  CELL  U_core|U_fx3_gpif|Add1~101|cout
                Info (332115):      9.839      0.000 FF    IC  U_core|U_fx3_gpif|Add1~97|cin
                Info (332115):      9.839      0.000 FF  CELL  U_core|U_fx3_gpif|Add1~97|cout
                Info (332115):      9.839      0.000 FF    IC  U_core|U_fx3_gpif|Add1~145|cin
                Info (332115):      9.972      0.133 FF  CELL  U_core|U_fx3_gpif|Add1~145|cout
                Info (332115):      9.972      0.000 FF    IC  U_core|U_fx3_gpif|Add1~141|cin
                Info (332115):      9.972      0.000 FF  CELL  U_core|U_fx3_gpif|Add1~141|cout
                Info (332115):      9.972      0.000 FF    IC  U_core|U_fx3_gpif|Add1~137|cin
                Info (332115):     10.022      0.050 FF  CELL  U_core|U_fx3_gpif|Add1~137|cout
                Info (332115):     10.022      0.000 FF    IC  U_core|U_fx3_gpif|Add1~121|cin
                Info (332115):     10.022      0.000 FF  CELL  U_core|U_fx3_gpif|Add1~121|cout
                Info (332115):     10.022      0.000 FF    IC  U_core|U_fx3_gpif|Add1~133|cin
                Info (332115):     10.072      0.050 FF  CELL  U_core|U_fx3_gpif|Add1~133|cout
                Info (332115):     10.072      0.000 FF    IC  U_core|U_fx3_gpif|Add1~129|cin
                Info (332115):     10.072      0.000 FF  CELL  U_core|U_fx3_gpif|Add1~129|cout
                Info (332115):     10.072      0.000 FF    IC  U_core|U_fx3_gpif|Add1~125|cin
                Info (332115):     10.122      0.050 FF  CELL  U_core|U_fx3_gpif|Add1~125|cout
                Info (332115):     10.122      0.000 FF    IC  U_core|U_fx3_gpif|Add1~173|cin
                Info (332115):     10.122      0.000 FF  CELL  U_core|U_fx3_gpif|Add1~173|cout
                Info (332115):     10.122      0.000 FF    IC  U_core|U_fx3_gpif|Add1~169|cin
                Info (332115):     10.171      0.049 FF  CELL  U_core|U_fx3_gpif|Add1~169|cout
                Info (332115):     10.171      0.000 FF    IC  U_core|U_fx3_gpif|Add1~165|cin
                Info (332115):     10.171      0.000 FF  CELL  U_core|U_fx3_gpif|Add1~165|cout
                Info (332115):     10.171      0.000 FF    IC  U_core|U_fx3_gpif|Add1~149|cin
                Info (332115):     10.309      0.138 FF  CELL  U_core|U_fx3_gpif|Add1~149|cout
                Info (332115):     10.309      0.000 FF    IC  U_core|U_fx3_gpif|Add1~161|cin
                Info (332115):     10.309      0.000 FF  CELL  U_core|U_fx3_gpif|Add1~161|cout
                Info (332115):     10.309      0.000 FF    IC  U_core|U_fx3_gpif|Add1~157|cin
                Info (332115):     10.359      0.050 FF  CELL  U_core|U_fx3_gpif|Add1~157|cout
                Info (332115):     10.359      0.000 FF    IC  U_core|U_fx3_gpif|Add1~153|cin
                Info (332115):     10.359      0.000 FF  CELL  U_core|U_fx3_gpif|Add1~153|cout
                Info (332115):     10.359      0.000 FF    IC  U_core|U_fx3_gpif|Add1~201|cin
                Info (332115):     10.409      0.050 FF  CELL  U_core|U_fx3_gpif|Add1~201|cout
                Info (332115):     10.409      0.000 FF    IC  U_core|U_fx3_gpif|Add1~197|cin
                Info (332115):     10.409      0.000 FF  CELL  U_core|U_fx3_gpif|Add1~197|cout
                Info (332115):     10.409      0.000 FF    IC  U_core|U_fx3_gpif|Add1~193|cin
                Info (332115):     10.459      0.050 FF  CELL  U_core|U_fx3_gpif|Add1~193|cout
                Info (332115):     10.459      0.000 FF    IC  U_core|U_fx3_gpif|Add1~177|cin
                Info (332115):     10.459      0.000 FF  CELL  U_core|U_fx3_gpif|Add1~177|cout
                Info (332115):     10.459      0.000 FF    IC  U_core|U_fx3_gpif|Add1~189|cin
                Info (332115):     10.522      0.063 FF  CELL  U_core|U_fx3_gpif|Add1~189|cout
                Info (332115):     10.522      0.000 FF    IC  U_core|U_fx3_gpif|Add1~185|cin
                Info (332115):     10.522      0.000 FF  CELL  U_core|U_fx3_gpif|Add1~185|cout
                Info (332115):     10.522      0.000 FF    IC  U_core|U_fx3_gpif|Add1~181|cin
                Info (332115):     10.655      0.133 FF  CELL  U_core|U_fx3_gpif|Add1~181|cout
                Info (332115):     10.655      0.000 FF    IC  U_core|U_fx3_gpif|Add1~209|cin
                Info (332115):     10.655      0.000 FF  CELL  U_core|U_fx3_gpif|Add1~209|cout
                Info (332115):     10.655      0.000 FF    IC  U_core|U_fx3_gpif|Add1~205|cin
                Info (332115):     10.705      0.050 FF  CELL  U_core|U_fx3_gpif|Add1~205|cout
                Info (332115):     10.705      0.000 FF    IC  U_core|U_fx3_gpif|Add1~229|cin
                Info (332115):     10.705      0.000 FF  CELL  U_core|U_fx3_gpif|Add1~229|cout
                Info (332115):     10.705      0.000 FF    IC  U_core|U_fx3_gpif|Add1~225|cin
                Info (332115):     10.755      0.050 FF  CELL  U_core|U_fx3_gpif|Add1~225|cout
                Info (332115):     10.755      0.000 FF    IC  U_core|U_fx3_gpif|Add1~221|cin
                Info (332115):     10.755      0.000 FF  CELL  U_core|U_fx3_gpif|Add1~221|cout
                Info (332115):     10.755      0.000 FF    IC  U_core|U_fx3_gpif|Add1~217|cin
                Info (332115):     11.170      0.415 FF  CELL  U_core|U_fx3_gpif|Add1~217|sumout
                Info (332115):     11.170      0.000 FF    IC  U_core|U_fx3_gpif|current.tx_ts_plus32[62]|d
                Info (332115):     11.478      0.308 FF  CELL  bladerf_core:U_core|fx3_gpif:U_fx3_gpif|current.tx_ts_plus32[62]
                Info (332115): Clock Arrival Path:
                Info (332115): Total (ns)  Incr (ns)     Type  Element
                Info (332115): ==========  ========= ==  ====  ===================================
                Info (332115):      3.633      3.633  R        clock network delay
                Info (332115):      3.513     -0.120           clock uncertainty
                Info (332115):      3.513      0.000     uTsu  bladerf_core:U_core|fx3_gpif:U_fx3_gpif|current.tx_ts_plus32[62]
            Info (332181): Earliest Path Arrival
                Info (332115): From Node          : bladerf_core:U_core|handshake:U_handshake_timestamp|source_holding[6]
                Info (332115): To Node            : bladerf_core:U_core|fx3_gpif:U_fx3_gpif|current.tx_ts_plus32[7]
                Info (332115): Launch Clock       : U_core|U_nios_system|axi_ad9361_0|i_dev_if|i_rx|i_altlvds_rx|auto_generated|pll_sclk~PLL_OUTPUT_COUNTER|divclk
                Info (332115): Latch Clock        : U_core|U_fx3_pll|altera_pll_i|general[0].gpll~PLL_OUTPUT_COUNTER|divclk
                Info (332115): Data Arrival Time  : 5.914
                Info (332115): Clock Arrival Time : 5.221
                Info (332115): Relative Delay     : 0.693
                Info (332115): Data Arrival Path:
                Info (332115): Total (ns)  Incr (ns)     Type  Element
                Info (332115): ==========  ========= ==  ====  ===================================
                Info (332115):      4.764      4.764  R        clock network delay
                Info (332115):      4.764      0.000     uTco  bladerf_core:U_core|handshake:U_handshake_timestamp|source_holding[6]
                Info (332115):      4.764      0.000 FF  CELL  U_core|U_handshake_timestamp|source_holding[6]|q
                Info (332115):      5.151      0.387 FF    IC  U_core|U_fx3_gpif|Add1~5|datad
                Info (332115):      5.699      0.548 FF  CELL  U_core|U_fx3_gpif|Add1~5|cout
                Info (332115):      5.699      0.000 FF    IC  U_core|U_fx3_gpif|Add1~1|cin
                Info (332115):      5.839      0.140 FR  CELL  U_core|U_fx3_gpif|Add1~1|sumout
                Info (332115):      5.839      0.000 RR    IC  U_core|U_fx3_gpif|current.tx_ts_plus32[7]|d
                Info (332115):      5.914      0.075 RR  CELL  bladerf_core:U_core|fx3_gpif:U_fx3_gpif|current.tx_ts_plus32[7]
                Info (332115): Clock Arrival Path:
                Info (332115): Total (ns)  Incr (ns)     Type  Element
                Info (332115): ==========  ========= ==  ====  ===================================
                Info (332115):      5.101      5.101  R        clock network delay
                Info (332115):      5.221      0.120           clock uncertainty
                Info (332115):      5.221      0.000      uTh  bladerf_core:U_core|fx3_gpif:U_fx3_gpif|current.tx_ts_plus32[7]
            Info (332181): Cross Path Clock Pessimism Removed : 2.765
            Info (332181): Required Skew   : 6.400
            Info (332181): Actual Skew     : 4.507
            Info (332181): Slack           : 1.893
Info (332115): Worst-case slack is 3.851 for "set_max_skew -from [get_keepers {*time_tamer:rx_tamer|hold_time[*]}] -to [get_keepers {*time_tamer:rx_tamer|compare_time[*]}] -get_skew_value_from_clock_period dst_clock_period -skew_value_multiplier 0.800 "
    Info (332181): Skew for the Latest Arrival
        Info (332181): Path #9: Slack is 3.851 
            Info (332181): Latest Path Arrival
                Info (332115): From Node          : bladerf_core:U_core|nios_system:U_nios_system|time_tamer:rx_tamer|hold_time[21]
                Info (332115): To Node            : bladerf_core:U_core|nios_system:U_nios_system|time_tamer:rx_tamer|compare_time[21]
                Info (332115): Launch Clock       : U_core|U_system_pll|altera_pll_i|general[0].gpll~PLL_OUTPUT_COUNTER|divclk
                Info (332115): Latch Clock        : U_core|U_nios_system|axi_ad9361_0|i_dev_if|i_rx|i_altlvds_rx|auto_generated|pll_sclk~PLL_OUTPUT_COUNTER|divclk
                Info (332115): Data Arrival Time  : 6.001
                Info (332115): Clock Arrival Time : 4.592
                Info (332115): Relative Delay     : 1.409
                Info (332115): Data Arrival Path:
                Info (332115): Total (ns)  Incr (ns)     Type  Element
                Info (332115): ==========  ========= ==  ====  ===================================
                Info (332115):      3.357      3.357  R        clock network delay
                Info (332115):      3.357      0.000     uTco  bladerf_core:U_core|nios_system:U_nios_system|time_tamer:rx_tamer|hold_time[21]
                Info (332115):      3.357      0.000 FF  CELL  U_core|U_nios_system|rx_tamer|hold_time[21]|q
                Info (332115):      5.298      1.941 FF    IC  U_core|U_nios_system|rx_tamer|compare_time[21]|asdata
                Info (332115):      6.001      0.703 FF  CELL  bladerf_core:U_core|nios_system:U_nios_system|time_tamer:rx_tamer|compare_time[21]
                Info (332115): Clock Arrival Path:
                Info (332115): Total (ns)  Incr (ns)     Type  Element
                Info (332115): ==========  ========= ==  ====  ===================================
                Info (332115):      4.752      4.752  R        clock network delay
                Info (332115):      4.592     -0.160           clock uncertainty
                Info (332115):      4.592      0.000     uTsu  bladerf_core:U_core|nios_system:U_nios_system|time_tamer:rx_tamer|compare_time[21]
            Info (332181): Earliest Path Arrival
                Info (332115): From Node          : bladerf_core:U_core|nios_system:U_nios_system|time_tamer:rx_tamer|hold_time[45]
                Info (332115): To Node            : bladerf_core:U_core|nios_system:U_nios_system|time_tamer:rx_tamer|compare_time[45]
                Info (332115): Launch Clock       : U_core|U_system_pll|altera_pll_i|general[0].gpll~PLL_OUTPUT_COUNTER|divclk
                Info (332115): Latch Clock        : U_core|U_nios_system|axi_ad9361_0|i_dev_if|i_rx|i_altlvds_rx|auto_generated|pll_sclk~PLL_OUTPUT_COUNTER|divclk
                Info (332115): Data Arrival Time  : 2.553
                Info (332115): Clock Arrival Time : 6.522
                Info (332115): Relative Delay     : -3.969
                Info (332115): Data Arrival Path:
                Info (332115): Total (ns)  Incr (ns)     Type  Element
                Info (332115): ==========  ========= ==  ====  ===================================
                Info (332115):      1.806      1.806  R        clock network delay
                Info (332115):      1.806      0.000     uTco  bladerf_core:U_core|nios_system:U_nios_system|time_tamer:rx_tamer|hold_time[45]
                Info (332115):      1.806      0.000 FF  CELL  U_core|U_nios_system|rx_tamer|hold_time[45]|q
                Info (332115):      2.079      0.273 FF    IC  U_core|U_nios_system|rx_tamer|compare_time[45]~feeder|datac
                Info (332115):      2.470      0.391 FF  CELL  U_core|U_nios_system|rx_tamer|compare_time[45]~feeder|combout
                Info (332115):      2.470      0.000 FF    IC  U_core|U_nios_system|rx_tamer|compare_time[45]|d
                Info (332115):      2.553      0.083 FF  CELL  bladerf_core:U_core|nios_system:U_nios_system|time_tamer:rx_tamer|compare_time[45]
                Info (332115): Clock Arrival Path:
                Info (332115): Total (ns)  Incr (ns)     Type  Element
                Info (332115): ==========  ========= ==  ====  ===================================
                Info (332115):      6.362      6.362  R        clock network delay
                Info (332115):      6.522      0.160           clock uncertainty
                Info (332115):      6.522      0.000      uTh  bladerf_core:U_core|nios_system:U_nios_system|time_tamer:rx_tamer|compare_time[45]
            Info (332181): Cross Path Clock Pessimism Removed : 2.829
            Info (332181): Required Skew   : 6.400
            Info (332181): Actual Skew     : 2.549
            Info (332181): Slack           : 3.851
        Info (332181): Path #10: Slack is 3.857 
            Info (332181): Latest Path Arrival
                Info (332115): From Node          : bladerf_core:U_core|nios_system:U_nios_system|time_tamer:rx_tamer|hold_time[12]
                Info (332115): To Node            : bladerf_core:U_core|nios_system:U_nios_system|time_tamer:rx_tamer|compare_time[12]
                Info (332115): Launch Clock       : U_core|U_system_pll|altera_pll_i|general[0].gpll~PLL_OUTPUT_COUNTER|divclk
                Info (332115): Latch Clock        : U_core|U_nios_system|axi_ad9361_0|i_dev_if|i_rx|i_altlvds_rx|auto_generated|pll_sclk~PLL_OUTPUT_COUNTER|divclk
                Info (332115): Data Arrival Time  : 5.992
                Info (332115): Clock Arrival Time : 4.589
                Info (332115): Relative Delay     : 1.403
                Info (332115): Data Arrival Path:
                Info (332115): Total (ns)  Incr (ns)     Type  Element
                Info (332115): ==========  ========= ==  ====  ===================================
                Info (332115):      3.333      3.333  R        clock network delay
                Info (332115):      3.333      0.000     uTco  bladerf_core:U_core|nios_system:U_nios_system|time_tamer:rx_tamer|hold_time[12]
                Info (332115):      3.333      0.000 FF  CELL  U_core|U_nios_system|rx_tamer|hold_time[12]|q
                Info (332115):      5.263      1.930 FF    IC  U_core|U_nios_system|rx_tamer|compare_time[12]|asdata
                Info (332115):      5.992      0.729 FF  CELL  bladerf_core:U_core|nios_system:U_nios_system|time_tamer:rx_tamer|compare_time[12]
                Info (332115): Clock Arrival Path:
                Info (332115): Total (ns)  Incr (ns)     Type  Element
                Info (332115): ==========  ========= ==  ====  ===================================
                Info (332115):      4.749      4.749  R        clock network delay
                Info (332115):      4.589     -0.160           clock uncertainty
                Info (332115):      4.589      0.000     uTsu  bladerf_core:U_core|nios_system:U_nios_system|time_tamer:rx_tamer|compare_time[12]
            Info (332181): Earliest Path Arrival
                Info (332115): From Node          : bladerf_core:U_core|nios_system:U_nios_system|time_tamer:rx_tamer|hold_time[45]
                Info (332115): To Node            : bladerf_core:U_core|nios_system:U_nios_system|time_tamer:rx_tamer|compare_time[45]
                Info (332115): Launch Clock       : U_core|U_system_pll|altera_pll_i|general[0].gpll~PLL_OUTPUT_COUNTER|divclk
                Info (332115): Latch Clock        : U_core|U_nios_system|axi_ad9361_0|i_dev_if|i_rx|i_altlvds_rx|auto_generated|pll_sclk~PLL_OUTPUT_COUNTER|divclk
                Info (332115): Data Arrival Time  : 2.553
                Info (332115): Clock Arrival Time : 6.522
                Info (332115): Relative Delay     : -3.969
                Info (332115): Data Arrival Path:
                Info (332115): Total (ns)  Incr (ns)     Type  Element
                Info (332115): ==========  ========= ==  ====  ===================================
                Info (332115):      1.806      1.806  R        clock network delay
                Info (332115):      1.806      0.000     uTco  bladerf_core:U_core|nios_system:U_nios_system|time_tamer:rx_tamer|hold_time[45]
                Info (332115):      1.806      0.000 FF  CELL  U_core|U_nios_system|rx_tamer|hold_time[45]|q
                Info (332115):      2.079      0.273 FF    IC  U_core|U_nios_system|rx_tamer|compare_time[45]~feeder|datac
                Info (332115):      2.470      0.391 FF  CELL  U_core|U_nios_system|rx_tamer|compare_time[45]~feeder|combout
                Info (332115):      2.470      0.000 FF    IC  U_core|U_nios_system|rx_tamer|compare_time[45]|d
                Info (332115):      2.553      0.083 FF  CELL  bladerf_core:U_core|nios_system:U_nios_system|time_tamer:rx_tamer|compare_time[45]
                Info (332115): Clock Arrival Path:
                Info (332115): Total (ns)  Incr (ns)     Type  Element
                Info (332115): ==========  ========= ==  ====  ===================================
                Info (332115):      6.362      6.362  R        clock network delay
                Info (332115):      6.522      0.160           clock uncertainty
                Info (332115):      6.522      0.000      uTh  bladerf_core:U_core|nios_system:U_nios_system|time_tamer:rx_tamer|compare_time[45]
            Info (332181): Cross Path Clock Pessimism Removed : 2.829
            Info (332181): Required Skew   : 6.400
            Info (332181): Actual Skew     : 2.543
            Info (332181): Slack           : 3.857
        Info (332181): Path #11: Slack is 3.883 
            Info (332181): Latest Path Arrival
                Info (332115): From Node          : bladerf_core:U_core|nios_system:U_nios_system|time_tamer:rx_tamer|hold_time[58]
                Info (332115): To Node            : bladerf_core:U_core|nios_system:U_nios_system|time_tamer:rx_tamer|compare_time[58]
                Info (332115): Launch Clock       : U_core|U_system_pll|altera_pll_i|general[0].gpll~PLL_OUTPUT_COUNTER|divclk
                Info (332115): Latch Clock        : U_core|U_nios_system|axi_ad9361_0|i_dev_if|i_rx|i_altlvds_rx|auto_generated|pll_sclk~PLL_OUTPUT_COUNTER|divclk
                Info (332115): Data Arrival Time  : 5.993
                Info (332115): Clock Arrival Time : 4.592
                Info (332115): Relative Delay     : 1.401
                Info (332115): Data Arrival Path:
                Info (332115): Total (ns)  Incr (ns)     Type  Element
                Info (332115): ==========  ========= ==  ====  ===================================
                Info (332115):      3.348      3.348  R        clock network delay
                Info (332115):      3.348      0.000     uTco  bladerf_core:U_core|nios_system:U_nios_system|time_tamer:rx_tamer|hold_time[58]
                Info (332115):      3.348      0.000 FF  CELL  U_core|U_nios_system|rx_tamer|hold_time[58]|q
                Info (332115):      5.264      1.916 FF    IC  U_core|U_nios_system|rx_tamer|compare_time[58]|asdata
                Info (332115):      5.993      0.729 FF  CELL  bladerf_core:U_core|nios_system:U_nios_system|time_tamer:rx_tamer|compare_time[58]
                Info (332115): Clock Arrival Path:
                Info (332115): Total (ns)  Incr (ns)     Type  Element
                Info (332115): ==========  ========= ==  ====  ===================================
                Info (332115):      4.752      4.752  R        clock network delay
                Info (332115):      4.592     -0.160           clock uncertainty
                Info (332115):      4.592      0.000     uTsu  bladerf_core:U_core|nios_system:U_nios_system|time_tamer:rx_tamer|compare_time[58]
            Info (332181): Earliest Path Arrival
                Info (332115): From Node          : bladerf_core:U_core|nios_system:U_nios_system|time_tamer:rx_tamer|hold_time[45]
                Info (332115): To Node            : bladerf_core:U_core|nios_system:U_nios_system|time_tamer:rx_tamer|compare_time[45]
                Info (332115): Launch Clock       : U_core|U_system_pll|altera_pll_i|general[0].gpll~PLL_OUTPUT_COUNTER|divclk
                Info (332115): Latch Clock        : U_core|U_nios_system|axi_ad9361_0|i_dev_if|i_rx|i_altlvds_rx|auto_generated|pll_sclk~PLL_OUTPUT_COUNTER|divclk
                Info (332115): Data Arrival Time  : 2.553
                Info (332115): Clock Arrival Time : 6.522
                Info (332115): Relative Delay     : -3.969
                Info (332115): Data Arrival Path:
                Info (332115): Total (ns)  Incr (ns)     Type  Element
                Info (332115): ==========  ========= ==  ====  ===================================
                Info (332115):      1.806      1.806  R        clock network delay
                Info (332115):      1.806      0.000     uTco  bladerf_core:U_core|nios_system:U_nios_system|time_tamer:rx_tamer|hold_time[45]
                Info (332115):      1.806      0.000 FF  CELL  U_core|U_nios_system|rx_tamer|hold_time[45]|q
                Info (332115):      2.079      0.273 FF    IC  U_core|U_nios_system|rx_tamer|compare_time[45]~feeder|datac
                Info (332115):      2.470      0.391 FF  CELL  U_core|U_nios_system|rx_tamer|compare_time[45]~feeder|combout
                Info (332115):      2.470      0.000 FF    IC  U_core|U_nios_system|rx_tamer|compare_time[45]|d
                Info (332115):      2.553      0.083 FF  CELL  bladerf_core:U_core|nios_system:U_nios_system|time_tamer:rx_tamer|compare_time[45]
                Info (332115): Clock Arrival Path:
                Info (332115): Total (ns)  Incr (ns)     Type  Element
                Info (332115): ==========  ========= ==  ====  ===================================
                Info (332115):      6.362      6.362  R        clock network delay
                Info (332115):      6.522      0.160           clock uncertainty
                Info (332115):      6.522      0.000      uTh  bladerf_core:U_core|nios_system:U_nios_system|time_tamer:rx_tamer|compare_time[45]
            Info (332181): Cross Path Clock Pessimism Removed : 2.853
            Info (332181): Required Skew   : 6.400
            Info (332181): Actual Skew     : 2.517
            Info (332181): Slack           : 3.883
        Info (332181): Path #12: Slack is 3.889 
            Info (332181): Latest Path Arrival
                Info (332115): From Node          : bladerf_core:U_core|nios_system:U_nios_system|time_tamer:rx_tamer|hold_time[23]
                Info (332115): To Node            : bladerf_core:U_core|nios_system:U_nios_system|time_tamer:rx_tamer|compare_time[23]
                Info (332115): Launch Clock       : U_core|U_system_pll|altera_pll_i|general[0].gpll~PLL_OUTPUT_COUNTER|divclk
                Info (332115): Latch Clock        : U_core|U_nios_system|axi_ad9361_0|i_dev_if|i_rx|i_altlvds_rx|auto_generated|pll_sclk~PLL_OUTPUT_COUNTER|divclk
                Info (332115): Data Arrival Time  : 5.951
                Info (332115): Clock Arrival Time : 4.580
                Info (332115): Relative Delay     : 1.371
                Info (332115): Data Arrival Path:
                Info (332115): Total (ns)  Incr (ns)     Type  Element
                Info (332115): ==========  ========= ==  ====  ===================================
                Info (332115):      3.348      3.348  R        clock network delay
                Info (332115):      3.348      0.000     uTco  bladerf_core:U_core|nios_system:U_nios_system|time_tamer:rx_tamer|hold_time[23]
                Info (332115):      3.348      0.000 FF  CELL  U_core|U_nios_system|rx_tamer|hold_time[23]|q
                Info (332115):      5.225      1.877 FF    IC  U_core|U_nios_system|rx_tamer|compare_time[23]|asdata
                Info (332115):      5.951      0.726 FF  CELL  bladerf_core:U_core|nios_system:U_nios_system|time_tamer:rx_tamer|compare_time[23]
                Info (332115): Clock Arrival Path:
                Info (332115): Total (ns)  Incr (ns)     Type  Element
                Info (332115): ==========  ========= ==  ====  ===================================
                Info (332115):      4.740      4.740  R        clock network delay
                Info (332115):      4.580     -0.160           clock uncertainty
                Info (332115):      4.580      0.000     uTsu  bladerf_core:U_core|nios_system:U_nios_system|time_tamer:rx_tamer|compare_time[23]
            Info (332181): Earliest Path Arrival
                Info (332115): From Node          : bladerf_core:U_core|nios_system:U_nios_system|time_tamer:rx_tamer|hold_time[45]
                Info (332115): To Node            : bladerf_core:U_core|nios_system:U_nios_system|time_tamer:rx_tamer|compare_time[45]
                Info (332115): Launch Clock       : U_core|U_system_pll|altera_pll_i|general[0].gpll~PLL_OUTPUT_COUNTER|divclk
                Info (332115): Latch Clock        : U_core|U_nios_system|axi_ad9361_0|i_dev_if|i_rx|i_altlvds_rx|auto_generated|pll_sclk~PLL_OUTPUT_COUNTER|divclk
                Info (332115): Data Arrival Time  : 2.553
                Info (332115): Clock Arrival Time : 6.522
                Info (332115): Relative Delay     : -3.969
                Info (332115): Data Arrival Path:
                Info (332115): Total (ns)  Incr (ns)     Type  Element
                Info (332115): ==========  ========= ==  ====  ===================================
                Info (332115):      1.806      1.806  R        clock network delay
                Info (332115):      1.806      0.000     uTco  bladerf_core:U_core|nios_system:U_nios_system|time_tamer:rx_tamer|hold_time[45]
                Info (332115):      1.806      0.000 FF  CELL  U_core|U_nios_system|rx_tamer|hold_time[45]|q
                Info (332115):      2.079      0.273 FF    IC  U_core|U_nios_system|rx_tamer|compare_time[45]~feeder|datac
                Info (332115):      2.470      0.391 FF  CELL  U_core|U_nios_system|rx_tamer|compare_time[45]~feeder|combout
                Info (332115):      2.470      0.000 FF    IC  U_core|U_nios_system|rx_tamer|compare_time[45]|d
                Info (332115):      2.553      0.083 FF  CELL  bladerf_core:U_core|nios_system:U_nios_system|time_tamer:rx_tamer|compare_time[45]
                Info (332115): Clock Arrival Path:
                Info (332115): Total (ns)  Incr (ns)     Type  Element
                Info (332115): ==========  ========= ==  ====  ===================================
                Info (332115):      6.362      6.362  R        clock network delay
                Info (332115):      6.522      0.160           clock uncertainty
                Info (332115):      6.522      0.000      uTh  bladerf_core:U_core|nios_system:U_nios_system|time_tamer:rx_tamer|compare_time[45]
            Info (332181): Cross Path Clock Pessimism Removed : 2.829
            Info (332181): Required Skew   : 6.400
            Info (332181): Actual Skew     : 2.511
            Info (332181): Slack           : 3.889
    Info (332181): Skew for the Earliest Arrival
        Info (332181): Path #13: Slack is 3.851 
            Info (332181): Latest Path Arrival
                Info (332115): From Node          : bladerf_core:U_core|nios_system:U_nios_system|time_tamer:rx_tamer|hold_time[21]
                Info (332115): To Node            : bladerf_core:U_core|nios_system:U_nios_system|time_tamer:rx_tamer|compare_time[21]
                Info (332115): Launch Clock       : U_core|U_system_pll|altera_pll_i|general[0].gpll~PLL_OUTPUT_COUNTER|divclk
                Info (332115): Latch Clock        : U_core|U_nios_system|axi_ad9361_0|i_dev_if|i_rx|i_altlvds_rx|auto_generated|pll_sclk~PLL_OUTPUT_COUNTER|divclk
                Info (332115): Data Arrival Time  : 6.001
                Info (332115): Clock Arrival Time : 4.592
                Info (332115): Relative Delay     : 1.409
                Info (332115): Data Arrival Path:
                Info (332115): Total (ns)  Incr (ns)     Type  Element
                Info (332115): ==========  ========= ==  ====  ===================================
                Info (332115):      3.357      3.357  R        clock network delay
                Info (332115):      3.357      0.000     uTco  bladerf_core:U_core|nios_system:U_nios_system|time_tamer:rx_tamer|hold_time[21]
                Info (332115):      3.357      0.000 FF  CELL  U_core|U_nios_system|rx_tamer|hold_time[21]|q
                Info (332115):      5.298      1.941 FF    IC  U_core|U_nios_system|rx_tamer|compare_time[21]|asdata
                Info (332115):      6.001      0.703 FF  CELL  bladerf_core:U_core|nios_system:U_nios_system|time_tamer:rx_tamer|compare_time[21]
                Info (332115): Clock Arrival Path:
                Info (332115): Total (ns)  Incr (ns)     Type  Element
                Info (332115): ==========  ========= ==  ====  ===================================
                Info (332115):      4.752      4.752  R        clock network delay
                Info (332115):      4.592     -0.160           clock uncertainty
                Info (332115):      4.592      0.000     uTsu  bladerf_core:U_core|nios_system:U_nios_system|time_tamer:rx_tamer|compare_time[21]
            Info (332181): Earliest Path Arrival
                Info (332115): From Node          : bladerf_core:U_core|nios_system:U_nios_system|time_tamer:rx_tamer|hold_time[45]
                Info (332115): To Node            : bladerf_core:U_core|nios_system:U_nios_system|time_tamer:rx_tamer|compare_time[45]
                Info (332115): Launch Clock       : U_core|U_system_pll|altera_pll_i|general[0].gpll~PLL_OUTPUT_COUNTER|divclk
                Info (332115): Latch Clock        : U_core|U_nios_system|axi_ad9361_0|i_dev_if|i_rx|i_altlvds_rx|auto_generated|pll_sclk~PLL_OUTPUT_COUNTER|divclk
                Info (332115): Data Arrival Time  : 2.553
                Info (332115): Clock Arrival Time : 6.522
                Info (332115): Relative Delay     : -3.969
                Info (332115): Data Arrival Path:
                Info (332115): Total (ns)  Incr (ns)     Type  Element
                Info (332115): ==========  ========= ==  ====  ===================================
                Info (332115):      1.806      1.806  R        clock network delay
                Info (332115):      1.806      0.000     uTco  bladerf_core:U_core|nios_system:U_nios_system|time_tamer:rx_tamer|hold_time[45]
                Info (332115):      1.806      0.000 FF  CELL  U_core|U_nios_system|rx_tamer|hold_time[45]|q
                Info (332115):      2.079      0.273 FF    IC  U_core|U_nios_system|rx_tamer|compare_time[45]~feeder|datac
                Info (332115):      2.470      0.391 FF  CELL  U_core|U_nios_system|rx_tamer|compare_time[45]~feeder|combout
                Info (332115):      2.470      0.000 FF    IC  U_core|U_nios_system|rx_tamer|compare_time[45]|d
                Info (332115):      2.553      0.083 FF  CELL  bladerf_core:U_core|nios_system:U_nios_system|time_tamer:rx_tamer|compare_time[45]
                Info (332115): Clock Arrival Path:
                Info (332115): Total (ns)  Incr (ns)     Type  Element
                Info (332115): ==========  ========= ==  ====  ===================================
                Info (332115):      6.362      6.362  R        clock network delay
                Info (332115):      6.522      0.160           clock uncertainty
                Info (332115):      6.522      0.000      uTh  bladerf_core:U_core|nios_system:U_nios_system|time_tamer:rx_tamer|compare_time[45]
            Info (332181): Cross Path Clock Pessimism Removed : 2.829
            Info (332181): Required Skew   : 6.400
            Info (332181): Actual Skew     : 2.549
            Info (332181): Slack           : 3.851
        Info (332181): Path #14: Slack is 3.958 
            Info (332181): Latest Path Arrival
                Info (332115): From Node          : bladerf_core:U_core|nios_system:U_nios_system|time_tamer:rx_tamer|hold_time[21]
                Info (332115): To Node            : bladerf_core:U_core|nios_system:U_nios_system|time_tamer:rx_tamer|compare_time[21]
                Info (332115): Launch Clock       : U_core|U_system_pll|altera_pll_i|general[0].gpll~PLL_OUTPUT_COUNTER|divclk
                Info (332115): Latch Clock        : U_core|U_nios_system|axi_ad9361_0|i_dev_if|i_rx|i_altlvds_rx|auto_generated|pll_sclk~PLL_OUTPUT_COUNTER|divclk
                Info (332115): Data Arrival Time  : 6.001
                Info (332115): Clock Arrival Time : 4.592
                Info (332115): Relative Delay     : 1.409
                Info (332115): Data Arrival Path:
                Info (332115): Total (ns)  Incr (ns)     Type  Element
                Info (332115): ==========  ========= ==  ====  ===================================
                Info (332115):      3.357      3.357  R        clock network delay
                Info (332115):      3.357      0.000     uTco  bladerf_core:U_core|nios_system:U_nios_system|time_tamer:rx_tamer|hold_time[21]
                Info (332115):      3.357      0.000 FF  CELL  U_core|U_nios_system|rx_tamer|hold_time[21]|q
                Info (332115):      5.298      1.941 FF    IC  U_core|U_nios_system|rx_tamer|compare_time[21]|asdata
                Info (332115):      6.001      0.703 FF  CELL  bladerf_core:U_core|nios_system:U_nios_system|time_tamer:rx_tamer|compare_time[21]
                Info (332115): Clock Arrival Path:
                Info (332115): Total (ns)  Incr (ns)     Type  Element
                Info (332115): ==========  ========= ==  ====  ===================================
                Info (332115):      4.752      4.752  R        clock network delay
                Info (332115):      4.592     -0.160           clock uncertainty
                Info (332115):      4.592      0.000     uTsu  bladerf_core:U_core|nios_system:U_nios_system|time_tamer:rx_tamer|compare_time[21]
            Info (332181): Earliest Path Arrival
                Info (332115): From Node          : bladerf_core:U_core|nios_system:U_nios_system|time_tamer:rx_tamer|hold_time[34]
                Info (332115): To Node            : bladerf_core:U_core|nios_system:U_nios_system|time_tamer:rx_tamer|compare_time[34]
                Info (332115): Launch Clock       : U_core|U_system_pll|altera_pll_i|general[0].gpll~PLL_OUTPUT_COUNTER|divclk
                Info (332115): Latch Clock        : U_core|U_nios_system|axi_ad9361_0|i_dev_if|i_rx|i_altlvds_rx|auto_generated|pll_sclk~PLL_OUTPUT_COUNTER|divclk
                Info (332115): Data Arrival Time  : 2.649
                Info (332115): Clock Arrival Time : 6.511
                Info (332115): Relative Delay     : -3.862
                Info (332115): Data Arrival Path:
                Info (332115): Total (ns)  Incr (ns)     Type  Element
                Info (332115): ==========  ========= ==  ====  ===================================
                Info (332115):      1.800      1.800  R        clock network delay
                Info (332115):      1.800      0.000     uTco  bladerf_core:U_core|nios_system:U_nios_system|time_tamer:rx_tamer|hold_time[34]
                Info (332115):      1.800      0.000 FF  CELL  U_core|U_nios_system|rx_tamer|hold_time[34]|q
                Info (332115):      2.063      0.263 FF    IC  U_core|U_nios_system|rx_tamer|compare_time[34]~feeder|dataa
                Info (332115):      2.566      0.503 FF  CELL  U_core|U_nios_system|rx_tamer|compare_time[34]~feeder|combout
                Info (332115):      2.566      0.000 FF    IC  U_core|U_nios_system|rx_tamer|compare_time[34]|d
                Info (332115):      2.649      0.083 FF  CELL  bladerf_core:U_core|nios_system:U_nios_system|time_tamer:rx_tamer|compare_time[34]
                Info (332115): Clock Arrival Path:
                Info (332115): Total (ns)  Incr (ns)     Type  Element
                Info (332115): ==========  ========= ==  ====  ===================================
                Info (332115):      6.351      6.351  R        clock network delay
                Info (332115):      6.511      0.160           clock uncertainty
                Info (332115):      6.511      0.000      uTh  bladerf_core:U_core|nios_system:U_nios_system|time_tamer:rx_tamer|compare_time[34]
            Info (332181): Cross Path Clock Pessimism Removed : 2.829
            Info (332181): Required Skew   : 6.400
            Info (332181): Actual Skew     : 2.442
            Info (332181): Slack           : 3.958
        Info (332181): Path #15: Slack is 3.982 
            Info (332181): Latest Path Arrival
                Info (332115): From Node          : bladerf_core:U_core|nios_system:U_nios_system|time_tamer:rx_tamer|hold_time[21]
                Info (332115): To Node            : bladerf_core:U_core|nios_system:U_nios_system|time_tamer:rx_tamer|compare_time[21]
                Info (332115): Launch Clock       : U_core|U_system_pll|altera_pll_i|general[0].gpll~PLL_OUTPUT_COUNTER|divclk
                Info (332115): Latch Clock        : U_core|U_nios_system|axi_ad9361_0|i_dev_if|i_rx|i_altlvds_rx|auto_generated|pll_sclk~PLL_OUTPUT_COUNTER|divclk
                Info (332115): Data Arrival Time  : 6.001
                Info (332115): Clock Arrival Time : 4.592
                Info (332115): Relative Delay     : 1.409
                Info (332115): Data Arrival Path:
                Info (332115): Total (ns)  Incr (ns)     Type  Element
                Info (332115): ==========  ========= ==  ====  ===================================
                Info (332115):      3.357      3.357  R        clock network delay
                Info (332115):      3.357      0.000     uTco  bladerf_core:U_core|nios_system:U_nios_system|time_tamer:rx_tamer|hold_time[21]
                Info (332115):      3.357      0.000 FF  CELL  U_core|U_nios_system|rx_tamer|hold_time[21]|q
                Info (332115):      5.298      1.941 FF    IC  U_core|U_nios_system|rx_tamer|compare_time[21]|asdata
                Info (332115):      6.001      0.703 FF  CELL  bladerf_core:U_core|nios_system:U_nios_system|time_tamer:rx_tamer|compare_time[21]
                Info (332115): Clock Arrival Path:
                Info (332115): Total (ns)  Incr (ns)     Type  Element
                Info (332115): ==========  ========= ==  ====  ===================================
                Info (332115):      4.752      4.752  R        clock network delay
                Info (332115):      4.592     -0.160           clock uncertainty
                Info (332115):      4.592      0.000     uTsu  bladerf_core:U_core|nios_system:U_nios_system|time_tamer:rx_tamer|compare_time[21]
            Info (332181): Earliest Path Arrival
                Info (332115): From Node          : bladerf_core:U_core|nios_system:U_nios_system|time_tamer:rx_tamer|hold_time[49]
                Info (332115): To Node            : bladerf_core:U_core|nios_system:U_nios_system|time_tamer:rx_tamer|compare_time[49]
                Info (332115): Launch Clock       : U_core|U_system_pll|altera_pll_i|general[0].gpll~PLL_OUTPUT_COUNTER|divclk
                Info (332115): Latch Clock        : U_core|U_nios_system|axi_ad9361_0|i_dev_if|i_rx|i_altlvds_rx|auto_generated|pll_sclk~PLL_OUTPUT_COUNTER|divclk
                Info (332115): Data Arrival Time  : 2.657
                Info (332115): Clock Arrival Time : 6.495
                Info (332115): Relative Delay     : -3.838
                Info (332115): Data Arrival Path:
                Info (332115): Total (ns)  Incr (ns)     Type  Element
                Info (332115): ==========  ========= ==  ====  ===================================
                Info (332115):      1.821      1.821  R        clock network delay
                Info (332115):      1.821      0.000     uTco  bladerf_core:U_core|nios_system:U_nios_system|time_tamer:rx_tamer|hold_time[49]
                Info (332115):      1.821      0.000 FF  CELL  U_core|U_nios_system|rx_tamer|hold_time[49]|q
                Info (332115):      2.073      0.252 FF    IC  U_core|U_nios_system|rx_tamer|compare_time[49]~feeder|dataa
                Info (332115):      2.576      0.503 FF  CELL  U_core|U_nios_system|rx_tamer|compare_time[49]~feeder|combout
                Info (332115):      2.576      0.000 FF    IC  U_core|U_nios_system|rx_tamer|compare_time[49]|d
                Info (332115):      2.657      0.081 FF  CELL  bladerf_core:U_core|nios_system:U_nios_system|time_tamer:rx_tamer|compare_time[49]
                Info (332115): Clock Arrival Path:
                Info (332115): Total (ns)  Incr (ns)     Type  Element
                Info (332115): ==========  ========= ==  ====  ===================================
                Info (332115):      6.335      6.335  R        clock network delay
                Info (332115):      6.495      0.160           clock uncertainty
                Info (332115):      6.495      0.000      uTh  bladerf_core:U_core|nios_system:U_nios_system|time_tamer:rx_tamer|compare_time[49]
            Info (332181): Cross Path Clock Pessimism Removed : 2.829
            Info (332181): Required Skew   : 6.400
            Info (332181): Actual Skew     : 2.418
            Info (332181): Slack           : 3.982
        Info (332181): Path #16: Slack is 3.990 
            Info (332181): Latest Path Arrival
                Info (332115): From Node          : bladerf_core:U_core|nios_system:U_nios_system|time_tamer:rx_tamer|hold_time[12]
                Info (332115): To Node            : bladerf_core:U_core|nios_system:U_nios_system|time_tamer:rx_tamer|compare_time[12]
                Info (332115): Launch Clock       : U_core|U_system_pll|altera_pll_i|general[0].gpll~PLL_OUTPUT_COUNTER|divclk
                Info (332115): Latch Clock        : U_core|U_nios_system|axi_ad9361_0|i_dev_if|i_rx|i_altlvds_rx|auto_generated|pll_sclk~PLL_OUTPUT_COUNTER|divclk
                Info (332115): Data Arrival Time  : 5.992
                Info (332115): Clock Arrival Time : 4.589
                Info (332115): Relative Delay     : 1.403
                Info (332115): Data Arrival Path:
                Info (332115): Total (ns)  Incr (ns)     Type  Element
                Info (332115): ==========  ========= ==  ====  ===================================
                Info (332115):      3.333      3.333  R        clock network delay
                Info (332115):      3.333      0.000     uTco  bladerf_core:U_core|nios_system:U_nios_system|time_tamer:rx_tamer|hold_time[12]
                Info (332115):      3.333      0.000 FF  CELL  U_core|U_nios_system|rx_tamer|hold_time[12]|q
                Info (332115):      5.263      1.930 FF    IC  U_core|U_nios_system|rx_tamer|compare_time[12]|asdata
                Info (332115):      5.992      0.729 FF  CELL  bladerf_core:U_core|nios_system:U_nios_system|time_tamer:rx_tamer|compare_time[12]
                Info (332115): Clock Arrival Path:
                Info (332115): Total (ns)  Incr (ns)     Type  Element
                Info (332115): ==========  ========= ==  ====  ===================================
                Info (332115):      4.749      4.749  R        clock network delay
                Info (332115):      4.589     -0.160           clock uncertainty
                Info (332115):      4.589      0.000     uTsu  bladerf_core:U_core|nios_system:U_nios_system|time_tamer:rx_tamer|compare_time[12]
            Info (332181): Earliest Path Arrival
                Info (332115): From Node          : bladerf_core:U_core|nios_system:U_nios_system|time_tamer:rx_tamer|hold_time[16]
                Info (332115): To Node            : bladerf_core:U_core|nios_system:U_nios_system|time_tamer:rx_tamer|compare_time[16]
                Info (332115): Launch Clock       : U_core|U_system_pll|altera_pll_i|general[0].gpll~PLL_OUTPUT_COUNTER|divclk
                Info (332115): Latch Clock        : U_core|U_nios_system|axi_ad9361_0|i_dev_if|i_rx|i_altlvds_rx|auto_generated|pll_sclk~PLL_OUTPUT_COUNTER|divclk
                Info (332115): Data Arrival Time  : 2.653
                Info (332115): Clock Arrival Time : 6.489
                Info (332115): Relative Delay     : -3.836
                Info (332115): Data Arrival Path:
                Info (332115): Total (ns)  Incr (ns)     Type  Element
                Info (332115): ==========  ========= ==  ====  ===================================
                Info (332115):      1.808      1.808  R        clock network delay
                Info (332115):      1.808      0.000     uTco  bladerf_core:U_core|nios_system:U_nios_system|time_tamer:rx_tamer|hold_time[16]
                Info (332115):      1.808      0.000 FF  CELL  U_core|U_nios_system|rx_tamer|hold_time[16]|q
                Info (332115):      2.069      0.261 FF    IC  U_core|U_nios_system|rx_tamer|compare_time[16]~feeder|dataa
                Info (332115):      2.572      0.503 FF  CELL  U_core|U_nios_system|rx_tamer|compare_time[16]~feeder|combout
                Info (332115):      2.572      0.000 FF    IC  U_core|U_nios_system|rx_tamer|compare_time[16]|d
                Info (332115):      2.653      0.081 FF  CELL  bladerf_core:U_core|nios_system:U_nios_system|time_tamer:rx_tamer|compare_time[16]
                Info (332115): Clock Arrival Path:
                Info (332115): Total (ns)  Incr (ns)     Type  Element
                Info (332115): ==========  ========= ==  ====  ===================================
                Info (332115):      6.329      6.329  R        clock network delay
                Info (332115):      6.489      0.160           clock uncertainty
                Info (332115):      6.489      0.000      uTh  bladerf_core:U_core|nios_system:U_nios_system|time_tamer:rx_tamer|compare_time[16]
            Info (332181): Cross Path Clock Pessimism Removed : 2.829
            Info (332181): Required Skew   : 6.400
            Info (332181): Actual Skew     : 2.410
            Info (332181): Slack           : 3.990
Info (332115): Worst-case slack is 3.876 for "set_max_skew -from [get_keepers {*time_tamer:tx_tamer|handshake:U_current|source_holding[*]}] -to [get_keepers {*time_tamer:tx_tamer|current_time_q[*]}] 6.400 "
    Info (332181): Skew for the Latest Arrival
        Info (332181): Path #17: Slack is 3.876 
            Info (332181): Latest Path Arrival
                Info (332115): From Node          : bladerf_core:U_core|nios_system:U_nios_system|time_tamer:tx_tamer|handshake:U_current|source_holding[49]
                Info (332115): To Node            : bladerf_core:U_core|nios_system:U_nios_system|time_tamer:tx_tamer|current_time_q[49]
                Info (332115): Launch Clock       : U_core|U_nios_system|axi_ad9361_0|i_dev_if|i_rx|i_altlvds_rx|auto_generated|pll_sclk~PLL_OUTPUT_COUNTER|divclk
                Info (332115): Latch Clock        : U_core|U_system_pll|altera_pll_i|general[0].gpll~PLL_OUTPUT_COUNTER|divclk
                Info (332115): Data Arrival Time  : 8.974
                Info (332115): Clock Arrival Time : 1.610
                Info (332115): Relative Delay     : 7.364
                Info (332115): Data Arrival Path:
                Info (332115): Total (ns)  Incr (ns)     Type  Element
                Info (332115): ==========  ========= ==  ====  ===================================
                Info (332115):      6.372      6.372  R        clock network delay
                Info (332115):      6.372      0.000     uTco  bladerf_core:U_core|nios_system:U_nios_system|time_tamer:tx_tamer|handshake:U_current|source_holding[49]
                Info (332115):      6.372      0.000 FF  CELL  U_core|U_nios_system|tx_tamer|U_current|source_holding[49]|q
                Info (332115):      8.247      1.875 FF    IC  U_core|U_nios_system|tx_tamer|current_time_q[49]|asdata
                Info (332115):      8.974      0.727 FF  CELL  bladerf_core:U_core|nios_system:U_nios_system|time_tamer:tx_tamer|current_time_q[49]
                Info (332115): Clock Arrival Path:
                Info (332115): Total (ns)  Incr (ns)     Type  Element
                Info (332115): ==========  ========= ==  ====  ===================================
                Info (332115):      1.770      1.770  R        clock network delay
                Info (332115):      1.610     -0.160           clock uncertainty
                Info (332115):      1.610      0.000     uTsu  bladerf_core:U_core|nios_system:U_nios_system|time_tamer:tx_tamer|current_time_q[49]
            Info (332181): Earliest Path Arrival
                Info (332115): From Node          : bladerf_core:U_core|nios_system:U_nios_system|time_tamer:tx_tamer|handshake:U_current|source_holding[47]
                Info (332115): To Node            : bladerf_core:U_core|nios_system:U_nios_system|time_tamer:tx_tamer|current_time_q[47]
                Info (332115): Launch Clock       : U_core|U_nios_system|axi_ad9361_0|i_dev_if|i_rx|i_altlvds_rx|auto_generated|pll_sclk~PLL_OUTPUT_COUNTER|divclk
                Info (332115): Latch Clock        : U_core|U_system_pll|altera_pll_i|general[0].gpll~PLL_OUTPUT_COUNTER|divclk
                Info (332115): Data Arrival Time  : 5.433
                Info (332115): Clock Arrival Time : 3.474
                Info (332115): Relative Delay     : 1.959
                Info (332115): Data Arrival Path:
                Info (332115): Total (ns)  Incr (ns)     Type  Element
                Info (332115): ==========  ========= ==  ====  ===================================
                Info (332115):      4.773      4.773  R        clock network delay
                Info (332115):      4.773      0.000     uTco  bladerf_core:U_core|nios_system:U_nios_system|time_tamer:tx_tamer|handshake:U_current|source_holding[47]
                Info (332115):      4.773      0.000 FF  CELL  U_core|U_nios_system|tx_tamer|U_current|source_holding[47]|q
                Info (332115):      5.065      0.292 FF    IC  U_core|U_nios_system|tx_tamer|current_time_q[47]|asdata
                Info (332115):      5.433      0.368 FF  CELL  bladerf_core:U_core|nios_system:U_nios_system|time_tamer:tx_tamer|current_time_q[47]
                Info (332115): Clock Arrival Path:
                Info (332115): Total (ns)  Incr (ns)     Type  Element
                Info (332115): ==========  ========= ==  ====  ===================================
                Info (332115):      3.314      3.314  R        clock network delay
                Info (332115):      3.474      0.160           clock uncertainty
                Info (332115):      3.474      0.000      uTh  bladerf_core:U_core|nios_system:U_nios_system|time_tamer:tx_tamer|current_time_q[47]
            Info (332181): Cross Path Clock Pessimism Removed : 2.881
            Info (332181): Required Skew   : 6.400
            Info (332181): Actual Skew     : 2.524
            Info (332181): Slack           : 3.876
        Info (332181): Path #18: Slack is 3.949 
            Info (332181): Latest Path Arrival
                Info (332115): From Node          : bladerf_core:U_core|nios_system:U_nios_system|time_tamer:tx_tamer|handshake:U_current|source_holding[37]
                Info (332115): To Node            : bladerf_core:U_core|nios_system:U_nios_system|time_tamer:tx_tamer|current_time_q[37]
                Info (332115): Launch Clock       : U_core|U_nios_system|axi_ad9361_0|i_dev_if|i_rx|i_altlvds_rx|auto_generated|pll_sclk~PLL_OUTPUT_COUNTER|divclk
                Info (332115): Latch Clock        : U_core|U_system_pll|altera_pll_i|general[0].gpll~PLL_OUTPUT_COUNTER|divclk
                Info (332115): Data Arrival Time  : 8.863
                Info (332115): Clock Arrival Time : 1.623
                Info (332115): Relative Delay     : 7.240
                Info (332115): Data Arrival Path:
                Info (332115): Total (ns)  Incr (ns)     Type  Element
                Info (332115): ==========  ========= ==  ====  ===================================
                Info (332115):      6.348      6.348  R        clock network delay
                Info (332115):      6.348      0.000     uTco  bladerf_core:U_core|nios_system:U_nios_system|time_tamer:tx_tamer|handshake:U_current|source_holding[37]
                Info (332115):      6.348      0.000 FF  CELL  U_core|U_nios_system|tx_tamer|U_current|source_holding[37]|q
                Info (332115):      8.136      1.788 FF    IC  U_core|U_nios_system|tx_tamer|current_time_q[37]|asdata
                Info (332115):      8.863      0.727 FF  CELL  bladerf_core:U_core|nios_system:U_nios_system|time_tamer:tx_tamer|current_time_q[37]
                Info (332115): Clock Arrival Path:
                Info (332115): Total (ns)  Incr (ns)     Type  Element
                Info (332115): ==========  ========= ==  ====  ===================================
                Info (332115):      1.783      1.783  R        clock network delay
                Info (332115):      1.623     -0.160           clock uncertainty
                Info (332115):      1.623      0.000     uTsu  bladerf_core:U_core|nios_system:U_nios_system|time_tamer:tx_tamer|current_time_q[37]
            Info (332181): Earliest Path Arrival
                Info (332115): From Node          : bladerf_core:U_core|nios_system:U_nios_system|time_tamer:tx_tamer|handshake:U_current|source_holding[47]
                Info (332115): To Node            : bladerf_core:U_core|nios_system:U_nios_system|time_tamer:tx_tamer|current_time_q[47]
                Info (332115): Launch Clock       : U_core|U_nios_system|axi_ad9361_0|i_dev_if|i_rx|i_altlvds_rx|auto_generated|pll_sclk~PLL_OUTPUT_COUNTER|divclk
                Info (332115): Latch Clock        : U_core|U_system_pll|altera_pll_i|general[0].gpll~PLL_OUTPUT_COUNTER|divclk
                Info (332115): Data Arrival Time  : 5.433
                Info (332115): Clock Arrival Time : 3.474
                Info (332115): Relative Delay     : 1.959
                Info (332115): Data Arrival Path:
                Info (332115): Total (ns)  Incr (ns)     Type  Element
                Info (332115): ==========  ========= ==  ====  ===================================
                Info (332115):      4.773      4.773  R        clock network delay
                Info (332115):      4.773      0.000     uTco  bladerf_core:U_core|nios_system:U_nios_system|time_tamer:tx_tamer|handshake:U_current|source_holding[47]
                Info (332115):      4.773      0.000 FF  CELL  U_core|U_nios_system|tx_tamer|U_current|source_holding[47]|q
                Info (332115):      5.065      0.292 FF    IC  U_core|U_nios_system|tx_tamer|current_time_q[47]|asdata
                Info (332115):      5.433      0.368 FF  CELL  bladerf_core:U_core|nios_system:U_nios_system|time_tamer:tx_tamer|current_time_q[47]
                Info (332115): Clock Arrival Path:
                Info (332115): Total (ns)  Incr (ns)     Type  Element
                Info (332115): ==========  ========= ==  ====  ===================================
                Info (332115):      3.314      3.314  R        clock network delay
                Info (332115):      3.474      0.160           clock uncertainty
                Info (332115):      3.474      0.000      uTh  bladerf_core:U_core|nios_system:U_nios_system|time_tamer:tx_tamer|current_time_q[47]
            Info (332181): Cross Path Clock Pessimism Removed : 2.830
            Info (332181): Required Skew   : 6.400
            Info (332181): Actual Skew     : 2.451
            Info (332181): Slack           : 3.949
        Info (332181): Path #19: Slack is 4.164 
            Info (332181): Latest Path Arrival
                Info (332115): From Node          : bladerf_core:U_core|nios_system:U_nios_system|time_tamer:tx_tamer|handshake:U_current|source_holding[51]
                Info (332115): To Node            : bladerf_core:U_core|nios_system:U_nios_system|time_tamer:tx_tamer|current_time_q[51]
                Info (332115): Launch Clock       : U_core|U_nios_system|axi_ad9361_0|i_dev_if|i_rx|i_altlvds_rx|auto_generated|pll_sclk~PLL_OUTPUT_COUNTER|divclk
                Info (332115): Latch Clock        : U_core|U_system_pll|altera_pll_i|general[0].gpll~PLL_OUTPUT_COUNTER|divclk
                Info (332115): Data Arrival Time  : 8.640
                Info (332115): Clock Arrival Time : 1.615
                Info (332115): Relative Delay     : 7.025
                Info (332115): Data Arrival Path:
                Info (332115): Total (ns)  Incr (ns)     Type  Element
                Info (332115): ==========  ========= ==  ====  ===================================
                Info (332115):      6.350      6.350  R        clock network delay
                Info (332115):      6.350      0.000     uTco  bladerf_core:U_core|nios_system:U_nios_system|time_tamer:tx_tamer|handshake:U_current|source_holding[51]
                Info (332115):      6.350      0.000 FF  CELL  U_core|U_nios_system|tx_tamer|U_current|source_holding[51]|q
                Info (332115):      7.913      1.563 FF    IC  U_core|U_nios_system|tx_tamer|current_time_q[51]|asdata
                Info (332115):      8.640      0.727 FF  CELL  bladerf_core:U_core|nios_system:U_nios_system|time_tamer:tx_tamer|current_time_q[51]
                Info (332115): Clock Arrival Path:
                Info (332115): Total (ns)  Incr (ns)     Type  Element
                Info (332115): ==========  ========= ==  ====  ===================================
                Info (332115):      1.775      1.775  R        clock network delay
                Info (332115):      1.615     -0.160           clock uncertainty
                Info (332115):      1.615      0.000     uTsu  bladerf_core:U_core|nios_system:U_nios_system|time_tamer:tx_tamer|current_time_q[51]
            Info (332181): Earliest Path Arrival
                Info (332115): From Node          : bladerf_core:U_core|nios_system:U_nios_system|time_tamer:tx_tamer|handshake:U_current|source_holding[47]
                Info (332115): To Node            : bladerf_core:U_core|nios_system:U_nios_system|time_tamer:tx_tamer|current_time_q[47]
                Info (332115): Launch Clock       : U_core|U_nios_system|axi_ad9361_0|i_dev_if|i_rx|i_altlvds_rx|auto_generated|pll_sclk~PLL_OUTPUT_COUNTER|divclk
                Info (332115): Latch Clock        : U_core|U_system_pll|altera_pll_i|general[0].gpll~PLL_OUTPUT_COUNTER|divclk
                Info (332115): Data Arrival Time  : 5.433
                Info (332115): Clock Arrival Time : 3.474
                Info (332115): Relative Delay     : 1.959
                Info (332115): Data Arrival Path:
                Info (332115): Total (ns)  Incr (ns)     Type  Element
                Info (332115): ==========  ========= ==  ====  ===================================
                Info (332115):      4.773      4.773  R        clock network delay
                Info (332115):      4.773      0.000     uTco  bladerf_core:U_core|nios_system:U_nios_system|time_tamer:tx_tamer|handshake:U_current|source_holding[47]
                Info (332115):      4.773      0.000 FF  CELL  U_core|U_nios_system|tx_tamer|U_current|source_holding[47]|q
                Info (332115):      5.065      0.292 FF    IC  U_core|U_nios_system|tx_tamer|current_time_q[47]|asdata
                Info (332115):      5.433      0.368 FF  CELL  bladerf_core:U_core|nios_system:U_nios_system|time_tamer:tx_tamer|current_time_q[47]
                Info (332115): Clock Arrival Path:
                Info (332115): Total (ns)  Incr (ns)     Type  Element
                Info (332115): ==========  ========= ==  ====  ===================================
                Info (332115):      3.314      3.314  R        clock network delay
                Info (332115):      3.474      0.160           clock uncertainty
                Info (332115):      3.474      0.000      uTh  bladerf_core:U_core|nios_system:U_nios_system|time_tamer:tx_tamer|current_time_q[47]
            Info (332181): Cross Path Clock Pessimism Removed : 2.830
            Info (332181): Required Skew   : 6.400
            Info (332181): Actual Skew     : 2.236
            Info (332181): Slack           : 4.164
        Info (332181): Path #20: Slack is 4.179 
            Info (332181): Latest Path Arrival
                Info (332115): From Node          : bladerf_core:U_core|nios_system:U_nios_system|time_tamer:tx_tamer|handshake:U_current|source_holding[23]
                Info (332115): To Node            : bladerf_core:U_core|nios_system:U_nios_system|time_tamer:tx_tamer|current_time_q[23]
                Info (332115): Launch Clock       : U_core|U_nios_system|axi_ad9361_0|i_dev_if|i_rx|i_altlvds_rx|auto_generated|pll_sclk~PLL_OUTPUT_COUNTER|divclk
                Info (332115): Latch Clock        : U_core|U_system_pll|altera_pll_i|general[0].gpll~PLL_OUTPUT_COUNTER|divclk
                Info (332115): Data Arrival Time  : 8.628
                Info (332115): Clock Arrival Time : 1.618
                Info (332115): Relative Delay     : 7.010
                Info (332115): Data Arrival Path:
                Info (332115): Total (ns)  Incr (ns)     Type  Element
                Info (332115): ==========  ========= ==  ====  ===================================
                Info (332115):      6.349      6.349  R        clock network delay
                Info (332115):      6.349      0.000     uTco  bladerf_core:U_core|nios_system:U_nios_system|time_tamer:tx_tamer|handshake:U_current|source_holding[23]
                Info (332115):      6.349      0.000 FF  CELL  U_core|U_nios_system|tx_tamer|U_current|source_holding[23]|q
                Info (332115):      7.901      1.552 FF    IC  U_core|U_nios_system|tx_tamer|current_time_q[23]|asdata
                Info (332115):      8.628      0.727 FF  CELL  bladerf_core:U_core|nios_system:U_nios_system|time_tamer:tx_tamer|current_time_q[23]
                Info (332115): Clock Arrival Path:
                Info (332115): Total (ns)  Incr (ns)     Type  Element
                Info (332115): ==========  ========= ==  ====  ===================================
                Info (332115):      1.778      1.778  R        clock network delay
                Info (332115):      1.618     -0.160           clock uncertainty
                Info (332115):      1.618      0.000     uTsu  bladerf_core:U_core|nios_system:U_nios_system|time_tamer:tx_tamer|current_time_q[23]
            Info (332181): Earliest Path Arrival
                Info (332115): From Node          : bladerf_core:U_core|nios_system:U_nios_system|time_tamer:tx_tamer|handshake:U_current|source_holding[47]
                Info (332115): To Node            : bladerf_core:U_core|nios_system:U_nios_system|time_tamer:tx_tamer|current_time_q[47]
                Info (332115): Launch Clock       : U_core|U_nios_system|axi_ad9361_0|i_dev_if|i_rx|i_altlvds_rx|auto_generated|pll_sclk~PLL_OUTPUT_COUNTER|divclk
                Info (332115): Latch Clock        : U_core|U_system_pll|altera_pll_i|general[0].gpll~PLL_OUTPUT_COUNTER|divclk
                Info (332115): Data Arrival Time  : 5.433
                Info (332115): Clock Arrival Time : 3.474
                Info (332115): Relative Delay     : 1.959
                Info (332115): Data Arrival Path:
                Info (332115): Total (ns)  Incr (ns)     Type  Element
                Info (332115): ==========  ========= ==  ====  ===================================
                Info (332115):      4.773      4.773  R        clock network delay
                Info (332115):      4.773      0.000     uTco  bladerf_core:U_core|nios_system:U_nios_system|time_tamer:tx_tamer|handshake:U_current|source_holding[47]
                Info (332115):      4.773      0.000 FF  CELL  U_core|U_nios_system|tx_tamer|U_current|source_holding[47]|q
                Info (332115):      5.065      0.292 FF    IC  U_core|U_nios_system|tx_tamer|current_time_q[47]|asdata
                Info (332115):      5.433      0.368 FF  CELL  bladerf_core:U_core|nios_system:U_nios_system|time_tamer:tx_tamer|current_time_q[47]
                Info (332115): Clock Arrival Path:
                Info (332115): Total (ns)  Incr (ns)     Type  Element
                Info (332115): ==========  ========= ==  ====  ===================================
                Info (332115):      3.314      3.314  R        clock network delay
                Info (332115):      3.474      0.160           clock uncertainty
                Info (332115):      3.474      0.000      uTh  bladerf_core:U_core|nios_system:U_nios_system|time_tamer:tx_tamer|current_time_q[47]
            Info (332181): Cross Path Clock Pessimism Removed : 2.830
            Info (332181): Required Skew   : 6.400
            Info (332181): Actual Skew     : 2.221
            Info (332181): Slack           : 4.179
    Info (332181): Skew for the Earliest Arrival
        Info (332181): Path #21: Slack is 3.876 
            Info (332181): Latest Path Arrival
                Info (332115): From Node          : bladerf_core:U_core|nios_system:U_nios_system|time_tamer:tx_tamer|handshake:U_current|source_holding[49]
                Info (332115): To Node            : bladerf_core:U_core|nios_system:U_nios_system|time_tamer:tx_tamer|current_time_q[49]
                Info (332115): Launch Clock       : U_core|U_nios_system|axi_ad9361_0|i_dev_if|i_rx|i_altlvds_rx|auto_generated|pll_sclk~PLL_OUTPUT_COUNTER|divclk
                Info (332115): Latch Clock        : U_core|U_system_pll|altera_pll_i|general[0].gpll~PLL_OUTPUT_COUNTER|divclk
                Info (332115): Data Arrival Time  : 8.974
                Info (332115): Clock Arrival Time : 1.610
                Info (332115): Relative Delay     : 7.364
                Info (332115): Data Arrival Path:
                Info (332115): Total (ns)  Incr (ns)     Type  Element
                Info (332115): ==========  ========= ==  ====  ===================================
                Info (332115):      6.372      6.372  R        clock network delay
                Info (332115):      6.372      0.000     uTco  bladerf_core:U_core|nios_system:U_nios_system|time_tamer:tx_tamer|handshake:U_current|source_holding[49]
                Info (332115):      6.372      0.000 FF  CELL  U_core|U_nios_system|tx_tamer|U_current|source_holding[49]|q
                Info (332115):      8.247      1.875 FF    IC  U_core|U_nios_system|tx_tamer|current_time_q[49]|asdata
                Info (332115):      8.974      0.727 FF  CELL  bladerf_core:U_core|nios_system:U_nios_system|time_tamer:tx_tamer|current_time_q[49]
                Info (332115): Clock Arrival Path:
                Info (332115): Total (ns)  Incr (ns)     Type  Element
                Info (332115): ==========  ========= ==  ====  ===================================
                Info (332115):      1.770      1.770  R        clock network delay
                Info (332115):      1.610     -0.160           clock uncertainty
                Info (332115):      1.610      0.000     uTsu  bladerf_core:U_core|nios_system:U_nios_system|time_tamer:tx_tamer|current_time_q[49]
            Info (332181): Earliest Path Arrival
                Info (332115): From Node          : bladerf_core:U_core|nios_system:U_nios_system|time_tamer:tx_tamer|handshake:U_current|source_holding[47]
                Info (332115): To Node            : bladerf_core:U_core|nios_system:U_nios_system|time_tamer:tx_tamer|current_time_q[47]
                Info (332115): Launch Clock       : U_core|U_nios_system|axi_ad9361_0|i_dev_if|i_rx|i_altlvds_rx|auto_generated|pll_sclk~PLL_OUTPUT_COUNTER|divclk
                Info (332115): Latch Clock        : U_core|U_system_pll|altera_pll_i|general[0].gpll~PLL_OUTPUT_COUNTER|divclk
                Info (332115): Data Arrival Time  : 5.433
                Info (332115): Clock Arrival Time : 3.474
                Info (332115): Relative Delay     : 1.959
                Info (332115): Data Arrival Path:
                Info (332115): Total (ns)  Incr (ns)     Type  Element
                Info (332115): ==========  ========= ==  ====  ===================================
                Info (332115):      4.773      4.773  R        clock network delay
                Info (332115):      4.773      0.000     uTco  bladerf_core:U_core|nios_system:U_nios_system|time_tamer:tx_tamer|handshake:U_current|source_holding[47]
                Info (332115):      4.773      0.000 FF  CELL  U_core|U_nios_system|tx_tamer|U_current|source_holding[47]|q
                Info (332115):      5.065      0.292 FF    IC  U_core|U_nios_system|tx_tamer|current_time_q[47]|asdata
                Info (332115):      5.433      0.368 FF  CELL  bladerf_core:U_core|nios_system:U_nios_system|time_tamer:tx_tamer|current_time_q[47]
                Info (332115): Clock Arrival Path:
                Info (332115): Total (ns)  Incr (ns)     Type  Element
                Info (332115): ==========  ========= ==  ====  ===================================
                Info (332115):      3.314      3.314  R        clock network delay
                Info (332115):      3.474      0.160           clock uncertainty
                Info (332115):      3.474      0.000      uTh  bladerf_core:U_core|nios_system:U_nios_system|time_tamer:tx_tamer|current_time_q[47]
            Info (332181): Cross Path Clock Pessimism Removed : 2.881
            Info (332181): Required Skew   : 6.400
            Info (332181): Actual Skew     : 2.524
            Info (332181): Slack           : 3.876
        Info (332181): Path #22: Slack is 4.219 
            Info (332181): Latest Path Arrival
                Info (332115): From Node          : bladerf_core:U_core|nios_system:U_nios_system|time_tamer:tx_tamer|handshake:U_current|source_holding[49]
                Info (332115): To Node            : bladerf_core:U_core|nios_system:U_nios_system|time_tamer:tx_tamer|current_time_q[49]
                Info (332115): Launch Clock       : U_core|U_nios_system|axi_ad9361_0|i_dev_if|i_rx|i_altlvds_rx|auto_generated|pll_sclk~PLL_OUTPUT_COUNTER|divclk
                Info (332115): Latch Clock        : U_core|U_system_pll|altera_pll_i|general[0].gpll~PLL_OUTPUT_COUNTER|divclk
                Info (332115): Data Arrival Time  : 8.974
                Info (332115): Clock Arrival Time : 1.610
                Info (332115): Relative Delay     : 7.364
                Info (332115): Data Arrival Path:
                Info (332115): Total (ns)  Incr (ns)     Type  Element
                Info (332115): ==========  ========= ==  ====  ===================================
                Info (332115):      6.372      6.372  R        clock network delay
                Info (332115):      6.372      0.000     uTco  bladerf_core:U_core|nios_system:U_nios_system|time_tamer:tx_tamer|handshake:U_current|source_holding[49]
                Info (332115):      6.372      0.000 FF  CELL  U_core|U_nios_system|tx_tamer|U_current|source_holding[49]|q
                Info (332115):      8.247      1.875 FF    IC  U_core|U_nios_system|tx_tamer|current_time_q[49]|asdata
                Info (332115):      8.974      0.727 FF  CELL  bladerf_core:U_core|nios_system:U_nios_system|time_tamer:tx_tamer|current_time_q[49]
                Info (332115): Clock Arrival Path:
                Info (332115): Total (ns)  Incr (ns)     Type  Element
                Info (332115): ==========  ========= ==  ====  ===================================
                Info (332115):      1.770      1.770  R        clock network delay
                Info (332115):      1.610     -0.160           clock uncertainty
                Info (332115):      1.610      0.000     uTsu  bladerf_core:U_core|nios_system:U_nios_system|time_tamer:tx_tamer|current_time_q[49]
            Info (332181): Earliest Path Arrival
                Info (332115): From Node          : bladerf_core:U_core|nios_system:U_nios_system|time_tamer:tx_tamer|handshake:U_current|source_holding[27]
                Info (332115): To Node            : bladerf_core:U_core|nios_system:U_nios_system|time_tamer:tx_tamer|current_time_q[27]
                Info (332115): Launch Clock       : U_core|U_nios_system|axi_ad9361_0|i_dev_if|i_rx|i_altlvds_rx|auto_generated|pll_sclk~PLL_OUTPUT_COUNTER|divclk
                Info (332115): Latch Clock        : U_core|U_system_pll|altera_pll_i|general[0].gpll~PLL_OUTPUT_COUNTER|divclk
                Info (332115): Data Arrival Time  : 5.855
                Info (332115): Clock Arrival Time : 3.502
                Info (332115): Relative Delay     : 2.353
                Info (332115): Data Arrival Path:
                Info (332115): Total (ns)  Incr (ns)     Type  Element
                Info (332115): ==========  ========= ==  ====  ===================================
                Info (332115):      4.759      4.759  R        clock network delay
                Info (332115):      4.759      0.000     uTco  bladerf_core:U_core|nios_system:U_nios_system|time_tamer:tx_tamer|handshake:U_current|source_holding[27]
                Info (332115):      4.759      0.000 FF  CELL  U_core|U_nios_system|tx_tamer|U_current|source_holding[27]|q
                Info (332115):      5.486      0.727 FF    IC  U_core|U_nios_system|tx_tamer|current_time_q[27]|asdata
                Info (332115):      5.855      0.369 FF  CELL  bladerf_core:U_core|nios_system:U_nios_system|time_tamer:tx_tamer|current_time_q[27]
                Info (332115): Clock Arrival Path:
                Info (332115): Total (ns)  Incr (ns)     Type  Element
                Info (332115): ==========  ========= ==  ====  ===================================
                Info (332115):      3.342      3.342  R        clock network delay
                Info (332115):      3.502      0.160           clock uncertainty
                Info (332115):      3.502      0.000      uTh  bladerf_core:U_core|nios_system:U_nios_system|time_tamer:tx_tamer|current_time_q[27]
            Info (332181): Cross Path Clock Pessimism Removed : 2.830
            Info (332181): Required Skew   : 6.400
            Info (332181): Actual Skew     : 2.181
            Info (332181): Slack           : 4.219
        Info (332181): Path #23: Slack is 4.238 
            Info (332181): Latest Path Arrival
                Info (332115): From Node          : bladerf_core:U_core|nios_system:U_nios_system|time_tamer:tx_tamer|handshake:U_current|source_holding[49]
                Info (332115): To Node            : bladerf_core:U_core|nios_system:U_nios_system|time_tamer:tx_tamer|current_time_q[49]
                Info (332115): Launch Clock       : U_core|U_nios_system|axi_ad9361_0|i_dev_if|i_rx|i_altlvds_rx|auto_generated|pll_sclk~PLL_OUTPUT_COUNTER|divclk
                Info (332115): Latch Clock        : U_core|U_system_pll|altera_pll_i|general[0].gpll~PLL_OUTPUT_COUNTER|divclk
                Info (332115): Data Arrival Time  : 8.974
                Info (332115): Clock Arrival Time : 1.610
                Info (332115): Relative Delay     : 7.364
                Info (332115): Data Arrival Path:
                Info (332115): Total (ns)  Incr (ns)     Type  Element
                Info (332115): ==========  ========= ==  ====  ===================================
                Info (332115):      6.372      6.372  R        clock network delay
                Info (332115):      6.372      0.000     uTco  bladerf_core:U_core|nios_system:U_nios_system|time_tamer:tx_tamer|handshake:U_current|source_holding[49]
                Info (332115):      6.372      0.000 FF  CELL  U_core|U_nios_system|tx_tamer|U_current|source_holding[49]|q
                Info (332115):      8.247      1.875 FF    IC  U_core|U_nios_system|tx_tamer|current_time_q[49]|asdata
                Info (332115):      8.974      0.727 FF  CELL  bladerf_core:U_core|nios_system:U_nios_system|time_tamer:tx_tamer|current_time_q[49]
                Info (332115): Clock Arrival Path:
                Info (332115): Total (ns)  Incr (ns)     Type  Element
                Info (332115): ==========  ========= ==  ====  ===================================
                Info (332115):      1.770      1.770  R        clock network delay
                Info (332115):      1.610     -0.160           clock uncertainty
                Info (332115):      1.610      0.000     uTsu  bladerf_core:U_core|nios_system:U_nios_system|time_tamer:tx_tamer|current_time_q[49]
            Info (332181): Earliest Path Arrival
                Info (332115): From Node          : bladerf_core:U_core|nios_system:U_nios_system|time_tamer:tx_tamer|handshake:U_current|source_holding[35]
                Info (332115): To Node            : bladerf_core:U_core|nios_system:U_nios_system|time_tamer:tx_tamer|current_time_q[35]
                Info (332115): Launch Clock       : U_core|U_nios_system|axi_ad9361_0|i_dev_if|i_rx|i_altlvds_rx|auto_generated|pll_sclk~PLL_OUTPUT_COUNTER|divclk
                Info (332115): Latch Clock        : U_core|U_system_pll|altera_pll_i|general[0].gpll~PLL_OUTPUT_COUNTER|divclk
                Info (332115): Data Arrival Time  : 5.856
                Info (332115): Clock Arrival Time : 3.484
                Info (332115): Relative Delay     : 2.372
                Info (332115): Data Arrival Path:
                Info (332115): Total (ns)  Incr (ns)     Type  Element
                Info (332115): ==========  ========= ==  ====  ===================================
                Info (332115):      4.754      4.754  R        clock network delay
                Info (332115):      4.754      0.000     uTco  bladerf_core:U_core|nios_system:U_nios_system|time_tamer:tx_tamer|handshake:U_current|source_holding[35]
                Info (332115):      4.754      0.000 RR  CELL  U_core|U_nios_system|tx_tamer|U_current|source_holding[35]|q
                Info (332115):      5.526      0.772 RR    IC  U_core|U_nios_system|tx_tamer|current_time_q[35]|asdata
                Info (332115):      5.856      0.330 RR  CELL  bladerf_core:U_core|nios_system:U_nios_system|time_tamer:tx_tamer|current_time_q[35]
                Info (332115): Clock Arrival Path:
                Info (332115): Total (ns)  Incr (ns)     Type  Element
                Info (332115): ==========  ========= ==  ====  ===================================
                Info (332115):      3.324      3.324  R        clock network delay
                Info (332115):      3.484      0.160           clock uncertainty
                Info (332115):      3.484      0.000      uTh  bladerf_core:U_core|nios_system:U_nios_system|time_tamer:tx_tamer|current_time_q[35]
            Info (332181): Cross Path Clock Pessimism Removed : 2.830
            Info (332181): Required Skew   : 6.400
            Info (332181): Actual Skew     : 2.162
            Info (332181): Slack           : 4.238
        Info (332181): Path #24: Slack is 4.239 
            Info (332181): Latest Path Arrival
                Info (332115): From Node          : bladerf_core:U_core|nios_system:U_nios_system|time_tamer:tx_tamer|handshake:U_current|source_holding[49]
                Info (332115): To Node            : bladerf_core:U_core|nios_system:U_nios_system|time_tamer:tx_tamer|current_time_q[49]
                Info (332115): Launch Clock       : U_core|U_nios_system|axi_ad9361_0|i_dev_if|i_rx|i_altlvds_rx|auto_generated|pll_sclk~PLL_OUTPUT_COUNTER|divclk
                Info (332115): Latch Clock        : U_core|U_system_pll|altera_pll_i|general[0].gpll~PLL_OUTPUT_COUNTER|divclk
                Info (332115): Data Arrival Time  : 8.974
                Info (332115): Clock Arrival Time : 1.610
                Info (332115): Relative Delay     : 7.364
                Info (332115): Data Arrival Path:
                Info (332115): Total (ns)  Incr (ns)     Type  Element
                Info (332115): ==========  ========= ==  ====  ===================================
                Info (332115):      6.372      6.372  R        clock network delay
                Info (332115):      6.372      0.000     uTco  bladerf_core:U_core|nios_system:U_nios_system|time_tamer:tx_tamer|handshake:U_current|source_holding[49]
                Info (332115):      6.372      0.000 FF  CELL  U_core|U_nios_system|tx_tamer|U_current|source_holding[49]|q
                Info (332115):      8.247      1.875 FF    IC  U_core|U_nios_system|tx_tamer|current_time_q[49]|asdata
                Info (332115):      8.974      0.727 FF  CELL  bladerf_core:U_core|nios_system:U_nios_system|time_tamer:tx_tamer|current_time_q[49]
                Info (332115): Clock Arrival Path:
                Info (332115): Total (ns)  Incr (ns)     Type  Element
                Info (332115): ==========  ========= ==  ====  ===================================
                Info (332115):      1.770      1.770  R        clock network delay
                Info (332115):      1.610     -0.160           clock uncertainty
                Info (332115):      1.610      0.000     uTsu  bladerf_core:U_core|nios_system:U_nios_system|time_tamer:tx_tamer|current_time_q[49]
            Info (332181): Earliest Path Arrival
                Info (332115): From Node          : bladerf_core:U_core|nios_system:U_nios_system|time_tamer:tx_tamer|handshake:U_current|source_holding[33]
                Info (332115): To Node            : bladerf_core:U_core|nios_system:U_nios_system|time_tamer:tx_tamer|current_time_q[33]
                Info (332115): Launch Clock       : U_core|U_nios_system|axi_ad9361_0|i_dev_if|i_rx|i_altlvds_rx|auto_generated|pll_sclk~PLL_OUTPUT_COUNTER|divclk
                Info (332115): Latch Clock        : U_core|U_system_pll|altera_pll_i|general[0].gpll~PLL_OUTPUT_COUNTER|divclk
                Info (332115): Data Arrival Time  : 5.857
                Info (332115): Clock Arrival Time : 3.484
                Info (332115): Relative Delay     : 2.373
                Info (332115): Data Arrival Path:
                Info (332115): Total (ns)  Incr (ns)     Type  Element
                Info (332115): ==========  ========= ==  ====  ===================================
                Info (332115):      4.754      4.754  R        clock network delay
                Info (332115):      4.754      0.000     uTco  bladerf_core:U_core|nios_system:U_nios_system|time_tamer:tx_tamer|handshake:U_current|source_holding[33]
                Info (332115):      4.754      0.000 RR  CELL  U_core|U_nios_system|tx_tamer|U_current|source_holding[33]|q
                Info (332115):      5.527      0.773 RR    IC  U_core|U_nios_system|tx_tamer|current_time_q[33]|asdata
                Info (332115):      5.857      0.330 RR  CELL  bladerf_core:U_core|nios_system:U_nios_system|time_tamer:tx_tamer|current_time_q[33]
                Info (332115): Clock Arrival Path:
                Info (332115): Total (ns)  Incr (ns)     Type  Element
                Info (332115): ==========  ========= ==  ====  ===================================
                Info (332115):      3.324      3.324  R        clock network delay
                Info (332115):      3.484      0.160           clock uncertainty
                Info (332115):      3.484      0.000      uTh  bladerf_core:U_core|nios_system:U_nios_system|time_tamer:tx_tamer|current_time_q[33]
            Info (332181): Cross Path Clock Pessimism Removed : 2.830
            Info (332181): Required Skew   : 6.400
            Info (332181): Actual Skew     : 2.161
            Info (332181): Slack           : 4.239
Info (332115): Worst-case slack is 3.943 for "set_max_skew -from [get_keepers {*time_tamer:rx_tamer|handshake:U_snap|source_holding[*]}] -to [get_keepers {*time_tamer:rx_tamer|dout[*]}] 6.400 "
    Info (332181): Skew for the Latest Arrival
        Info (332181): Path #25: Slack is 3.943 
            Info (332181): Latest Path Arrival
                Info (332115): From Node          : bladerf_core:U_core|nios_system:U_nios_system|time_tamer:rx_tamer|handshake:U_snap|source_holding[45]
                Info (332115): To Node            : bladerf_core:U_core|nios_system:U_nios_system|time_tamer:rx_tamer|dout[5]
                Info (332115): Launch Clock       : U_core|U_nios_system|axi_ad9361_0|i_dev_if|i_rx|i_altlvds_rx|auto_generated|pll_sclk~PLL_OUTPUT_COUNTER|divclk
                Info (332115): Latch Clock        : U_core|U_system_pll|altera_pll_i|general[0].gpll~PLL_OUTPUT_COUNTER|divclk
                Info (332115): Data Arrival Time  : 9.494
                Info (332115): Clock Arrival Time : 1.654
                Info (332115): Relative Delay     : 7.840
                Info (332115): Data Arrival Path:
                Info (332115): Total (ns)  Incr (ns)     Type  Element
                Info (332115): ==========  ========= ==  ====  ===================================
                Info (332115):      6.331      6.331  R        clock network delay
                Info (332115):      6.331      0.000     uTco  bladerf_core:U_core|nios_system:U_nios_system|time_tamer:rx_tamer|handshake:U_snap|source_holding[45]
                Info (332115):      6.331      0.000 RR  CELL  U_core|U_nios_system|rx_tamer|U_snap|source_holding[45]|q
                Info (332115):      6.984      0.653 RR    IC  U_core|U_nios_system|rx_tamer|Mux2~0|dataa
                Info (332115):      7.693      0.709 RR  CELL  U_core|U_nios_system|rx_tamer|Mux2~0|combout
                Info (332115):      8.482      0.789 RR    IC  U_core|U_nios_system|rx_tamer|Mux2~2|dataa
                Info (332115):      9.188      0.706 RR  CELL  U_core|U_nios_system|rx_tamer|Mux2~2|combout
                Info (332115):      9.188      0.000 RR    IC  U_core|U_nios_system|rx_tamer|dout[5]|d
                Info (332115):      9.494      0.306 RR  CELL  bladerf_core:U_core|nios_system:U_nios_system|time_tamer:rx_tamer|dout[5]
                Info (332115): Clock Arrival Path:
                Info (332115): Total (ns)  Incr (ns)     Type  Element
                Info (332115): ==========  ========= ==  ====  ===================================
                Info (332115):      1.814      1.814  R        clock network delay
                Info (332115):      1.654     -0.160           clock uncertainty
                Info (332115):      1.654      0.000     uTsu  bladerf_core:U_core|nios_system:U_nios_system|time_tamer:rx_tamer|dout[5]
            Info (332181): Earliest Path Arrival
                Info (332115): From Node          : bladerf_core:U_core|nios_system:U_nios_system|time_tamer:rx_tamer|handshake:U_snap|source_holding[41]
                Info (332115): To Node            : bladerf_core:U_core|nios_system:U_nios_system|time_tamer:rx_tamer|dout[1]
                Info (332115): Launch Clock       : U_core|U_nios_system|axi_ad9361_0|i_dev_if|i_rx|i_altlvds_rx|auto_generated|pll_sclk~PLL_OUTPUT_COUNTER|divclk
                Info (332115): Latch Clock        : U_core|U_system_pll|altera_pll_i|general[0].gpll~PLL_OUTPUT_COUNTER|divclk
                Info (332115): Data Arrival Time  : 6.014
                Info (332115): Clock Arrival Time : 3.485
                Info (332115): Relative Delay     : 2.529
                Info (332115): Data Arrival Path:
                Info (332115): Total (ns)  Incr (ns)     Type  Element
                Info (332115): ==========  ========= ==  ====  ===================================
                Info (332115):      4.757      4.757  R        clock network delay
                Info (332115):      4.757      0.000     uTco  bladerf_core:U_core|nios_system:U_nios_system|time_tamer:rx_tamer|handshake:U_snap|source_holding[41]
                Info (332115):      4.757      0.000 RR  CELL  U_core|U_nios_system|rx_tamer|U_snap|source_holding[41]|q
                Info (332115):      5.084      0.327 RR    IC  U_core|U_nios_system|rx_tamer|Mux6~1|datac
                Info (332115):      5.362      0.278 RR  CELL  U_core|U_nios_system|rx_tamer|Mux6~1|combout
                Info (332115):      5.742      0.380 RR    IC  U_core|U_nios_system|rx_tamer|Mux6~3|datae
                Info (332115):      5.932      0.190 RR  CELL  U_core|U_nios_system|rx_tamer|Mux6~3|combout
                Info (332115):      5.932      0.000 RR    IC  U_core|U_nios_system|rx_tamer|dout[1]|d
                Info (332115):      6.014      0.082 RR  CELL  bladerf_core:U_core|nios_system:U_nios_system|time_tamer:rx_tamer|dout[1]
                Info (332115): Clock Arrival Path:
                Info (332115): Total (ns)  Incr (ns)     Type  Element
                Info (332115): ==========  ========= ==  ====  ===================================
                Info (332115):      3.325      3.325  R        clock network delay
                Info (332115):      3.485      0.160           clock uncertainty
                Info (332115):      3.485      0.000      uTh  bladerf_core:U_core|nios_system:U_nios_system|time_tamer:rx_tamer|dout[1]
            Info (332181): Cross Path Clock Pessimism Removed : 2.854
            Info (332181): Required Skew   : 6.400
            Info (332181): Actual Skew     : 2.457
            Info (332181): Slack           : 3.943
        Info (332181): Path #26: Slack is 4.095 
            Info (332181): Latest Path Arrival
                Info (332115): From Node          : bladerf_core:U_core|nios_system:U_nios_system|time_tamer:rx_tamer|handshake:U_snap|source_holding[63]
                Info (332115): To Node            : bladerf_core:U_core|nios_system:U_nios_system|time_tamer:rx_tamer|dout[7]
                Info (332115): Launch Clock       : U_core|U_nios_system|axi_ad9361_0|i_dev_if|i_rx|i_altlvds_rx|auto_generated|pll_sclk~PLL_OUTPUT_COUNTER|divclk
                Info (332115): Latch Clock        : U_core|U_system_pll|altera_pll_i|general[0].gpll~PLL_OUTPUT_COUNTER|divclk
                Info (332115): Data Arrival Time  : 9.368
                Info (332115): Clock Arrival Time : 1.654
                Info (332115): Relative Delay     : 7.714
                Info (332115): Data Arrival Path:
                Info (332115): Total (ns)  Incr (ns)     Type  Element
                Info (332115): ==========  ========= ==  ====  ===================================
                Info (332115):      6.339      6.339  R        clock network delay
                Info (332115):      6.339      0.000     uTco  bladerf_core:U_core|nios_system:U_nios_system|time_tamer:rx_tamer|handshake:U_snap|source_holding[63]
                Info (332115):      6.339      0.000 RR  CELL  U_core|U_nios_system|rx_tamer|U_snap|source_holding[63]|q
                Info (332115):      6.966      0.627 RR    IC  U_core|U_nios_system|rx_tamer|Mux0~0|dataa
                Info (332115):      7.675      0.709 RR  CELL  U_core|U_nios_system|rx_tamer|Mux0~0|combout
                Info (332115):      8.356      0.681 RR    IC  U_core|U_nios_system|rx_tamer|Mux0~2|dataa
                Info (332115):      9.062      0.706 RR  CELL  U_core|U_nios_system|rx_tamer|Mux0~2|combout
                Info (332115):      9.062      0.000 RR    IC  U_core|U_nios_system|rx_tamer|dout[7]|d
                Info (332115):      9.368      0.306 RR  CELL  bladerf_core:U_core|nios_system:U_nios_system|time_tamer:rx_tamer|dout[7]
                Info (332115): Clock Arrival Path:
                Info (332115): Total (ns)  Incr (ns)     Type  Element
                Info (332115): ==========  ========= ==  ====  ===================================
                Info (332115):      1.814      1.814  R        clock network delay
                Info (332115):      1.654     -0.160           clock uncertainty
                Info (332115):      1.654      0.000     uTsu  bladerf_core:U_core|nios_system:U_nios_system|time_tamer:rx_tamer|dout[7]
            Info (332181): Earliest Path Arrival
                Info (332115): From Node          : bladerf_core:U_core|nios_system:U_nios_system|time_tamer:rx_tamer|handshake:U_snap|source_holding[41]
                Info (332115): To Node            : bladerf_core:U_core|nios_system:U_nios_system|time_tamer:rx_tamer|dout[1]
                Info (332115): Launch Clock       : U_core|U_nios_system|axi_ad9361_0|i_dev_if|i_rx|i_altlvds_rx|auto_generated|pll_sclk~PLL_OUTPUT_COUNTER|divclk
                Info (332115): Latch Clock        : U_core|U_system_pll|altera_pll_i|general[0].gpll~PLL_OUTPUT_COUNTER|divclk
                Info (332115): Data Arrival Time  : 6.014
                Info (332115): Clock Arrival Time : 3.485
                Info (332115): Relative Delay     : 2.529
                Info (332115): Data Arrival Path:
                Info (332115): Total (ns)  Incr (ns)     Type  Element
                Info (332115): ==========  ========= ==  ====  ===================================
                Info (332115):      4.757      4.757  R        clock network delay
                Info (332115):      4.757      0.000     uTco  bladerf_core:U_core|nios_system:U_nios_system|time_tamer:rx_tamer|handshake:U_snap|source_holding[41]
                Info (332115):      4.757      0.000 RR  CELL  U_core|U_nios_system|rx_tamer|U_snap|source_holding[41]|q
                Info (332115):      5.084      0.327 RR    IC  U_core|U_nios_system|rx_tamer|Mux6~1|datac
                Info (332115):      5.362      0.278 RR  CELL  U_core|U_nios_system|rx_tamer|Mux6~1|combout
                Info (332115):      5.742      0.380 RR    IC  U_core|U_nios_system|rx_tamer|Mux6~3|datae
                Info (332115):      5.932      0.190 RR  CELL  U_core|U_nios_system|rx_tamer|Mux6~3|combout
                Info (332115):      5.932      0.000 RR    IC  U_core|U_nios_system|rx_tamer|dout[1]|d
                Info (332115):      6.014      0.082 RR  CELL  bladerf_core:U_core|nios_system:U_nios_system|time_tamer:rx_tamer|dout[1]
                Info (332115): Clock Arrival Path:
                Info (332115): Total (ns)  Incr (ns)     Type  Element
                Info (332115): ==========  ========= ==  ====  ===================================
                Info (332115):      3.325      3.325  R        clock network delay
                Info (332115):      3.485      0.160           clock uncertainty
                Info (332115):      3.485      0.000      uTh  bladerf_core:U_core|nios_system:U_nios_system|time_tamer:rx_tamer|dout[1]
            Info (332181): Cross Path Clock Pessimism Removed : 2.880
            Info (332181): Required Skew   : 6.400
            Info (332181): Actual Skew     : 2.305
            Info (332181): Slack           : 4.095
        Info (332181): Path #27: Slack is 4.098 
            Info (332181): Latest Path Arrival
                Info (332115): From Node          : bladerf_core:U_core|nios_system:U_nios_system|time_tamer:rx_tamer|handshake:U_snap|source_holding[60]
                Info (332115): To Node            : bladerf_core:U_core|nios_system:U_nios_system|time_tamer:rx_tamer|dout[4]
                Info (332115): Launch Clock       : U_core|U_nios_system|axi_ad9361_0|i_dev_if|i_rx|i_altlvds_rx|auto_generated|pll_sclk~PLL_OUTPUT_COUNTER|divclk
                Info (332115): Latch Clock        : U_core|U_system_pll|altera_pll_i|general[0].gpll~PLL_OUTPUT_COUNTER|divclk
                Info (332115): Data Arrival Time  : 9.358
                Info (332115): Clock Arrival Time : 1.647
                Info (332115): Relative Delay     : 7.711
                Info (332115): Data Arrival Path:
                Info (332115): Total (ns)  Incr (ns)     Type  Element
                Info (332115): ==========  ========= ==  ====  ===================================
                Info (332115):      6.347      6.347  R        clock network delay
                Info (332115):      6.347      0.000     uTco  bladerf_core:U_core|nios_system:U_nios_system|time_tamer:rx_tamer|handshake:U_snap|source_holding[60]
                Info (332115):      6.347      0.000 RR  CELL  U_core|U_nios_system|rx_tamer|U_snap|source_holding[60]|q
                Info (332115):      6.830      0.483 RR    IC  U_core|U_nios_system|rx_tamer|Mux3~0|dataa
                Info (332115):      7.539      0.709 RR  CELL  U_core|U_nios_system|rx_tamer|Mux3~0|combout
                Info (332115):      8.346      0.807 RR    IC  U_core|U_nios_system|rx_tamer|Mux3~2|dataa
                Info (332115):      9.052      0.706 RR  CELL  U_core|U_nios_system|rx_tamer|Mux3~2|combout
                Info (332115):      9.052      0.000 RR    IC  U_core|U_nios_system|rx_tamer|dout[4]|d
                Info (332115):      9.358      0.306 RR  CELL  bladerf_core:U_core|nios_system:U_nios_system|time_tamer:rx_tamer|dout[4]
                Info (332115): Clock Arrival Path:
                Info (332115): Total (ns)  Incr (ns)     Type  Element
                Info (332115): ==========  ========= ==  ====  ===================================
                Info (332115):      1.807      1.807  R        clock network delay
                Info (332115):      1.647     -0.160           clock uncertainty
                Info (332115):      1.647      0.000     uTsu  bladerf_core:U_core|nios_system:U_nios_system|time_tamer:rx_tamer|dout[4]
            Info (332181): Earliest Path Arrival
                Info (332115): From Node          : bladerf_core:U_core|nios_system:U_nios_system|time_tamer:rx_tamer|handshake:U_snap|source_holding[41]
                Info (332115): To Node            : bladerf_core:U_core|nios_system:U_nios_system|time_tamer:rx_tamer|dout[1]
                Info (332115): Launch Clock       : U_core|U_nios_system|axi_ad9361_0|i_dev_if|i_rx|i_altlvds_rx|auto_generated|pll_sclk~PLL_OUTPUT_COUNTER|divclk
                Info (332115): Latch Clock        : U_core|U_system_pll|altera_pll_i|general[0].gpll~PLL_OUTPUT_COUNTER|divclk
                Info (332115): Data Arrival Time  : 6.014
                Info (332115): Clock Arrival Time : 3.485
                Info (332115): Relative Delay     : 2.529
                Info (332115): Data Arrival Path:
                Info (332115): Total (ns)  Incr (ns)     Type  Element
                Info (332115): ==========  ========= ==  ====  ===================================
                Info (332115):      4.757      4.757  R        clock network delay
                Info (332115):      4.757      0.000     uTco  bladerf_core:U_core|nios_system:U_nios_system|time_tamer:rx_tamer|handshake:U_snap|source_holding[41]
                Info (332115):      4.757      0.000 RR  CELL  U_core|U_nios_system|rx_tamer|U_snap|source_holding[41]|q
                Info (332115):      5.084      0.327 RR    IC  U_core|U_nios_system|rx_tamer|Mux6~1|datac
                Info (332115):      5.362      0.278 RR  CELL  U_core|U_nios_system|rx_tamer|Mux6~1|combout
                Info (332115):      5.742      0.380 RR    IC  U_core|U_nios_system|rx_tamer|Mux6~3|datae
                Info (332115):      5.932      0.190 RR  CELL  U_core|U_nios_system|rx_tamer|Mux6~3|combout
                Info (332115):      5.932      0.000 RR    IC  U_core|U_nios_system|rx_tamer|dout[1]|d
                Info (332115):      6.014      0.082 RR  CELL  bladerf_core:U_core|nios_system:U_nios_system|time_tamer:rx_tamer|dout[1]
                Info (332115): Clock Arrival Path:
                Info (332115): Total (ns)  Incr (ns)     Type  Element
                Info (332115): ==========  ========= ==  ====  ===================================
                Info (332115):      3.325      3.325  R        clock network delay
                Info (332115):      3.485      0.160           clock uncertainty
                Info (332115):      3.485      0.000      uTh  bladerf_core:U_core|nios_system:U_nios_system|time_tamer:rx_tamer|dout[1]
            Info (332181): Cross Path Clock Pessimism Removed : 2.880
            Info (332181): Required Skew   : 6.400
            Info (332181): Actual Skew     : 2.302
            Info (332181): Slack           : 4.098
        Info (332181): Path #28: Slack is 4.119 
            Info (332181): Latest Path Arrival
                Info (332115): From Node          : bladerf_core:U_core|nios_system:U_nios_system|time_tamer:rx_tamer|handshake:U_snap|source_holding[54]
                Info (332115): To Node            : bladerf_core:U_core|nios_system:U_nios_system|time_tamer:rx_tamer|dout[6]
                Info (332115): Launch Clock       : U_core|U_nios_system|axi_ad9361_0|i_dev_if|i_rx|i_altlvds_rx|auto_generated|pll_sclk~PLL_OUTPUT_COUNTER|divclk
                Info (332115): Latch Clock        : U_core|U_system_pll|altera_pll_i|general[0].gpll~PLL_OUTPUT_COUNTER|divclk
                Info (332115): Data Arrival Time  : 9.332
                Info (332115): Clock Arrival Time : 1.642
                Info (332115): Relative Delay     : 7.690
                Info (332115): Data Arrival Path:
                Info (332115): Total (ns)  Incr (ns)     Type  Element
                Info (332115): ==========  ========= ==  ====  ===================================
                Info (332115):      6.344      6.344  R        clock network delay
                Info (332115):      6.344      0.000     uTco  bladerf_core:U_core|nios_system:U_nios_system|time_tamer:rx_tamer|handshake:U_snap|source_holding[54]
                Info (332115):      6.344      0.000 RR  CELL  U_core|U_nios_system|rx_tamer|U_snap|source_holding[54]|q
                Info (332115):      7.057      0.713 RR    IC  U_core|U_nios_system|rx_tamer|Mux1~0|datab
                Info (332115):      7.742      0.685 RR  CELL  U_core|U_nios_system|rx_tamer|Mux1~0|combout
                Info (332115):      8.344      0.602 RR    IC  U_core|U_nios_system|rx_tamer|Mux1~2|datab
                Info (332115):      9.026      0.682 RR  CELL  U_core|U_nios_system|rx_tamer|Mux1~2|combout
                Info (332115):      9.026      0.000 RR    IC  U_core|U_nios_system|rx_tamer|dout[6]|d
                Info (332115):      9.332      0.306 RR  CELL  bladerf_core:U_core|nios_system:U_nios_system|time_tamer:rx_tamer|dout[6]
                Info (332115): Clock Arrival Path:
                Info (332115): Total (ns)  Incr (ns)     Type  Element
                Info (332115): ==========  ========= ==  ====  ===================================
                Info (332115):      1.802      1.802  R        clock network delay
                Info (332115):      1.642     -0.160           clock uncertainty
                Info (332115):      1.642      0.000     uTsu  bladerf_core:U_core|nios_system:U_nios_system|time_tamer:rx_tamer|dout[6]
            Info (332181): Earliest Path Arrival
                Info (332115): From Node          : bladerf_core:U_core|nios_system:U_nios_system|time_tamer:rx_tamer|handshake:U_snap|source_holding[41]
                Info (332115): To Node            : bladerf_core:U_core|nios_system:U_nios_system|time_tamer:rx_tamer|dout[1]
                Info (332115): Launch Clock       : U_core|U_nios_system|axi_ad9361_0|i_dev_if|i_rx|i_altlvds_rx|auto_generated|pll_sclk~PLL_OUTPUT_COUNTER|divclk
                Info (332115): Latch Clock        : U_core|U_system_pll|altera_pll_i|general[0].gpll~PLL_OUTPUT_COUNTER|divclk
                Info (332115): Data Arrival Time  : 6.014
                Info (332115): Clock Arrival Time : 3.485
                Info (332115): Relative Delay     : 2.529
                Info (332115): Data Arrival Path:
                Info (332115): Total (ns)  Incr (ns)     Type  Element
                Info (332115): ==========  ========= ==  ====  ===================================
                Info (332115):      4.757      4.757  R        clock network delay
                Info (332115):      4.757      0.000     uTco  bladerf_core:U_core|nios_system:U_nios_system|time_tamer:rx_tamer|handshake:U_snap|source_holding[41]
                Info (332115):      4.757      0.000 RR  CELL  U_core|U_nios_system|rx_tamer|U_snap|source_holding[41]|q
                Info (332115):      5.084      0.327 RR    IC  U_core|U_nios_system|rx_tamer|Mux6~1|datac
                Info (332115):      5.362      0.278 RR  CELL  U_core|U_nios_system|rx_tamer|Mux6~1|combout
                Info (332115):      5.742      0.380 RR    IC  U_core|U_nios_system|rx_tamer|Mux6~3|datae
                Info (332115):      5.932      0.190 RR  CELL  U_core|U_nios_system|rx_tamer|Mux6~3|combout
                Info (332115):      5.932      0.000 RR    IC  U_core|U_nios_system|rx_tamer|dout[1]|d
                Info (332115):      6.014      0.082 RR  CELL  bladerf_core:U_core|nios_system:U_nios_system|time_tamer:rx_tamer|dout[1]
                Info (332115): Clock Arrival Path:
                Info (332115): Total (ns)  Incr (ns)     Type  Element
                Info (332115): ==========  ========= ==  ====  ===================================
                Info (332115):      3.325      3.325  R        clock network delay
                Info (332115):      3.485      0.160           clock uncertainty
                Info (332115):      3.485      0.000      uTh  bladerf_core:U_core|nios_system:U_nios_system|time_tamer:rx_tamer|dout[1]
            Info (332181): Cross Path Clock Pessimism Removed : 2.880
            Info (332181): Required Skew   : 6.400
            Info (332181): Actual Skew     : 2.281
            Info (332181): Slack           : 4.119
    Info (332181): Skew for the Earliest Arrival
        Info (332181): Path #29: Slack is 3.943 
            Info (332181): Latest Path Arrival
                Info (332115): From Node          : bladerf_core:U_core|nios_system:U_nios_system|time_tamer:rx_tamer|handshake:U_snap|source_holding[45]
                Info (332115): To Node            : bladerf_core:U_core|nios_system:U_nios_system|time_tamer:rx_tamer|dout[5]
                Info (332115): Launch Clock       : U_core|U_nios_system|axi_ad9361_0|i_dev_if|i_rx|i_altlvds_rx|auto_generated|pll_sclk~PLL_OUTPUT_COUNTER|divclk
                Info (332115): Latch Clock        : U_core|U_system_pll|altera_pll_i|general[0].gpll~PLL_OUTPUT_COUNTER|divclk
                Info (332115): Data Arrival Time  : 9.494
                Info (332115): Clock Arrival Time : 1.654
                Info (332115): Relative Delay     : 7.840
                Info (332115): Data Arrival Path:
                Info (332115): Total (ns)  Incr (ns)     Type  Element
                Info (332115): ==========  ========= ==  ====  ===================================
                Info (332115):      6.331      6.331  R        clock network delay
                Info (332115):      6.331      0.000     uTco  bladerf_core:U_core|nios_system:U_nios_system|time_tamer:rx_tamer|handshake:U_snap|source_holding[45]
                Info (332115):      6.331      0.000 RR  CELL  U_core|U_nios_system|rx_tamer|U_snap|source_holding[45]|q
                Info (332115):      6.984      0.653 RR    IC  U_core|U_nios_system|rx_tamer|Mux2~0|dataa
                Info (332115):      7.693      0.709 RR  CELL  U_core|U_nios_system|rx_tamer|Mux2~0|combout
                Info (332115):      8.482      0.789 RR    IC  U_core|U_nios_system|rx_tamer|Mux2~2|dataa
                Info (332115):      9.188      0.706 RR  CELL  U_core|U_nios_system|rx_tamer|Mux2~2|combout
                Info (332115):      9.188      0.000 RR    IC  U_core|U_nios_system|rx_tamer|dout[5]|d
                Info (332115):      9.494      0.306 RR  CELL  bladerf_core:U_core|nios_system:U_nios_system|time_tamer:rx_tamer|dout[5]
                Info (332115): Clock Arrival Path:
                Info (332115): Total (ns)  Incr (ns)     Type  Element
                Info (332115): ==========  ========= ==  ====  ===================================
                Info (332115):      1.814      1.814  R        clock network delay
                Info (332115):      1.654     -0.160           clock uncertainty
                Info (332115):      1.654      0.000     uTsu  bladerf_core:U_core|nios_system:U_nios_system|time_tamer:rx_tamer|dout[5]
            Info (332181): Earliest Path Arrival
                Info (332115): From Node          : bladerf_core:U_core|nios_system:U_nios_system|time_tamer:rx_tamer|handshake:U_snap|source_holding[41]
                Info (332115): To Node            : bladerf_core:U_core|nios_system:U_nios_system|time_tamer:rx_tamer|dout[1]
                Info (332115): Launch Clock       : U_core|U_nios_system|axi_ad9361_0|i_dev_if|i_rx|i_altlvds_rx|auto_generated|pll_sclk~PLL_OUTPUT_COUNTER|divclk
                Info (332115): Latch Clock        : U_core|U_system_pll|altera_pll_i|general[0].gpll~PLL_OUTPUT_COUNTER|divclk
                Info (332115): Data Arrival Time  : 6.014
                Info (332115): Clock Arrival Time : 3.485
                Info (332115): Relative Delay     : 2.529
                Info (332115): Data Arrival Path:
                Info (332115): Total (ns)  Incr (ns)     Type  Element
                Info (332115): ==========  ========= ==  ====  ===================================
                Info (332115):      4.757      4.757  R        clock network delay
                Info (332115):      4.757      0.000     uTco  bladerf_core:U_core|nios_system:U_nios_system|time_tamer:rx_tamer|handshake:U_snap|source_holding[41]
                Info (332115):      4.757      0.000 RR  CELL  U_core|U_nios_system|rx_tamer|U_snap|source_holding[41]|q
                Info (332115):      5.084      0.327 RR    IC  U_core|U_nios_system|rx_tamer|Mux6~1|datac
                Info (332115):      5.362      0.278 RR  CELL  U_core|U_nios_system|rx_tamer|Mux6~1|combout
                Info (332115):      5.742      0.380 RR    IC  U_core|U_nios_system|rx_tamer|Mux6~3|datae
                Info (332115):      5.932      0.190 RR  CELL  U_core|U_nios_system|rx_tamer|Mux6~3|combout
                Info (332115):      5.932      0.000 RR    IC  U_core|U_nios_system|rx_tamer|dout[1]|d
                Info (332115):      6.014      0.082 RR  CELL  bladerf_core:U_core|nios_system:U_nios_system|time_tamer:rx_tamer|dout[1]
                Info (332115): Clock Arrival Path:
                Info (332115): Total (ns)  Incr (ns)     Type  Element
                Info (332115): ==========  ========= ==  ====  ===================================
                Info (332115):      3.325      3.325  R        clock network delay
                Info (332115):      3.485      0.160           clock uncertainty
                Info (332115):      3.485      0.000      uTh  bladerf_core:U_core|nios_system:U_nios_system|time_tamer:rx_tamer|dout[1]
            Info (332181): Cross Path Clock Pessimism Removed : 2.854
            Info (332181): Required Skew   : 6.400
            Info (332181): Actual Skew     : 2.457
            Info (332181): Slack           : 3.943
        Info (332181): Path #30: Slack is 4.090 
            Info (332181): Latest Path Arrival
                Info (332115): From Node          : bladerf_core:U_core|nios_system:U_nios_system|time_tamer:rx_tamer|handshake:U_snap|source_holding[45]
                Info (332115): To Node            : bladerf_core:U_core|nios_system:U_nios_system|time_tamer:rx_tamer|dout[5]
                Info (332115): Launch Clock       : U_core|U_nios_system|axi_ad9361_0|i_dev_if|i_rx|i_altlvds_rx|auto_generated|pll_sclk~PLL_OUTPUT_COUNTER|divclk
                Info (332115): Latch Clock        : U_core|U_system_pll|altera_pll_i|general[0].gpll~PLL_OUTPUT_COUNTER|divclk
                Info (332115): Data Arrival Time  : 9.494
                Info (332115): Clock Arrival Time : 1.654
                Info (332115): Relative Delay     : 7.840
                Info (332115): Data Arrival Path:
                Info (332115): Total (ns)  Incr (ns)     Type  Element
                Info (332115): ==========  ========= ==  ====  ===================================
                Info (332115):      6.331      6.331  R        clock network delay
                Info (332115):      6.331      0.000     uTco  bladerf_core:U_core|nios_system:U_nios_system|time_tamer:rx_tamer|handshake:U_snap|source_holding[45]
                Info (332115):      6.331      0.000 RR  CELL  U_core|U_nios_system|rx_tamer|U_snap|source_holding[45]|q
                Info (332115):      6.984      0.653 RR    IC  U_core|U_nios_system|rx_tamer|Mux2~0|dataa
                Info (332115):      7.693      0.709 RR  CELL  U_core|U_nios_system|rx_tamer|Mux2~0|combout
                Info (332115):      8.482      0.789 RR    IC  U_core|U_nios_system|rx_tamer|Mux2~2|dataa
                Info (332115):      9.188      0.706 RR  CELL  U_core|U_nios_system|rx_tamer|Mux2~2|combout
                Info (332115):      9.188      0.000 RR    IC  U_core|U_nios_system|rx_tamer|dout[5]|d
                Info (332115):      9.494      0.306 RR  CELL  bladerf_core:U_core|nios_system:U_nios_system|time_tamer:rx_tamer|dout[5]
                Info (332115): Clock Arrival Path:
                Info (332115): Total (ns)  Incr (ns)     Type  Element
                Info (332115): ==========  ========= ==  ====  ===================================
                Info (332115):      1.814      1.814  R        clock network delay
                Info (332115):      1.654     -0.160           clock uncertainty
                Info (332115):      1.654      0.000     uTsu  bladerf_core:U_core|nios_system:U_nios_system|time_tamer:rx_tamer|dout[5]
            Info (332181): Earliest Path Arrival
                Info (332115): From Node          : bladerf_core:U_core|nios_system:U_nios_system|time_tamer:rx_tamer|handshake:U_snap|source_holding[20]
                Info (332115): To Node            : bladerf_core:U_core|nios_system:U_nios_system|time_tamer:rx_tamer|dout[4]
                Info (332115): Launch Clock       : U_core|U_nios_system|axi_ad9361_0|i_dev_if|i_rx|i_altlvds_rx|auto_generated|pll_sclk~PLL_OUTPUT_COUNTER|divclk
                Info (332115): Latch Clock        : U_core|U_system_pll|altera_pll_i|general[0].gpll~PLL_OUTPUT_COUNTER|divclk
                Info (332115): Data Arrival Time  : 6.161
                Info (332115): Clock Arrival Time : 3.485
                Info (332115): Relative Delay     : 2.676
                Info (332115): Data Arrival Path:
                Info (332115): Total (ns)  Incr (ns)     Type  Element
                Info (332115): ==========  ========= ==  ====  ===================================
                Info (332115):      4.764      4.764  R        clock network delay
                Info (332115):      4.764      0.000     uTco  bladerf_core:U_core|nios_system:U_nios_system|time_tamer:rx_tamer|handshake:U_snap|source_holding[20]
                Info (332115):      4.764      0.000 RR  CELL  U_core|U_nios_system|rx_tamer|U_snap|source_holding[20]|q
                Info (332115):      6.017      1.253 RR    IC  U_core|U_nios_system|rx_tamer|Mux3~2|dataf
                Info (332115):      6.079      0.062 RR  CELL  U_core|U_nios_system|rx_tamer|Mux3~2|combout
                Info (332115):      6.079      0.000 RR    IC  U_core|U_nios_system|rx_tamer|dout[4]|d
                Info (332115):      6.161      0.082 RR  CELL  bladerf_core:U_core|nios_system:U_nios_system|time_tamer:rx_tamer|dout[4]
                Info (332115): Clock Arrival Path:
                Info (332115): Total (ns)  Incr (ns)     Type  Element
                Info (332115): ==========  ========= ==  ====  ===================================
                Info (332115):      3.325      3.325  R        clock network delay
                Info (332115):      3.485      0.160           clock uncertainty
                Info (332115):      3.485      0.000      uTh  bladerf_core:U_core|nios_system:U_nios_system|time_tamer:rx_tamer|dout[4]
            Info (332181): Cross Path Clock Pessimism Removed : 2.854
            Info (332181): Required Skew   : 6.400
            Info (332181): Actual Skew     : 2.310
            Info (332181): Slack           : 4.090
        Info (332181): Path #31: Slack is 4.137 
            Info (332181): Latest Path Arrival
                Info (332115): From Node          : bladerf_core:U_core|nios_system:U_nios_system|time_tamer:rx_tamer|handshake:U_snap|source_holding[45]
                Info (332115): To Node            : bladerf_core:U_core|nios_system:U_nios_system|time_tamer:rx_tamer|dout[5]
                Info (332115): Launch Clock       : U_core|U_nios_system|axi_ad9361_0|i_dev_if|i_rx|i_altlvds_rx|auto_generated|pll_sclk~PLL_OUTPUT_COUNTER|divclk
                Info (332115): Latch Clock        : U_core|U_system_pll|altera_pll_i|general[0].gpll~PLL_OUTPUT_COUNTER|divclk
                Info (332115): Data Arrival Time  : 9.494
                Info (332115): Clock Arrival Time : 1.654
                Info (332115): Relative Delay     : 7.840
                Info (332115): Data Arrival Path:
                Info (332115): Total (ns)  Incr (ns)     Type  Element
                Info (332115): ==========  ========= ==  ====  ===================================
                Info (332115):      6.331      6.331  R        clock network delay
                Info (332115):      6.331      0.000     uTco  bladerf_core:U_core|nios_system:U_nios_system|time_tamer:rx_tamer|handshake:U_snap|source_holding[45]
                Info (332115):      6.331      0.000 RR  CELL  U_core|U_nios_system|rx_tamer|U_snap|source_holding[45]|q
                Info (332115):      6.984      0.653 RR    IC  U_core|U_nios_system|rx_tamer|Mux2~0|dataa
                Info (332115):      7.693      0.709 RR  CELL  U_core|U_nios_system|rx_tamer|Mux2~0|combout
                Info (332115):      8.482      0.789 RR    IC  U_core|U_nios_system|rx_tamer|Mux2~2|dataa
                Info (332115):      9.188      0.706 RR  CELL  U_core|U_nios_system|rx_tamer|Mux2~2|combout
                Info (332115):      9.188      0.000 RR    IC  U_core|U_nios_system|rx_tamer|dout[5]|d
                Info (332115):      9.494      0.306 RR  CELL  bladerf_core:U_core|nios_system:U_nios_system|time_tamer:rx_tamer|dout[5]
                Info (332115): Clock Arrival Path:
                Info (332115): Total (ns)  Incr (ns)     Type  Element
                Info (332115): ==========  ========= ==  ====  ===================================
                Info (332115):      1.814      1.814  R        clock network delay
                Info (332115):      1.654     -0.160           clock uncertainty
                Info (332115):      1.654      0.000     uTsu  bladerf_core:U_core|nios_system:U_nios_system|time_tamer:rx_tamer|dout[5]
            Info (332181): Earliest Path Arrival
                Info (332115): From Node          : bladerf_core:U_core|nios_system:U_nios_system|time_tamer:rx_tamer|handshake:U_snap|source_holding[23]
                Info (332115): To Node            : bladerf_core:U_core|nios_system:U_nios_system|time_tamer:rx_tamer|dout[7]
                Info (332115): Launch Clock       : U_core|U_nios_system|axi_ad9361_0|i_dev_if|i_rx|i_altlvds_rx|auto_generated|pll_sclk~PLL_OUTPUT_COUNTER|divclk
                Info (332115): Latch Clock        : U_core|U_system_pll|altera_pll_i|general[0].gpll~PLL_OUTPUT_COUNTER|divclk
                Info (332115): Data Arrival Time  : 6.216
                Info (332115): Clock Arrival Time : 3.493
                Info (332115): Relative Delay     : 2.723
                Info (332115): Data Arrival Path:
                Info (332115): Total (ns)  Incr (ns)     Type  Element
                Info (332115): ==========  ========= ==  ====  ===================================
                Info (332115):      4.758      4.758  R        clock network delay
                Info (332115):      4.758      0.000     uTco  bladerf_core:U_core|nios_system:U_nios_system|time_tamer:rx_tamer|handshake:U_snap|source_holding[23]
                Info (332115):      4.758      0.000 RR  CELL  U_core|U_nios_system|rx_tamer|U_snap|source_holding[23]|q
                Info (332115):      5.858      1.100 RR    IC  U_core|U_nios_system|rx_tamer|Mux0~2|datac
                Info (332115):      6.134      0.276 RR  CELL  U_core|U_nios_system|rx_tamer|Mux0~2|combout
                Info (332115):      6.134      0.000 RR    IC  U_core|U_nios_system|rx_tamer|dout[7]|d
                Info (332115):      6.216      0.082 RR  CELL  bladerf_core:U_core|nios_system:U_nios_system|time_tamer:rx_tamer|dout[7]
                Info (332115): Clock Arrival Path:
                Info (332115): Total (ns)  Incr (ns)     Type  Element
                Info (332115): ==========  ========= ==  ====  ===================================
                Info (332115):      3.333      3.333  R        clock network delay
                Info (332115):      3.493      0.160           clock uncertainty
                Info (332115):      3.493      0.000      uTh  bladerf_core:U_core|nios_system:U_nios_system|time_tamer:rx_tamer|dout[7]
            Info (332181): Cross Path Clock Pessimism Removed : 2.854
            Info (332181): Required Skew   : 6.400
            Info (332181): Actual Skew     : 2.263
            Info (332181): Slack           : 4.137
        Info (332181): Path #32: Slack is 4.168 
            Info (332181): Latest Path Arrival
                Info (332115): From Node          : bladerf_core:U_core|nios_system:U_nios_system|time_tamer:rx_tamer|handshake:U_snap|source_holding[45]
                Info (332115): To Node            : bladerf_core:U_core|nios_system:U_nios_system|time_tamer:rx_tamer|dout[5]
                Info (332115): Launch Clock       : U_core|U_nios_system|axi_ad9361_0|i_dev_if|i_rx|i_altlvds_rx|auto_generated|pll_sclk~PLL_OUTPUT_COUNTER|divclk
                Info (332115): Latch Clock        : U_core|U_system_pll|altera_pll_i|general[0].gpll~PLL_OUTPUT_COUNTER|divclk
                Info (332115): Data Arrival Time  : 9.494
                Info (332115): Clock Arrival Time : 1.654
                Info (332115): Relative Delay     : 7.840
                Info (332115): Data Arrival Path:
                Info (332115): Total (ns)  Incr (ns)     Type  Element
                Info (332115): ==========  ========= ==  ====  ===================================
                Info (332115):      6.331      6.331  R        clock network delay
                Info (332115):      6.331      0.000     uTco  bladerf_core:U_core|nios_system:U_nios_system|time_tamer:rx_tamer|handshake:U_snap|source_holding[45]
                Info (332115):      6.331      0.000 RR  CELL  U_core|U_nios_system|rx_tamer|U_snap|source_holding[45]|q
                Info (332115):      6.984      0.653 RR    IC  U_core|U_nios_system|rx_tamer|Mux2~0|dataa
                Info (332115):      7.693      0.709 RR  CELL  U_core|U_nios_system|rx_tamer|Mux2~0|combout
                Info (332115):      8.482      0.789 RR    IC  U_core|U_nios_system|rx_tamer|Mux2~2|dataa
                Info (332115):      9.188      0.706 RR  CELL  U_core|U_nios_system|rx_tamer|Mux2~2|combout
                Info (332115):      9.188      0.000 RR    IC  U_core|U_nios_system|rx_tamer|dout[5]|d
                Info (332115):      9.494      0.306 RR  CELL  bladerf_core:U_core|nios_system:U_nios_system|time_tamer:rx_tamer|dout[5]
                Info (332115): Clock Arrival Path:
                Info (332115): Total (ns)  Incr (ns)     Type  Element
                Info (332115): ==========  ========= ==  ====  ===================================
                Info (332115):      1.814      1.814  R        clock network delay
                Info (332115):      1.654     -0.160           clock uncertainty
                Info (332115):      1.654      0.000     uTsu  bladerf_core:U_core|nios_system:U_nios_system|time_tamer:rx_tamer|dout[5]
            Info (332181): Earliest Path Arrival
                Info (332115): From Node          : bladerf_core:U_core|nios_system:U_nios_system|time_tamer:rx_tamer|handshake:U_snap|source_holding[18]
                Info (332115): To Node            : bladerf_core:U_core|nios_system:U_nios_system|time_tamer:rx_tamer|dout[2]
                Info (332115): Launch Clock       : U_core|U_nios_system|axi_ad9361_0|i_dev_if|i_rx|i_altlvds_rx|auto_generated|pll_sclk~PLL_OUTPUT_COUNTER|divclk
                Info (332115): Latch Clock        : U_core|U_system_pll|altera_pll_i|general[0].gpll~PLL_OUTPUT_COUNTER|divclk
                Info (332115): Data Arrival Time  : 6.234
                Info (332115): Clock Arrival Time : 3.480
                Info (332115): Relative Delay     : 2.754
                Info (332115): Data Arrival Path:
                Info (332115): Total (ns)  Incr (ns)     Type  Element
                Info (332115): ==========  ========= ==  ====  ===================================
                Info (332115):      4.758      4.758  R        clock network delay
                Info (332115):      4.758      0.000     uTco  bladerf_core:U_core|nios_system:U_nios_system|time_tamer:rx_tamer|handshake:U_snap|source_holding[18]
                Info (332115):      4.758      0.000 RR  CELL  U_core|U_nios_system|rx_tamer|U_snap|source_holding[18]|q
                Info (332115):      5.962      1.204 RR    IC  U_core|U_nios_system|rx_tamer|Mux5~2|datae
                Info (332115):      6.152      0.190 RR  CELL  U_core|U_nios_system|rx_tamer|Mux5~2|combout
                Info (332115):      6.152      0.000 RR    IC  U_core|U_nios_system|rx_tamer|dout[2]|d
                Info (332115):      6.234      0.082 RR  CELL  bladerf_core:U_core|nios_system:U_nios_system|time_tamer:rx_tamer|dout[2]
                Info (332115): Clock Arrival Path:
                Info (332115): Total (ns)  Incr (ns)     Type  Element
                Info (332115): ==========  ========= ==  ====  ===================================
                Info (332115):      3.320      3.320  R        clock network delay
                Info (332115):      3.480      0.160           clock uncertainty
                Info (332115):      3.480      0.000      uTh  bladerf_core:U_core|nios_system:U_nios_system|time_tamer:rx_tamer|dout[2]
            Info (332181): Cross Path Clock Pessimism Removed : 2.854
            Info (332181): Required Skew   : 6.400
            Info (332181): Actual Skew     : 2.232
            Info (332181): Slack           : 4.168
Info (332115): Worst-case slack is 3.981 for "set_max_skew -from [get_keepers {*time_tamer:tx_tamer|hold_time[*]}] -to [get_keepers {*time_tamer:tx_tamer|compare_time[*]}] -get_skew_value_from_clock_period dst_clock_period -skew_value_multiplier 0.800 "
    Info (332181): Skew for the Latest Arrival
        Info (332181): Path #33: Slack is 3.981 
            Info (332181): Latest Path Arrival
                Info (332115): From Node          : bladerf_core:U_core|nios_system:U_nios_system|time_tamer:tx_tamer|hold_time[16]~DUPLICATE
                Info (332115): To Node            : bladerf_core:U_core|nios_system:U_nios_system|time_tamer:tx_tamer|compare_time[16]
                Info (332115): Launch Clock       : U_core|U_system_pll|altera_pll_i|general[0].gpll~PLL_OUTPUT_COUNTER|divclk
                Info (332115): Latch Clock        : U_core|U_nios_system|axi_ad9361_0|i_dev_if|i_rx|i_altlvds_rx|auto_generated|pll_sclk~PLL_OUTPUT_COUNTER|divclk
                Info (332115): Data Arrival Time  : 5.960
                Info (332115): Clock Arrival Time : 4.581
                Info (332115): Relative Delay     : 1.379
                Info (332115): Data Arrival Path:
                Info (332115): Total (ns)  Incr (ns)     Type  Element
                Info (332115): ==========  ========= ==  ====  ===================================
                Info (332115):      3.336      3.336  R        clock network delay
                Info (332115):      3.336      0.000     uTco  bladerf_core:U_core|nios_system:U_nios_system|time_tamer:tx_tamer|hold_time[16]~DUPLICATE
                Info (332115):      3.336      0.000 FF  CELL  U_core|U_nios_system|tx_tamer|hold_time[16]~DUPLICATE|q
                Info (332115):      5.234      1.898 FF    IC  U_core|U_nios_system|tx_tamer|compare_time[16]|asdata
                Info (332115):      5.960      0.726 FF  CELL  bladerf_core:U_core|nios_system:U_nios_system|time_tamer:tx_tamer|compare_time[16]
                Info (332115): Clock Arrival Path:
                Info (332115): Total (ns)  Incr (ns)     Type  Element
                Info (332115): ==========  ========= ==  ====  ===================================
                Info (332115):      4.741      4.741  R        clock network delay
                Info (332115):      4.581     -0.160           clock uncertainty
                Info (332115):      4.581      0.000     uTsu  bladerf_core:U_core|nios_system:U_nios_system|time_tamer:tx_tamer|compare_time[16]
            Info (332181): Earliest Path Arrival
                Info (332115): From Node          : bladerf_core:U_core|nios_system:U_nios_system|time_tamer:tx_tamer|hold_time[46]
                Info (332115): To Node            : bladerf_core:U_core|nios_system:U_nios_system|time_tamer:tx_tamer|compare_time[46]
                Info (332115): Launch Clock       : U_core|U_system_pll|altera_pll_i|general[0].gpll~PLL_OUTPUT_COUNTER|divclk
                Info (332115): Latch Clock        : U_core|U_nios_system|axi_ad9361_0|i_dev_if|i_rx|i_altlvds_rx|auto_generated|pll_sclk~PLL_OUTPUT_COUNTER|divclk
                Info (332115): Data Arrival Time  : 2.633
                Info (332115): Clock Arrival Time : 6.503
                Info (332115): Relative Delay     : -3.870
                Info (332115): Data Arrival Path:
                Info (332115): Total (ns)  Incr (ns)     Type  Element
                Info (332115): ==========  ========= ==  ====  ===================================
                Info (332115):      1.781      1.781  R        clock network delay
                Info (332115):      1.781      0.000     uTco  bladerf_core:U_core|nios_system:U_nios_system|time_tamer:tx_tamer|hold_time[46]
                Info (332115):      1.781      0.000 FF  CELL  U_core|U_nios_system|tx_tamer|hold_time[46]|q
                Info (332115):      2.197      0.416 FF    IC  U_core|U_nios_system|tx_tamer|compare_time[46]|asdata
                Info (332115):      2.633      0.436 FF  CELL  bladerf_core:U_core|nios_system:U_nios_system|time_tamer:tx_tamer|compare_time[46]
                Info (332115): Clock Arrival Path:
                Info (332115): Total (ns)  Incr (ns)     Type  Element
                Info (332115): ==========  ========= ==  ====  ===================================
                Info (332115):      6.343      6.343  R        clock network delay
                Info (332115):      6.503      0.160           clock uncertainty
                Info (332115):      6.503      0.000      uTh  bladerf_core:U_core|nios_system:U_nios_system|time_tamer:tx_tamer|compare_time[46]
            Info (332181): Cross Path Clock Pessimism Removed : 2.830
            Info (332181): Required Skew   : 6.400
            Info (332181): Actual Skew     : 2.419
            Info (332181): Slack           : 3.981
        Info (332181): Path #34: Slack is 4.065 
            Info (332181): Latest Path Arrival
                Info (332115): From Node          : bladerf_core:U_core|nios_system:U_nios_system|time_tamer:tx_tamer|hold_time[21]
                Info (332115): To Node            : bladerf_core:U_core|nios_system:U_nios_system|time_tamer:tx_tamer|compare_time[21]
                Info (332115): Launch Clock       : U_core|U_system_pll|altera_pll_i|general[0].gpll~PLL_OUTPUT_COUNTER|divclk
                Info (332115): Latch Clock        : U_core|U_nios_system|axi_ad9361_0|i_dev_if|i_rx|i_altlvds_rx|auto_generated|pll_sclk~PLL_OUTPUT_COUNTER|divclk
                Info (332115): Data Arrival Time  : 5.882
                Info (332115): Clock Arrival Time : 4.587
                Info (332115): Relative Delay     : 1.295
                Info (332115): Data Arrival Path:
                Info (332115): Total (ns)  Incr (ns)     Type  Element
                Info (332115): ==========  ========= ==  ====  ===================================
                Info (332115):      3.347      3.347  R        clock network delay
                Info (332115):      3.347      0.000     uTco  bladerf_core:U_core|nios_system:U_nios_system|time_tamer:tx_tamer|hold_time[21]
                Info (332115):      3.347      0.000 FF  CELL  U_core|U_nios_system|tx_tamer|hold_time[21]|q
                Info (332115):      5.153      1.806 FF    IC  U_core|U_nios_system|tx_tamer|compare_time[21]|asdata
                Info (332115):      5.882      0.729 FF  CELL  bladerf_core:U_core|nios_system:U_nios_system|time_tamer:tx_tamer|compare_time[21]
                Info (332115): Clock Arrival Path:
                Info (332115): Total (ns)  Incr (ns)     Type  Element
                Info (332115): ==========  ========= ==  ====  ===================================
                Info (332115):      4.747      4.747  R        clock network delay
                Info (332115):      4.587     -0.160           clock uncertainty
                Info (332115):      4.587      0.000     uTsu  bladerf_core:U_core|nios_system:U_nios_system|time_tamer:tx_tamer|compare_time[21]
            Info (332181): Earliest Path Arrival
                Info (332115): From Node          : bladerf_core:U_core|nios_system:U_nios_system|time_tamer:tx_tamer|hold_time[46]
                Info (332115): To Node            : bladerf_core:U_core|nios_system:U_nios_system|time_tamer:tx_tamer|compare_time[46]
                Info (332115): Launch Clock       : U_core|U_system_pll|altera_pll_i|general[0].gpll~PLL_OUTPUT_COUNTER|divclk
                Info (332115): Latch Clock        : U_core|U_nios_system|axi_ad9361_0|i_dev_if|i_rx|i_altlvds_rx|auto_generated|pll_sclk~PLL_OUTPUT_COUNTER|divclk
                Info (332115): Data Arrival Time  : 2.633
                Info (332115): Clock Arrival Time : 6.503
                Info (332115): Relative Delay     : -3.870
                Info (332115): Data Arrival Path:
                Info (332115): Total (ns)  Incr (ns)     Type  Element
                Info (332115): ==========  ========= ==  ====  ===================================
                Info (332115):      1.781      1.781  R        clock network delay
                Info (332115):      1.781      0.000     uTco  bladerf_core:U_core|nios_system:U_nios_system|time_tamer:tx_tamer|hold_time[46]
                Info (332115):      1.781      0.000 FF  CELL  U_core|U_nios_system|tx_tamer|hold_time[46]|q
                Info (332115):      2.197      0.416 FF    IC  U_core|U_nios_system|tx_tamer|compare_time[46]|asdata
                Info (332115):      2.633      0.436 FF  CELL  bladerf_core:U_core|nios_system:U_nios_system|time_tamer:tx_tamer|compare_time[46]
                Info (332115): Clock Arrival Path:
                Info (332115): Total (ns)  Incr (ns)     Type  Element
                Info (332115): ==========  ========= ==  ====  ===================================
                Info (332115):      6.343      6.343  R        clock network delay
                Info (332115):      6.503      0.160           clock uncertainty
                Info (332115):      6.503      0.000      uTh  bladerf_core:U_core|nios_system:U_nios_system|time_tamer:tx_tamer|compare_time[46]
            Info (332181): Cross Path Clock Pessimism Removed : 2.830
            Info (332181): Required Skew   : 6.400
            Info (332181): Actual Skew     : 2.335
            Info (332181): Slack           : 4.065
        Info (332181): Path #35: Slack is 4.098 
            Info (332181): Latest Path Arrival
                Info (332115): From Node          : bladerf_core:U_core|nios_system:U_nios_system|time_tamer:tx_tamer|hold_time[44]
                Info (332115): To Node            : bladerf_core:U_core|nios_system:U_nios_system|time_tamer:tx_tamer|compare_time[44]
                Info (332115): Launch Clock       : U_core|U_system_pll|altera_pll_i|general[0].gpll~PLL_OUTPUT_COUNTER|divclk
                Info (332115): Latch Clock        : U_core|U_nios_system|axi_ad9361_0|i_dev_if|i_rx|i_altlvds_rx|auto_generated|pll_sclk~PLL_OUTPUT_COUNTER|divclk
                Info (332115): Data Arrival Time  : 5.910
                Info (332115): Clock Arrival Time : 4.597
                Info (332115): Relative Delay     : 1.313
                Info (332115): Data Arrival Path:
                Info (332115): Total (ns)  Incr (ns)     Type  Element
                Info (332115): ==========  ========= ==  ====  ===================================
                Info (332115):      3.318      3.318  R        clock network delay
                Info (332115):      3.318      0.000     uTco  bladerf_core:U_core|nios_system:U_nios_system|time_tamer:tx_tamer|hold_time[44]
                Info (332115):      3.318      0.000 FF  CELL  U_core|U_nios_system|tx_tamer|hold_time[44]|q
                Info (332115):      5.207      1.889 FF    IC  U_core|U_nios_system|tx_tamer|compare_time[44]|asdata
                Info (332115):      5.910      0.703 FF  CELL  bladerf_core:U_core|nios_system:U_nios_system|time_tamer:tx_tamer|compare_time[44]
                Info (332115): Clock Arrival Path:
                Info (332115): Total (ns)  Incr (ns)     Type  Element
                Info (332115): ==========  ========= ==  ====  ===================================
                Info (332115):      4.757      4.757  R        clock network delay
                Info (332115):      4.597     -0.160           clock uncertainty
                Info (332115):      4.597      0.000     uTsu  bladerf_core:U_core|nios_system:U_nios_system|time_tamer:tx_tamer|compare_time[44]
            Info (332181): Earliest Path Arrival
                Info (332115): From Node          : bladerf_core:U_core|nios_system:U_nios_system|time_tamer:tx_tamer|hold_time[46]
                Info (332115): To Node            : bladerf_core:U_core|nios_system:U_nios_system|time_tamer:tx_tamer|compare_time[46]
                Info (332115): Launch Clock       : U_core|U_system_pll|altera_pll_i|general[0].gpll~PLL_OUTPUT_COUNTER|divclk
                Info (332115): Latch Clock        : U_core|U_nios_system|axi_ad9361_0|i_dev_if|i_rx|i_altlvds_rx|auto_generated|pll_sclk~PLL_OUTPUT_COUNTER|divclk
                Info (332115): Data Arrival Time  : 2.633
                Info (332115): Clock Arrival Time : 6.503
                Info (332115): Relative Delay     : -3.870
                Info (332115): Data Arrival Path:
                Info (332115): Total (ns)  Incr (ns)     Type  Element
                Info (332115): ==========  ========= ==  ====  ===================================
                Info (332115):      1.781      1.781  R        clock network delay
                Info (332115):      1.781      0.000     uTco  bladerf_core:U_core|nios_system:U_nios_system|time_tamer:tx_tamer|hold_time[46]
                Info (332115):      1.781      0.000 FF  CELL  U_core|U_nios_system|tx_tamer|hold_time[46]|q
                Info (332115):      2.197      0.416 FF    IC  U_core|U_nios_system|tx_tamer|compare_time[46]|asdata
                Info (332115):      2.633      0.436 FF  CELL  bladerf_core:U_core|nios_system:U_nios_system|time_tamer:tx_tamer|compare_time[46]
                Info (332115): Clock Arrival Path:
                Info (332115): Total (ns)  Incr (ns)     Type  Element
                Info (332115): ==========  ========= ==  ====  ===================================
                Info (332115):      6.343      6.343  R        clock network delay
                Info (332115):      6.503      0.160           clock uncertainty
                Info (332115):      6.503      0.000      uTh  bladerf_core:U_core|nios_system:U_nios_system|time_tamer:tx_tamer|compare_time[46]
            Info (332181): Cross Path Clock Pessimism Removed : 2.881
            Info (332181): Required Skew   : 6.400
            Info (332181): Actual Skew     : 2.302
            Info (332181): Slack           : 4.098
        Info (332181): Path #36: Slack is 4.098 
            Info (332181): Latest Path Arrival
                Info (332115): From Node          : bladerf_core:U_core|nios_system:U_nios_system|time_tamer:tx_tamer|hold_time[31]
                Info (332115): To Node            : bladerf_core:U_core|nios_system:U_nios_system|time_tamer:tx_tamer|compare_time[31]
                Info (332115): Launch Clock       : U_core|U_system_pll|altera_pll_i|general[0].gpll~PLL_OUTPUT_COUNTER|divclk
                Info (332115): Latch Clock        : U_core|U_nios_system|axi_ad9361_0|i_dev_if|i_rx|i_altlvds_rx|auto_generated|pll_sclk~PLL_OUTPUT_COUNTER|divclk
                Info (332115): Data Arrival Time  : 5.849
                Info (332115): Clock Arrival Time : 4.587
                Info (332115): Relative Delay     : 1.262
                Info (332115): Data Arrival Path:
                Info (332115): Total (ns)  Incr (ns)     Type  Element
                Info (332115): ==========  ========= ==  ====  ===================================
                Info (332115):      3.353      3.353  R        clock network delay
                Info (332115):      3.353      0.000     uTco  bladerf_core:U_core|nios_system:U_nios_system|time_tamer:tx_tamer|hold_time[31]
                Info (332115):      3.353      0.000 FF  CELL  U_core|U_nios_system|tx_tamer|hold_time[31]|q
                Info (332115):      5.120      1.767 FF    IC  U_core|U_nios_system|tx_tamer|compare_time[31]|asdata
                Info (332115):      5.849      0.729 FF  CELL  bladerf_core:U_core|nios_system:U_nios_system|time_tamer:tx_tamer|compare_time[31]
                Info (332115): Clock Arrival Path:
                Info (332115): Total (ns)  Incr (ns)     Type  Element
                Info (332115): ==========  ========= ==  ====  ===================================
                Info (332115):      4.747      4.747  R        clock network delay
                Info (332115):      4.587     -0.160           clock uncertainty
                Info (332115):      4.587      0.000     uTsu  bladerf_core:U_core|nios_system:U_nios_system|time_tamer:tx_tamer|compare_time[31]
            Info (332181): Earliest Path Arrival
                Info (332115): From Node          : bladerf_core:U_core|nios_system:U_nios_system|time_tamer:tx_tamer|hold_time[46]
                Info (332115): To Node            : bladerf_core:U_core|nios_system:U_nios_system|time_tamer:tx_tamer|compare_time[46]
                Info (332115): Launch Clock       : U_core|U_system_pll|altera_pll_i|general[0].gpll~PLL_OUTPUT_COUNTER|divclk
                Info (332115): Latch Clock        : U_core|U_nios_system|axi_ad9361_0|i_dev_if|i_rx|i_altlvds_rx|auto_generated|pll_sclk~PLL_OUTPUT_COUNTER|divclk
                Info (332115): Data Arrival Time  : 2.633
                Info (332115): Clock Arrival Time : 6.503
                Info (332115): Relative Delay     : -3.870
                Info (332115): Data Arrival Path:
                Info (332115): Total (ns)  Incr (ns)     Type  Element
                Info (332115): ==========  ========= ==  ====  ===================================
                Info (332115):      1.781      1.781  R        clock network delay
                Info (332115):      1.781      0.000     uTco  bladerf_core:U_core|nios_system:U_nios_system|time_tamer:tx_tamer|hold_time[46]
                Info (332115):      1.781      0.000 FF  CELL  U_core|U_nios_system|tx_tamer|hold_time[46]|q
                Info (332115):      2.197      0.416 FF    IC  U_core|U_nios_system|tx_tamer|compare_time[46]|asdata
                Info (332115):      2.633      0.436 FF  CELL  bladerf_core:U_core|nios_system:U_nios_system|time_tamer:tx_tamer|compare_time[46]
                Info (332115): Clock Arrival Path:
                Info (332115): Total (ns)  Incr (ns)     Type  Element
                Info (332115): ==========  ========= ==  ====  ===================================
                Info (332115):      6.343      6.343  R        clock network delay
                Info (332115):      6.503      0.160           clock uncertainty
                Info (332115):      6.503      0.000      uTh  bladerf_core:U_core|nios_system:U_nios_system|time_tamer:tx_tamer|compare_time[46]
            Info (332181): Cross Path Clock Pessimism Removed : 2.830
            Info (332181): Required Skew   : 6.400
            Info (332181): Actual Skew     : 2.302
            Info (332181): Slack           : 4.098
    Info (332181): Skew for the Earliest Arrival
        Info (332181): Path #37: Slack is 3.981 
            Info (332181): Latest Path Arrival
                Info (332115): From Node          : bladerf_core:U_core|nios_system:U_nios_system|time_tamer:tx_tamer|hold_time[16]~DUPLICATE
                Info (332115): To Node            : bladerf_core:U_core|nios_system:U_nios_system|time_tamer:tx_tamer|compare_time[16]
                Info (332115): Launch Clock       : U_core|U_system_pll|altera_pll_i|general[0].gpll~PLL_OUTPUT_COUNTER|divclk
                Info (332115): Latch Clock        : U_core|U_nios_system|axi_ad9361_0|i_dev_if|i_rx|i_altlvds_rx|auto_generated|pll_sclk~PLL_OUTPUT_COUNTER|divclk
                Info (332115): Data Arrival Time  : 5.960
                Info (332115): Clock Arrival Time : 4.581
                Info (332115): Relative Delay     : 1.379
                Info (332115): Data Arrival Path:
                Info (332115): Total (ns)  Incr (ns)     Type  Element
                Info (332115): ==========  ========= ==  ====  ===================================
                Info (332115):      3.336      3.336  R        clock network delay
                Info (332115):      3.336      0.000     uTco  bladerf_core:U_core|nios_system:U_nios_system|time_tamer:tx_tamer|hold_time[16]~DUPLICATE
                Info (332115):      3.336      0.000 FF  CELL  U_core|U_nios_system|tx_tamer|hold_time[16]~DUPLICATE|q
                Info (332115):      5.234      1.898 FF    IC  U_core|U_nios_system|tx_tamer|compare_time[16]|asdata
                Info (332115):      5.960      0.726 FF  CELL  bladerf_core:U_core|nios_system:U_nios_system|time_tamer:tx_tamer|compare_time[16]
                Info (332115): Clock Arrival Path:
                Info (332115): Total (ns)  Incr (ns)     Type  Element
                Info (332115): ==========  ========= ==  ====  ===================================
                Info (332115):      4.741      4.741  R        clock network delay
                Info (332115):      4.581     -0.160           clock uncertainty
                Info (332115):      4.581      0.000     uTsu  bladerf_core:U_core|nios_system:U_nios_system|time_tamer:tx_tamer|compare_time[16]
            Info (332181): Earliest Path Arrival
                Info (332115): From Node          : bladerf_core:U_core|nios_system:U_nios_system|time_tamer:tx_tamer|hold_time[46]
                Info (332115): To Node            : bladerf_core:U_core|nios_system:U_nios_system|time_tamer:tx_tamer|compare_time[46]
                Info (332115): Launch Clock       : U_core|U_system_pll|altera_pll_i|general[0].gpll~PLL_OUTPUT_COUNTER|divclk
                Info (332115): Latch Clock        : U_core|U_nios_system|axi_ad9361_0|i_dev_if|i_rx|i_altlvds_rx|auto_generated|pll_sclk~PLL_OUTPUT_COUNTER|divclk
                Info (332115): Data Arrival Time  : 2.633
                Info (332115): Clock Arrival Time : 6.503
                Info (332115): Relative Delay     : -3.870
                Info (332115): Data Arrival Path:
                Info (332115): Total (ns)  Incr (ns)     Type  Element
                Info (332115): ==========  ========= ==  ====  ===================================
                Info (332115):      1.781      1.781  R        clock network delay
                Info (332115):      1.781      0.000     uTco  bladerf_core:U_core|nios_system:U_nios_system|time_tamer:tx_tamer|hold_time[46]
                Info (332115):      1.781      0.000 FF  CELL  U_core|U_nios_system|tx_tamer|hold_time[46]|q
                Info (332115):      2.197      0.416 FF    IC  U_core|U_nios_system|tx_tamer|compare_time[46]|asdata
                Info (332115):      2.633      0.436 FF  CELL  bladerf_core:U_core|nios_system:U_nios_system|time_tamer:tx_tamer|compare_time[46]
                Info (332115): Clock Arrival Path:
                Info (332115): Total (ns)  Incr (ns)     Type  Element
                Info (332115): ==========  ========= ==  ====  ===================================
                Info (332115):      6.343      6.343  R        clock network delay
                Info (332115):      6.503      0.160           clock uncertainty
                Info (332115):      6.503      0.000      uTh  bladerf_core:U_core|nios_system:U_nios_system|time_tamer:tx_tamer|compare_time[46]
            Info (332181): Cross Path Clock Pessimism Removed : 2.830
            Info (332181): Required Skew   : 6.400
            Info (332181): Actual Skew     : 2.419
            Info (332181): Slack           : 3.981
        Info (332181): Path #38: Slack is 4.150 
            Info (332181): Latest Path Arrival
                Info (332115): From Node          : bladerf_core:U_core|nios_system:U_nios_system|time_tamer:tx_tamer|hold_time[16]~DUPLICATE
                Info (332115): To Node            : bladerf_core:U_core|nios_system:U_nios_system|time_tamer:tx_tamer|compare_time[16]
                Info (332115): Launch Clock       : U_core|U_system_pll|altera_pll_i|general[0].gpll~PLL_OUTPUT_COUNTER|divclk
                Info (332115): Latch Clock        : U_core|U_nios_system|axi_ad9361_0|i_dev_if|i_rx|i_altlvds_rx|auto_generated|pll_sclk~PLL_OUTPUT_COUNTER|divclk
                Info (332115): Data Arrival Time  : 5.960
                Info (332115): Clock Arrival Time : 4.581
                Info (332115): Relative Delay     : 1.379
                Info (332115): Data Arrival Path:
                Info (332115): Total (ns)  Incr (ns)     Type  Element
                Info (332115): ==========  ========= ==  ====  ===================================
                Info (332115):      3.336      3.336  R        clock network delay
                Info (332115):      3.336      0.000     uTco  bladerf_core:U_core|nios_system:U_nios_system|time_tamer:tx_tamer|hold_time[16]~DUPLICATE
                Info (332115):      3.336      0.000 FF  CELL  U_core|U_nios_system|tx_tamer|hold_time[16]~DUPLICATE|q
                Info (332115):      5.234      1.898 FF    IC  U_core|U_nios_system|tx_tamer|compare_time[16]|asdata
                Info (332115):      5.960      0.726 FF  CELL  bladerf_core:U_core|nios_system:U_nios_system|time_tamer:tx_tamer|compare_time[16]
                Info (332115): Clock Arrival Path:
                Info (332115): Total (ns)  Incr (ns)     Type  Element
                Info (332115): ==========  ========= ==  ====  ===================================
                Info (332115):      4.741      4.741  R        clock network delay
                Info (332115):      4.581     -0.160           clock uncertainty
                Info (332115):      4.581      0.000     uTsu  bladerf_core:U_core|nios_system:U_nios_system|time_tamer:tx_tamer|compare_time[16]
            Info (332181): Earliest Path Arrival
                Info (332115): From Node          : bladerf_core:U_core|nios_system:U_nios_system|time_tamer:tx_tamer|hold_time[51]
                Info (332115): To Node            : bladerf_core:U_core|nios_system:U_nios_system|time_tamer:tx_tamer|compare_time[51]
                Info (332115): Launch Clock       : U_core|U_system_pll|altera_pll_i|general[0].gpll~PLL_OUTPUT_COUNTER|divclk
                Info (332115): Latch Clock        : U_core|U_nios_system|axi_ad9361_0|i_dev_if|i_rx|i_altlvds_rx|auto_generated|pll_sclk~PLL_OUTPUT_COUNTER|divclk
                Info (332115): Data Arrival Time  : 2.804
                Info (332115): Clock Arrival Time : 6.505
                Info (332115): Relative Delay     : -3.701
                Info (332115): Data Arrival Path:
                Info (332115): Total (ns)  Incr (ns)     Type  Element
                Info (332115): ==========  ========= ==  ====  ===================================
                Info (332115):      1.778      1.778  R        clock network delay
                Info (332115):      1.778      0.000     uTco  bladerf_core:U_core|nios_system:U_nios_system|time_tamer:tx_tamer|hold_time[51]
                Info (332115):      1.778      0.000 RR  CELL  U_core|U_nios_system|tx_tamer|hold_time[51]|q
                Info (332115):      2.474      0.696 RR    IC  U_core|U_nios_system|tx_tamer|compare_time[51]|asdata
                Info (332115):      2.804      0.330 RR  CELL  bladerf_core:U_core|nios_system:U_nios_system|time_tamer:tx_tamer|compare_time[51]
                Info (332115): Clock Arrival Path:
                Info (332115): Total (ns)  Incr (ns)     Type  Element
                Info (332115): ==========  ========= ==  ====  ===================================
                Info (332115):      6.345      6.345  R        clock network delay
                Info (332115):      6.505      0.160           clock uncertainty
                Info (332115):      6.505      0.000      uTh  bladerf_core:U_core|nios_system:U_nios_system|time_tamer:tx_tamer|compare_time[51]
            Info (332181): Cross Path Clock Pessimism Removed : 2.830
            Info (332181): Required Skew   : 6.400
            Info (332181): Actual Skew     : 2.250
            Info (332181): Slack           : 4.150
        Info (332181): Path #39: Slack is 4.171 
            Info (332181): Latest Path Arrival
                Info (332115): From Node          : bladerf_core:U_core|nios_system:U_nios_system|time_tamer:tx_tamer|hold_time[16]~DUPLICATE
                Info (332115): To Node            : bladerf_core:U_core|nios_system:U_nios_system|time_tamer:tx_tamer|compare_time[16]
                Info (332115): Launch Clock       : U_core|U_system_pll|altera_pll_i|general[0].gpll~PLL_OUTPUT_COUNTER|divclk
                Info (332115): Latch Clock        : U_core|U_nios_system|axi_ad9361_0|i_dev_if|i_rx|i_altlvds_rx|auto_generated|pll_sclk~PLL_OUTPUT_COUNTER|divclk
                Info (332115): Data Arrival Time  : 5.960
                Info (332115): Clock Arrival Time : 4.581
                Info (332115): Relative Delay     : 1.379
                Info (332115): Data Arrival Path:
                Info (332115): Total (ns)  Incr (ns)     Type  Element
                Info (332115): ==========  ========= ==  ====  ===================================
                Info (332115):      3.336      3.336  R        clock network delay
                Info (332115):      3.336      0.000     uTco  bladerf_core:U_core|nios_system:U_nios_system|time_tamer:tx_tamer|hold_time[16]~DUPLICATE
                Info (332115):      3.336      0.000 FF  CELL  U_core|U_nios_system|tx_tamer|hold_time[16]~DUPLICATE|q
                Info (332115):      5.234      1.898 FF    IC  U_core|U_nios_system|tx_tamer|compare_time[16]|asdata
                Info (332115):      5.960      0.726 FF  CELL  bladerf_core:U_core|nios_system:U_nios_system|time_tamer:tx_tamer|compare_time[16]
                Info (332115): Clock Arrival Path:
                Info (332115): Total (ns)  Incr (ns)     Type  Element
                Info (332115): ==========  ========= ==  ====  ===================================
                Info (332115):      4.741      4.741  R        clock network delay
                Info (332115):      4.581     -0.160           clock uncertainty
                Info (332115):      4.581      0.000     uTsu  bladerf_core:U_core|nios_system:U_nios_system|time_tamer:tx_tamer|compare_time[16]
            Info (332181): Earliest Path Arrival
                Info (332115): From Node          : bladerf_core:U_core|nios_system:U_nios_system|time_tamer:tx_tamer|hold_time[35]
                Info (332115): To Node            : bladerf_core:U_core|nios_system:U_nios_system|time_tamer:tx_tamer|compare_time[35]
                Info (332115): Launch Clock       : U_core|U_system_pll|altera_pll_i|general[0].gpll~PLL_OUTPUT_COUNTER|divclk
                Info (332115): Latch Clock        : U_core|U_nios_system|axi_ad9361_0|i_dev_if|i_rx|i_altlvds_rx|auto_generated|pll_sclk~PLL_OUTPUT_COUNTER|divclk
                Info (332115): Data Arrival Time  : 2.823
                Info (332115): Clock Arrival Time : 6.503
                Info (332115): Relative Delay     : -3.680
                Info (332115): Data Arrival Path:
                Info (332115): Total (ns)  Incr (ns)     Type  Element
                Info (332115): ==========  ========= ==  ====  ===================================
                Info (332115):      1.789      1.789  R        clock network delay
                Info (332115):      1.789      0.000     uTco  bladerf_core:U_core|nios_system:U_nios_system|time_tamer:tx_tamer|hold_time[35]
                Info (332115):      1.789      0.000 FF  CELL  U_core|U_nios_system|tx_tamer|hold_time[35]|q
                Info (332115):      2.434      0.645 FF    IC  U_core|U_nios_system|tx_tamer|compare_time[35]|asdata
                Info (332115):      2.823      0.389 FF  CELL  bladerf_core:U_core|nios_system:U_nios_system|time_tamer:tx_tamer|compare_time[35]
                Info (332115): Clock Arrival Path:
                Info (332115): Total (ns)  Incr (ns)     Type  Element
                Info (332115): ==========  ========= ==  ====  ===================================
                Info (332115):      6.343      6.343  R        clock network delay
                Info (332115):      6.503      0.160           clock uncertainty
                Info (332115):      6.503      0.000      uTh  bladerf_core:U_core|nios_system:U_nios_system|time_tamer:tx_tamer|compare_time[35]
            Info (332181): Cross Path Clock Pessimism Removed : 2.830
            Info (332181): Required Skew   : 6.400
            Info (332181): Actual Skew     : 2.229
            Info (332181): Slack           : 4.171
        Info (332181): Path #40: Slack is 4.195 
            Info (332181): Latest Path Arrival
                Info (332115): From Node          : bladerf_core:U_core|nios_system:U_nios_system|time_tamer:tx_tamer|hold_time[16]~DUPLICATE
                Info (332115): To Node            : bladerf_core:U_core|nios_system:U_nios_system|time_tamer:tx_tamer|compare_time[16]
                Info (332115): Launch Clock       : U_core|U_system_pll|altera_pll_i|general[0].gpll~PLL_OUTPUT_COUNTER|divclk
                Info (332115): Latch Clock        : U_core|U_nios_system|axi_ad9361_0|i_dev_if|i_rx|i_altlvds_rx|auto_generated|pll_sclk~PLL_OUTPUT_COUNTER|divclk
                Info (332115): Data Arrival Time  : 5.960
                Info (332115): Clock Arrival Time : 4.581
                Info (332115): Relative Delay     : 1.379
                Info (332115): Data Arrival Path:
                Info (332115): Total (ns)  Incr (ns)     Type  Element
                Info (332115): ==========  ========= ==  ====  ===================================
                Info (332115):      3.336      3.336  R        clock network delay
                Info (332115):      3.336      0.000     uTco  bladerf_core:U_core|nios_system:U_nios_system|time_tamer:tx_tamer|hold_time[16]~DUPLICATE
                Info (332115):      3.336      0.000 FF  CELL  U_core|U_nios_system|tx_tamer|hold_time[16]~DUPLICATE|q
                Info (332115):      5.234      1.898 FF    IC  U_core|U_nios_system|tx_tamer|compare_time[16]|asdata
                Info (332115):      5.960      0.726 FF  CELL  bladerf_core:U_core|nios_system:U_nios_system|time_tamer:tx_tamer|compare_time[16]
                Info (332115): Clock Arrival Path:
                Info (332115): Total (ns)  Incr (ns)     Type  Element
                Info (332115): ==========  ========= ==  ====  ===================================
                Info (332115):      4.741      4.741  R        clock network delay
                Info (332115):      4.581     -0.160           clock uncertainty
                Info (332115):      4.581      0.000     uTsu  bladerf_core:U_core|nios_system:U_nios_system|time_tamer:tx_tamer|compare_time[16]
            Info (332181): Earliest Path Arrival
                Info (332115): From Node          : bladerf_core:U_core|nios_system:U_nios_system|time_tamer:tx_tamer|hold_time[39]
                Info (332115): To Node            : bladerf_core:U_core|nios_system:U_nios_system|time_tamer:tx_tamer|compare_time[39]
                Info (332115): Launch Clock       : U_core|U_system_pll|altera_pll_i|general[0].gpll~PLL_OUTPUT_COUNTER|divclk
                Info (332115): Latch Clock        : U_core|U_nios_system|axi_ad9361_0|i_dev_if|i_rx|i_altlvds_rx|auto_generated|pll_sclk~PLL_OUTPUT_COUNTER|divclk
                Info (332115): Data Arrival Time  : 2.847
                Info (332115): Clock Arrival Time : 6.503
                Info (332115): Relative Delay     : -3.656
                Info (332115): Data Arrival Path:
                Info (332115): Total (ns)  Incr (ns)     Type  Element
                Info (332115): ==========  ========= ==  ====  ===================================
                Info (332115):      1.787      1.787  R        clock network delay
                Info (332115):      1.787      0.000     uTco  bladerf_core:U_core|nios_system:U_nios_system|time_tamer:tx_tamer|hold_time[39]
                Info (332115):      1.787      0.000 FF  CELL  U_core|U_nios_system|tx_tamer|hold_time[39]|q
                Info (332115):      2.411      0.624 FF    IC  U_core|U_nios_system|tx_tamer|compare_time[39]|asdata
                Info (332115):      2.847      0.436 FF  CELL  bladerf_core:U_core|nios_system:U_nios_system|time_tamer:tx_tamer|compare_time[39]
                Info (332115): Clock Arrival Path:
                Info (332115): Total (ns)  Incr (ns)     Type  Element
                Info (332115): ==========  ========= ==  ====  ===================================
                Info (332115):      6.343      6.343  R        clock network delay
                Info (332115):      6.503      0.160           clock uncertainty
                Info (332115):      6.503      0.000      uTh  bladerf_core:U_core|nios_system:U_nios_system|time_tamer:tx_tamer|compare_time[39]
            Info (332181): Cross Path Clock Pessimism Removed : 2.830
            Info (332181): Required Skew   : 6.400
            Info (332181): Actual Skew     : 2.205
            Info (332181): Slack           : 4.195
Info (332115): Worst-case slack is 4.109 for "set_max_skew -from [get_keepers {*time_tamer:tx_tamer|handshake:U_snap|source_holding[*]}] -to [get_keepers {*time_tamer:tx_tamer|dout[*]}] 6.400 "
    Info (332181): Skew for the Latest Arrival
        Info (332181): Path #41: Slack is 4.109 
            Info (332181): Latest Path Arrival
                Info (332115): From Node          : bladerf_core:U_core|nios_system:U_nios_system|time_tamer:tx_tamer|handshake:U_snap|source_holding[10]
                Info (332115): To Node            : bladerf_core:U_core|nios_system:U_nios_system|time_tamer:tx_tamer|dout[2]
                Info (332115): Launch Clock       : U_core|U_nios_system|axi_ad9361_0|i_dev_if|i_rx|i_altlvds_rx|auto_generated|pll_sclk~PLL_OUTPUT_COUNTER|divclk
                Info (332115): Latch Clock        : U_core|U_system_pll|altera_pll_i|general[0].gpll~PLL_OUTPUT_COUNTER|divclk
                Info (332115): Data Arrival Time  : 9.464
                Info (332115): Clock Arrival Time : 1.629
                Info (332115): Relative Delay     : 7.835
                Info (332115): Data Arrival Path:
                Info (332115): Total (ns)  Incr (ns)     Type  Element
                Info (332115): ==========  ========= ==  ====  ===================================
                Info (332115):      6.338      6.338  R        clock network delay
                Info (332115):      6.338      0.000     uTco  bladerf_core:U_core|nios_system:U_nios_system|time_tamer:tx_tamer|handshake:U_snap|source_holding[10]
                Info (332115):      6.338      0.000 FF  CELL  U_core|U_nios_system|tx_tamer|U_snap|source_holding[10]|q
                Info (332115):      7.068      0.730 FF    IC  U_core|U_nios_system|tx_tamer|Mux5~1|dataa
                Info (332115):      7.729      0.661 FF  CELL  U_core|U_nios_system|tx_tamer|Mux5~1|combout
                Info (332115):      8.587      0.858 FF    IC  U_core|U_nios_system|tx_tamer|Mux5~2|datac
                Info (332115):      9.157      0.570 FF  CELL  U_core|U_nios_system|tx_tamer|Mux5~2|combout
                Info (332115):      9.157      0.000 FF    IC  U_core|U_nios_system|tx_tamer|dout[2]|d
                Info (332115):      9.464      0.307 FF  CELL  bladerf_core:U_core|nios_system:U_nios_system|time_tamer:tx_tamer|dout[2]
                Info (332115): Clock Arrival Path:
                Info (332115): Total (ns)  Incr (ns)     Type  Element
                Info (332115): ==========  ========= ==  ====  ===================================
                Info (332115):      1.789      1.789  R        clock network delay
                Info (332115):      1.629     -0.160           clock uncertainty
                Info (332115):      1.629      0.000     uTsu  bladerf_core:U_core|nios_system:U_nios_system|time_tamer:tx_tamer|dout[2]
            Info (332181): Earliest Path Arrival
                Info (332115): From Node          : bladerf_core:U_core|nios_system:U_nios_system|time_tamer:tx_tamer|handshake:U_snap|source_holding[21]
                Info (332115): To Node            : bladerf_core:U_core|nios_system:U_nios_system|time_tamer:tx_tamer|dout[5]
                Info (332115): Launch Clock       : U_core|U_nios_system|axi_ad9361_0|i_dev_if|i_rx|i_altlvds_rx|auto_generated|pll_sclk~PLL_OUTPUT_COUNTER|divclk
                Info (332115): Latch Clock        : U_core|U_system_pll|altera_pll_i|general[0].gpll~PLL_OUTPUT_COUNTER|divclk
                Info (332115): Data Arrival Time  : 6.171
                Info (332115): Clock Arrival Time : 3.457
                Info (332115): Relative Delay     : 2.714
                Info (332115): Data Arrival Path:
                Info (332115): Total (ns)  Incr (ns)     Type  Element
                Info (332115): ==========  ========= ==  ====  ===================================
                Info (332115):      4.763      4.763  R        clock network delay
                Info (332115):      4.763      0.000     uTco  bladerf_core:U_core|nios_system:U_nios_system|time_tamer:tx_tamer|handshake:U_snap|source_holding[21]
                Info (332115):      4.763      0.000 RR  CELL  U_core|U_nios_system|tx_tamer|U_snap|source_holding[21]|q
                Info (332115):      5.562      0.799 RR    IC  U_core|U_nios_system|tx_tamer|Mux2~2|datab
                Info (332115):      6.089      0.527 RR  CELL  U_core|U_nios_system|tx_tamer|Mux2~2|combout
                Info (332115):      6.089      0.000 RR    IC  U_core|U_nios_system|tx_tamer|dout[5]|d
                Info (332115):      6.171      0.082 RR  CELL  bladerf_core:U_core|nios_system:U_nios_system|time_tamer:tx_tamer|dout[5]
                Info (332115): Clock Arrival Path:
                Info (332115): Total (ns)  Incr (ns)     Type  Element
                Info (332115): ==========  ========= ==  ====  ===================================
                Info (332115):      3.297      3.297  R        clock network delay
                Info (332115):      3.457      0.160           clock uncertainty
                Info (332115):      3.457      0.000      uTh  bladerf_core:U_core|nios_system:U_nios_system|time_tamer:tx_tamer|dout[5]
            Info (332181): Cross Path Clock Pessimism Removed : 2.830
            Info (332181): Required Skew   : 6.400
            Info (332181): Actual Skew     : 2.291
            Info (332181): Slack           : 4.109
        Info (332181): Path #42: Slack is 4.119 
            Info (332181): Latest Path Arrival
                Info (332115): From Node          : bladerf_core:U_core|nios_system:U_nios_system|time_tamer:tx_tamer|handshake:U_snap|source_holding[38]
                Info (332115): To Node            : bladerf_core:U_core|nios_system:U_nios_system|time_tamer:tx_tamer|dout[6]
                Info (332115): Launch Clock       : U_core|U_nios_system|axi_ad9361_0|i_dev_if|i_rx|i_altlvds_rx|auto_generated|pll_sclk~PLL_OUTPUT_COUNTER|divclk
                Info (332115): Latch Clock        : U_core|U_system_pll|altera_pll_i|general[0].gpll~PLL_OUTPUT_COUNTER|divclk
                Info (332115): Data Arrival Time  : 9.457
                Info (332115): Clock Arrival Time : 1.619
                Info (332115): Relative Delay     : 7.838
                Info (332115): Data Arrival Path:
                Info (332115): Total (ns)  Incr (ns)     Type  Element
                Info (332115): ==========  ========= ==  ====  ===================================
                Info (332115):      6.355      6.355  R        clock network delay
                Info (332115):      6.355      0.000     uTco  bladerf_core:U_core|nios_system:U_nios_system|time_tamer:tx_tamer|handshake:U_snap|source_holding[38]
                Info (332115):      6.355      0.000 RR  CELL  U_core|U_nios_system|tx_tamer|U_snap|source_holding[38]|q
                Info (332115):      7.077      0.722 RR    IC  U_core|U_nios_system|tx_tamer|Mux1~0|datab
                Info (332115):      7.763      0.686 RR  CELL  U_core|U_nios_system|tx_tamer|Mux1~0|combout
                Info (332115):      8.469      0.706 RR    IC  U_core|U_nios_system|tx_tamer|Mux1~2|datab
                Info (332115):      9.151      0.682 RR  CELL  U_core|U_nios_system|tx_tamer|Mux1~2|combout
                Info (332115):      9.151      0.000 RR    IC  U_core|U_nios_system|tx_tamer|dout[6]|d
                Info (332115):      9.457      0.306 RR  CELL  bladerf_core:U_core|nios_system:U_nios_system|time_tamer:tx_tamer|dout[6]
                Info (332115): Clock Arrival Path:
                Info (332115): Total (ns)  Incr (ns)     Type  Element
                Info (332115): ==========  ========= ==  ====  ===================================
                Info (332115):      1.779      1.779  R        clock network delay
                Info (332115):      1.619     -0.160           clock uncertainty
                Info (332115):      1.619      0.000     uTsu  bladerf_core:U_core|nios_system:U_nios_system|time_tamer:tx_tamer|dout[6]
            Info (332181): Earliest Path Arrival
                Info (332115): From Node          : bladerf_core:U_core|nios_system:U_nios_system|time_tamer:tx_tamer|handshake:U_snap|source_holding[7]
                Info (332115): To Node            : bladerf_core:U_core|nios_system:U_nios_system|time_tamer:tx_tamer|dout[7]
                Info (332115): Launch Clock       : U_core|U_nios_system|axi_ad9361_0|i_dev_if|i_rx|i_altlvds_rx|auto_generated|pll_sclk~PLL_OUTPUT_COUNTER|divclk
                Info (332115): Latch Clock        : U_core|U_system_pll|altera_pll_i|general[0].gpll~PLL_OUTPUT_COUNTER|divclk
                Info (332115): Data Arrival Time  : 6.193
                Info (332115): Clock Arrival Time : 3.466
                Info (332115): Relative Delay     : 2.727
                Info (332115): Data Arrival Path:
                Info (332115): Total (ns)  Incr (ns)     Type  Element
                Info (332115): ==========  ========= ==  ====  ===================================
                Info (332115):      4.745      4.745  R        clock network delay
                Info (332115):      4.745      0.000     uTco  bladerf_core:U_core|nios_system:U_nios_system|time_tamer:tx_tamer|handshake:U_snap|source_holding[7]
                Info (332115):      4.745      0.000 FF  CELL  U_core|U_nios_system|tx_tamer|U_snap|source_holding[7]|q
                Info (332115):      5.027      0.282 FF    IC  U_core|U_nios_system|tx_tamer|Mux0~1|datae
                Info (332115):      5.256      0.229 FF  CELL  U_core|U_nios_system|tx_tamer|Mux0~1|combout
                Info (332115):      5.591      0.335 FF    IC  U_core|U_nios_system|tx_tamer|Mux0~2|dataa
                Info (332115):      6.110      0.519 FF  CELL  U_core|U_nios_system|tx_tamer|Mux0~2|combout
                Info (332115):      6.110      0.000 FF    IC  U_core|U_nios_system|tx_tamer|dout[7]|d
                Info (332115):      6.193      0.083 FF  CELL  bladerf_core:U_core|nios_system:U_nios_system|time_tamer:tx_tamer|dout[7]
                Info (332115): Clock Arrival Path:
                Info (332115): Total (ns)  Incr (ns)     Type  Element
                Info (332115): ==========  ========= ==  ====  ===================================
                Info (332115):      3.306      3.306  R        clock network delay
                Info (332115):      3.466      0.160           clock uncertainty
                Info (332115):      3.466      0.000      uTh  bladerf_core:U_core|nios_system:U_nios_system|time_tamer:tx_tamer|dout[7]
            Info (332181): Cross Path Clock Pessimism Removed : 2.830
            Info (332181): Required Skew   : 6.400
            Info (332181): Actual Skew     : 2.281
            Info (332181): Slack           : 4.119
        Info (332181): Path #43: Slack is 4.222 
            Info (332181): Latest Path Arrival
                Info (332115): From Node          : bladerf_core:U_core|nios_system:U_nios_system|time_tamer:tx_tamer|handshake:U_snap|source_holding[5]
                Info (332115): To Node            : bladerf_core:U_core|nios_system:U_nios_system|time_tamer:tx_tamer|dout[5]
                Info (332115): Launch Clock       : U_core|U_nios_system|axi_ad9361_0|i_dev_if|i_rx|i_altlvds_rx|auto_generated|pll_sclk~PLL_OUTPUT_COUNTER|divclk
                Info (332115): Latch Clock        : U_core|U_system_pll|altera_pll_i|general[0].gpll~PLL_OUTPUT_COUNTER|divclk
                Info (332115): Data Arrival Time  : 9.354
                Info (332115): Clock Arrival Time : 1.619
                Info (332115): Relative Delay     : 7.735
                Info (332115): Data Arrival Path:
                Info (332115): Total (ns)  Incr (ns)     Type  Element
                Info (332115): ==========  ========= ==  ====  ===================================
                Info (332115):      6.344      6.344  R        clock network delay
                Info (332115):      6.344      0.000     uTco  bladerf_core:U_core|nios_system:U_nios_system|time_tamer:tx_tamer|handshake:U_snap|source_holding[5]
                Info (332115):      6.344      0.000 RR  CELL  U_core|U_nios_system|tx_tamer|U_snap|source_holding[5]|q
                Info (332115):      7.055      0.711 RR    IC  U_core|U_nios_system|tx_tamer|Mux2~1|dataa
                Info (332115):      7.765      0.710 RR  CELL  U_core|U_nios_system|tx_tamer|Mux2~1|combout
                Info (332115):      8.342      0.577 RR    IC  U_core|U_nios_system|tx_tamer|Mux2~2|dataa
                Info (332115):      9.048      0.706 RR  CELL  U_core|U_nios_system|tx_tamer|Mux2~2|combout
                Info (332115):      9.048      0.000 RR    IC  U_core|U_nios_system|tx_tamer|dout[5]|d
                Info (332115):      9.354      0.306 RR  CELL  bladerf_core:U_core|nios_system:U_nios_system|time_tamer:tx_tamer|dout[5]
                Info (332115): Clock Arrival Path:
                Info (332115): Total (ns)  Incr (ns)     Type  Element
                Info (332115): ==========  ========= ==  ====  ===================================
                Info (332115):      1.779      1.779  R        clock network delay
                Info (332115):      1.619     -0.160           clock uncertainty
                Info (332115):      1.619      0.000     uTsu  bladerf_core:U_core|nios_system:U_nios_system|time_tamer:tx_tamer|dout[5]
            Info (332181): Earliest Path Arrival
                Info (332115): From Node          : bladerf_core:U_core|nios_system:U_nios_system|time_tamer:tx_tamer|handshake:U_snap|source_holding[7]
                Info (332115): To Node            : bladerf_core:U_core|nios_system:U_nios_system|time_tamer:tx_tamer|dout[7]
                Info (332115): Launch Clock       : U_core|U_nios_system|axi_ad9361_0|i_dev_if|i_rx|i_altlvds_rx|auto_generated|pll_sclk~PLL_OUTPUT_COUNTER|divclk
                Info (332115): Latch Clock        : U_core|U_system_pll|altera_pll_i|general[0].gpll~PLL_OUTPUT_COUNTER|divclk
                Info (332115): Data Arrival Time  : 6.193
                Info (332115): Clock Arrival Time : 3.466
                Info (332115): Relative Delay     : 2.727
                Info (332115): Data Arrival Path:
                Info (332115): Total (ns)  Incr (ns)     Type  Element
                Info (332115): ==========  ========= ==  ====  ===================================
                Info (332115):      4.745      4.745  R        clock network delay
                Info (332115):      4.745      0.000     uTco  bladerf_core:U_core|nios_system:U_nios_system|time_tamer:tx_tamer|handshake:U_snap|source_holding[7]
                Info (332115):      4.745      0.000 FF  CELL  U_core|U_nios_system|tx_tamer|U_snap|source_holding[7]|q
                Info (332115):      5.027      0.282 FF    IC  U_core|U_nios_system|tx_tamer|Mux0~1|datae
                Info (332115):      5.256      0.229 FF  CELL  U_core|U_nios_system|tx_tamer|Mux0~1|combout
                Info (332115):      5.591      0.335 FF    IC  U_core|U_nios_system|tx_tamer|Mux0~2|dataa
                Info (332115):      6.110      0.519 FF  CELL  U_core|U_nios_system|tx_tamer|Mux0~2|combout
                Info (332115):      6.110      0.000 FF    IC  U_core|U_nios_system|tx_tamer|dout[7]|d
                Info (332115):      6.193      0.083 FF  CELL  bladerf_core:U_core|nios_system:U_nios_system|time_tamer:tx_tamer|dout[7]
                Info (332115): Clock Arrival Path:
                Info (332115): Total (ns)  Incr (ns)     Type  Element
                Info (332115): ==========  ========= ==  ====  ===================================
                Info (332115):      3.306      3.306  R        clock network delay
                Info (332115):      3.466      0.160           clock uncertainty
                Info (332115):      3.466      0.000      uTh  bladerf_core:U_core|nios_system:U_nios_system|time_tamer:tx_tamer|dout[7]
            Info (332181): Cross Path Clock Pessimism Removed : 2.830
            Info (332181): Required Skew   : 6.400
            Info (332181): Actual Skew     : 2.178
            Info (332181): Slack           : 4.222
        Info (332181): Path #44: Slack is 4.232 
            Info (332181): Latest Path Arrival
                Info (332115): From Node          : bladerf_core:U_core|nios_system:U_nios_system|time_tamer:tx_tamer|handshake:U_snap|source_holding[0]
                Info (332115): To Node            : bladerf_core:U_core|nios_system:U_nios_system|time_tamer:tx_tamer|dout[0]
                Info (332115): Launch Clock       : U_core|U_nios_system|axi_ad9361_0|i_dev_if|i_rx|i_altlvds_rx|auto_generated|pll_sclk~PLL_OUTPUT_COUNTER|divclk
                Info (332115): Latch Clock        : U_core|U_system_pll|altera_pll_i|general[0].gpll~PLL_OUTPUT_COUNTER|divclk
                Info (332115): Data Arrival Time  : 9.354
                Info (332115): Clock Arrival Time : 1.629
                Info (332115): Relative Delay     : 7.725
                Info (332115): Data Arrival Path:
                Info (332115): Total (ns)  Incr (ns)     Type  Element
                Info (332115): ==========  ========= ==  ====  ===================================
                Info (332115):      6.347      6.347  R        clock network delay
                Info (332115):      6.347      0.000     uTco  bladerf_core:U_core|nios_system:U_nios_system|time_tamer:tx_tamer|handshake:U_snap|source_holding[0]
                Info (332115):      6.347      0.000 FF  CELL  U_core|U_nios_system|tx_tamer|U_snap|source_holding[0]|q
                Info (332115):      7.090      0.743 FF    IC  U_core|U_nios_system|tx_tamer|Mux7~1|datae
                Info (332115):      7.348      0.258 FF  CELL  U_core|U_nios_system|tx_tamer|Mux7~1|combout
                Info (332115):      8.391      1.043 FF    IC  U_core|U_nios_system|tx_tamer|Mux7~3|dataa
                Info (332115):      9.047      0.656 FF  CELL  U_core|U_nios_system|tx_tamer|Mux7~3|combout
                Info (332115):      9.047      0.000 FF    IC  U_core|U_nios_system|tx_tamer|dout[0]|d
                Info (332115):      9.354      0.307 FF  CELL  bladerf_core:U_core|nios_system:U_nios_system|time_tamer:tx_tamer|dout[0]
                Info (332115): Clock Arrival Path:
                Info (332115): Total (ns)  Incr (ns)     Type  Element
                Info (332115): ==========  ========= ==  ====  ===================================
                Info (332115):      1.789      1.789  R        clock network delay
                Info (332115):      1.629     -0.160           clock uncertainty
                Info (332115):      1.629      0.000     uTsu  bladerf_core:U_core|nios_system:U_nios_system|time_tamer:tx_tamer|dout[0]
            Info (332181): Earliest Path Arrival
                Info (332115): From Node          : bladerf_core:U_core|nios_system:U_nios_system|time_tamer:tx_tamer|handshake:U_snap|source_holding[7]
                Info (332115): To Node            : bladerf_core:U_core|nios_system:U_nios_system|time_tamer:tx_tamer|dout[7]
                Info (332115): Launch Clock       : U_core|U_nios_system|axi_ad9361_0|i_dev_if|i_rx|i_altlvds_rx|auto_generated|pll_sclk~PLL_OUTPUT_COUNTER|divclk
                Info (332115): Latch Clock        : U_core|U_system_pll|altera_pll_i|general[0].gpll~PLL_OUTPUT_COUNTER|divclk
                Info (332115): Data Arrival Time  : 6.193
                Info (332115): Clock Arrival Time : 3.466
                Info (332115): Relative Delay     : 2.727
                Info (332115): Data Arrival Path:
                Info (332115): Total (ns)  Incr (ns)     Type  Element
                Info (332115): ==========  ========= ==  ====  ===================================
                Info (332115):      4.745      4.745  R        clock network delay
                Info (332115):      4.745      0.000     uTco  bladerf_core:U_core|nios_system:U_nios_system|time_tamer:tx_tamer|handshake:U_snap|source_holding[7]
                Info (332115):      4.745      0.000 FF  CELL  U_core|U_nios_system|tx_tamer|U_snap|source_holding[7]|q
                Info (332115):      5.027      0.282 FF    IC  U_core|U_nios_system|tx_tamer|Mux0~1|datae
                Info (332115):      5.256      0.229 FF  CELL  U_core|U_nios_system|tx_tamer|Mux0~1|combout
                Info (332115):      5.591      0.335 FF    IC  U_core|U_nios_system|tx_tamer|Mux0~2|dataa
                Info (332115):      6.110      0.519 FF  CELL  U_core|U_nios_system|tx_tamer|Mux0~2|combout
                Info (332115):      6.110      0.000 FF    IC  U_core|U_nios_system|tx_tamer|dout[7]|d
                Info (332115):      6.193      0.083 FF  CELL  bladerf_core:U_core|nios_system:U_nios_system|time_tamer:tx_tamer|dout[7]
                Info (332115): Clock Arrival Path:
                Info (332115): Total (ns)  Incr (ns)     Type  Element
                Info (332115): ==========  ========= ==  ====  ===================================
                Info (332115):      3.306      3.306  R        clock network delay
                Info (332115):      3.466      0.160           clock uncertainty
                Info (332115):      3.466      0.000      uTh  bladerf_core:U_core|nios_system:U_nios_system|time_tamer:tx_tamer|dout[7]
            Info (332181): Cross Path Clock Pessimism Removed : 2.830
            Info (332181): Required Skew   : 6.400
            Info (332181): Actual Skew     : 2.168
            Info (332181): Slack           : 4.232
    Info (332181): Skew for the Earliest Arrival
        Info (332181): Path #45: Slack is 4.109 
            Info (332181): Latest Path Arrival
                Info (332115): From Node          : bladerf_core:U_core|nios_system:U_nios_system|time_tamer:tx_tamer|handshake:U_snap|source_holding[10]
                Info (332115): To Node            : bladerf_core:U_core|nios_system:U_nios_system|time_tamer:tx_tamer|dout[2]
                Info (332115): Launch Clock       : U_core|U_nios_system|axi_ad9361_0|i_dev_if|i_rx|i_altlvds_rx|auto_generated|pll_sclk~PLL_OUTPUT_COUNTER|divclk
                Info (332115): Latch Clock        : U_core|U_system_pll|altera_pll_i|general[0].gpll~PLL_OUTPUT_COUNTER|divclk
                Info (332115): Data Arrival Time  : 9.464
                Info (332115): Clock Arrival Time : 1.629
                Info (332115): Relative Delay     : 7.835
                Info (332115): Data Arrival Path:
                Info (332115): Total (ns)  Incr (ns)     Type  Element
                Info (332115): ==========  ========= ==  ====  ===================================
                Info (332115):      6.338      6.338  R        clock network delay
                Info (332115):      6.338      0.000     uTco  bladerf_core:U_core|nios_system:U_nios_system|time_tamer:tx_tamer|handshake:U_snap|source_holding[10]
                Info (332115):      6.338      0.000 FF  CELL  U_core|U_nios_system|tx_tamer|U_snap|source_holding[10]|q
                Info (332115):      7.068      0.730 FF    IC  U_core|U_nios_system|tx_tamer|Mux5~1|dataa
                Info (332115):      7.729      0.661 FF  CELL  U_core|U_nios_system|tx_tamer|Mux5~1|combout
                Info (332115):      8.587      0.858 FF    IC  U_core|U_nios_system|tx_tamer|Mux5~2|datac
                Info (332115):      9.157      0.570 FF  CELL  U_core|U_nios_system|tx_tamer|Mux5~2|combout
                Info (332115):      9.157      0.000 FF    IC  U_core|U_nios_system|tx_tamer|dout[2]|d
                Info (332115):      9.464      0.307 FF  CELL  bladerf_core:U_core|nios_system:U_nios_system|time_tamer:tx_tamer|dout[2]
                Info (332115): Clock Arrival Path:
                Info (332115): Total (ns)  Incr (ns)     Type  Element
                Info (332115): ==========  ========= ==  ====  ===================================
                Info (332115):      1.789      1.789  R        clock network delay
                Info (332115):      1.629     -0.160           clock uncertainty
                Info (332115):      1.629      0.000     uTsu  bladerf_core:U_core|nios_system:U_nios_system|time_tamer:tx_tamer|dout[2]
            Info (332181): Earliest Path Arrival
                Info (332115): From Node          : bladerf_core:U_core|nios_system:U_nios_system|time_tamer:tx_tamer|handshake:U_snap|source_holding[21]
                Info (332115): To Node            : bladerf_core:U_core|nios_system:U_nios_system|time_tamer:tx_tamer|dout[5]
                Info (332115): Launch Clock       : U_core|U_nios_system|axi_ad9361_0|i_dev_if|i_rx|i_altlvds_rx|auto_generated|pll_sclk~PLL_OUTPUT_COUNTER|divclk
                Info (332115): Latch Clock        : U_core|U_system_pll|altera_pll_i|general[0].gpll~PLL_OUTPUT_COUNTER|divclk
                Info (332115): Data Arrival Time  : 6.171
                Info (332115): Clock Arrival Time : 3.457
                Info (332115): Relative Delay     : 2.714
                Info (332115): Data Arrival Path:
                Info (332115): Total (ns)  Incr (ns)     Type  Element
                Info (332115): ==========  ========= ==  ====  ===================================
                Info (332115):      4.763      4.763  R        clock network delay
                Info (332115):      4.763      0.000     uTco  bladerf_core:U_core|nios_system:U_nios_system|time_tamer:tx_tamer|handshake:U_snap|source_holding[21]
                Info (332115):      4.763      0.000 RR  CELL  U_core|U_nios_system|tx_tamer|U_snap|source_holding[21]|q
                Info (332115):      5.562      0.799 RR    IC  U_core|U_nios_system|tx_tamer|Mux2~2|datab
                Info (332115):      6.089      0.527 RR  CELL  U_core|U_nios_system|tx_tamer|Mux2~2|combout
                Info (332115):      6.089      0.000 RR    IC  U_core|U_nios_system|tx_tamer|dout[5]|d
                Info (332115):      6.171      0.082 RR  CELL  bladerf_core:U_core|nios_system:U_nios_system|time_tamer:tx_tamer|dout[5]
                Info (332115): Clock Arrival Path:
                Info (332115): Total (ns)  Incr (ns)     Type  Element
                Info (332115): ==========  ========= ==  ====  ===================================
                Info (332115):      3.297      3.297  R        clock network delay
                Info (332115):      3.457      0.160           clock uncertainty
                Info (332115):      3.457      0.000      uTh  bladerf_core:U_core|nios_system:U_nios_system|time_tamer:tx_tamer|dout[5]
            Info (332181): Cross Path Clock Pessimism Removed : 2.830
            Info (332181): Required Skew   : 6.400
            Info (332181): Actual Skew     : 2.291
            Info (332181): Slack           : 4.109
        Info (332181): Path #46: Slack is 4.119 
            Info (332181): Latest Path Arrival
                Info (332115): From Node          : bladerf_core:U_core|nios_system:U_nios_system|time_tamer:tx_tamer|handshake:U_snap|source_holding[38]
                Info (332115): To Node            : bladerf_core:U_core|nios_system:U_nios_system|time_tamer:tx_tamer|dout[6]
                Info (332115): Launch Clock       : U_core|U_nios_system|axi_ad9361_0|i_dev_if|i_rx|i_altlvds_rx|auto_generated|pll_sclk~PLL_OUTPUT_COUNTER|divclk
                Info (332115): Latch Clock        : U_core|U_system_pll|altera_pll_i|general[0].gpll~PLL_OUTPUT_COUNTER|divclk
                Info (332115): Data Arrival Time  : 9.457
                Info (332115): Clock Arrival Time : 1.619
                Info (332115): Relative Delay     : 7.838
                Info (332115): Data Arrival Path:
                Info (332115): Total (ns)  Incr (ns)     Type  Element
                Info (332115): ==========  ========= ==  ====  ===================================
                Info (332115):      6.355      6.355  R        clock network delay
                Info (332115):      6.355      0.000     uTco  bladerf_core:U_core|nios_system:U_nios_system|time_tamer:tx_tamer|handshake:U_snap|source_holding[38]
                Info (332115):      6.355      0.000 RR  CELL  U_core|U_nios_system|tx_tamer|U_snap|source_holding[38]|q
                Info (332115):      7.077      0.722 RR    IC  U_core|U_nios_system|tx_tamer|Mux1~0|datab
                Info (332115):      7.763      0.686 RR  CELL  U_core|U_nios_system|tx_tamer|Mux1~0|combout
                Info (332115):      8.469      0.706 RR    IC  U_core|U_nios_system|tx_tamer|Mux1~2|datab
                Info (332115):      9.151      0.682 RR  CELL  U_core|U_nios_system|tx_tamer|Mux1~2|combout
                Info (332115):      9.151      0.000 RR    IC  U_core|U_nios_system|tx_tamer|dout[6]|d
                Info (332115):      9.457      0.306 RR  CELL  bladerf_core:U_core|nios_system:U_nios_system|time_tamer:tx_tamer|dout[6]
                Info (332115): Clock Arrival Path:
                Info (332115): Total (ns)  Incr (ns)     Type  Element
                Info (332115): ==========  ========= ==  ====  ===================================
                Info (332115):      1.779      1.779  R        clock network delay
                Info (332115):      1.619     -0.160           clock uncertainty
                Info (332115):      1.619      0.000     uTsu  bladerf_core:U_core|nios_system:U_nios_system|time_tamer:tx_tamer|dout[6]
            Info (332181): Earliest Path Arrival
                Info (332115): From Node          : bladerf_core:U_core|nios_system:U_nios_system|time_tamer:tx_tamer|handshake:U_snap|source_holding[7]
                Info (332115): To Node            : bladerf_core:U_core|nios_system:U_nios_system|time_tamer:tx_tamer|dout[7]
                Info (332115): Launch Clock       : U_core|U_nios_system|axi_ad9361_0|i_dev_if|i_rx|i_altlvds_rx|auto_generated|pll_sclk~PLL_OUTPUT_COUNTER|divclk
                Info (332115): Latch Clock        : U_core|U_system_pll|altera_pll_i|general[0].gpll~PLL_OUTPUT_COUNTER|divclk
                Info (332115): Data Arrival Time  : 6.193
                Info (332115): Clock Arrival Time : 3.466
                Info (332115): Relative Delay     : 2.727
                Info (332115): Data Arrival Path:
                Info (332115): Total (ns)  Incr (ns)     Type  Element
                Info (332115): ==========  ========= ==  ====  ===================================
                Info (332115):      4.745      4.745  R        clock network delay
                Info (332115):      4.745      0.000     uTco  bladerf_core:U_core|nios_system:U_nios_system|time_tamer:tx_tamer|handshake:U_snap|source_holding[7]
                Info (332115):      4.745      0.000 FF  CELL  U_core|U_nios_system|tx_tamer|U_snap|source_holding[7]|q
                Info (332115):      5.027      0.282 FF    IC  U_core|U_nios_system|tx_tamer|Mux0~1|datae
                Info (332115):      5.256      0.229 FF  CELL  U_core|U_nios_system|tx_tamer|Mux0~1|combout
                Info (332115):      5.591      0.335 FF    IC  U_core|U_nios_system|tx_tamer|Mux0~2|dataa
                Info (332115):      6.110      0.519 FF  CELL  U_core|U_nios_system|tx_tamer|Mux0~2|combout
                Info (332115):      6.110      0.000 FF    IC  U_core|U_nios_system|tx_tamer|dout[7]|d
                Info (332115):      6.193      0.083 FF  CELL  bladerf_core:U_core|nios_system:U_nios_system|time_tamer:tx_tamer|dout[7]
                Info (332115): Clock Arrival Path:
                Info (332115): Total (ns)  Incr (ns)     Type  Element
                Info (332115): ==========  ========= ==  ====  ===================================
                Info (332115):      3.306      3.306  R        clock network delay
                Info (332115):      3.466      0.160           clock uncertainty
                Info (332115):      3.466      0.000      uTh  bladerf_core:U_core|nios_system:U_nios_system|time_tamer:tx_tamer|dout[7]
            Info (332181): Cross Path Clock Pessimism Removed : 2.830
            Info (332181): Required Skew   : 6.400
            Info (332181): Actual Skew     : 2.281
            Info (332181): Slack           : 4.119
        Info (332181): Path #47: Slack is 4.126 
            Info (332181): Latest Path Arrival
                Info (332115): From Node          : bladerf_core:U_core|nios_system:U_nios_system|time_tamer:tx_tamer|handshake:U_snap|source_holding[10]
                Info (332115): To Node            : bladerf_core:U_core|nios_system:U_nios_system|time_tamer:tx_tamer|dout[2]
                Info (332115): Launch Clock       : U_core|U_nios_system|axi_ad9361_0|i_dev_if|i_rx|i_altlvds_rx|auto_generated|pll_sclk~PLL_OUTPUT_COUNTER|divclk
                Info (332115): Latch Clock        : U_core|U_system_pll|altera_pll_i|general[0].gpll~PLL_OUTPUT_COUNTER|divclk
                Info (332115): Data Arrival Time  : 9.464
                Info (332115): Clock Arrival Time : 1.629
                Info (332115): Relative Delay     : 7.835
                Info (332115): Data Arrival Path:
                Info (332115): Total (ns)  Incr (ns)     Type  Element
                Info (332115): ==========  ========= ==  ====  ===================================
                Info (332115):      6.338      6.338  R        clock network delay
                Info (332115):      6.338      0.000     uTco  bladerf_core:U_core|nios_system:U_nios_system|time_tamer:tx_tamer|handshake:U_snap|source_holding[10]
                Info (332115):      6.338      0.000 FF  CELL  U_core|U_nios_system|tx_tamer|U_snap|source_holding[10]|q
                Info (332115):      7.068      0.730 FF    IC  U_core|U_nios_system|tx_tamer|Mux5~1|dataa
                Info (332115):      7.729      0.661 FF  CELL  U_core|U_nios_system|tx_tamer|Mux5~1|combout
                Info (332115):      8.587      0.858 FF    IC  U_core|U_nios_system|tx_tamer|Mux5~2|datac
                Info (332115):      9.157      0.570 FF  CELL  U_core|U_nios_system|tx_tamer|Mux5~2|combout
                Info (332115):      9.157      0.000 FF    IC  U_core|U_nios_system|tx_tamer|dout[2]|d
                Info (332115):      9.464      0.307 FF  CELL  bladerf_core:U_core|nios_system:U_nios_system|time_tamer:tx_tamer|dout[2]
                Info (332115): Clock Arrival Path:
                Info (332115): Total (ns)  Incr (ns)     Type  Element
                Info (332115): ==========  ========= ==  ====  ===================================
                Info (332115):      1.789      1.789  R        clock network delay
                Info (332115):      1.629     -0.160           clock uncertainty
                Info (332115):      1.629      0.000     uTsu  bladerf_core:U_core|nios_system:U_nios_system|time_tamer:tx_tamer|dout[2]
            Info (332181): Earliest Path Arrival
                Info (332115): From Node          : bladerf_core:U_core|nios_system:U_nios_system|time_tamer:tx_tamer|handshake:U_snap|source_holding[22]
                Info (332115): To Node            : bladerf_core:U_core|nios_system:U_nios_system|time_tamer:tx_tamer|dout[6]
                Info (332115): Launch Clock       : U_core|U_nios_system|axi_ad9361_0|i_dev_if|i_rx|i_altlvds_rx|auto_generated|pll_sclk~PLL_OUTPUT_COUNTER|divclk
                Info (332115): Latch Clock        : U_core|U_system_pll|altera_pll_i|general[0].gpll~PLL_OUTPUT_COUNTER|divclk
                Info (332115): Data Arrival Time  : 6.188
                Info (332115): Clock Arrival Time : 3.457
                Info (332115): Relative Delay     : 2.731
                Info (332115): Data Arrival Path:
                Info (332115): Total (ns)  Incr (ns)     Type  Element
                Info (332115): ==========  ========= ==  ====  ===================================
                Info (332115):      4.763      4.763  R        clock network delay
                Info (332115):      4.763      0.000     uTco  bladerf_core:U_core|nios_system:U_nios_system|time_tamer:tx_tamer|handshake:U_snap|source_holding[22]
                Info (332115):      4.763      0.000 RR  CELL  U_core|U_nios_system|tx_tamer|U_snap|source_holding[22]|q
                Info (332115):      5.576      0.813 RR    IC  U_core|U_nios_system|tx_tamer|Mux1~2|dataa
                Info (332115):      6.106      0.530 RR  CELL  U_core|U_nios_system|tx_tamer|Mux1~2|combout
                Info (332115):      6.106      0.000 RR    IC  U_core|U_nios_system|tx_tamer|dout[6]|d
                Info (332115):      6.188      0.082 RR  CELL  bladerf_core:U_core|nios_system:U_nios_system|time_tamer:tx_tamer|dout[6]
                Info (332115): Clock Arrival Path:
                Info (332115): Total (ns)  Incr (ns)     Type  Element
                Info (332115): ==========  ========= ==  ====  ===================================
                Info (332115):      3.297      3.297  R        clock network delay
                Info (332115):      3.457      0.160           clock uncertainty
                Info (332115):      3.457      0.000      uTh  bladerf_core:U_core|nios_system:U_nios_system|time_tamer:tx_tamer|dout[6]
            Info (332181): Cross Path Clock Pessimism Removed : 2.830
            Info (332181): Required Skew   : 6.400
            Info (332181): Actual Skew     : 2.274
            Info (332181): Slack           : 4.126
        Info (332181): Path #48: Slack is 4.211 
            Info (332181): Latest Path Arrival
                Info (332115): From Node          : bladerf_core:U_core|nios_system:U_nios_system|time_tamer:tx_tamer|handshake:U_snap|source_holding[38]
                Info (332115): To Node            : bladerf_core:U_core|nios_system:U_nios_system|time_tamer:tx_tamer|dout[6]
                Info (332115): Launch Clock       : U_core|U_nios_system|axi_ad9361_0|i_dev_if|i_rx|i_altlvds_rx|auto_generated|pll_sclk~PLL_OUTPUT_COUNTER|divclk
                Info (332115): Latch Clock        : U_core|U_system_pll|altera_pll_i|general[0].gpll~PLL_OUTPUT_COUNTER|divclk
                Info (332115): Data Arrival Time  : 9.457
                Info (332115): Clock Arrival Time : 1.619
                Info (332115): Relative Delay     : 7.838
                Info (332115): Data Arrival Path:
                Info (332115): Total (ns)  Incr (ns)     Type  Element
                Info (332115): ==========  ========= ==  ====  ===================================
                Info (332115):      6.355      6.355  R        clock network delay
                Info (332115):      6.355      0.000     uTco  bladerf_core:U_core|nios_system:U_nios_system|time_tamer:tx_tamer|handshake:U_snap|source_holding[38]
                Info (332115):      6.355      0.000 RR  CELL  U_core|U_nios_system|tx_tamer|U_snap|source_holding[38]|q
                Info (332115):      7.077      0.722 RR    IC  U_core|U_nios_system|tx_tamer|Mux1~0|datab
                Info (332115):      7.763      0.686 RR  CELL  U_core|U_nios_system|tx_tamer|Mux1~0|combout
                Info (332115):      8.469      0.706 RR    IC  U_core|U_nios_system|tx_tamer|Mux1~2|datab
                Info (332115):      9.151      0.682 RR  CELL  U_core|U_nios_system|tx_tamer|Mux1~2|combout
                Info (332115):      9.151      0.000 RR    IC  U_core|U_nios_system|tx_tamer|dout[6]|d
                Info (332115):      9.457      0.306 RR  CELL  bladerf_core:U_core|nios_system:U_nios_system|time_tamer:tx_tamer|dout[6]
                Info (332115): Clock Arrival Path:
                Info (332115): Total (ns)  Incr (ns)     Type  Element
                Info (332115): ==========  ========= ==  ====  ===================================
                Info (332115):      1.779      1.779  R        clock network delay
                Info (332115):      1.619     -0.160           clock uncertainty
                Info (332115):      1.619      0.000     uTsu  bladerf_core:U_core|nios_system:U_nios_system|time_tamer:tx_tamer|dout[6]
            Info (332181): Earliest Path Arrival
                Info (332115): From Node          : bladerf_core:U_core|nios_system:U_nios_system|time_tamer:tx_tamer|handshake:U_snap|source_holding[17]
                Info (332115): To Node            : bladerf_core:U_core|nios_system:U_nios_system|time_tamer:tx_tamer|dout[1]
                Info (332115): Launch Clock       : U_core|U_nios_system|axi_ad9361_0|i_dev_if|i_rx|i_altlvds_rx|auto_generated|pll_sclk~PLL_OUTPUT_COUNTER|divclk
                Info (332115): Latch Clock        : U_core|U_system_pll|altera_pll_i|general[0].gpll~PLL_OUTPUT_COUNTER|divclk
                Info (332115): Data Arrival Time  : 6.285
                Info (332115): Clock Arrival Time : 3.466
                Info (332115): Relative Delay     : 2.819
                Info (332115): Data Arrival Path:
                Info (332115): Total (ns)  Incr (ns)     Type  Element
                Info (332115): ==========  ========= ==  ====  ===================================
                Info (332115):      4.738      4.738  R        clock network delay
                Info (332115):      4.738      0.000     uTco  bladerf_core:U_core|nios_system:U_nios_system|time_tamer:tx_tamer|handshake:U_snap|source_holding[17]
                Info (332115):      4.738      0.000 RR  CELL  U_core|U_nios_system|tx_tamer|U_snap|source_holding[17]|q
                Info (332115):      5.928      1.190 RR    IC  U_core|U_nios_system|tx_tamer|Mux6~3|datac
                Info (332115):      6.203      0.275 RR  CELL  U_core|U_nios_system|tx_tamer|Mux6~3|combout
                Info (332115):      6.203      0.000 RR    IC  U_core|U_nios_system|tx_tamer|dout[1]|d
                Info (332115):      6.285      0.082 RR  CELL  bladerf_core:U_core|nios_system:U_nios_system|time_tamer:tx_tamer|dout[1]
                Info (332115): Clock Arrival Path:
                Info (332115): Total (ns)  Incr (ns)     Type  Element
                Info (332115): ==========  ========= ==  ====  ===================================
                Info (332115):      3.306      3.306  R        clock network delay
                Info (332115):      3.466      0.160           clock uncertainty
                Info (332115):      3.466      0.000      uTh  bladerf_core:U_core|nios_system:U_nios_system|time_tamer:tx_tamer|dout[1]
            Info (332181): Cross Path Clock Pessimism Removed : 2.830
            Info (332181): Required Skew   : 6.400
            Info (332181): Actual Skew     : 2.189
            Info (332181): Slack           : 4.211
Info (332115): Worst-case slack is 4.146 for "set_max_skew -from [get_keepers {*time_tamer:rx_tamer|handshake:U_current|source_holding[*]}] -to [get_keepers {*time_tamer:rx_tamer|current_time_q[*]}] 6.400 "
    Info (332181): Skew for the Latest Arrival
        Info (332181): Path #49: Slack is 4.146 
            Info (332181): Latest Path Arrival
                Info (332115): From Node          : bladerf_core:U_core|nios_system:U_nios_system|time_tamer:rx_tamer|handshake:U_current|source_holding[48]
                Info (332115): To Node            : bladerf_core:U_core|nios_system:U_nios_system|time_tamer:rx_tamer|current_time_q[48]
                Info (332115): Launch Clock       : U_core|U_nios_system|axi_ad9361_0|i_dev_if|i_rx|i_altlvds_rx|auto_generated|pll_sclk~PLL_OUTPUT_COUNTER|divclk
                Info (332115): Latch Clock        : U_core|U_system_pll|altera_pll_i|general[0].gpll~PLL_OUTPUT_COUNTER|divclk
                Info (332115): Data Arrival Time  : 8.709
                Info (332115): Clock Arrival Time : 1.634
                Info (332115): Relative Delay     : 7.075
                Info (332115): Data Arrival Path:
                Info (332115): Total (ns)  Incr (ns)     Type  Element
                Info (332115): ==========  ========= ==  ====  ===================================
                Info (332115):      6.350      6.350  R        clock network delay
                Info (332115):      6.350      0.000     uTco  bladerf_core:U_core|nios_system:U_nios_system|time_tamer:rx_tamer|handshake:U_current|source_holding[48]
                Info (332115):      6.350      0.000 FF  CELL  U_core|U_nios_system|rx_tamer|U_current|source_holding[48]|q
                Info (332115):      8.050      1.700 FF    IC  U_core|U_nios_system|rx_tamer|current_time_q[48]|asdata
                Info (332115):      8.709      0.659 FF  CELL  bladerf_core:U_core|nios_system:U_nios_system|time_tamer:rx_tamer|current_time_q[48]
                Info (332115): Clock Arrival Path:
                Info (332115): Total (ns)  Incr (ns)     Type  Element
                Info (332115): ==========  ========= ==  ====  ===================================
                Info (332115):      1.794      1.794  R        clock network delay
                Info (332115):      1.634     -0.160           clock uncertainty
                Info (332115):      1.634      0.000     uTsu  bladerf_core:U_core|nios_system:U_nios_system|time_tamer:rx_tamer|current_time_q[48]
            Info (332181): Earliest Path Arrival
                Info (332115): From Node          : bladerf_core:U_core|nios_system:U_nios_system|time_tamer:rx_tamer|handshake:U_current|source_holding[45]
                Info (332115): To Node            : bladerf_core:U_core|nios_system:U_nios_system|time_tamer:rx_tamer|current_time_q[45]
                Info (332115): Launch Clock       : U_core|U_nios_system|axi_ad9361_0|i_dev_if|i_rx|i_altlvds_rx|auto_generated|pll_sclk~PLL_OUTPUT_COUNTER|divclk
                Info (332115): Latch Clock        : U_core|U_system_pll|altera_pll_i|general[0].gpll~PLL_OUTPUT_COUNTER|divclk
                Info (332115): Data Arrival Time  : 5.442
                Info (332115): Clock Arrival Time : 3.499
                Info (332115): Relative Delay     : 1.943
                Info (332115): Data Arrival Path:
                Info (332115): Total (ns)  Incr (ns)     Type  Element
                Info (332115): ==========  ========= ==  ====  ===================================
                Info (332115):      4.766      4.766  R        clock network delay
                Info (332115):      4.766      0.000     uTco  bladerf_core:U_core|nios_system:U_nios_system|time_tamer:rx_tamer|handshake:U_current|source_holding[45]
                Info (332115):      4.766      0.000 FF  CELL  U_core|U_nios_system|rx_tamer|U_current|source_holding[45]|q
                Info (332115):      5.074      0.308 FF    IC  U_core|U_nios_system|rx_tamer|current_time_q[45]|asdata
                Info (332115):      5.442      0.368 FF  CELL  bladerf_core:U_core|nios_system:U_nios_system|time_tamer:rx_tamer|current_time_q[45]
                Info (332115): Clock Arrival Path:
                Info (332115): Total (ns)  Incr (ns)     Type  Element
                Info (332115): ==========  ========= ==  ====  ===================================
                Info (332115):      3.339      3.339  R        clock network delay
                Info (332115):      3.499      0.160           clock uncertainty
                Info (332115):      3.499      0.000      uTh  bladerf_core:U_core|nios_system:U_nios_system|time_tamer:rx_tamer|current_time_q[45]
            Info (332181): Cross Path Clock Pessimism Removed : 2.878
            Info (332181): Required Skew   : 6.400
            Info (332181): Actual Skew     : 2.254
            Info (332181): Slack           : 4.146
        Info (332181): Path #50: Slack is 4.677 
            Info (332181): Latest Path Arrival
                Info (332115): From Node          : bladerf_core:U_core|nios_system:U_nios_system|time_tamer:rx_tamer|handshake:U_current|source_holding[19]
                Info (332115): To Node            : bladerf_core:U_core|nios_system:U_nios_system|time_tamer:rx_tamer|current_time_q[19]
                Info (332115): Launch Clock       : U_core|U_nios_system|axi_ad9361_0|i_dev_if|i_rx|i_altlvds_rx|auto_generated|pll_sclk~PLL_OUTPUT_COUNTER|divclk
                Info (332115): Latch Clock        : U_core|U_system_pll|altera_pll_i|general[0].gpll~PLL_OUTPUT_COUNTER|divclk
                Info (332115): Data Arrival Time  : 8.142
                Info (332115): Clock Arrival Time : 1.647
                Info (332115): Relative Delay     : 6.495
                Info (332115): Data Arrival Path:
                Info (332115): Total (ns)  Incr (ns)     Type  Element
                Info (332115): ==========  ========= ==  ====  ===================================
                Info (332115):      6.352      6.352  R        clock network delay
                Info (332115):      6.352      0.000     uTco  bladerf_core:U_core|nios_system:U_nios_system|time_tamer:rx_tamer|handshake:U_current|source_holding[19]
                Info (332115):      6.352      0.000 FF  CELL  U_core|U_nios_system|rx_tamer|U_current|source_holding[19]|q
                Info (332115):      7.418      1.066 FF    IC  U_core|U_nios_system|rx_tamer|current_time_q[19]|asdata
                Info (332115):      8.142      0.724 FF  CELL  bladerf_core:U_core|nios_system:U_nios_system|time_tamer:rx_tamer|current_time_q[19]
                Info (332115): Clock Arrival Path:
                Info (332115): Total (ns)  Incr (ns)     Type  Element
                Info (332115): ==========  ========= ==  ====  ===================================
                Info (332115):      1.807      1.807  R        clock network delay
                Info (332115):      1.647     -0.160           clock uncertainty
                Info (332115):      1.647      0.000     uTsu  bladerf_core:U_core|nios_system:U_nios_system|time_tamer:rx_tamer|current_time_q[19]
            Info (332181): Earliest Path Arrival
                Info (332115): From Node          : bladerf_core:U_core|nios_system:U_nios_system|time_tamer:rx_tamer|handshake:U_current|source_holding[45]
                Info (332115): To Node            : bladerf_core:U_core|nios_system:U_nios_system|time_tamer:rx_tamer|current_time_q[45]
                Info (332115): Launch Clock       : U_core|U_nios_system|axi_ad9361_0|i_dev_if|i_rx|i_altlvds_rx|auto_generated|pll_sclk~PLL_OUTPUT_COUNTER|divclk
                Info (332115): Latch Clock        : U_core|U_system_pll|altera_pll_i|general[0].gpll~PLL_OUTPUT_COUNTER|divclk
                Info (332115): Data Arrival Time  : 5.442
                Info (332115): Clock Arrival Time : 3.499
                Info (332115): Relative Delay     : 1.943
                Info (332115): Data Arrival Path:
                Info (332115): Total (ns)  Incr (ns)     Type  Element
                Info (332115): ==========  ========= ==  ====  ===================================
                Info (332115):      4.766      4.766  R        clock network delay
                Info (332115):      4.766      0.000     uTco  bladerf_core:U_core|nios_system:U_nios_system|time_tamer:rx_tamer|handshake:U_current|source_holding[45]
                Info (332115):      4.766      0.000 FF  CELL  U_core|U_nios_system|rx_tamer|U_current|source_holding[45]|q
                Info (332115):      5.074      0.308 FF    IC  U_core|U_nios_system|rx_tamer|current_time_q[45]|asdata
                Info (332115):      5.442      0.368 FF  CELL  bladerf_core:U_core|nios_system:U_nios_system|time_tamer:rx_tamer|current_time_q[45]
                Info (332115): Clock Arrival Path:
                Info (332115): Total (ns)  Incr (ns)     Type  Element
                Info (332115): ==========  ========= ==  ====  ===================================
                Info (332115):      3.339      3.339  R        clock network delay
                Info (332115):      3.499      0.160           clock uncertainty
                Info (332115):      3.499      0.000      uTh  bladerf_core:U_core|nios_system:U_nios_system|time_tamer:rx_tamer|current_time_q[45]
            Info (332181): Cross Path Clock Pessimism Removed : 2.829
            Info (332181): Required Skew   : 6.400
            Info (332181): Actual Skew     : 1.723
            Info (332181): Slack           : 4.677
        Info (332181): Path #51: Slack is 4.715 
            Info (332181): Latest Path Arrival
                Info (332115): From Node          : bladerf_core:U_core|nios_system:U_nios_system|time_tamer:rx_tamer|handshake:U_current|source_holding[20]
                Info (332115): To Node            : bladerf_core:U_core|nios_system:U_nios_system|time_tamer:rx_tamer|current_time_q[20]
                Info (332115): Launch Clock       : U_core|U_nios_system|axi_ad9361_0|i_dev_if|i_rx|i_altlvds_rx|auto_generated|pll_sclk~PLL_OUTPUT_COUNTER|divclk
                Info (332115): Latch Clock        : U_core|U_system_pll|altera_pll_i|general[0].gpll~PLL_OUTPUT_COUNTER|divclk
                Info (332115): Data Arrival Time  : 8.104
                Info (332115): Clock Arrival Time : 1.647
                Info (332115): Relative Delay     : 6.457
                Info (332115): Data Arrival Path:
                Info (332115): Total (ns)  Incr (ns)     Type  Element
                Info (332115): ==========  ========= ==  ====  ===================================
                Info (332115):      6.348      6.348  R        clock network delay
                Info (332115):      6.348      0.000     uTco  bladerf_core:U_core|nios_system:U_nios_system|time_tamer:rx_tamer|handshake:U_current|source_holding[20]
                Info (332115):      6.348      0.000 FF  CELL  U_core|U_nios_system|rx_tamer|U_current|source_holding[20]|q
                Info (332115):      7.380      1.032 FF    IC  U_core|U_nios_system|rx_tamer|current_time_q[20]|asdata
                Info (332115):      8.104      0.724 FF  CELL  bladerf_core:U_core|nios_system:U_nios_system|time_tamer:rx_tamer|current_time_q[20]
                Info (332115): Clock Arrival Path:
                Info (332115): Total (ns)  Incr (ns)     Type  Element
                Info (332115): ==========  ========= ==  ====  ===================================
                Info (332115):      1.807      1.807  R        clock network delay
                Info (332115):      1.647     -0.160           clock uncertainty
                Info (332115):      1.647      0.000     uTsu  bladerf_core:U_core|nios_system:U_nios_system|time_tamer:rx_tamer|current_time_q[20]
            Info (332181): Earliest Path Arrival
                Info (332115): From Node          : bladerf_core:U_core|nios_system:U_nios_system|time_tamer:rx_tamer|handshake:U_current|source_holding[45]
                Info (332115): To Node            : bladerf_core:U_core|nios_system:U_nios_system|time_tamer:rx_tamer|current_time_q[45]
                Info (332115): Launch Clock       : U_core|U_nios_system|axi_ad9361_0|i_dev_if|i_rx|i_altlvds_rx|auto_generated|pll_sclk~PLL_OUTPUT_COUNTER|divclk
                Info (332115): Latch Clock        : U_core|U_system_pll|altera_pll_i|general[0].gpll~PLL_OUTPUT_COUNTER|divclk
                Info (332115): Data Arrival Time  : 5.442
                Info (332115): Clock Arrival Time : 3.499
                Info (332115): Relative Delay     : 1.943
                Info (332115): Data Arrival Path:
                Info (332115): Total (ns)  Incr (ns)     Type  Element
                Info (332115): ==========  ========= ==  ====  ===================================
                Info (332115):      4.766      4.766  R        clock network delay
                Info (332115):      4.766      0.000     uTco  bladerf_core:U_core|nios_system:U_nios_system|time_tamer:rx_tamer|handshake:U_current|source_holding[45]
                Info (332115):      4.766      0.000 FF  CELL  U_core|U_nios_system|rx_tamer|U_current|source_holding[45]|q
                Info (332115):      5.074      0.308 FF    IC  U_core|U_nios_system|rx_tamer|current_time_q[45]|asdata
                Info (332115):      5.442      0.368 FF  CELL  bladerf_core:U_core|nios_system:U_nios_system|time_tamer:rx_tamer|current_time_q[45]
                Info (332115): Clock Arrival Path:
                Info (332115): Total (ns)  Incr (ns)     Type  Element
                Info (332115): ==========  ========= ==  ====  ===================================
                Info (332115):      3.339      3.339  R        clock network delay
                Info (332115):      3.499      0.160           clock uncertainty
                Info (332115):      3.499      0.000      uTh  bladerf_core:U_core|nios_system:U_nios_system|time_tamer:rx_tamer|current_time_q[45]
            Info (332181): Cross Path Clock Pessimism Removed : 2.829
            Info (332181): Required Skew   : 6.400
            Info (332181): Actual Skew     : 1.685
            Info (332181): Slack           : 4.715
        Info (332181): Path #52: Slack is 4.717 
            Info (332181): Latest Path Arrival
                Info (332115): From Node          : bladerf_core:U_core|nios_system:U_nios_system|time_tamer:rx_tamer|handshake:U_current|source_holding[22]
                Info (332115): To Node            : bladerf_core:U_core|nios_system:U_nios_system|time_tamer:rx_tamer|current_time_q[22]
                Info (332115): Launch Clock       : U_core|U_nios_system|axi_ad9361_0|i_dev_if|i_rx|i_altlvds_rx|auto_generated|pll_sclk~PLL_OUTPUT_COUNTER|divclk
                Info (332115): Latch Clock        : U_core|U_system_pll|altera_pll_i|general[0].gpll~PLL_OUTPUT_COUNTER|divclk
                Info (332115): Data Arrival Time  : 8.084
                Info (332115): Clock Arrival Time : 1.629
                Info (332115): Relative Delay     : 6.455
                Info (332115): Data Arrival Path:
                Info (332115): Total (ns)  Incr (ns)     Type  Element
                Info (332115): ==========  ========= ==  ====  ===================================
                Info (332115):      6.346      6.346  R        clock network delay
                Info (332115):      6.346      0.000     uTco  bladerf_core:U_core|nios_system:U_nios_system|time_tamer:rx_tamer|handshake:U_current|source_holding[22]
                Info (332115):      6.346      0.000 FF  CELL  U_core|U_nios_system|rx_tamer|U_current|source_holding[22]|q
                Info (332115):      7.357      1.011 FF    IC  U_core|U_nios_system|rx_tamer|current_time_q[22]|asdata
                Info (332115):      8.084      0.727 FF  CELL  bladerf_core:U_core|nios_system:U_nios_system|time_tamer:rx_tamer|current_time_q[22]
                Info (332115): Clock Arrival Path:
                Info (332115): Total (ns)  Incr (ns)     Type  Element
                Info (332115): ==========  ========= ==  ====  ===================================
                Info (332115):      1.789      1.789  R        clock network delay
                Info (332115):      1.629     -0.160           clock uncertainty
                Info (332115):      1.629      0.000     uTsu  bladerf_core:U_core|nios_system:U_nios_system|time_tamer:rx_tamer|current_time_q[22]
            Info (332181): Earliest Path Arrival
                Info (332115): From Node          : bladerf_core:U_core|nios_system:U_nios_system|time_tamer:rx_tamer|handshake:U_current|source_holding[45]
                Info (332115): To Node            : bladerf_core:U_core|nios_system:U_nios_system|time_tamer:rx_tamer|current_time_q[45]
                Info (332115): Launch Clock       : U_core|U_nios_system|axi_ad9361_0|i_dev_if|i_rx|i_altlvds_rx|auto_generated|pll_sclk~PLL_OUTPUT_COUNTER|divclk
                Info (332115): Latch Clock        : U_core|U_system_pll|altera_pll_i|general[0].gpll~PLL_OUTPUT_COUNTER|divclk
                Info (332115): Data Arrival Time  : 5.442
                Info (332115): Clock Arrival Time : 3.499
                Info (332115): Relative Delay     : 1.943
                Info (332115): Data Arrival Path:
                Info (332115): Total (ns)  Incr (ns)     Type  Element
                Info (332115): ==========  ========= ==  ====  ===================================
                Info (332115):      4.766      4.766  R        clock network delay
                Info (332115):      4.766      0.000     uTco  bladerf_core:U_core|nios_system:U_nios_system|time_tamer:rx_tamer|handshake:U_current|source_holding[45]
                Info (332115):      4.766      0.000 FF  CELL  U_core|U_nios_system|rx_tamer|U_current|source_holding[45]|q
                Info (332115):      5.074      0.308 FF    IC  U_core|U_nios_system|rx_tamer|current_time_q[45]|asdata
                Info (332115):      5.442      0.368 FF  CELL  bladerf_core:U_core|nios_system:U_nios_system|time_tamer:rx_tamer|current_time_q[45]
                Info (332115): Clock Arrival Path:
                Info (332115): Total (ns)  Incr (ns)     Type  Element
                Info (332115): ==========  ========= ==  ====  ===================================
                Info (332115):      3.339      3.339  R        clock network delay
                Info (332115):      3.499      0.160           clock uncertainty
                Info (332115):      3.499      0.000      uTh  bladerf_core:U_core|nios_system:U_nios_system|time_tamer:rx_tamer|current_time_q[45]
            Info (332181): Cross Path Clock Pessimism Removed : 2.829
            Info (332181): Required Skew   : 6.400
            Info (332181): Actual Skew     : 1.683
            Info (332181): Slack           : 4.717
    Info (332181): Skew for the Earliest Arrival
        Info (332181): Path #53: Slack is 4.146 
            Info (332181): Latest Path Arrival
                Info (332115): From Node          : bladerf_core:U_core|nios_system:U_nios_system|time_tamer:rx_tamer|handshake:U_current|source_holding[48]
                Info (332115): To Node            : bladerf_core:U_core|nios_system:U_nios_system|time_tamer:rx_tamer|current_time_q[48]
                Info (332115): Launch Clock       : U_core|U_nios_system|axi_ad9361_0|i_dev_if|i_rx|i_altlvds_rx|auto_generated|pll_sclk~PLL_OUTPUT_COUNTER|divclk
                Info (332115): Latch Clock        : U_core|U_system_pll|altera_pll_i|general[0].gpll~PLL_OUTPUT_COUNTER|divclk
                Info (332115): Data Arrival Time  : 8.709
                Info (332115): Clock Arrival Time : 1.634
                Info (332115): Relative Delay     : 7.075
                Info (332115): Data Arrival Path:
                Info (332115): Total (ns)  Incr (ns)     Type  Element
                Info (332115): ==========  ========= ==  ====  ===================================
                Info (332115):      6.350      6.350  R        clock network delay
                Info (332115):      6.350      0.000     uTco  bladerf_core:U_core|nios_system:U_nios_system|time_tamer:rx_tamer|handshake:U_current|source_holding[48]
                Info (332115):      6.350      0.000 FF  CELL  U_core|U_nios_system|rx_tamer|U_current|source_holding[48]|q
                Info (332115):      8.050      1.700 FF    IC  U_core|U_nios_system|rx_tamer|current_time_q[48]|asdata
                Info (332115):      8.709      0.659 FF  CELL  bladerf_core:U_core|nios_system:U_nios_system|time_tamer:rx_tamer|current_time_q[48]
                Info (332115): Clock Arrival Path:
                Info (332115): Total (ns)  Incr (ns)     Type  Element
                Info (332115): ==========  ========= ==  ====  ===================================
                Info (332115):      1.794      1.794  R        clock network delay
                Info (332115):      1.634     -0.160           clock uncertainty
                Info (332115):      1.634      0.000     uTsu  bladerf_core:U_core|nios_system:U_nios_system|time_tamer:rx_tamer|current_time_q[48]
            Info (332181): Earliest Path Arrival
                Info (332115): From Node          : bladerf_core:U_core|nios_system:U_nios_system|time_tamer:rx_tamer|handshake:U_current|source_holding[45]
                Info (332115): To Node            : bladerf_core:U_core|nios_system:U_nios_system|time_tamer:rx_tamer|current_time_q[45]
                Info (332115): Launch Clock       : U_core|U_nios_system|axi_ad9361_0|i_dev_if|i_rx|i_altlvds_rx|auto_generated|pll_sclk~PLL_OUTPUT_COUNTER|divclk
                Info (332115): Latch Clock        : U_core|U_system_pll|altera_pll_i|general[0].gpll~PLL_OUTPUT_COUNTER|divclk
                Info (332115): Data Arrival Time  : 5.442
                Info (332115): Clock Arrival Time : 3.499
                Info (332115): Relative Delay     : 1.943
                Info (332115): Data Arrival Path:
                Info (332115): Total (ns)  Incr (ns)     Type  Element
                Info (332115): ==========  ========= ==  ====  ===================================
                Info (332115):      4.766      4.766  R        clock network delay
                Info (332115):      4.766      0.000     uTco  bladerf_core:U_core|nios_system:U_nios_system|time_tamer:rx_tamer|handshake:U_current|source_holding[45]
                Info (332115):      4.766      0.000 FF  CELL  U_core|U_nios_system|rx_tamer|U_current|source_holding[45]|q
                Info (332115):      5.074      0.308 FF    IC  U_core|U_nios_system|rx_tamer|current_time_q[45]|asdata
                Info (332115):      5.442      0.368 FF  CELL  bladerf_core:U_core|nios_system:U_nios_system|time_tamer:rx_tamer|current_time_q[45]
                Info (332115): Clock Arrival Path:
                Info (332115): Total (ns)  Incr (ns)     Type  Element
                Info (332115): ==========  ========= ==  ====  ===================================
                Info (332115):      3.339      3.339  R        clock network delay
                Info (332115):      3.499      0.160           clock uncertainty
                Info (332115):      3.499      0.000      uTh  bladerf_core:U_core|nios_system:U_nios_system|time_tamer:rx_tamer|current_time_q[45]
            Info (332181): Cross Path Clock Pessimism Removed : 2.878
            Info (332181): Required Skew   : 6.400
            Info (332181): Actual Skew     : 2.254
            Info (332181): Slack           : 4.146
        Info (332181): Path #54: Slack is 4.348 
            Info (332181): Latest Path Arrival
                Info (332115): From Node          : bladerf_core:U_core|nios_system:U_nios_system|time_tamer:rx_tamer|handshake:U_current|source_holding[48]
                Info (332115): To Node            : bladerf_core:U_core|nios_system:U_nios_system|time_tamer:rx_tamer|current_time_q[48]
                Info (332115): Launch Clock       : U_core|U_nios_system|axi_ad9361_0|i_dev_if|i_rx|i_altlvds_rx|auto_generated|pll_sclk~PLL_OUTPUT_COUNTER|divclk
                Info (332115): Latch Clock        : U_core|U_system_pll|altera_pll_i|general[0].gpll~PLL_OUTPUT_COUNTER|divclk
                Info (332115): Data Arrival Time  : 8.709
                Info (332115): Clock Arrival Time : 1.634
                Info (332115): Relative Delay     : 7.075
                Info (332115): Data Arrival Path:
                Info (332115): Total (ns)  Incr (ns)     Type  Element
                Info (332115): ==========  ========= ==  ====  ===================================
                Info (332115):      6.350      6.350  R        clock network delay
                Info (332115):      6.350      0.000     uTco  bladerf_core:U_core|nios_system:U_nios_system|time_tamer:rx_tamer|handshake:U_current|source_holding[48]
                Info (332115):      6.350      0.000 FF  CELL  U_core|U_nios_system|rx_tamer|U_current|source_holding[48]|q
                Info (332115):      8.050      1.700 FF    IC  U_core|U_nios_system|rx_tamer|current_time_q[48]|asdata
                Info (332115):      8.709      0.659 FF  CELL  bladerf_core:U_core|nios_system:U_nios_system|time_tamer:rx_tamer|current_time_q[48]
                Info (332115): Clock Arrival Path:
                Info (332115): Total (ns)  Incr (ns)     Type  Element
                Info (332115): ==========  ========= ==  ====  ===================================
                Info (332115):      1.794      1.794  R        clock network delay
                Info (332115):      1.634     -0.160           clock uncertainty
                Info (332115):      1.634      0.000     uTsu  bladerf_core:U_core|nios_system:U_nios_system|time_tamer:rx_tamer|current_time_q[48]
            Info (332181): Earliest Path Arrival
                Info (332115): From Node          : bladerf_core:U_core|nios_system:U_nios_system|time_tamer:rx_tamer|handshake:U_current|source_holding[14]
                Info (332115): To Node            : bladerf_core:U_core|nios_system:U_nios_system|time_tamer:rx_tamer|current_time_q[14]
                Info (332115): Launch Clock       : U_core|U_nios_system|axi_ad9361_0|i_dev_if|i_rx|i_altlvds_rx|auto_generated|pll_sclk~PLL_OUTPUT_COUNTER|divclk
                Info (332115): Latch Clock        : U_core|U_system_pll|altera_pll_i|general[0].gpll~PLL_OUTPUT_COUNTER|divclk
                Info (332115): Data Arrival Time  : 5.700
                Info (332115): Clock Arrival Time : 3.506
                Info (332115): Relative Delay     : 2.194
                Info (332115): Data Arrival Path:
                Info (332115): Total (ns)  Incr (ns)     Type  Element
                Info (332115): ==========  ========= ==  ====  ===================================
                Info (332115):      4.757      4.757  R        clock network delay
                Info (332115):      4.757      0.000     uTco  bladerf_core:U_core|nios_system:U_nios_system|time_tamer:rx_tamer|handshake:U_current|source_holding[14]
                Info (332115):      4.757      0.000 FF  CELL  U_core|U_nios_system|rx_tamer|U_current|source_holding[14]|q
                Info (332115):      5.563      0.806 FF    IC  U_core|U_nios_system|rx_tamer|current_time_q[14]~feeder|dataf
                Info (332115):      5.617      0.054 FF  CELL  U_core|U_nios_system|rx_tamer|current_time_q[14]~feeder|combout
                Info (332115):      5.617      0.000 FF    IC  U_core|U_nios_system|rx_tamer|current_time_q[14]|d
                Info (332115):      5.700      0.083 FF  CELL  bladerf_core:U_core|nios_system:U_nios_system|time_tamer:rx_tamer|current_time_q[14]
                Info (332115): Clock Arrival Path:
                Info (332115): Total (ns)  Incr (ns)     Type  Element
                Info (332115): ==========  ========= ==  ====  ===================================
                Info (332115):      3.346      3.346  R        clock network delay
                Info (332115):      3.506      0.160           clock uncertainty
                Info (332115):      3.506      0.000      uTh  bladerf_core:U_core|nios_system:U_nios_system|time_tamer:rx_tamer|current_time_q[14]
            Info (332181): Cross Path Clock Pessimism Removed : 2.829
            Info (332181): Required Skew   : 6.400
            Info (332181): Actual Skew     : 2.052
            Info (332181): Slack           : 4.348
        Info (332181): Path #55: Slack is 4.378 
            Info (332181): Latest Path Arrival
                Info (332115): From Node          : bladerf_core:U_core|nios_system:U_nios_system|time_tamer:rx_tamer|handshake:U_current|source_holding[48]
                Info (332115): To Node            : bladerf_core:U_core|nios_system:U_nios_system|time_tamer:rx_tamer|current_time_q[48]
                Info (332115): Launch Clock       : U_core|U_nios_system|axi_ad9361_0|i_dev_if|i_rx|i_altlvds_rx|auto_generated|pll_sclk~PLL_OUTPUT_COUNTER|divclk
                Info (332115): Latch Clock        : U_core|U_system_pll|altera_pll_i|general[0].gpll~PLL_OUTPUT_COUNTER|divclk
                Info (332115): Data Arrival Time  : 8.709
                Info (332115): Clock Arrival Time : 1.634
                Info (332115): Relative Delay     : 7.075
                Info (332115): Data Arrival Path:
                Info (332115): Total (ns)  Incr (ns)     Type  Element
                Info (332115): ==========  ========= ==  ====  ===================================
                Info (332115):      6.350      6.350  R        clock network delay
                Info (332115):      6.350      0.000     uTco  bladerf_core:U_core|nios_system:U_nios_system|time_tamer:rx_tamer|handshake:U_current|source_holding[48]
                Info (332115):      6.350      0.000 FF  CELL  U_core|U_nios_system|rx_tamer|U_current|source_holding[48]|q
                Info (332115):      8.050      1.700 FF    IC  U_core|U_nios_system|rx_tamer|current_time_q[48]|asdata
                Info (332115):      8.709      0.659 FF  CELL  bladerf_core:U_core|nios_system:U_nios_system|time_tamer:rx_tamer|current_time_q[48]
                Info (332115): Clock Arrival Path:
                Info (332115): Total (ns)  Incr (ns)     Type  Element
                Info (332115): ==========  ========= ==  ====  ===================================
                Info (332115):      1.794      1.794  R        clock network delay
                Info (332115):      1.634     -0.160           clock uncertainty
                Info (332115):      1.634      0.000     uTsu  bladerf_core:U_core|nios_system:U_nios_system|time_tamer:rx_tamer|current_time_q[48]
            Info (332181): Earliest Path Arrival
                Info (332115): From Node          : bladerf_core:U_core|nios_system:U_nios_system|time_tamer:rx_tamer|handshake:U_current|source_holding[1]
                Info (332115): To Node            : bladerf_core:U_core|nios_system:U_nios_system|time_tamer:rx_tamer|current_time_q[1]
                Info (332115): Launch Clock       : U_core|U_nios_system|axi_ad9361_0|i_dev_if|i_rx|i_altlvds_rx|auto_generated|pll_sclk~PLL_OUTPUT_COUNTER|divclk
                Info (332115): Latch Clock        : U_core|U_system_pll|altera_pll_i|general[0].gpll~PLL_OUTPUT_COUNTER|divclk
                Info (332115): Data Arrival Time  : 5.700
                Info (332115): Clock Arrival Time : 3.476
                Info (332115): Relative Delay     : 2.224
                Info (332115): Data Arrival Path:
                Info (332115): Total (ns)  Incr (ns)     Type  Element
                Info (332115): ==========  ========= ==  ====  ===================================
                Info (332115):      4.758      4.758  R        clock network delay
                Info (332115):      4.758      0.000     uTco  bladerf_core:U_core|nios_system:U_nios_system|time_tamer:rx_tamer|handshake:U_current|source_holding[1]
                Info (332115):      4.758      0.000 RR  CELL  U_core|U_nios_system|rx_tamer|U_current|source_holding[1]|q
                Info (332115):      5.366      0.608 RR    IC  U_core|U_nios_system|rx_tamer|current_time_q[1]|asdata
                Info (332115):      5.700      0.334 RR  CELL  bladerf_core:U_core|nios_system:U_nios_system|time_tamer:rx_tamer|current_time_q[1]
                Info (332115): Clock Arrival Path:
                Info (332115): Total (ns)  Incr (ns)     Type  Element
                Info (332115): ==========  ========= ==  ====  ===================================
                Info (332115):      3.316      3.316  R        clock network delay
                Info (332115):      3.476      0.160           clock uncertainty
                Info (332115):      3.476      0.000      uTh  bladerf_core:U_core|nios_system:U_nios_system|time_tamer:rx_tamer|current_time_q[1]
            Info (332181): Cross Path Clock Pessimism Removed : 2.829
            Info (332181): Required Skew   : 6.400
            Info (332181): Actual Skew     : 2.022
            Info (332181): Slack           : 4.378
        Info (332181): Path #56: Slack is 4.382 
            Info (332181): Latest Path Arrival
                Info (332115): From Node          : bladerf_core:U_core|nios_system:U_nios_system|time_tamer:rx_tamer|handshake:U_current|source_holding[48]
                Info (332115): To Node            : bladerf_core:U_core|nios_system:U_nios_system|time_tamer:rx_tamer|current_time_q[48]
                Info (332115): Launch Clock       : U_core|U_nios_system|axi_ad9361_0|i_dev_if|i_rx|i_altlvds_rx|auto_generated|pll_sclk~PLL_OUTPUT_COUNTER|divclk
                Info (332115): Latch Clock        : U_core|U_system_pll|altera_pll_i|general[0].gpll~PLL_OUTPUT_COUNTER|divclk
                Info (332115): Data Arrival Time  : 8.709
                Info (332115): Clock Arrival Time : 1.634
                Info (332115): Relative Delay     : 7.075
                Info (332115): Data Arrival Path:
                Info (332115): Total (ns)  Incr (ns)     Type  Element
                Info (332115): ==========  ========= ==  ====  ===================================
                Info (332115):      6.350      6.350  R        clock network delay
                Info (332115):      6.350      0.000     uTco  bladerf_core:U_core|nios_system:U_nios_system|time_tamer:rx_tamer|handshake:U_current|source_holding[48]
                Info (332115):      6.350      0.000 FF  CELL  U_core|U_nios_system|rx_tamer|U_current|source_holding[48]|q
                Info (332115):      8.050      1.700 FF    IC  U_core|U_nios_system|rx_tamer|current_time_q[48]|asdata
                Info (332115):      8.709      0.659 FF  CELL  bladerf_core:U_core|nios_system:U_nios_system|time_tamer:rx_tamer|current_time_q[48]
                Info (332115): Clock Arrival Path:
                Info (332115): Total (ns)  Incr (ns)     Type  Element
                Info (332115): ==========  ========= ==  ====  ===================================
                Info (332115):      1.794      1.794  R        clock network delay
                Info (332115):      1.634     -0.160           clock uncertainty
                Info (332115):      1.634      0.000     uTsu  bladerf_core:U_core|nios_system:U_nios_system|time_tamer:rx_tamer|current_time_q[48]
            Info (332181): Earliest Path Arrival
                Info (332115): From Node          : bladerf_core:U_core|nios_system:U_nios_system|time_tamer:rx_tamer|handshake:U_current|source_holding[60]
                Info (332115): To Node            : bladerf_core:U_core|nios_system:U_nios_system|time_tamer:rx_tamer|current_time_q[60]
                Info (332115): Launch Clock       : U_core|U_nios_system|axi_ad9361_0|i_dev_if|i_rx|i_altlvds_rx|auto_generated|pll_sclk~PLL_OUTPUT_COUNTER|divclk
                Info (332115): Latch Clock        : U_core|U_system_pll|altera_pll_i|general[0].gpll~PLL_OUTPUT_COUNTER|divclk
                Info (332115): Data Arrival Time  : 5.710
                Info (332115): Clock Arrival Time : 3.482
                Info (332115): Relative Delay     : 2.228
                Info (332115): Data Arrival Path:
                Info (332115): Total (ns)  Incr (ns)     Type  Element
                Info (332115): ==========  ========= ==  ====  ===================================
                Info (332115):      4.758      4.758  R        clock network delay
                Info (332115):      4.758      0.000     uTco  bladerf_core:U_core|nios_system:U_nios_system|time_tamer:rx_tamer|handshake:U_current|source_holding[60]
                Info (332115):      4.758      0.000 FF  CELL  U_core|U_nios_system|rx_tamer|U_current|source_holding[60]|q
                Info (332115):      5.276      0.518 FF    IC  U_core|U_nios_system|rx_tamer|current_time_q[60]|asdata
                Info (332115):      5.710      0.434 FF  CELL  bladerf_core:U_core|nios_system:U_nios_system|time_tamer:rx_tamer|current_time_q[60]
                Info (332115): Clock Arrival Path:
                Info (332115): Total (ns)  Incr (ns)     Type  Element
                Info (332115): ==========  ========= ==  ====  ===================================
                Info (332115):      3.322      3.322  R        clock network delay
                Info (332115):      3.482      0.160           clock uncertainty
                Info (332115):      3.482      0.000      uTh  bladerf_core:U_core|nios_system:U_nios_system|time_tamer:rx_tamer|current_time_q[60]
            Info (332181): Cross Path Clock Pessimism Removed : 2.829
            Info (332181): Required Skew   : 6.400
            Info (332181): Actual Skew     : 2.018
            Info (332181): Slack           : 4.382
Info (332115): Worst-case slack is 4.203 for "set_max_skew -from [get_keepers {*U_rx_epoch_ts_hi_handshake|source_holding[*]}] -to [get_keepers {*bladerf_core:*|rx_epoch_ts_hi_sys[*]}] 6.400 "
    Info (332181): Skew for the Latest Arrival
        Info (332181): Path #57: Slack is 4.203 
            Info (332181): Latest Path Arrival
                Info (332115): From Node          : bladerf_core:U_core|handshake:U_rx_epoch_ts_hi_handshake|source_holding[29]
                Info (332115): To Node            : bladerf_core:U_core|rx_epoch_ts_hi_sys[29]
                Info (332115): Launch Clock       : U_core|U_nios_system|axi_ad9361_0|i_dev_if|i_rx|i_altlvds_rx|auto_generated|pll_sclk~PLL_OUTPUT_COUNTER|divclk
                Info (332115): Latch Clock        : U_core|U_system_pll|altera_pll_i|general[0].gpll~PLL_OUTPUT_COUNTER|divclk
                Info (332115): Data Arrival Time  : 8.727
                Info (332115): Clock Arrival Time : 1.588
                Info (332115): Relative Delay     : 7.139
                Info (332115): Data Arrival Path:
                Info (332115): Total (ns)  Incr (ns)     Type  Element
                Info (332115): ==========  ========= ==  ====  ===================================
                Info (332115):      6.347      6.347  R        clock network delay
                Info (332115):      6.347      0.000     uTco  bladerf_core:U_core|handshake:U_rx_epoch_ts_hi_handshake|source_holding[29]
                Info (332115):      6.347      0.000 FF  CELL  U_core|U_rx_epoch_ts_hi_handshake|source_holding[29]|q
                Info (332115):      8.082      1.735 FF    IC  U_core|rx_epoch_ts_hi_sys[29]|asdata
                Info (332115):      8.727      0.645 FF  CELL  bladerf_core:U_core|rx_epoch_ts_hi_sys[29]
                Info (332115): Clock Arrival Path:
                Info (332115): Total (ns)  Incr (ns)     Type  Element
                Info (332115): ==========  ========= ==  ====  ===================================
                Info (332115):      1.748      1.748  R        clock network delay
                Info (332115):      1.588     -0.160           clock uncertainty
                Info (332115):      1.588      0.000     uTsu  bladerf_core:U_core|rx_epoch_ts_hi_sys[29]
            Info (332181): Earliest Path Arrival
                Info (332115): From Node          : bladerf_core:U_core|handshake:U_rx_epoch_ts_hi_handshake|source_holding[31]
                Info (332115): To Node            : bladerf_core:U_core|rx_epoch_ts_hi_sys[31]
                Info (332115): Launch Clock       : U_core|U_nios_system|axi_ad9361_0|i_dev_if|i_rx|i_altlvds_rx|auto_generated|pll_sclk~PLL_OUTPUT_COUNTER|divclk
                Info (332115): Latch Clock        : U_core|U_system_pll|altera_pll_i|general[0].gpll~PLL_OUTPUT_COUNTER|divclk
                Info (332115): Data Arrival Time  : 5.530
                Info (332115): Clock Arrival Time : 3.466
                Info (332115): Relative Delay     : 2.064
                Info (332115): Data Arrival Path:
                Info (332115): Total (ns)  Incr (ns)     Type  Element
                Info (332115): ==========  ========= ==  ====  ===================================
                Info (332115):      4.749      4.749  R        clock network delay
                Info (332115):      4.749      0.000     uTco  bladerf_core:U_core|handshake:U_rx_epoch_ts_hi_handshake|source_holding[31]
                Info (332115):      4.749      0.000 FF  CELL  U_core|U_rx_epoch_ts_hi_handshake|source_holding[31]|q
                Info (332115):      5.143      0.394 FF    IC  U_core|rx_epoch_ts_hi_sys[31]|asdata
                Info (332115):      5.530      0.387 FF  CELL  bladerf_core:U_core|rx_epoch_ts_hi_sys[31]
                Info (332115): Clock Arrival Path:
                Info (332115): Total (ns)  Incr (ns)     Type  Element
                Info (332115): ==========  ========= ==  ====  ===================================
                Info (332115):      3.306      3.306  R        clock network delay
                Info (332115):      3.466      0.160           clock uncertainty
                Info (332115):      3.466      0.000      uTh  bladerf_core:U_core|rx_epoch_ts_hi_sys[31]
            Info (332181): Cross Path Clock Pessimism Removed : 2.878
            Info (332181): Required Skew   : 6.400
            Info (332181): Actual Skew     : 2.197
            Info (332181): Slack           : 4.203
        Info (332181): Path #58: Slack is 4.313 
            Info (332181): Latest Path Arrival
                Info (332115): From Node          : bladerf_core:U_core|handshake:U_rx_epoch_ts_hi_handshake|source_holding[23]
                Info (332115): To Node            : bladerf_core:U_core|rx_epoch_ts_hi_sys[23]
                Info (332115): Launch Clock       : U_core|U_nios_system|axi_ad9361_0|i_dev_if|i_rx|i_altlvds_rx|auto_generated|pll_sclk~PLL_OUTPUT_COUNTER|divclk
                Info (332115): Latch Clock        : U_core|U_system_pll|altera_pll_i|general[0].gpll~PLL_OUTPUT_COUNTER|divclk
                Info (332115): Data Arrival Time  : 8.630
                Info (332115): Clock Arrival Time : 1.601
                Info (332115): Relative Delay     : 7.029
                Info (332115): Data Arrival Path:
                Info (332115): Total (ns)  Incr (ns)     Type  Element
                Info (332115): ==========  ========= ==  ====  ===================================
                Info (332115):      6.327      6.327  R        clock network delay
                Info (332115):      6.327      0.000     uTco  bladerf_core:U_core|handshake:U_rx_epoch_ts_hi_handshake|source_holding[23]
                Info (332115):      6.327      0.000 FF  CELL  U_core|U_rx_epoch_ts_hi_handshake|source_holding[23]|q
                Info (332115):      8.237      1.910 FF    IC  U_core|rx_epoch_ts_hi_sys[23]~feeder|dataf
                Info (332115):      8.323      0.086 FF  CELL  U_core|rx_epoch_ts_hi_sys[23]~feeder|combout
                Info (332115):      8.323      0.000 FF    IC  U_core|rx_epoch_ts_hi_sys[23]|d
                Info (332115):      8.630      0.307 FF  CELL  bladerf_core:U_core|rx_epoch_ts_hi_sys[23]
                Info (332115): Clock Arrival Path:
                Info (332115): Total (ns)  Incr (ns)     Type  Element
                Info (332115): ==========  ========= ==  ====  ===================================
                Info (332115):      1.761      1.761  R        clock network delay
                Info (332115):      1.601     -0.160           clock uncertainty
                Info (332115):      1.601      0.000     uTsu  bladerf_core:U_core|rx_epoch_ts_hi_sys[23]
            Info (332181): Earliest Path Arrival
                Info (332115): From Node          : bladerf_core:U_core|handshake:U_rx_epoch_ts_hi_handshake|source_holding[31]
                Info (332115): To Node            : bladerf_core:U_core|rx_epoch_ts_hi_sys[31]
                Info (332115): Launch Clock       : U_core|U_nios_system|axi_ad9361_0|i_dev_if|i_rx|i_altlvds_rx|auto_generated|pll_sclk~PLL_OUTPUT_COUNTER|divclk
                Info (332115): Latch Clock        : U_core|U_system_pll|altera_pll_i|general[0].gpll~PLL_OUTPUT_COUNTER|divclk
                Info (332115): Data Arrival Time  : 5.530
                Info (332115): Clock Arrival Time : 3.466
                Info (332115): Relative Delay     : 2.064
                Info (332115): Data Arrival Path:
                Info (332115): Total (ns)  Incr (ns)     Type  Element
                Info (332115): ==========  ========= ==  ====  ===================================
                Info (332115):      4.749      4.749  R        clock network delay
                Info (332115):      4.749      0.000     uTco  bladerf_core:U_core|handshake:U_rx_epoch_ts_hi_handshake|source_holding[31]
                Info (332115):      4.749      0.000 FF  CELL  U_core|U_rx_epoch_ts_hi_handshake|source_holding[31]|q
                Info (332115):      5.143      0.394 FF    IC  U_core|rx_epoch_ts_hi_sys[31]|asdata
                Info (332115):      5.530      0.387 FF  CELL  bladerf_core:U_core|rx_epoch_ts_hi_sys[31]
                Info (332115): Clock Arrival Path:
                Info (332115): Total (ns)  Incr (ns)     Type  Element
                Info (332115): ==========  ========= ==  ====  ===================================
                Info (332115):      3.306      3.306  R        clock network delay
                Info (332115):      3.466      0.160           clock uncertainty
                Info (332115):      3.466      0.000      uTh  bladerf_core:U_core|rx_epoch_ts_hi_sys[31]
            Info (332181): Cross Path Clock Pessimism Removed : 2.878
            Info (332181): Required Skew   : 6.400
            Info (332181): Actual Skew     : 2.087
            Info (332181): Slack           : 4.313
        Info (332181): Path #59: Slack is 4.314 
            Info (332181): Latest Path Arrival
                Info (332115): From Node          : bladerf_core:U_core|handshake:U_rx_epoch_ts_hi_handshake|source_holding[7]
                Info (332115): To Node            : bladerf_core:U_core|rx_epoch_ts_hi_sys[7]
                Info (332115): Launch Clock       : U_core|U_nios_system|axi_ad9361_0|i_dev_if|i_rx|i_altlvds_rx|auto_generated|pll_sclk~PLL_OUTPUT_COUNTER|divclk
                Info (332115): Latch Clock        : U_core|U_system_pll|altera_pll_i|general[0].gpll~PLL_OUTPUT_COUNTER|divclk
                Info (332115): Data Arrival Time  : 8.629
                Info (332115): Clock Arrival Time : 1.626
                Info (332115): Relative Delay     : 7.003
                Info (332115): Data Arrival Path:
                Info (332115): Total (ns)  Incr (ns)     Type  Element
                Info (332115): ==========  ========= ==  ====  ===================================
                Info (332115):      6.349      6.349  R        clock network delay
                Info (332115):      6.349      0.000     uTco  bladerf_core:U_core|handshake:U_rx_epoch_ts_hi_handshake|source_holding[7]
                Info (332115):      6.349      0.000 FF  CELL  U_core|U_rx_epoch_ts_hi_handshake|source_holding[7]|q
                Info (332115):      8.236      1.887 FF    IC  U_core|rx_epoch_ts_hi_sys[7]~feeder|dataf
                Info (332115):      8.322      0.086 FF  CELL  U_core|rx_epoch_ts_hi_sys[7]~feeder|combout
                Info (332115):      8.322      0.000 FF    IC  U_core|rx_epoch_ts_hi_sys[7]|d
                Info (332115):      8.629      0.307 FF  CELL  bladerf_core:U_core|rx_epoch_ts_hi_sys[7]
                Info (332115): Clock Arrival Path:
                Info (332115): Total (ns)  Incr (ns)     Type  Element
                Info (332115): ==========  ========= ==  ====  ===================================
                Info (332115):      1.786      1.786  R        clock network delay
                Info (332115):      1.626     -0.160           clock uncertainty
                Info (332115):      1.626      0.000     uTsu  bladerf_core:U_core|rx_epoch_ts_hi_sys[7]
            Info (332181): Earliest Path Arrival
                Info (332115): From Node          : bladerf_core:U_core|handshake:U_rx_epoch_ts_hi_handshake|source_holding[31]
                Info (332115): To Node            : bladerf_core:U_core|rx_epoch_ts_hi_sys[31]
                Info (332115): Launch Clock       : U_core|U_nios_system|axi_ad9361_0|i_dev_if|i_rx|i_altlvds_rx|auto_generated|pll_sclk~PLL_OUTPUT_COUNTER|divclk
                Info (332115): Latch Clock        : U_core|U_system_pll|altera_pll_i|general[0].gpll~PLL_OUTPUT_COUNTER|divclk
                Info (332115): Data Arrival Time  : 5.530
                Info (332115): Clock Arrival Time : 3.466
                Info (332115): Relative Delay     : 2.064
                Info (332115): Data Arrival Path:
                Info (332115): Total (ns)  Incr (ns)     Type  Element
                Info (332115): ==========  ========= ==  ====  ===================================
                Info (332115):      4.749      4.749  R        clock network delay
                Info (332115):      4.749      0.000     uTco  bladerf_core:U_core|handshake:U_rx_epoch_ts_hi_handshake|source_holding[31]
                Info (332115):      4.749      0.000 FF  CELL  U_core|U_rx_epoch_ts_hi_handshake|source_holding[31]|q
                Info (332115):      5.143      0.394 FF    IC  U_core|rx_epoch_ts_hi_sys[31]|asdata
                Info (332115):      5.530      0.387 FF  CELL  bladerf_core:U_core|rx_epoch_ts_hi_sys[31]
                Info (332115): Clock Arrival Path:
                Info (332115): Total (ns)  Incr (ns)     Type  Element
                Info (332115): ==========  ========= ==  ====  ===================================
                Info (332115):      3.306      3.306  R        clock network delay
                Info (332115):      3.466      0.160           clock uncertainty
                Info (332115):      3.466      0.000      uTh  bladerf_core:U_core|rx_epoch_ts_hi_sys[31]
            Info (332181): Cross Path Clock Pessimism Removed : 2.853
            Info (332181): Required Skew   : 6.400
            Info (332181): Actual Skew     : 2.086
            Info (332181): Slack           : 4.314
        Info (332181): Path #60: Slack is 4.315 
            Info (332181): Latest Path Arrival
                Info (332115): From Node          : bladerf_core:U_core|handshake:U_rx_epoch_ts_hi_handshake|source_holding[27]
                Info (332115): To Node            : bladerf_core:U_core|rx_epoch_ts_hi_sys[27]
                Info (332115): Launch Clock       : U_core|U_nios_system|axi_ad9361_0|i_dev_if|i_rx|i_altlvds_rx|auto_generated|pll_sclk~PLL_OUTPUT_COUNTER|divclk
                Info (332115): Latch Clock        : U_core|U_system_pll|altera_pll_i|general[0].gpll~PLL_OUTPUT_COUNTER|divclk
                Info (332115): Data Arrival Time  : 8.647
                Info (332115): Clock Arrival Time : 1.645
                Info (332115): Relative Delay     : 7.002
                Info (332115): Data Arrival Path:
                Info (332115): Total (ns)  Incr (ns)     Type  Element
                Info (332115): ==========  ========= ==  ====  ===================================
                Info (332115):      6.343      6.343  R        clock network delay
                Info (332115):      6.343      0.000     uTco  bladerf_core:U_core|handshake:U_rx_epoch_ts_hi_handshake|source_holding[27]
                Info (332115):      6.343      0.000 FF  CELL  U_core|U_rx_epoch_ts_hi_handshake|source_holding[27]|q
                Info (332115):      8.256      1.913 FF    IC  U_core|rx_epoch_ts_hi_sys[27]~feeder|dataf
                Info (332115):      8.342      0.086 FF  CELL  U_core|rx_epoch_ts_hi_sys[27]~feeder|combout
                Info (332115):      8.342      0.000 FF    IC  U_core|rx_epoch_ts_hi_sys[27]|d
                Info (332115):      8.647      0.305 FF  CELL  bladerf_core:U_core|rx_epoch_ts_hi_sys[27]
                Info (332115): Clock Arrival Path:
                Info (332115): Total (ns)  Incr (ns)     Type  Element
                Info (332115): ==========  ========= ==  ====  ===================================
                Info (332115):      1.805      1.805  R        clock network delay
                Info (332115):      1.645     -0.160           clock uncertainty
                Info (332115):      1.645      0.000     uTsu  bladerf_core:U_core|rx_epoch_ts_hi_sys[27]
            Info (332181): Earliest Path Arrival
                Info (332115): From Node          : bladerf_core:U_core|handshake:U_rx_epoch_ts_hi_handshake|source_holding[31]
                Info (332115): To Node            : bladerf_core:U_core|rx_epoch_ts_hi_sys[31]
                Info (332115): Launch Clock       : U_core|U_nios_system|axi_ad9361_0|i_dev_if|i_rx|i_altlvds_rx|auto_generated|pll_sclk~PLL_OUTPUT_COUNTER|divclk
                Info (332115): Latch Clock        : U_core|U_system_pll|altera_pll_i|general[0].gpll~PLL_OUTPUT_COUNTER|divclk
                Info (332115): Data Arrival Time  : 5.530
                Info (332115): Clock Arrival Time : 3.466
                Info (332115): Relative Delay     : 2.064
                Info (332115): Data Arrival Path:
                Info (332115): Total (ns)  Incr (ns)     Type  Element
                Info (332115): ==========  ========= ==  ====  ===================================
                Info (332115):      4.749      4.749  R        clock network delay
                Info (332115):      4.749      0.000     uTco  bladerf_core:U_core|handshake:U_rx_epoch_ts_hi_handshake|source_holding[31]
                Info (332115):      4.749      0.000 FF  CELL  U_core|U_rx_epoch_ts_hi_handshake|source_holding[31]|q
                Info (332115):      5.143      0.394 FF    IC  U_core|rx_epoch_ts_hi_sys[31]|asdata
                Info (332115):      5.530      0.387 FF  CELL  bladerf_core:U_core|rx_epoch_ts_hi_sys[31]
                Info (332115): Clock Arrival Path:
                Info (332115): Total (ns)  Incr (ns)     Type  Element
                Info (332115): ==========  ========= ==  ====  ===================================
                Info (332115):      3.306      3.306  R        clock network delay
                Info (332115):      3.466      0.160           clock uncertainty
                Info (332115):      3.466      0.000      uTh  bladerf_core:U_core|rx_epoch_ts_hi_sys[31]
            Info (332181): Cross Path Clock Pessimism Removed : 2.853
            Info (332181): Required Skew   : 6.400
            Info (332181): Actual Skew     : 2.085
            Info (332181): Slack           : 4.315
    Info (332181): Skew for the Earliest Arrival
        Info (332181): Path #61: Slack is 4.203 
            Info (332181): Latest Path Arrival
                Info (332115): From Node          : bladerf_core:U_core|handshake:U_rx_epoch_ts_hi_handshake|source_holding[29]
                Info (332115): To Node            : bladerf_core:U_core|rx_epoch_ts_hi_sys[29]
                Info (332115): Launch Clock       : U_core|U_nios_system|axi_ad9361_0|i_dev_if|i_rx|i_altlvds_rx|auto_generated|pll_sclk~PLL_OUTPUT_COUNTER|divclk
                Info (332115): Latch Clock        : U_core|U_system_pll|altera_pll_i|general[0].gpll~PLL_OUTPUT_COUNTER|divclk
                Info (332115): Data Arrival Time  : 8.727
                Info (332115): Clock Arrival Time : 1.588
                Info (332115): Relative Delay     : 7.139
                Info (332115): Data Arrival Path:
                Info (332115): Total (ns)  Incr (ns)     Type  Element
                Info (332115): ==========  ========= ==  ====  ===================================
                Info (332115):      6.347      6.347  R        clock network delay
                Info (332115):      6.347      0.000     uTco  bladerf_core:U_core|handshake:U_rx_epoch_ts_hi_handshake|source_holding[29]
                Info (332115):      6.347      0.000 FF  CELL  U_core|U_rx_epoch_ts_hi_handshake|source_holding[29]|q
                Info (332115):      8.082      1.735 FF    IC  U_core|rx_epoch_ts_hi_sys[29]|asdata
                Info (332115):      8.727      0.645 FF  CELL  bladerf_core:U_core|rx_epoch_ts_hi_sys[29]
                Info (332115): Clock Arrival Path:
                Info (332115): Total (ns)  Incr (ns)     Type  Element
                Info (332115): ==========  ========= ==  ====  ===================================
                Info (332115):      1.748      1.748  R        clock network delay
                Info (332115):      1.588     -0.160           clock uncertainty
                Info (332115):      1.588      0.000     uTsu  bladerf_core:U_core|rx_epoch_ts_hi_sys[29]
            Info (332181): Earliest Path Arrival
                Info (332115): From Node          : bladerf_core:U_core|handshake:U_rx_epoch_ts_hi_handshake|source_holding[31]
                Info (332115): To Node            : bladerf_core:U_core|rx_epoch_ts_hi_sys[31]
                Info (332115): Launch Clock       : U_core|U_nios_system|axi_ad9361_0|i_dev_if|i_rx|i_altlvds_rx|auto_generated|pll_sclk~PLL_OUTPUT_COUNTER|divclk
                Info (332115): Latch Clock        : U_core|U_system_pll|altera_pll_i|general[0].gpll~PLL_OUTPUT_COUNTER|divclk
                Info (332115): Data Arrival Time  : 5.530
                Info (332115): Clock Arrival Time : 3.466
                Info (332115): Relative Delay     : 2.064
                Info (332115): Data Arrival Path:
                Info (332115): Total (ns)  Incr (ns)     Type  Element
                Info (332115): ==========  ========= ==  ====  ===================================
                Info (332115):      4.749      4.749  R        clock network delay
                Info (332115):      4.749      0.000     uTco  bladerf_core:U_core|handshake:U_rx_epoch_ts_hi_handshake|source_holding[31]
                Info (332115):      4.749      0.000 FF  CELL  U_core|U_rx_epoch_ts_hi_handshake|source_holding[31]|q
                Info (332115):      5.143      0.394 FF    IC  U_core|rx_epoch_ts_hi_sys[31]|asdata
                Info (332115):      5.530      0.387 FF  CELL  bladerf_core:U_core|rx_epoch_ts_hi_sys[31]
                Info (332115): Clock Arrival Path:
                Info (332115): Total (ns)  Incr (ns)     Type  Element
                Info (332115): ==========  ========= ==  ====  ===================================
                Info (332115):      3.306      3.306  R        clock network delay
                Info (332115):      3.466      0.160           clock uncertainty
                Info (332115):      3.466      0.000      uTh  bladerf_core:U_core|rx_epoch_ts_hi_sys[31]
            Info (332181): Cross Path Clock Pessimism Removed : 2.878
            Info (332181): Required Skew   : 6.400
            Info (332181): Actual Skew     : 2.197
            Info (332181): Slack           : 4.203
        Info (332181): Path #62: Slack is 4.412 
            Info (332181): Latest Path Arrival
                Info (332115): From Node          : bladerf_core:U_core|handshake:U_rx_epoch_ts_hi_handshake|source_holding[29]
                Info (332115): To Node            : bladerf_core:U_core|rx_epoch_ts_hi_sys[29]
                Info (332115): Launch Clock       : U_core|U_nios_system|axi_ad9361_0|i_dev_if|i_rx|i_altlvds_rx|auto_generated|pll_sclk~PLL_OUTPUT_COUNTER|divclk
                Info (332115): Latch Clock        : U_core|U_system_pll|altera_pll_i|general[0].gpll~PLL_OUTPUT_COUNTER|divclk
                Info (332115): Data Arrival Time  : 8.727
                Info (332115): Clock Arrival Time : 1.588
                Info (332115): Relative Delay     : 7.139
                Info (332115): Data Arrival Path:
                Info (332115): Total (ns)  Incr (ns)     Type  Element
                Info (332115): ==========  ========= ==  ====  ===================================
                Info (332115):      6.347      6.347  R        clock network delay
                Info (332115):      6.347      0.000     uTco  bladerf_core:U_core|handshake:U_rx_epoch_ts_hi_handshake|source_holding[29]
                Info (332115):      6.347      0.000 FF  CELL  U_core|U_rx_epoch_ts_hi_handshake|source_holding[29]|q
                Info (332115):      8.082      1.735 FF    IC  U_core|rx_epoch_ts_hi_sys[29]|asdata
                Info (332115):      8.727      0.645 FF  CELL  bladerf_core:U_core|rx_epoch_ts_hi_sys[29]
                Info (332115): Clock Arrival Path:
                Info (332115): Total (ns)  Incr (ns)     Type  Element
                Info (332115): ==========  ========= ==  ====  ===================================
                Info (332115):      1.748      1.748  R        clock network delay
                Info (332115):      1.588     -0.160           clock uncertainty
                Info (332115):      1.588      0.000     uTsu  bladerf_core:U_core|rx_epoch_ts_hi_sys[29]
            Info (332181): Earliest Path Arrival
                Info (332115): From Node          : bladerf_core:U_core|handshake:U_rx_epoch_ts_hi_handshake|source_holding[15]
                Info (332115): To Node            : bladerf_core:U_core|rx_epoch_ts_hi_sys[15]
                Info (332115): Launch Clock       : U_core|U_nios_system|axi_ad9361_0|i_dev_if|i_rx|i_altlvds_rx|auto_generated|pll_sclk~PLL_OUTPUT_COUNTER|divclk
                Info (332115): Latch Clock        : U_core|U_system_pll|altera_pll_i|general[0].gpll~PLL_OUTPUT_COUNTER|divclk
                Info (332115): Data Arrival Time  : 5.739
                Info (332115): Clock Arrival Time : 3.466
                Info (332115): Relative Delay     : 2.273
                Info (332115): Data Arrival Path:
                Info (332115): Total (ns)  Incr (ns)     Type  Element
                Info (332115): ==========  ========= ==  ====  ===================================
                Info (332115):      4.749      4.749  R        clock network delay
                Info (332115):      4.749      0.000     uTco  bladerf_core:U_core|handshake:U_rx_epoch_ts_hi_handshake|source_holding[15]
                Info (332115):      4.749      0.000 FF  CELL  U_core|U_rx_epoch_ts_hi_handshake|source_holding[15]|q
                Info (332115):      5.137      0.388 FF    IC  U_core|rx_epoch_ts_hi_sys[15]~feeder|datab
                Info (332115):      5.657      0.520 FF  CELL  U_core|rx_epoch_ts_hi_sys[15]~feeder|combout
                Info (332115):      5.657      0.000 FF    IC  U_core|rx_epoch_ts_hi_sys[15]|d
                Info (332115):      5.739      0.082 FF  CELL  bladerf_core:U_core|rx_epoch_ts_hi_sys[15]
                Info (332115): Clock Arrival Path:
                Info (332115): Total (ns)  Incr (ns)     Type  Element
                Info (332115): ==========  ========= ==  ====  ===================================
                Info (332115):      3.306      3.306  R        clock network delay
                Info (332115):      3.466      0.160           clock uncertainty
                Info (332115):      3.466      0.000      uTh  bladerf_core:U_core|rx_epoch_ts_hi_sys[15]
            Info (332181): Cross Path Clock Pessimism Removed : 2.878
            Info (332181): Required Skew   : 6.400
            Info (332181): Actual Skew     : 1.988
            Info (332181): Slack           : 4.412
        Info (332181): Path #63: Slack is 4.465 
            Info (332181): Latest Path Arrival
                Info (332115): From Node          : bladerf_core:U_core|handshake:U_rx_epoch_ts_hi_handshake|source_holding[29]
                Info (332115): To Node            : bladerf_core:U_core|rx_epoch_ts_hi_sys[29]
                Info (332115): Launch Clock       : U_core|U_nios_system|axi_ad9361_0|i_dev_if|i_rx|i_altlvds_rx|auto_generated|pll_sclk~PLL_OUTPUT_COUNTER|divclk
                Info (332115): Latch Clock        : U_core|U_system_pll|altera_pll_i|general[0].gpll~PLL_OUTPUT_COUNTER|divclk
                Info (332115): Data Arrival Time  : 8.727
                Info (332115): Clock Arrival Time : 1.588
                Info (332115): Relative Delay     : 7.139
                Info (332115): Data Arrival Path:
                Info (332115): Total (ns)  Incr (ns)     Type  Element
                Info (332115): ==========  ========= ==  ====  ===================================
                Info (332115):      6.347      6.347  R        clock network delay
                Info (332115):      6.347      0.000     uTco  bladerf_core:U_core|handshake:U_rx_epoch_ts_hi_handshake|source_holding[29]
                Info (332115):      6.347      0.000 FF  CELL  U_core|U_rx_epoch_ts_hi_handshake|source_holding[29]|q
                Info (332115):      8.082      1.735 FF    IC  U_core|rx_epoch_ts_hi_sys[29]|asdata
                Info (332115):      8.727      0.645 FF  CELL  bladerf_core:U_core|rx_epoch_ts_hi_sys[29]
                Info (332115): Clock Arrival Path:
                Info (332115): Total (ns)  Incr (ns)     Type  Element
                Info (332115): ==========  ========= ==  ====  ===================================
                Info (332115):      1.748      1.748  R        clock network delay
                Info (332115):      1.588     -0.160           clock uncertainty
                Info (332115):      1.588      0.000     uTsu  bladerf_core:U_core|rx_epoch_ts_hi_sys[29]
            Info (332181): Earliest Path Arrival
                Info (332115): From Node          : bladerf_core:U_core|handshake:U_rx_epoch_ts_hi_handshake|source_holding[12]
                Info (332115): To Node            : bladerf_core:U_core|rx_epoch_ts_hi_sys[12]
                Info (332115): Launch Clock       : U_core|U_nios_system|axi_ad9361_0|i_dev_if|i_rx|i_altlvds_rx|auto_generated|pll_sclk~PLL_OUTPUT_COUNTER|divclk
                Info (332115): Latch Clock        : U_core|U_system_pll|altera_pll_i|general[0].gpll~PLL_OUTPUT_COUNTER|divclk
                Info (332115): Data Arrival Time  : 5.858
                Info (332115): Clock Arrival Time : 3.507
                Info (332115): Relative Delay     : 2.351
                Info (332115): Data Arrival Path:
                Info (332115): Total (ns)  Incr (ns)     Type  Element
                Info (332115): ==========  ========= ==  ====  ===================================
                Info (332115):      4.757      4.757  R        clock network delay
                Info (332115):      4.757      0.000     uTco  bladerf_core:U_core|handshake:U_rx_epoch_ts_hi_handshake|source_holding[12]
                Info (332115):      4.757      0.000 RR  CELL  U_core|U_rx_epoch_ts_hi_handshake|source_holding[12]|q
                Info (332115):      5.715      0.958 RR    IC  U_core|rx_epoch_ts_hi_sys[12]~feeder|dataf
                Info (332115):      5.777      0.062 RR  CELL  U_core|rx_epoch_ts_hi_sys[12]~feeder|combout
                Info (332115):      5.777      0.000 RR    IC  U_core|rx_epoch_ts_hi_sys[12]|d
                Info (332115):      5.858      0.081 RR  CELL  bladerf_core:U_core|rx_epoch_ts_hi_sys[12]
                Info (332115): Clock Arrival Path:
                Info (332115): Total (ns)  Incr (ns)     Type  Element
                Info (332115): ==========  ========= ==  ====  ===================================
                Info (332115):      3.347      3.347  R        clock network delay
                Info (332115):      3.507      0.160           clock uncertainty
                Info (332115):      3.507      0.000      uTh  bladerf_core:U_core|rx_epoch_ts_hi_sys[12]
            Info (332181): Cross Path Clock Pessimism Removed : 2.853
            Info (332181): Required Skew   : 6.400
            Info (332181): Actual Skew     : 1.935
            Info (332181): Slack           : 4.465
        Info (332181): Path #64: Slack is 4.513 
            Info (332181): Latest Path Arrival
                Info (332115): From Node          : bladerf_core:U_core|handshake:U_rx_epoch_ts_hi_handshake|source_holding[29]
                Info (332115): To Node            : bladerf_core:U_core|rx_epoch_ts_hi_sys[29]
                Info (332115): Launch Clock       : U_core|U_nios_system|axi_ad9361_0|i_dev_if|i_rx|i_altlvds_rx|auto_generated|pll_sclk~PLL_OUTPUT_COUNTER|divclk
                Info (332115): Latch Clock        : U_core|U_system_pll|altera_pll_i|general[0].gpll~PLL_OUTPUT_COUNTER|divclk
                Info (332115): Data Arrival Time  : 8.727
                Info (332115): Clock Arrival Time : 1.588
                Info (332115): Relative Delay     : 7.139
                Info (332115): Data Arrival Path:
                Info (332115): Total (ns)  Incr (ns)     Type  Element
                Info (332115): ==========  ========= ==  ====  ===================================
                Info (332115):      6.347      6.347  R        clock network delay
                Info (332115):      6.347      0.000     uTco  bladerf_core:U_core|handshake:U_rx_epoch_ts_hi_handshake|source_holding[29]
                Info (332115):      6.347      0.000 FF  CELL  U_core|U_rx_epoch_ts_hi_handshake|source_holding[29]|q
                Info (332115):      8.082      1.735 FF    IC  U_core|rx_epoch_ts_hi_sys[29]|asdata
                Info (332115):      8.727      0.645 FF  CELL  bladerf_core:U_core|rx_epoch_ts_hi_sys[29]
                Info (332115): Clock Arrival Path:
                Info (332115): Total (ns)  Incr (ns)     Type  Element
                Info (332115): ==========  ========= ==  ====  ===================================
                Info (332115):      1.748      1.748  R        clock network delay
                Info (332115):      1.588     -0.160           clock uncertainty
                Info (332115):      1.588      0.000     uTsu  bladerf_core:U_core|rx_epoch_ts_hi_sys[29]
            Info (332181): Earliest Path Arrival
                Info (332115): From Node          : bladerf_core:U_core|handshake:U_rx_epoch_ts_hi_handshake|source_holding[22]
                Info (332115): To Node            : bladerf_core:U_core|rx_epoch_ts_hi_sys[22]
                Info (332115): Launch Clock       : U_core|U_nios_system|axi_ad9361_0|i_dev_if|i_rx|i_altlvds_rx|auto_generated|pll_sclk~PLL_OUTPUT_COUNTER|divclk
                Info (332115): Latch Clock        : U_core|U_system_pll|altera_pll_i|general[0].gpll~PLL_OUTPUT_COUNTER|divclk
                Info (332115): Data Arrival Time  : 5.836
                Info (332115): Clock Arrival Time : 3.462
                Info (332115): Relative Delay     : 2.374
                Info (332115): Data Arrival Path:
                Info (332115): Total (ns)  Incr (ns)     Type  Element
                Info (332115): ==========  ========= ==  ====  ===================================
                Info (332115):      4.756      4.756  R        clock network delay
                Info (332115):      4.756      0.000     uTco  bladerf_core:U_core|handshake:U_rx_epoch_ts_hi_handshake|source_holding[22]
                Info (332115):      4.756      0.000 FF  CELL  U_core|U_rx_epoch_ts_hi_handshake|source_holding[22]|q
                Info (332115):      5.447      0.691 FF    IC  U_core|rx_epoch_ts_hi_sys[22]|asdata
                Info (332115):      5.836      0.389 FF  CELL  bladerf_core:U_core|rx_epoch_ts_hi_sys[22]
                Info (332115): Clock Arrival Path:
                Info (332115): Total (ns)  Incr (ns)     Type  Element
                Info (332115): ==========  ========= ==  ====  ===================================
                Info (332115):      3.302      3.302  R        clock network delay
                Info (332115):      3.462      0.160           clock uncertainty
                Info (332115):      3.462      0.000      uTh  bladerf_core:U_core|rx_epoch_ts_hi_sys[22]
            Info (332181): Cross Path Clock Pessimism Removed : 2.878
            Info (332181): Required Skew   : 6.400
            Info (332181): Actual Skew     : 1.887
            Info (332181): Slack           : 4.513
Info (332115): Worst-case slack is 4.349 for "set_max_skew -from [get_keepers {*U_handshake_rx_overflow|source_holding[*]}] -to [get_keepers {*bladerf_core:*|rx_ovf_sys_q[*]}] 6.400 "
    Info (332181): Skew for the Latest Arrival
        Info (332181): Path #65: Slack is 4.349 
            Info (332181): Latest Path Arrival
                Info (332115): From Node          : bladerf_core:U_core|handshake:U_handshake_rx_overflow|source_holding[53]
                Info (332115): To Node            : bladerf_core:U_core|rx_ovf_sys_q[53]
                Info (332115): Launch Clock       : U_core|U_nios_system|axi_ad9361_0|i_dev_if|i_rx|i_altlvds_rx|auto_generated|pll_sclk~PLL_OUTPUT_COUNTER|divclk
                Info (332115): Latch Clock        : U_core|U_system_pll|altera_pll_i|general[0].gpll~PLL_OUTPUT_COUNTER|divclk
                Info (332115): Data Arrival Time  : 8.691
                Info (332115): Clock Arrival Time : 1.617
                Info (332115): Relative Delay     : 7.074
                Info (332115): Data Arrival Path:
                Info (332115): Total (ns)  Incr (ns)     Type  Element
                Info (332115): ==========  ========= ==  ====  ===================================
                Info (332115):      6.359      6.359  R        clock network delay
                Info (332115):      6.359      0.000     uTco  bladerf_core:U_core|handshake:U_handshake_rx_overflow|source_holding[53]
                Info (332115):      6.359      0.000 FF  CELL  U_core|U_handshake_rx_overflow|source_holding[53]|q
                Info (332115):      7.962      1.603 FF    IC  U_core|rx_ovf_sys_q[53]|asdata
                Info (332115):      8.691      0.729 FF  CELL  bladerf_core:U_core|rx_ovf_sys_q[53]
                Info (332115): Clock Arrival Path:
                Info (332115): Total (ns)  Incr (ns)     Type  Element
                Info (332115): ==========  ========= ==  ====  ===================================
                Info (332115):      1.777      1.777  R        clock network delay
                Info (332115):      1.617     -0.160           clock uncertainty
                Info (332115):      1.617      0.000     uTsu  bladerf_core:U_core|rx_ovf_sys_q[53]
            Info (332181): Earliest Path Arrival
                Info (332115): From Node          : bladerf_core:U_core|handshake:U_handshake_rx_overflow|source_holding[26]
                Info (332115): To Node            : bladerf_core:U_core|rx_ovf_sys_q[26]
                Info (332115): Launch Clock       : U_core|U_nios_system|axi_ad9361_0|i_dev_if|i_rx|i_altlvds_rx|auto_generated|pll_sclk~PLL_OUTPUT_COUNTER|divclk
                Info (332115): Latch Clock        : U_core|U_system_pll|altera_pll_i|general[0].gpll~PLL_OUTPUT_COUNTER|divclk
                Info (332115): Data Arrival Time  : 5.720
                Info (332115): Clock Arrival Time : 3.498
                Info (332115): Relative Delay     : 2.222
                Info (332115): Data Arrival Path:
                Info (332115): Total (ns)  Incr (ns)     Type  Element
                Info (332115): ==========  ========= ==  ====  ===================================
                Info (332115):      4.766      4.766  R        clock network delay
                Info (332115):      4.766      0.000     uTco  bladerf_core:U_core|handshake:U_handshake_rx_overflow|source_holding[26]
                Info (332115):      4.766      0.000 FF  CELL  U_core|U_handshake_rx_overflow|source_holding[26]|q
                Info (332115):      5.134      0.368 FF    IC  U_core|rx_ovf_sys_q[26]~feeder|dataa
                Info (332115):      5.637      0.503 FF  CELL  U_core|rx_ovf_sys_q[26]~feeder|combout
                Info (332115):      5.637      0.000 FF    IC  U_core|rx_ovf_sys_q[26]|d
                Info (332115):      5.720      0.083 FF  CELL  bladerf_core:U_core|rx_ovf_sys_q[26]
                Info (332115): Clock Arrival Path:
                Info (332115): Total (ns)  Incr (ns)     Type  Element
                Info (332115): ==========  ========= ==  ====  ===================================
                Info (332115):      3.338      3.338  R        clock network delay
                Info (332115):      3.498      0.160           clock uncertainty
                Info (332115):      3.498      0.000      uTh  bladerf_core:U_core|rx_ovf_sys_q[26]
            Info (332181): Cross Path Clock Pessimism Removed : 2.801
            Info (332181): Required Skew   : 6.400
            Info (332181): Actual Skew     : 2.051
            Info (332181): Slack           : 4.349
        Info (332181): Path #66: Slack is 4.371 
            Info (332181): Latest Path Arrival
                Info (332115): From Node          : bladerf_core:U_core|handshake:U_handshake_rx_overflow|source_holding[14]
                Info (332115): To Node            : bladerf_core:U_core|rx_ovf_sys_q[14]
                Info (332115): Launch Clock       : U_core|U_nios_system|axi_ad9361_0|i_dev_if|i_rx|i_altlvds_rx|auto_generated|pll_sclk~PLL_OUTPUT_COUNTER|divclk
                Info (332115): Latch Clock        : U_core|U_system_pll|altera_pll_i|general[0].gpll~PLL_OUTPUT_COUNTER|divclk
                Info (332115): Data Arrival Time  : 8.709
                Info (332115): Clock Arrival Time : 1.629
                Info (332115): Relative Delay     : 7.080
                Info (332115): Data Arrival Path:
                Info (332115): Total (ns)  Incr (ns)     Type  Element
                Info (332115): ==========  ========= ==  ====  ===================================
                Info (332115):      6.379      6.379  R        clock network delay
                Info (332115):      6.379      0.000     uTco  bladerf_core:U_core|handshake:U_handshake_rx_overflow|source_holding[14]
                Info (332115):      6.379      0.000 FF  CELL  U_core|U_handshake_rx_overflow|source_holding[14]|q
                Info (332115):      7.983      1.604 FF    IC  U_core|rx_ovf_sys_q[14]|asdata
                Info (332115):      8.709      0.726 FF  CELL  bladerf_core:U_core|rx_ovf_sys_q[14]
                Info (332115): Clock Arrival Path:
                Info (332115): Total (ns)  Incr (ns)     Type  Element
                Info (332115): ==========  ========= ==  ====  ===================================
                Info (332115):      1.789      1.789  R        clock network delay
                Info (332115):      1.629     -0.160           clock uncertainty
                Info (332115):      1.629      0.000     uTsu  bladerf_core:U_core|rx_ovf_sys_q[14]
            Info (332181): Earliest Path Arrival
                Info (332115): From Node          : bladerf_core:U_core|handshake:U_handshake_rx_overflow|source_holding[26]
                Info (332115): To Node            : bladerf_core:U_core|rx_ovf_sys_q[26]
                Info (332115): Launch Clock       : U_core|U_nios_system|axi_ad9361_0|i_dev_if|i_rx|i_altlvds_rx|auto_generated|pll_sclk~PLL_OUTPUT_COUNTER|divclk
                Info (332115): Latch Clock        : U_core|U_system_pll|altera_pll_i|general[0].gpll~PLL_OUTPUT_COUNTER|divclk
                Info (332115): Data Arrival Time  : 5.720
                Info (332115): Clock Arrival Time : 3.498
                Info (332115): Relative Delay     : 2.222
                Info (332115): Data Arrival Path:
                Info (332115): Total (ns)  Incr (ns)     Type  Element
                Info (332115): ==========  ========= ==  ====  ===================================
                Info (332115):      4.766      4.766  R        clock network delay
                Info (332115):      4.766      0.000     uTco  bladerf_core:U_core|handshake:U_handshake_rx_overflow|source_holding[26]
                Info (332115):      4.766      0.000 FF  CELL  U_core|U_handshake_rx_overflow|source_holding[26]|q
                Info (332115):      5.134      0.368 FF    IC  U_core|rx_ovf_sys_q[26]~feeder|dataa
                Info (332115):      5.637      0.503 FF  CELL  U_core|rx_ovf_sys_q[26]~feeder|combout
                Info (332115):      5.637      0.000 FF    IC  U_core|rx_ovf_sys_q[26]|d
                Info (332115):      5.720      0.083 FF  CELL  bladerf_core:U_core|rx_ovf_sys_q[26]
                Info (332115): Clock Arrival Path:
                Info (332115): Total (ns)  Incr (ns)     Type  Element
                Info (332115): ==========  ========= ==  ====  ===================================
                Info (332115):      3.338      3.338  R        clock network delay
                Info (332115):      3.498      0.160           clock uncertainty
                Info (332115):      3.498      0.000      uTh  bladerf_core:U_core|rx_ovf_sys_q[26]
            Info (332181): Cross Path Clock Pessimism Removed : 2.829
            Info (332181): Required Skew   : 6.400
            Info (332181): Actual Skew     : 2.029
            Info (332181): Slack           : 4.371
        Info (332181): Path #67: Slack is 4.380 
            Info (332181): Latest Path Arrival
                Info (332115): From Node          : bladerf_core:U_core|handshake:U_handshake_rx_overflow|source_holding[54]
                Info (332115): To Node            : bladerf_core:U_core|rx_ovf_sys_q[54]
                Info (332115): Launch Clock       : U_core|U_nios_system|axi_ad9361_0|i_dev_if|i_rx|i_altlvds_rx|auto_generated|pll_sclk~PLL_OUTPUT_COUNTER|divclk
                Info (332115): Latch Clock        : U_core|U_system_pll|altera_pll_i|general[0].gpll~PLL_OUTPUT_COUNTER|divclk
                Info (332115): Data Arrival Time  : 8.660
                Info (332115): Clock Arrival Time : 1.617
                Info (332115): Relative Delay     : 7.043
                Info (332115): Data Arrival Path:
                Info (332115): Total (ns)  Incr (ns)     Type  Element
                Info (332115): ==========  ========= ==  ====  ===================================
                Info (332115):      6.352      6.352  R        clock network delay
                Info (332115):      6.352      0.000     uTco  bladerf_core:U_core|handshake:U_handshake_rx_overflow|source_holding[54]
                Info (332115):      6.352      0.000 FF  CELL  U_core|U_handshake_rx_overflow|source_holding[54]|q
                Info (332115):      7.957      1.605 FF    IC  U_core|rx_ovf_sys_q[54]|asdata
                Info (332115):      8.660      0.703 FF  CELL  bladerf_core:U_core|rx_ovf_sys_q[54]
                Info (332115): Clock Arrival Path:
                Info (332115): Total (ns)  Incr (ns)     Type  Element
                Info (332115): ==========  ========= ==  ====  ===================================
                Info (332115):      1.777      1.777  R        clock network delay
                Info (332115):      1.617     -0.160           clock uncertainty
                Info (332115):      1.617      0.000     uTsu  bladerf_core:U_core|rx_ovf_sys_q[54]
            Info (332181): Earliest Path Arrival
                Info (332115): From Node          : bladerf_core:U_core|handshake:U_handshake_rx_overflow|source_holding[26]
                Info (332115): To Node            : bladerf_core:U_core|rx_ovf_sys_q[26]
                Info (332115): Launch Clock       : U_core|U_nios_system|axi_ad9361_0|i_dev_if|i_rx|i_altlvds_rx|auto_generated|pll_sclk~PLL_OUTPUT_COUNTER|divclk
                Info (332115): Latch Clock        : U_core|U_system_pll|altera_pll_i|general[0].gpll~PLL_OUTPUT_COUNTER|divclk
                Info (332115): Data Arrival Time  : 5.720
                Info (332115): Clock Arrival Time : 3.498
                Info (332115): Relative Delay     : 2.222
                Info (332115): Data Arrival Path:
                Info (332115): Total (ns)  Incr (ns)     Type  Element
                Info (332115): ==========  ========= ==  ====  ===================================
                Info (332115):      4.766      4.766  R        clock network delay
                Info (332115):      4.766      0.000     uTco  bladerf_core:U_core|handshake:U_handshake_rx_overflow|source_holding[26]
                Info (332115):      4.766      0.000 FF  CELL  U_core|U_handshake_rx_overflow|source_holding[26]|q
                Info (332115):      5.134      0.368 FF    IC  U_core|rx_ovf_sys_q[26]~feeder|dataa
                Info (332115):      5.637      0.503 FF  CELL  U_core|rx_ovf_sys_q[26]~feeder|combout
                Info (332115):      5.637      0.000 FF    IC  U_core|rx_ovf_sys_q[26]|d
                Info (332115):      5.720      0.083 FF  CELL  bladerf_core:U_core|rx_ovf_sys_q[26]
                Info (332115): Clock Arrival Path:
                Info (332115): Total (ns)  Incr (ns)     Type  Element
                Info (332115): ==========  ========= ==  ====  ===================================
                Info (332115):      3.338      3.338  R        clock network delay
                Info (332115):      3.498      0.160           clock uncertainty
                Info (332115):      3.498      0.000      uTh  bladerf_core:U_core|rx_ovf_sys_q[26]
            Info (332181): Cross Path Clock Pessimism Removed : 2.801
            Info (332181): Required Skew   : 6.400
            Info (332181): Actual Skew     : 2.020
            Info (332181): Slack           : 4.380
        Info (332181): Path #68: Slack is 4.386 
            Info (332181): Latest Path Arrival
                Info (332115): From Node          : bladerf_core:U_core|handshake:U_handshake_rx_overflow|source_holding[44]
                Info (332115): To Node            : bladerf_core:U_core|rx_ovf_sys_q[44]
                Info (332115): Launch Clock       : U_core|U_nios_system|axi_ad9361_0|i_dev_if|i_rx|i_altlvds_rx|auto_generated|pll_sclk~PLL_OUTPUT_COUNTER|divclk
                Info (332115): Latch Clock        : U_core|U_system_pll|altera_pll_i|general[0].gpll~PLL_OUTPUT_COUNTER|divclk
                Info (332115): Data Arrival Time  : 8.694
                Info (332115): Clock Arrival Time : 1.629
                Info (332115): Relative Delay     : 7.065
                Info (332115): Data Arrival Path:
                Info (332115): Total (ns)  Incr (ns)     Type  Element
                Info (332115): ==========  ========= ==  ====  ===================================
                Info (332115):      6.349      6.349  R        clock network delay
                Info (332115):      6.349      0.000     uTco  bladerf_core:U_core|handshake:U_handshake_rx_overflow|source_holding[44]
                Info (332115):      6.349      0.000 FF  CELL  U_core|U_handshake_rx_overflow|source_holding[44]|q
                Info (332115):      7.968      1.619 FF    IC  U_core|rx_ovf_sys_q[44]|asdata
                Info (332115):      8.694      0.726 FF  CELL  bladerf_core:U_core|rx_ovf_sys_q[44]
                Info (332115): Clock Arrival Path:
                Info (332115): Total (ns)  Incr (ns)     Type  Element
                Info (332115): ==========  ========= ==  ====  ===================================
                Info (332115):      1.789      1.789  R        clock network delay
                Info (332115):      1.629     -0.160           clock uncertainty
                Info (332115):      1.629      0.000     uTsu  bladerf_core:U_core|rx_ovf_sys_q[44]
            Info (332181): Earliest Path Arrival
                Info (332115): From Node          : bladerf_core:U_core|handshake:U_handshake_rx_overflow|source_holding[26]
                Info (332115): To Node            : bladerf_core:U_core|rx_ovf_sys_q[26]
                Info (332115): Launch Clock       : U_core|U_nios_system|axi_ad9361_0|i_dev_if|i_rx|i_altlvds_rx|auto_generated|pll_sclk~PLL_OUTPUT_COUNTER|divclk
                Info (332115): Latch Clock        : U_core|U_system_pll|altera_pll_i|general[0].gpll~PLL_OUTPUT_COUNTER|divclk
                Info (332115): Data Arrival Time  : 5.720
                Info (332115): Clock Arrival Time : 3.498
                Info (332115): Relative Delay     : 2.222
                Info (332115): Data Arrival Path:
                Info (332115): Total (ns)  Incr (ns)     Type  Element
                Info (332115): ==========  ========= ==  ====  ===================================
                Info (332115):      4.766      4.766  R        clock network delay
                Info (332115):      4.766      0.000     uTco  bladerf_core:U_core|handshake:U_handshake_rx_overflow|source_holding[26]
                Info (332115):      4.766      0.000 FF  CELL  U_core|U_handshake_rx_overflow|source_holding[26]|q
                Info (332115):      5.134      0.368 FF    IC  U_core|rx_ovf_sys_q[26]~feeder|dataa
                Info (332115):      5.637      0.503 FF  CELL  U_core|rx_ovf_sys_q[26]~feeder|combout
                Info (332115):      5.637      0.000 FF    IC  U_core|rx_ovf_sys_q[26]|d
                Info (332115):      5.720      0.083 FF  CELL  bladerf_core:U_core|rx_ovf_sys_q[26]
                Info (332115): Clock Arrival Path:
                Info (332115): Total (ns)  Incr (ns)     Type  Element
                Info (332115): ==========  ========= ==  ====  ===================================
                Info (332115):      3.338      3.338  R        clock network delay
                Info (332115):      3.498      0.160           clock uncertainty
                Info (332115):      3.498      0.000      uTh  bladerf_core:U_core|rx_ovf_sys_q[26]
            Info (332181): Cross Path Clock Pessimism Removed : 2.829
            Info (332181): Required Skew   : 6.400
            Info (332181): Actual Skew     : 2.014
            Info (332181): Slack           : 4.386
    Info (332181): Skew for the Earliest Arrival
        Info (332181): Path #69: Slack is 4.349 
            Info (332181): Latest Path Arrival
                Info (332115): From Node          : bladerf_core:U_core|handshake:U_handshake_rx_overflow|source_holding[53]
                Info (332115): To Node            : bladerf_core:U_core|rx_ovf_sys_q[53]
                Info (332115): Launch Clock       : U_core|U_nios_system|axi_ad9361_0|i_dev_if|i_rx|i_altlvds_rx|auto_generated|pll_sclk~PLL_OUTPUT_COUNTER|divclk
                Info (332115): Latch Clock        : U_core|U_system_pll|altera_pll_i|general[0].gpll~PLL_OUTPUT_COUNTER|divclk
                Info (332115): Data Arrival Time  : 8.691
                Info (332115): Clock Arrival Time : 1.617
                Info (332115): Relative Delay     : 7.074
                Info (332115): Data Arrival Path:
                Info (332115): Total (ns)  Incr (ns)     Type  Element
                Info (332115): ==========  ========= ==  ====  ===================================
                Info (332115):      6.359      6.359  R        clock network delay
                Info (332115):      6.359      0.000     uTco  bladerf_core:U_core|handshake:U_handshake_rx_overflow|source_holding[53]
                Info (332115):      6.359      0.000 FF  CELL  U_core|U_handshake_rx_overflow|source_holding[53]|q
                Info (332115):      7.962      1.603 FF    IC  U_core|rx_ovf_sys_q[53]|asdata
                Info (332115):      8.691      0.729 FF  CELL  bladerf_core:U_core|rx_ovf_sys_q[53]
                Info (332115): Clock Arrival Path:
                Info (332115): Total (ns)  Incr (ns)     Type  Element
                Info (332115): ==========  ========= ==  ====  ===================================
                Info (332115):      1.777      1.777  R        clock network delay
                Info (332115):      1.617     -0.160           clock uncertainty
                Info (332115):      1.617      0.000     uTsu  bladerf_core:U_core|rx_ovf_sys_q[53]
            Info (332181): Earliest Path Arrival
                Info (332115): From Node          : bladerf_core:U_core|handshake:U_handshake_rx_overflow|source_holding[26]
                Info (332115): To Node            : bladerf_core:U_core|rx_ovf_sys_q[26]
                Info (332115): Launch Clock       : U_core|U_nios_system|axi_ad9361_0|i_dev_if|i_rx|i_altlvds_rx|auto_generated|pll_sclk~PLL_OUTPUT_COUNTER|divclk
                Info (332115): Latch Clock        : U_core|U_system_pll|altera_pll_i|general[0].gpll~PLL_OUTPUT_COUNTER|divclk
                Info (332115): Data Arrival Time  : 5.720
                Info (332115): Clock Arrival Time : 3.498
                Info (332115): Relative Delay     : 2.222
                Info (332115): Data Arrival Path:
                Info (332115): Total (ns)  Incr (ns)     Type  Element
                Info (332115): ==========  ========= ==  ====  ===================================
                Info (332115):      4.766      4.766  R        clock network delay
                Info (332115):      4.766      0.000     uTco  bladerf_core:U_core|handshake:U_handshake_rx_overflow|source_holding[26]
                Info (332115):      4.766      0.000 FF  CELL  U_core|U_handshake_rx_overflow|source_holding[26]|q
                Info (332115):      5.134      0.368 FF    IC  U_core|rx_ovf_sys_q[26]~feeder|dataa
                Info (332115):      5.637      0.503 FF  CELL  U_core|rx_ovf_sys_q[26]~feeder|combout
                Info (332115):      5.637      0.000 FF    IC  U_core|rx_ovf_sys_q[26]|d
                Info (332115):      5.720      0.083 FF  CELL  bladerf_core:U_core|rx_ovf_sys_q[26]
                Info (332115): Clock Arrival Path:
                Info (332115): Total (ns)  Incr (ns)     Type  Element
                Info (332115): ==========  ========= ==  ====  ===================================
                Info (332115):      3.338      3.338  R        clock network delay
                Info (332115):      3.498      0.160           clock uncertainty
                Info (332115):      3.498      0.000      uTh  bladerf_core:U_core|rx_ovf_sys_q[26]
            Info (332181): Cross Path Clock Pessimism Removed : 2.801
            Info (332181): Required Skew   : 6.400
            Info (332181): Actual Skew     : 2.051
            Info (332181): Slack           : 4.349
        Info (332181): Path #70: Slack is 4.351 
            Info (332181): Latest Path Arrival
                Info (332115): From Node          : bladerf_core:U_core|handshake:U_handshake_rx_overflow|source_holding[53]
                Info (332115): To Node            : bladerf_core:U_core|rx_ovf_sys_q[53]
                Info (332115): Launch Clock       : U_core|U_nios_system|axi_ad9361_0|i_dev_if|i_rx|i_altlvds_rx|auto_generated|pll_sclk~PLL_OUTPUT_COUNTER|divclk
                Info (332115): Latch Clock        : U_core|U_system_pll|altera_pll_i|general[0].gpll~PLL_OUTPUT_COUNTER|divclk
                Info (332115): Data Arrival Time  : 8.691
                Info (332115): Clock Arrival Time : 1.617
                Info (332115): Relative Delay     : 7.074
                Info (332115): Data Arrival Path:
                Info (332115): Total (ns)  Incr (ns)     Type  Element
                Info (332115): ==========  ========= ==  ====  ===================================
                Info (332115):      6.359      6.359  R        clock network delay
                Info (332115):      6.359      0.000     uTco  bladerf_core:U_core|handshake:U_handshake_rx_overflow|source_holding[53]
                Info (332115):      6.359      0.000 FF  CELL  U_core|U_handshake_rx_overflow|source_holding[53]|q
                Info (332115):      7.962      1.603 FF    IC  U_core|rx_ovf_sys_q[53]|asdata
                Info (332115):      8.691      0.729 FF  CELL  bladerf_core:U_core|rx_ovf_sys_q[53]
                Info (332115): Clock Arrival Path:
                Info (332115): Total (ns)  Incr (ns)     Type  Element
                Info (332115): ==========  ========= ==  ====  ===================================
                Info (332115):      1.777      1.777  R        clock network delay
                Info (332115):      1.617     -0.160           clock uncertainty
                Info (332115):      1.617      0.000     uTsu  bladerf_core:U_core|rx_ovf_sys_q[53]
            Info (332181): Earliest Path Arrival
                Info (332115): From Node          : bladerf_core:U_core|handshake:U_handshake_rx_overflow|source_holding[52]
                Info (332115): To Node            : bladerf_core:U_core|rx_ovf_sys_q[52]
                Info (332115): Launch Clock       : U_core|U_nios_system|axi_ad9361_0|i_dev_if|i_rx|i_altlvds_rx|auto_generated|pll_sclk~PLL_OUTPUT_COUNTER|divclk
                Info (332115): Latch Clock        : U_core|U_system_pll|altera_pll_i|general[0].gpll~PLL_OUTPUT_COUNTER|divclk
                Info (332115): Data Arrival Time  : 5.712
                Info (332115): Clock Arrival Time : 3.488
                Info (332115): Relative Delay     : 2.224
                Info (332115): Data Arrival Path:
                Info (332115): Total (ns)  Incr (ns)     Type  Element
                Info (332115): ==========  ========= ==  ====  ===================================
                Info (332115):      4.761      4.761  R        clock network delay
                Info (332115):      4.761      0.000     uTco  bladerf_core:U_core|handshake:U_handshake_rx_overflow|source_holding[52]
                Info (332115):      4.761      0.000 FF  CELL  U_core|U_handshake_rx_overflow|source_holding[52]|q
                Info (332115):      5.128      0.367 FF    IC  U_core|rx_ovf_sys_q[52]~feeder|dataa
                Info (332115):      5.631      0.503 FF  CELL  U_core|rx_ovf_sys_q[52]~feeder|combout
                Info (332115):      5.631      0.000 FF    IC  U_core|rx_ovf_sys_q[52]|d
                Info (332115):      5.712      0.081 FF  CELL  bladerf_core:U_core|rx_ovf_sys_q[52]
                Info (332115): Clock Arrival Path:
                Info (332115): Total (ns)  Incr (ns)     Type  Element
                Info (332115): ==========  ========= ==  ====  ===================================
                Info (332115):      3.328      3.328  R        clock network delay
                Info (332115):      3.488      0.160           clock uncertainty
                Info (332115):      3.488      0.000      uTh  bladerf_core:U_core|rx_ovf_sys_q[52]
            Info (332181): Cross Path Clock Pessimism Removed : 2.801
            Info (332181): Required Skew   : 6.400
            Info (332181): Actual Skew     : 2.049
            Info (332181): Slack           : 4.351
        Info (332181): Path #71: Slack is 4.353 
            Info (332181): Latest Path Arrival
                Info (332115): From Node          : bladerf_core:U_core|handshake:U_handshake_rx_overflow|source_holding[53]
                Info (332115): To Node            : bladerf_core:U_core|rx_ovf_sys_q[53]
                Info (332115): Launch Clock       : U_core|U_nios_system|axi_ad9361_0|i_dev_if|i_rx|i_altlvds_rx|auto_generated|pll_sclk~PLL_OUTPUT_COUNTER|divclk
                Info (332115): Latch Clock        : U_core|U_system_pll|altera_pll_i|general[0].gpll~PLL_OUTPUT_COUNTER|divclk
                Info (332115): Data Arrival Time  : 8.691
                Info (332115): Clock Arrival Time : 1.617
                Info (332115): Relative Delay     : 7.074
                Info (332115): Data Arrival Path:
                Info (332115): Total (ns)  Incr (ns)     Type  Element
                Info (332115): ==========  ========= ==  ====  ===================================
                Info (332115):      6.359      6.359  R        clock network delay
                Info (332115):      6.359      0.000     uTco  bladerf_core:U_core|handshake:U_handshake_rx_overflow|source_holding[53]
                Info (332115):      6.359      0.000 FF  CELL  U_core|U_handshake_rx_overflow|source_holding[53]|q
                Info (332115):      7.962      1.603 FF    IC  U_core|rx_ovf_sys_q[53]|asdata
                Info (332115):      8.691      0.729 FF  CELL  bladerf_core:U_core|rx_ovf_sys_q[53]
                Info (332115): Clock Arrival Path:
                Info (332115): Total (ns)  Incr (ns)     Type  Element
                Info (332115): ==========  ========= ==  ====  ===================================
                Info (332115):      1.777      1.777  R        clock network delay
                Info (332115):      1.617     -0.160           clock uncertainty
                Info (332115):      1.617      0.000     uTsu  bladerf_core:U_core|rx_ovf_sys_q[53]
            Info (332181): Earliest Path Arrival
                Info (332115): From Node          : bladerf_core:U_core|handshake:U_handshake_rx_overflow|source_holding[58]
                Info (332115): To Node            : bladerf_core:U_core|rx_ovf_sys_q[58]
                Info (332115): Launch Clock       : U_core|U_nios_system|axi_ad9361_0|i_dev_if|i_rx|i_altlvds_rx|auto_generated|pll_sclk~PLL_OUTPUT_COUNTER|divclk
                Info (332115): Latch Clock        : U_core|U_system_pll|altera_pll_i|general[0].gpll~PLL_OUTPUT_COUNTER|divclk
                Info (332115): Data Arrival Time  : 5.702
                Info (332115): Clock Arrival Time : 3.476
                Info (332115): Relative Delay     : 2.226
                Info (332115): Data Arrival Path:
                Info (332115): Total (ns)  Incr (ns)     Type  Element
                Info (332115): ==========  ========= ==  ====  ===================================
                Info (332115):      4.761      4.761  R        clock network delay
                Info (332115):      4.761      0.000     uTco  bladerf_core:U_core|handshake:U_handshake_rx_overflow|source_holding[58]
                Info (332115):      4.761      0.000 FF  CELL  U_core|U_handshake_rx_overflow|source_holding[58]|q
                Info (332115):      5.315      0.554 FF    IC  U_core|rx_ovf_sys_q[58]|asdata
                Info (332115):      5.702      0.387 FF  CELL  bladerf_core:U_core|rx_ovf_sys_q[58]
                Info (332115): Clock Arrival Path:
                Info (332115): Total (ns)  Incr (ns)     Type  Element
                Info (332115): ==========  ========= ==  ====  ===================================
                Info (332115):      3.316      3.316  R        clock network delay
                Info (332115):      3.476      0.160           clock uncertainty
                Info (332115):      3.476      0.000      uTh  bladerf_core:U_core|rx_ovf_sys_q[58]
            Info (332181): Cross Path Clock Pessimism Removed : 2.801
            Info (332181): Required Skew   : 6.400
            Info (332181): Actual Skew     : 2.047
            Info (332181): Slack           : 4.353
        Info (332181): Path #72: Slack is 4.373 
            Info (332181): Latest Path Arrival
                Info (332115): From Node          : bladerf_core:U_core|handshake:U_handshake_rx_overflow|source_holding[53]
                Info (332115): To Node            : bladerf_core:U_core|rx_ovf_sys_q[53]
                Info (332115): Launch Clock       : U_core|U_nios_system|axi_ad9361_0|i_dev_if|i_rx|i_altlvds_rx|auto_generated|pll_sclk~PLL_OUTPUT_COUNTER|divclk
                Info (332115): Latch Clock        : U_core|U_system_pll|altera_pll_i|general[0].gpll~PLL_OUTPUT_COUNTER|divclk
                Info (332115): Data Arrival Time  : 8.691
                Info (332115): Clock Arrival Time : 1.617
                Info (332115): Relative Delay     : 7.074
                Info (332115): Data Arrival Path:
                Info (332115): Total (ns)  Incr (ns)     Type  Element
                Info (332115): ==========  ========= ==  ====  ===================================
                Info (332115):      6.359      6.359  R        clock network delay
                Info (332115):      6.359      0.000     uTco  bladerf_core:U_core|handshake:U_handshake_rx_overflow|source_holding[53]
                Info (332115):      6.359      0.000 FF  CELL  U_core|U_handshake_rx_overflow|source_holding[53]|q
                Info (332115):      7.962      1.603 FF    IC  U_core|rx_ovf_sys_q[53]|asdata
                Info (332115):      8.691      0.729 FF  CELL  bladerf_core:U_core|rx_ovf_sys_q[53]
                Info (332115): Clock Arrival Path:
                Info (332115): Total (ns)  Incr (ns)     Type  Element
                Info (332115): ==========  ========= ==  ====  ===================================
                Info (332115):      1.777      1.777  R        clock network delay
                Info (332115):      1.617     -0.160           clock uncertainty
                Info (332115):      1.617      0.000     uTsu  bladerf_core:U_core|rx_ovf_sys_q[53]
            Info (332181): Earliest Path Arrival
                Info (332115): From Node          : bladerf_core:U_core|handshake:U_handshake_rx_overflow|source_holding[2]
                Info (332115): To Node            : bladerf_core:U_core|rx_ovf_sys_q[2]
                Info (332115): Launch Clock       : U_core|U_nios_system|axi_ad9361_0|i_dev_if|i_rx|i_altlvds_rx|auto_generated|pll_sclk~PLL_OUTPUT_COUNTER|divclk
                Info (332115): Latch Clock        : U_core|U_system_pll|altera_pll_i|general[0].gpll~PLL_OUTPUT_COUNTER|divclk
                Info (332115): Data Arrival Time  : 5.735
                Info (332115): Clock Arrival Time : 3.489
                Info (332115): Relative Delay     : 2.246
                Info (332115): Data Arrival Path:
                Info (332115): Total (ns)  Incr (ns)     Type  Element
                Info (332115): ==========  ========= ==  ====  ===================================
                Info (332115):      4.761      4.761  R        clock network delay
                Info (332115):      4.761      0.000     uTco  bladerf_core:U_core|handshake:U_handshake_rx_overflow|source_holding[2]
                Info (332115):      4.761      0.000 FF  CELL  U_core|U_handshake_rx_overflow|source_holding[2]|q
                Info (332115):      5.131      0.370 FF    IC  U_core|rx_ovf_sys_q[2]~feeder|datab
                Info (332115):      5.651      0.520 FF  CELL  U_core|rx_ovf_sys_q[2]~feeder|combout
                Info (332115):      5.651      0.000 FF    IC  U_core|rx_ovf_sys_q[2]|d
                Info (332115):      5.735      0.084 FF  CELL  bladerf_core:U_core|rx_ovf_sys_q[2]
                Info (332115): Clock Arrival Path:
                Info (332115): Total (ns)  Incr (ns)     Type  Element
                Info (332115): ==========  ========= ==  ====  ===================================
                Info (332115):      3.329      3.329  R        clock network delay
                Info (332115):      3.489      0.160           clock uncertainty
                Info (332115):      3.489      0.000      uTh  bladerf_core:U_core|rx_ovf_sys_q[2]
            Info (332181): Cross Path Clock Pessimism Removed : 2.801
            Info (332181): Required Skew   : 6.400
            Info (332181): Actual Skew     : 2.027
            Info (332181): Slack           : 4.373
Info (332115): Worst-case slack is 4.390 for "set_max_skew -from [get_keepers {*U_handshake_tx_underflow|source_holding[*]}] -to [get_keepers {*bladerf_core:*|tx_unf_sys_q[*]}] 6.400 "
    Info (332181): Skew for the Latest Arrival
        Info (332181): Path #73: Slack is 4.390 
            Info (332181): Latest Path Arrival
                Info (332115): From Node          : bladerf_core:U_core|handshake:U_handshake_tx_underflow|source_holding[48]
                Info (332115): To Node            : bladerf_core:U_core|tx_unf_sys_q[48]
                Info (332115): Launch Clock       : U_core|U_nios_system|axi_ad9361_0|i_dev_if|i_rx|i_altlvds_rx|auto_generated|pll_sclk~PLL_OUTPUT_COUNTER|divclk
                Info (332115): Latch Clock        : U_core|U_system_pll|altera_pll_i|general[0].gpll~PLL_OUTPUT_COUNTER|divclk
                Info (332115): Data Arrival Time  : 8.701
                Info (332115): Clock Arrival Time : 1.640
                Info (332115): Relative Delay     : 7.061
                Info (332115): Data Arrival Path:
                Info (332115): Total (ns)  Incr (ns)     Type  Element
                Info (332115): ==========  ========= ==  ====  ===================================
                Info (332115):      6.353      6.353  R        clock network delay
                Info (332115):      6.353      0.000     uTco  bladerf_core:U_core|handshake:U_handshake_tx_underflow|source_holding[48]
                Info (332115):      6.353      0.000 FF  CELL  U_core|U_handshake_tx_underflow|source_holding[48]|q
                Info (332115):      7.972      1.619 FF    IC  U_core|tx_unf_sys_q[48]|asdata
                Info (332115):      8.701      0.729 FF  CELL  bladerf_core:U_core|tx_unf_sys_q[48]
                Info (332115): Clock Arrival Path:
                Info (332115): Total (ns)  Incr (ns)     Type  Element
                Info (332115): ==========  ========= ==  ====  ===================================
                Info (332115):      1.800      1.800  R        clock network delay
                Info (332115):      1.640     -0.160           clock uncertainty
                Info (332115):      1.640      0.000     uTsu  bladerf_core:U_core|tx_unf_sys_q[48]
            Info (332181): Earliest Path Arrival
                Info (332115): From Node          : bladerf_core:U_core|handshake:U_handshake_tx_underflow|source_holding[10]
                Info (332115): To Node            : bladerf_core:U_core|tx_unf_sys_q[10]
                Info (332115): Launch Clock       : U_core|U_nios_system|axi_ad9361_0|i_dev_if|i_rx|i_altlvds_rx|auto_generated|pll_sclk~PLL_OUTPUT_COUNTER|divclk
                Info (332115): Latch Clock        : U_core|U_system_pll|altera_pll_i|general[0].gpll~PLL_OUTPUT_COUNTER|divclk
                Info (332115): Data Arrival Time  : 5.724
                Info (332115): Clock Arrival Time : 3.502
                Info (332115): Relative Delay     : 2.222
                Info (332115): Data Arrival Path:
                Info (332115): Total (ns)  Incr (ns)     Type  Element
                Info (332115): ==========  ========= ==  ====  ===================================
                Info (332115):      4.773      4.773  R        clock network delay
                Info (332115):      4.773      0.000     uTco  bladerf_core:U_core|handshake:U_handshake_tx_underflow|source_holding[10]
                Info (332115):      4.773      0.000 FF  CELL  U_core|U_handshake_tx_underflow|source_holding[10]|q
                Info (332115):      5.138      0.365 FF    IC  U_core|tx_unf_sys_q[10]~feeder|dataa
                Info (332115):      5.641      0.503 FF  CELL  U_core|tx_unf_sys_q[10]~feeder|combout
                Info (332115):      5.641      0.000 FF    IC  U_core|tx_unf_sys_q[10]|d
                Info (332115):      5.724      0.083 FF  CELL  bladerf_core:U_core|tx_unf_sys_q[10]
                Info (332115): Clock Arrival Path:
                Info (332115): Total (ns)  Incr (ns)     Type  Element
                Info (332115): ==========  ========= ==  ====  ===================================
                Info (332115):      3.342      3.342  R        clock network delay
                Info (332115):      3.502      0.160           clock uncertainty
                Info (332115):      3.502      0.000      uTh  bladerf_core:U_core|tx_unf_sys_q[10]
            Info (332181): Cross Path Clock Pessimism Removed : 2.829
            Info (332181): Required Skew   : 6.400
            Info (332181): Actual Skew     : 2.010
            Info (332181): Slack           : 4.390
        Info (332181): Path #74: Slack is 4.461 
            Info (332181): Latest Path Arrival
                Info (332115): From Node          : bladerf_core:U_core|handshake:U_handshake_tx_underflow|source_holding[18]
                Info (332115): To Node            : bladerf_core:U_core|tx_unf_sys_q[18]
                Info (332115): Launch Clock       : U_core|U_nios_system|axi_ad9361_0|i_dev_if|i_rx|i_altlvds_rx|auto_generated|pll_sclk~PLL_OUTPUT_COUNTER|divclk
                Info (332115): Latch Clock        : U_core|U_system_pll|altera_pll_i|general[0].gpll~PLL_OUTPUT_COUNTER|divclk
                Info (332115): Data Arrival Time  : 8.623
                Info (332115): Clock Arrival Time : 1.633
                Info (332115): Relative Delay     : 6.990
                Info (332115): Data Arrival Path:
                Info (332115): Total (ns)  Incr (ns)     Type  Element
                Info (332115): ==========  ========= ==  ====  ===================================
                Info (332115):      6.355      6.355  R        clock network delay
                Info (332115):      6.355      0.000     uTco  bladerf_core:U_core|handshake:U_handshake_tx_underflow|source_holding[18]
                Info (332115):      6.355      0.000 FF  CELL  U_core|U_handshake_tx_underflow|source_holding[18]|q
                Info (332115):      8.230      1.875 FF    IC  U_core|tx_unf_sys_q[18]~feeder|dataf
                Info (332115):      8.316      0.086 FF  CELL  U_core|tx_unf_sys_q[18]~feeder|combout
                Info (332115):      8.316      0.000 FF    IC  U_core|tx_unf_sys_q[18]|d
                Info (332115):      8.623      0.307 FF  CELL  bladerf_core:U_core|tx_unf_sys_q[18]
                Info (332115): Clock Arrival Path:
                Info (332115): Total (ns)  Incr (ns)     Type  Element
                Info (332115): ==========  ========= ==  ====  ===================================
                Info (332115):      1.793      1.793  R        clock network delay
                Info (332115):      1.633     -0.160           clock uncertainty
                Info (332115):      1.633      0.000     uTsu  bladerf_core:U_core|tx_unf_sys_q[18]
            Info (332181): Earliest Path Arrival
                Info (332115): From Node          : bladerf_core:U_core|handshake:U_handshake_tx_underflow|source_holding[10]
                Info (332115): To Node            : bladerf_core:U_core|tx_unf_sys_q[10]
                Info (332115): Launch Clock       : U_core|U_nios_system|axi_ad9361_0|i_dev_if|i_rx|i_altlvds_rx|auto_generated|pll_sclk~PLL_OUTPUT_COUNTER|divclk
                Info (332115): Latch Clock        : U_core|U_system_pll|altera_pll_i|general[0].gpll~PLL_OUTPUT_COUNTER|divclk
                Info (332115): Data Arrival Time  : 5.724
                Info (332115): Clock Arrival Time : 3.502
                Info (332115): Relative Delay     : 2.222
                Info (332115): Data Arrival Path:
                Info (332115): Total (ns)  Incr (ns)     Type  Element
                Info (332115): ==========  ========= ==  ====  ===================================
                Info (332115):      4.773      4.773  R        clock network delay
                Info (332115):      4.773      0.000     uTco  bladerf_core:U_core|handshake:U_handshake_tx_underflow|source_holding[10]
                Info (332115):      4.773      0.000 FF  CELL  U_core|U_handshake_tx_underflow|source_holding[10]|q
                Info (332115):      5.138      0.365 FF    IC  U_core|tx_unf_sys_q[10]~feeder|dataa
                Info (332115):      5.641      0.503 FF  CELL  U_core|tx_unf_sys_q[10]~feeder|combout
                Info (332115):      5.641      0.000 FF    IC  U_core|tx_unf_sys_q[10]|d
                Info (332115):      5.724      0.083 FF  CELL  bladerf_core:U_core|tx_unf_sys_q[10]
                Info (332115): Clock Arrival Path:
                Info (332115): Total (ns)  Incr (ns)     Type  Element
                Info (332115): ==========  ========= ==  ====  ===================================
                Info (332115):      3.342      3.342  R        clock network delay
                Info (332115):      3.502      0.160           clock uncertainty
                Info (332115):      3.502      0.000      uTh  bladerf_core:U_core|tx_unf_sys_q[10]
            Info (332181): Cross Path Clock Pessimism Removed : 2.829
            Info (332181): Required Skew   : 6.400
            Info (332181): Actual Skew     : 1.939
            Info (332181): Slack           : 4.461
        Info (332181): Path #75: Slack is 4.465 
            Info (332181): Latest Path Arrival
                Info (332115): From Node          : bladerf_core:U_core|handshake:U_handshake_tx_underflow|source_holding[35]
                Info (332115): To Node            : bladerf_core:U_core|tx_unf_sys_q[35]
                Info (332115): Launch Clock       : U_core|U_nios_system|axi_ad9361_0|i_dev_if|i_rx|i_altlvds_rx|auto_generated|pll_sclk~PLL_OUTPUT_COUNTER|divclk
                Info (332115): Latch Clock        : U_core|U_system_pll|altera_pll_i|general[0].gpll~PLL_OUTPUT_COUNTER|divclk
                Info (332115): Data Arrival Time  : 8.627
                Info (332115): Clock Arrival Time : 1.641
                Info (332115): Relative Delay     : 6.986
                Info (332115): Data Arrival Path:
                Info (332115): Total (ns)  Incr (ns)     Type  Element
                Info (332115): ==========  ========= ==  ====  ===================================
                Info (332115):      6.357      6.357  R        clock network delay
                Info (332115):      6.357      0.000     uTco  bladerf_core:U_core|handshake:U_handshake_tx_underflow|source_holding[35]
                Info (332115):      6.357      0.000 FF  CELL  U_core|U_handshake_tx_underflow|source_holding[35]|q
                Info (332115):      7.769      1.412 FF    IC  U_core|tx_unf_sys_q[35]~feeder|datac
                Info (332115):      8.321      0.552 FF  CELL  U_core|tx_unf_sys_q[35]~feeder|combout
                Info (332115):      8.321      0.000 FF    IC  U_core|tx_unf_sys_q[35]|d
                Info (332115):      8.627      0.306 FF  CELL  bladerf_core:U_core|tx_unf_sys_q[35]
                Info (332115): Clock Arrival Path:
                Info (332115): Total (ns)  Incr (ns)     Type  Element
                Info (332115): ==========  ========= ==  ====  ===================================
                Info (332115):      1.801      1.801  R        clock network delay
                Info (332115):      1.641     -0.160           clock uncertainty
                Info (332115):      1.641      0.000     uTsu  bladerf_core:U_core|tx_unf_sys_q[35]
            Info (332181): Earliest Path Arrival
                Info (332115): From Node          : bladerf_core:U_core|handshake:U_handshake_tx_underflow|source_holding[10]
                Info (332115): To Node            : bladerf_core:U_core|tx_unf_sys_q[10]
                Info (332115): Launch Clock       : U_core|U_nios_system|axi_ad9361_0|i_dev_if|i_rx|i_altlvds_rx|auto_generated|pll_sclk~PLL_OUTPUT_COUNTER|divclk
                Info (332115): Latch Clock        : U_core|U_system_pll|altera_pll_i|general[0].gpll~PLL_OUTPUT_COUNTER|divclk
                Info (332115): Data Arrival Time  : 5.724
                Info (332115): Clock Arrival Time : 3.502
                Info (332115): Relative Delay     : 2.222
                Info (332115): Data Arrival Path:
                Info (332115): Total (ns)  Incr (ns)     Type  Element
                Info (332115): ==========  ========= ==  ====  ===================================
                Info (332115):      4.773      4.773  R        clock network delay
                Info (332115):      4.773      0.000     uTco  bladerf_core:U_core|handshake:U_handshake_tx_underflow|source_holding[10]
                Info (332115):      4.773      0.000 FF  CELL  U_core|U_handshake_tx_underflow|source_holding[10]|q
                Info (332115):      5.138      0.365 FF    IC  U_core|tx_unf_sys_q[10]~feeder|dataa
                Info (332115):      5.641      0.503 FF  CELL  U_core|tx_unf_sys_q[10]~feeder|combout
                Info (332115):      5.641      0.000 FF    IC  U_core|tx_unf_sys_q[10]|d
                Info (332115):      5.724      0.083 FF  CELL  bladerf_core:U_core|tx_unf_sys_q[10]
                Info (332115): Clock Arrival Path:
                Info (332115): Total (ns)  Incr (ns)     Type  Element
                Info (332115): ==========  ========= ==  ====  ===================================
                Info (332115):      3.342      3.342  R        clock network delay
                Info (332115):      3.502      0.160           clock uncertainty
                Info (332115):      3.502      0.000      uTh  bladerf_core:U_core|tx_unf_sys_q[10]
            Info (332181): Cross Path Clock Pessimism Removed : 2.829
            Info (332181): Required Skew   : 6.400
            Info (332181): Actual Skew     : 1.935
            Info (332181): Slack           : 4.465
        Info (332181): Path #76: Slack is 4.470 
            Info (332181): Latest Path Arrival
                Info (332115): From Node          : bladerf_core:U_core|handshake:U_handshake_tx_underflow|source_holding[17]
                Info (332115): To Node            : bladerf_core:U_core|tx_unf_sys_q[17]
                Info (332115): Launch Clock       : U_core|U_nios_system|axi_ad9361_0|i_dev_if|i_rx|i_altlvds_rx|auto_generated|pll_sclk~PLL_OUTPUT_COUNTER|divclk
                Info (332115): Latch Clock        : U_core|U_system_pll|altera_pll_i|general[0].gpll~PLL_OUTPUT_COUNTER|divclk
                Info (332115): Data Arrival Time  : 8.615
                Info (332115): Clock Arrival Time : 1.634
                Info (332115): Relative Delay     : 6.981
                Info (332115): Data Arrival Path:
                Info (332115): Total (ns)  Incr (ns)     Type  Element
                Info (332115): ==========  ========= ==  ====  ===================================
                Info (332115):      6.347      6.347  R        clock network delay
                Info (332115):      6.347      0.000     uTco  bladerf_core:U_core|handshake:U_handshake_tx_underflow|source_holding[17]
                Info (332115):      6.347      0.000 FF  CELL  U_core|U_handshake_tx_underflow|source_holding[17]|q
                Info (332115):      8.222      1.875 FF    IC  U_core|tx_unf_sys_q[17]~feeder|dataf
                Info (332115):      8.308      0.086 FF  CELL  U_core|tx_unf_sys_q[17]~feeder|combout
                Info (332115):      8.308      0.000 FF    IC  U_core|tx_unf_sys_q[17]|d
                Info (332115):      8.615      0.307 FF  CELL  bladerf_core:U_core|tx_unf_sys_q[17]
                Info (332115): Clock Arrival Path:
                Info (332115): Total (ns)  Incr (ns)     Type  Element
                Info (332115): ==========  ========= ==  ====  ===================================
                Info (332115):      1.794      1.794  R        clock network delay
                Info (332115):      1.634     -0.160           clock uncertainty
                Info (332115):      1.634      0.000     uTsu  bladerf_core:U_core|tx_unf_sys_q[17]
            Info (332181): Earliest Path Arrival
                Info (332115): From Node          : bladerf_core:U_core|handshake:U_handshake_tx_underflow|source_holding[10]
                Info (332115): To Node            : bladerf_core:U_core|tx_unf_sys_q[10]
                Info (332115): Launch Clock       : U_core|U_nios_system|axi_ad9361_0|i_dev_if|i_rx|i_altlvds_rx|auto_generated|pll_sclk~PLL_OUTPUT_COUNTER|divclk
                Info (332115): Latch Clock        : U_core|U_system_pll|altera_pll_i|general[0].gpll~PLL_OUTPUT_COUNTER|divclk
                Info (332115): Data Arrival Time  : 5.724
                Info (332115): Clock Arrival Time : 3.502
                Info (332115): Relative Delay     : 2.222
                Info (332115): Data Arrival Path:
                Info (332115): Total (ns)  Incr (ns)     Type  Element
                Info (332115): ==========  ========= ==  ====  ===================================
                Info (332115):      4.773      4.773  R        clock network delay
                Info (332115):      4.773      0.000     uTco  bladerf_core:U_core|handshake:U_handshake_tx_underflow|source_holding[10]
                Info (332115):      4.773      0.000 FF  CELL  U_core|U_handshake_tx_underflow|source_holding[10]|q
                Info (332115):      5.138      0.365 FF    IC  U_core|tx_unf_sys_q[10]~feeder|dataa
                Info (332115):      5.641      0.503 FF  CELL  U_core|tx_unf_sys_q[10]~feeder|combout
                Info (332115):      5.641      0.000 FF    IC  U_core|tx_unf_sys_q[10]|d
                Info (332115):      5.724      0.083 FF  CELL  bladerf_core:U_core|tx_unf_sys_q[10]
                Info (332115): Clock Arrival Path:
                Info (332115): Total (ns)  Incr (ns)     Type  Element
                Info (332115): ==========  ========= ==  ====  ===================================
                Info (332115):      3.342      3.342  R        clock network delay
                Info (332115):      3.502      0.160           clock uncertainty
                Info (332115):      3.502      0.000      uTh  bladerf_core:U_core|tx_unf_sys_q[10]
            Info (332181): Cross Path Clock Pessimism Removed : 2.829
            Info (332181): Required Skew   : 6.400
            Info (332181): Actual Skew     : 1.930
            Info (332181): Slack           : 4.470
    Info (332181): Skew for the Earliest Arrival
        Info (332181): Path #77: Slack is 4.390 
            Info (332181): Latest Path Arrival
                Info (332115): From Node          : bladerf_core:U_core|handshake:U_handshake_tx_underflow|source_holding[48]
                Info (332115): To Node            : bladerf_core:U_core|tx_unf_sys_q[48]
                Info (332115): Launch Clock       : U_core|U_nios_system|axi_ad9361_0|i_dev_if|i_rx|i_altlvds_rx|auto_generated|pll_sclk~PLL_OUTPUT_COUNTER|divclk
                Info (332115): Latch Clock        : U_core|U_system_pll|altera_pll_i|general[0].gpll~PLL_OUTPUT_COUNTER|divclk
                Info (332115): Data Arrival Time  : 8.701
                Info (332115): Clock Arrival Time : 1.640
                Info (332115): Relative Delay     : 7.061
                Info (332115): Data Arrival Path:
                Info (332115): Total (ns)  Incr (ns)     Type  Element
                Info (332115): ==========  ========= ==  ====  ===================================
                Info (332115):      6.353      6.353  R        clock network delay
                Info (332115):      6.353      0.000     uTco  bladerf_core:U_core|handshake:U_handshake_tx_underflow|source_holding[48]
                Info (332115):      6.353      0.000 FF  CELL  U_core|U_handshake_tx_underflow|source_holding[48]|q
                Info (332115):      7.972      1.619 FF    IC  U_core|tx_unf_sys_q[48]|asdata
                Info (332115):      8.701      0.729 FF  CELL  bladerf_core:U_core|tx_unf_sys_q[48]
                Info (332115): Clock Arrival Path:
                Info (332115): Total (ns)  Incr (ns)     Type  Element
                Info (332115): ==========  ========= ==  ====  ===================================
                Info (332115):      1.800      1.800  R        clock network delay
                Info (332115):      1.640     -0.160           clock uncertainty
                Info (332115):      1.640      0.000     uTsu  bladerf_core:U_core|tx_unf_sys_q[48]
            Info (332181): Earliest Path Arrival
                Info (332115): From Node          : bladerf_core:U_core|handshake:U_handshake_tx_underflow|source_holding[10]
                Info (332115): To Node            : bladerf_core:U_core|tx_unf_sys_q[10]
                Info (332115): Launch Clock       : U_core|U_nios_system|axi_ad9361_0|i_dev_if|i_rx|i_altlvds_rx|auto_generated|pll_sclk~PLL_OUTPUT_COUNTER|divclk
                Info (332115): Latch Clock        : U_core|U_system_pll|altera_pll_i|general[0].gpll~PLL_OUTPUT_COUNTER|divclk
                Info (332115): Data Arrival Time  : 5.724
                Info (332115): Clock Arrival Time : 3.502
                Info (332115): Relative Delay     : 2.222
                Info (332115): Data Arrival Path:
                Info (332115): Total (ns)  Incr (ns)     Type  Element
                Info (332115): ==========  ========= ==  ====  ===================================
                Info (332115):      4.773      4.773  R        clock network delay
                Info (332115):      4.773      0.000     uTco  bladerf_core:U_core|handshake:U_handshake_tx_underflow|source_holding[10]
                Info (332115):      4.773      0.000 FF  CELL  U_core|U_handshake_tx_underflow|source_holding[10]|q
                Info (332115):      5.138      0.365 FF    IC  U_core|tx_unf_sys_q[10]~feeder|dataa
                Info (332115):      5.641      0.503 FF  CELL  U_core|tx_unf_sys_q[10]~feeder|combout
                Info (332115):      5.641      0.000 FF    IC  U_core|tx_unf_sys_q[10]|d
                Info (332115):      5.724      0.083 FF  CELL  bladerf_core:U_core|tx_unf_sys_q[10]
                Info (332115): Clock Arrival Path:
                Info (332115): Total (ns)  Incr (ns)     Type  Element
                Info (332115): ==========  ========= ==  ====  ===================================
                Info (332115):      3.342      3.342  R        clock network delay
                Info (332115):      3.502      0.160           clock uncertainty
                Info (332115):      3.502      0.000      uTh  bladerf_core:U_core|tx_unf_sys_q[10]
            Info (332181): Cross Path Clock Pessimism Removed : 2.829
            Info (332181): Required Skew   : 6.400
            Info (332181): Actual Skew     : 2.010
            Info (332181): Slack           : 4.390
        Info (332181): Path #78: Slack is 4.405 
            Info (332181): Latest Path Arrival
                Info (332115): From Node          : bladerf_core:U_core|handshake:U_handshake_tx_underflow|source_holding[48]
                Info (332115): To Node            : bladerf_core:U_core|tx_unf_sys_q[48]
                Info (332115): Launch Clock       : U_core|U_nios_system|axi_ad9361_0|i_dev_if|i_rx|i_altlvds_rx|auto_generated|pll_sclk~PLL_OUTPUT_COUNTER|divclk
                Info (332115): Latch Clock        : U_core|U_system_pll|altera_pll_i|general[0].gpll~PLL_OUTPUT_COUNTER|divclk
                Info (332115): Data Arrival Time  : 8.701
                Info (332115): Clock Arrival Time : 1.640
                Info (332115): Relative Delay     : 7.061
                Info (332115): Data Arrival Path:
                Info (332115): Total (ns)  Incr (ns)     Type  Element
                Info (332115): ==========  ========= ==  ====  ===================================
                Info (332115):      6.353      6.353  R        clock network delay
                Info (332115):      6.353      0.000     uTco  bladerf_core:U_core|handshake:U_handshake_tx_underflow|source_holding[48]
                Info (332115):      6.353      0.000 FF  CELL  U_core|U_handshake_tx_underflow|source_holding[48]|q
                Info (332115):      7.972      1.619 FF    IC  U_core|tx_unf_sys_q[48]|asdata
                Info (332115):      8.701      0.729 FF  CELL  bladerf_core:U_core|tx_unf_sys_q[48]
                Info (332115): Clock Arrival Path:
                Info (332115): Total (ns)  Incr (ns)     Type  Element
                Info (332115): ==========  ========= ==  ====  ===================================
                Info (332115):      1.800      1.800  R        clock network delay
                Info (332115):      1.640     -0.160           clock uncertainty
                Info (332115):      1.640      0.000     uTsu  bladerf_core:U_core|tx_unf_sys_q[48]
            Info (332181): Earliest Path Arrival
                Info (332115): From Node          : bladerf_core:U_core|handshake:U_handshake_tx_underflow|source_holding[7]
                Info (332115): To Node            : bladerf_core:U_core|tx_unf_sys_q[7]
                Info (332115): Launch Clock       : U_core|U_nios_system|axi_ad9361_0|i_dev_if|i_rx|i_altlvds_rx|auto_generated|pll_sclk~PLL_OUTPUT_COUNTER|divclk
                Info (332115): Latch Clock        : U_core|U_system_pll|altera_pll_i|general[0].gpll~PLL_OUTPUT_COUNTER|divclk
                Info (332115): Data Arrival Time  : 5.737
                Info (332115): Clock Arrival Time : 3.500
                Info (332115): Relative Delay     : 2.237
                Info (332115): Data Arrival Path:
                Info (332115): Total (ns)  Incr (ns)     Type  Element
                Info (332115): ==========  ========= ==  ====  ===================================
                Info (332115):      4.766      4.766  R        clock network delay
                Info (332115):      4.766      0.000     uTco  bladerf_core:U_core|handshake:U_handshake_tx_underflow|source_holding[7]
                Info (332115):      4.766      0.000 FF  CELL  U_core|U_handshake_tx_underflow|source_holding[7]|q
                Info (332115):      5.303      0.537 FF    IC  U_core|tx_unf_sys_q[7]|asdata
                Info (332115):      5.737      0.434 FF  CELL  bladerf_core:U_core|tx_unf_sys_q[7]
                Info (332115): Clock Arrival Path:
                Info (332115): Total (ns)  Incr (ns)     Type  Element
                Info (332115): ==========  ========= ==  ====  ===================================
                Info (332115):      3.340      3.340  R        clock network delay
                Info (332115):      3.500      0.160           clock uncertainty
                Info (332115):      3.500      0.000      uTh  bladerf_core:U_core|tx_unf_sys_q[7]
            Info (332181): Cross Path Clock Pessimism Removed : 2.829
            Info (332181): Required Skew   : 6.400
            Info (332181): Actual Skew     : 1.995
            Info (332181): Slack           : 4.405
        Info (332181): Path #79: Slack is 4.470 
            Info (332181): Latest Path Arrival
                Info (332115): From Node          : bladerf_core:U_core|handshake:U_handshake_tx_underflow|source_holding[48]
                Info (332115): To Node            : bladerf_core:U_core|tx_unf_sys_q[48]
                Info (332115): Launch Clock       : U_core|U_nios_system|axi_ad9361_0|i_dev_if|i_rx|i_altlvds_rx|auto_generated|pll_sclk~PLL_OUTPUT_COUNTER|divclk
                Info (332115): Latch Clock        : U_core|U_system_pll|altera_pll_i|general[0].gpll~PLL_OUTPUT_COUNTER|divclk
                Info (332115): Data Arrival Time  : 8.701
                Info (332115): Clock Arrival Time : 1.640
                Info (332115): Relative Delay     : 7.061
                Info (332115): Data Arrival Path:
                Info (332115): Total (ns)  Incr (ns)     Type  Element
                Info (332115): ==========  ========= ==  ====  ===================================
                Info (332115):      6.353      6.353  R        clock network delay
                Info (332115):      6.353      0.000     uTco  bladerf_core:U_core|handshake:U_handshake_tx_underflow|source_holding[48]
                Info (332115):      6.353      0.000 FF  CELL  U_core|U_handshake_tx_underflow|source_holding[48]|q
                Info (332115):      7.972      1.619 FF    IC  U_core|tx_unf_sys_q[48]|asdata
                Info (332115):      8.701      0.729 FF  CELL  bladerf_core:U_core|tx_unf_sys_q[48]
                Info (332115): Clock Arrival Path:
                Info (332115): Total (ns)  Incr (ns)     Type  Element
                Info (332115): ==========  ========= ==  ====  ===================================
                Info (332115):      1.800      1.800  R        clock network delay
                Info (332115):      1.640     -0.160           clock uncertainty
                Info (332115):      1.640      0.000     uTsu  bladerf_core:U_core|tx_unf_sys_q[48]
            Info (332181): Earliest Path Arrival
                Info (332115): From Node          : bladerf_core:U_core|handshake:U_handshake_tx_underflow|source_holding[61]
                Info (332115): To Node            : bladerf_core:U_core|tx_unf_sys_q[61]
                Info (332115): Launch Clock       : U_core|U_nios_system|axi_ad9361_0|i_dev_if|i_rx|i_altlvds_rx|auto_generated|pll_sclk~PLL_OUTPUT_COUNTER|divclk
                Info (332115): Latch Clock        : U_core|U_system_pll|altera_pll_i|general[0].gpll~PLL_OUTPUT_COUNTER|divclk
                Info (332115): Data Arrival Time  : 5.804
                Info (332115): Clock Arrival Time : 3.502
                Info (332115): Relative Delay     : 2.302
                Info (332115): Data Arrival Path:
                Info (332115): Total (ns)  Incr (ns)     Type  Element
                Info (332115): ==========  ========= ==  ====  ===================================
                Info (332115):      4.764      4.764  R        clock network delay
                Info (332115):      4.764      0.000     uTco  bladerf_core:U_core|handshake:U_handshake_tx_underflow|source_holding[61]
                Info (332115):      4.764      0.000 FF  CELL  U_core|U_handshake_tx_underflow|source_holding[61]|q
                Info (332115):      5.366      0.602 FF    IC  U_core|tx_unf_sys_q[61]|asdata
                Info (332115):      5.804      0.438 FF  CELL  bladerf_core:U_core|tx_unf_sys_q[61]
                Info (332115): Clock Arrival Path:
                Info (332115): Total (ns)  Incr (ns)     Type  Element
                Info (332115): ==========  ========= ==  ====  ===================================
                Info (332115):      3.342      3.342  R        clock network delay
                Info (332115):      3.502      0.160           clock uncertainty
                Info (332115):      3.502      0.000      uTh  bladerf_core:U_core|tx_unf_sys_q[61]
            Info (332181): Cross Path Clock Pessimism Removed : 2.829
            Info (332181): Required Skew   : 6.400
            Info (332181): Actual Skew     : 1.930
            Info (332181): Slack           : 4.470
        Info (332181): Path #80: Slack is 4.802 
            Info (332181): Latest Path Arrival
                Info (332115): From Node          : bladerf_core:U_core|handshake:U_handshake_tx_underflow|source_holding[48]
                Info (332115): To Node            : bladerf_core:U_core|tx_unf_sys_q[48]
                Info (332115): Launch Clock       : U_core|U_nios_system|axi_ad9361_0|i_dev_if|i_rx|i_altlvds_rx|auto_generated|pll_sclk~PLL_OUTPUT_COUNTER|divclk
                Info (332115): Latch Clock        : U_core|U_system_pll|altera_pll_i|general[0].gpll~PLL_OUTPUT_COUNTER|divclk
                Info (332115): Data Arrival Time  : 8.701
                Info (332115): Clock Arrival Time : 1.640
                Info (332115): Relative Delay     : 7.061
                Info (332115): Data Arrival Path:
                Info (332115): Total (ns)  Incr (ns)     Type  Element
                Info (332115): ==========  ========= ==  ====  ===================================
                Info (332115):      6.353      6.353  R        clock network delay
                Info (332115):      6.353      0.000     uTco  bladerf_core:U_core|handshake:U_handshake_tx_underflow|source_holding[48]
                Info (332115):      6.353      0.000 FF  CELL  U_core|U_handshake_tx_underflow|source_holding[48]|q
                Info (332115):      7.972      1.619 FF    IC  U_core|tx_unf_sys_q[48]|asdata
                Info (332115):      8.701      0.729 FF  CELL  bladerf_core:U_core|tx_unf_sys_q[48]
                Info (332115): Clock Arrival Path:
                Info (332115): Total (ns)  Incr (ns)     Type  Element
                Info (332115): ==========  ========= ==  ====  ===================================
                Info (332115):      1.800      1.800  R        clock network delay
                Info (332115):      1.640     -0.160           clock uncertainty
                Info (332115):      1.640      0.000     uTsu  bladerf_core:U_core|tx_unf_sys_q[48]
            Info (332181): Earliest Path Arrival
                Info (332115): From Node          : bladerf_core:U_core|handshake:U_handshake_tx_underflow|source_holding[5]
                Info (332115): To Node            : bladerf_core:U_core|tx_unf_sys_q[5]
                Info (332115): Launch Clock       : U_core|U_nios_system|axi_ad9361_0|i_dev_if|i_rx|i_altlvds_rx|auto_generated|pll_sclk~PLL_OUTPUT_COUNTER|divclk
                Info (332115): Latch Clock        : U_core|U_system_pll|altera_pll_i|general[0].gpll~PLL_OUTPUT_COUNTER|divclk
                Info (332115): Data Arrival Time  : 6.128
                Info (332115): Clock Arrival Time : 3.494
                Info (332115): Relative Delay     : 2.634
                Info (332115): Data Arrival Path:
                Info (332115): Total (ns)  Incr (ns)     Type  Element
                Info (332115): ==========  ========= ==  ====  ===================================
                Info (332115):      4.771      4.771  R        clock network delay
                Info (332115):      4.771      0.000     uTco  bladerf_core:U_core|handshake:U_handshake_tx_underflow|source_holding[5]
                Info (332115):      4.771      0.000 RR  CELL  U_core|U_handshake_tx_underflow|source_holding[5]|q
                Info (332115):      5.695      0.924 RR    IC  U_core|tx_unf_sys_q[5]|asdata
                Info (332115):      6.128      0.433 RR  CELL  bladerf_core:U_core|tx_unf_sys_q[5]
                Info (332115): Clock Arrival Path:
                Info (332115): Total (ns)  Incr (ns)     Type  Element
                Info (332115): ==========  ========= ==  ====  ===================================
                Info (332115):      3.334      3.334  R        clock network delay
                Info (332115):      3.494      0.160           clock uncertainty
                Info (332115):      3.494      0.000      uTh  bladerf_core:U_core|tx_unf_sys_q[5]
            Info (332181): Cross Path Clock Pessimism Removed : 2.829
            Info (332181): Required Skew   : 6.400
            Info (332181): Actual Skew     : 1.598
            Info (332181): Slack           : 4.802
Info (332115): Worst-case slack is 4.392 for "set_max_skew -from [get_keepers {*U_rx_epoch_ts_lo_handshake|source_holding[*]}] -to [get_keepers {*bladerf_core:*|rx_epoch_ts_lo_sys[*]}] 6.400 "
    Info (332181): Skew for the Latest Arrival
        Info (332181): Path #81: Slack is 4.392 
            Info (332181): Latest Path Arrival
                Info (332115): From Node          : bladerf_core:U_core|handshake:U_rx_epoch_ts_lo_handshake|source_holding[3]
                Info (332115): To Node            : bladerf_core:U_core|rx_epoch_ts_lo_sys[3]
                Info (332115): Launch Clock       : U_core|U_nios_system|axi_ad9361_0|i_dev_if|i_rx|i_altlvds_rx|auto_generated|pll_sclk~PLL_OUTPUT_COUNTER|divclk
                Info (332115): Latch Clock        : U_core|U_system_pll|altera_pll_i|general[0].gpll~PLL_OUTPUT_COUNTER|divclk
                Info (332115): Data Arrival Time  : 8.803
                Info (332115): Clock Arrival Time : 1.630
                Info (332115): Relative Delay     : 7.173
                Info (332115): Data Arrival Path:
                Info (332115): Total (ns)  Incr (ns)     Type  Element
                Info (332115): ==========  ========= ==  ====  ===================================
                Info (332115):      6.336      6.336  R        clock network delay
                Info (332115):      6.336      0.000     uTco  bladerf_core:U_core|handshake:U_rx_epoch_ts_lo_handshake|source_holding[3]
                Info (332115):      6.336      0.000 FF  CELL  U_core|U_rx_epoch_ts_lo_handshake|source_holding[3]|q
                Info (332115):      7.939      1.603 FF    IC  U_core|rx_epoch_ts_lo_sys[3]~feeder|datac
                Info (332115):      8.496      0.557 FF  CELL  U_core|rx_epoch_ts_lo_sys[3]~feeder|combout
                Info (332115):      8.496      0.000 FF    IC  U_core|rx_epoch_ts_lo_sys[3]|d
                Info (332115):      8.803      0.307 FF  CELL  bladerf_core:U_core|rx_epoch_ts_lo_sys[3]
                Info (332115): Clock Arrival Path:
                Info (332115): Total (ns)  Incr (ns)     Type  Element
                Info (332115): ==========  ========= ==  ====  ===================================
                Info (332115):      1.790      1.790  R        clock network delay
                Info (332115):      1.630     -0.160           clock uncertainty
                Info (332115):      1.630      0.000     uTsu  bladerf_core:U_core|rx_epoch_ts_lo_sys[3]
            Info (332181): Earliest Path Arrival
                Info (332115): From Node          : bladerf_core:U_core|handshake:U_rx_epoch_ts_lo_handshake|source_holding[7]
                Info (332115): To Node            : bladerf_core:U_core|rx_epoch_ts_lo_sys[7]
                Info (332115): Launch Clock       : U_core|U_nios_system|axi_ad9361_0|i_dev_if|i_rx|i_altlvds_rx|auto_generated|pll_sclk~PLL_OUTPUT_COUNTER|divclk
                Info (332115): Latch Clock        : U_core|U_system_pll|altera_pll_i|general[0].gpll~PLL_OUTPUT_COUNTER|divclk
                Info (332115): Data Arrival Time  : 5.781
                Info (332115): Clock Arrival Time : 3.496
                Info (332115): Relative Delay     : 2.285
                Info (332115): Data Arrival Path:
                Info (332115): Total (ns)  Incr (ns)     Type  Element
                Info (332115): ==========  ========= ==  ====  ===================================
                Info (332115):      4.742      4.742  R        clock network delay
                Info (332115):      4.742      0.000     uTco  bladerf_core:U_core|handshake:U_rx_epoch_ts_lo_handshake|source_holding[7]
                Info (332115):      4.742      0.000 FF  CELL  U_core|U_rx_epoch_ts_lo_handshake|source_holding[7]|q
                Info (332115):      5.394      0.652 FF    IC  U_core|rx_epoch_ts_lo_sys[7]|asdata
                Info (332115):      5.781      0.387 FF  CELL  bladerf_core:U_core|rx_epoch_ts_lo_sys[7]
                Info (332115): Clock Arrival Path:
                Info (332115): Total (ns)  Incr (ns)     Type  Element
                Info (332115): ==========  ========= ==  ====  ===================================
                Info (332115):      3.336      3.336  R        clock network delay
                Info (332115):      3.496      0.160           clock uncertainty
                Info (332115):      3.496      0.000      uTh  bladerf_core:U_core|rx_epoch_ts_lo_sys[7]
            Info (332181): Cross Path Clock Pessimism Removed : 2.880
            Info (332181): Required Skew   : 6.400
            Info (332181): Actual Skew     : 2.008
            Info (332181): Slack           : 4.392
        Info (332181): Path #82: Slack is 4.633 
            Info (332181): Latest Path Arrival
                Info (332115): From Node          : bladerf_core:U_core|handshake:U_rx_epoch_ts_lo_handshake|source_holding[19]
                Info (332115): To Node            : bladerf_core:U_core|rx_epoch_ts_lo_sys[19]
                Info (332115): Launch Clock       : U_core|U_nios_system|axi_ad9361_0|i_dev_if|i_rx|i_altlvds_rx|auto_generated|pll_sclk~PLL_OUTPUT_COUNTER|divclk
                Info (332115): Latch Clock        : U_core|U_system_pll|altera_pll_i|general[0].gpll~PLL_OUTPUT_COUNTER|divclk
                Info (332115): Data Arrival Time  : 8.544
                Info (332115): Clock Arrival Time : 1.641
                Info (332115): Relative Delay     : 6.903
                Info (332115): Data Arrival Path:
                Info (332115): Total (ns)  Incr (ns)     Type  Element
                Info (332115): ==========  ========= ==  ====  ===================================
                Info (332115):      6.341      6.341  R        clock network delay
                Info (332115):      6.341      0.000     uTco  bladerf_core:U_core|handshake:U_rx_epoch_ts_lo_handshake|source_holding[19]
                Info (332115):      6.341      0.000 FF  CELL  U_core|U_rx_epoch_ts_lo_handshake|source_holding[19]|q
                Info (332115):      8.153      1.812 FF    IC  U_core|rx_epoch_ts_lo_sys[19]~feeder|dataf
                Info (332115):      8.239      0.086 FF  CELL  U_core|rx_epoch_ts_lo_sys[19]~feeder|combout
                Info (332115):      8.239      0.000 FF    IC  U_core|rx_epoch_ts_lo_sys[19]|d
                Info (332115):      8.544      0.305 FF  CELL  bladerf_core:U_core|rx_epoch_ts_lo_sys[19]
                Info (332115): Clock Arrival Path:
                Info (332115): Total (ns)  Incr (ns)     Type  Element
                Info (332115): ==========  ========= ==  ====  ===================================
                Info (332115):      1.801      1.801  R        clock network delay
                Info (332115):      1.641     -0.160           clock uncertainty
                Info (332115):      1.641      0.000     uTsu  bladerf_core:U_core|rx_epoch_ts_lo_sys[19]
            Info (332181): Earliest Path Arrival
                Info (332115): From Node          : bladerf_core:U_core|handshake:U_rx_epoch_ts_lo_handshake|source_holding[7]
                Info (332115): To Node            : bladerf_core:U_core|rx_epoch_ts_lo_sys[7]
                Info (332115): Launch Clock       : U_core|U_nios_system|axi_ad9361_0|i_dev_if|i_rx|i_altlvds_rx|auto_generated|pll_sclk~PLL_OUTPUT_COUNTER|divclk
                Info (332115): Latch Clock        : U_core|U_system_pll|altera_pll_i|general[0].gpll~PLL_OUTPUT_COUNTER|divclk
                Info (332115): Data Arrival Time  : 5.781
                Info (332115): Clock Arrival Time : 3.496
                Info (332115): Relative Delay     : 2.285
                Info (332115): Data Arrival Path:
                Info (332115): Total (ns)  Incr (ns)     Type  Element
                Info (332115): ==========  ========= ==  ====  ===================================
                Info (332115):      4.742      4.742  R        clock network delay
                Info (332115):      4.742      0.000     uTco  bladerf_core:U_core|handshake:U_rx_epoch_ts_lo_handshake|source_holding[7]
                Info (332115):      4.742      0.000 FF  CELL  U_core|U_rx_epoch_ts_lo_handshake|source_holding[7]|q
                Info (332115):      5.394      0.652 FF    IC  U_core|rx_epoch_ts_lo_sys[7]|asdata
                Info (332115):      5.781      0.387 FF  CELL  bladerf_core:U_core|rx_epoch_ts_lo_sys[7]
                Info (332115): Clock Arrival Path:
                Info (332115): Total (ns)  Incr (ns)     Type  Element
                Info (332115): ==========  ========= ==  ====  ===================================
                Info (332115):      3.336      3.336  R        clock network delay
                Info (332115):      3.496      0.160           clock uncertainty
                Info (332115):      3.496      0.000      uTh  bladerf_core:U_core|rx_epoch_ts_lo_sys[7]
            Info (332181): Cross Path Clock Pessimism Removed : 2.851
            Info (332181): Required Skew   : 6.400
            Info (332181): Actual Skew     : 1.767
            Info (332181): Slack           : 4.633
        Info (332181): Path #83: Slack is 4.657 
            Info (332181): Latest Path Arrival
                Info (332115): From Node          : bladerf_core:U_core|handshake:U_rx_epoch_ts_lo_handshake|source_holding[9]
                Info (332115): To Node            : bladerf_core:U_core|rx_epoch_ts_lo_sys[9]
                Info (332115): Launch Clock       : U_core|U_nios_system|axi_ad9361_0|i_dev_if|i_rx|i_altlvds_rx|auto_generated|pll_sclk~PLL_OUTPUT_COUNTER|divclk
                Info (332115): Latch Clock        : U_core|U_system_pll|altera_pll_i|general[0].gpll~PLL_OUTPUT_COUNTER|divclk
                Info (332115): Data Arrival Time  : 8.518
                Info (332115): Clock Arrival Time : 1.639
                Info (332115): Relative Delay     : 6.879
                Info (332115): Data Arrival Path:
                Info (332115): Total (ns)  Incr (ns)     Type  Element
                Info (332115): ==========  ========= ==  ====  ===================================
                Info (332115):      6.349      6.349  R        clock network delay
                Info (332115):      6.349      0.000     uTco  bladerf_core:U_core|handshake:U_rx_epoch_ts_lo_handshake|source_holding[9]
                Info (332115):      6.349      0.000 FF  CELL  U_core|U_rx_epoch_ts_lo_handshake|source_holding[9]|q
                Info (332115):      8.125      1.776 FF    IC  U_core|rx_epoch_ts_lo_sys[9]~feeder|dataf
                Info (332115):      8.211      0.086 FF  CELL  U_core|rx_epoch_ts_lo_sys[9]~feeder|combout
                Info (332115):      8.211      0.000 FF    IC  U_core|rx_epoch_ts_lo_sys[9]|d
                Info (332115):      8.518      0.307 FF  CELL  bladerf_core:U_core|rx_epoch_ts_lo_sys[9]
                Info (332115): Clock Arrival Path:
                Info (332115): Total (ns)  Incr (ns)     Type  Element
                Info (332115): ==========  ========= ==  ====  ===================================
                Info (332115):      1.799      1.799  R        clock network delay
                Info (332115):      1.639     -0.160           clock uncertainty
                Info (332115):      1.639      0.000     uTsu  bladerf_core:U_core|rx_epoch_ts_lo_sys[9]
            Info (332181): Earliest Path Arrival
                Info (332115): From Node          : bladerf_core:U_core|handshake:U_rx_epoch_ts_lo_handshake|source_holding[7]
                Info (332115): To Node            : bladerf_core:U_core|rx_epoch_ts_lo_sys[7]
                Info (332115): Launch Clock       : U_core|U_nios_system|axi_ad9361_0|i_dev_if|i_rx|i_altlvds_rx|auto_generated|pll_sclk~PLL_OUTPUT_COUNTER|divclk
                Info (332115): Latch Clock        : U_core|U_system_pll|altera_pll_i|general[0].gpll~PLL_OUTPUT_COUNTER|divclk
                Info (332115): Data Arrival Time  : 5.781
                Info (332115): Clock Arrival Time : 3.496
                Info (332115): Relative Delay     : 2.285
                Info (332115): Data Arrival Path:
                Info (332115): Total (ns)  Incr (ns)     Type  Element
                Info (332115): ==========  ========= ==  ====  ===================================
                Info (332115):      4.742      4.742  R        clock network delay
                Info (332115):      4.742      0.000     uTco  bladerf_core:U_core|handshake:U_rx_epoch_ts_lo_handshake|source_holding[7]
                Info (332115):      4.742      0.000 FF  CELL  U_core|U_rx_epoch_ts_lo_handshake|source_holding[7]|q
                Info (332115):      5.394      0.652 FF    IC  U_core|rx_epoch_ts_lo_sys[7]|asdata
                Info (332115):      5.781      0.387 FF  CELL  bladerf_core:U_core|rx_epoch_ts_lo_sys[7]
                Info (332115): Clock Arrival Path:
                Info (332115): Total (ns)  Incr (ns)     Type  Element
                Info (332115): ==========  ========= ==  ====  ===================================
                Info (332115):      3.336      3.336  R        clock network delay
                Info (332115):      3.496      0.160           clock uncertainty
                Info (332115):      3.496      0.000      uTh  bladerf_core:U_core|rx_epoch_ts_lo_sys[7]
            Info (332181): Cross Path Clock Pessimism Removed : 2.851
            Info (332181): Required Skew   : 6.400
            Info (332181): Actual Skew     : 1.743
            Info (332181): Slack           : 4.657
        Info (332181): Path #84: Slack is 4.765 
            Info (332181): Latest Path Arrival
                Info (332115): From Node          : bladerf_core:U_core|handshake:U_rx_epoch_ts_lo_handshake|source_holding[31]
                Info (332115): To Node            : bladerf_core:U_core|rx_epoch_ts_lo_sys[31]
                Info (332115): Launch Clock       : U_core|U_nios_system|axi_ad9361_0|i_dev_if|i_rx|i_altlvds_rx|auto_generated|pll_sclk~PLL_OUTPUT_COUNTER|divclk
                Info (332115): Latch Clock        : U_core|U_system_pll|altera_pll_i|general[0].gpll~PLL_OUTPUT_COUNTER|divclk
                Info (332115): Data Arrival Time  : 8.434
                Info (332115): Clock Arrival Time : 1.634
                Info (332115): Relative Delay     : 6.800
                Info (332115): Data Arrival Path:
                Info (332115): Total (ns)  Incr (ns)     Type  Element
                Info (332115): ==========  ========= ==  ====  ===================================
                Info (332115):      6.334      6.334  R        clock network delay
                Info (332115):      6.334      0.000     uTco  bladerf_core:U_core|handshake:U_rx_epoch_ts_lo_handshake|source_holding[31]
                Info (332115):      6.334      0.000 FF  CELL  U_core|U_rx_epoch_ts_lo_handshake|source_holding[31]|q
                Info (332115):      7.773      1.439 FF    IC  U_core|rx_epoch_ts_lo_sys[31]|asdata
                Info (332115):      8.434      0.661 FF  CELL  bladerf_core:U_core|rx_epoch_ts_lo_sys[31]
                Info (332115): Clock Arrival Path:
                Info (332115): Total (ns)  Incr (ns)     Type  Element
                Info (332115): ==========  ========= ==  ====  ===================================
                Info (332115):      1.794      1.794  R        clock network delay
                Info (332115):      1.634     -0.160           clock uncertainty
                Info (332115):      1.634      0.000     uTsu  bladerf_core:U_core|rx_epoch_ts_lo_sys[31]
            Info (332181): Earliest Path Arrival
                Info (332115): From Node          : bladerf_core:U_core|handshake:U_rx_epoch_ts_lo_handshake|source_holding[7]
                Info (332115): To Node            : bladerf_core:U_core|rx_epoch_ts_lo_sys[7]
                Info (332115): Launch Clock       : U_core|U_nios_system|axi_ad9361_0|i_dev_if|i_rx|i_altlvds_rx|auto_generated|pll_sclk~PLL_OUTPUT_COUNTER|divclk
                Info (332115): Latch Clock        : U_core|U_system_pll|altera_pll_i|general[0].gpll~PLL_OUTPUT_COUNTER|divclk
                Info (332115): Data Arrival Time  : 5.781
                Info (332115): Clock Arrival Time : 3.496
                Info (332115): Relative Delay     : 2.285
                Info (332115): Data Arrival Path:
                Info (332115): Total (ns)  Incr (ns)     Type  Element
                Info (332115): ==========  ========= ==  ====  ===================================
                Info (332115):      4.742      4.742  R        clock network delay
                Info (332115):      4.742      0.000     uTco  bladerf_core:U_core|handshake:U_rx_epoch_ts_lo_handshake|source_holding[7]
                Info (332115):      4.742      0.000 FF  CELL  U_core|U_rx_epoch_ts_lo_handshake|source_holding[7]|q
                Info (332115):      5.394      0.652 FF    IC  U_core|rx_epoch_ts_lo_sys[7]|asdata
                Info (332115):      5.781      0.387 FF  CELL  bladerf_core:U_core|rx_epoch_ts_lo_sys[7]
                Info (332115): Clock Arrival Path:
                Info (332115): Total (ns)  Incr (ns)     Type  Element
                Info (332115): ==========  ========= ==  ====  ===================================
                Info (332115):      3.336      3.336  R        clock network delay
                Info (332115):      3.496      0.160           clock uncertainty
                Info (332115):      3.496      0.000      uTh  bladerf_core:U_core|rx_epoch_ts_lo_sys[7]
            Info (332181): Cross Path Clock Pessimism Removed : 2.880
            Info (332181): Required Skew   : 6.400
            Info (332181): Actual Skew     : 1.635
            Info (332181): Slack           : 4.765
    Info (332181): Skew for the Earliest Arrival
        Info (332181): Path #85: Slack is 4.392 
            Info (332181): Latest Path Arrival
                Info (332115): From Node          : bladerf_core:U_core|handshake:U_rx_epoch_ts_lo_handshake|source_holding[3]
                Info (332115): To Node            : bladerf_core:U_core|rx_epoch_ts_lo_sys[3]
                Info (332115): Launch Clock       : U_core|U_nios_system|axi_ad9361_0|i_dev_if|i_rx|i_altlvds_rx|auto_generated|pll_sclk~PLL_OUTPUT_COUNTER|divclk
                Info (332115): Latch Clock        : U_core|U_system_pll|altera_pll_i|general[0].gpll~PLL_OUTPUT_COUNTER|divclk
                Info (332115): Data Arrival Time  : 8.803
                Info (332115): Clock Arrival Time : 1.630
                Info (332115): Relative Delay     : 7.173
                Info (332115): Data Arrival Path:
                Info (332115): Total (ns)  Incr (ns)     Type  Element
                Info (332115): ==========  ========= ==  ====  ===================================
                Info (332115):      6.336      6.336  R        clock network delay
                Info (332115):      6.336      0.000     uTco  bladerf_core:U_core|handshake:U_rx_epoch_ts_lo_handshake|source_holding[3]
                Info (332115):      6.336      0.000 FF  CELL  U_core|U_rx_epoch_ts_lo_handshake|source_holding[3]|q
                Info (332115):      7.939      1.603 FF    IC  U_core|rx_epoch_ts_lo_sys[3]~feeder|datac
                Info (332115):      8.496      0.557 FF  CELL  U_core|rx_epoch_ts_lo_sys[3]~feeder|combout
                Info (332115):      8.496      0.000 FF    IC  U_core|rx_epoch_ts_lo_sys[3]|d
                Info (332115):      8.803      0.307 FF  CELL  bladerf_core:U_core|rx_epoch_ts_lo_sys[3]
                Info (332115): Clock Arrival Path:
                Info (332115): Total (ns)  Incr (ns)     Type  Element
                Info (332115): ==========  ========= ==  ====  ===================================
                Info (332115):      1.790      1.790  R        clock network delay
                Info (332115):      1.630     -0.160           clock uncertainty
                Info (332115):      1.630      0.000     uTsu  bladerf_core:U_core|rx_epoch_ts_lo_sys[3]
            Info (332181): Earliest Path Arrival
                Info (332115): From Node          : bladerf_core:U_core|handshake:U_rx_epoch_ts_lo_handshake|source_holding[14]
                Info (332115): To Node            : bladerf_core:U_core|rx_epoch_ts_lo_sys[14]
                Info (332115): Launch Clock       : U_core|U_nios_system|axi_ad9361_0|i_dev_if|i_rx|i_altlvds_rx|auto_generated|pll_sclk~PLL_OUTPUT_COUNTER|divclk
                Info (332115): Latch Clock        : U_core|U_system_pll|altera_pll_i|general[0].gpll~PLL_OUTPUT_COUNTER|divclk
                Info (332115): Data Arrival Time  : 5.775
                Info (332115): Clock Arrival Time : 3.490
                Info (332115): Relative Delay     : 2.285
                Info (332115): Data Arrival Path:
                Info (332115): Total (ns)  Incr (ns)     Type  Element
                Info (332115): ==========  ========= ==  ====  ===================================
                Info (332115):      4.744      4.744  R        clock network delay
                Info (332115):      4.744      0.000     uTco  bladerf_core:U_core|handshake:U_rx_epoch_ts_lo_handshake|source_holding[14]
                Info (332115):      4.744      0.000 FF  CELL  U_core|U_rx_epoch_ts_lo_handshake|source_holding[14]|q
                Info (332115):      5.386      0.642 FF    IC  U_core|rx_epoch_ts_lo_sys[14]|asdata
                Info (332115):      5.775      0.389 FF  CELL  bladerf_core:U_core|rx_epoch_ts_lo_sys[14]
                Info (332115): Clock Arrival Path:
                Info (332115): Total (ns)  Incr (ns)     Type  Element
                Info (332115): ==========  ========= ==  ====  ===================================
                Info (332115):      3.330      3.330  R        clock network delay
                Info (332115):      3.490      0.160           clock uncertainty
                Info (332115):      3.490      0.000      uTh  bladerf_core:U_core|rx_epoch_ts_lo_sys[14]
            Info (332181): Cross Path Clock Pessimism Removed : 2.880
            Info (332181): Required Skew   : 6.400
            Info (332181): Actual Skew     : 2.008
            Info (332181): Slack           : 4.392
        Info (332181): Path #86: Slack is 4.392 
            Info (332181): Latest Path Arrival
                Info (332115): From Node          : bladerf_core:U_core|handshake:U_rx_epoch_ts_lo_handshake|source_holding[3]
                Info (332115): To Node            : bladerf_core:U_core|rx_epoch_ts_lo_sys[3]
                Info (332115): Launch Clock       : U_core|U_nios_system|axi_ad9361_0|i_dev_if|i_rx|i_altlvds_rx|auto_generated|pll_sclk~PLL_OUTPUT_COUNTER|divclk
                Info (332115): Latch Clock        : U_core|U_system_pll|altera_pll_i|general[0].gpll~PLL_OUTPUT_COUNTER|divclk
                Info (332115): Data Arrival Time  : 8.803
                Info (332115): Clock Arrival Time : 1.630
                Info (332115): Relative Delay     : 7.173
                Info (332115): Data Arrival Path:
                Info (332115): Total (ns)  Incr (ns)     Type  Element
                Info (332115): ==========  ========= ==  ====  ===================================
                Info (332115):      6.336      6.336  R        clock network delay
                Info (332115):      6.336      0.000     uTco  bladerf_core:U_core|handshake:U_rx_epoch_ts_lo_handshake|source_holding[3]
                Info (332115):      6.336      0.000 FF  CELL  U_core|U_rx_epoch_ts_lo_handshake|source_holding[3]|q
                Info (332115):      7.939      1.603 FF    IC  U_core|rx_epoch_ts_lo_sys[3]~feeder|datac
                Info (332115):      8.496      0.557 FF  CELL  U_core|rx_epoch_ts_lo_sys[3]~feeder|combout
                Info (332115):      8.496      0.000 FF    IC  U_core|rx_epoch_ts_lo_sys[3]|d
                Info (332115):      8.803      0.307 FF  CELL  bladerf_core:U_core|rx_epoch_ts_lo_sys[3]
                Info (332115): Clock Arrival Path:
                Info (332115): Total (ns)  Incr (ns)     Type  Element
                Info (332115): ==========  ========= ==  ====  ===================================
                Info (332115):      1.790      1.790  R        clock network delay
                Info (332115):      1.630     -0.160           clock uncertainty
                Info (332115):      1.630      0.000     uTsu  bladerf_core:U_core|rx_epoch_ts_lo_sys[3]
            Info (332181): Earliest Path Arrival
                Info (332115): From Node          : bladerf_core:U_core|handshake:U_rx_epoch_ts_lo_handshake|source_holding[7]
                Info (332115): To Node            : bladerf_core:U_core|rx_epoch_ts_lo_sys[7]
                Info (332115): Launch Clock       : U_core|U_nios_system|axi_ad9361_0|i_dev_if|i_rx|i_altlvds_rx|auto_generated|pll_sclk~PLL_OUTPUT_COUNTER|divclk
                Info (332115): Latch Clock        : U_core|U_system_pll|altera_pll_i|general[0].gpll~PLL_OUTPUT_COUNTER|divclk
                Info (332115): Data Arrival Time  : 5.781
                Info (332115): Clock Arrival Time : 3.496
                Info (332115): Relative Delay     : 2.285
                Info (332115): Data Arrival Path:
                Info (332115): Total (ns)  Incr (ns)     Type  Element
                Info (332115): ==========  ========= ==  ====  ===================================
                Info (332115):      4.742      4.742  R        clock network delay
                Info (332115):      4.742      0.000     uTco  bladerf_core:U_core|handshake:U_rx_epoch_ts_lo_handshake|source_holding[7]
                Info (332115):      4.742      0.000 FF  CELL  U_core|U_rx_epoch_ts_lo_handshake|source_holding[7]|q
                Info (332115):      5.394      0.652 FF    IC  U_core|rx_epoch_ts_lo_sys[7]|asdata
                Info (332115):      5.781      0.387 FF  CELL  bladerf_core:U_core|rx_epoch_ts_lo_sys[7]
                Info (332115): Clock Arrival Path:
                Info (332115): Total (ns)  Incr (ns)     Type  Element
                Info (332115): ==========  ========= ==  ====  ===================================
                Info (332115):      3.336      3.336  R        clock network delay
                Info (332115):      3.496      0.160           clock uncertainty
                Info (332115):      3.496      0.000      uTh  bladerf_core:U_core|rx_epoch_ts_lo_sys[7]
            Info (332181): Cross Path Clock Pessimism Removed : 2.880
            Info (332181): Required Skew   : 6.400
            Info (332181): Actual Skew     : 2.008
            Info (332181): Slack           : 4.392
        Info (332181): Path #87: Slack is 4.597 
            Info (332181): Latest Path Arrival
                Info (332115): From Node          : bladerf_core:U_core|handshake:U_rx_epoch_ts_lo_handshake|source_holding[3]
                Info (332115): To Node            : bladerf_core:U_core|rx_epoch_ts_lo_sys[3]
                Info (332115): Launch Clock       : U_core|U_nios_system|axi_ad9361_0|i_dev_if|i_rx|i_altlvds_rx|auto_generated|pll_sclk~PLL_OUTPUT_COUNTER|divclk
                Info (332115): Latch Clock        : U_core|U_system_pll|altera_pll_i|general[0].gpll~PLL_OUTPUT_COUNTER|divclk
                Info (332115): Data Arrival Time  : 8.803
                Info (332115): Clock Arrival Time : 1.630
                Info (332115): Relative Delay     : 7.173
                Info (332115): Data Arrival Path:
                Info (332115): Total (ns)  Incr (ns)     Type  Element
                Info (332115): ==========  ========= ==  ====  ===================================
                Info (332115):      6.336      6.336  R        clock network delay
                Info (332115):      6.336      0.000     uTco  bladerf_core:U_core|handshake:U_rx_epoch_ts_lo_handshake|source_holding[3]
                Info (332115):      6.336      0.000 FF  CELL  U_core|U_rx_epoch_ts_lo_handshake|source_holding[3]|q
                Info (332115):      7.939      1.603 FF    IC  U_core|rx_epoch_ts_lo_sys[3]~feeder|datac
                Info (332115):      8.496      0.557 FF  CELL  U_core|rx_epoch_ts_lo_sys[3]~feeder|combout
                Info (332115):      8.496      0.000 FF    IC  U_core|rx_epoch_ts_lo_sys[3]|d
                Info (332115):      8.803      0.307 FF  CELL  bladerf_core:U_core|rx_epoch_ts_lo_sys[3]
                Info (332115): Clock Arrival Path:
                Info (332115): Total (ns)  Incr (ns)     Type  Element
                Info (332115): ==========  ========= ==  ====  ===================================
                Info (332115):      1.790      1.790  R        clock network delay
                Info (332115):      1.630     -0.160           clock uncertainty
                Info (332115):      1.630      0.000     uTsu  bladerf_core:U_core|rx_epoch_ts_lo_sys[3]
            Info (332181): Earliest Path Arrival
                Info (332115): From Node          : bladerf_core:U_core|handshake:U_rx_epoch_ts_lo_handshake|source_holding[15]
                Info (332115): To Node            : bladerf_core:U_core|rx_epoch_ts_lo_sys[15]
                Info (332115): Launch Clock       : U_core|U_nios_system|axi_ad9361_0|i_dev_if|i_rx|i_altlvds_rx|auto_generated|pll_sclk~PLL_OUTPUT_COUNTER|divclk
                Info (332115): Latch Clock        : U_core|U_system_pll|altera_pll_i|general[0].gpll~PLL_OUTPUT_COUNTER|divclk
                Info (332115): Data Arrival Time  : 5.988
                Info (332115): Clock Arrival Time : 3.498
                Info (332115): Relative Delay     : 2.490
                Info (332115): Data Arrival Path:
                Info (332115): Total (ns)  Incr (ns)     Type  Element
                Info (332115): ==========  ========= ==  ====  ===================================
                Info (332115):      4.737      4.737  R        clock network delay
                Info (332115):      4.737      0.000     uTco  bladerf_core:U_core|handshake:U_rx_epoch_ts_lo_handshake|source_holding[15]
                Info (332115):      4.737      0.000 RR  CELL  U_core|U_rx_epoch_ts_lo_handshake|source_holding[15]|q
                Info (332115):      5.653      0.916 RR    IC  U_core|rx_epoch_ts_lo_sys[15]|asdata
                Info (332115):      5.988      0.335 RR  CELL  bladerf_core:U_core|rx_epoch_ts_lo_sys[15]
                Info (332115): Clock Arrival Path:
                Info (332115): Total (ns)  Incr (ns)     Type  Element
                Info (332115): ==========  ========= ==  ====  ===================================
                Info (332115):      3.338      3.338  R        clock network delay
                Info (332115):      3.498      0.160           clock uncertainty
                Info (332115):      3.498      0.000      uTh  bladerf_core:U_core|rx_epoch_ts_lo_sys[15]
            Info (332181): Cross Path Clock Pessimism Removed : 2.880
            Info (332181): Required Skew   : 6.400
            Info (332181): Actual Skew     : 1.803
            Info (332181): Slack           : 4.597
        Info (332181): Path #88: Slack is 4.649 
            Info (332181): Latest Path Arrival
                Info (332115): From Node          : bladerf_core:U_core|handshake:U_rx_epoch_ts_lo_handshake|source_holding[3]
                Info (332115): To Node            : bladerf_core:U_core|rx_epoch_ts_lo_sys[3]
                Info (332115): Launch Clock       : U_core|U_nios_system|axi_ad9361_0|i_dev_if|i_rx|i_altlvds_rx|auto_generated|pll_sclk~PLL_OUTPUT_COUNTER|divclk
                Info (332115): Latch Clock        : U_core|U_system_pll|altera_pll_i|general[0].gpll~PLL_OUTPUT_COUNTER|divclk
                Info (332115): Data Arrival Time  : 8.803
                Info (332115): Clock Arrival Time : 1.630
                Info (332115): Relative Delay     : 7.173
                Info (332115): Data Arrival Path:
                Info (332115): Total (ns)  Incr (ns)     Type  Element
                Info (332115): ==========  ========= ==  ====  ===================================
                Info (332115):      6.336      6.336  R        clock network delay
                Info (332115):      6.336      0.000     uTco  bladerf_core:U_core|handshake:U_rx_epoch_ts_lo_handshake|source_holding[3]
                Info (332115):      6.336      0.000 FF  CELL  U_core|U_rx_epoch_ts_lo_handshake|source_holding[3]|q
                Info (332115):      7.939      1.603 FF    IC  U_core|rx_epoch_ts_lo_sys[3]~feeder|datac
                Info (332115):      8.496      0.557 FF  CELL  U_core|rx_epoch_ts_lo_sys[3]~feeder|combout
                Info (332115):      8.496      0.000 FF    IC  U_core|rx_epoch_ts_lo_sys[3]|d
                Info (332115):      8.803      0.307 FF  CELL  bladerf_core:U_core|rx_epoch_ts_lo_sys[3]
                Info (332115): Clock Arrival Path:
                Info (332115): Total (ns)  Incr (ns)     Type  Element
                Info (332115): ==========  ========= ==  ====  ===================================
                Info (332115):      1.790      1.790  R        clock network delay
                Info (332115):      1.630     -0.160           clock uncertainty
                Info (332115):      1.630      0.000     uTsu  bladerf_core:U_core|rx_epoch_ts_lo_sys[3]
            Info (332181): Earliest Path Arrival
                Info (332115): From Node          : bladerf_core:U_core|handshake:U_rx_epoch_ts_lo_handshake|source_holding[16]
                Info (332115): To Node            : bladerf_core:U_core|rx_epoch_ts_lo_sys[16]
                Info (332115): Launch Clock       : U_core|U_nios_system|axi_ad9361_0|i_dev_if|i_rx|i_altlvds_rx|auto_generated|pll_sclk~PLL_OUTPUT_COUNTER|divclk
                Info (332115): Latch Clock        : U_core|U_system_pll|altera_pll_i|general[0].gpll~PLL_OUTPUT_COUNTER|divclk
                Info (332115): Data Arrival Time  : 6.100
                Info (332115): Clock Arrival Time : 3.507
                Info (332115): Relative Delay     : 2.593
                Info (332115): Data Arrival Path:
                Info (332115): Total (ns)  Incr (ns)     Type  Element
                Info (332115): ==========  ========= ==  ====  ===================================
                Info (332115):      4.761      4.761  R        clock network delay
                Info (332115):      4.761      0.000     uTco  bladerf_core:U_core|handshake:U_rx_epoch_ts_lo_handshake|source_holding[16]
                Info (332115):      4.761      0.000 RR  CELL  U_core|U_rx_epoch_ts_lo_handshake|source_holding[16]|q
                Info (332115):      5.957      1.196 RR    IC  U_core|rx_epoch_ts_lo_sys[16]~feeder|dataf
                Info (332115):      6.018      0.061 RR  CELL  U_core|rx_epoch_ts_lo_sys[16]~feeder|combout
                Info (332115):      6.018      0.000 RR    IC  U_core|rx_epoch_ts_lo_sys[16]|d
                Info (332115):      6.100      0.082 RR  CELL  bladerf_core:U_core|rx_epoch_ts_lo_sys[16]
                Info (332115): Clock Arrival Path:
                Info (332115): Total (ns)  Incr (ns)     Type  Element
                Info (332115): ==========  ========= ==  ====  ===================================
                Info (332115):      3.347      3.347  R        clock network delay
                Info (332115):      3.507      0.160           clock uncertainty
                Info (332115):      3.507      0.000      uTh  bladerf_core:U_core|rx_epoch_ts_lo_sys[16]
            Info (332181): Cross Path Clock Pessimism Removed : 2.829
            Info (332181): Required Skew   : 6.400
            Info (332181): Actual Skew     : 1.751
            Info (332181): Slack           : 4.649
Info (332115): Worst-case slack is 4.415 for "set_max_skew -from [get_keepers {*U_dwell_cfg_handshake|source_holding[*]}] -to [get_keepers {*bladerf_core:*|dwell_cfg_rx[*]}] 6.400 "
    Info (332181): Skew for the Latest Arrival
        Info (332181): Path #89: Slack is 4.415 
            Info (332181): Latest Path Arrival
                Info (332115): From Node          : bladerf_core:U_core|handshake:U_dwell_cfg_handshake|source_holding[10]
                Info (332115): To Node            : bladerf_core:U_core|dwell_cfg_rx[10]
                Info (332115): Launch Clock       : U_core|U_system_pll|altera_pll_i|general[0].gpll~PLL_OUTPUT_COUNTER|divclk
                Info (332115): Latch Clock        : U_core|U_nios_system|axi_ad9361_0|i_dev_if|i_rx|i_altlvds_rx|auto_generated|pll_sclk~PLL_OUTPUT_COUNTER|divclk
                Info (332115): Data Arrival Time  : 5.798
                Info (332115): Clock Arrival Time : 4.578
                Info (332115): Relative Delay     : 1.220
                Info (332115): Data Arrival Path:
                Info (332115): Total (ns)  Incr (ns)     Type  Element
                Info (332115): ==========  ========= ==  ====  ===================================
                Info (332115):      3.313      3.313  R        clock network delay
                Info (332115):      3.313      0.000     uTco  bladerf_core:U_core|handshake:U_dwell_cfg_handshake|source_holding[10]
                Info (332115):      3.313      0.000 FF  CELL  U_core|U_dwell_cfg_handshake|source_holding[10]|q
                Info (332115):      5.095      1.782 FF    IC  U_core|dwell_cfg_rx[10]|asdata
                Info (332115):      5.798      0.703 FF  CELL  bladerf_core:U_core|dwell_cfg_rx[10]
                Info (332115): Clock Arrival Path:
                Info (332115): Total (ns)  Incr (ns)     Type  Element
                Info (332115): ==========  ========= ==  ====  ===================================
                Info (332115):      4.738      4.738  R        clock network delay
                Info (332115):      4.578     -0.160           clock uncertainty
                Info (332115):      4.578      0.000     uTsu  bladerf_core:U_core|dwell_cfg_rx[10]
            Info (332181): Earliest Path Arrival
                Info (332115): From Node          : bladerf_core:U_core|handshake:U_dwell_cfg_handshake|source_holding[18]
                Info (332115): To Node            : bladerf_core:U_core|dwell_cfg_rx[18]
                Info (332115): Launch Clock       : U_core|U_system_pll|altera_pll_i|general[0].gpll~PLL_OUTPUT_COUNTER|divclk
                Info (332115): Latch Clock        : U_core|U_nios_system|axi_ad9361_0|i_dev_if|i_rx|i_altlvds_rx|auto_generated|pll_sclk~PLL_OUTPUT_COUNTER|divclk
                Info (332115): Data Arrival Time  : 2.892
                Info (332115): Clock Arrival Time : 6.486
                Info (332115): Relative Delay     : -3.594
                Info (332115): Data Arrival Path:
                Info (332115): Total (ns)  Incr (ns)     Type  Element
                Info (332115): ==========  ========= ==  ====  ===================================
                Info (332115):      1.759      1.759  R        clock network delay
                Info (332115):      1.759      0.000     uTco  bladerf_core:U_core|handshake:U_dwell_cfg_handshake|source_holding[18]
                Info (332115):      1.759      0.000 RR  CELL  U_core|U_dwell_cfg_handshake|source_holding[18]|q
                Info (332115):      2.557      0.798 RR    IC  U_core|dwell_cfg_rx[18]|asdata
                Info (332115):      2.892      0.335 RR  CELL  bladerf_core:U_core|dwell_cfg_rx[18]
                Info (332115): Clock Arrival Path:
                Info (332115): Total (ns)  Incr (ns)     Type  Element
                Info (332115): ==========  ========= ==  ====  ===================================
                Info (332115):      6.326      6.326  R        clock network delay
                Info (332115):      6.486      0.160           clock uncertainty
                Info (332115):      6.486      0.000      uTh  bladerf_core:U_core|dwell_cfg_rx[18]
            Info (332181): Cross Path Clock Pessimism Removed : 2.829
            Info (332181): Required Skew   : 6.400
            Info (332181): Actual Skew     : 1.985
            Info (332181): Slack           : 4.415
        Info (332181): Path #90: Slack is 4.491 
            Info (332181): Latest Path Arrival
                Info (332115): From Node          : bladerf_core:U_core|handshake:U_dwell_cfg_handshake|source_holding[7]
                Info (332115): To Node            : bladerf_core:U_core|dwell_cfg_rx[7]
                Info (332115): Launch Clock       : U_core|U_system_pll|altera_pll_i|general[0].gpll~PLL_OUTPUT_COUNTER|divclk
                Info (332115): Latch Clock        : U_core|U_nios_system|axi_ad9361_0|i_dev_if|i_rx|i_altlvds_rx|auto_generated|pll_sclk~PLL_OUTPUT_COUNTER|divclk
                Info (332115): Data Arrival Time  : 5.722
                Info (332115): Clock Arrival Time : 4.578
                Info (332115): Relative Delay     : 1.144
                Info (332115): Data Arrival Path:
                Info (332115): Total (ns)  Incr (ns)     Type  Element
                Info (332115): ==========  ========= ==  ====  ===================================
                Info (332115):      3.315      3.315  R        clock network delay
                Info (332115):      3.315      0.000     uTco  bladerf_core:U_core|handshake:U_dwell_cfg_handshake|source_holding[7]
                Info (332115):      3.315      0.000 FF  CELL  U_core|U_dwell_cfg_handshake|source_holding[7]|q
                Info (332115):      4.993      1.678 FF    IC  U_core|dwell_cfg_rx[7]|asdata
                Info (332115):      5.722      0.729 FF  CELL  bladerf_core:U_core|dwell_cfg_rx[7]
                Info (332115): Clock Arrival Path:
                Info (332115): Total (ns)  Incr (ns)     Type  Element
                Info (332115): ==========  ========= ==  ====  ===================================
                Info (332115):      4.738      4.738  R        clock network delay
                Info (332115):      4.578     -0.160           clock uncertainty
                Info (332115):      4.578      0.000     uTsu  bladerf_core:U_core|dwell_cfg_rx[7]
            Info (332181): Earliest Path Arrival
                Info (332115): From Node          : bladerf_core:U_core|handshake:U_dwell_cfg_handshake|source_holding[18]
                Info (332115): To Node            : bladerf_core:U_core|dwell_cfg_rx[18]
                Info (332115): Launch Clock       : U_core|U_system_pll|altera_pll_i|general[0].gpll~PLL_OUTPUT_COUNTER|divclk
                Info (332115): Latch Clock        : U_core|U_nios_system|axi_ad9361_0|i_dev_if|i_rx|i_altlvds_rx|auto_generated|pll_sclk~PLL_OUTPUT_COUNTER|divclk
                Info (332115): Data Arrival Time  : 2.892
                Info (332115): Clock Arrival Time : 6.486
                Info (332115): Relative Delay     : -3.594
                Info (332115): Data Arrival Path:
                Info (332115): Total (ns)  Incr (ns)     Type  Element
                Info (332115): ==========  ========= ==  ====  ===================================
                Info (332115):      1.759      1.759  R        clock network delay
                Info (332115):      1.759      0.000     uTco  bladerf_core:U_core|handshake:U_dwell_cfg_handshake|source_holding[18]
                Info (332115):      1.759      0.000 RR  CELL  U_core|U_dwell_cfg_handshake|source_holding[18]|q
                Info (332115):      2.557      0.798 RR    IC  U_core|dwell_cfg_rx[18]|asdata
                Info (332115):      2.892      0.335 RR  CELL  bladerf_core:U_core|dwell_cfg_rx[18]
                Info (332115): Clock Arrival Path:
                Info (332115): Total (ns)  Incr (ns)     Type  Element
                Info (332115): ==========  ========= ==  ====  ===================================
                Info (332115):      6.326      6.326  R        clock network delay
                Info (332115):      6.486      0.160           clock uncertainty
                Info (332115):      6.486      0.000      uTh  bladerf_core:U_core|dwell_cfg_rx[18]
            Info (332181): Cross Path Clock Pessimism Removed : 2.829
            Info (332181): Required Skew   : 6.400
            Info (332181): Actual Skew     : 1.909
            Info (332181): Slack           : 4.491
        Info (332181): Path #91: Slack is 4.598 
            Info (332181): Latest Path Arrival
                Info (332115): From Node          : bladerf_core:U_core|handshake:U_dwell_cfg_handshake|source_holding[5]
                Info (332115): To Node            : bladerf_core:U_core|dwell_cfg_rx[5]
                Info (332115): Launch Clock       : U_core|U_system_pll|altera_pll_i|general[0].gpll~PLL_OUTPUT_COUNTER|divclk
                Info (332115): Latch Clock        : U_core|U_nios_system|axi_ad9361_0|i_dev_if|i_rx|i_altlvds_rx|auto_generated|pll_sclk~PLL_OUTPUT_COUNTER|divclk
                Info (332115): Data Arrival Time  : 5.615
                Info (332115): Clock Arrival Time : 4.578
                Info (332115): Relative Delay     : 1.037
                Info (332115): Data Arrival Path:
                Info (332115): Total (ns)  Incr (ns)     Type  Element
                Info (332115): ==========  ========= ==  ====  ===================================
                Info (332115):      3.307      3.307  R        clock network delay
                Info (332115):      3.307      0.000     uTco  bladerf_core:U_core|handshake:U_dwell_cfg_handshake|source_holding[5]
                Info (332115):      3.307      0.000 FF  CELL  U_core|U_dwell_cfg_handshake|source_holding[5]|q
                Info (332115):      4.886      1.579 FF    IC  U_core|dwell_cfg_rx[5]|asdata
                Info (332115):      5.615      0.729 FF  CELL  bladerf_core:U_core|dwell_cfg_rx[5]
                Info (332115): Clock Arrival Path:
                Info (332115): Total (ns)  Incr (ns)     Type  Element
                Info (332115): ==========  ========= ==  ====  ===================================
                Info (332115):      4.738      4.738  R        clock network delay
                Info (332115):      4.578     -0.160           clock uncertainty
                Info (332115):      4.578      0.000     uTsu  bladerf_core:U_core|dwell_cfg_rx[5]
            Info (332181): Earliest Path Arrival
                Info (332115): From Node          : bladerf_core:U_core|handshake:U_dwell_cfg_handshake|source_holding[18]
                Info (332115): To Node            : bladerf_core:U_core|dwell_cfg_rx[18]
                Info (332115): Launch Clock       : U_core|U_system_pll|altera_pll_i|general[0].gpll~PLL_OUTPUT_COUNTER|divclk
                Info (332115): Latch Clock        : U_core|U_nios_system|axi_ad9361_0|i_dev_if|i_rx|i_altlvds_rx|auto_generated|pll_sclk~PLL_OUTPUT_COUNTER|divclk
                Info (332115): Data Arrival Time  : 2.892
                Info (332115): Clock Arrival Time : 6.486
                Info (332115): Relative Delay     : -3.594
                Info (332115): Data Arrival Path:
                Info (332115): Total (ns)  Incr (ns)     Type  Element
                Info (332115): ==========  ========= ==  ====  ===================================
                Info (332115):      1.759      1.759  R        clock network delay
                Info (332115):      1.759      0.000     uTco  bladerf_core:U_core|handshake:U_dwell_cfg_handshake|source_holding[18]
                Info (332115):      1.759      0.000 RR  CELL  U_core|U_dwell_cfg_handshake|source_holding[18]|q
                Info (332115):      2.557      0.798 RR    IC  U_core|dwell_cfg_rx[18]|asdata
                Info (332115):      2.892      0.335 RR  CELL  bladerf_core:U_core|dwell_cfg_rx[18]
                Info (332115): Clock Arrival Path:
                Info (332115): Total (ns)  Incr (ns)     Type  Element
                Info (332115): ==========  ========= ==  ====  ===================================
                Info (332115):      6.326      6.326  R        clock network delay
                Info (332115):      6.486      0.160           clock uncertainty
                Info (332115):      6.486      0.000      uTh  bladerf_core:U_core|dwell_cfg_rx[18]
            Info (332181): Cross Path Clock Pessimism Removed : 2.829
            Info (332181): Required Skew   : 6.400
            Info (332181): Actual Skew     : 1.802
            Info (332181): Slack           : 4.598
        Info (332181): Path #92: Slack is 4.618 
            Info (332181): Latest Path Arrival
                Info (332115): From Node          : bladerf_core:U_core|handshake:U_dwell_cfg_handshake|source_holding[2]
                Info (332115): To Node            : bladerf_core:U_core|dwell_cfg_rx[2]
                Info (332115): Launch Clock       : U_core|U_system_pll|altera_pll_i|general[0].gpll~PLL_OUTPUT_COUNTER|divclk
                Info (332115): Latch Clock        : U_core|U_nios_system|axi_ad9361_0|i_dev_if|i_rx|i_altlvds_rx|auto_generated|pll_sclk~PLL_OUTPUT_COUNTER|divclk
                Info (332115): Data Arrival Time  : 5.588
                Info (332115): Clock Arrival Time : 4.571
                Info (332115): Relative Delay     : 1.017
                Info (332115): Data Arrival Path:
                Info (332115): Total (ns)  Incr (ns)     Type  Element
                Info (332115): ==========  ========= ==  ====  ===================================
                Info (332115):      3.315      3.315  R        clock network delay
                Info (332115):      3.315      0.000     uTco  bladerf_core:U_core|handshake:U_dwell_cfg_handshake|source_holding[2]
                Info (332115):      3.315      0.000 FF  CELL  U_core|U_dwell_cfg_handshake|source_holding[2]|q
                Info (332115):      4.929      1.614 FF    IC  U_core|dwell_cfg_rx[2]|asdata
                Info (332115):      5.588      0.659 FF  CELL  bladerf_core:U_core|dwell_cfg_rx[2]
                Info (332115): Clock Arrival Path:
                Info (332115): Total (ns)  Incr (ns)     Type  Element
                Info (332115): ==========  ========= ==  ====  ===================================
                Info (332115):      4.731      4.731  R        clock network delay
                Info (332115):      4.571     -0.160           clock uncertainty
                Info (332115):      4.571      0.000     uTsu  bladerf_core:U_core|dwell_cfg_rx[2]
            Info (332181): Earliest Path Arrival
                Info (332115): From Node          : bladerf_core:U_core|handshake:U_dwell_cfg_handshake|source_holding[18]
                Info (332115): To Node            : bladerf_core:U_core|dwell_cfg_rx[18]
                Info (332115): Launch Clock       : U_core|U_system_pll|altera_pll_i|general[0].gpll~PLL_OUTPUT_COUNTER|divclk
                Info (332115): Latch Clock        : U_core|U_nios_system|axi_ad9361_0|i_dev_if|i_rx|i_altlvds_rx|auto_generated|pll_sclk~PLL_OUTPUT_COUNTER|divclk
                Info (332115): Data Arrival Time  : 2.892
                Info (332115): Clock Arrival Time : 6.486
                Info (332115): Relative Delay     : -3.594
                Info (332115): Data Arrival Path:
                Info (332115): Total (ns)  Incr (ns)     Type  Element
                Info (332115): ==========  ========= ==  ====  ===================================
                Info (332115):      1.759      1.759  R        clock network delay
                Info (332115):      1.759      0.000     uTco  bladerf_core:U_core|handshake:U_dwell_cfg_handshake|source_holding[18]
                Info (332115):      1.759      0.000 RR  CELL  U_core|U_dwell_cfg_handshake|source_holding[18]|q
                Info (332115):      2.557      0.798 RR    IC  U_core|dwell_cfg_rx[18]|asdata
                Info (332115):      2.892      0.335 RR  CELL  bladerf_core:U_core|dwell_cfg_rx[18]
                Info (332115): Clock Arrival Path:
                Info (332115): Total (ns)  Incr (ns)     Type  Element
                Info (332115): ==========  ========= ==  ====  ===================================
                Info (332115):      6.326      6.326  R        clock network delay
                Info (332115):      6.486      0.160           clock uncertainty
                Info (332115):      6.486      0.000      uTh  bladerf_core:U_core|dwell_cfg_rx[18]
            Info (332181): Cross Path Clock Pessimism Removed : 2.829
            Info (332181): Required Skew   : 6.400
            Info (332181): Actual Skew     : 1.782
            Info (332181): Slack           : 4.618
    Info (332181): Skew for the Earliest Arrival
        Info (332181): Path #93: Slack is 4.415 
            Info (332181): Latest Path Arrival
                Info (332115): From Node          : bladerf_core:U_core|handshake:U_dwell_cfg_handshake|source_holding[10]
                Info (332115): To Node            : bladerf_core:U_core|dwell_cfg_rx[10]
                Info (332115): Launch Clock       : U_core|U_system_pll|altera_pll_i|general[0].gpll~PLL_OUTPUT_COUNTER|divclk
                Info (332115): Latch Clock        : U_core|U_nios_system|axi_ad9361_0|i_dev_if|i_rx|i_altlvds_rx|auto_generated|pll_sclk~PLL_OUTPUT_COUNTER|divclk
                Info (332115): Data Arrival Time  : 5.798
                Info (332115): Clock Arrival Time : 4.578
                Info (332115): Relative Delay     : 1.220
                Info (332115): Data Arrival Path:
                Info (332115): Total (ns)  Incr (ns)     Type  Element
                Info (332115): ==========  ========= ==  ====  ===================================
                Info (332115):      3.313      3.313  R        clock network delay
                Info (332115):      3.313      0.000     uTco  bladerf_core:U_core|handshake:U_dwell_cfg_handshake|source_holding[10]
                Info (332115):      3.313      0.000 FF  CELL  U_core|U_dwell_cfg_handshake|source_holding[10]|q
                Info (332115):      5.095      1.782 FF    IC  U_core|dwell_cfg_rx[10]|asdata
                Info (332115):      5.798      0.703 FF  CELL  bladerf_core:U_core|dwell_cfg_rx[10]
                Info (332115): Clock Arrival Path:
                Info (332115): Total (ns)  Incr (ns)     Type  Element
                Info (332115): ==========  ========= ==  ====  ===================================
                Info (332115):      4.738      4.738  R        clock network delay
                Info (332115):      4.578     -0.160           clock uncertainty
                Info (332115):      4.578      0.000     uTsu  bladerf_core:U_core|dwell_cfg_rx[10]
            Info (332181): Earliest Path Arrival
                Info (332115): From Node          : bladerf_core:U_core|handshake:U_dwell_cfg_handshake|source_holding[18]
                Info (332115): To Node            : bladerf_core:U_core|dwell_cfg_rx[18]
                Info (332115): Launch Clock       : U_core|U_system_pll|altera_pll_i|general[0].gpll~PLL_OUTPUT_COUNTER|divclk
                Info (332115): Latch Clock        : U_core|U_nios_system|axi_ad9361_0|i_dev_if|i_rx|i_altlvds_rx|auto_generated|pll_sclk~PLL_OUTPUT_COUNTER|divclk
                Info (332115): Data Arrival Time  : 2.892
                Info (332115): Clock Arrival Time : 6.486
                Info (332115): Relative Delay     : -3.594
                Info (332115): Data Arrival Path:
                Info (332115): Total (ns)  Incr (ns)     Type  Element
                Info (332115): ==========  ========= ==  ====  ===================================
                Info (332115):      1.759      1.759  R        clock network delay
                Info (332115):      1.759      0.000     uTco  bladerf_core:U_core|handshake:U_dwell_cfg_handshake|source_holding[18]
                Info (332115):      1.759      0.000 RR  CELL  U_core|U_dwell_cfg_handshake|source_holding[18]|q
                Info (332115):      2.557      0.798 RR    IC  U_core|dwell_cfg_rx[18]|asdata
                Info (332115):      2.892      0.335 RR  CELL  bladerf_core:U_core|dwell_cfg_rx[18]
                Info (332115): Clock Arrival Path:
                Info (332115): Total (ns)  Incr (ns)     Type  Element
                Info (332115): ==========  ========= ==  ====  ===================================
                Info (332115):      6.326      6.326  R        clock network delay
                Info (332115):      6.486      0.160           clock uncertainty
                Info (332115):      6.486      0.000      uTh  bladerf_core:U_core|dwell_cfg_rx[18]
            Info (332181): Cross Path Clock Pessimism Removed : 2.829
            Info (332181): Required Skew   : 6.400
            Info (332181): Actual Skew     : 1.985
            Info (332181): Slack           : 4.415
        Info (332181): Path #94: Slack is 4.432 
            Info (332181): Latest Path Arrival
                Info (332115): From Node          : bladerf_core:U_core|handshake:U_dwell_cfg_handshake|source_holding[10]
                Info (332115): To Node            : bladerf_core:U_core|dwell_cfg_rx[10]
                Info (332115): Launch Clock       : U_core|U_system_pll|altera_pll_i|general[0].gpll~PLL_OUTPUT_COUNTER|divclk
                Info (332115): Latch Clock        : U_core|U_nios_system|axi_ad9361_0|i_dev_if|i_rx|i_altlvds_rx|auto_generated|pll_sclk~PLL_OUTPUT_COUNTER|divclk
                Info (332115): Data Arrival Time  : 5.798
                Info (332115): Clock Arrival Time : 4.578
                Info (332115): Relative Delay     : 1.220
                Info (332115): Data Arrival Path:
                Info (332115): Total (ns)  Incr (ns)     Type  Element
                Info (332115): ==========  ========= ==  ====  ===================================
                Info (332115):      3.313      3.313  R        clock network delay
                Info (332115):      3.313      0.000     uTco  bladerf_core:U_core|handshake:U_dwell_cfg_handshake|source_holding[10]
                Info (332115):      3.313      0.000 FF  CELL  U_core|U_dwell_cfg_handshake|source_holding[10]|q
                Info (332115):      5.095      1.782 FF    IC  U_core|dwell_cfg_rx[10]|asdata
                Info (332115):      5.798      0.703 FF  CELL  bladerf_core:U_core|dwell_cfg_rx[10]
                Info (332115): Clock Arrival Path:
                Info (332115): Total (ns)  Incr (ns)     Type  Element
                Info (332115): ==========  ========= ==  ====  ===================================
                Info (332115):      4.738      4.738  R        clock network delay
                Info (332115):      4.578     -0.160           clock uncertainty
                Info (332115):      4.578      0.000     uTsu  bladerf_core:U_core|dwell_cfg_rx[10]
            Info (332181): Earliest Path Arrival
                Info (332115): From Node          : bladerf_core:U_core|handshake:U_dwell_cfg_handshake|source_holding[9]
                Info (332115): To Node            : bladerf_core:U_core|dwell_cfg_rx[9]
                Info (332115): Launch Clock       : U_core|U_system_pll|altera_pll_i|general[0].gpll~PLL_OUTPUT_COUNTER|divclk
                Info (332115): Latch Clock        : U_core|U_nios_system|axi_ad9361_0|i_dev_if|i_rx|i_altlvds_rx|auto_generated|pll_sclk~PLL_OUTPUT_COUNTER|divclk
                Info (332115): Data Arrival Time  : 2.909
                Info (332115): Clock Arrival Time : 6.486
                Info (332115): Relative Delay     : -3.577
                Info (332115): Data Arrival Path:
                Info (332115): Total (ns)  Incr (ns)     Type  Element
                Info (332115): ==========  ========= ==  ====  ===================================
                Info (332115):      1.754      1.754  R        clock network delay
                Info (332115):      1.754      0.000     uTco  bladerf_core:U_core|handshake:U_dwell_cfg_handshake|source_holding[9]
                Info (332115):      1.754      0.000 RR  CELL  U_core|U_dwell_cfg_handshake|source_holding[9]|q
                Info (332115):      2.574      0.820 RR    IC  U_core|dwell_cfg_rx[9]|asdata
                Info (332115):      2.909      0.335 RR  CELL  bladerf_core:U_core|dwell_cfg_rx[9]
                Info (332115): Clock Arrival Path:
                Info (332115): Total (ns)  Incr (ns)     Type  Element
                Info (332115): ==========  ========= ==  ====  ===================================
                Info (332115):      6.326      6.326  R        clock network delay
                Info (332115):      6.486      0.160           clock uncertainty
                Info (332115):      6.486      0.000      uTh  bladerf_core:U_core|dwell_cfg_rx[9]
            Info (332181): Cross Path Clock Pessimism Removed : 2.829
            Info (332181): Required Skew   : 6.400
            Info (332181): Actual Skew     : 1.968
            Info (332181): Slack           : 4.432
        Info (332181): Path #95: Slack is 4.486 
            Info (332181): Latest Path Arrival
                Info (332115): From Node          : bladerf_core:U_core|handshake:U_dwell_cfg_handshake|source_holding[10]
                Info (332115): To Node            : bladerf_core:U_core|dwell_cfg_rx[10]
                Info (332115): Launch Clock       : U_core|U_system_pll|altera_pll_i|general[0].gpll~PLL_OUTPUT_COUNTER|divclk
                Info (332115): Latch Clock        : U_core|U_nios_system|axi_ad9361_0|i_dev_if|i_rx|i_altlvds_rx|auto_generated|pll_sclk~PLL_OUTPUT_COUNTER|divclk
                Info (332115): Data Arrival Time  : 5.798
                Info (332115): Clock Arrival Time : 4.578
                Info (332115): Relative Delay     : 1.220
                Info (332115): Data Arrival Path:
                Info (332115): Total (ns)  Incr (ns)     Type  Element
                Info (332115): ==========  ========= ==  ====  ===================================
                Info (332115):      3.313      3.313  R        clock network delay
                Info (332115):      3.313      0.000     uTco  bladerf_core:U_core|handshake:U_dwell_cfg_handshake|source_holding[10]
                Info (332115):      3.313      0.000 FF  CELL  U_core|U_dwell_cfg_handshake|source_holding[10]|q
                Info (332115):      5.095      1.782 FF    IC  U_core|dwell_cfg_rx[10]|asdata
                Info (332115):      5.798      0.703 FF  CELL  bladerf_core:U_core|dwell_cfg_rx[10]
                Info (332115): Clock Arrival Path:
                Info (332115): Total (ns)  Incr (ns)     Type  Element
                Info (332115): ==========  ========= ==  ====  ===================================
                Info (332115):      4.738      4.738  R        clock network delay
                Info (332115):      4.578     -0.160           clock uncertainty
                Info (332115):      4.578      0.000     uTsu  bladerf_core:U_core|dwell_cfg_rx[10]
            Info (332181): Earliest Path Arrival
                Info (332115): From Node          : bladerf_core:U_core|handshake:U_dwell_cfg_handshake|source_holding[19]
                Info (332115): To Node            : bladerf_core:U_core|dwell_cfg_rx[19]
                Info (332115): Launch Clock       : U_core|U_system_pll|altera_pll_i|general[0].gpll~PLL_OUTPUT_COUNTER|divclk
                Info (332115): Latch Clock        : U_core|U_nios_system|axi_ad9361_0|i_dev_if|i_rx|i_altlvds_rx|auto_generated|pll_sclk~PLL_OUTPUT_COUNTER|divclk
                Info (332115): Data Arrival Time  : 2.956
                Info (332115): Clock Arrival Time : 6.479
                Info (332115): Relative Delay     : -3.523
                Info (332115): Data Arrival Path:
                Info (332115): Total (ns)  Incr (ns)     Type  Element
                Info (332115): ==========  ========= ==  ====  ===================================
                Info (332115):      1.754      1.754  R        clock network delay
                Info (332115):      1.754      0.000     uTco  bladerf_core:U_core|handshake:U_dwell_cfg_handshake|source_holding[19]
                Info (332115):      1.754      0.000 RR  CELL  U_core|U_dwell_cfg_handshake|source_holding[19]|q
                Info (332115):      2.356      0.602 RR    IC  U_core|dwell_cfg_rx[19]~feeder|datab
                Info (332115):      2.873      0.517 RR  CELL  U_core|dwell_cfg_rx[19]~feeder|combout
                Info (332115):      2.873      0.000 RR    IC  U_core|dwell_cfg_rx[19]|d
                Info (332115):      2.956      0.083 RR  CELL  bladerf_core:U_core|dwell_cfg_rx[19]
                Info (332115): Clock Arrival Path:
                Info (332115): Total (ns)  Incr (ns)     Type  Element
                Info (332115): ==========  ========= ==  ====  ===================================
                Info (332115):      6.319      6.319  R        clock network delay
                Info (332115):      6.479      0.160           clock uncertainty
                Info (332115):      6.479      0.000      uTh  bladerf_core:U_core|dwell_cfg_rx[19]
            Info (332181): Cross Path Clock Pessimism Removed : 2.829
            Info (332181): Required Skew   : 6.400
            Info (332181): Actual Skew     : 1.914
            Info (332181): Slack           : 4.486
        Info (332181): Path #96: Slack is 4.494 
            Info (332181): Latest Path Arrival
                Info (332115): From Node          : bladerf_core:U_core|handshake:U_dwell_cfg_handshake|source_holding[10]
                Info (332115): To Node            : bladerf_core:U_core|dwell_cfg_rx[10]
                Info (332115): Launch Clock       : U_core|U_system_pll|altera_pll_i|general[0].gpll~PLL_OUTPUT_COUNTER|divclk
                Info (332115): Latch Clock        : U_core|U_nios_system|axi_ad9361_0|i_dev_if|i_rx|i_altlvds_rx|auto_generated|pll_sclk~PLL_OUTPUT_COUNTER|divclk
                Info (332115): Data Arrival Time  : 5.798
                Info (332115): Clock Arrival Time : 4.578
                Info (332115): Relative Delay     : 1.220
                Info (332115): Data Arrival Path:
                Info (332115): Total (ns)  Incr (ns)     Type  Element
                Info (332115): ==========  ========= ==  ====  ===================================
                Info (332115):      3.313      3.313  R        clock network delay
                Info (332115):      3.313      0.000     uTco  bladerf_core:U_core|handshake:U_dwell_cfg_handshake|source_holding[10]
                Info (332115):      3.313      0.000 FF  CELL  U_core|U_dwell_cfg_handshake|source_holding[10]|q
                Info (332115):      5.095      1.782 FF    IC  U_core|dwell_cfg_rx[10]|asdata
                Info (332115):      5.798      0.703 FF  CELL  bladerf_core:U_core|dwell_cfg_rx[10]
                Info (332115): Clock Arrival Path:
                Info (332115): Total (ns)  Incr (ns)     Type  Element
                Info (332115): ==========  ========= ==  ====  ===================================
                Info (332115):      4.738      4.738  R        clock network delay
                Info (332115):      4.578     -0.160           clock uncertainty
                Info (332115):      4.578      0.000     uTsu  bladerf_core:U_core|dwell_cfg_rx[10]
            Info (332181): Earliest Path Arrival
                Info (332115): From Node          : bladerf_core:U_core|handshake:U_dwell_cfg_handshake|source_holding[21]
                Info (332115): To Node            : bladerf_core:U_core|dwell_cfg_rx[21]
                Info (332115): Launch Clock       : U_core|U_system_pll|altera_pll_i|general[0].gpll~PLL_OUTPUT_COUNTER|divclk
                Info (332115): Latch Clock        : U_core|U_nios_system|axi_ad9361_0|i_dev_if|i_rx|i_altlvds_rx|auto_generated|pll_sclk~PLL_OUTPUT_COUNTER|divclk
                Info (332115): Data Arrival Time  : 2.918
                Info (332115): Clock Arrival Time : 6.481
                Info (332115): Relative Delay     : -3.563
                Info (332115): Data Arrival Path:
                Info (332115): Total (ns)  Incr (ns)     Type  Element
                Info (332115): ==========  ========= ==  ====  ===================================
                Info (332115):      1.768      1.768  R        clock network delay
                Info (332115):      1.768      0.000     uTco  bladerf_core:U_core|handshake:U_dwell_cfg_handshake|source_holding[21]
                Info (332115):      1.768      0.000 RR  CELL  U_core|U_dwell_cfg_handshake|source_holding[21]|q
                Info (332115):      2.588      0.820 RR    IC  U_core|dwell_cfg_rx[21]|asdata
                Info (332115):      2.918      0.330 RR  CELL  bladerf_core:U_core|dwell_cfg_rx[21]
                Info (332115): Clock Arrival Path:
                Info (332115): Total (ns)  Incr (ns)     Type  Element
                Info (332115): ==========  ========= ==  ====  ===================================
                Info (332115):      6.321      6.321  R        clock network delay
                Info (332115):      6.481      0.160           clock uncertainty
                Info (332115):      6.481      0.000      uTh  bladerf_core:U_core|dwell_cfg_rx[21]
            Info (332181): Cross Path Clock Pessimism Removed : 2.877
            Info (332181): Required Skew   : 6.400
            Info (332181): Actual Skew     : 1.906
            Info (332181): Slack           : 4.494
Info (332115): Worst-case slack is 4.758 for "set_max_skew -from [get_keepers {*U_dwell_readout_handshake|source_holding[*]}] -to [get_keepers {*bladerf_core:*|dwell_rd_data[*]}] 6.400 "
    Info (332181): Skew for the Latest Arrival
        Info (332181): Path #97: Slack is 4.758 
            Info (332181): Latest Path Arrival
                Info (332115): From Node          : bladerf_core:U_core|handshake:\gen_sweep_analyzer:U_dwell_readout_handshake|source_holding[24]
                Info (332115): To Node            : bladerf_core:U_core|dwell_rd_data[24]
                Info (332115): Launch Clock       : U_core|U_nios_system|axi_ad9361_0|i_dev_if|i_rx|i_altlvds_rx|auto_generated|pll_sclk~PLL_OUTPUT_COUNTER|divclk
                Info (332115): Latch Clock        : U_core|U_system_pll|altera_pll_i|general[0].gpll~PLL_OUTPUT_COUNTER|divclk
                Info (332115): Data Arrival Time  : 8.479
                Info (332115): Clock Arrival Time : 1.586
                Info (332115): Relative Delay     : 6.893
                Info (332115): Data Arrival Path:
                Info (332115): Total (ns)  Incr (ns)     Type  Element
                Info (332115): ==========  ========= ==  ====  ===================================
                Info (332115):      6.348      6.348  R        clock network delay
                Info (332115):      6.348      0.000     uTco  bladerf_core:U_core|handshake:\gen_sweep_analyzer:U_dwell_readout_handshake|source_holding[24]
                Info (332115):      6.348      0.000 FF  CELL  U_core|\gen_sweep_analyzer:U_dwell_readout_handshake|source_holding[24]|q
                Info (332115):      8.088      1.740 FF    IC  U_core|dwell_rd_data[24]~feeder|dataf
                Info (332115):      8.174      0.086 FF  CELL  U_core|dwell_rd_data[24]~feeder|combout
                Info (332115):      8.174      0.000 FF    IC  U_core|dwell_rd_data[24]|d
                Info (332115):      8.479      0.305 FF  CELL  bladerf_core:U_core|dwell_rd_data[24]
                Info (332115): Clock Arrival Path:
                Info (332115): Total (ns)  Incr (ns)     Type  Element
                Info (332115): ==========  ========= ==  ====  ===================================
                Info (332115):      1.746      1.746  R        clock network delay
                Info (332115):      1.586     -0.160           clock uncertainty
                Info (332115):      1.586      0.000     uTsu  bladerf_core:U_core|dwell_rd_data[24]
            Info (332181): Earliest Path Arrival
                Info (332115): From Node          : bladerf_core:U_core|handshake:\gen_sweep_analyzer:U_dwell_readout_handshake|source_holding[18]
                Info (332115): To Node            : bladerf_core:U_core|dwell_rd_data[18]
                Info (332115): Launch Clock       : U_core|U_nios_system|axi_ad9361_0|i_dev_if|i_rx|i_altlvds_rx|auto_generated|pll_sclk~PLL_OUTPUT_COUNTER|divclk
                Info (332115): Latch Clock        : U_core|U_system_pll|altera_pll_i|general[0].gpll~PLL_OUTPUT_COUNTER|divclk
                Info (332115): Data Arrival Time  : 5.929
                Info (332115): Clock Arrival Time : 3.507
                Info (332115): Relative Delay     : 2.422
                Info (332115): Data Arrival Path:
                Info (332115): Total (ns)  Incr (ns)     Type  Element
                Info (332115): ==========  ========= ==  ====  ===================================
                Info (332115):      4.738      4.738  R        clock network delay
                Info (332115):      4.738      0.000     uTco  bladerf_core:U_core|handshake:\gen_sweep_analyzer:U_dwell_readout_handshake|source_holding[18]
                Info (332115):      4.738      0.000 RR  CELL  U_core|\gen_sweep_analyzer:U_dwell_readout_handshake|source_holding[18]|q
                Info (332115):      5.786      1.048 RR    IC  U_core|dwell_rd_data[18]~feeder|dataf
                Info (332115):      5.848      0.062 RR  CELL  U_core|dwell_rd_data[18]~feeder|combout
                Info (332115):      5.848      0.000 RR    IC  U_core|dwell_rd_data[18]|d
                Info (332115):      5.929      0.081 RR  CELL  bladerf_core:U_core|dwell_rd_data[18]
                Info (332115): Clock Arrival Path:
                Info (332115): Total (ns)  Incr (ns)     Type  Element
                Info (332115): ==========  ========= ==  ====  ===================================
                Info (332115):      3.347      3.347  R        clock network delay
                Info (332115):      3.507      0.160           clock uncertainty
                Info (332115):      3.507      0.000      uTh  bladerf_core:U_core|dwell_rd_data[18]
            Info (332181): Cross Path Clock Pessimism Removed : 2.829
            Info (332181): Required Skew   : 6.400
            Info (332181): Actual Skew     : 1.642
            Info (332181): Slack           : 4.758
        Info (332181): Path #98: Slack is 4.912 
            Info (332181): Latest Path Arrival
                Info (332115): From Node          : bladerf_core:U_core|handshake:\gen_sweep_analyzer:U_dwell_readout_handshake|source_holding[17]
                Info (332115): To Node            : bladerf_core:U_core|dwell_rd_data[17]
                Info (332115): Launch Clock       : U_core|U_nios_system|axi_ad9361_0|i_dev_if|i_rx|i_altlvds_rx|auto_generated|pll_sclk~PLL_OUTPUT_COUNTER|divclk
                Info (332115): Latch Clock        : U_core|U_system_pll|altera_pll_i|general[0].gpll~PLL_OUTPUT_COUNTER|divclk
                Info (332115): Data Arrival Time  : 8.405
                Info (332115): Clock Arrival Time : 1.641
                Info (332115): Relative Delay     : 6.764
                Info (332115): Data Arrival Path:
                Info (332115): Total (ns)  Incr (ns)     Type  Element
                Info (332115): ==========  ========= ==  ====  ===================================
                Info (332115):      6.329      6.329  R        clock network delay
                Info (332115):      6.329      0.000     uTco  bladerf_core:U_core|handshake:\gen_sweep_analyzer:U_dwell_readout_handshake|source_holding[17]
                Info (332115):      6.329      0.000 FF  CELL  U_core|\gen_sweep_analyzer:U_dwell_readout_handshake|source_holding[17]|q
                Info (332115):      7.679      1.350 FF    IC  U_core|dwell_rd_data[17]|asdata
                Info (332115):      8.405      0.726 FF  CELL  bladerf_core:U_core|dwell_rd_data[17]
                Info (332115): Clock Arrival Path:
                Info (332115): Total (ns)  Incr (ns)     Type  Element
                Info (332115): ==========  ========= ==  ====  ===================================
                Info (332115):      1.801      1.801  R        clock network delay
                Info (332115):      1.641     -0.160           clock uncertainty
                Info (332115):      1.641      0.000     uTsu  bladerf_core:U_core|dwell_rd_data[17]
            Info (332181): Earliest Path Arrival
                Info (332115): From Node          : bladerf_core:U_core|handshake:\gen_sweep_analyzer:U_dwell_readout_handshake|source_holding[8]
                Info (332115): To Node            : bladerf_core:U_core|dwell_rd_data[8]
                Info (332115): Launch Clock       : U_core|U_nios_system|axi_ad9361_0|i_dev_if|i_rx|i_altlvds_rx|auto_generated|pll_sclk~PLL_OUTPUT_COUNTER|divclk
                Info (332115): Latch Clock        : U_core|U_system_pll|altera_pll_i|general[0].gpll~PLL_OUTPUT_COUNTER|divclk
                Info (332115): Data Arrival Time  : 5.930
                Info (332115): Clock Arrival Time : 3.483
                Info (332115): Relative Delay     : 2.447
                Info (332115): Data Arrival Path:
                Info (332115): Total (ns)  Incr (ns)     Type  Element
                Info (332115): ==========  ========= ==  ====  ===================================
                Info (332115):      4.743      4.743  R        clock network delay
                Info (332115):      4.743      0.000     uTco  bladerf_core:U_core|handshake:\gen_sweep_analyzer:U_dwell_readout_handshake|source_holding[8]
                Info (332115):      4.743      0.000 FF  CELL  U_core|\gen_sweep_analyzer:U_dwell_readout_handshake|source_holding[8]|q
                Info (332115):      5.340      0.597 FF    IC  U_core|dwell_rd_data[8]~feeder|dataa
                Info (332115):      5.848      0.508 FF  CELL  U_core|dwell_rd_data[8]~feeder|combout
                Info (332115):      5.848      0.000 FF    IC  U_core|dwell_rd_data[8]|d
                Info (332115):      5.930      0.082 FF  CELL  bladerf_core:U_core|dwell_rd_data[8]
                Info (332115): Clock Arrival Path:
                Info (332115): Total (ns)  Incr (ns)     Type  Element
                Info (332115): ==========  ========= ==  ====  ===================================
                Info (332115):      3.323      3.323  R        clock network delay
                Info (332115):      3.483      0.160           clock uncertainty
                Info (332115):      3.483      0.000      uTh  bladerf_core:U_core|dwell_rd_data[8]
            Info (332181): Cross Path Clock Pessimism Removed : 2.829
            Info (332181): Required Skew   : 6.400
            Info (332181): Actual Skew     : 1.488
            Info (332181): Slack           : 4.912
        Info (332181): Path #99: Slack is 4.918 
            Info (332181): Latest Path Arrival
                Info (332115): From Node          : bladerf_core:U_core|handshake:\gen_sweep_analyzer:U_dwell_readout_handshake|source_holding[9]
                Info (332115): To Node            : bladerf_core:U_core|dwell_rd_data[9]
                Info (332115): Launch Clock       : U_core|U_nios_system|axi_ad9361_0|i_dev_if|i_rx|i_altlvds_rx|auto_generated|pll_sclk~PLL_OUTPUT_COUNTER|divclk
                Info (332115): Latch Clock        : U_core|U_system_pll|altera_pll_i|general[0].gpll~PLL_OUTPUT_COUNTER|divclk
                Info (332115): Data Arrival Time  : 8.398
                Info (332115): Clock Arrival Time : 1.640
                Info (332115): Relative Delay     : 6.758
                Info (332115): Data Arrival Path:
                Info (332115): Total (ns)  Incr (ns)     Type  Element
                Info (332115): ==========  ========= ==  ====  ===================================
                Info (332115):      6.323      6.323  R        clock network delay
                Info (332115):      6.323      0.000     uTco  bladerf_core:U_core|handshake:\gen_sweep_analyzer:U_dwell_readout_handshake|source_holding[9]
                Info (332115):      6.323      0.000 FF  CELL  U_core|\gen_sweep_analyzer:U_dwell_readout_handshake|source_holding[9]|q
                Info (332115):      7.672      1.349 FF    IC  U_core|dwell_rd_data[9]|asdata
                Info (332115):      8.398      0.726 FF  CELL  bladerf_core:U_core|dwell_rd_data[9]
                Info (332115): Clock Arrival Path:
                Info (332115): Total (ns)  Incr (ns)     Type  Element
                Info (332115): ==========  ========= ==  ====  ===================================
                Info (332115):      1.800      1.800  R        clock network delay
                Info (332115):      1.640     -0.160           clock uncertainty
                Info (332115):      1.640      0.000     uTsu  bladerf_core:U_core|dwell_rd_data[9]
            Info (332181): Earliest Path Arrival
                Info (332115): From Node          : bladerf_core:U_core|handshake:\gen_sweep_analyzer:U_dwell_readout_handshake|source_holding[8]
                Info (332115): To Node            : bladerf_core:U_core|dwell_rd_data[8]
                Info (332115): Launch Clock       : U_core|U_nios_system|axi_ad9361_0|i_dev_if|i_rx|i_altlvds_rx|auto_generated|pll_sclk~PLL_OUTPUT_COUNTER|divclk
                Info (332115): Latch Clock        : U_core|U_system_pll|altera_pll_i|general[0].gpll~PLL_OUTPUT_COUNTER|divclk
                Info (332115): Data Arrival Time  : 5.930
                Info (332115): Clock Arrival Time : 3.483
                Info (332115): Relative Delay     : 2.447
                Info (332115): Data Arrival Path:
                Info (332115): Total (ns)  Incr (ns)     Type  Element
                Info (332115): ==========  ========= ==  ====  ===================================
                Info (332115):      4.743      4.743  R        clock network delay
                Info (332115):      4.743      0.000     uTco  bladerf_core:U_core|handshake:\gen_sweep_analyzer:U_dwell_readout_handshake|source_holding[8]
                Info (332115):      4.743      0.000 FF  CELL  U_core|\gen_sweep_analyzer:U_dwell_readout_handshake|source_holding[8]|q
                Info (332115):      5.340      0.597 FF    IC  U_core|dwell_rd_data[8]~feeder|dataa
                Info (332115):      5.848      0.508 FF  CELL  U_core|dwell_rd_data[8]~feeder|combout
                Info (332115):      5.848      0.000 FF    IC  U_core|dwell_rd_data[8]|d
                Info (332115):      5.930      0.082 FF  CELL  bladerf_core:U_core|dwell_rd_data[8]
                Info (332115): Clock Arrival Path:
                Info (332115): Total (ns)  Incr (ns)     Type  Element
                Info (332115): ==========  ========= ==  ====  ===================================
                Info (332115):      3.323      3.323  R        clock network delay
                Info (332115):      3.483      0.160           clock uncertainty
                Info (332115):      3.483      0.000      uTh  bladerf_core:U_core|dwell_rd_data[8]
            Info (332181): Cross Path Clock Pessimism Removed : 2.829
            Info (332181): Required Skew   : 6.400
            Info (332181): Actual Skew     : 1.482
            Info (332181): Slack           : 4.918
        Info (332181): Path #100: Slack is 4.921 
            Info (332181): Latest Path Arrival
                Info (332115): From Node          : bladerf_core:U_core|handshake:\gen_sweep_analyzer:U_dwell_readout_handshake|source_holding[31]
                Info (332115): To Node            : bladerf_core:U_core|dwell_rd_data[31]
                Info (332115): Launch Clock       : U_core|U_nios_system|axi_ad9361_0|i_dev_if|i_rx|i_altlvds_rx|auto_generated|pll_sclk~PLL_OUTPUT_COUNTER|divclk
                Info (332115): Latch Clock        : U_core|U_system_pll|altera_pll_i|general[0].gpll~PLL_OUTPUT_COUNTER|divclk
                Info (332115): Data Arrival Time  : 8.316
                Info (332115): Clock Arrival Time : 1.586
                Info (332115): Relative Delay     : 6.730
                Info (332115): Data Arrival Path:
                Info (332115): Total (ns)  Incr (ns)     Type  Element
                Info (332115): ==========  ========= ==  ====  ===================================
                Info (332115):      6.346      6.346  R        clock network delay
                Info (332115):      6.346      0.000     uTco  bladerf_core:U_core|handshake:\gen_sweep_analyzer:U_dwell_readout_handshake|source_holding[31]
                Info (332115):      6.346      0.000 FF  CELL  U_core|\gen_sweep_analyzer:U_dwell_readout_handshake|source_holding[31]|q
                Info (332115):      7.389      1.043 FF    IC  U_core|dwell_rd_data[31]~feeder|dataa
                Info (332115):      8.011      0.622 FF  CELL  U_core|dwell_rd_data[31]~feeder|combout
                Info (332115):      8.011      0.000 FF    IC  U_core|dwell_rd_data[31]|d
                Info (332115):      8.316      0.305 FF  CELL  bladerf_core:U_core|dwell_rd_data[31]
                Info (332115): Clock Arrival Path:
                Info (332115): Total (ns)  Incr (ns)     Type  Element
                Info (332115): ==========  ========= ==  ====  ===================================
                Info (332115):      1.746      1.746  R        clock network delay
                Info (332115):      1.586     -0.160           clock uncertainty
                Info (332115):      1.586      0.000     uTsu  bladerf_core:U_core|dwell_rd_data[31]
            Info (332181): Earliest Path Arrival
                Info (332115): From Node          : bladerf_core:U_core|handshake:\gen_sweep_analyzer:U_dwell_readout_handshake|source_holding[18]
                Info (332115): To Node            : bladerf_core:U_core|dwell_rd_data[18]
                Info (332115): Launch Clock       : U_core|U_nios_system|axi_ad9361_0|i_dev_if|i_rx|i_altlvds_rx|auto_generated|pll_sclk~PLL_OUTPUT_COUNTER|divclk
                Info (332115): Latch Clock        : U_core|U_system_pll|altera_pll_i|general[0].gpll~PLL_OUTPUT_COUNTER|divclk
                Info (332115): Data Arrival Time  : 5.929
                Info (332115): Clock Arrival Time : 3.507
                Info (332115): Relative Delay     : 2.422
                Info (332115): Data Arrival Path:
                Info (332115): Total (ns)  Incr (ns)     Type  Element
                Info (332115): ==========  ========= ==  ====  ===================================
                Info (332115):      4.738      4.738  R        clock network delay
                Info (332115):      4.738      0.000     uTco  bladerf_core:U_core|handshake:\gen_sweep_analyzer:U_dwell_readout_handshake|source_holding[18]
                Info (332115):      4.738      0.000 RR  CELL  U_core|\gen_sweep_analyzer:U_dwell_readout_handshake|source_holding[18]|q
                Info (332115):      5.786      1.048 RR    IC  U_core|dwell_rd_data[18]~feeder|dataf
                Info (332115):      5.848      0.062 RR  CELL  U_core|dwell_rd_data[18]~feeder|combout
                Info (332115):      5.848      0.000 RR    IC  U_core|dwell_rd_data[18]|d
                Info (332115):      5.929      0.081 RR  CELL  bladerf_core:U_core|dwell_rd_data[18]
                Info (332115): Clock Arrival Path:
                Info (332115): Total (ns)  Incr (ns)     Type  Element
                Info (332115): ==========  ========= ==  ====  ===================================
                Info (332115):      3.347      3.347  R        clock network delay
                Info (332115):      3.507      0.160           clock uncertainty
                Info (332115):      3.507      0.000      uTh  bladerf_core:U_core|dwell_rd_data[18]
            Info (332181): Cross Path Clock Pessimism Removed : 2.829
            Info (332181): Required Skew   : 6.400
            Info (332181): Actual Skew     : 1.479
            Info (332181): Slack           : 4.921
    Info (332181): Skew for the Earliest Arrival
        Info (332181): Path #101: Slack is 4.758 
            Info (332181): Latest Path Arrival
                Info (332115): From Node          : bladerf_core:U_core|handshake:\gen_sweep_analyzer:U_dwell_readout_handshake|source_holding[24]
                Info (332115): To Node            : bladerf_core:U_core|dwell_rd_data[24]
                Info (332115): Launch Clock       : U_core|U_nios_system|axi_ad9361_0|i_dev_if|i_rx|i_altlvds_rx|auto_generated|pll_sclk~PLL_OUTPUT_COUNTER|divclk
                Info (332115): Latch Clock        : U_core|U_system_pll|altera_pll_i|general[0].gpll~PLL_OUTPUT_COUNTER|divclk
                Info (332115): Data Arrival Time  : 8.479
                Info (332115): Clock Arrival Time : 1.586
                Info (332115): Relative Delay     : 6.893
                Info (332115): Data Arrival Path:
                Info (332115): Total (ns)  Incr (ns)     Type  Element
                Info (332115): ==========  ========= ==  ====  ===================================
                Info (332115):      6.348      6.348  R        clock network delay
                Info (332115):      6.348      0.000     uTco  bladerf_core:U_core|handshake:\gen_sweep_analyzer:U_dwell_readout_handshake|source_holding[24]
                Info (332115):      6.348      0.000 FF  CELL  U_core|\gen_sweep_analyzer:U_dwell_readout_handshake|source_holding[24]|q
                Info (332115):      8.088      1.740 FF    IC  U_core|dwell_rd_data[24]~feeder|dataf
                Info (332115):      8.174      0.086 FF  CELL  U_core|dwell_rd_data[24]~feeder|combout
                Info (332115):      8.174      0.000 FF    IC  U_core|dwell_rd_data[24]|d
                Info (332115):      8.479      0.305 FF  CELL  bladerf_core:U_core|dwell_rd_data[24]
                Info (332115): Clock Arrival Path:
                Info (332115): Total (ns)  Incr (ns)     Type  Element
                Info (332115): ==========  ========= ==  ====  ===================================
                Info (332115):      1.746      1.746  R        clock network delay
                Info (332115):      1.586     -0.160           clock uncertainty
                Info (332115):      1.586      0.000     uTsu  bladerf_core:U_core|dwell_rd_data[24]
            Info (332181): Earliest Path Arrival
                Info (332115): From Node          : bladerf_core:U_core|handshake:\gen_sweep_analyzer:U_dwell_readout_handshake|source_holding[18]
                Info (332115): To Node            : bladerf_core:U_core|dwell_rd_data[18]
                Info (332115): Launch Clock       : U_core|U_nios_system|axi_ad9361_0|i_dev_if|i_rx|i_altlvds_rx|auto_generated|pll_sclk~PLL_OUTPUT_COUNTER|divclk
                Info (332115): Latch Clock        : U_core|U_system_pll|altera_pll_i|general[0].gpll~PLL_OUTPUT_COUNTER|divclk
                Info (332115): Data Arrival Time  : 5.929
                Info (332115): Clock Arrival Time : 3.507
                Info (332115): Relative Delay     : 2.422
                Info (332115): Data Arrival Path:
                Info (332115): Total (ns)  Incr (ns)     Type  Element
                Info (332115): ==========  ========= ==  ====  ===================================
                Info (332115):      4.738      4.738  R        clock network delay
                Info (332115):      4.738      0.000     uTco  bladerf_core:U_core|handshake:\gen_sweep_analyzer:U_dwell_readout_handshake|source_holding[18]
                Info (332115):      4.738      0.000 RR  CELL  U_core|\gen_sweep_analyzer:U_dwell_readout_handshake|source_holding[18]|q
                Info (332115):      5.786      1.048 RR    IC  U_core|dwell_rd_data[18]~feeder|dataf
                Info (332115):      5.848      0.062 RR  CELL  U_core|dwell_rd_data[18]~feeder|combout
                Info (332115):      5.848      0.000 RR    IC  U_core|dwell_rd_data[18]|d
                Info (332115):      5.929      0.081 RR  CELL  bladerf_core:U_core|dwell_rd_data[18]
                Info (332115): Clock Arrival Path:
                Info (332115): Total (ns)  Incr (ns)     Type  Element
                Info (332115): ==========  ========= ==  ====  ===================================
                Info (332115):      3.347      3.347  R        clock network delay
                Info (332115):      3.507      0.160           clock uncertainty
                Info (332115):      3.507      0.000      uTh  bladerf_core:U_core|dwell_rd_data[18]
            Info (332181): Cross Path Clock Pessimism Removed : 2.829
            Info (332181): Required Skew   : 6.400
            Info (332181): Actual Skew     : 1.642
            Info (332181): Slack           : 4.758
        Info (332181): Path #102: Slack is 4.783 
            Info (332181): Latest Path Arrival
                Info (332115): From Node          : bladerf_core:U_core|handshake:\gen_sweep_analyzer:U_dwell_readout_handshake|source_holding[24]
                Info (332115): To Node            : bladerf_core:U_core|dwell_rd_data[24]
                Info (332115): Launch Clock       : U_core|U_nios_system|axi_ad9361_0|i_dev_if|i_rx|i_altlvds_rx|auto_generated|pll_sclk~PLL_OUTPUT_COUNTER|divclk
                Info (332115): Latch Clock        : U_core|U_system_pll|altera_pll_i|general[0].gpll~PLL_OUTPUT_COUNTER|divclk
                Info (332115): Data Arrival Time  : 8.479
                Info (332115): Clock Arrival Time : 1.586
                Info (332115): Relative Delay     : 6.893
                Info (332115): Data Arrival Path:
                Info (332115): Total (ns)  Incr (ns)     Type  Element
                Info (332115): ==========  ========= ==  ====  ===================================
                Info (332115):      6.348      6.348  R        clock network delay
                Info (332115):      6.348      0.000     uTco  bladerf_core:U_core|handshake:\gen_sweep_analyzer:U_dwell_readout_handshake|source_holding[24]
                Info (332115):      6.348      0.000 FF  CELL  U_core|\gen_sweep_analyzer:U_dwell_readout_handshake|source_holding[24]|q
                Info (332115):      8.088      1.740 FF    IC  U_core|dwell_rd_data[24]~feeder|dataf
                Info (332115):      8.174      0.086 FF  CELL  U_core|dwell_rd_data[24]~feeder|combout
                Info (332115):      8.174      0.000 FF    IC  U_core|dwell_rd_data[24]|d
                Info (332115):      8.479      0.305 FF  CELL  bladerf_core:U_core|dwell_rd_data[24]
                Info (332115): Clock Arrival Path:
                Info (332115): Total (ns)  Incr (ns)     Type  Element
                Info (332115): ==========  ========= ==  ====  ===================================
                Info (332115):      1.746      1.746  R        clock network delay
                Info (332115):      1.586     -0.160           clock uncertainty
                Info (332115):      1.586      0.000     uTsu  bladerf_core:U_core|dwell_rd_data[24]
            Info (332181): Earliest Path Arrival
                Info (332115): From Node          : bladerf_core:U_core|handshake:\gen_sweep_analyzer:U_dwell_readout_handshake|source_holding[8]
                Info (332115): To Node            : bladerf_core:U_core|dwell_rd_data[8]
                Info (332115): Launch Clock       : U_core|U_nios_system|axi_ad9361_0|i_dev_if|i_rx|i_altlvds_rx|auto_generated|pll_sclk~PLL_OUTPUT_COUNTER|divclk
                Info (332115): Latch Clock        : U_core|U_system_pll|altera_pll_i|general[0].gpll~PLL_OUTPUT_COUNTER|divclk
                Info (332115): Data Arrival Time  : 5.930
                Info (332115): Clock Arrival Time : 3.483
                Info (332115): Relative Delay     : 2.447
                Info (332115): Data Arrival Path:
                Info (332115): Total (ns)  Incr (ns)     Type  Element
                Info (332115): ==========  ========= ==  ====  ===================================
                Info (332115):      4.743      4.743  R        clock network delay
                Info (332115):      4.743      0.000     uTco  bladerf_core:U_core|handshake:\gen_sweep_analyzer:U_dwell_readout_handshake|source_holding[8]
                Info (332115):      4.743      0.000 FF  CELL  U_core|\gen_sweep_analyzer:U_dwell_readout_handshake|source_holding[8]|q
                Info (332115):      5.340      0.597 FF    IC  U_core|dwell_rd_data[8]~feeder|dataa
                Info (332115):      5.848      0.508 FF  CELL  U_core|dwell_rd_data[8]~feeder|combout
                Info (332115):      5.848      0.000 FF    IC  U_core|dwell_rd_data[8]|d
                Info (332115):      5.930      0.082 FF  CELL  bladerf_core:U_core|dwell_rd_data[8]
                Info (332115): Clock Arrival Path:
                Info (332115): Total (ns)  Incr (ns)     Type  Element
                Info (332115): ==========  ========= ==  ====  ===================================
                Info (332115):      3.323      3.323  R        clock network delay
                Info (332115):      3.483      0.160           clock uncertainty
                Info (332115):      3.483      0.000      uTh  bladerf_core:U_core|dwell_rd_data[8]
            Info (332181): Cross Path Clock Pessimism Removed : 2.829
            Info (332181): Required Skew   : 6.400
            Info (332181): Actual Skew     : 1.617
            Info (332181): Slack           : 4.783
        Info (332181): Path #103: Slack is 4.810 
            Info (332181): Latest Path Arrival
                Info (332115): From Node          : bladerf_core:U_core|handshake:\gen_sweep_analyzer:U_dwell_readout_handshake|source_holding[24]
                Info (332115): To Node            : bladerf_core:U_core|dwell_rd_data[24]
                Info (332115): Launch Clock       : U_core|U_nios_system|axi_ad9361_0|i_dev_if|i_rx|i_altlvds_rx|auto_generated|pll_sclk~PLL_OUTPUT_COUNTER|divclk
                Info (332115): Latch Clock        : U_core|U_system_pll|altera_pll_i|general[0].gpll~PLL_OUTPUT_COUNTER|divclk
                Info (332115): Data Arrival Time  : 8.479
                Info (332115): Clock Arrival Time : 1.586
                Info (332115): Relative Delay     : 6.893
                Info (332115): Data Arrival Path:
                Info (332115): Total (ns)  Incr (ns)     Type  Element
                Info (332115): ==========  ========= ==  ====  ===================================
                Info (332115):      6.348      6.348  R        clock network delay
                Info (332115):      6.348      0.000     uTco  bladerf_core:U_core|handshake:\gen_sweep_analyzer:U_dwell_readout_handshake|source_holding[24]
                Info (332115):      6.348      0.000 FF  CELL  U_core|\gen_sweep_analyzer:U_dwell_readout_handshake|source_holding[24]|q
                Info (332115):      8.088      1.740 FF    IC  U_core|dwell_rd_data[24]~feeder|dataf
                Info (332115):      8.174      0.086 FF  CELL  U_core|dwell_rd_data[24]~feeder|combout
                Info (332115):      8.174      0.000 FF    IC  U_core|dwell_rd_data[24]|d
                Info (332115):      8.479      0.305 FF  CELL  bladerf_core:U_core|dwell_rd_data[24]
                Info (332115): Clock Arrival Path:
                Info (332115): Total (ns)  Incr (ns)     Type  Element
                Info (332115): ==========  ========= ==  ====  ===================================
                Info (332115):      1.746      1.746  R        clock network delay
                Info (332115):      1.586     -0.160           clock uncertainty
                Info (332115):      1.586      0.000     uTsu  bladerf_core:U_core|dwell_rd_data[24]
            Info (332181): Earliest Path Arrival
                Info (332115): From Node          : bladerf_core:U_core|handshake:\gen_sweep_analyzer:U_dwell_readout_handshake|source_holding[16]
                Info (332115): To Node            : bladerf_core:U_core|dwell_rd_data[16]
                Info (332115): Launch Clock       : U_core|U_nios_system|axi_ad9361_0|i_dev_if|i_rx|i_altlvds_rx|auto_generated|pll_sclk~PLL_OUTPUT_COUNTER|divclk
                Info (332115): Latch Clock        : U_core|U_system_pll|altera_pll_i|general[0].gpll~PLL_OUTPUT_COUNTER|divclk
                Info (332115): Data Arrival Time  : 5.981
                Info (332115): Clock Arrival Time : 3.507
                Info (332115): Relative Delay     : 2.474
                Info (332115): Data Arrival Path:
                Info (332115): Total (ns)  Incr (ns)     Type  Element
                Info (332115): ==========  ========= ==  ====  ===================================
                Info (332115):      4.733      4.733  R        clock network delay
                Info (332115):      4.733      0.000     uTco  bladerf_core:U_core|handshake:\gen_sweep_analyzer:U_dwell_readout_handshake|source_holding[16]
                Info (332115):      4.733      0.000 FF  CELL  U_core|\gen_sweep_analyzer:U_dwell_readout_handshake|source_holding[16]|q
                Info (332115):      5.547      0.814 FF    IC  U_core|dwell_rd_data[16]|asdata
                Info (332115):      5.981      0.434 FF  CELL  bladerf_core:U_core|dwell_rd_data[16]
                Info (332115): Clock Arrival Path:
                Info (332115): Total (ns)  Incr (ns)     Type  Element
                Info (332115): ==========  ========= ==  ====  ===================================
                Info (332115):      3.347      3.347  R        clock network delay
                Info (332115):      3.507      0.160           clock uncertainty
                Info (332115):      3.507      0.000      uTh  bladerf_core:U_core|dwell_rd_data[16]
            Info (332181): Cross Path Clock Pessimism Removed : 2.829
            Info (332181): Required Skew   : 6.400
            Info (332181): Actual Skew     : 1.590
            Info (332181): Slack           : 4.810
        Info (332181): Path #104: Slack is 4.844 
            Info (332181): Latest Path Arrival
                Info (332115): From Node          : bladerf_core:U_core|handshake:\gen_sweep_analyzer:U_dwell_readout_handshake|source_holding[24]
                Info (332115): To Node            : bladerf_core:U_core|dwell_rd_data[24]
                Info (332115): Launch Clock       : U_core|U_nios_system|axi_ad9361_0|i_dev_if|i_rx|i_altlvds_rx|auto_generated|pll_sclk~PLL_OUTPUT_COUNTER|divclk
                Info (332115): Latch Clock        : U_core|U_system_pll|altera_pll_i|general[0].gpll~PLL_OUTPUT_COUNTER|divclk
                Info (332115): Data Arrival Time  : 8.479
                Info (332115): Clock Arrival Time : 1.586
                Info (332115): Relative Delay     : 6.893
                Info (332115): Data Arrival Path:
                Info (332115): Total (ns)  Incr (ns)     Type  Element
                Info (332115): ==========  ========= ==  ====  ===================================
                Info (332115):      6.348      6.348  R        clock network delay
                Info (332115):      6.348      0.000     uTco  bladerf_core:U_core|handshake:\gen_sweep_analyzer:U_dwell_readout_handshake|source_holding[24]
                Info (332115):      6.348      0.000 FF  CELL  U_core|\gen_sweep_analyzer:U_dwell_readout_handshake|source_holding[24]|q
                Info (332115):      8.088      1.740 FF    IC  U_core|dwell_rd_data[24]~feeder|dataf
                Info (332115):      8.174      0.086 FF  CELL  U_core|dwell_rd_data[24]~feeder|combout
                Info (332115):      8.174      0.000 FF    IC  U_core|dwell_rd_data[24]|d
                Info (332115):      8.479      0.305 FF  CELL  bladerf_core:U_core|dwell_rd_data[24]
                Info (332115): Clock Arrival Path:
                Info (332115): Total (ns)  Incr (ns)     Type  Element
                Info (332115): ==========  ========= ==  ====  ===================================
                Info (332115):      1.746      1.746  R        clock network delay
                Info (332115):      1.586     -0.160           clock uncertainty
                Info (332115):      1.586      0.000     uTsu  bladerf_core:U_core|dwell_rd_data[24]
            Info (332181): Earliest Path Arrival
                Info (332115): From Node          : bladerf_core:U_core|handshake:\gen_sweep_analyzer:U_dwell_readout_handshake|source_holding[22]
                Info (332115): To Node            : bladerf_core:U_core|dwell_rd_data[22]
                Info (332115): Launch Clock       : U_core|U_nios_system|axi_ad9361_0|i_dev_if|i_rx|i_altlvds_rx|auto_generated|pll_sclk~PLL_OUTPUT_COUNTER|divclk
                Info (332115): Latch Clock        : U_core|U_system_pll|altera_pll_i|general[0].gpll~PLL_OUTPUT_COUNTER|divclk
                Info (332115): Data Arrival Time  : 5.902
                Info (332115): Clock Arrival Time : 3.443
                Info (332115): Relative Delay     : 2.459
                Info (332115): Data Arrival Path:
                Info (332115): Total (ns)  Incr (ns)     Type  Element
                Info (332115): ==========  ========= ==  ====  ===================================
                Info (332115):      4.762      4.762  R        clock network delay
                Info (332115):      4.762      0.000     uTco  bladerf_core:U_core|handshake:\gen_sweep_analyzer:U_dwell_readout_handshake|source_holding[22]
                Info (332115):      4.762      0.000 FF  CELL  U_core|\gen_sweep_analyzer:U_dwell_readout_handshake|source_holding[22]|q
                Info (332115):      5.429      0.667 FF    IC  U_core|dwell_rd_data[22]~feeder|datac
                Info (332115):      5.820      0.391 FF  CELL  U_core|dwell_rd_data[22]~feeder|combout
                Info (332115):      5.820      0.000 FF    IC  U_core|dwell_rd_data[22]|d
                Info (332115):      5.902      0.082 FF  CELL  bladerf_core:U_core|dwell_rd_data[22]
                Info (332115): Clock Arrival Path:
                Info (332115): Total (ns)  Incr (ns)     Type  Element
                Info (332115): ==========  ========= ==  ====  ===================================
                Info (332115):      3.283      3.283  R        clock network delay
                Info (332115):      3.443      0.160           clock uncertainty
                Info (332115):      3.443      0.000      uTh  bladerf_core:U_core|dwell_rd_data[22]
            Info (332181): Cross Path Clock Pessimism Removed : 2.878
            Info (332181): Required Skew   : 6.400
            Info (332181): Actual Skew     : 1.556
            Info (332181): Slack           : 4.844
Info (332115): Worst-case slack is 4.853 for "set_max_skew -from [get_keepers {*axi_ad9361_rx_channel:i_rx_channel_2|up_adc_channel:i_up_adc_channel|up_xfer_cntrl:i_xfer_cntrl|up_xfer_data[*]}] -to [get_keepers {*axi_ad9361_rx_channel:i_rx_channel_2|up_adc_channel:i_up_adc_channel|up_xfer_cntrl:i_xfer_cntrl|d_data_cntrl[*]}] 6.400 "
    Info (332181): Skew for the Latest Arrival
        Info (332181): Path #105: Slack is 4.853 
            Info (332181): Latest Path Arrival
                Info (332115): From Node          : bladerf_core:U_core|nios_system:U_nios_system|axi_ad9361:axi_ad9361_0|axi_ad9361_rx:i_rx|axi_ad9361_rx_channel:i_rx_channel_2|up_adc_channel:i_up_adc_channel|up_xfer_cntrl:i_xfer_cntrl|up_xfer_data[28]
                Info (332115): To Node            : bladerf_core:U_core|nios_system:U_nios_system|axi_ad9361:axi_ad9361_0|axi_ad9361_rx:i_rx|axi_ad9361_rx_channel:i_rx_channel_2|up_adc_channel:i_up_adc_channel|up_xfer_cntrl:i_xfer_cntrl|d_data_cntrl[28]
                Info (332115): Launch Clock       : U_core|U_system_pll|altera_pll_i|general[0].gpll~PLL_OUTPUT_COUNTER|divclk
                Info (332115): Latch Clock        : U_core|U_nios_system|axi_ad9361_0|i_dev_if|i_rx|i_altlvds_rx|auto_generated|pll_sclk~PLL_OUTPUT_COUNTER|divclk
                Info (332115): Data Arrival Time  : 5.033
                Info (332115): Clock Arrival Time : 4.571
                Info (332115): Relative Delay     : 0.462
                Info (332115): Data Arrival Path:
                Info (332115): Total (ns)  Incr (ns)     Type  Element
                Info (332115): ==========  ========= ==  ====  ===================================
                Info (332115):      3.301      3.301  R        clock network delay
                Info (332115):      3.301      0.000     uTco  bladerf_core:U_core|nios_system:U_nios_system|axi_ad9361:axi_ad9361_0|axi_ad9361_rx:i_rx|axi_ad9361_rx_channel:i_rx_channel_2|up_adc_channel:i_up_adc_channel|up_xfer_cntrl:i_xfer_cntrl|up_xfer_data[28]
                Info (332115):      3.301      0.000 FF  CELL  U_core|U_nios_system|axi_ad9361_0|i_rx|i_rx_channel_2|i_up_adc_channel|i_xfer_cntrl|up_xfer_data[28]|q
                Info (332115):      4.109      0.808 FF    IC  U_core|U_nios_system|axi_ad9361_0|i_rx|i_rx_channel_2|i_up_adc_channel|i_xfer_cntrl|d_data_cntrl[28]~feeder|datab
                Info (332115):      4.726      0.617 FF  CELL  U_core|U_nios_system|axi_ad9361_0|i_rx|i_rx_channel_2|i_up_adc_channel|i_xfer_cntrl|d_data_cntrl[28]~feeder|combout
                Info (332115):      4.726      0.000 FF    IC  U_core|U_nios_system|axi_ad9361_0|i_rx|i_rx_channel_2|i_up_adc_channel|i_xfer_cntrl|d_data_cntrl[28]|d
                Info (332115):      5.033      0.307 FF  CELL  bladerf_core:U_core|nios_system:U_nios_system|axi_ad9361:axi_ad9361_0|axi_ad9361_rx:i_rx|axi_ad9361_rx_channel:i_rx_channel_2|up_adc_channel:i_up_adc_channel|up_xfer_cntrl:i_xfer_cntrl|d_data_cntrl[28]
                Info (332115): Clock Arrival Path:
                Info (332115): Total (ns)  Incr (ns)     Type  Element
                Info (332115): ==========  ========= ==  ====  ===================================
                Info (332115):      4.731      4.731  R        clock network delay
                Info (332115):      4.571     -0.160           clock uncertainty
                Info (332115):      4.571      0.000     uTsu  bladerf_core:U_core|nios_system:U_nios_system|axi_ad9361:axi_ad9361_0|axi_ad9361_rx:i_rx|axi_ad9361_rx_channel:i_rx_channel_2|up_adc_channel:i_up_adc_channel|up_xfer_cntrl:i_xfer_cntrl|d_data_cntrl[28]
            Info (332181): Earliest Path Arrival
                Info (332115): From Node          : bladerf_core:U_core|nios_system:U_nios_system|axi_ad9361:axi_ad9361_0|axi_ad9361_rx:i_rx|axi_ad9361_rx_channel:i_rx_channel_2|up_adc_channel:i_up_adc_channel|up_xfer_cntrl:i_xfer_cntrl|up_xfer_data[66]
                Info (332115): To Node            : bladerf_core:U_core|nios_system:U_nios_system|axi_ad9361:axi_ad9361_0|axi_ad9361_rx:i_rx|axi_ad9361_rx_channel:i_rx_channel_2|up_adc_channel:i_up_adc_channel|up_xfer_cntrl:i_xfer_cntrl|d_data_cntrl[66]
                Info (332115): Launch Clock       : U_core|U_system_pll|altera_pll_i|general[0].gpll~PLL_OUTPUT_COUNTER|divclk
                Info (332115): Latch Clock        : U_core|U_nios_system|axi_ad9361_0|i_dev_if|i_rx|i_altlvds_rx|auto_generated|pll_sclk~PLL_OUTPUT_COUNTER|divclk
                Info (332115): Data Arrival Time  : 2.579
                Info (332115): Clock Arrival Time : 6.492
                Info (332115): Relative Delay     : -3.913
                Info (332115): Data Arrival Path:
                Info (332115): Total (ns)  Incr (ns)     Type  Element
                Info (332115): ==========  ========= ==  ====  ===================================
                Info (332115):      1.737      1.737  R        clock network delay
                Info (332115):      1.737      0.000     uTco  bladerf_core:U_core|nios_system:U_nios_system|axi_ad9361:axi_ad9361_0|axi_ad9361_rx:i_rx|axi_ad9361_rx_channel:i_rx_channel_2|up_adc_channel:i_up_adc_channel|up_xfer_cntrl:i_xfer_cntrl|up_xfer_data[66]
                Info (332115):      1.737      0.000 FF  CELL  U_core|U_nios_system|axi_ad9361_0|i_rx|i_rx_channel_2|i_up_adc_channel|i_xfer_cntrl|up_xfer_data[66]|q
                Info (332115):      1.989      0.252 FF    IC  U_core|U_nios_system|axi_ad9361_0|i_rx|i_rx_channel_2|i_up_adc_channel|i_xfer_cntrl|d_data_cntrl[66]~feeder|dataa
                Info (332115):      2.497      0.508 FF  CELL  U_core|U_nios_system|axi_ad9361_0|i_rx|i_rx_channel_2|i_up_adc_channel|i_xfer_cntrl|d_data_cntrl[66]~feeder|combout
                Info (332115):      2.497      0.000 FF    IC  U_core|U_nios_system|axi_ad9361_0|i_rx|i_rx_channel_2|i_up_adc_channel|i_xfer_cntrl|d_data_cntrl[66]|d
                Info (332115):      2.579      0.082 FF  CELL  bladerf_core:U_core|nios_system:U_nios_system|axi_ad9361:axi_ad9361_0|axi_ad9361_rx:i_rx|axi_ad9361_rx_channel:i_rx_channel_2|up_adc_channel:i_up_adc_channel|up_xfer_cntrl:i_xfer_cntrl|d_data_cntrl[66]
                Info (332115): Clock Arrival Path:
                Info (332115): Total (ns)  Incr (ns)     Type  Element
                Info (332115): ==========  ========= ==  ====  ===================================
                Info (332115):      6.332      6.332  R        clock network delay
                Info (332115):      6.492      0.160           clock uncertainty
                Info (332115):      6.492      0.000      uTh  bladerf_core:U_core|nios_system:U_nios_system|axi_ad9361:axi_ad9361_0|axi_ad9361_rx:i_rx|axi_ad9361_rx_channel:i_rx_channel_2|up_adc_channel:i_up_adc_channel|up_xfer_cntrl:i_xfer_cntrl|d_data_cntrl[66]
            Info (332181): Cross Path Clock Pessimism Removed : 2.828
            Info (332181): Required Skew   : 6.400
            Info (332181): Actual Skew     : 1.547
            Info (332181): Slack           : 4.853
        Info (332181): Path #106: Slack is 4.860 
            Info (332181): Latest Path Arrival
                Info (332115): From Node          : bladerf_core:U_core|nios_system:U_nios_system|axi_ad9361:axi_ad9361_0|axi_ad9361_rx:i_rx|axi_ad9361_rx_channel:i_rx_channel_2|up_adc_channel:i_up_adc_channel|up_xfer_cntrl:i_xfer_cntrl|up_xfer_data[24]
                Info (332115): To Node            : bladerf_core:U_core|nios_system:U_nios_system|axi_ad9361:axi_ad9361_0|axi_ad9361_rx:i_rx|axi_ad9361_rx_channel:i_rx_channel_2|up_adc_channel:i_up_adc_channel|up_xfer_cntrl:i_xfer_cntrl|d_data_cntrl[24]
                Info (332115): Launch Clock       : U_core|U_system_pll|altera_pll_i|general[0].gpll~PLL_OUTPUT_COUNTER|divclk
                Info (332115): Latch Clock        : U_core|U_nios_system|axi_ad9361_0|i_dev_if|i_rx|i_altlvds_rx|auto_generated|pll_sclk~PLL_OUTPUT_COUNTER|divclk
                Info (332115): Data Arrival Time  : 5.024
                Info (332115): Clock Arrival Time : 4.569
                Info (332115): Relative Delay     : 0.455
                Info (332115): Data Arrival Path:
                Info (332115): Total (ns)  Incr (ns)     Type  Element
                Info (332115): ==========  ========= ==  ====  ===================================
                Info (332115):      3.307      3.307  R        clock network delay
                Info (332115):      3.307      0.000     uTco  bladerf_core:U_core|nios_system:U_nios_system|axi_ad9361:axi_ad9361_0|axi_ad9361_rx:i_rx|axi_ad9361_rx_channel:i_rx_channel_2|up_adc_channel:i_up_adc_channel|up_xfer_cntrl:i_xfer_cntrl|up_xfer_data[24]
                Info (332115):      3.307      0.000 RR  CELL  U_core|U_nios_system|axi_ad9361_0|i_rx|i_rx_channel_2|i_up_adc_channel|i_xfer_cntrl|up_xfer_data[24]|q
                Info (332115):      4.039      0.732 RR    IC  U_core|U_nios_system|axi_ad9361_0|i_rx|i_rx_channel_2|i_up_adc_channel|i_xfer_cntrl|d_data_cntrl[24]~feeder|dataa
                Info (332115):      4.720      0.681 RR  CELL  U_core|U_nios_system|axi_ad9361_0|i_rx|i_rx_channel_2|i_up_adc_channel|i_xfer_cntrl|d_data_cntrl[24]~feeder|combout
                Info (332115):      4.720      0.000 RR    IC  U_core|U_nios_system|axi_ad9361_0|i_rx|i_rx_channel_2|i_up_adc_channel|i_xfer_cntrl|d_data_cntrl[24]|d
                Info (332115):      5.024      0.304 RR  CELL  bladerf_core:U_core|nios_system:U_nios_system|axi_ad9361:axi_ad9361_0|axi_ad9361_rx:i_rx|axi_ad9361_rx_channel:i_rx_channel_2|up_adc_channel:i_up_adc_channel|up_xfer_cntrl:i_xfer_cntrl|d_data_cntrl[24]
                Info (332115): Clock Arrival Path:
                Info (332115): Total (ns)  Incr (ns)     Type  Element
                Info (332115): ==========  ========= ==  ====  ===================================
                Info (332115):      4.729      4.729  R        clock network delay
                Info (332115):      4.569     -0.160           clock uncertainty
                Info (332115):      4.569      0.000     uTsu  bladerf_core:U_core|nios_system:U_nios_system|axi_ad9361:axi_ad9361_0|axi_ad9361_rx:i_rx|axi_ad9361_rx_channel:i_rx_channel_2|up_adc_channel:i_up_adc_channel|up_xfer_cntrl:i_xfer_cntrl|d_data_cntrl[24]
            Info (332181): Earliest Path Arrival
                Info (332115): From Node          : bladerf_core:U_core|nios_system:U_nios_system|axi_ad9361:axi_ad9361_0|axi_ad9361_rx:i_rx|axi_ad9361_rx_channel:i_rx_channel_2|up_adc_channel:i_up_adc_channel|up_xfer_cntrl:i_xfer_cntrl|up_xfer_data[66]
                Info (332115): To Node            : bladerf_core:U_core|nios_system:U_nios_system|axi_ad9361:axi_ad9361_0|axi_ad9361_rx:i_rx|axi_ad9361_rx_channel:i_rx_channel_2|up_adc_channel:i_up_adc_channel|up_xfer_cntrl:i_xfer_cntrl|d_data_cntrl[66]
                Info (332115): Launch Clock       : U_core|U_system_pll|altera_pll_i|general[0].gpll~PLL_OUTPUT_COUNTER|divclk
                Info (332115): Latch Clock        : U_core|U_nios_system|axi_ad9361_0|i_dev_if|i_rx|i_altlvds_rx|auto_generated|pll_sclk~PLL_OUTPUT_COUNTER|divclk
                Info (332115): Data Arrival Time  : 2.579
                Info (332115): Clock Arrival Time : 6.492
                Info (332115): Relative Delay     : -3.913
                Info (332115): Data Arrival Path:
                Info (332115): Total (ns)  Incr (ns)     Type  Element
                Info (332115): ==========  ========= ==  ====  ===================================
                Info (332115):      1.737      1.737  R        clock network delay
                Info (332115):      1.737      0.000     uTco  bladerf_core:U_core|nios_system:U_nios_system|axi_ad9361:axi_ad9361_0|axi_ad9361_rx:i_rx|axi_ad9361_rx_channel:i_rx_channel_2|up_adc_channel:i_up_adc_channel|up_xfer_cntrl:i_xfer_cntrl|up_xfer_data[66]
                Info (332115):      1.737      0.000 FF  CELL  U_core|U_nios_system|axi_ad9361_0|i_rx|i_rx_channel_2|i_up_adc_channel|i_xfer_cntrl|up_xfer_data[66]|q
                Info (332115):      1.989      0.252 FF    IC  U_core|U_nios_system|axi_ad9361_0|i_rx|i_rx_channel_2|i_up_adc_channel|i_xfer_cntrl|d_data_cntrl[66]~feeder|dataa
                Info (332115):      2.497      0.508 FF  CELL  U_core|U_nios_system|axi_ad9361_0|i_rx|i_rx_channel_2|i_up_adc_channel|i_xfer_cntrl|d_data_cntrl[66]~feeder|combout
                Info (332115):      2.497      0.000 FF    IC  U_core|U_nios_system|axi_ad9361_0|i_rx|i_rx_channel_2|i_up_adc_channel|i_xfer_cntrl|d_data_cntrl[66]|d
                Info (332115):      2.579      0.082 FF  CELL  bladerf_core:U_core|nios_system:U_nios_system|axi_ad9361:axi_ad9361_0|axi_ad9361_rx:i_rx|axi_ad9361_rx_channel:i_rx_channel_2|up_adc_channel:i_up_adc_channel|up_xfer_cntrl:i_xfer_cntrl|d_data_cntrl[66]
                Info (332115): Clock Arrival Path:
                Info (332115): Total (ns)  Incr (ns)     Type  Element
                Info (332115): ==========  ========= ==  ====  ===================================
                Info (332115):      6.332      6.332  R        clock network delay
                Info (332115):      6.492      0.160           clock uncertainty
                Info (332115):      6.492      0.000      uTh  bladerf_core:U_core|nios_system:U_nios_system|axi_ad9361:axi_ad9361_0|axi_ad9361_rx:i_rx|axi_ad9361_rx_channel:i_rx_channel_2|up_adc_channel:i_up_adc_channel|up_xfer_cntrl:i_xfer_cntrl|d_data_cntrl[66]
            Info (332181): Cross Path Clock Pessimism Removed : 2.828
            Info (332181): Required Skew   : 6.400
            Info (332181): Actual Skew     : 1.540
            Info (332181): Slack           : 4.860
        Info (332181): Path #107: Slack is 4.891 
            Info (332181): Latest Path Arrival
                Info (332115): From Node          : bladerf_core:U_core|nios_system:U_nios_system|axi_ad9361:axi_ad9361_0|axi_ad9361_rx:i_rx|axi_ad9361_rx_channel:i_rx_channel_2|up_adc_channel:i_up_adc_channel|up_xfer_cntrl:i_xfer_cntrl|up_xfer_data[61]
                Info (332115): To Node            : bladerf_core:U_core|nios_system:U_nios_system|axi_ad9361:axi_ad9361_0|axi_ad9361_rx:i_rx|axi_ad9361_rx_channel:i_rx_channel_2|up_adc_channel:i_up_adc_channel|up_xfer_cntrl:i_xfer_cntrl|d_data_cntrl[61]
                Info (332115): Launch Clock       : U_core|U_system_pll|altera_pll_i|general[0].gpll~PLL_OUTPUT_COUNTER|divclk
                Info (332115): Latch Clock        : U_core|U_nios_system|axi_ad9361_0|i_dev_if|i_rx|i_altlvds_rx|auto_generated|pll_sclk~PLL_OUTPUT_COUNTER|divclk
                Info (332115): Data Arrival Time  : 5.002
                Info (332115): Clock Arrival Time : 4.578
                Info (332115): Relative Delay     : 0.424
                Info (332115): Data Arrival Path:
                Info (332115): Total (ns)  Incr (ns)     Type  Element
                Info (332115): ==========  ========= ==  ====  ===================================
                Info (332115):      3.310      3.310  R        clock network delay
                Info (332115):      3.310      0.000     uTco  bladerf_core:U_core|nios_system:U_nios_system|axi_ad9361:axi_ad9361_0|axi_ad9361_rx:i_rx|axi_ad9361_rx_channel:i_rx_channel_2|up_adc_channel:i_up_adc_channel|up_xfer_cntrl:i_xfer_cntrl|up_xfer_data[61]
                Info (332115):      3.310      0.000 FF  CELL  U_core|U_nios_system|axi_ad9361_0|i_rx|i_rx_channel_2|i_up_adc_channel|i_xfer_cntrl|up_xfer_data[61]|q
                Info (332115):      4.146      0.836 FF    IC  U_core|U_nios_system|axi_ad9361_0|i_rx|i_rx_channel_2|i_up_adc_channel|i_xfer_cntrl|d_data_cntrl[61]~feeder|datac
                Info (332115):      4.698      0.552 FF  CELL  U_core|U_nios_system|axi_ad9361_0|i_rx|i_rx_channel_2|i_up_adc_channel|i_xfer_cntrl|d_data_cntrl[61]~feeder|combout
                Info (332115):      4.698      0.000 FF    IC  U_core|U_nios_system|axi_ad9361_0|i_rx|i_rx_channel_2|i_up_adc_channel|i_xfer_cntrl|d_data_cntrl[61]|d
                Info (332115):      5.002      0.304 FF  CELL  bladerf_core:U_core|nios_system:U_nios_system|axi_ad9361:axi_ad9361_0|axi_ad9361_rx:i_rx|axi_ad9361_rx_channel:i_rx_channel_2|up_adc_channel:i_up_adc_channel|up_xfer_cntrl:i_xfer_cntrl|d_data_cntrl[61]
                Info (332115): Clock Arrival Path:
                Info (332115): Total (ns)  Incr (ns)     Type  Element
                Info (332115): ==========  ========= ==  ====  ===================================
                Info (332115):      4.738      4.738  R        clock network delay
                Info (332115):      4.578     -0.160           clock uncertainty
                Info (332115):      4.578      0.000     uTsu  bladerf_core:U_core|nios_system:U_nios_system|axi_ad9361:axi_ad9361_0|axi_ad9361_rx:i_rx|axi_ad9361_rx_channel:i_rx_channel_2|up_adc_channel:i_up_adc_channel|up_xfer_cntrl:i_xfer_cntrl|d_data_cntrl[61]
            Info (332181): Earliest Path Arrival
                Info (332115): From Node          : bladerf_core:U_core|nios_system:U_nios_system|axi_ad9361:axi_ad9361_0|axi_ad9361_rx:i_rx|axi_ad9361_rx_channel:i_rx_channel_2|up_adc_channel:i_up_adc_channel|up_xfer_cntrl:i_xfer_cntrl|up_xfer_data[66]
                Info (332115): To Node            : bladerf_core:U_core|nios_system:U_nios_system|axi_ad9361:axi_ad9361_0|axi_ad9361_rx:i_rx|axi_ad9361_rx_channel:i_rx_channel_2|up_adc_channel:i_up_adc_channel|up_xfer_cntrl:i_xfer_cntrl|d_data_cntrl[66]
                Info (332115): Launch Clock       : U_core|U_system_pll|altera_pll_i|general[0].gpll~PLL_OUTPUT_COUNTER|divclk
                Info (332115): Latch Clock        : U_core|U_nios_system|axi_ad9361_0|i_dev_if|i_rx|i_altlvds_rx|auto_generated|pll_sclk~PLL_OUTPUT_COUNTER|divclk
                Info (332115): Data Arrival Time  : 2.579
                Info (332115): Clock Arrival Time : 6.492
                Info (332115): Relative Delay     : -3.913
                Info (332115): Data Arrival Path:
                Info (332115): Total (ns)  Incr (ns)     Type  Element
                Info (332115): ==========  ========= ==  ====  ===================================
                Info (332115):      1.737      1.737  R        clock network delay
                Info (332115):      1.737      0.000     uTco  bladerf_core:U_core|nios_system:U_nios_system|axi_ad9361:axi_ad9361_0|axi_ad9361_rx:i_rx|axi_ad9361_rx_channel:i_rx_channel_2|up_adc_channel:i_up_adc_channel|up_xfer_cntrl:i_xfer_cntrl|up_xfer_data[66]
                Info (332115):      1.737      0.000 FF  CELL  U_core|U_nios_system|axi_ad9361_0|i_rx|i_rx_channel_2|i_up_adc_channel|i_xfer_cntrl|up_xfer_data[66]|q
                Info (332115):      1.989      0.252 FF    IC  U_core|U_nios_system|axi_ad9361_0|i_rx|i_rx_channel_2|i_up_adc_channel|i_xfer_cntrl|d_data_cntrl[66]~feeder|dataa
                Info (332115):      2.497      0.508 FF  CELL  U_core|U_nios_system|axi_ad9361_0|i_rx|i_rx_channel_2|i_up_adc_channel|i_xfer_cntrl|d_data_cntrl[66]~feeder|combout
                Info (332115):      2.497      0.000 FF    IC  U_core|U_nios_system|axi_ad9361_0|i_rx|i_rx_channel_2|i_up_adc_channel|i_xfer_cntrl|d_data_cntrl[66]|d
                Info (332115):      2.579      0.082 FF  CELL  bladerf_core:U_core|nios_system:U_nios_system|axi_ad9361:axi_ad9361_0|axi_ad9361_rx:i_rx|axi_ad9361_rx_channel:i_rx_channel_2|up_adc_channel:i_up_adc_channel|up_xfer_cntrl:i_xfer_cntrl|d_data_cntrl[66]
                Info (332115): Clock Arrival Path:
                Info (332115): Total (ns)  Incr (ns)     Type  Element
                Info (332115): ==========  ========= ==  ====  ===================================
                Info (332115):      6.332      6.332  R        clock network delay
                Info (332115):      6.492      0.160           clock uncertainty
                Info (332115):      6.492      0.000      uTh  bladerf_core:U_core|nios_system:U_nios_system|axi_ad9361:axi_ad9361_0|axi_ad9361_rx:i_rx|axi_ad9361_rx_channel:i_rx_channel_2|up_adc_channel:i_up_adc_channel|up_xfer_cntrl:i_xfer_cntrl|d_data_cntrl[66]
            Info (332181): Cross Path Clock Pessimism Removed : 2.828
            Info (332181): Required Skew   : 6.400
            Info (332181): Actual Skew     : 1.509
            Info (332181): Slack           : 4.891
        Info (332181): Path #108: Slack is 4.898 
            Info (332181): Latest Path Arrival
                Info (332115): From Node          : bladerf_core:U_core|nios_system:U_nios_system|axi_ad9361:axi_ad9361_0|axi_ad9361_rx:i_rx|axi_ad9361_rx_channel:i_rx_channel_2|up_adc_channel:i_up_adc_channel|up_xfer_cntrl:i_xfer_cntrl|up_xfer_data[64]
                Info (332115): To Node            : bladerf_core:U_core|nios_system:U_nios_system|axi_ad9361:axi_ad9361_0|axi_ad9361_rx:i_rx|axi_ad9361_rx_channel:i_rx_channel_2|up_adc_channel:i_up_adc_channel|up_xfer_cntrl:i_xfer_cntrl|d_data_cntrl[64]
                Info (332115): Launch Clock       : U_core|U_system_pll|altera_pll_i|general[0].gpll~PLL_OUTPUT_COUNTER|divclk
                Info (332115): Latch Clock        : U_core|U_nios_system|axi_ad9361_0|i_dev_if|i_rx|i_altlvds_rx|auto_generated|pll_sclk~PLL_OUTPUT_COUNTER|divclk
                Info (332115): Data Arrival Time  : 5.019
                Info (332115): Clock Arrival Time : 4.581
                Info (332115): Relative Delay     : 0.438
                Info (332115): Data Arrival Path:
                Info (332115): Total (ns)  Incr (ns)     Type  Element
                Info (332115): ==========  ========= ==  ====  ===================================
                Info (332115):      3.279      3.279  R        clock network delay
                Info (332115):      3.279      0.000     uTco  bladerf_core:U_core|nios_system:U_nios_system|axi_ad9361:axi_ad9361_0|axi_ad9361_rx:i_rx|axi_ad9361_rx_channel:i_rx_channel_2|up_adc_channel:i_up_adc_channel|up_xfer_cntrl:i_xfer_cntrl|up_xfer_data[64]
                Info (332115):      3.279      0.000 RR  CELL  U_core|U_nios_system|axi_ad9361_0|i_rx|i_rx_channel_2|i_up_adc_channel|i_xfer_cntrl|up_xfer_data[64]|q
                Info (332115):      4.032      0.753 RR    IC  U_core|U_nios_system|axi_ad9361_0|i_rx|i_rx_channel_2|i_up_adc_channel|i_xfer_cntrl|d_data_cntrl[64]~feeder|dataa
                Info (332115):      4.713      0.681 RR  CELL  U_core|U_nios_system|axi_ad9361_0|i_rx|i_rx_channel_2|i_up_adc_channel|i_xfer_cntrl|d_data_cntrl[64]~feeder|combout
                Info (332115):      4.713      0.000 RR    IC  U_core|U_nios_system|axi_ad9361_0|i_rx|i_rx_channel_2|i_up_adc_channel|i_xfer_cntrl|d_data_cntrl[64]|d
                Info (332115):      5.019      0.306 RR  CELL  bladerf_core:U_core|nios_system:U_nios_system|axi_ad9361:axi_ad9361_0|axi_ad9361_rx:i_rx|axi_ad9361_rx_channel:i_rx_channel_2|up_adc_channel:i_up_adc_channel|up_xfer_cntrl:i_xfer_cntrl|d_data_cntrl[64]
                Info (332115): Clock Arrival Path:
                Info (332115): Total (ns)  Incr (ns)     Type  Element
                Info (332115): ==========  ========= ==  ====  ===================================
                Info (332115):      4.741      4.741  R        clock network delay
                Info (332115):      4.581     -0.160           clock uncertainty
                Info (332115):      4.581      0.000     uTsu  bladerf_core:U_core|nios_system:U_nios_system|axi_ad9361:axi_ad9361_0|axi_ad9361_rx:i_rx|axi_ad9361_rx_channel:i_rx_channel_2|up_adc_channel:i_up_adc_channel|up_xfer_cntrl:i_xfer_cntrl|d_data_cntrl[64]
            Info (332181): Earliest Path Arrival
                Info (332115): From Node          : bladerf_core:U_core|nios_system:U_nios_system|axi_ad9361:axi_ad9361_0|axi_ad9361_rx:i_rx|axi_ad9361_rx_channel:i_rx_channel_2|up_adc_channel:i_up_adc_channel|up_xfer_cntrl:i_xfer_cntrl|up_xfer_data[0]
                Info (332115): To Node            : bladerf_core:U_core|nios_system:U_nios_system|axi_ad9361:axi_ad9361_0|axi_ad9361_rx:i_rx|axi_ad9361_rx_channel:i_rx_channel_2|up_adc_channel:i_up_adc_channel|up_xfer_cntrl:i_xfer_cntrl|d_data_cntrl[0]
                Info (332115): Launch Clock       : U_core|U_system_pll|altera_pll_i|general[0].gpll~PLL_OUTPUT_COUNTER|divclk
                Info (332115): Latch Clock        : U_core|U_nios_system|axi_ad9361_0|i_dev_if|i_rx|i_altlvds_rx|auto_generated|pll_sclk~PLL_OUTPUT_COUNTER|divclk
                Info (332115): Data Arrival Time  : 2.612
                Info (332115): Clock Arrival Time : 6.504
                Info (332115): Relative Delay     : -3.892
                Info (332115): Data Arrival Path:
                Info (332115): Total (ns)  Incr (ns)     Type  Element
                Info (332115): ==========  ========= ==  ====  ===================================
                Info (332115):      1.779      1.779  R        clock network delay
                Info (332115):      1.779      0.000     uTco  bladerf_core:U_core|nios_system:U_nios_system|axi_ad9361:axi_ad9361_0|axi_ad9361_rx:i_rx|axi_ad9361_rx_channel:i_rx_channel_2|up_adc_channel:i_up_adc_channel|up_xfer_cntrl:i_xfer_cntrl|up_xfer_data[0]
                Info (332115):      1.779      0.000 FF  CELL  U_core|U_nios_system|axi_ad9361_0|i_rx|i_rx_channel_2|i_up_adc_channel|i_xfer_cntrl|up_xfer_data[0]|q
                Info (332115):      2.026      0.247 FF    IC  U_core|U_nios_system|axi_ad9361_0|i_rx|i_rx_channel_2|i_up_adc_channel|i_xfer_cntrl|d_data_cntrl[0]~feeder|dataa
                Info (332115):      2.529      0.503 FF  CELL  U_core|U_nios_system|axi_ad9361_0|i_rx|i_rx_channel_2|i_up_adc_channel|i_xfer_cntrl|d_data_cntrl[0]~feeder|combout
                Info (332115):      2.529      0.000 FF    IC  U_core|U_nios_system|axi_ad9361_0|i_rx|i_rx_channel_2|i_up_adc_channel|i_xfer_cntrl|d_data_cntrl[0]|d
                Info (332115):      2.612      0.083 FF  CELL  bladerf_core:U_core|nios_system:U_nios_system|axi_ad9361:axi_ad9361_0|axi_ad9361_rx:i_rx|axi_ad9361_rx_channel:i_rx_channel_2|up_adc_channel:i_up_adc_channel|up_xfer_cntrl:i_xfer_cntrl|d_data_cntrl[0]
                Info (332115): Clock Arrival Path:
                Info (332115): Total (ns)  Incr (ns)     Type  Element
                Info (332115): ==========  ========= ==  ====  ===================================
                Info (332115):      6.344      6.344  R        clock network delay
                Info (332115):      6.504      0.160           clock uncertainty
                Info (332115):      6.504      0.000      uTh  bladerf_core:U_core|nios_system:U_nios_system|axi_ad9361:axi_ad9361_0|axi_ad9361_rx:i_rx|axi_ad9361_rx_channel:i_rx_channel_2|up_adc_channel:i_up_adc_channel|up_xfer_cntrl:i_xfer_cntrl|d_data_cntrl[0]
            Info (332181): Cross Path Clock Pessimism Removed : 2.828
            Info (332181): Required Skew   : 6.400
            Info (332181): Actual Skew     : 1.502
            Info (332181): Slack           : 4.898
    Info (332181): Skew for the Earliest Arrival
        Info (332181): Path #109: Slack is 4.853 
            Info (332181): Latest Path Arrival
                Info (332115): From Node          : bladerf_core:U_core|nios_system:U_nios_system|axi_ad9361:axi_ad9361_0|axi_ad9361_rx:i_rx|axi_ad9361_rx_channel:i_rx_channel_2|up_adc_channel:i_up_adc_channel|up_xfer_cntrl:i_xfer_cntrl|up_xfer_data[28]
                Info (332115): To Node            : bladerf_core:U_core|nios_system:U_nios_system|axi_ad9361:axi_ad9361_0|axi_ad9361_rx:i_rx|axi_ad9361_rx_channel:i_rx_channel_2|up_adc_channel:i_up_adc_channel|up_xfer_cntrl:i_xfer_cntrl|d_data_cntrl[28]
                Info (332115): Launch Clock       : U_core|U_system_pll|altera_pll_i|general[0].gpll~PLL_OUTPUT_COUNTER|divclk
                Info (332115): Latch Clock        : U_core|U_nios_system|axi_ad9361_0|i_dev_if|i_rx|i_altlvds_rx|auto_generated|pll_sclk~PLL_OUTPUT_COUNTER|divclk
                Info (332115): Data Arrival Time  : 5.033
                Info (332115): Clock Arrival Time : 4.571
                Info (332115): Relative Delay     : 0.462
                Info (332115): Data Arrival Path:
                Info (332115): Total (ns)  Incr (ns)     Type  Element
                Info (332115): ==========  ========= ==  ====  ===================================
                Info (332115):      3.301      3.301  R        clock network delay
                Info (332115):      3.301      0.000     uTco  bladerf_core:U_core|nios_system:U_nios_system|axi_ad9361:axi_ad9361_0|axi_ad9361_rx:i_rx|axi_ad9361_rx_channel:i_rx_channel_2|up_adc_channel:i_up_adc_channel|up_xfer_cntrl:i_xfer_cntrl|up_xfer_data[28]
                Info (332115):      3.301      0.000 FF  CELL  U_core|U_nios_system|axi_ad9361_0|i_rx|i_rx_channel_2|i_up_adc_channel|i_xfer_cntrl|up_xfer_data[28]|q
                Info (332115):      4.109      0.808 FF    IC  U_core|U_nios_system|axi_ad9361_0|i_rx|i_rx_channel_2|i_up_adc_channel|i_xfer_cntrl|d_data_cntrl[28]~feeder|datab
                Info (332115):      4.726      0.617 FF  CELL  U_core|U_nios_system|axi_ad9361_0|i_rx|i_rx_channel_2|i_up_adc_channel|i_xfer_cntrl|d_data_cntrl[28]~feeder|combout
                Info (332115):      4.726      0.000 FF    IC  U_core|U_nios_system|axi_ad9361_0|i_rx|i_rx_channel_2|i_up_adc_channel|i_xfer_cntrl|d_data_cntrl[28]|d
                Info (332115):      5.033      0.307 FF  CELL  bladerf_core:U_core|nios_system:U_nios_system|axi_ad9361:axi_ad9361_0|axi_ad9361_rx:i_rx|axi_ad9361_rx_channel:i_rx_channel_2|up_adc_channel:i_up_adc_channel|up_xfer_cntrl:i_xfer_cntrl|d_data_cntrl[28]
                Info (332115): Clock Arrival Path:
                Info (332115): Total (ns)  Incr (ns)     Type  Element
                Info (332115): ==========  ========= ==  ====  ===================================
                Info (332115):      4.731      4.731  R        clock network delay
                Info (332115):      4.571     -0.160           clock uncertainty
                Info (332115):      4.571      0.000     uTsu  bladerf_core:U_core|nios_system:U_nios_system|axi_ad9361:axi_ad9361_0|axi_ad9361_rx:i_rx|axi_ad9361_rx_channel:i_rx_channel_2|up_adc_channel:i_up_adc_channel|up_xfer_cntrl:i_xfer_cntrl|d_data_cntrl[28]
            Info (332181): Earliest Path Arrival
                Info (332115): From Node          : bladerf_core:U_core|nios_system:U_nios_system|axi_ad9361:axi_ad9361_0|axi_ad9361_rx:i_rx|axi_ad9361_rx_channel:i_rx_channel_2|up_adc_channel:i_up_adc_channel|up_xfer_cntrl:i_xfer_cntrl|up_xfer_data[66]
                Info (332115): To Node            : bladerf_core:U_core|nios_system:U_nios_system|axi_ad9361:axi_ad9361_0|axi_ad9361_rx:i_rx|axi_ad9361_rx_channel:i_rx_channel_2|up_adc_channel:i_up_adc_channel|up_xfer_cntrl:i_xfer_cntrl|d_data_cntrl[66]
                Info (332115): Launch Clock       : U_core|U_system_pll|altera_pll_i|general[0].gpll~PLL_OUTPUT_COUNTER|divclk
                Info (332115): Latch Clock        : U_core|U_nios_system|axi_ad9361_0|i_dev_if|i_rx|i_altlvds_rx|auto_generated|pll_sclk~PLL_OUTPUT_COUNTER|divclk
                Info (332115): Data Arrival Time  : 2.579
                Info (332115): Clock Arrival Time : 6.492
                Info (332115): Relative Delay     : -3.913
                Info (332115): Data Arrival Path:
                Info (332115): Total (ns)  Incr (ns)     Type  Element
                Info (332115): ==========  ========= ==  ====  ===================================
                Info (332115):      1.737      1.737  R        clock network delay
                Info (332115):      1.737      0.000     uTco  bladerf_core:U_core|nios_system:U_nios_system|axi_ad9361:axi_ad9361_0|axi_ad9361_rx:i_rx|axi_ad9361_rx_channel:i_rx_channel_2|up_adc_channel:i_up_adc_channel|up_xfer_cntrl:i_xfer_cntrl|up_xfer_data[66]
                Info (332115):      1.737      0.000 FF  CELL  U_core|U_nios_system|axi_ad9361_0|i_rx|i_rx_channel_2|i_up_adc_channel|i_xfer_cntrl|up_xfer_data[66]|q
                Info (332115):      1.989      0.252 FF    IC  U_core|U_nios_system|axi_ad9361_0|i_rx|i_rx_channel_2|i_up_adc_channel|i_xfer_cntrl|d_data_cntrl[66]~feeder|dataa
                Info (332115):      2.497      0.508 FF  CELL  U_core|U_nios_system|axi_ad9361_0|i_rx|i_rx_channel_2|i_up_adc_channel|i_xfer_cntrl|d_data_cntrl[66]~feeder|combout
                Info (332115):      2.497      0.000 FF    IC  U_core|U_nios_system|axi_ad9361_0|i_rx|i_rx_channel_2|i_up_adc_channel|i_xfer_cntrl|d_data_cntrl[66]|d
                Info (332115):      2.579      0.082 FF  CELL  bladerf_core:U_core|nios_system:U_nios_system|axi_ad9361:axi_ad9361_0|axi_ad9361_rx:i_rx|axi_ad9361_rx_channel:i_rx_channel_2|up_adc_channel:i_up_adc_channel|up_xfer_cntrl:i_xfer_cntrl|d_data_cntrl[66]
                Info (332115): Clock Arrival Path:
                Info (332115): Total (ns)  Incr (ns)     Type  Element
                Info (332115): ==========  ========= ==  ====  ===================================
                Info (332115):      6.332      6.332  R        clock network delay
                Info (332115):      6.492      0.160           clock uncertainty
                Info (332115):      6.492      0.000      uTh  bladerf_core:U_core|nios_system:U_nios_system|axi_ad9361:axi_ad9361_0|axi_ad9361_rx:i_rx|axi_ad9361_rx_channel:i_rx_channel_2|up_adc_channel:i_up_adc_channel|up_xfer_cntrl:i_xfer_cntrl|d_data_cntrl[66]
            Info (332181): Cross Path Clock Pessimism Removed : 2.828
            Info (332181): Required Skew   : 6.400
            Info (332181): Actual Skew     : 1.547
            Info (332181): Slack           : 4.853
        Info (332181): Path #110: Slack is 4.874 
            Info (332181): Latest Path Arrival
                Info (332115): From Node          : bladerf_core:U_core|nios_system:U_nios_system|axi_ad9361:axi_ad9361_0|axi_ad9361_rx:i_rx|axi_ad9361_rx_channel:i_rx_channel_2|up_adc_channel:i_up_adc_channel|up_xfer_cntrl:i_xfer_cntrl|up_xfer_data[28]
                Info (332115): To Node            : bladerf_core:U_core|nios_system:U_nios_system|axi_ad9361:axi_ad9361_0|axi_ad9361_rx:i_rx|axi_ad9361_rx_channel:i_rx_channel_2|up_adc_channel:i_up_adc_channel|up_xfer_cntrl:i_xfer_cntrl|d_data_cntrl[28]
                Info (332115): Launch Clock       : U_core|U_system_pll|altera_pll_i|general[0].gpll~PLL_OUTPUT_COUNTER|divclk
                Info (332115): Latch Clock        : U_core|U_nios_system|axi_ad9361_0|i_dev_if|i_rx|i_altlvds_rx|auto_generated|pll_sclk~PLL_OUTPUT_COUNTER|divclk
                Info (332115): Data Arrival Time  : 5.033
                Info (332115): Clock Arrival Time : 4.571
                Info (332115): Relative Delay     : 0.462
                Info (332115): Data Arrival Path:
                Info (332115): Total (ns)  Incr (ns)     Type  Element
                Info (332115): ==========  ========= ==  ====  ===================================
                Info (332115):      3.301      3.301  R        clock network delay
                Info (332115):      3.301      0.000     uTco  bladerf_core:U_core|nios_system:U_nios_system|axi_ad9361:axi_ad9361_0|axi_ad9361_rx:i_rx|axi_ad9361_rx_channel:i_rx_channel_2|up_adc_channel:i_up_adc_channel|up_xfer_cntrl:i_xfer_cntrl|up_xfer_data[28]
                Info (332115):      3.301      0.000 FF  CELL  U_core|U_nios_system|axi_ad9361_0|i_rx|i_rx_channel_2|i_up_adc_channel|i_xfer_cntrl|up_xfer_data[28]|q
                Info (332115):      4.109      0.808 FF    IC  U_core|U_nios_system|axi_ad9361_0|i_rx|i_rx_channel_2|i_up_adc_channel|i_xfer_cntrl|d_data_cntrl[28]~feeder|datab
                Info (332115):      4.726      0.617 FF  CELL  U_core|U_nios_system|axi_ad9361_0|i_rx|i_rx_channel_2|i_up_adc_channel|i_xfer_cntrl|d_data_cntrl[28]~feeder|combout
                Info (332115):      4.726      0.000 FF    IC  U_core|U_nios_system|axi_ad9361_0|i_rx|i_rx_channel_2|i_up_adc_channel|i_xfer_cntrl|d_data_cntrl[28]|d
                Info (332115):      5.033      0.307 FF  CELL  bladerf_core:U_core|nios_system:U_nios_system|axi_ad9361:axi_ad9361_0|axi_ad9361_rx:i_rx|axi_ad9361_rx_channel:i_rx_channel_2|up_adc_channel:i_up_adc_channel|up_xfer_cntrl:i_xfer_cntrl|d_data_cntrl[28]
                Info (332115): Clock Arrival Path:
                Info (332115): Total (ns)  Incr (ns)     Type  Element
                Info (332115): ==========  ========= ==  ====  ===================================
                Info (332115):      4.731      4.731  R        clock network delay
                Info (332115):      4.571     -0.160           clock uncertainty
                Info (332115):      4.571      0.000     uTsu  bladerf_core:U_core|nios_system:U_nios_system|axi_ad9361:axi_ad9361_0|axi_ad9361_rx:i_rx|axi_ad9361_rx_channel:i_rx_channel_2|up_adc_channel:i_up_adc_channel|up_xfer_cntrl:i_xfer_cntrl|d_data_cntrl[28]
            Info (332181): Earliest Path Arrival
                Info (332115): From Node          : bladerf_core:U_core|nios_system:U_nios_system|axi_ad9361:axi_ad9361_0|axi_ad9361_rx:i_rx|axi_ad9361_rx_channel:i_rx_channel_2|up_adc_channel:i_up_adc_channel|up_xfer_cntrl:i_xfer_cntrl|up_xfer_data[0]
                Info (332115): To Node            : bladerf_core:U_core|nios_system:U_nios_system|axi_ad9361:axi_ad9361_0|axi_ad9361_rx:i_rx|axi_ad9361_rx_channel:i_rx_channel_2|up_adc_channel:i_up_adc_channel|up_xfer_cntrl:i_xfer_cntrl|d_data_cntrl[0]
                Info (332115): Launch Clock       : U_core|U_system_pll|altera_pll_i|general[0].gpll~PLL_OUTPUT_COUNTER|divclk
                Info (332115): Latch Clock        : U_core|U_nios_system|axi_ad9361_0|i_dev_if|i_rx|i_altlvds_rx|auto_generated|pll_sclk~PLL_OUTPUT_COUNTER|divclk
                Info (332115): Data Arrival Time  : 2.612
                Info (332115): Clock Arrival Time : 6.504
                Info (332115): Relative Delay     : -3.892
                Info (332115): Data Arrival Path:
                Info (332115): Total (ns)  Incr (ns)     Type  Element
                Info (332115): ==========  ========= ==  ====  ===================================
                Info (332115):      1.779      1.779  R        clock network delay
                Info (332115):      1.779      0.000     uTco  bladerf_core:U_core|nios_system:U_nios_system|axi_ad9361:axi_ad9361_0|axi_ad9361_rx:i_rx|axi_ad9361_rx_channel:i_rx_channel_2|up_adc_channel:i_up_adc_channel|up_xfer_cntrl:i_xfer_cntrl|up_xfer_data[0]
                Info (332115):      1.779      0.000 FF  CELL  U_core|U_nios_system|axi_ad9361_0|i_rx|i_rx_channel_2|i_up_adc_channel|i_xfer_cntrl|up_xfer_data[0]|q
                Info (332115):      2.026      0.247 FF    IC  U_core|U_nios_system|axi_ad9361_0|i_rx|i_rx_channel_2|i_up_adc_channel|i_xfer_cntrl|d_data_cntrl[0]~feeder|dataa
                Info (332115):      2.529      0.503 FF  CELL  U_core|U_nios_system|axi_ad9361_0|i_rx|i_rx_channel_2|i_up_adc_channel|i_xfer_cntrl|d_data_cntrl[0]~feeder|combout
                Info (332115):      2.529      0.000 FF    IC  U_core|U_nios_system|axi_ad9361_0|i_rx|i_rx_channel_2|i_up_adc_channel|i_xfer_cntrl|d_data_cntrl[0]|d
                Info (332115):      2.612      0.083 FF  CELL  bladerf_core:U_core|nios_system:U_nios_system|axi_ad9361:axi_ad9361_0|axi_ad9361_rx:i_rx|axi_ad9361_rx_channel:i_rx_channel_2|up_adc_channel:i_up_adc_channel|up_xfer_cntrl:i_xfer_cntrl|d_data_cntrl[0]
                Info (332115): Clock Arrival Path:
                Info (332115): Total (ns)  Incr (ns)     Type  Element
                Info (332115): ==========  ========= ==  ====  ===================================
                Info (332115):      6.344      6.344  R        clock network delay
                Info (332115):      6.504      0.160           clock uncertainty
                Info (332115):      6.504      0.000      uTh  bladerf_core:U_core|nios_system:U_nios_system|axi_ad9361:axi_ad9361_0|axi_ad9361_rx:i_rx|axi_ad9361_rx_channel:i_rx_channel_2|up_adc_channel:i_up_adc_channel|up_xfer_cntrl:i_xfer_cntrl|d_data_cntrl[0]
            Info (332181): Cross Path Clock Pessimism Removed : 2.828
            Info (332181): Required Skew   : 6.400
            Info (332181): Actual Skew     : 1.526
            Info (332181): Slack           : 4.874
        Info (332181): Path #111: Slack is 4.883 
            Info (332181): Latest Path Arrival
                Info (332115): From Node          : bladerf_core:U_core|nios_system:U_nios_system|axi_ad9361:axi_ad9361_0|axi_ad9361_rx:i_rx|axi_ad9361_rx_channel:i_rx_channel_2|up_adc_channel:i_up_adc_channel|up_xfer_cntrl:i_xfer_cntrl|up_xfer_data[28]
                Info (332115): To Node            : bladerf_core:U_core|nios_system:U_nios_system|axi_ad9361:axi_ad9361_0|axi_ad9361_rx:i_rx|axi_ad9361_rx_channel:i_rx_channel_2|up_adc_channel:i_up_adc_channel|up_xfer_cntrl:i_xfer_cntrl|d_data_cntrl[28]
                Info (332115): Launch Clock       : U_core|U_system_pll|altera_pll_i|general[0].gpll~PLL_OUTPUT_COUNTER|divclk
                Info (332115): Latch Clock        : U_core|U_nios_system|axi_ad9361_0|i_dev_if|i_rx|i_altlvds_rx|auto_generated|pll_sclk~PLL_OUTPUT_COUNTER|divclk
                Info (332115): Data Arrival Time  : 5.033
                Info (332115): Clock Arrival Time : 4.571
                Info (332115): Relative Delay     : 0.462
                Info (332115): Data Arrival Path:
                Info (332115): Total (ns)  Incr (ns)     Type  Element
                Info (332115): ==========  ========= ==  ====  ===================================
                Info (332115):      3.301      3.301  R        clock network delay
                Info (332115):      3.301      0.000     uTco  bladerf_core:U_core|nios_system:U_nios_system|axi_ad9361:axi_ad9361_0|axi_ad9361_rx:i_rx|axi_ad9361_rx_channel:i_rx_channel_2|up_adc_channel:i_up_adc_channel|up_xfer_cntrl:i_xfer_cntrl|up_xfer_data[28]
                Info (332115):      3.301      0.000 FF  CELL  U_core|U_nios_system|axi_ad9361_0|i_rx|i_rx_channel_2|i_up_adc_channel|i_xfer_cntrl|up_xfer_data[28]|q
                Info (332115):      4.109      0.808 FF    IC  U_core|U_nios_system|axi_ad9361_0|i_rx|i_rx_channel_2|i_up_adc_channel|i_xfer_cntrl|d_data_cntrl[28]~feeder|datab
                Info (332115):      4.726      0.617 FF  CELL  U_core|U_nios_system|axi_ad9361_0|i_rx|i_rx_channel_2|i_up_adc_channel|i_xfer_cntrl|d_data_cntrl[28]~feeder|combout
                Info (332115):      4.726      0.000 FF    IC  U_core|U_nios_system|axi_ad9361_0|i_rx|i_rx_channel_2|i_up_adc_channel|i_xfer_cntrl|d_data_cntrl[28]|d
                Info (332115):      5.033      0.307 FF  CELL  bladerf_core:U_core|nios_system:U_nios_system|axi_ad9361:axi_ad9361_0|axi_ad9361_rx:i_rx|axi_ad9361_rx_channel:i_rx_channel_2|up_adc_channel:i_up_adc_channel|up_xfer_cntrl:i_xfer_cntrl|d_data_cntrl[28]
                Info (332115): Clock Arrival Path:
                Info (332115): Total (ns)  Incr (ns)     Type  Element
                Info (332115): ==========  ========= ==  ====  ===================================
                Info (332115):      4.731      4.731  R        clock network delay
                Info (332115):      4.571     -0.160           clock uncertainty
                Info (332115):      4.571      0.000     uTsu  bladerf_core:U_core|nios_system:U_nios_system|axi_ad9361:axi_ad9361_0|axi_ad9361_rx:i_rx|axi_ad9361_rx_channel:i_rx_channel_2|up_adc_channel:i_up_adc_channel|up_xfer_cntrl:i_xfer_cntrl|d_data_cntrl[28]
            Info (332181): Earliest Path Arrival
                Info (332115): From Node          : bladerf_core:U_core|nios_system:U_nios_system|axi_ad9361:axi_ad9361_0|axi_ad9361_rx:i_rx|axi_ad9361_rx_channel:i_rx_channel_2|up_adc_channel:i_up_adc_channel|up_xfer_cntrl:i_xfer_cntrl|up_xfer_data[68]
                Info (332115): To Node            : bladerf_core:U_core|nios_system:U_nios_system|axi_ad9361:axi_ad9361_0|axi_ad9361_rx:i_rx|axi_ad9361_rx_channel:i_rx_channel_2|up_adc_channel:i_up_adc_channel|up_xfer_cntrl:i_xfer_cntrl|d_data_cntrl[68]
                Info (332115): Launch Clock       : U_core|U_system_pll|altera_pll_i|general[0].gpll~PLL_OUTPUT_COUNTER|divclk
                Info (332115): Latch Clock        : U_core|U_nios_system|axi_ad9361_0|i_dev_if|i_rx|i_altlvds_rx|auto_generated|pll_sclk~PLL_OUTPUT_COUNTER|divclk
                Info (332115): Data Arrival Time  : 2.611
                Info (332115): Clock Arrival Time : 6.494
                Info (332115): Relative Delay     : -3.883
                Info (332115): Data Arrival Path:
                Info (332115): Total (ns)  Incr (ns)     Type  Element
                Info (332115): ==========  ========= ==  ====  ===================================
                Info (332115):      1.736      1.736  R        clock network delay
                Info (332115):      1.736      0.000     uTco  bladerf_core:U_core|nios_system:U_nios_system|axi_ad9361:axi_ad9361_0|axi_ad9361_rx:i_rx|axi_ad9361_rx_channel:i_rx_channel_2|up_adc_channel:i_up_adc_channel|up_xfer_cntrl:i_xfer_cntrl|up_xfer_data[68]
                Info (332115):      1.736      0.000 FF  CELL  U_core|U_nios_system|axi_ad9361_0|i_rx|i_rx_channel_2|i_up_adc_channel|i_xfer_cntrl|up_xfer_data[68]|q
                Info (332115):      2.137      0.401 FF    IC  U_core|U_nios_system|axi_ad9361_0|i_rx|i_rx_channel_2|i_up_adc_channel|i_xfer_cntrl|d_data_cntrl[68]~feeder|datac
                Info (332115):      2.528      0.391 FF  CELL  U_core|U_nios_system|axi_ad9361_0|i_rx|i_rx_channel_2|i_up_adc_channel|i_xfer_cntrl|d_data_cntrl[68]~feeder|combout
                Info (332115):      2.528      0.000 FF    IC  U_core|U_nios_system|axi_ad9361_0|i_rx|i_rx_channel_2|i_up_adc_channel|i_xfer_cntrl|d_data_cntrl[68]|d
                Info (332115):      2.611      0.083 FF  CELL  bladerf_core:U_core|nios_system:U_nios_system|axi_ad9361:axi_ad9361_0|axi_ad9361_rx:i_rx|axi_ad9361_rx_channel:i_rx_channel_2|up_adc_channel:i_up_adc_channel|up_xfer_cntrl:i_xfer_cntrl|d_data_cntrl[68]
                Info (332115): Clock Arrival Path:
                Info (332115): Total (ns)  Incr (ns)     Type  Element
                Info (332115): ==========  ========= ==  ====  ===================================
                Info (332115):      6.334      6.334  R        clock network delay
                Info (332115):      6.494      0.160           clock uncertainty
                Info (332115):      6.494      0.000      uTh  bladerf_core:U_core|nios_system:U_nios_system|axi_ad9361:axi_ad9361_0|axi_ad9361_rx:i_rx|axi_ad9361_rx_channel:i_rx_channel_2|up_adc_channel:i_up_adc_channel|up_xfer_cntrl:i_xfer_cntrl|d_data_cntrl[68]
            Info (332181): Cross Path Clock Pessimism Removed : 2.828
            Info (332181): Required Skew   : 6.400
            Info (332181): Actual Skew     : 1.517
            Info (332181): Slack           : 4.883
        Info (332181): Path #112: Slack is 4.956 
            Info (332181): Latest Path Arrival
                Info (332115): From Node          : bladerf_core:U_core|nios_system:U_nios_system|axi_ad9361:axi_ad9361_0|axi_ad9361_rx:i_rx|axi_ad9361_rx_channel:i_rx_channel_2|up_adc_channel:i_up_adc_channel|up_xfer_cntrl:i_xfer_cntrl|up_xfer_data[28]
                Info (332115): To Node            : bladerf_core:U_core|nios_system:U_nios_system|axi_ad9361:axi_ad9361_0|axi_ad9361_rx:i_rx|axi_ad9361_rx_channel:i_rx_channel_2|up_adc_channel:i_up_adc_channel|up_xfer_cntrl:i_xfer_cntrl|d_data_cntrl[28]
                Info (332115): Launch Clock       : U_core|U_system_pll|altera_pll_i|general[0].gpll~PLL_OUTPUT_COUNTER|divclk
                Info (332115): Latch Clock        : U_core|U_nios_system|axi_ad9361_0|i_dev_if|i_rx|i_altlvds_rx|auto_generated|pll_sclk~PLL_OUTPUT_COUNTER|divclk
                Info (332115): Data Arrival Time  : 5.033
                Info (332115): Clock Arrival Time : 4.571
                Info (332115): Relative Delay     : 0.462
                Info (332115): Data Arrival Path:
                Info (332115): Total (ns)  Incr (ns)     Type  Element
                Info (332115): ==========  ========= ==  ====  ===================================
                Info (332115):      3.301      3.301  R        clock network delay
                Info (332115):      3.301      0.000     uTco  bladerf_core:U_core|nios_system:U_nios_system|axi_ad9361:axi_ad9361_0|axi_ad9361_rx:i_rx|axi_ad9361_rx_channel:i_rx_channel_2|up_adc_channel:i_up_adc_channel|up_xfer_cntrl:i_xfer_cntrl|up_xfer_data[28]
                Info (332115):      3.301      0.000 FF  CELL  U_core|U_nios_system|axi_ad9361_0|i_rx|i_rx_channel_2|i_up_adc_channel|i_xfer_cntrl|up_xfer_data[28]|q
                Info (332115):      4.109      0.808 FF    IC  U_core|U_nios_system|axi_ad9361_0|i_rx|i_rx_channel_2|i_up_adc_channel|i_xfer_cntrl|d_data_cntrl[28]~feeder|datab
                Info (332115):      4.726      0.617 FF  CELL  U_core|U_nios_system|axi_ad9361_0|i_rx|i_rx_channel_2|i_up_adc_channel|i_xfer_cntrl|d_data_cntrl[28]~feeder|combout
                Info (332115):      4.726      0.000 FF    IC  U_core|U_nios_system|axi_ad9361_0|i_rx|i_rx_channel_2|i_up_adc_channel|i_xfer_cntrl|d_data_cntrl[28]|d
                Info (332115):      5.033      0.307 FF  CELL  bladerf_core:U_core|nios_system:U_nios_system|axi_ad9361:axi_ad9361_0|axi_ad9361_rx:i_rx|axi_ad9361_rx_channel:i_rx_channel_2|up_adc_channel:i_up_adc_channel|up_xfer_cntrl:i_xfer_cntrl|d_data_cntrl[28]
                Info (332115): Clock Arrival Path:
                Info (332115): Total (ns)  Incr (ns)     Type  Element
                Info (332115): ==========  ========= ==  ====  ===================================
                Info (332115):      4.731      4.731  R        clock network delay
                Info (332115):      4.571     -0.160           clock uncertainty
                Info (332115):      4.571      0.000     uTsu  bladerf_core:U_core|nios_system:U_nios_system|axi_ad9361:axi_ad9361_0|axi_ad9361_rx:i_rx|axi_ad9361_rx_channel:i_rx_channel_2|up_adc_channel:i_up_adc_channel|up_xfer_cntrl:i_xfer_cntrl|d_data_cntrl[28]
            Info (332181): Earliest Path Arrival
                Info (332115): From Node          : bladerf_core:U_core|nios_system:U_nios_system|axi_ad9361:axi_ad9361_0|axi_ad9361_rx:i_rx|axi_ad9361_rx_channel:i_rx_channel_2|up_adc_channel:i_up_adc_channel|up_xfer_cntrl:i_xfer_cntrl|up_xfer_data[5]
                Info (332115): To Node            : bladerf_core:U_core|nios_system:U_nios_system|axi_ad9361:axi_ad9361_0|axi_ad9361_rx:i_rx|axi_ad9361_rx_channel:i_rx_channel_2|up_adc_channel:i_up_adc_channel|up_xfer_cntrl:i_xfer_cntrl|d_data_cntrl[5]
                Info (332115): Launch Clock       : U_core|U_system_pll|altera_pll_i|general[0].gpll~PLL_OUTPUT_COUNTER|divclk
                Info (332115): Latch Clock        : U_core|U_nios_system|axi_ad9361_0|i_dev_if|i_rx|i_altlvds_rx|auto_generated|pll_sclk~PLL_OUTPUT_COUNTER|divclk
                Info (332115): Data Arrival Time  : 2.694
                Info (332115): Clock Arrival Time : 6.504
                Info (332115): Relative Delay     : -3.810
                Info (332115): Data Arrival Path:
                Info (332115): Total (ns)  Incr (ns)     Type  Element
                Info (332115): ==========  ========= ==  ====  ===================================
                Info (332115):      1.783      1.783  R        clock network delay
                Info (332115):      1.783      0.000     uTco  bladerf_core:U_core|nios_system:U_nios_system|axi_ad9361:axi_ad9361_0|axi_ad9361_rx:i_rx|axi_ad9361_rx_channel:i_rx_channel_2|up_adc_channel:i_up_adc_channel|up_xfer_cntrl:i_xfer_cntrl|up_xfer_data[5]
                Info (332115):      1.783      0.000 RR  CELL  U_core|U_nios_system|axi_ad9361_0|i_rx|i_rx_channel_2|i_up_adc_channel|i_xfer_cntrl|up_xfer_data[5]|q
                Info (332115):      2.359      0.576 RR    IC  U_core|U_nios_system|axi_ad9361_0|i_rx|i_rx_channel_2|i_up_adc_channel|i_xfer_cntrl|d_data_cntrl[5]|asdata
                Info (332115):      2.694      0.335 RR  CELL  bladerf_core:U_core|nios_system:U_nios_system|axi_ad9361:axi_ad9361_0|axi_ad9361_rx:i_rx|axi_ad9361_rx_channel:i_rx_channel_2|up_adc_channel:i_up_adc_channel|up_xfer_cntrl:i_xfer_cntrl|d_data_cntrl[5]
                Info (332115): Clock Arrival Path:
                Info (332115): Total (ns)  Incr (ns)     Type  Element
                Info (332115): ==========  ========= ==  ====  ===================================
                Info (332115):      6.344      6.344  R        clock network delay
                Info (332115):      6.504      0.160           clock uncertainty
                Info (332115):      6.504      0.000      uTh  bladerf_core:U_core|nios_system:U_nios_system|axi_ad9361:axi_ad9361_0|axi_ad9361_rx:i_rx|axi_ad9361_rx_channel:i_rx_channel_2|up_adc_channel:i_up_adc_channel|up_xfer_cntrl:i_xfer_cntrl|d_data_cntrl[5]
            Info (332181): Cross Path Clock Pessimism Removed : 2.828
            Info (332181): Required Skew   : 6.400
            Info (332181): Actual Skew     : 1.444
            Info (332181): Slack           : 4.956
Info (332115): Worst-case slack is 4.855 for "set_max_skew -from [get_keepers {*axi_ad9361_rx_channel:i_rx_channel_0|up_adc_channel:i_up_adc_channel|up_xfer_cntrl:i_xfer_cntrl|up_xfer_data[*]}] -to [get_keepers {*axi_ad9361_rx_channel:i_rx_channel_0|up_adc_channel:i_up_adc_channel|up_xfer_cntrl:i_xfer_cntrl|d_data_cntrl[*]}] 6.400 "
    Info (332181): Skew for the Latest Arrival
        Info (332181): Path #113: Slack is 4.855 
            Info (332181): Latest Path Arrival
                Info (332115): From Node          : bladerf_core:U_core|nios_system:U_nios_system|axi_ad9361:axi_ad9361_0|axi_ad9361_rx:i_rx|axi_ad9361_rx_channel:i_rx_channel_0|up_adc_channel:i_up_adc_channel|up_xfer_cntrl:i_xfer_cntrl|up_xfer_data[59]
                Info (332115): To Node            : bladerf_core:U_core|nios_system:U_nios_system|axi_ad9361:axi_ad9361_0|axi_ad9361_rx:i_rx|axi_ad9361_rx_channel:i_rx_channel_0|up_adc_channel:i_up_adc_channel|up_xfer_cntrl:i_xfer_cntrl|d_data_cntrl[59]
                Info (332115): Launch Clock       : U_core|U_system_pll|altera_pll_i|general[0].gpll~PLL_OUTPUT_COUNTER|divclk
                Info (332115): Latch Clock        : U_core|U_nios_system|axi_ad9361_0|i_dev_if|i_rx|i_altlvds_rx|auto_generated|pll_sclk~PLL_OUTPUT_COUNTER|divclk
                Info (332115): Data Arrival Time  : 5.031
                Info (332115): Clock Arrival Time : 4.595
                Info (332115): Relative Delay     : 0.436
                Info (332115): Data Arrival Path:
                Info (332115): Total (ns)  Incr (ns)     Type  Element
                Info (332115): ==========  ========= ==  ====  ===================================
                Info (332115):      3.328      3.328  R        clock network delay
                Info (332115):      3.328      0.000     uTco  bladerf_core:U_core|nios_system:U_nios_system|axi_ad9361:axi_ad9361_0|axi_ad9361_rx:i_rx|axi_ad9361_rx_channel:i_rx_channel_0|up_adc_channel:i_up_adc_channel|up_xfer_cntrl:i_xfer_cntrl|up_xfer_data[59]
                Info (332115):      3.328      0.000 RR  CELL  U_core|U_nios_system|axi_ad9361_0|i_rx|i_rx_channel_0|i_up_adc_channel|i_xfer_cntrl|up_xfer_data[59]|q
                Info (332115):      4.052      0.724 RR    IC  U_core|U_nios_system|axi_ad9361_0|i_rx|i_rx_channel_0|i_up_adc_channel|i_xfer_cntrl|d_data_cntrl[59]~feeder|dataa
                Info (332115):      4.725      0.673 RR  CELL  U_core|U_nios_system|axi_ad9361_0|i_rx|i_rx_channel_0|i_up_adc_channel|i_xfer_cntrl|d_data_cntrl[59]~feeder|combout
                Info (332115):      4.725      0.000 RR    IC  U_core|U_nios_system|axi_ad9361_0|i_rx|i_rx_channel_0|i_up_adc_channel|i_xfer_cntrl|d_data_cntrl[59]|d
                Info (332115):      5.031      0.306 RR  CELL  bladerf_core:U_core|nios_system:U_nios_system|axi_ad9361:axi_ad9361_0|axi_ad9361_rx:i_rx|axi_ad9361_rx_channel:i_rx_channel_0|up_adc_channel:i_up_adc_channel|up_xfer_cntrl:i_xfer_cntrl|d_data_cntrl[59]
                Info (332115): Clock Arrival Path:
                Info (332115): Total (ns)  Incr (ns)     Type  Element
                Info (332115): ==========  ========= ==  ====  ===================================
                Info (332115):      4.755      4.755  R        clock network delay
                Info (332115):      4.595     -0.160           clock uncertainty
                Info (332115):      4.595      0.000     uTsu  bladerf_core:U_core|nios_system:U_nios_system|axi_ad9361:axi_ad9361_0|axi_ad9361_rx:i_rx|axi_ad9361_rx_channel:i_rx_channel_0|up_adc_channel:i_up_adc_channel|up_xfer_cntrl:i_xfer_cntrl|d_data_cntrl[59]
            Info (332181): Earliest Path Arrival
                Info (332115): From Node          : bladerf_core:U_core|nios_system:U_nios_system|axi_ad9361:axi_ad9361_0|axi_ad9361_rx:i_rx|axi_ad9361_rx_channel:i_rx_channel_0|up_adc_channel:i_up_adc_channel|up_xfer_cntrl:i_xfer_cntrl|up_xfer_data[4]
                Info (332115): To Node            : bladerf_core:U_core|nios_system:U_nios_system|axi_ad9361:axi_ad9361_0|axi_ad9361_rx:i_rx|axi_ad9361_rx_channel:i_rx_channel_0|up_adc_channel:i_up_adc_channel|up_xfer_cntrl:i_xfer_cntrl|d_data_cntrl[4]
                Info (332115): Launch Clock       : U_core|U_system_pll|altera_pll_i|general[0].gpll~PLL_OUTPUT_COUNTER|divclk
                Info (332115): Latch Clock        : U_core|U_nios_system|axi_ad9361_0|i_dev_if|i_rx|i_altlvds_rx|auto_generated|pll_sclk~PLL_OUTPUT_COUNTER|divclk
                Info (332115): Data Arrival Time  : 2.613
                Info (332115): Clock Arrival Time : 6.493
                Info (332115): Relative Delay     : -3.880
                Info (332115): Data Arrival Path:
                Info (332115): Total (ns)  Incr (ns)     Type  Element
                Info (332115): ==========  ========= ==  ====  ===================================
                Info (332115):      1.774      1.774  R        clock network delay
                Info (332115):      1.774      0.000     uTco  bladerf_core:U_core|nios_system:U_nios_system|axi_ad9361:axi_ad9361_0|axi_ad9361_rx:i_rx|axi_ad9361_rx_channel:i_rx_channel_0|up_adc_channel:i_up_adc_channel|up_xfer_cntrl:i_xfer_cntrl|up_xfer_data[4]
                Info (332115):      1.774      0.000 FF  CELL  U_core|U_nios_system|axi_ad9361_0|i_rx|i_rx_channel_0|i_up_adc_channel|i_xfer_cntrl|up_xfer_data[4]|q
                Info (332115):      2.244      0.470 FF    IC  U_core|U_nios_system|axi_ad9361_0|i_rx|i_rx_channel_0|i_up_adc_channel|i_xfer_cntrl|d_data_cntrl[4]|asdata
                Info (332115):      2.613      0.369 FF  CELL  bladerf_core:U_core|nios_system:U_nios_system|axi_ad9361:axi_ad9361_0|axi_ad9361_rx:i_rx|axi_ad9361_rx_channel:i_rx_channel_0|up_adc_channel:i_up_adc_channel|up_xfer_cntrl:i_xfer_cntrl|d_data_cntrl[4]
                Info (332115): Clock Arrival Path:
                Info (332115): Total (ns)  Incr (ns)     Type  Element
                Info (332115): ==========  ========= ==  ====  ===================================
                Info (332115):      6.333      6.333  R        clock network delay
                Info (332115):      6.493      0.160           clock uncertainty
                Info (332115):      6.493      0.000      uTh  bladerf_core:U_core|nios_system:U_nios_system|axi_ad9361:axi_ad9361_0|axi_ad9361_rx:i_rx|axi_ad9361_rx_channel:i_rx_channel_0|up_adc_channel:i_up_adc_channel|up_xfer_cntrl:i_xfer_cntrl|d_data_cntrl[4]
            Info (332181): Cross Path Clock Pessimism Removed : 2.771
            Info (332181): Required Skew   : 6.400
            Info (332181): Actual Skew     : 1.545
            Info (332181): Slack           : 4.855
        Info (332181): Path #114: Slack is 4.871 
            Info (332181): Latest Path Arrival
                Info (332115): From Node          : bladerf_core:U_core|nios_system:U_nios_system|axi_ad9361:axi_ad9361_0|axi_ad9361_rx:i_rx|axi_ad9361_rx_channel:i_rx_channel_0|up_adc_channel:i_up_adc_channel|up_xfer_cntrl:i_xfer_cntrl|up_xfer_data[68]
                Info (332115): To Node            : bladerf_core:U_core|nios_system:U_nios_system|axi_ad9361:axi_ad9361_0|axi_ad9361_rx:i_rx|axi_ad9361_rx_channel:i_rx_channel_0|up_adc_channel:i_up_adc_channel|up_xfer_cntrl:i_xfer_cntrl|d_data_cntrl[68]
                Info (332115): Launch Clock       : U_core|U_system_pll|altera_pll_i|general[0].gpll~PLL_OUTPUT_COUNTER|divclk
                Info (332115): Latch Clock        : U_core|U_nios_system|axi_ad9361_0|i_dev_if|i_rx|i_altlvds_rx|auto_generated|pll_sclk~PLL_OUTPUT_COUNTER|divclk
                Info (332115): Data Arrival Time  : 5.022
                Info (332115): Clock Arrival Time : 4.602
                Info (332115): Relative Delay     : 0.420
                Info (332115): Data Arrival Path:
                Info (332115): Total (ns)  Incr (ns)     Type  Element
                Info (332115): ==========  ========= ==  ====  ===================================
                Info (332115):      3.334      3.334  R        clock network delay
                Info (332115):      3.334      0.000     uTco  bladerf_core:U_core|nios_system:U_nios_system|axi_ad9361:axi_ad9361_0|axi_ad9361_rx:i_rx|axi_ad9361_rx_channel:i_rx_channel_0|up_adc_channel:i_up_adc_channel|up_xfer_cntrl:i_xfer_cntrl|up_xfer_data[68]
                Info (332115):      3.334      0.000 RR  CELL  U_core|U_nios_system|axi_ad9361_0|i_rx|i_rx_channel_0|i_up_adc_channel|i_xfer_cntrl|up_xfer_data[68]|q
                Info (332115):      4.035      0.701 RR    IC  U_core|U_nios_system|axi_ad9361_0|i_rx|i_rx_channel_0|i_up_adc_channel|i_xfer_cntrl|d_data_cntrl[68]~feeder|dataa
                Info (332115):      4.716      0.681 RR  CELL  U_core|U_nios_system|axi_ad9361_0|i_rx|i_rx_channel_0|i_up_adc_channel|i_xfer_cntrl|d_data_cntrl[68]~feeder|combout
                Info (332115):      4.716      0.000 RR    IC  U_core|U_nios_system|axi_ad9361_0|i_rx|i_rx_channel_0|i_up_adc_channel|i_xfer_cntrl|d_data_cntrl[68]|d
                Info (332115):      5.022      0.306 RR  CELL  bladerf_core:U_core|nios_system:U_nios_system|axi_ad9361:axi_ad9361_0|axi_ad9361_rx:i_rx|axi_ad9361_rx_channel:i_rx_channel_0|up_adc_channel:i_up_adc_channel|up_xfer_cntrl:i_xfer_cntrl|d_data_cntrl[68]
                Info (332115): Clock Arrival Path:
                Info (332115): Total (ns)  Incr (ns)     Type  Element
                Info (332115): ==========  ========= ==  ====  ===================================
                Info (332115):      4.762      4.762  R        clock network delay
                Info (332115):      4.602     -0.160           clock uncertainty
                Info (332115):      4.602      0.000     uTsu  bladerf_core:U_core|nios_system:U_nios_system|axi_ad9361:axi_ad9361_0|axi_ad9361_rx:i_rx|axi_ad9361_rx_channel:i_rx_channel_0|up_adc_channel:i_up_adc_channel|up_xfer_cntrl:i_xfer_cntrl|d_data_cntrl[68]
            Info (332181): Earliest Path Arrival
                Info (332115): From Node          : bladerf_core:U_core|nios_system:U_nios_system|axi_ad9361:axi_ad9361_0|axi_ad9361_rx:i_rx|axi_ad9361_rx_channel:i_rx_channel_0|up_adc_channel:i_up_adc_channel|up_xfer_cntrl:i_xfer_cntrl|up_xfer_data[4]
                Info (332115): To Node            : bladerf_core:U_core|nios_system:U_nios_system|axi_ad9361:axi_ad9361_0|axi_ad9361_rx:i_rx|axi_ad9361_rx_channel:i_rx_channel_0|up_adc_channel:i_up_adc_channel|up_xfer_cntrl:i_xfer_cntrl|d_data_cntrl[4]
                Info (332115): Launch Clock       : U_core|U_system_pll|altera_pll_i|general[0].gpll~PLL_OUTPUT_COUNTER|divclk
                Info (332115): Latch Clock        : U_core|U_nios_system|axi_ad9361_0|i_dev_if|i_rx|i_altlvds_rx|auto_generated|pll_sclk~PLL_OUTPUT_COUNTER|divclk
                Info (332115): Data Arrival Time  : 2.613
                Info (332115): Clock Arrival Time : 6.493
                Info (332115): Relative Delay     : -3.880
                Info (332115): Data Arrival Path:
                Info (332115): Total (ns)  Incr (ns)     Type  Element
                Info (332115): ==========  ========= ==  ====  ===================================
                Info (332115):      1.774      1.774  R        clock network delay
                Info (332115):      1.774      0.000     uTco  bladerf_core:U_core|nios_system:U_nios_system|axi_ad9361:axi_ad9361_0|axi_ad9361_rx:i_rx|axi_ad9361_rx_channel:i_rx_channel_0|up_adc_channel:i_up_adc_channel|up_xfer_cntrl:i_xfer_cntrl|up_xfer_data[4]
                Info (332115):      1.774      0.000 FF  CELL  U_core|U_nios_system|axi_ad9361_0|i_rx|i_rx_channel_0|i_up_adc_channel|i_xfer_cntrl|up_xfer_data[4]|q
                Info (332115):      2.244      0.470 FF    IC  U_core|U_nios_system|axi_ad9361_0|i_rx|i_rx_channel_0|i_up_adc_channel|i_xfer_cntrl|d_data_cntrl[4]|asdata
                Info (332115):      2.613      0.369 FF  CELL  bladerf_core:U_core|nios_system:U_nios_system|axi_ad9361:axi_ad9361_0|axi_ad9361_rx:i_rx|axi_ad9361_rx_channel:i_rx_channel_0|up_adc_channel:i_up_adc_channel|up_xfer_cntrl:i_xfer_cntrl|d_data_cntrl[4]
                Info (332115): Clock Arrival Path:
                Info (332115): Total (ns)  Incr (ns)     Type  Element
                Info (332115): ==========  ========= ==  ====  ===================================
                Info (332115):      6.333      6.333  R        clock network delay
                Info (332115):      6.493      0.160           clock uncertainty
                Info (332115):      6.493      0.000      uTh  bladerf_core:U_core|nios_system:U_nios_system|axi_ad9361:axi_ad9361_0|axi_ad9361_rx:i_rx|axi_ad9361_rx_channel:i_rx_channel_0|up_adc_channel:i_up_adc_channel|up_xfer_cntrl:i_xfer_cntrl|d_data_cntrl[4]
            Info (332181): Cross Path Clock Pessimism Removed : 2.771
            Info (332181): Required Skew   : 6.400
            Info (332181): Actual Skew     : 1.529
            Info (332181): Slack           : 4.871
        Info (332181): Path #115: Slack is 4.885 
            Info (332181): Latest Path Arrival
                Info (332115): From Node          : bladerf_core:U_core|nios_system:U_nios_system|axi_ad9361:axi_ad9361_0|axi_ad9361_rx:i_rx|axi_ad9361_rx_channel:i_rx_channel_0|up_adc_channel:i_up_adc_channel|up_xfer_cntrl:i_xfer_cntrl|up_xfer_data[0]
                Info (332115): To Node            : bladerf_core:U_core|nios_system:U_nios_system|axi_ad9361:axi_ad9361_0|axi_ad9361_rx:i_rx|axi_ad9361_rx_channel:i_rx_channel_0|up_adc_channel:i_up_adc_channel|up_xfer_cntrl:i_xfer_cntrl|d_data_cntrl[0]
                Info (332115): Launch Clock       : U_core|U_system_pll|altera_pll_i|general[0].gpll~PLL_OUTPUT_COUNTER|divclk
                Info (332115): Latch Clock        : U_core|U_nios_system|axi_ad9361_0|i_dev_if|i_rx|i_altlvds_rx|auto_generated|pll_sclk~PLL_OUTPUT_COUNTER|divclk
                Info (332115): Data Arrival Time  : 4.954
                Info (332115): Clock Arrival Time : 4.568
                Info (332115): Relative Delay     : 0.386
                Info (332115): Data Arrival Path:
                Info (332115): Total (ns)  Incr (ns)     Type  Element
                Info (332115): ==========  ========= ==  ====  ===================================
                Info (332115):      3.323      3.323  R        clock network delay
                Info (332115):      3.323      0.000     uTco  bladerf_core:U_core|nios_system:U_nios_system|axi_ad9361:axi_ad9361_0|axi_ad9361_rx:i_rx|axi_ad9361_rx_channel:i_rx_channel_0|up_adc_channel:i_up_adc_channel|up_xfer_cntrl:i_xfer_cntrl|up_xfer_data[0]
                Info (332115):      3.323      0.000 RR  CELL  U_core|U_nios_system|axi_ad9361_0|i_rx|i_rx_channel_0|i_up_adc_channel|i_xfer_cntrl|up_xfer_data[0]|q
                Info (332115):      3.975      0.652 RR    IC  U_core|U_nios_system|axi_ad9361_0|i_rx|i_rx_channel_0|i_up_adc_channel|i_xfer_cntrl|d_data_cntrl[0]~feeder|dataa
                Info (332115):      4.648      0.673 RR  CELL  U_core|U_nios_system|axi_ad9361_0|i_rx|i_rx_channel_0|i_up_adc_channel|i_xfer_cntrl|d_data_cntrl[0]~feeder|combout
                Info (332115):      4.648      0.000 RR    IC  U_core|U_nios_system|axi_ad9361_0|i_rx|i_rx_channel_0|i_up_adc_channel|i_xfer_cntrl|d_data_cntrl[0]|d
                Info (332115):      4.954      0.306 RR  CELL  bladerf_core:U_core|nios_system:U_nios_system|axi_ad9361:axi_ad9361_0|axi_ad9361_rx:i_rx|axi_ad9361_rx_channel:i_rx_channel_0|up_adc_channel:i_up_adc_channel|up_xfer_cntrl:i_xfer_cntrl|d_data_cntrl[0]
                Info (332115): Clock Arrival Path:
                Info (332115): Total (ns)  Incr (ns)     Type  Element
                Info (332115): ==========  ========= ==  ====  ===================================
                Info (332115):      4.728      4.728  R        clock network delay
                Info (332115):      4.568     -0.160           clock uncertainty
                Info (332115):      4.568      0.000     uTsu  bladerf_core:U_core|nios_system:U_nios_system|axi_ad9361:axi_ad9361_0|axi_ad9361_rx:i_rx|axi_ad9361_rx_channel:i_rx_channel_0|up_adc_channel:i_up_adc_channel|up_xfer_cntrl:i_xfer_cntrl|d_data_cntrl[0]
            Info (332181): Earliest Path Arrival
                Info (332115): From Node          : bladerf_core:U_core|nios_system:U_nios_system|axi_ad9361:axi_ad9361_0|axi_ad9361_rx:i_rx|axi_ad9361_rx_channel:i_rx_channel_0|up_adc_channel:i_up_adc_channel|up_xfer_cntrl:i_xfer_cntrl|up_xfer_data[26]
                Info (332115): To Node            : bladerf_core:U_core|nios_system:U_nios_system|axi_ad9361:axi_ad9361_0|axi_ad9361_rx:i_rx|axi_ad9361_rx_channel:i_rx_channel_0|up_adc_channel:i_up_adc_channel|up_xfer_cntrl:i_xfer_cntrl|d_data_cntrl[26]
                Info (332115): Launch Clock       : U_core|U_system_pll|altera_pll_i|general[0].gpll~PLL_OUTPUT_COUNTER|divclk
                Info (332115): Latch Clock        : U_core|U_nios_system|axi_ad9361_0|i_dev_if|i_rx|i_altlvds_rx|auto_generated|pll_sclk~PLL_OUTPUT_COUNTER|divclk
                Info (332115): Data Arrival Time  : 2.621
                Info (332115): Clock Arrival Time : 6.521
                Info (332115): Relative Delay     : -3.900
                Info (332115): Data Arrival Path:
                Info (332115): Total (ns)  Incr (ns)     Type  Element
                Info (332115): ==========  ========= ==  ====  ===================================
                Info (332115):      1.777      1.777  R        clock network delay
                Info (332115):      1.777      0.000     uTco  bladerf_core:U_core|nios_system:U_nios_system|axi_ad9361:axi_ad9361_0|axi_ad9361_rx:i_rx|axi_ad9361_rx_channel:i_rx_channel_0|up_adc_channel:i_up_adc_channel|up_xfer_cntrl:i_xfer_cntrl|up_xfer_data[26]
                Info (332115):      1.777      0.000 FF  CELL  U_core|U_nios_system|axi_ad9361_0|i_rx|i_rx_channel_0|i_up_adc_channel|i_xfer_cntrl|up_xfer_data[26]|q
                Info (332115):      2.029      0.252 FF    IC  U_core|U_nios_system|axi_ad9361_0|i_rx|i_rx_channel_0|i_up_adc_channel|i_xfer_cntrl|d_data_cntrl[26]~feeder|dataa
                Info (332115):      2.537      0.508 FF  CELL  U_core|U_nios_system|axi_ad9361_0|i_rx|i_rx_channel_0|i_up_adc_channel|i_xfer_cntrl|d_data_cntrl[26]~feeder|combout
                Info (332115):      2.537      0.000 FF    IC  U_core|U_nios_system|axi_ad9361_0|i_rx|i_rx_channel_0|i_up_adc_channel|i_xfer_cntrl|d_data_cntrl[26]|d
                Info (332115):      2.621      0.084 FF  CELL  bladerf_core:U_core|nios_system:U_nios_system|axi_ad9361:axi_ad9361_0|axi_ad9361_rx:i_rx|axi_ad9361_rx_channel:i_rx_channel_0|up_adc_channel:i_up_adc_channel|up_xfer_cntrl:i_xfer_cntrl|d_data_cntrl[26]
                Info (332115): Clock Arrival Path:
                Info (332115): Total (ns)  Incr (ns)     Type  Element
                Info (332115): ==========  ========= ==  ====  ===================================
                Info (332115):      6.361      6.361  R        clock network delay
                Info (332115):      6.521      0.160           clock uncertainty
                Info (332115):      6.521      0.000      uTh  bladerf_core:U_core|nios_system:U_nios_system|axi_ad9361:axi_ad9361_0|axi_ad9361_rx:i_rx|axi_ad9361_rx_channel:i_rx_channel_0|up_adc_channel:i_up_adc_channel|up_xfer_cntrl:i_xfer_cntrl|d_data_cntrl[26]
            Info (332181): Cross Path Clock Pessimism Removed : 2.771
            Info (332181): Required Skew   : 6.400
            Info (332181): Actual Skew     : 1.515
            Info (332181): Slack           : 4.885
        Info (332181): Path #116: Slack is 4.885 
            Info (332181): Latest Path Arrival
                Info (332115): From Node          : bladerf_core:U_core|nios_system:U_nios_system|axi_ad9361:axi_ad9361_0|axi_ad9361_rx:i_rx|axi_ad9361_rx_channel:i_rx_channel_0|up_adc_channel:i_up_adc_channel|up_xfer_cntrl:i_xfer_cntrl|up_xfer_data[34]
                Info (332115): To Node            : bladerf_core:U_core|nios_system:U_nios_system|axi_ad9361:axi_ad9361_0|axi_ad9361_rx:i_rx|axi_ad9361_rx_channel:i_rx_channel_0|up_adc_channel:i_up_adc_channel|up_xfer_cntrl:i_xfer_cntrl|d_data_cntrl[34]
                Info (332115): Launch Clock       : U_core|U_system_pll|altera_pll_i|general[0].gpll~PLL_OUTPUT_COUNTER|divclk
                Info (332115): Latch Clock        : U_core|U_nios_system|axi_ad9361_0|i_dev_if|i_rx|i_altlvds_rx|auto_generated|pll_sclk~PLL_OUTPUT_COUNTER|divclk
                Info (332115): Data Arrival Time  : 5.000
                Info (332115): Clock Arrival Time : 4.594
                Info (332115): Relative Delay     : 0.406
                Info (332115): Data Arrival Path:
                Info (332115): Total (ns)  Incr (ns)     Type  Element
                Info (332115): ==========  ========= ==  ====  ===================================
                Info (332115):      3.334      3.334  R        clock network delay
                Info (332115):      3.334      0.000     uTco  bladerf_core:U_core|nios_system:U_nios_system|axi_ad9361:axi_ad9361_0|axi_ad9361_rx:i_rx|axi_ad9361_rx_channel:i_rx_channel_0|up_adc_channel:i_up_adc_channel|up_xfer_cntrl:i_xfer_cntrl|up_xfer_data[34]
                Info (332115):      3.334      0.000 RR  CELL  U_core|U_nios_system|axi_ad9361_0|i_rx|i_rx_channel_0|i_up_adc_channel|i_xfer_cntrl|up_xfer_data[34]|q
                Info (332115):      4.039      0.705 RR    IC  U_core|U_nios_system|axi_ad9361_0|i_rx|i_rx_channel_0|i_up_adc_channel|i_xfer_cntrl|d_data_cntrl[34]~feeder|datab
                Info (332115):      4.696      0.657 RR  CELL  U_core|U_nios_system|axi_ad9361_0|i_rx|i_rx_channel_0|i_up_adc_channel|i_xfer_cntrl|d_data_cntrl[34]~feeder|combout
                Info (332115):      4.696      0.000 RR    IC  U_core|U_nios_system|axi_ad9361_0|i_rx|i_rx_channel_0|i_up_adc_channel|i_xfer_cntrl|d_data_cntrl[34]|d
                Info (332115):      5.000      0.304 RR  CELL  bladerf_core:U_core|nios_system:U_nios_system|axi_ad9361:axi_ad9361_0|axi_ad9361_rx:i_rx|axi_ad9361_rx_channel:i_rx_channel_0|up_adc_channel:i_up_adc_channel|up_xfer_cntrl:i_xfer_cntrl|d_data_cntrl[34]
                Info (332115): Clock Arrival Path:
                Info (332115): Total (ns)  Incr (ns)     Type  Element
                Info (332115): ==========  ========= ==  ====  ===================================
                Info (332115):      4.754      4.754  R        clock network delay
                Info (332115):      4.594     -0.160           clock uncertainty
                Info (332115):      4.594      0.000     uTsu  bladerf_core:U_core|nios_system:U_nios_system|axi_ad9361:axi_ad9361_0|axi_ad9361_rx:i_rx|axi_ad9361_rx_channel:i_rx_channel_0|up_adc_channel:i_up_adc_channel|up_xfer_cntrl:i_xfer_cntrl|d_data_cntrl[34]
            Info (332181): Earliest Path Arrival
                Info (332115): From Node          : bladerf_core:U_core|nios_system:U_nios_system|axi_ad9361:axi_ad9361_0|axi_ad9361_rx:i_rx|axi_ad9361_rx_channel:i_rx_channel_0|up_adc_channel:i_up_adc_channel|up_xfer_cntrl:i_xfer_cntrl|up_xfer_data[4]
                Info (332115): To Node            : bladerf_core:U_core|nios_system:U_nios_system|axi_ad9361:axi_ad9361_0|axi_ad9361_rx:i_rx|axi_ad9361_rx_channel:i_rx_channel_0|up_adc_channel:i_up_adc_channel|up_xfer_cntrl:i_xfer_cntrl|d_data_cntrl[4]
                Info (332115): Launch Clock       : U_core|U_system_pll|altera_pll_i|general[0].gpll~PLL_OUTPUT_COUNTER|divclk
                Info (332115): Latch Clock        : U_core|U_nios_system|axi_ad9361_0|i_dev_if|i_rx|i_altlvds_rx|auto_generated|pll_sclk~PLL_OUTPUT_COUNTER|divclk
                Info (332115): Data Arrival Time  : 2.613
                Info (332115): Clock Arrival Time : 6.493
                Info (332115): Relative Delay     : -3.880
                Info (332115): Data Arrival Path:
                Info (332115): Total (ns)  Incr (ns)     Type  Element
                Info (332115): ==========  ========= ==  ====  ===================================
                Info (332115):      1.774      1.774  R        clock network delay
                Info (332115):      1.774      0.000     uTco  bladerf_core:U_core|nios_system:U_nios_system|axi_ad9361:axi_ad9361_0|axi_ad9361_rx:i_rx|axi_ad9361_rx_channel:i_rx_channel_0|up_adc_channel:i_up_adc_channel|up_xfer_cntrl:i_xfer_cntrl|up_xfer_data[4]
                Info (332115):      1.774      0.000 FF  CELL  U_core|U_nios_system|axi_ad9361_0|i_rx|i_rx_channel_0|i_up_adc_channel|i_xfer_cntrl|up_xfer_data[4]|q
                Info (332115):      2.244      0.470 FF    IC  U_core|U_nios_system|axi_ad9361_0|i_rx|i_rx_channel_0|i_up_adc_channel|i_xfer_cntrl|d_data_cntrl[4]|asdata
                Info (332115):      2.613      0.369 FF  CELL  bladerf_core:U_core|nios_system:U_nios_system|axi_ad9361:axi_ad9361_0|axi_ad9361_rx:i_rx|axi_ad9361_rx_channel:i_rx_channel_0|up_adc_channel:i_up_adc_channel|up_xfer_cntrl:i_xfer_cntrl|d_data_cntrl[4]
                Info (332115): Clock Arrival Path:
                Info (332115): Total (ns)  Incr (ns)     Type  Element
                Info (332115): ==========  ========= ==  ====  ===================================
                Info (332115):      6.333      6.333  R        clock network delay
                Info (332115):      6.493      0.160           clock uncertainty
                Info (332115):      6.493      0.000      uTh  bladerf_core:U_core|nios_system:U_nios_system|axi_ad9361:axi_ad9361_0|axi_ad9361_rx:i_rx|axi_ad9361_rx_channel:i_rx_channel_0|up_adc_channel:i_up_adc_channel|up_xfer_cntrl:i_xfer_cntrl|d_data_cntrl[4]
            Info (332181): Cross Path Clock Pessimism Removed : 2.771
            Info (332181): Required Skew   : 6.400
            Info (332181): Actual Skew     : 1.515
            Info (332181): Slack           : 4.885
    Info (332181): Skew for the Earliest Arrival
        Info (332181): Path #117: Slack is 4.855 
            Info (332181): Latest Path Arrival
                Info (332115): From Node          : bladerf_core:U_core|nios_system:U_nios_system|axi_ad9361:axi_ad9361_0|axi_ad9361_rx:i_rx|axi_ad9361_rx_channel:i_rx_channel_0|up_adc_channel:i_up_adc_channel|up_xfer_cntrl:i_xfer_cntrl|up_xfer_data[59]
                Info (332115): To Node            : bladerf_core:U_core|nios_system:U_nios_system|axi_ad9361:axi_ad9361_0|axi_ad9361_rx:i_rx|axi_ad9361_rx_channel:i_rx_channel_0|up_adc_channel:i_up_adc_channel|up_xfer_cntrl:i_xfer_cntrl|d_data_cntrl[59]
                Info (332115): Launch Clock       : U_core|U_system_pll|altera_pll_i|general[0].gpll~PLL_OUTPUT_COUNTER|divclk
                Info (332115): Latch Clock        : U_core|U_nios_system|axi_ad9361_0|i_dev_if|i_rx|i_altlvds_rx|auto_generated|pll_sclk~PLL_OUTPUT_COUNTER|divclk
                Info (332115): Data Arrival Time  : 5.031
                Info (332115): Clock Arrival Time : 4.595
                Info (332115): Relative Delay     : 0.436
                Info (332115): Data Arrival Path:
                Info (332115): Total (ns)  Incr (ns)     Type  Element
                Info (332115): ==========  ========= ==  ====  ===================================
                Info (332115):      3.328      3.328  R        clock network delay
                Info (332115):      3.328      0.000     uTco  bladerf_core:U_core|nios_system:U_nios_system|axi_ad9361:axi_ad9361_0|axi_ad9361_rx:i_rx|axi_ad9361_rx_channel:i_rx_channel_0|up_adc_channel:i_up_adc_channel|up_xfer_cntrl:i_xfer_cntrl|up_xfer_data[59]
                Info (332115):      3.328      0.000 RR  CELL  U_core|U_nios_system|axi_ad9361_0|i_rx|i_rx_channel_0|i_up_adc_channel|i_xfer_cntrl|up_xfer_data[59]|q
                Info (332115):      4.052      0.724 RR    IC  U_core|U_nios_system|axi_ad9361_0|i_rx|i_rx_channel_0|i_up_adc_channel|i_xfer_cntrl|d_data_cntrl[59]~feeder|dataa
                Info (332115):      4.725      0.673 RR  CELL  U_core|U_nios_system|axi_ad9361_0|i_rx|i_rx_channel_0|i_up_adc_channel|i_xfer_cntrl|d_data_cntrl[59]~feeder|combout
                Info (332115):      4.725      0.000 RR    IC  U_core|U_nios_system|axi_ad9361_0|i_rx|i_rx_channel_0|i_up_adc_channel|i_xfer_cntrl|d_data_cntrl[59]|d
                Info (332115):      5.031      0.306 RR  CELL  bladerf_core:U_core|nios_system:U_nios_system|axi_ad9361:axi_ad9361_0|axi_ad9361_rx:i_rx|axi_ad9361_rx_channel:i_rx_channel_0|up_adc_channel:i_up_adc_channel|up_xfer_cntrl:i_xfer_cntrl|d_data_cntrl[59]
                Info (332115): Clock Arrival Path:
                Info (332115): Total (ns)  Incr (ns)     Type  Element
                Info (332115): ==========  ========= ==  ====  ===================================
                Info (332115):      4.755      4.755  R        clock network delay
                Info (332115):      4.595     -0.160           clock uncertainty
                Info (332115):      4.595      0.000     uTsu  bladerf_core:U_core|nios_system:U_nios_system|axi_ad9361:axi_ad9361_0|axi_ad9361_rx:i_rx|axi_ad9361_rx_channel:i_rx_channel_0|up_adc_channel:i_up_adc_channel|up_xfer_cntrl:i_xfer_cntrl|d_data_cntrl[59]
            Info (332181): Earliest Path Arrival
                Info (332115): From Node          : bladerf_core:U_core|nios_system:U_nios_system|axi_ad9361:axi_ad9361_0|axi_ad9361_rx:i_rx|axi_ad9361_rx_channel:i_rx_channel_0|up_adc_channel:i_up_adc_channel|up_xfer_cntrl:i_xfer_cntrl|up_xfer_data[4]
                Info (332115): To Node            : bladerf_core:U_core|nios_system:U_nios_system|axi_ad9361:axi_ad9361_0|axi_ad9361_rx:i_rx|axi_ad9361_rx_channel:i_rx_channel_0|up_adc_channel:i_up_adc_channel|up_xfer_cntrl:i_xfer_cntrl|d_data_cntrl[4]
                Info (332115): Launch Clock       : U_core|U_system_pll|altera_pll_i|general[0].gpll~PLL_OUTPUT_COUNTER|divclk
                Info (332115): Latch Clock        : U_core|U_nios_system|axi_ad9361_0|i_dev_if|i_rx|i_altlvds_rx|auto_generated|pll_sclk~PLL_OUTPUT_COUNTER|divclk
                Info (332115): Data Arrival Time  : 2.613
                Info (332115): Clock Arrival Time : 6.493
                Info (332115): Relative Delay     : -3.880
                Info (332115): Data Arrival Path:
                Info (332115): Total (ns)  Incr (ns)     Type  Element
                Info (332115): ==========  ========= ==  ====  ===================================
                Info (332115):      1.774      1.774  R        clock network delay
                Info (332115):      1.774      0.000     uTco  bladerf_core:U_core|nios_system:U_nios_system|axi_ad9361:axi_ad9361_0|axi_ad9361_rx:i_rx|axi_ad9361_rx_channel:i_rx_channel_0|up_adc_channel:i_up_adc_channel|up_xfer_cntrl:i_xfer_cntrl|up_xfer_data[4]
                Info (332115):      1.774      0.000 FF  CELL  U_core|U_nios_system|axi_ad9361_0|i_rx|i_rx_channel_0|i_up_adc_channel|i_xfer_cntrl|up_xfer_data[4]|q
                Info (332115):      2.244      0.470 FF    IC  U_core|U_nios_system|axi_ad9361_0|i_rx|i_rx_channel_0|i_up_adc_channel|i_xfer_cntrl|d_data_cntrl[4]|asdata
                Info (332115):      2.613      0.369 FF  CELL  bladerf_core:U_core|nios_system:U_nios_system|axi_ad9361:axi_ad9361_0|axi_ad9361_rx:i_rx|axi_ad9361_rx_channel:i_rx_channel_0|up_adc_channel:i_up_adc_channel|up_xfer_cntrl:i_xfer_cntrl|d_data_cntrl[4]
                Info (332115): Clock Arrival Path:
                Info (332115): Total (ns)  Incr (ns)     Type  Element
                Info (332115): ==========  ========= ==  ====  ===================================
                Info (332115):      6.333      6.333  R        clock network delay
                Info (332115):      6.493      0.160           clock uncertainty
                Info (332115):      6.493      0.000      uTh  bladerf_core:U_core|nios_system:U_nios_system|axi_ad9361:axi_ad9361_0|axi_ad9361_rx:i_rx|axi_ad9361_rx_channel:i_rx_channel_0|up_adc_channel:i_up_adc_channel|up_xfer_cntrl:i_xfer_cntrl|d_data_cntrl[4]
            Info (332181): Cross Path Clock Pessimism Removed : 2.771
            Info (332181): Required Skew   : 6.400
            Info (332181): Actual Skew     : 1.545
            Info (332181): Slack           : 4.855
        Info (332181): Path #118: Slack is 4.885 
            Info (332181): Latest Path Arrival
                Info (332115): From Node          : bladerf_core:U_core|nios_system:U_nios_system|axi_ad9361:axi_ad9361_0|axi_ad9361_rx:i_rx|axi_ad9361_rx_channel:i_rx_channel_0|up_adc_channel:i_up_adc_channel|up_xfer_cntrl:i_xfer_cntrl|up_xfer_data[0]
                Info (332115): To Node            : bladerf_core:U_core|nios_system:U_nios_system|axi_ad9361:axi_ad9361_0|axi_ad9361_rx:i_rx|axi_ad9361_rx_channel:i_rx_channel_0|up_adc_channel:i_up_adc_channel|up_xfer_cntrl:i_xfer_cntrl|d_data_cntrl[0]
                Info (332115): Launch Clock       : U_core|U_system_pll|altera_pll_i|general[0].gpll~PLL_OUTPUT_COUNTER|divclk
                Info (332115): Latch Clock        : U_core|U_nios_system|axi_ad9361_0|i_dev_if|i_rx|i_altlvds_rx|auto_generated|pll_sclk~PLL_OUTPUT_COUNTER|divclk
                Info (332115): Data Arrival Time  : 4.954
                Info (332115): Clock Arrival Time : 4.568
                Info (332115): Relative Delay     : 0.386
                Info (332115): Data Arrival Path:
                Info (332115): Total (ns)  Incr (ns)     Type  Element
                Info (332115): ==========  ========= ==  ====  ===================================
                Info (332115):      3.323      3.323  R        clock network delay
                Info (332115):      3.323      0.000     uTco  bladerf_core:U_core|nios_system:U_nios_system|axi_ad9361:axi_ad9361_0|axi_ad9361_rx:i_rx|axi_ad9361_rx_channel:i_rx_channel_0|up_adc_channel:i_up_adc_channel|up_xfer_cntrl:i_xfer_cntrl|up_xfer_data[0]
                Info (332115):      3.323      0.000 RR  CELL  U_core|U_nios_system|axi_ad9361_0|i_rx|i_rx_channel_0|i_up_adc_channel|i_xfer_cntrl|up_xfer_data[0]|q
                Info (332115):      3.975      0.652 RR    IC  U_core|U_nios_system|axi_ad9361_0|i_rx|i_rx_channel_0|i_up_adc_channel|i_xfer_cntrl|d_data_cntrl[0]~feeder|dataa
                Info (332115):      4.648      0.673 RR  CELL  U_core|U_nios_system|axi_ad9361_0|i_rx|i_rx_channel_0|i_up_adc_channel|i_xfer_cntrl|d_data_cntrl[0]~feeder|combout
                Info (332115):      4.648      0.000 RR    IC  U_core|U_nios_system|axi_ad9361_0|i_rx|i_rx_channel_0|i_up_adc_channel|i_xfer_cntrl|d_data_cntrl[0]|d
                Info (332115):      4.954      0.306 RR  CELL  bladerf_core:U_core|nios_system:U_nios_system|axi_ad9361:axi_ad9361_0|axi_ad9361_rx:i_rx|axi_ad9361_rx_channel:i_rx_channel_0|up_adc_channel:i_up_adc_channel|up_xfer_cntrl:i_xfer_cntrl|d_data_cntrl[0]
                Info (332115): Clock Arrival Path:
                Info (332115): Total (ns)  Incr (ns)     Type  Element
                Info (332115): ==========  ========= ==  ====  ===================================
                Info (332115):      4.728      4.728  R        clock network delay
                Info (332115):      4.568     -0.160           clock uncertainty
                Info (332115):      4.568      0.000     uTsu  bladerf_core:U_core|nios_system:U_nios_system|axi_ad9361:axi_ad9361_0|axi_ad9361_rx:i_rx|axi_ad9361_rx_channel:i_rx_channel_0|up_adc_channel:i_up_adc_channel|up_xfer_cntrl:i_xfer_cntrl|d_data_cntrl[0]
            Info (332181): Earliest Path Arrival
                Info (332115): From Node          : bladerf_core:U_core|nios_system:U_nios_system|axi_ad9361:axi_ad9361_0|axi_ad9361_rx:i_rx|axi_ad9361_rx_channel:i_rx_channel_0|up_adc_channel:i_up_adc_channel|up_xfer_cntrl:i_xfer_cntrl|up_xfer_data[26]
                Info (332115): To Node            : bladerf_core:U_core|nios_system:U_nios_system|axi_ad9361:axi_ad9361_0|axi_ad9361_rx:i_rx|axi_ad9361_rx_channel:i_rx_channel_0|up_adc_channel:i_up_adc_channel|up_xfer_cntrl:i_xfer_cntrl|d_data_cntrl[26]
                Info (332115): Launch Clock       : U_core|U_system_pll|altera_pll_i|general[0].gpll~PLL_OUTPUT_COUNTER|divclk
                Info (332115): Latch Clock        : U_core|U_nios_system|axi_ad9361_0|i_dev_if|i_rx|i_altlvds_rx|auto_generated|pll_sclk~PLL_OUTPUT_COUNTER|divclk
                Info (332115): Data Arrival Time  : 2.621
                Info (332115): Clock Arrival Time : 6.521
                Info (332115): Relative Delay     : -3.900
                Info (332115): Data Arrival Path:
                Info (332115): Total (ns)  Incr (ns)     Type  Element
                Info (332115): ==========  ========= ==  ====  ===================================
                Info (332115):      1.777      1.777  R        clock network delay
                Info (332115):      1.777      0.000     uTco  bladerf_core:U_core|nios_system:U_nios_system|axi_ad9361:axi_ad9361_0|axi_ad9361_rx:i_rx|axi_ad9361_rx_channel:i_rx_channel_0|up_adc_channel:i_up_adc_channel|up_xfer_cntrl:i_xfer_cntrl|up_xfer_data[26]
                Info (332115):      1.777      0.000 FF  CELL  U_core|U_nios_system|axi_ad9361_0|i_rx|i_rx_channel_0|i_up_adc_channel|i_xfer_cntrl|up_xfer_data[26]|q
                Info (332115):      2.029      0.252 FF    IC  U_core|U_nios_system|axi_ad9361_0|i_rx|i_rx_channel_0|i_up_adc_channel|i_xfer_cntrl|d_data_cntrl[26]~feeder|dataa
                Info (332115):      2.537      0.508 FF  CELL  U_core|U_nios_system|axi_ad9361_0|i_rx|i_rx_channel_0|i_up_adc_channel|i_xfer_cntrl|d_data_cntrl[26]~feeder|combout
                Info (332115):      2.537      0.000 FF    IC  U_core|U_nios_system|axi_ad9361_0|i_rx|i_rx_channel_0|i_up_adc_channel|i_xfer_cntrl|d_data_cntrl[26]|d
                Info (332115):      2.621      0.084 FF  CELL  bladerf_core:U_core|nios_system:U_nios_system|axi_ad9361:axi_ad9361_0|axi_ad9361_rx:i_rx|axi_ad9361_rx_channel:i_rx_channel_0|up_adc_channel:i_up_adc_channel|up_xfer_cntrl:i_xfer_cntrl|d_data_cntrl[26]
                Info (332115): Clock Arrival Path:
                Info (332115): Total (ns)  Incr (ns)     Type  Element
                Info (332115): ==========  ========= ==  ====  ===================================
                Info (332115):      6.361      6.361  R        clock network delay
                Info (332115):      6.521      0.160           clock uncertainty
                Info (332115):      6.521      0.000      uTh  bladerf_core:U_core|nios_system:U_nios_system|axi_ad9361:axi_ad9361_0|axi_ad9361_rx:i_rx|axi_ad9361_rx_channel:i_rx_channel_0|up_adc_channel:i_up_adc_channel|up_xfer_cntrl:i_xfer_cntrl|d_data_cntrl[26]
            Info (332181): Cross Path Clock Pessimism Removed : 2.771
            Info (332181): Required Skew   : 6.400
            Info (332181): Actual Skew     : 1.515
            Info (332181): Slack           : 4.885
        Info (332181): Path #119: Slack is 4.920 
            Info (332181): Latest Path Arrival
                Info (332115): From Node          : bladerf_core:U_core|nios_system:U_nios_system|axi_ad9361:axi_ad9361_0|axi_ad9361_rx:i_rx|axi_ad9361_rx_channel:i_rx_channel_0|up_adc_channel:i_up_adc_channel|up_xfer_cntrl:i_xfer_cntrl|up_xfer_data[59]
                Info (332115): To Node            : bladerf_core:U_core|nios_system:U_nios_system|axi_ad9361:axi_ad9361_0|axi_ad9361_rx:i_rx|axi_ad9361_rx_channel:i_rx_channel_0|up_adc_channel:i_up_adc_channel|up_xfer_cntrl:i_xfer_cntrl|d_data_cntrl[59]
                Info (332115): Launch Clock       : U_core|U_system_pll|altera_pll_i|general[0].gpll~PLL_OUTPUT_COUNTER|divclk
                Info (332115): Latch Clock        : U_core|U_nios_system|axi_ad9361_0|i_dev_if|i_rx|i_altlvds_rx|auto_generated|pll_sclk~PLL_OUTPUT_COUNTER|divclk
                Info (332115): Data Arrival Time  : 5.031
                Info (332115): Clock Arrival Time : 4.595
                Info (332115): Relative Delay     : 0.436
                Info (332115): Data Arrival Path:
                Info (332115): Total (ns)  Incr (ns)     Type  Element
                Info (332115): ==========  ========= ==  ====  ===================================
                Info (332115):      3.328      3.328  R        clock network delay
                Info (332115):      3.328      0.000     uTco  bladerf_core:U_core|nios_system:U_nios_system|axi_ad9361:axi_ad9361_0|axi_ad9361_rx:i_rx|axi_ad9361_rx_channel:i_rx_channel_0|up_adc_channel:i_up_adc_channel|up_xfer_cntrl:i_xfer_cntrl|up_xfer_data[59]
                Info (332115):      3.328      0.000 RR  CELL  U_core|U_nios_system|axi_ad9361_0|i_rx|i_rx_channel_0|i_up_adc_channel|i_xfer_cntrl|up_xfer_data[59]|q
                Info (332115):      4.052      0.724 RR    IC  U_core|U_nios_system|axi_ad9361_0|i_rx|i_rx_channel_0|i_up_adc_channel|i_xfer_cntrl|d_data_cntrl[59]~feeder|dataa
                Info (332115):      4.725      0.673 RR  CELL  U_core|U_nios_system|axi_ad9361_0|i_rx|i_rx_channel_0|i_up_adc_channel|i_xfer_cntrl|d_data_cntrl[59]~feeder|combout
                Info (332115):      4.725      0.000 RR    IC  U_core|U_nios_system|axi_ad9361_0|i_rx|i_rx_channel_0|i_up_adc_channel|i_xfer_cntrl|d_data_cntrl[59]|d
                Info (332115):      5.031      0.306 RR  CELL  bladerf_core:U_core|nios_system:U_nios_system|axi_ad9361:axi_ad9361_0|axi_ad9361_rx:i_rx|axi_ad9361_rx_channel:i_rx_channel_0|up_adc_channel:i_up_adc_channel|up_xfer_cntrl:i_xfer_cntrl|d_data_cntrl[59]
                Info (332115): Clock Arrival Path:
                Info (332115): Total (ns)  Incr (ns)     Type  Element
                Info (332115): ==========  ========= ==  ====  ===================================
                Info (332115):      4.755      4.755  R        clock network delay
                Info (332115):      4.595     -0.160           clock uncertainty
                Info (332115):      4.595      0.000     uTsu  bladerf_core:U_core|nios_system:U_nios_system|axi_ad9361:axi_ad9361_0|axi_ad9361_rx:i_rx|axi_ad9361_rx_channel:i_rx_channel_0|up_adc_channel:i_up_adc_channel|up_xfer_cntrl:i_xfer_cntrl|d_data_cntrl[59]
            Info (332181): Earliest Path Arrival
                Info (332115): From Node          : bladerf_core:U_core|nios_system:U_nios_system|axi_ad9361:axi_ad9361_0|axi_ad9361_rx:i_rx|axi_ad9361_rx_channel:i_rx_channel_0|up_adc_channel:i_up_adc_channel|up_xfer_cntrl:i_xfer_cntrl|up_xfer_data[3]
                Info (332115): To Node            : bladerf_core:U_core|nios_system:U_nios_system|axi_ad9361:axi_ad9361_0|axi_ad9361_rx:i_rx|axi_ad9361_rx_channel:i_rx_channel_0|up_adc_channel:i_up_adc_channel|up_xfer_cntrl:i_xfer_cntrl|d_data_cntrl[3]
                Info (332115): Launch Clock       : U_core|U_system_pll|altera_pll_i|general[0].gpll~PLL_OUTPUT_COUNTER|divclk
                Info (332115): Latch Clock        : U_core|U_nios_system|axi_ad9361_0|i_dev_if|i_rx|i_altlvds_rx|auto_generated|pll_sclk~PLL_OUTPUT_COUNTER|divclk
                Info (332115): Data Arrival Time  : 2.662
                Info (332115): Clock Arrival Time : 6.477
                Info (332115): Relative Delay     : -3.815
                Info (332115): Data Arrival Path:
                Info (332115): Total (ns)  Incr (ns)     Type  Element
                Info (332115): ==========  ========= ==  ====  ===================================
                Info (332115):      1.789      1.789  R        clock network delay
                Info (332115):      1.789      0.000     uTco  bladerf_core:U_core|nios_system:U_nios_system|axi_ad9361:axi_ad9361_0|axi_ad9361_rx:i_rx|axi_ad9361_rx_channel:i_rx_channel_0|up_adc_channel:i_up_adc_channel|up_xfer_cntrl:i_xfer_cntrl|up_xfer_data[3]
                Info (332115):      1.789      0.000 FF  CELL  U_core|U_nios_system|axi_ad9361_0|i_rx|i_rx_channel_0|i_up_adc_channel|i_xfer_cntrl|up_xfer_data[3]|q
                Info (332115):      2.293      0.504 FF    IC  U_core|U_nios_system|axi_ad9361_0|i_rx|i_rx_channel_0|i_up_adc_channel|i_xfer_cntrl|d_data_cntrl[3]|asdata
                Info (332115):      2.662      0.369 FF  CELL  bladerf_core:U_core|nios_system:U_nios_system|axi_ad9361:axi_ad9361_0|axi_ad9361_rx:i_rx|axi_ad9361_rx_channel:i_rx_channel_0|up_adc_channel:i_up_adc_channel|up_xfer_cntrl:i_xfer_cntrl|d_data_cntrl[3]
                Info (332115): Clock Arrival Path:
                Info (332115): Total (ns)  Incr (ns)     Type  Element
                Info (332115): ==========  ========= ==  ====  ===================================
                Info (332115):      6.317      6.317  R        clock network delay
                Info (332115):      6.477      0.160           clock uncertainty
                Info (332115):      6.477      0.000      uTh  bladerf_core:U_core|nios_system:U_nios_system|axi_ad9361:axi_ad9361_0|axi_ad9361_rx:i_rx|axi_ad9361_rx_channel:i_rx_channel_0|up_adc_channel:i_up_adc_channel|up_xfer_cntrl:i_xfer_cntrl|d_data_cntrl[3]
            Info (332181): Cross Path Clock Pessimism Removed : 2.771
            Info (332181): Required Skew   : 6.400
            Info (332181): Actual Skew     : 1.480
            Info (332181): Slack           : 4.920
        Info (332181): Path #120: Slack is 4.934 
            Info (332181): Latest Path Arrival
                Info (332115): From Node          : bladerf_core:U_core|nios_system:U_nios_system|axi_ad9361:axi_ad9361_0|axi_ad9361_rx:i_rx|axi_ad9361_rx_channel:i_rx_channel_0|up_adc_channel:i_up_adc_channel|up_xfer_cntrl:i_xfer_cntrl|up_xfer_data[59]
                Info (332115): To Node            : bladerf_core:U_core|nios_system:U_nios_system|axi_ad9361:axi_ad9361_0|axi_ad9361_rx:i_rx|axi_ad9361_rx_channel:i_rx_channel_0|up_adc_channel:i_up_adc_channel|up_xfer_cntrl:i_xfer_cntrl|d_data_cntrl[59]
                Info (332115): Launch Clock       : U_core|U_system_pll|altera_pll_i|general[0].gpll~PLL_OUTPUT_COUNTER|divclk
                Info (332115): Latch Clock        : U_core|U_nios_system|axi_ad9361_0|i_dev_if|i_rx|i_altlvds_rx|auto_generated|pll_sclk~PLL_OUTPUT_COUNTER|divclk
                Info (332115): Data Arrival Time  : 5.031
                Info (332115): Clock Arrival Time : 4.595
                Info (332115): Relative Delay     : 0.436
                Info (332115): Data Arrival Path:
                Info (332115): Total (ns)  Incr (ns)     Type  Element
                Info (332115): ==========  ========= ==  ====  ===================================
                Info (332115):      3.328      3.328  R        clock network delay
                Info (332115):      3.328      0.000     uTco  bladerf_core:U_core|nios_system:U_nios_system|axi_ad9361:axi_ad9361_0|axi_ad9361_rx:i_rx|axi_ad9361_rx_channel:i_rx_channel_0|up_adc_channel:i_up_adc_channel|up_xfer_cntrl:i_xfer_cntrl|up_xfer_data[59]
                Info (332115):      3.328      0.000 RR  CELL  U_core|U_nios_system|axi_ad9361_0|i_rx|i_rx_channel_0|i_up_adc_channel|i_xfer_cntrl|up_xfer_data[59]|q
                Info (332115):      4.052      0.724 RR    IC  U_core|U_nios_system|axi_ad9361_0|i_rx|i_rx_channel_0|i_up_adc_channel|i_xfer_cntrl|d_data_cntrl[59]~feeder|dataa
                Info (332115):      4.725      0.673 RR  CELL  U_core|U_nios_system|axi_ad9361_0|i_rx|i_rx_channel_0|i_up_adc_channel|i_xfer_cntrl|d_data_cntrl[59]~feeder|combout
                Info (332115):      4.725      0.000 RR    IC  U_core|U_nios_system|axi_ad9361_0|i_rx|i_rx_channel_0|i_up_adc_channel|i_xfer_cntrl|d_data_cntrl[59]|d
                Info (332115):      5.031      0.306 RR  CELL  bladerf_core:U_core|nios_system:U_nios_system|axi_ad9361:axi_ad9361_0|axi_ad9361_rx:i_rx|axi_ad9361_rx_channel:i_rx_channel_0|up_adc_channel:i_up_adc_channel|up_xfer_cntrl:i_xfer_cntrl|d_data_cntrl[59]
                Info (332115): Clock Arrival Path:
                Info (332115): Total (ns)  Incr (ns)     Type  Element
                Info (332115): ==========  ========= ==  ====  ===================================
                Info (332115):      4.755      4.755  R        clock network delay
                Info (332115):      4.595     -0.160           clock uncertainty
                Info (332115):      4.595      0.000     uTsu  bladerf_core:U_core|nios_system:U_nios_system|axi_ad9361:axi_ad9361_0|axi_ad9361_rx:i_rx|axi_ad9361_rx_channel:i_rx_channel_0|up_adc_channel:i_up_adc_channel|up_xfer_cntrl:i_xfer_cntrl|d_data_cntrl[59]
            Info (332181): Earliest Path Arrival
                Info (332115): From Node          : bladerf_core:U_core|nios_system:U_nios_system|axi_ad9361:axi_ad9361_0|axi_ad9361_rx:i_rx|axi_ad9361_rx_channel:i_rx_channel_0|up_adc_channel:i_up_adc_channel|up_xfer_cntrl:i_xfer_cntrl|up_xfer_data[6]
                Info (332115): To Node            : bladerf_core:U_core|nios_system:U_nios_system|axi_ad9361:axi_ad9361_0|axi_ad9361_rx:i_rx|axi_ad9361_rx_channel:i_rx_channel_0|up_adc_channel:i_up_adc_channel|up_xfer_cntrl:i_xfer_cntrl|d_data_cntrl[6]
                Info (332115): Launch Clock       : U_core|U_system_pll|altera_pll_i|general[0].gpll~PLL_OUTPUT_COUNTER|divclk
                Info (332115): Latch Clock        : U_core|U_nios_system|axi_ad9361_0|i_dev_if|i_rx|i_altlvds_rx|auto_generated|pll_sclk~PLL_OUTPUT_COUNTER|divclk
                Info (332115): Data Arrival Time  : 2.699
                Info (332115): Clock Arrival Time : 6.500
                Info (332115): Relative Delay     : -3.801
                Info (332115): Data Arrival Path:
                Info (332115): Total (ns)  Incr (ns)     Type  Element
                Info (332115): ==========  ========= ==  ====  ===================================
                Info (332115):      1.779      1.779  R        clock network delay
                Info (332115):      1.779      0.000     uTco  bladerf_core:U_core|nios_system:U_nios_system|axi_ad9361:axi_ad9361_0|axi_ad9361_rx:i_rx|axi_ad9361_rx_channel:i_rx_channel_0|up_adc_channel:i_up_adc_channel|up_xfer_cntrl:i_xfer_cntrl|up_xfer_data[6]
                Info (332115):      1.779      0.000 RR  CELL  U_core|U_nios_system|axi_ad9361_0|i_rx|i_rx_channel_0|i_up_adc_channel|i_xfer_cntrl|up_xfer_data[6]|q
                Info (332115):      2.364      0.585 RR    IC  U_core|U_nios_system|axi_ad9361_0|i_rx|i_rx_channel_0|i_up_adc_channel|i_xfer_cntrl|d_data_cntrl[6]|asdata
                Info (332115):      2.699      0.335 RR  CELL  bladerf_core:U_core|nios_system:U_nios_system|axi_ad9361:axi_ad9361_0|axi_ad9361_rx:i_rx|axi_ad9361_rx_channel:i_rx_channel_0|up_adc_channel:i_up_adc_channel|up_xfer_cntrl:i_xfer_cntrl|d_data_cntrl[6]
                Info (332115): Clock Arrival Path:
                Info (332115): Total (ns)  Incr (ns)     Type  Element
                Info (332115): ==========  ========= ==  ====  ===================================
                Info (332115):      6.340      6.340  R        clock network delay
                Info (332115):      6.500      0.160           clock uncertainty
                Info (332115):      6.500      0.000      uTh  bladerf_core:U_core|nios_system:U_nios_system|axi_ad9361:axi_ad9361_0|axi_ad9361_rx:i_rx|axi_ad9361_rx_channel:i_rx_channel_0|up_adc_channel:i_up_adc_channel|up_xfer_cntrl:i_xfer_cntrl|d_data_cntrl[6]
            Info (332181): Cross Path Clock Pessimism Removed : 2.771
            Info (332181): Required Skew   : 6.400
            Info (332181): Actual Skew     : 1.466
            Info (332181): Slack           : 4.934
Info (332115): Worst-case slack is 4.907 for "set_max_skew -from [get_keepers {*axi_ad9361_rx_channel:i_rx_channel_3|up_adc_channel:i_up_adc_channel|up_xfer_cntrl:i_xfer_cntrl|up_xfer_data[*]}] -to [get_keepers {*axi_ad9361_rx_channel:i_rx_channel_3|up_adc_channel:i_up_adc_channel|up_xfer_cntrl:i_xfer_cntrl|d_data_cntrl[*]}] 6.400 "
    Info (332181): Skew for the Latest Arrival
        Info (332181): Path #121: Slack is 4.907 
            Info (332181): Latest Path Arrival
                Info (332115): From Node          : bladerf_core:U_core|nios_system:U_nios_system|axi_ad9361:axi_ad9361_0|axi_ad9361_rx:i_rx|axi_ad9361_rx_channel:i_rx_channel_3|up_adc_channel:i_up_adc_channel|up_xfer_cntrl:i_xfer_cntrl|up_xfer_data[23]
                Info (332115): To Node            : bladerf_core:U_core|nios_system:U_nios_system|axi_ad9361:axi_ad9361_0|axi_ad9361_rx:i_rx|axi_ad9361_rx_channel:i_rx_channel_3|up_adc_channel:i_up_adc_channel|up_xfer_cntrl:i_xfer_cntrl|d_data_cntrl[23]
                Info (332115): Launch Clock       : U_core|U_system_pll|altera_pll_i|general[0].gpll~PLL_OUTPUT_COUNTER|divclk
                Info (332115): Latch Clock        : U_core|U_nios_system|axi_ad9361_0|i_dev_if|i_rx|i_altlvds_rx|auto_generated|pll_sclk~PLL_OUTPUT_COUNTER|divclk
                Info (332115): Data Arrival Time  : 5.003
                Info (332115): Clock Arrival Time : 4.580
                Info (332115): Relative Delay     : 0.423
                Info (332115): Data Arrival Path:
                Info (332115): Total (ns)  Incr (ns)     Type  Element
                Info (332115): ==========  ========= ==  ====  ===================================
                Info (332115):      3.289      3.289  R        clock network delay
                Info (332115):      3.289      0.000     uTco  bladerf_core:U_core|nios_system:U_nios_system|axi_ad9361:axi_ad9361_0|axi_ad9361_rx:i_rx|axi_ad9361_rx_channel:i_rx_channel_3|up_adc_channel:i_up_adc_channel|up_xfer_cntrl:i_xfer_cntrl|up_xfer_data[23]
                Info (332115):      3.289      0.000 RR  CELL  U_core|U_nios_system|axi_ad9361_0|i_rx|i_rx_channel_3|i_up_adc_channel|i_xfer_cntrl|up_xfer_data[23]|q
                Info (332115):      4.050      0.761 RR    IC  U_core|U_nios_system|axi_ad9361_0|i_rx|i_rx_channel_3|i_up_adc_channel|i_xfer_cntrl|d_data_cntrl[23]~feeder|datab
                Info (332115):      4.699      0.649 RR  CELL  U_core|U_nios_system|axi_ad9361_0|i_rx|i_rx_channel_3|i_up_adc_channel|i_xfer_cntrl|d_data_cntrl[23]~feeder|combout
                Info (332115):      4.699      0.000 RR    IC  U_core|U_nios_system|axi_ad9361_0|i_rx|i_rx_channel_3|i_up_adc_channel|i_xfer_cntrl|d_data_cntrl[23]|d
                Info (332115):      5.003      0.304 RR  CELL  bladerf_core:U_core|nios_system:U_nios_system|axi_ad9361:axi_ad9361_0|axi_ad9361_rx:i_rx|axi_ad9361_rx_channel:i_rx_channel_3|up_adc_channel:i_up_adc_channel|up_xfer_cntrl:i_xfer_cntrl|d_data_cntrl[23]
                Info (332115): Clock Arrival Path:
                Info (332115): Total (ns)  Incr (ns)     Type  Element
                Info (332115): ==========  ========= ==  ====  ===================================
                Info (332115):      4.740      4.740  R        clock network delay
                Info (332115):      4.580     -0.160           clock uncertainty
                Info (332115):      4.580      0.000     uTsu  bladerf_core:U_core|nios_system:U_nios_system|axi_ad9361:axi_ad9361_0|axi_ad9361_rx:i_rx|axi_ad9361_rx_channel:i_rx_channel_3|up_adc_channel:i_up_adc_channel|up_xfer_cntrl:i_xfer_cntrl|d_data_cntrl[23]
            Info (332181): Earliest Path Arrival
                Info (332115): From Node          : bladerf_core:U_core|nios_system:U_nios_system|axi_ad9361:axi_ad9361_0|axi_ad9361_rx:i_rx|axi_ad9361_rx_channel:i_rx_channel_3|up_adc_channel:i_up_adc_channel|up_xfer_cntrl:i_xfer_cntrl|up_xfer_data[60]
                Info (332115): To Node            : bladerf_core:U_core|nios_system:U_nios_system|axi_ad9361:axi_ad9361_0|axi_ad9361_rx:i_rx|axi_ad9361_rx_channel:i_rx_channel_3|up_adc_channel:i_up_adc_channel|up_xfer_cntrl:i_xfer_cntrl|d_data_cntrl[60]
                Info (332115): Launch Clock       : U_core|U_system_pll|altera_pll_i|general[0].gpll~PLL_OUTPUT_COUNTER|divclk
                Info (332115): Latch Clock        : U_core|U_nios_system|axi_ad9361_0|i_dev_if|i_rx|i_altlvds_rx|auto_generated|pll_sclk~PLL_OUTPUT_COUNTER|divclk
                Info (332115): Data Arrival Time  : 2.598
                Info (332115): Clock Arrival Time : 6.496
                Info (332115): Relative Delay     : -3.898
                Info (332115): Data Arrival Path:
                Info (332115): Total (ns)  Incr (ns)     Type  Element
                Info (332115): ==========  ========= ==  ====  ===================================
                Info (332115):      1.743      1.743  R        clock network delay
                Info (332115):      1.743      0.000     uTco  bladerf_core:U_core|nios_system:U_nios_system|axi_ad9361:axi_ad9361_0|axi_ad9361_rx:i_rx|axi_ad9361_rx_channel:i_rx_channel_3|up_adc_channel:i_up_adc_channel|up_xfer_cntrl:i_xfer_cntrl|up_xfer_data[60]
                Info (332115):      1.743      0.000 FF  CELL  U_core|U_nios_system|axi_ad9361_0|i_rx|i_rx_channel_3|i_up_adc_channel|i_xfer_cntrl|up_xfer_data[60]|q
                Info (332115):      1.996      0.253 FF    IC  U_core|U_nios_system|axi_ad9361_0|i_rx|i_rx_channel_3|i_up_adc_channel|i_xfer_cntrl|d_data_cntrl[60]~feeder|datab
                Info (332115):      2.516      0.520 FF  CELL  U_core|U_nios_system|axi_ad9361_0|i_rx|i_rx_channel_3|i_up_adc_channel|i_xfer_cntrl|d_data_cntrl[60]~feeder|combout
                Info (332115):      2.516      0.000 FF    IC  U_core|U_nios_system|axi_ad9361_0|i_rx|i_rx_channel_3|i_up_adc_channel|i_xfer_cntrl|d_data_cntrl[60]|d
                Info (332115):      2.598      0.082 FF  CELL  bladerf_core:U_core|nios_system:U_nios_system|axi_ad9361:axi_ad9361_0|axi_ad9361_rx:i_rx|axi_ad9361_rx_channel:i_rx_channel_3|up_adc_channel:i_up_adc_channel|up_xfer_cntrl:i_xfer_cntrl|d_data_cntrl[60]
                Info (332115): Clock Arrival Path:
                Info (332115): Total (ns)  Incr (ns)     Type  Element
                Info (332115): ==========  ========= ==  ====  ===================================
                Info (332115):      6.336      6.336  R        clock network delay
                Info (332115):      6.496      0.160           clock uncertainty
                Info (332115):      6.496      0.000      uTh  bladerf_core:U_core|nios_system:U_nios_system|axi_ad9361:axi_ad9361_0|axi_ad9361_rx:i_rx|axi_ad9361_rx_channel:i_rx_channel_3|up_adc_channel:i_up_adc_channel|up_xfer_cntrl:i_xfer_cntrl|d_data_cntrl[60]
            Info (332181): Cross Path Clock Pessimism Removed : 2.828
            Info (332181): Required Skew   : 6.400
            Info (332181): Actual Skew     : 1.493
            Info (332181): Slack           : 4.907
        Info (332181): Path #122: Slack is 4.927 
            Info (332181): Latest Path Arrival
                Info (332115): From Node          : bladerf_core:U_core|nios_system:U_nios_system|axi_ad9361:axi_ad9361_0|axi_ad9361_rx:i_rx|axi_ad9361_rx_channel:i_rx_channel_3|up_adc_channel:i_up_adc_channel|up_xfer_cntrl:i_xfer_cntrl|up_xfer_data[31]
                Info (332115): To Node            : bladerf_core:U_core|nios_system:U_nios_system|axi_ad9361:axi_ad9361_0|axi_ad9361_rx:i_rx|axi_ad9361_rx_channel:i_rx_channel_3|up_adc_channel:i_up_adc_channel|up_xfer_cntrl:i_xfer_cntrl|d_data_cntrl[31]
                Info (332115): Launch Clock       : U_core|U_system_pll|altera_pll_i|general[0].gpll~PLL_OUTPUT_COUNTER|divclk
                Info (332115): Latch Clock        : U_core|U_nios_system|axi_ad9361_0|i_dev_if|i_rx|i_altlvds_rx|auto_generated|pll_sclk~PLL_OUTPUT_COUNTER|divclk
                Info (332115): Data Arrival Time  : 4.982
                Info (332115): Clock Arrival Time : 4.579
                Info (332115): Relative Delay     : 0.403
                Info (332115): Data Arrival Path:
                Info (332115): Total (ns)  Incr (ns)     Type  Element
                Info (332115): ==========  ========= ==  ====  ===================================
                Info (332115):      3.291      3.291  R        clock network delay
                Info (332115):      3.291      0.000     uTco  bladerf_core:U_core|nios_system:U_nios_system|axi_ad9361:axi_ad9361_0|axi_ad9361_rx:i_rx|axi_ad9361_rx_channel:i_rx_channel_3|up_adc_channel:i_up_adc_channel|up_xfer_cntrl:i_xfer_cntrl|up_xfer_data[31]
                Info (332115):      3.291      0.000 FF  CELL  U_core|U_nios_system|axi_ad9361_0|i_rx|i_rx_channel_3|i_up_adc_channel|i_xfer_cntrl|up_xfer_data[31]|q
                Info (332115):      4.258      0.967 FF    IC  U_core|U_nios_system|axi_ad9361_0|i_rx|i_rx_channel_3|i_up_adc_channel|i_xfer_cntrl|d_data_cntrl[31]|asdata
                Info (332115):      4.982      0.724 FF  CELL  bladerf_core:U_core|nios_system:U_nios_system|axi_ad9361:axi_ad9361_0|axi_ad9361_rx:i_rx|axi_ad9361_rx_channel:i_rx_channel_3|up_adc_channel:i_up_adc_channel|up_xfer_cntrl:i_xfer_cntrl|d_data_cntrl[31]
                Info (332115): Clock Arrival Path:
                Info (332115): Total (ns)  Incr (ns)     Type  Element
                Info (332115): ==========  ========= ==  ====  ===================================
                Info (332115):      4.739      4.739  R        clock network delay
                Info (332115):      4.579     -0.160           clock uncertainty
                Info (332115):      4.579      0.000     uTsu  bladerf_core:U_core|nios_system:U_nios_system|axi_ad9361:axi_ad9361_0|axi_ad9361_rx:i_rx|axi_ad9361_rx_channel:i_rx_channel_3|up_adc_channel:i_up_adc_channel|up_xfer_cntrl:i_xfer_cntrl|d_data_cntrl[31]
            Info (332181): Earliest Path Arrival
                Info (332115): From Node          : bladerf_core:U_core|nios_system:U_nios_system|axi_ad9361:axi_ad9361_0|axi_ad9361_rx:i_rx|axi_ad9361_rx_channel:i_rx_channel_3|up_adc_channel:i_up_adc_channel|up_xfer_cntrl:i_xfer_cntrl|up_xfer_data[60]
                Info (332115): To Node            : bladerf_core:U_core|nios_system:U_nios_system|axi_ad9361:axi_ad9361_0|axi_ad9361_rx:i_rx|axi_ad9361_rx_channel:i_rx_channel_3|up_adc_channel:i_up_adc_channel|up_xfer_cntrl:i_xfer_cntrl|d_data_cntrl[60]
                Info (332115): Launch Clock       : U_core|U_system_pll|altera_pll_i|general[0].gpll~PLL_OUTPUT_COUNTER|divclk
                Info (332115): Latch Clock        : U_core|U_nios_system|axi_ad9361_0|i_dev_if|i_rx|i_altlvds_rx|auto_generated|pll_sclk~PLL_OUTPUT_COUNTER|divclk
                Info (332115): Data Arrival Time  : 2.598
                Info (332115): Clock Arrival Time : 6.496
                Info (332115): Relative Delay     : -3.898
                Info (332115): Data Arrival Path:
                Info (332115): Total (ns)  Incr (ns)     Type  Element
                Info (332115): ==========  ========= ==  ====  ===================================
                Info (332115):      1.743      1.743  R        clock network delay
                Info (332115):      1.743      0.000     uTco  bladerf_core:U_core|nios_system:U_nios_system|axi_ad9361:axi_ad9361_0|axi_ad9361_rx:i_rx|axi_ad9361_rx_channel:i_rx_channel_3|up_adc_channel:i_up_adc_channel|up_xfer_cntrl:i_xfer_cntrl|up_xfer_data[60]
                Info (332115):      1.743      0.000 FF  CELL  U_core|U_nios_system|axi_ad9361_0|i_rx|i_rx_channel_3|i_up_adc_channel|i_xfer_cntrl|up_xfer_data[60]|q
                Info (332115):      1.996      0.253 FF    IC  U_core|U_nios_system|axi_ad9361_0|i_rx|i_rx_channel_3|i_up_adc_channel|i_xfer_cntrl|d_data_cntrl[60]~feeder|datab
                Info (332115):      2.516      0.520 FF  CELL  U_core|U_nios_system|axi_ad9361_0|i_rx|i_rx_channel_3|i_up_adc_channel|i_xfer_cntrl|d_data_cntrl[60]~feeder|combout
                Info (332115):      2.516      0.000 FF    IC  U_core|U_nios_system|axi_ad9361_0|i_rx|i_rx_channel_3|i_up_adc_channel|i_xfer_cntrl|d_data_cntrl[60]|d
                Info (332115):      2.598      0.082 FF  CELL  bladerf_core:U_core|nios_system:U_nios_system|axi_ad9361:axi_ad9361_0|axi_ad9361_rx:i_rx|axi_ad9361_rx_channel:i_rx_channel_3|up_adc_channel:i_up_adc_channel|up_xfer_cntrl:i_xfer_cntrl|d_data_cntrl[60]
                Info (332115): Clock Arrival Path:
                Info (332115): Total (ns)  Incr (ns)     Type  Element
                Info (332115): ==========  ========= ==  ====  ===================================
                Info (332115):      6.336      6.336  R        clock network delay
                Info (332115):      6.496      0.160           clock uncertainty
                Info (332115):      6.496      0.000      uTh  bladerf_core:U_core|nios_system:U_nios_system|axi_ad9361:axi_ad9361_0|axi_ad9361_rx:i_rx|axi_ad9361_rx_channel:i_rx_channel_3|up_adc_channel:i_up_adc_channel|up_xfer_cntrl:i_xfer_cntrl|d_data_cntrl[60]
            Info (332181): Cross Path Clock Pessimism Removed : 2.828
            Info (332181): Required Skew   : 6.400
            Info (332181): Actual Skew     : 1.473
            Info (332181): Slack           : 4.927
        Info (332181): Path #123: Slack is 4.935 
            Info (332181): Latest Path Arrival
                Info (332115): From Node          : bladerf_core:U_core|nios_system:U_nios_system|axi_ad9361:axi_ad9361_0|axi_ad9361_rx:i_rx|axi_ad9361_rx_channel:i_rx_channel_3|up_adc_channel:i_up_adc_channel|up_xfer_cntrl:i_xfer_cntrl|up_xfer_data[70]
                Info (332115): To Node            : bladerf_core:U_core|nios_system:U_nios_system|axi_ad9361:axi_ad9361_0|axi_ad9361_rx:i_rx|axi_ad9361_rx_channel:i_rx_channel_3|up_adc_channel:i_up_adc_channel|up_xfer_cntrl:i_xfer_cntrl|d_data_cntrl[70]
                Info (332115): Launch Clock       : U_core|U_system_pll|altera_pll_i|general[0].gpll~PLL_OUTPUT_COUNTER|divclk
                Info (332115): Latch Clock        : U_core|U_nios_system|axi_ad9361_0|i_dev_if|i_rx|i_altlvds_rx|auto_generated|pll_sclk~PLL_OUTPUT_COUNTER|divclk
                Info (332115): Data Arrival Time  : 4.957
                Info (332115): Clock Arrival Time : 4.562
                Info (332115): Relative Delay     : 0.395
                Info (332115): Data Arrival Path:
                Info (332115): Total (ns)  Incr (ns)     Type  Element
                Info (332115): ==========  ========= ==  ====  ===================================
                Info (332115):      3.284      3.284  R        clock network delay
                Info (332115):      3.284      0.000     uTco  bladerf_core:U_core|nios_system:U_nios_system|axi_ad9361:axi_ad9361_0|axi_ad9361_rx:i_rx|axi_ad9361_rx_channel:i_rx_channel_3|up_adc_channel:i_up_adc_channel|up_xfer_cntrl:i_xfer_cntrl|up_xfer_data[70]
                Info (332115):      3.284      0.000 FF  CELL  U_core|U_nios_system|axi_ad9361_0|i_rx|i_rx_channel_3|i_up_adc_channel|i_xfer_cntrl|up_xfer_data[70]|q
                Info (332115):      4.233      0.949 FF    IC  U_core|U_nios_system|axi_ad9361_0|i_rx|i_rx_channel_3|i_up_adc_channel|i_xfer_cntrl|d_data_cntrl[70]|asdata
                Info (332115):      4.957      0.724 FF  CELL  bladerf_core:U_core|nios_system:U_nios_system|axi_ad9361:axi_ad9361_0|axi_ad9361_rx:i_rx|axi_ad9361_rx_channel:i_rx_channel_3|up_adc_channel:i_up_adc_channel|up_xfer_cntrl:i_xfer_cntrl|d_data_cntrl[70]
                Info (332115): Clock Arrival Path:
                Info (332115): Total (ns)  Incr (ns)     Type  Element
                Info (332115): ==========  ========= ==  ====  ===================================
                Info (332115):      4.722      4.722  R        clock network delay
                Info (332115):      4.562     -0.160           clock uncertainty
                Info (332115):      4.562      0.000     uTsu  bladerf_core:U_core|nios_system:U_nios_system|axi_ad9361:axi_ad9361_0|axi_ad9361_rx:i_rx|axi_ad9361_rx_channel:i_rx_channel_3|up_adc_channel:i_up_adc_channel|up_xfer_cntrl:i_xfer_cntrl|d_data_cntrl[70]
            Info (332181): Earliest Path Arrival
                Info (332115): From Node          : bladerf_core:U_core|nios_system:U_nios_system|axi_ad9361:axi_ad9361_0|axi_ad9361_rx:i_rx|axi_ad9361_rx_channel:i_rx_channel_3|up_adc_channel:i_up_adc_channel|up_xfer_cntrl:i_xfer_cntrl|up_xfer_data[60]
                Info (332115): To Node            : bladerf_core:U_core|nios_system:U_nios_system|axi_ad9361:axi_ad9361_0|axi_ad9361_rx:i_rx|axi_ad9361_rx_channel:i_rx_channel_3|up_adc_channel:i_up_adc_channel|up_xfer_cntrl:i_xfer_cntrl|d_data_cntrl[60]
                Info (332115): Launch Clock       : U_core|U_system_pll|altera_pll_i|general[0].gpll~PLL_OUTPUT_COUNTER|divclk
                Info (332115): Latch Clock        : U_core|U_nios_system|axi_ad9361_0|i_dev_if|i_rx|i_altlvds_rx|auto_generated|pll_sclk~PLL_OUTPUT_COUNTER|divclk
                Info (332115): Data Arrival Time  : 2.598
                Info (332115): Clock Arrival Time : 6.496
                Info (332115): Relative Delay     : -3.898
                Info (332115): Data Arrival Path:
                Info (332115): Total (ns)  Incr (ns)     Type  Element
                Info (332115): ==========  ========= ==  ====  ===================================
                Info (332115):      1.743      1.743  R        clock network delay
                Info (332115):      1.743      0.000     uTco  bladerf_core:U_core|nios_system:U_nios_system|axi_ad9361:axi_ad9361_0|axi_ad9361_rx:i_rx|axi_ad9361_rx_channel:i_rx_channel_3|up_adc_channel:i_up_adc_channel|up_xfer_cntrl:i_xfer_cntrl|up_xfer_data[60]
                Info (332115):      1.743      0.000 FF  CELL  U_core|U_nios_system|axi_ad9361_0|i_rx|i_rx_channel_3|i_up_adc_channel|i_xfer_cntrl|up_xfer_data[60]|q
                Info (332115):      1.996      0.253 FF    IC  U_core|U_nios_system|axi_ad9361_0|i_rx|i_rx_channel_3|i_up_adc_channel|i_xfer_cntrl|d_data_cntrl[60]~feeder|datab
                Info (332115):      2.516      0.520 FF  CELL  U_core|U_nios_system|axi_ad9361_0|i_rx|i_rx_channel_3|i_up_adc_channel|i_xfer_cntrl|d_data_cntrl[60]~feeder|combout
                Info (332115):      2.516      0.000 FF    IC  U_core|U_nios_system|axi_ad9361_0|i_rx|i_rx_channel_3|i_up_adc_channel|i_xfer_cntrl|d_data_cntrl[60]|d
                Info (332115):      2.598      0.082 FF  CELL  bladerf_core:U_core|nios_system:U_nios_system|axi_ad9361:axi_ad9361_0|axi_ad9361_rx:i_rx|axi_ad9361_rx_channel:i_rx_channel_3|up_adc_channel:i_up_adc_channel|up_xfer_cntrl:i_xfer_cntrl|d_data_cntrl[60]
                Info (332115): Clock Arrival Path:
                Info (332115): Total (ns)  Incr (ns)     Type  Element
                Info (332115): ==========  ========= ==  ====  ===================================
                Info (332115):      6.336      6.336  R        clock network delay
                Info (332115):      6.496      0.160           clock uncertainty
                Info (332115):      6.496      0.000      uTh  bladerf_core:U_core|nios_system:U_nios_system|axi_ad9361:axi_ad9361_0|axi_ad9361_rx:i_rx|axi_ad9361_rx_channel:i_rx_channel_3|up_adc_channel:i_up_adc_channel|up_xfer_cntrl:i_xfer_cntrl|d_data_cntrl[60]
            Info (332181): Cross Path Clock Pessimism Removed : 2.828
            Info (332181): Required Skew   : 6.400
            Info (332181): Actual Skew     : 1.465
            Info (332181): Slack           : 4.935
        Info (332181): Path #124: Slack is 4.949 
            Info (332181): Latest Path Arrival
                Info (332115): From Node          : bladerf_core:U_core|nios_system:U_nios_system|axi_ad9361:axi_ad9361_0|axi_ad9361_rx:i_rx|axi_ad9361_rx_channel:i_rx_channel_3|up_adc_channel:i_up_adc_channel|up_xfer_cntrl:i_xfer_cntrl|up_xfer_data[75]
                Info (332115): To Node            : bladerf_core:U_core|nios_system:U_nios_system|axi_ad9361:axi_ad9361_0|axi_ad9361_rx:i_rx|axi_ad9361_rx_channel:i_rx_channel_3|up_adc_channel:i_up_adc_channel|up_xfer_cntrl:i_xfer_cntrl|d_data_cntrl[75]
                Info (332115): Launch Clock       : U_core|U_system_pll|altera_pll_i|general[0].gpll~PLL_OUTPUT_COUNTER|divclk
                Info (332115): Latch Clock        : U_core|U_nios_system|axi_ad9361_0|i_dev_if|i_rx|i_altlvds_rx|auto_generated|pll_sclk~PLL_OUTPUT_COUNTER|divclk
                Info (332115): Data Arrival Time  : 4.961
                Info (332115): Clock Arrival Time : 4.577
                Info (332115): Relative Delay     : 0.384
                Info (332115): Data Arrival Path:
                Info (332115): Total (ns)  Incr (ns)     Type  Element
                Info (332115): ==========  ========= ==  ====  ===================================
                Info (332115):      3.285      3.285  R        clock network delay
                Info (332115):      3.285      0.000     uTco  bladerf_core:U_core|nios_system:U_nios_system|axi_ad9361:axi_ad9361_0|axi_ad9361_rx:i_rx|axi_ad9361_rx_channel:i_rx_channel_3|up_adc_channel:i_up_adc_channel|up_xfer_cntrl:i_xfer_cntrl|up_xfer_data[75]
                Info (332115):      3.285      0.000 RR  CELL  U_core|U_nios_system|axi_ad9361_0|i_rx|i_rx_channel_3|i_up_adc_channel|i_xfer_cntrl|up_xfer_data[75]|q
                Info (332115):      3.976      0.691 RR    IC  U_core|U_nios_system|axi_ad9361_0|i_rx|i_rx_channel_3|i_up_adc_channel|i_xfer_cntrl|d_data_cntrl[75]~feeder|dataa
                Info (332115):      4.657      0.681 RR  CELL  U_core|U_nios_system|axi_ad9361_0|i_rx|i_rx_channel_3|i_up_adc_channel|i_xfer_cntrl|d_data_cntrl[75]~feeder|combout
                Info (332115):      4.657      0.000 RR    IC  U_core|U_nios_system|axi_ad9361_0|i_rx|i_rx_channel_3|i_up_adc_channel|i_xfer_cntrl|d_data_cntrl[75]|d
                Info (332115):      4.961      0.304 RR  CELL  bladerf_core:U_core|nios_system:U_nios_system|axi_ad9361:axi_ad9361_0|axi_ad9361_rx:i_rx|axi_ad9361_rx_channel:i_rx_channel_3|up_adc_channel:i_up_adc_channel|up_xfer_cntrl:i_xfer_cntrl|d_data_cntrl[75]
                Info (332115): Clock Arrival Path:
                Info (332115): Total (ns)  Incr (ns)     Type  Element
                Info (332115): ==========  ========= ==  ====  ===================================
                Info (332115):      4.737      4.737  R        clock network delay
                Info (332115):      4.577     -0.160           clock uncertainty
                Info (332115):      4.577      0.000     uTsu  bladerf_core:U_core|nios_system:U_nios_system|axi_ad9361:axi_ad9361_0|axi_ad9361_rx:i_rx|axi_ad9361_rx_channel:i_rx_channel_3|up_adc_channel:i_up_adc_channel|up_xfer_cntrl:i_xfer_cntrl|d_data_cntrl[75]
            Info (332181): Earliest Path Arrival
                Info (332115): From Node          : bladerf_core:U_core|nios_system:U_nios_system|axi_ad9361:axi_ad9361_0|axi_ad9361_rx:i_rx|axi_ad9361_rx_channel:i_rx_channel_3|up_adc_channel:i_up_adc_channel|up_xfer_cntrl:i_xfer_cntrl|up_xfer_data[21]
                Info (332115): To Node            : bladerf_core:U_core|nios_system:U_nios_system|axi_ad9361:axi_ad9361_0|axi_ad9361_rx:i_rx|axi_ad9361_rx_channel:i_rx_channel_3|up_adc_channel:i_up_adc_channel|up_xfer_cntrl:i_xfer_cntrl|d_data_cntrl[21]
                Info (332115): Launch Clock       : U_core|U_system_pll|altera_pll_i|general[0].gpll~PLL_OUTPUT_COUNTER|divclk
                Info (332115): Latch Clock        : U_core|U_nios_system|axi_ad9361_0|i_dev_if|i_rx|i_altlvds_rx|auto_generated|pll_sclk~PLL_OUTPUT_COUNTER|divclk
                Info (332115): Data Arrival Time  : 2.596
                Info (332115): Clock Arrival Time : 6.491
                Info (332115): Relative Delay     : -3.895
                Info (332115): Data Arrival Path:
                Info (332115): Total (ns)  Incr (ns)     Type  Element
                Info (332115): ==========  ========= ==  ====  ===================================
                Info (332115):      1.754      1.754  R        clock network delay
                Info (332115):      1.754      0.000     uTco  bladerf_core:U_core|nios_system:U_nios_system|axi_ad9361:axi_ad9361_0|axi_ad9361_rx:i_rx|axi_ad9361_rx_channel:i_rx_channel_3|up_adc_channel:i_up_adc_channel|up_xfer_cntrl:i_xfer_cntrl|up_xfer_data[21]
                Info (332115):      1.754      0.000 FF  CELL  U_core|U_nios_system|axi_ad9361_0|i_rx|i_rx_channel_3|i_up_adc_channel|i_xfer_cntrl|up_xfer_data[21]|q
                Info (332115):      2.006      0.252 FF    IC  U_core|U_nios_system|axi_ad9361_0|i_rx|i_rx_channel_3|i_up_adc_channel|i_xfer_cntrl|d_data_cntrl[21]~feeder|dataa
                Info (332115):      2.514      0.508 FF  CELL  U_core|U_nios_system|axi_ad9361_0|i_rx|i_rx_channel_3|i_up_adc_channel|i_xfer_cntrl|d_data_cntrl[21]~feeder|combout
                Info (332115):      2.514      0.000 FF    IC  U_core|U_nios_system|axi_ad9361_0|i_rx|i_rx_channel_3|i_up_adc_channel|i_xfer_cntrl|d_data_cntrl[21]|d
                Info (332115):      2.596      0.082 FF  CELL  bladerf_core:U_core|nios_system:U_nios_system|axi_ad9361:axi_ad9361_0|axi_ad9361_rx:i_rx|axi_ad9361_rx_channel:i_rx_channel_3|up_adc_channel:i_up_adc_channel|up_xfer_cntrl:i_xfer_cntrl|d_data_cntrl[21]
                Info (332115): Clock Arrival Path:
                Info (332115): Total (ns)  Incr (ns)     Type  Element
                Info (332115): ==========  ========= ==  ====  ===================================
                Info (332115):      6.331      6.331  R        clock network delay
                Info (332115):      6.491      0.160           clock uncertainty
                Info (332115):      6.491      0.000      uTh  bladerf_core:U_core|nios_system:U_nios_system|axi_ad9361:axi_ad9361_0|axi_ad9361_rx:i_rx|axi_ad9361_rx_channel:i_rx_channel_3|up_adc_channel:i_up_adc_channel|up_xfer_cntrl:i_xfer_cntrl|d_data_cntrl[21]
            Info (332181): Cross Path Clock Pessimism Removed : 2.828
            Info (332181): Required Skew   : 6.400
            Info (332181): Actual Skew     : 1.451
            Info (332181): Slack           : 4.949
    Info (332181): Skew for the Earliest Arrival
        Info (332181): Path #125: Slack is 4.907 
            Info (332181): Latest Path Arrival
                Info (332115): From Node          : bladerf_core:U_core|nios_system:U_nios_system|axi_ad9361:axi_ad9361_0|axi_ad9361_rx:i_rx|axi_ad9361_rx_channel:i_rx_channel_3|up_adc_channel:i_up_adc_channel|up_xfer_cntrl:i_xfer_cntrl|up_xfer_data[23]
                Info (332115): To Node            : bladerf_core:U_core|nios_system:U_nios_system|axi_ad9361:axi_ad9361_0|axi_ad9361_rx:i_rx|axi_ad9361_rx_channel:i_rx_channel_3|up_adc_channel:i_up_adc_channel|up_xfer_cntrl:i_xfer_cntrl|d_data_cntrl[23]
                Info (332115): Launch Clock       : U_core|U_system_pll|altera_pll_i|general[0].gpll~PLL_OUTPUT_COUNTER|divclk
                Info (332115): Latch Clock        : U_core|U_nios_system|axi_ad9361_0|i_dev_if|i_rx|i_altlvds_rx|auto_generated|pll_sclk~PLL_OUTPUT_COUNTER|divclk
                Info (332115): Data Arrival Time  : 5.003
                Info (332115): Clock Arrival Time : 4.580
                Info (332115): Relative Delay     : 0.423
                Info (332115): Data Arrival Path:
                Info (332115): Total (ns)  Incr (ns)     Type  Element
                Info (332115): ==========  ========= ==  ====  ===================================
                Info (332115):      3.289      3.289  R        clock network delay
                Info (332115):      3.289      0.000     uTco  bladerf_core:U_core|nios_system:U_nios_system|axi_ad9361:axi_ad9361_0|axi_ad9361_rx:i_rx|axi_ad9361_rx_channel:i_rx_channel_3|up_adc_channel:i_up_adc_channel|up_xfer_cntrl:i_xfer_cntrl|up_xfer_data[23]
                Info (332115):      3.289      0.000 RR  CELL  U_core|U_nios_system|axi_ad9361_0|i_rx|i_rx_channel_3|i_up_adc_channel|i_xfer_cntrl|up_xfer_data[23]|q
                Info (332115):      4.050      0.761 RR    IC  U_core|U_nios_system|axi_ad9361_0|i_rx|i_rx_channel_3|i_up_adc_channel|i_xfer_cntrl|d_data_cntrl[23]~feeder|datab
                Info (332115):      4.699      0.649 RR  CELL  U_core|U_nios_system|axi_ad9361_0|i_rx|i_rx_channel_3|i_up_adc_channel|i_xfer_cntrl|d_data_cntrl[23]~feeder|combout
                Info (332115):      4.699      0.000 RR    IC  U_core|U_nios_system|axi_ad9361_0|i_rx|i_rx_channel_3|i_up_adc_channel|i_xfer_cntrl|d_data_cntrl[23]|d
                Info (332115):      5.003      0.304 RR  CELL  bladerf_core:U_core|nios_system:U_nios_system|axi_ad9361:axi_ad9361_0|axi_ad9361_rx:i_rx|axi_ad9361_rx_channel:i_rx_channel_3|up_adc_channel:i_up_adc_channel|up_xfer_cntrl:i_xfer_cntrl|d_data_cntrl[23]
                Info (332115): Clock Arrival Path:
                Info (332115): Total (ns)  Incr (ns)     Type  Element
                Info (332115): ==========  ========= ==  ====  ===================================
                Info (332115):      4.740      4.740  R        clock network delay
                Info (332115):      4.580     -0.160           clock uncertainty
                Info (332115):      4.580      0.000     uTsu  bladerf_core:U_core|nios_system:U_nios_system|axi_ad9361:axi_ad9361_0|axi_ad9361_rx:i_rx|axi_ad9361_rx_channel:i_rx_channel_3|up_adc_channel:i_up_adc_channel|up_xfer_cntrl:i_xfer_cntrl|d_data_cntrl[23]
            Info (332181): Earliest Path Arrival
                Info (332115): From Node          : bladerf_core:U_core|nios_system:U_nios_system|axi_ad9361:axi_ad9361_0|axi_ad9361_rx:i_rx|axi_ad9361_rx_channel:i_rx_channel_3|up_adc_channel:i_up_adc_channel|up_xfer_cntrl:i_xfer_cntrl|up_xfer_data[60]
                Info (332115): To Node            : bladerf_core:U_core|nios_system:U_nios_system|axi_ad9361:axi_ad9361_0|axi_ad9361_rx:i_rx|axi_ad9361_rx_channel:i_rx_channel_3|up_adc_channel:i_up_adc_channel|up_xfer_cntrl:i_xfer_cntrl|d_data_cntrl[60]
                Info (332115): Launch Clock       : U_core|U_system_pll|altera_pll_i|general[0].gpll~PLL_OUTPUT_COUNTER|divclk
                Info (332115): Latch Clock        : U_core|U_nios_system|axi_ad9361_0|i_dev_if|i_rx|i_altlvds_rx|auto_generated|pll_sclk~PLL_OUTPUT_COUNTER|divclk
                Info (332115): Data Arrival Time  : 2.598
                Info (332115): Clock Arrival Time : 6.496
                Info (332115): Relative Delay     : -3.898
                Info (332115): Data Arrival Path:
                Info (332115): Total (ns)  Incr (ns)     Type  Element
                Info (332115): ==========  ========= ==  ====  ===================================
                Info (332115):      1.743      1.743  R        clock network delay
                Info (332115):      1.743      0.000     uTco  bladerf_core:U_core|nios_system:U_nios_system|axi_ad9361:axi_ad9361_0|axi_ad9361_rx:i_rx|axi_ad9361_rx_channel:i_rx_channel_3|up_adc_channel:i_up_adc_channel|up_xfer_cntrl:i_xfer_cntrl|up_xfer_data[60]
                Info (332115):      1.743      0.000 FF  CELL  U_core|U_nios_system|axi_ad9361_0|i_rx|i_rx_channel_3|i_up_adc_channel|i_xfer_cntrl|up_xfer_data[60]|q
                Info (332115):      1.996      0.253 FF    IC  U_core|U_nios_system|axi_ad9361_0|i_rx|i_rx_channel_3|i_up_adc_channel|i_xfer_cntrl|d_data_cntrl[60]~feeder|datab
                Info (332115):      2.516      0.520 FF  CELL  U_core|U_nios_system|axi_ad9361_0|i_rx|i_rx_channel_3|i_up_adc_channel|i_xfer_cntrl|d_data_cntrl[60]~feeder|combout
                Info (332115):      2.516      0.000 FF    IC  U_core|U_nios_system|axi_ad9361_0|i_rx|i_rx_channel_3|i_up_adc_channel|i_xfer_cntrl|d_data_cntrl[60]|d
                Info (332115):      2.598      0.082 FF  CELL  bladerf_core:U_core|nios_system:U_nios_system|axi_ad9361:axi_ad9361_0|axi_ad9361_rx:i_rx|axi_ad9361_rx_channel:i_rx_channel_3|up_adc_channel:i_up_adc_channel|up_xfer_cntrl:i_xfer_cntrl|d_data_cntrl[60]
                Info (332115): Clock Arrival Path:
                Info (332115): Total (ns)  Incr (ns)     Type  Element
                Info (332115): ==========  ========= ==  ====  ===================================
                Info (332115):      6.336      6.336  R        clock network delay
                Info (332115):      6.496      0.160           clock uncertainty
                Info (332115):      6.496      0.000      uTh  bladerf_core:U_core|nios_system:U_nios_system|axi_ad9361:axi_ad9361_0|axi_ad9361_rx:i_rx|axi_ad9361_rx_channel:i_rx_channel_3|up_adc_channel:i_up_adc_channel|up_xfer_cntrl:i_xfer_cntrl|d_data_cntrl[60]
            Info (332181): Cross Path Clock Pessimism Removed : 2.828
            Info (332181): Required Skew   : 6.400
            Info (332181): Actual Skew     : 1.493
            Info (332181): Slack           : 4.907
        Info (332181): Path #126: Slack is 4.938 
            Info (332181): Latest Path Arrival
                Info (332115): From Node          : bladerf_core:U_core|nios_system:U_nios_system|axi_ad9361:axi_ad9361_0|axi_ad9361_rx:i_rx|axi_ad9361_rx_channel:i_rx_channel_3|up_adc_channel:i_up_adc_channel|up_xfer_cntrl:i_xfer_cntrl|up_xfer_data[70]
                Info (332115): To Node            : bladerf_core:U_core|nios_system:U_nios_system|axi_ad9361:axi_ad9361_0|axi_ad9361_rx:i_rx|axi_ad9361_rx_channel:i_rx_channel_3|up_adc_channel:i_up_adc_channel|up_xfer_cntrl:i_xfer_cntrl|d_data_cntrl[70]
                Info (332115): Launch Clock       : U_core|U_system_pll|altera_pll_i|general[0].gpll~PLL_OUTPUT_COUNTER|divclk
                Info (332115): Latch Clock        : U_core|U_nios_system|axi_ad9361_0|i_dev_if|i_rx|i_altlvds_rx|auto_generated|pll_sclk~PLL_OUTPUT_COUNTER|divclk
                Info (332115): Data Arrival Time  : 4.957
                Info (332115): Clock Arrival Time : 4.562
                Info (332115): Relative Delay     : 0.395
                Info (332115): Data Arrival Path:
                Info (332115): Total (ns)  Incr (ns)     Type  Element
                Info (332115): ==========  ========= ==  ====  ===================================
                Info (332115):      3.284      3.284  R        clock network delay
                Info (332115):      3.284      0.000     uTco  bladerf_core:U_core|nios_system:U_nios_system|axi_ad9361:axi_ad9361_0|axi_ad9361_rx:i_rx|axi_ad9361_rx_channel:i_rx_channel_3|up_adc_channel:i_up_adc_channel|up_xfer_cntrl:i_xfer_cntrl|up_xfer_data[70]
                Info (332115):      3.284      0.000 FF  CELL  U_core|U_nios_system|axi_ad9361_0|i_rx|i_rx_channel_3|i_up_adc_channel|i_xfer_cntrl|up_xfer_data[70]|q
                Info (332115):      4.233      0.949 FF    IC  U_core|U_nios_system|axi_ad9361_0|i_rx|i_rx_channel_3|i_up_adc_channel|i_xfer_cntrl|d_data_cntrl[70]|asdata
                Info (332115):      4.957      0.724 FF  CELL  bladerf_core:U_core|nios_system:U_nios_system|axi_ad9361:axi_ad9361_0|axi_ad9361_rx:i_rx|axi_ad9361_rx_channel:i_rx_channel_3|up_adc_channel:i_up_adc_channel|up_xfer_cntrl:i_xfer_cntrl|d_data_cntrl[70]
                Info (332115): Clock Arrival Path:
                Info (332115): Total (ns)  Incr (ns)     Type  Element
                Info (332115): ==========  ========= ==  ====  ===================================
                Info (332115):      4.722      4.722  R        clock network delay
                Info (332115):      4.562     -0.160           clock uncertainty
                Info (332115):      4.562      0.000     uTsu  bladerf_core:U_core|nios_system:U_nios_system|axi_ad9361:axi_ad9361_0|axi_ad9361_rx:i_rx|axi_ad9361_rx_channel:i_rx_channel_3|up_adc_channel:i_up_adc_channel|up_xfer_cntrl:i_xfer_cntrl|d_data_cntrl[70]
            Info (332181): Earliest Path Arrival
                Info (332115): From Node          : bladerf_core:U_core|nios_system:U_nios_system|axi_ad9361:axi_ad9361_0|axi_ad9361_rx:i_rx|axi_ad9361_rx_channel:i_rx_channel_3|up_adc_channel:i_up_adc_channel|up_xfer_cntrl:i_xfer_cntrl|up_xfer_data[21]
                Info (332115): To Node            : bladerf_core:U_core|nios_system:U_nios_system|axi_ad9361:axi_ad9361_0|axi_ad9361_rx:i_rx|axi_ad9361_rx_channel:i_rx_channel_3|up_adc_channel:i_up_adc_channel|up_xfer_cntrl:i_xfer_cntrl|d_data_cntrl[21]
                Info (332115): Launch Clock       : U_core|U_system_pll|altera_pll_i|general[0].gpll~PLL_OUTPUT_COUNTER|divclk
                Info (332115): Latch Clock        : U_core|U_nios_system|axi_ad9361_0|i_dev_if|i_rx|i_altlvds_rx|auto_generated|pll_sclk~PLL_OUTPUT_COUNTER|divclk
                Info (332115): Data Arrival Time  : 2.596
                Info (332115): Clock Arrival Time : 6.491
                Info (332115): Relative Delay     : -3.895
                Info (332115): Data Arrival Path:
                Info (332115): Total (ns)  Incr (ns)     Type  Element
                Info (332115): ==========  ========= ==  ====  ===================================
                Info (332115):      1.754      1.754  R        clock network delay
                Info (332115):      1.754      0.000     uTco  bladerf_core:U_core|nios_system:U_nios_system|axi_ad9361:axi_ad9361_0|axi_ad9361_rx:i_rx|axi_ad9361_rx_channel:i_rx_channel_3|up_adc_channel:i_up_adc_channel|up_xfer_cntrl:i_xfer_cntrl|up_xfer_data[21]
                Info (332115):      1.754      0.000 FF  CELL  U_core|U_nios_system|axi_ad9361_0|i_rx|i_rx_channel_3|i_up_adc_channel|i_xfer_cntrl|up_xfer_data[21]|q
                Info (332115):      2.006      0.252 FF    IC  U_core|U_nios_system|axi_ad9361_0|i_rx|i_rx_channel_3|i_up_adc_channel|i_xfer_cntrl|d_data_cntrl[21]~feeder|dataa
                Info (332115):      2.514      0.508 FF  CELL  U_core|U_nios_system|axi_ad9361_0|i_rx|i_rx_channel_3|i_up_adc_channel|i_xfer_cntrl|d_data_cntrl[21]~feeder|combout
                Info (332115):      2.514      0.000 FF    IC  U_core|U_nios_system|axi_ad9361_0|i_rx|i_rx_channel_3|i_up_adc_channel|i_xfer_cntrl|d_data_cntrl[21]|d
                Info (332115):      2.596      0.082 FF  CELL  bladerf_core:U_core|nios_system:U_nios_system|axi_ad9361:axi_ad9361_0|axi_ad9361_rx:i_rx|axi_ad9361_rx_channel:i_rx_channel_3|up_adc_channel:i_up_adc_channel|up_xfer_cntrl:i_xfer_cntrl|d_data_cntrl[21]
                Info (332115): Clock Arrival Path:
                Info (332115): Total (ns)  Incr (ns)     Type  Element
                Info (332115): ==========  ========= ==  ====  ===================================
                Info (332115):      6.331      6.331  R        clock network delay
                Info (332115):      6.491      0.160           clock uncertainty
                Info (332115):      6.491      0.000      uTh  bladerf_core:U_core|nios_system:U_nios_system|axi_ad9361:axi_ad9361_0|axi_ad9361_rx:i_rx|axi_ad9361_rx_channel:i_rx_channel_3|up_adc_channel:i_up_adc_channel|up_xfer_cntrl:i_xfer_cntrl|d_data_cntrl[21]
            Info (332181): Cross Path Clock Pessimism Removed : 2.828
            Info (332181): Required Skew   : 6.400
            Info (332181): Actual Skew     : 1.462
            Info (332181): Slack           : 4.938
        Info (332181): Path #127: Slack is 4.966 
            Info (332181): Latest Path Arrival
                Info (332115): From Node          : bladerf_core:U_core|nios_system:U_nios_system|axi_ad9361:axi_ad9361_0|axi_ad9361_rx:i_rx|axi_ad9361_rx_channel:i_rx_channel_3|up_adc_channel:i_up_adc_channel|up_xfer_cntrl:i_xfer_cntrl|up_xfer_data[70]
                Info (332115): To Node            : bladerf_core:U_core|nios_system:U_nios_system|axi_ad9361:axi_ad9361_0|axi_ad9361_rx:i_rx|axi_ad9361_rx_channel:i_rx_channel_3|up_adc_channel:i_up_adc_channel|up_xfer_cntrl:i_xfer_cntrl|d_data_cntrl[70]
                Info (332115): Launch Clock       : U_core|U_system_pll|altera_pll_i|general[0].gpll~PLL_OUTPUT_COUNTER|divclk
                Info (332115): Latch Clock        : U_core|U_nios_system|axi_ad9361_0|i_dev_if|i_rx|i_altlvds_rx|auto_generated|pll_sclk~PLL_OUTPUT_COUNTER|divclk
                Info (332115): Data Arrival Time  : 4.957
                Info (332115): Clock Arrival Time : 4.562
                Info (332115): Relative Delay     : 0.395
                Info (332115): Data Arrival Path:
                Info (332115): Total (ns)  Incr (ns)     Type  Element
                Info (332115): ==========  ========= ==  ====  ===================================
                Info (332115):      3.284      3.284  R        clock network delay
                Info (332115):      3.284      0.000     uTco  bladerf_core:U_core|nios_system:U_nios_system|axi_ad9361:axi_ad9361_0|axi_ad9361_rx:i_rx|axi_ad9361_rx_channel:i_rx_channel_3|up_adc_channel:i_up_adc_channel|up_xfer_cntrl:i_xfer_cntrl|up_xfer_data[70]
                Info (332115):      3.284      0.000 FF  CELL  U_core|U_nios_system|axi_ad9361_0|i_rx|i_rx_channel_3|i_up_adc_channel|i_xfer_cntrl|up_xfer_data[70]|q
                Info (332115):      4.233      0.949 FF    IC  U_core|U_nios_system|axi_ad9361_0|i_rx|i_rx_channel_3|i_up_adc_channel|i_xfer_cntrl|d_data_cntrl[70]|asdata
                Info (332115):      4.957      0.724 FF  CELL  bladerf_core:U_core|nios_system:U_nios_system|axi_ad9361:axi_ad9361_0|axi_ad9361_rx:i_rx|axi_ad9361_rx_channel:i_rx_channel_3|up_adc_channel:i_up_adc_channel|up_xfer_cntrl:i_xfer_cntrl|d_data_cntrl[70]
                Info (332115): Clock Arrival Path:
                Info (332115): Total (ns)  Incr (ns)     Type  Element
                Info (332115): ==========  ========= ==  ====  ===================================
                Info (332115):      4.722      4.722  R        clock network delay
                Info (332115):      4.562     -0.160           clock uncertainty
                Info (332115):      4.562      0.000     uTsu  bladerf_core:U_core|nios_system:U_nios_system|axi_ad9361:axi_ad9361_0|axi_ad9361_rx:i_rx|axi_ad9361_rx_channel:i_rx_channel_3|up_adc_channel:i_up_adc_channel|up_xfer_cntrl:i_xfer_cntrl|d_data_cntrl[70]
            Info (332181): Earliest Path Arrival
                Info (332115): From Node          : bladerf_core:U_core|nios_system:U_nios_system|axi_ad9361:axi_ad9361_0|axi_ad9361_rx:i_rx|axi_ad9361_rx_channel:i_rx_channel_3|up_adc_channel:i_up_adc_channel|up_xfer_cntrl:i_xfer_cntrl|up_xfer_data[37]
                Info (332115): To Node            : bladerf_core:U_core|nios_system:U_nios_system|axi_ad9361:axi_ad9361_0|axi_ad9361_rx:i_rx|axi_ad9361_rx_channel:i_rx_channel_3|up_adc_channel:i_up_adc_channel|up_xfer_cntrl:i_xfer_cntrl|d_data_cntrl[37]
                Info (332115): Launch Clock       : U_core|U_system_pll|altera_pll_i|general[0].gpll~PLL_OUTPUT_COUNTER|divclk
                Info (332115): Latch Clock        : U_core|U_nios_system|axi_ad9361_0|i_dev_if|i_rx|i_altlvds_rx|auto_generated|pll_sclk~PLL_OUTPUT_COUNTER|divclk
                Info (332115): Data Arrival Time  : 2.624
                Info (332115): Clock Arrival Time : 6.491
                Info (332115): Relative Delay     : -3.867
                Info (332115): Data Arrival Path:
                Info (332115): Total (ns)  Incr (ns)     Type  Element
                Info (332115): ==========  ========= ==  ====  ===================================
                Info (332115):      1.760      1.760  R        clock network delay
                Info (332115):      1.760      0.000     uTco  bladerf_core:U_core|nios_system:U_nios_system|axi_ad9361:axi_ad9361_0|axi_ad9361_rx:i_rx|axi_ad9361_rx_channel:i_rx_channel_3|up_adc_channel:i_up_adc_channel|up_xfer_cntrl:i_xfer_cntrl|up_xfer_data[37]
                Info (332115):      1.760      0.000 FF  CELL  U_core|U_nios_system|axi_ad9361_0|i_rx|i_rx_channel_3|i_up_adc_channel|i_xfer_cntrl|up_xfer_data[37]|q
                Info (332115):      2.022      0.262 FF    IC  U_core|U_nios_system|axi_ad9361_0|i_rx|i_rx_channel_3|i_up_adc_channel|i_xfer_cntrl|d_data_cntrl[37]~feeder|datab
                Info (332115):      2.542      0.520 FF  CELL  U_core|U_nios_system|axi_ad9361_0|i_rx|i_rx_channel_3|i_up_adc_channel|i_xfer_cntrl|d_data_cntrl[37]~feeder|combout
                Info (332115):      2.542      0.000 FF    IC  U_core|U_nios_system|axi_ad9361_0|i_rx|i_rx_channel_3|i_up_adc_channel|i_xfer_cntrl|d_data_cntrl[37]|d
                Info (332115):      2.624      0.082 FF  CELL  bladerf_core:U_core|nios_system:U_nios_system|axi_ad9361:axi_ad9361_0|axi_ad9361_rx:i_rx|axi_ad9361_rx_channel:i_rx_channel_3|up_adc_channel:i_up_adc_channel|up_xfer_cntrl:i_xfer_cntrl|d_data_cntrl[37]
                Info (332115): Clock Arrival Path:
                Info (332115): Total (ns)  Incr (ns)     Type  Element
                Info (332115): ==========  ========= ==  ====  ===================================
                Info (332115):      6.331      6.331  R        clock network delay
                Info (332115):      6.491      0.160           clock uncertainty
                Info (332115):      6.491      0.000      uTh  bladerf_core:U_core|nios_system:U_nios_system|axi_ad9361:axi_ad9361_0|axi_ad9361_rx:i_rx|axi_ad9361_rx_channel:i_rx_channel_3|up_adc_channel:i_up_adc_channel|up_xfer_cntrl:i_xfer_cntrl|d_data_cntrl[37]
            Info (332181): Cross Path Clock Pessimism Removed : 2.828
            Info (332181): Required Skew   : 6.400
            Info (332181): Actual Skew     : 1.434
            Info (332181): Slack           : 4.966
        Info (332181): Path #128: Slack is 4.982 
            Info (332181): Latest Path Arrival
                Info (332115): From Node          : bladerf_core:U_core|nios_system:U_nios_system|axi_ad9361:axi_ad9361_0|axi_ad9361_rx:i_rx|axi_ad9361_rx_channel:i_rx_channel_3|up_adc_channel:i_up_adc_channel|up_xfer_cntrl:i_xfer_cntrl|up_xfer_data[23]
                Info (332115): To Node            : bladerf_core:U_core|nios_system:U_nios_system|axi_ad9361:axi_ad9361_0|axi_ad9361_rx:i_rx|axi_ad9361_rx_channel:i_rx_channel_3|up_adc_channel:i_up_adc_channel|up_xfer_cntrl:i_xfer_cntrl|d_data_cntrl[23]
                Info (332115): Launch Clock       : U_core|U_system_pll|altera_pll_i|general[0].gpll~PLL_OUTPUT_COUNTER|divclk
                Info (332115): Latch Clock        : U_core|U_nios_system|axi_ad9361_0|i_dev_if|i_rx|i_altlvds_rx|auto_generated|pll_sclk~PLL_OUTPUT_COUNTER|divclk
                Info (332115): Data Arrival Time  : 5.003
                Info (332115): Clock Arrival Time : 4.580
                Info (332115): Relative Delay     : 0.423
                Info (332115): Data Arrival Path:
                Info (332115): Total (ns)  Incr (ns)     Type  Element
                Info (332115): ==========  ========= ==  ====  ===================================
                Info (332115):      3.289      3.289  R        clock network delay
                Info (332115):      3.289      0.000     uTco  bladerf_core:U_core|nios_system:U_nios_system|axi_ad9361:axi_ad9361_0|axi_ad9361_rx:i_rx|axi_ad9361_rx_channel:i_rx_channel_3|up_adc_channel:i_up_adc_channel|up_xfer_cntrl:i_xfer_cntrl|up_xfer_data[23]
                Info (332115):      3.289      0.000 RR  CELL  U_core|U_nios_system|axi_ad9361_0|i_rx|i_rx_channel_3|i_up_adc_channel|i_xfer_cntrl|up_xfer_data[23]|q
                Info (332115):      4.050      0.761 RR    IC  U_core|U_nios_system|axi_ad9361_0|i_rx|i_rx_channel_3|i_up_adc_channel|i_xfer_cntrl|d_data_cntrl[23]~feeder|datab
                Info (332115):      4.699      0.649 RR  CELL  U_core|U_nios_system|axi_ad9361_0|i_rx|i_rx_channel_3|i_up_adc_channel|i_xfer_cntrl|d_data_cntrl[23]~feeder|combout
                Info (332115):      4.699      0.000 RR    IC  U_core|U_nios_system|axi_ad9361_0|i_rx|i_rx_channel_3|i_up_adc_channel|i_xfer_cntrl|d_data_cntrl[23]|d
                Info (332115):      5.003      0.304 RR  CELL  bladerf_core:U_core|nios_system:U_nios_system|axi_ad9361:axi_ad9361_0|axi_ad9361_rx:i_rx|axi_ad9361_rx_channel:i_rx_channel_3|up_adc_channel:i_up_adc_channel|up_xfer_cntrl:i_xfer_cntrl|d_data_cntrl[23]
                Info (332115): Clock Arrival Path:
                Info (332115): Total (ns)  Incr (ns)     Type  Element
                Info (332115): ==========  ========= ==  ====  ===================================
                Info (332115):      4.740      4.740  R        clock network delay
                Info (332115):      4.580     -0.160           clock uncertainty
                Info (332115):      4.580      0.000     uTsu  bladerf_core:U_core|nios_system:U_nios_system|axi_ad9361:axi_ad9361_0|axi_ad9361_rx:i_rx|axi_ad9361_rx_channel:i_rx_channel_3|up_adc_channel:i_up_adc_channel|up_xfer_cntrl:i_xfer_cntrl|d_data_cntrl[23]
            Info (332181): Earliest Path Arrival
                Info (332115): From Node          : bladerf_core:U_core|nios_system:U_nios_system|axi_ad9361:axi_ad9361_0|axi_ad9361_rx:i_rx|axi_ad9361_rx_channel:i_rx_channel_3|up_adc_channel:i_up_adc_channel|up_xfer_cntrl:i_xfer_cntrl|up_xfer_data[5]
                Info (332115): To Node            : bladerf_core:U_core|nios_system:U_nios_system|axi_ad9361:axi_ad9361_0|axi_ad9361_rx:i_rx|axi_ad9361_rx_channel:i_rx_channel_3|up_adc_channel:i_up_adc_channel|up_xfer_cntrl:i_xfer_cntrl|d_data_cntrl[5]
                Info (332115): Launch Clock       : U_core|U_system_pll|altera_pll_i|general[0].gpll~PLL_OUTPUT_COUNTER|divclk
                Info (332115): Latch Clock        : U_core|U_nios_system|axi_ad9361_0|i_dev_if|i_rx|i_altlvds_rx|auto_generated|pll_sclk~PLL_OUTPUT_COUNTER|divclk
                Info (332115): Data Arrival Time  : 2.665
                Info (332115): Clock Arrival Time : 6.488
                Info (332115): Relative Delay     : -3.823
                Info (332115): Data Arrival Path:
                Info (332115): Total (ns)  Incr (ns)     Type  Element
                Info (332115): ==========  ========= ==  ====  ===================================
                Info (332115):      1.740      1.740  R        clock network delay
                Info (332115):      1.740      0.000     uTco  bladerf_core:U_core|nios_system:U_nios_system|axi_ad9361:axi_ad9361_0|axi_ad9361_rx:i_rx|axi_ad9361_rx_channel:i_rx_channel_3|up_adc_channel:i_up_adc_channel|up_xfer_cntrl:i_xfer_cntrl|up_xfer_data[5]
                Info (332115):      1.740      0.000 FF  CELL  U_core|U_nios_system|axi_ad9361_0|i_rx|i_rx_channel_3|i_up_adc_channel|i_xfer_cntrl|up_xfer_data[5]|q
                Info (332115):      2.073      0.333 FF    IC  U_core|U_nios_system|axi_ad9361_0|i_rx|i_rx_channel_3|i_up_adc_channel|i_xfer_cntrl|d_data_cntrl[5]~feeder|dataa
                Info (332115):      2.581      0.508 FF  CELL  U_core|U_nios_system|axi_ad9361_0|i_rx|i_rx_channel_3|i_up_adc_channel|i_xfer_cntrl|d_data_cntrl[5]~feeder|combout
                Info (332115):      2.581      0.000 FF    IC  U_core|U_nios_system|axi_ad9361_0|i_rx|i_rx_channel_3|i_up_adc_channel|i_xfer_cntrl|d_data_cntrl[5]|d
                Info (332115):      2.665      0.084 FF  CELL  bladerf_core:U_core|nios_system:U_nios_system|axi_ad9361:axi_ad9361_0|axi_ad9361_rx:i_rx|axi_ad9361_rx_channel:i_rx_channel_3|up_adc_channel:i_up_adc_channel|up_xfer_cntrl:i_xfer_cntrl|d_data_cntrl[5]
                Info (332115): Clock Arrival Path:
                Info (332115): Total (ns)  Incr (ns)     Type  Element
                Info (332115): ==========  ========= ==  ====  ===================================
                Info (332115):      6.328      6.328  R        clock network delay
                Info (332115):      6.488      0.160           clock uncertainty
                Info (332115):      6.488      0.000      uTh  bladerf_core:U_core|nios_system:U_nios_system|axi_ad9361:axi_ad9361_0|axi_ad9361_rx:i_rx|axi_ad9361_rx_channel:i_rx_channel_3|up_adc_channel:i_up_adc_channel|up_xfer_cntrl:i_xfer_cntrl|d_data_cntrl[5]
            Info (332181): Cross Path Clock Pessimism Removed : 2.828
            Info (332181): Required Skew   : 6.400
            Info (332181): Actual Skew     : 1.418
            Info (332181): Slack           : 4.982
Info (332115): Worst-case slack is 4.964 for "set_max_skew -from [get_keepers {*axi_ad9361_rx_channel:i_rx_channel_1|up_adc_channel:i_up_adc_channel|up_xfer_cntrl:i_xfer_cntrl|up_xfer_data[*]}] -to [get_keepers {*axi_ad9361_rx_channel:i_rx_channel_1|up_adc_channel:i_up_adc_channel|up_xfer_cntrl:i_xfer_cntrl|d_data_cntrl[*]}] 6.400 "
    Info (332181): Skew for the Latest Arrival
        Info (332181): Path #129: Slack is 4.964 
            Info (332181): Latest Path Arrival
                Info (332115): From Node          : bladerf_core:U_core|nios_system:U_nios_system|axi_ad9361:axi_ad9361_0|axi_ad9361_rx:i_rx|axi_ad9361_rx_channel:i_rx_channel_1|up_adc_channel:i_up_adc_channel|up_xfer_cntrl:i_xfer_cntrl|up_xfer_data[58]
                Info (332115): To Node            : bladerf_core:U_core|nios_system:U_nios_system|axi_ad9361:axi_ad9361_0|axi_ad9361_rx:i_rx|axi_ad9361_rx_channel:i_rx_channel_1|up_adc_channel:i_up_adc_channel|up_xfer_cntrl:i_xfer_cntrl|d_data_cntrl[58]
                Info (332115): Launch Clock       : U_core|U_system_pll|altera_pll_i|general[0].gpll~PLL_OUTPUT_COUNTER|divclk
                Info (332115): Latch Clock        : U_core|U_nios_system|axi_ad9361_0|i_dev_if|i_rx|i_altlvds_rx|auto_generated|pll_sclk~PLL_OUTPUT_COUNTER|divclk
                Info (332115): Data Arrival Time  : 4.923
                Info (332115): Clock Arrival Time : 4.594
                Info (332115): Relative Delay     : 0.329
                Info (332115): Data Arrival Path:
                Info (332115): Total (ns)  Incr (ns)     Type  Element
                Info (332115): ==========  ========= ==  ====  ===================================
                Info (332115):      3.315      3.315  R        clock network delay
                Info (332115):      3.315      0.000     uTco  bladerf_core:U_core|nios_system:U_nios_system|axi_ad9361:axi_ad9361_0|axi_ad9361_rx:i_rx|axi_ad9361_rx_channel:i_rx_channel_1|up_adc_channel:i_up_adc_channel|up_xfer_cntrl:i_xfer_cntrl|up_xfer_data[58]
                Info (332115):      3.315      0.000 FF  CELL  U_core|U_nios_system|axi_ad9361_0|i_rx|i_rx_channel_1|i_up_adc_channel|i_xfer_cntrl|up_xfer_data[58]|q
                Info (332115):      4.197      0.882 FF    IC  U_core|U_nios_system|axi_ad9361_0|i_rx|i_rx_channel_1|i_up_adc_channel|i_xfer_cntrl|d_data_cntrl[58]|asdata
                Info (332115):      4.923      0.726 FF  CELL  bladerf_core:U_core|nios_system:U_nios_system|axi_ad9361:axi_ad9361_0|axi_ad9361_rx:i_rx|axi_ad9361_rx_channel:i_rx_channel_1|up_adc_channel:i_up_adc_channel|up_xfer_cntrl:i_xfer_cntrl|d_data_cntrl[58]
                Info (332115): Clock Arrival Path:
                Info (332115): Total (ns)  Incr (ns)     Type  Element
                Info (332115): ==========  ========= ==  ====  ===================================
                Info (332115):      4.754      4.754  R        clock network delay
                Info (332115):      4.594     -0.160           clock uncertainty
                Info (332115):      4.594      0.000     uTsu  bladerf_core:U_core|nios_system:U_nios_system|axi_ad9361:axi_ad9361_0|axi_ad9361_rx:i_rx|axi_ad9361_rx_channel:i_rx_channel_1|up_adc_channel:i_up_adc_channel|up_xfer_cntrl:i_xfer_cntrl|d_data_cntrl[58]
            Info (332181): Earliest Path Arrival
                Info (332115): From Node          : bladerf_core:U_core|nios_system:U_nios_system|axi_ad9361:axi_ad9361_0|axi_ad9361_rx:i_rx|axi_ad9361_rx_channel:i_rx_channel_1|up_adc_channel:i_up_adc_channel|up_xfer_cntrl:i_xfer_cntrl|up_xfer_data[77]
                Info (332115): To Node            : bladerf_core:U_core|nios_system:U_nios_system|axi_ad9361:axi_ad9361_0|axi_ad9361_rx:i_rx|axi_ad9361_rx_channel:i_rx_channel_1|up_adc_channel:i_up_adc_channel|up_xfer_cntrl:i_xfer_cntrl|d_data_cntrl[77]
                Info (332115): Launch Clock       : U_core|U_system_pll|altera_pll_i|general[0].gpll~PLL_OUTPUT_COUNTER|divclk
                Info (332115): Latch Clock        : U_core|U_nios_system|axi_ad9361_0|i_dev_if|i_rx|i_altlvds_rx|auto_generated|pll_sclk~PLL_OUTPUT_COUNTER|divclk
                Info (332115): Data Arrival Time  : 2.587
                Info (332115): Clock Arrival Time : 6.524
                Info (332115): Relative Delay     : -3.937
                Info (332115): Data Arrival Path:
                Info (332115): Total (ns)  Incr (ns)     Type  Element
                Info (332115): ==========  ========= ==  ====  ===================================
                Info (332115):      1.755      1.755  R        clock network delay
                Info (332115):      1.755      0.000     uTco  bladerf_core:U_core|nios_system:U_nios_system|axi_ad9361:axi_ad9361_0|axi_ad9361_rx:i_rx|axi_ad9361_rx_channel:i_rx_channel_1|up_adc_channel:i_up_adc_channel|up_xfer_cntrl:i_xfer_cntrl|up_xfer_data[77]
                Info (332115):      1.755      0.000 FF  CELL  U_core|U_nios_system|axi_ad9361_0|i_rx|i_rx_channel_1|i_up_adc_channel|i_xfer_cntrl|up_xfer_data[77]|q
                Info (332115):      1.996      0.241 FF    IC  U_core|U_nios_system|axi_ad9361_0|i_rx|i_rx_channel_1|i_up_adc_channel|i_xfer_cntrl|d_data_cntrl[77]~feeder|dataa
                Info (332115):      2.504      0.508 FF  CELL  U_core|U_nios_system|axi_ad9361_0|i_rx|i_rx_channel_1|i_up_adc_channel|i_xfer_cntrl|d_data_cntrl[77]~feeder|combout
                Info (332115):      2.504      0.000 FF    IC  U_core|U_nios_system|axi_ad9361_0|i_rx|i_rx_channel_1|i_up_adc_channel|i_xfer_cntrl|d_data_cntrl[77]|d
                Info (332115):      2.587      0.083 FF  CELL  bladerf_core:U_core|nios_system:U_nios_system|axi_ad9361:axi_ad9361_0|axi_ad9361_rx:i_rx|axi_ad9361_rx_channel:i_rx_channel_1|up_adc_channel:i_up_adc_channel|up_xfer_cntrl:i_xfer_cntrl|d_data_cntrl[77]
                Info (332115): Clock Arrival Path:
                Info (332115): Total (ns)  Incr (ns)     Type  Element
                Info (332115): ==========  ========= ==  ====  ===================================
                Info (332115):      6.364      6.364  R        clock network delay
                Info (332115):      6.524      0.160           clock uncertainty
                Info (332115):      6.524      0.000      uTh  bladerf_core:U_core|nios_system:U_nios_system|axi_ad9361:axi_ad9361_0|axi_ad9361_rx:i_rx|axi_ad9361_rx_channel:i_rx_channel_1|up_adc_channel:i_up_adc_channel|up_xfer_cntrl:i_xfer_cntrl|d_data_cntrl[77]
            Info (332181): Cross Path Clock Pessimism Removed : 2.830
            Info (332181): Required Skew   : 6.400
            Info (332181): Actual Skew     : 1.436
            Info (332181): Slack           : 4.964
        Info (332181): Path #130: Slack is 4.976 
            Info (332181): Latest Path Arrival
                Info (332115): From Node          : bladerf_core:U_core|nios_system:U_nios_system|axi_ad9361:axi_ad9361_0|axi_ad9361_rx:i_rx|axi_ad9361_rx_channel:i_rx_channel_1|up_adc_channel:i_up_adc_channel|up_xfer_cntrl:i_xfer_cntrl|up_xfer_data[71]
                Info (332115): To Node            : bladerf_core:U_core|nios_system:U_nios_system|axi_ad9361:axi_ad9361_0|axi_ad9361_rx:i_rx|axi_ad9361_rx_channel:i_rx_channel_1|up_adc_channel:i_up_adc_channel|up_xfer_cntrl:i_xfer_cntrl|d_data_cntrl[71]
                Info (332115): Launch Clock       : U_core|U_system_pll|altera_pll_i|general[0].gpll~PLL_OUTPUT_COUNTER|divclk
                Info (332115): Latch Clock        : U_core|U_nios_system|axi_ad9361_0|i_dev_if|i_rx|i_altlvds_rx|auto_generated|pll_sclk~PLL_OUTPUT_COUNTER|divclk
                Info (332115): Data Arrival Time  : 4.911
                Info (332115): Clock Arrival Time : 4.594
                Info (332115): Relative Delay     : 0.317
                Info (332115): Data Arrival Path:
                Info (332115): Total (ns)  Incr (ns)     Type  Element
                Info (332115): ==========  ========= ==  ====  ===================================
                Info (332115):      3.308      3.308  R        clock network delay
                Info (332115):      3.308      0.000     uTco  bladerf_core:U_core|nios_system:U_nios_system|axi_ad9361:axi_ad9361_0|axi_ad9361_rx:i_rx|axi_ad9361_rx_channel:i_rx_channel_1|up_adc_channel:i_up_adc_channel|up_xfer_cntrl:i_xfer_cntrl|up_xfer_data[71]
                Info (332115):      3.308      0.000 RR  CELL  U_core|U_nios_system|axi_ad9361_0|i_rx|i_rx_channel_1|i_up_adc_channel|i_xfer_cntrl|up_xfer_data[71]|q
                Info (332115):      3.950      0.642 RR    IC  U_core|U_nios_system|axi_ad9361_0|i_rx|i_rx_channel_1|i_up_adc_channel|i_xfer_cntrl|d_data_cntrl[71]~feeder|datab
                Info (332115):      4.607      0.657 RR  CELL  U_core|U_nios_system|axi_ad9361_0|i_rx|i_rx_channel_1|i_up_adc_channel|i_xfer_cntrl|d_data_cntrl[71]~feeder|combout
                Info (332115):      4.607      0.000 RR    IC  U_core|U_nios_system|axi_ad9361_0|i_rx|i_rx_channel_1|i_up_adc_channel|i_xfer_cntrl|d_data_cntrl[71]|d
                Info (332115):      4.911      0.304 RR  CELL  bladerf_core:U_core|nios_system:U_nios_system|axi_ad9361:axi_ad9361_0|axi_ad9361_rx:i_rx|axi_ad9361_rx_channel:i_rx_channel_1|up_adc_channel:i_up_adc_channel|up_xfer_cntrl:i_xfer_cntrl|d_data_cntrl[71]
                Info (332115): Clock Arrival Path:
                Info (332115): Total (ns)  Incr (ns)     Type  Element
                Info (332115): ==========  ========= ==  ====  ===================================
                Info (332115):      4.754      4.754  R        clock network delay
                Info (332115):      4.594     -0.160           clock uncertainty
                Info (332115):      4.594      0.000     uTsu  bladerf_core:U_core|nios_system:U_nios_system|axi_ad9361:axi_ad9361_0|axi_ad9361_rx:i_rx|axi_ad9361_rx_channel:i_rx_channel_1|up_adc_channel:i_up_adc_channel|up_xfer_cntrl:i_xfer_cntrl|d_data_cntrl[71]
            Info (332181): Earliest Path Arrival
                Info (332115): From Node          : bladerf_core:U_core|nios_system:U_nios_system|axi_ad9361:axi_ad9361_0|axi_ad9361_rx:i_rx|axi_ad9361_rx_channel:i_rx_channel_1|up_adc_channel:i_up_adc_channel|up_xfer_cntrl:i_xfer_cntrl|up_xfer_data[77]
                Info (332115): To Node            : bladerf_core:U_core|nios_system:U_nios_system|axi_ad9361:axi_ad9361_0|axi_ad9361_rx:i_rx|axi_ad9361_rx_channel:i_rx_channel_1|up_adc_channel:i_up_adc_channel|up_xfer_cntrl:i_xfer_cntrl|d_data_cntrl[77]
                Info (332115): Launch Clock       : U_core|U_system_pll|altera_pll_i|general[0].gpll~PLL_OUTPUT_COUNTER|divclk
                Info (332115): Latch Clock        : U_core|U_nios_system|axi_ad9361_0|i_dev_if|i_rx|i_altlvds_rx|auto_generated|pll_sclk~PLL_OUTPUT_COUNTER|divclk
                Info (332115): Data Arrival Time  : 2.587
                Info (332115): Clock Arrival Time : 6.524
                Info (332115): Relative Delay     : -3.937
                Info (332115): Data Arrival Path:
                Info (332115): Total (ns)  Incr (ns)     Type  Element
                Info (332115): ==========  ========= ==  ====  ===================================
                Info (332115):      1.755      1.755  R        clock network delay
                Info (332115):      1.755      0.000     uTco  bladerf_core:U_core|nios_system:U_nios_system|axi_ad9361:axi_ad9361_0|axi_ad9361_rx:i_rx|axi_ad9361_rx_channel:i_rx_channel_1|up_adc_channel:i_up_adc_channel|up_xfer_cntrl:i_xfer_cntrl|up_xfer_data[77]
                Info (332115):      1.755      0.000 FF  CELL  U_core|U_nios_system|axi_ad9361_0|i_rx|i_rx_channel_1|i_up_adc_channel|i_xfer_cntrl|up_xfer_data[77]|q
                Info (332115):      1.996      0.241 FF    IC  U_core|U_nios_system|axi_ad9361_0|i_rx|i_rx_channel_1|i_up_adc_channel|i_xfer_cntrl|d_data_cntrl[77]~feeder|dataa
                Info (332115):      2.504      0.508 FF  CELL  U_core|U_nios_system|axi_ad9361_0|i_rx|i_rx_channel_1|i_up_adc_channel|i_xfer_cntrl|d_data_cntrl[77]~feeder|combout
                Info (332115):      2.504      0.000 FF    IC  U_core|U_nios_system|axi_ad9361_0|i_rx|i_rx_channel_1|i_up_adc_channel|i_xfer_cntrl|d_data_cntrl[77]|d
                Info (332115):      2.587      0.083 FF  CELL  bladerf_core:U_core|nios_system:U_nios_system|axi_ad9361:axi_ad9361_0|axi_ad9361_rx:i_rx|axi_ad9361_rx_channel:i_rx_channel_1|up_adc_channel:i_up_adc_channel|up_xfer_cntrl:i_xfer_cntrl|d_data_cntrl[77]
                Info (332115): Clock Arrival Path:
                Info (332115): Total (ns)  Incr (ns)     Type  Element
                Info (332115): ==========  ========= ==  ====  ===================================
                Info (332115):      6.364      6.364  R        clock network delay
                Info (332115):      6.524      0.160           clock uncertainty
                Info (332115):      6.524      0.000      uTh  bladerf_core:U_core|nios_system:U_nios_system|axi_ad9361:axi_ad9361_0|axi_ad9361_rx:i_rx|axi_ad9361_rx_channel:i_rx_channel_1|up_adc_channel:i_up_adc_channel|up_xfer_cntrl:i_xfer_cntrl|d_data_cntrl[77]
            Info (332181): Cross Path Clock Pessimism Removed : 2.830
            Info (332181): Required Skew   : 6.400
            Info (332181): Actual Skew     : 1.424
            Info (332181): Slack           : 4.976
        Info (332181): Path #131: Slack is 4.985 
            Info (332181): Latest Path Arrival
                Info (332115): From Node          : bladerf_core:U_core|nios_system:U_nios_system|axi_ad9361:axi_ad9361_0|axi_ad9361_rx:i_rx|axi_ad9361_rx_channel:i_rx_channel_1|up_adc_channel:i_up_adc_channel|up_xfer_cntrl:i_xfer_cntrl|up_xfer_data[5]
                Info (332115): To Node            : bladerf_core:U_core|nios_system:U_nios_system|axi_ad9361:axi_ad9361_0|axi_ad9361_rx:i_rx|axi_ad9361_rx_channel:i_rx_channel_1|up_adc_channel:i_up_adc_channel|up_xfer_cntrl:i_xfer_cntrl|d_data_cntrl[5]
                Info (332115): Launch Clock       : U_core|U_system_pll|altera_pll_i|general[0].gpll~PLL_OUTPUT_COUNTER|divclk
                Info (332115): Latch Clock        : U_core|U_nios_system|axi_ad9361_0|i_dev_if|i_rx|i_altlvds_rx|auto_generated|pll_sclk~PLL_OUTPUT_COUNTER|divclk
                Info (332115): Data Arrival Time  : 4.910
                Info (332115): Clock Arrival Time : 4.602
                Info (332115): Relative Delay     : 0.308
                Info (332115): Data Arrival Path:
                Info (332115): Total (ns)  Incr (ns)     Type  Element
                Info (332115): ==========  ========= ==  ====  ===================================
                Info (332115):      3.315      3.315  R        clock network delay
                Info (332115):      3.315      0.000     uTco  bladerf_core:U_core|nios_system:U_nios_system|axi_ad9361:axi_ad9361_0|axi_ad9361_rx:i_rx|axi_ad9361_rx_channel:i_rx_channel_1|up_adc_channel:i_up_adc_channel|up_xfer_cntrl:i_xfer_cntrl|up_xfer_data[5]
                Info (332115):      3.315      0.000 RR  CELL  U_core|U_nios_system|axi_ad9361_0|i_rx|i_rx_channel_1|i_up_adc_channel|i_xfer_cntrl|up_xfer_data[5]|q
                Info (332115):      3.947      0.632 RR    IC  U_core|U_nios_system|axi_ad9361_0|i_rx|i_rx_channel_1|i_up_adc_channel|i_xfer_cntrl|d_data_cntrl[5]~feeder|datab
                Info (332115):      4.604      0.657 RR  CELL  U_core|U_nios_system|axi_ad9361_0|i_rx|i_rx_channel_1|i_up_adc_channel|i_xfer_cntrl|d_data_cntrl[5]~feeder|combout
                Info (332115):      4.604      0.000 RR    IC  U_core|U_nios_system|axi_ad9361_0|i_rx|i_rx_channel_1|i_up_adc_channel|i_xfer_cntrl|d_data_cntrl[5]|d
                Info (332115):      4.910      0.306 RR  CELL  bladerf_core:U_core|nios_system:U_nios_system|axi_ad9361:axi_ad9361_0|axi_ad9361_rx:i_rx|axi_ad9361_rx_channel:i_rx_channel_1|up_adc_channel:i_up_adc_channel|up_xfer_cntrl:i_xfer_cntrl|d_data_cntrl[5]
                Info (332115): Clock Arrival Path:
                Info (332115): Total (ns)  Incr (ns)     Type  Element
                Info (332115): ==========  ========= ==  ====  ===================================
                Info (332115):      4.762      4.762  R        clock network delay
                Info (332115):      4.602     -0.160           clock uncertainty
                Info (332115):      4.602      0.000     uTsu  bladerf_core:U_core|nios_system:U_nios_system|axi_ad9361:axi_ad9361_0|axi_ad9361_rx:i_rx|axi_ad9361_rx_channel:i_rx_channel_1|up_adc_channel:i_up_adc_channel|up_xfer_cntrl:i_xfer_cntrl|d_data_cntrl[5]
            Info (332181): Earliest Path Arrival
                Info (332115): From Node          : bladerf_core:U_core|nios_system:U_nios_system|axi_ad9361:axi_ad9361_0|axi_ad9361_rx:i_rx|axi_ad9361_rx_channel:i_rx_channel_1|up_adc_channel:i_up_adc_channel|up_xfer_cntrl:i_xfer_cntrl|up_xfer_data[77]
                Info (332115): To Node            : bladerf_core:U_core|nios_system:U_nios_system|axi_ad9361:axi_ad9361_0|axi_ad9361_rx:i_rx|axi_ad9361_rx_channel:i_rx_channel_1|up_adc_channel:i_up_adc_channel|up_xfer_cntrl:i_xfer_cntrl|d_data_cntrl[77]
                Info (332115): Launch Clock       : U_core|U_system_pll|altera_pll_i|general[0].gpll~PLL_OUTPUT_COUNTER|divclk
                Info (332115): Latch Clock        : U_core|U_nios_system|axi_ad9361_0|i_dev_if|i_rx|i_altlvds_rx|auto_generated|pll_sclk~PLL_OUTPUT_COUNTER|divclk
                Info (332115): Data Arrival Time  : 2.587
                Info (332115): Clock Arrival Time : 6.524
                Info (332115): Relative Delay     : -3.937
                Info (332115): Data Arrival Path:
                Info (332115): Total (ns)  Incr (ns)     Type  Element
                Info (332115): ==========  ========= ==  ====  ===================================
                Info (332115):      1.755      1.755  R        clock network delay
                Info (332115):      1.755      0.000     uTco  bladerf_core:U_core|nios_system:U_nios_system|axi_ad9361:axi_ad9361_0|axi_ad9361_rx:i_rx|axi_ad9361_rx_channel:i_rx_channel_1|up_adc_channel:i_up_adc_channel|up_xfer_cntrl:i_xfer_cntrl|up_xfer_data[77]
                Info (332115):      1.755      0.000 FF  CELL  U_core|U_nios_system|axi_ad9361_0|i_rx|i_rx_channel_1|i_up_adc_channel|i_xfer_cntrl|up_xfer_data[77]|q
                Info (332115):      1.996      0.241 FF    IC  U_core|U_nios_system|axi_ad9361_0|i_rx|i_rx_channel_1|i_up_adc_channel|i_xfer_cntrl|d_data_cntrl[77]~feeder|dataa
                Info (332115):      2.504      0.508 FF  CELL  U_core|U_nios_system|axi_ad9361_0|i_rx|i_rx_channel_1|i_up_adc_channel|i_xfer_cntrl|d_data_cntrl[77]~feeder|combout
                Info (332115):      2.504      0.000 FF    IC  U_core|U_nios_system|axi_ad9361_0|i_rx|i_rx_channel_1|i_up_adc_channel|i_xfer_cntrl|d_data_cntrl[77]|d
                Info (332115):      2.587      0.083 FF  CELL  bladerf_core:U_core|nios_system:U_nios_system|axi_ad9361:axi_ad9361_0|axi_ad9361_rx:i_rx|axi_ad9361_rx_channel:i_rx_channel_1|up_adc_channel:i_up_adc_channel|up_xfer_cntrl:i_xfer_cntrl|d_data_cntrl[77]
                Info (332115): Clock Arrival Path:
                Info (332115): Total (ns)  Incr (ns)     Type  Element
                Info (332115): ==========  ========= ==  ====  ===================================
                Info (332115):      6.364      6.364  R        clock network delay
                Info (332115):      6.524      0.160           clock uncertainty
                Info (332115):      6.524      0.000      uTh  bladerf_core:U_core|nios_system:U_nios_system|axi_ad9361:axi_ad9361_0|axi_ad9361_rx:i_rx|axi_ad9361_rx_channel:i_rx_channel_1|up_adc_channel:i_up_adc_channel|up_xfer_cntrl:i_xfer_cntrl|d_data_cntrl[77]
            Info (332181): Cross Path Clock Pessimism Removed : 2.830
            Info (332181): Required Skew   : 6.400
            Info (332181): Actual Skew     : 1.415
            Info (332181): Slack           : 4.985
        Info (332181): Path #132: Slack is 5.013 
            Info (332181): Latest Path Arrival
                Info (332115): From Node          : bladerf_core:U_core|nios_system:U_nios_system|axi_ad9361:axi_ad9361_0|axi_ad9361_rx:i_rx|axi_ad9361_rx_channel:i_rx_channel_1|up_adc_channel:i_up_adc_channel|up_xfer_cntrl:i_xfer_cntrl|up_xfer_data[2]
                Info (332115): To Node            : bladerf_core:U_core|nios_system:U_nios_system|axi_ad9361:axi_ad9361_0|axi_ad9361_rx:i_rx|axi_ad9361_rx_channel:i_rx_channel_1|up_adc_channel:i_up_adc_channel|up_xfer_cntrl:i_xfer_cntrl|d_data_cntrl[2]
                Info (332115): Launch Clock       : U_core|U_system_pll|altera_pll_i|general[0].gpll~PLL_OUTPUT_COUNTER|divclk
                Info (332115): Latch Clock        : U_core|U_nios_system|axi_ad9361_0|i_dev_if|i_rx|i_altlvds_rx|auto_generated|pll_sclk~PLL_OUTPUT_COUNTER|divclk
                Info (332115): Data Arrival Time  : 4.890
                Info (332115): Clock Arrival Time : 4.610
                Info (332115): Relative Delay     : 0.280
                Info (332115): Data Arrival Path:
                Info (332115): Total (ns)  Incr (ns)     Type  Element
                Info (332115): ==========  ========= ==  ====  ===================================
                Info (332115):      3.299      3.299  R        clock network delay
                Info (332115):      3.299      0.000     uTco  bladerf_core:U_core|nios_system:U_nios_system|axi_ad9361:axi_ad9361_0|axi_ad9361_rx:i_rx|axi_ad9361_rx_channel:i_rx_channel_1|up_adc_channel:i_up_adc_channel|up_xfer_cntrl:i_xfer_cntrl|up_xfer_data[2]
                Info (332115):      3.299      0.000 FF  CELL  U_core|U_nios_system|axi_ad9361_0|i_rx|i_rx_channel_1|i_up_adc_channel|i_xfer_cntrl|up_xfer_data[2]|q
                Info (332115):      4.231      0.932 FF    IC  U_core|U_nios_system|axi_ad9361_0|i_rx|i_rx_channel_1|i_up_adc_channel|i_xfer_cntrl|d_data_cntrl[2]|asdata
                Info (332115):      4.890      0.659 FF  CELL  bladerf_core:U_core|nios_system:U_nios_system|axi_ad9361:axi_ad9361_0|axi_ad9361_rx:i_rx|axi_ad9361_rx_channel:i_rx_channel_1|up_adc_channel:i_up_adc_channel|up_xfer_cntrl:i_xfer_cntrl|d_data_cntrl[2]
                Info (332115): Clock Arrival Path:
                Info (332115): Total (ns)  Incr (ns)     Type  Element
                Info (332115): ==========  ========= ==  ====  ===================================
                Info (332115):      4.770      4.770  R        clock network delay
                Info (332115):      4.610     -0.160           clock uncertainty
                Info (332115):      4.610      0.000     uTsu  bladerf_core:U_core|nios_system:U_nios_system|axi_ad9361:axi_ad9361_0|axi_ad9361_rx:i_rx|axi_ad9361_rx_channel:i_rx_channel_1|up_adc_channel:i_up_adc_channel|up_xfer_cntrl:i_xfer_cntrl|d_data_cntrl[2]
            Info (332181): Earliest Path Arrival
                Info (332115): From Node          : bladerf_core:U_core|nios_system:U_nios_system|axi_ad9361:axi_ad9361_0|axi_ad9361_rx:i_rx|axi_ad9361_rx_channel:i_rx_channel_1|up_adc_channel:i_up_adc_channel|up_xfer_cntrl:i_xfer_cntrl|up_xfer_data[77]
                Info (332115): To Node            : bladerf_core:U_core|nios_system:U_nios_system|axi_ad9361:axi_ad9361_0|axi_ad9361_rx:i_rx|axi_ad9361_rx_channel:i_rx_channel_1|up_adc_channel:i_up_adc_channel|up_xfer_cntrl:i_xfer_cntrl|d_data_cntrl[77]
                Info (332115): Launch Clock       : U_core|U_system_pll|altera_pll_i|general[0].gpll~PLL_OUTPUT_COUNTER|divclk
                Info (332115): Latch Clock        : U_core|U_nios_system|axi_ad9361_0|i_dev_if|i_rx|i_altlvds_rx|auto_generated|pll_sclk~PLL_OUTPUT_COUNTER|divclk
                Info (332115): Data Arrival Time  : 2.587
                Info (332115): Clock Arrival Time : 6.524
                Info (332115): Relative Delay     : -3.937
                Info (332115): Data Arrival Path:
                Info (332115): Total (ns)  Incr (ns)     Type  Element
                Info (332115): ==========  ========= ==  ====  ===================================
                Info (332115):      1.755      1.755  R        clock network delay
                Info (332115):      1.755      0.000     uTco  bladerf_core:U_core|nios_system:U_nios_system|axi_ad9361:axi_ad9361_0|axi_ad9361_rx:i_rx|axi_ad9361_rx_channel:i_rx_channel_1|up_adc_channel:i_up_adc_channel|up_xfer_cntrl:i_xfer_cntrl|up_xfer_data[77]
                Info (332115):      1.755      0.000 FF  CELL  U_core|U_nios_system|axi_ad9361_0|i_rx|i_rx_channel_1|i_up_adc_channel|i_xfer_cntrl|up_xfer_data[77]|q
                Info (332115):      1.996      0.241 FF    IC  U_core|U_nios_system|axi_ad9361_0|i_rx|i_rx_channel_1|i_up_adc_channel|i_xfer_cntrl|d_data_cntrl[77]~feeder|dataa
                Info (332115):      2.504      0.508 FF  CELL  U_core|U_nios_system|axi_ad9361_0|i_rx|i_rx_channel_1|i_up_adc_channel|i_xfer_cntrl|d_data_cntrl[77]~feeder|combout
                Info (332115):      2.504      0.000 FF    IC  U_core|U_nios_system|axi_ad9361_0|i_rx|i_rx_channel_1|i_up_adc_channel|i_xfer_cntrl|d_data_cntrl[77]|d
                Info (332115):      2.587      0.083 FF  CELL  bladerf_core:U_core|nios_system:U_nios_system|axi_ad9361:axi_ad9361_0|axi_ad9361_rx:i_rx|axi_ad9361_rx_channel:i_rx_channel_1|up_adc_channel:i_up_adc_channel|up_xfer_cntrl:i_xfer_cntrl|d_data_cntrl[77]
                Info (332115): Clock Arrival Path:
                Info (332115): Total (ns)  Incr (ns)     Type  Element
                Info (332115): ==========  ========= ==  ====  ===================================
                Info (332115):      6.364      6.364  R        clock network delay
                Info (332115):      6.524      0.160           clock uncertainty
                Info (332115):      6.524      0.000      uTh  bladerf_core:U_core|nios_system:U_nios_system|axi_ad9361:axi_ad9361_0|axi_ad9361_rx:i_rx|axi_ad9361_rx_channel:i_rx_channel_1|up_adc_channel:i_up_adc_channel|up_xfer_cntrl:i_xfer_cntrl|d_data_cntrl[77]
            Info (332181): Cross Path Clock Pessimism Removed : 2.830
            Info (332181): Required Skew   : 6.400
            Info (332181): Actual Skew     : 1.387
            Info (332181): Slack           : 5.013
    Info (332181): Skew for the Earliest Arrival
        Info (332181): Path #133: Slack is 4.964 
            Info (332181): Latest Path Arrival
                Info (332115): From Node          : bladerf_core:U_core|nios_system:U_nios_system|axi_ad9361:axi_ad9361_0|axi_ad9361_rx:i_rx|axi_ad9361_rx_channel:i_rx_channel_1|up_adc_channel:i_up_adc_channel|up_xfer_cntrl:i_xfer_cntrl|up_xfer_data[58]
                Info (332115): To Node            : bladerf_core:U_core|nios_system:U_nios_system|axi_ad9361:axi_ad9361_0|axi_ad9361_rx:i_rx|axi_ad9361_rx_channel:i_rx_channel_1|up_adc_channel:i_up_adc_channel|up_xfer_cntrl:i_xfer_cntrl|d_data_cntrl[58]
                Info (332115): Launch Clock       : U_core|U_system_pll|altera_pll_i|general[0].gpll~PLL_OUTPUT_COUNTER|divclk
                Info (332115): Latch Clock        : U_core|U_nios_system|axi_ad9361_0|i_dev_if|i_rx|i_altlvds_rx|auto_generated|pll_sclk~PLL_OUTPUT_COUNTER|divclk
                Info (332115): Data Arrival Time  : 4.923
                Info (332115): Clock Arrival Time : 4.594
                Info (332115): Relative Delay     : 0.329
                Info (332115): Data Arrival Path:
                Info (332115): Total (ns)  Incr (ns)     Type  Element
                Info (332115): ==========  ========= ==  ====  ===================================
                Info (332115):      3.315      3.315  R        clock network delay
                Info (332115):      3.315      0.000     uTco  bladerf_core:U_core|nios_system:U_nios_system|axi_ad9361:axi_ad9361_0|axi_ad9361_rx:i_rx|axi_ad9361_rx_channel:i_rx_channel_1|up_adc_channel:i_up_adc_channel|up_xfer_cntrl:i_xfer_cntrl|up_xfer_data[58]
                Info (332115):      3.315      0.000 FF  CELL  U_core|U_nios_system|axi_ad9361_0|i_rx|i_rx_channel_1|i_up_adc_channel|i_xfer_cntrl|up_xfer_data[58]|q
                Info (332115):      4.197      0.882 FF    IC  U_core|U_nios_system|axi_ad9361_0|i_rx|i_rx_channel_1|i_up_adc_channel|i_xfer_cntrl|d_data_cntrl[58]|asdata
                Info (332115):      4.923      0.726 FF  CELL  bladerf_core:U_core|nios_system:U_nios_system|axi_ad9361:axi_ad9361_0|axi_ad9361_rx:i_rx|axi_ad9361_rx_channel:i_rx_channel_1|up_adc_channel:i_up_adc_channel|up_xfer_cntrl:i_xfer_cntrl|d_data_cntrl[58]
                Info (332115): Clock Arrival Path:
                Info (332115): Total (ns)  Incr (ns)     Type  Element
                Info (332115): ==========  ========= ==  ====  ===================================
                Info (332115):      4.754      4.754  R        clock network delay
                Info (332115):      4.594     -0.160           clock uncertainty
                Info (332115):      4.594      0.000     uTsu  bladerf_core:U_core|nios_system:U_nios_system|axi_ad9361:axi_ad9361_0|axi_ad9361_rx:i_rx|axi_ad9361_rx_channel:i_rx_channel_1|up_adc_channel:i_up_adc_channel|up_xfer_cntrl:i_xfer_cntrl|d_data_cntrl[58]
            Info (332181): Earliest Path Arrival
                Info (332115): From Node          : bladerf_core:U_core|nios_system:U_nios_system|axi_ad9361:axi_ad9361_0|axi_ad9361_rx:i_rx|axi_ad9361_rx_channel:i_rx_channel_1|up_adc_channel:i_up_adc_channel|up_xfer_cntrl:i_xfer_cntrl|up_xfer_data[77]
                Info (332115): To Node            : bladerf_core:U_core|nios_system:U_nios_system|axi_ad9361:axi_ad9361_0|axi_ad9361_rx:i_rx|axi_ad9361_rx_channel:i_rx_channel_1|up_adc_channel:i_up_adc_channel|up_xfer_cntrl:i_xfer_cntrl|d_data_cntrl[77]
                Info (332115): Launch Clock       : U_core|U_system_pll|altera_pll_i|general[0].gpll~PLL_OUTPUT_COUNTER|divclk
                Info (332115): Latch Clock        : U_core|U_nios_system|axi_ad9361_0|i_dev_if|i_rx|i_altlvds_rx|auto_generated|pll_sclk~PLL_OUTPUT_COUNTER|divclk
                Info (332115): Data Arrival Time  : 2.587
                Info (332115): Clock Arrival Time : 6.524
                Info (332115): Relative Delay     : -3.937
                Info (332115): Data Arrival Path:
                Info (332115): Total (ns)  Incr (ns)     Type  Element
                Info (332115): ==========  ========= ==  ====  ===================================
                Info (332115):      1.755      1.755  R        clock network delay
                Info (332115):      1.755      0.000     uTco  bladerf_core:U_core|nios_system:U_nios_system|axi_ad9361:axi_ad9361_0|axi_ad9361_rx:i_rx|axi_ad9361_rx_channel:i_rx_channel_1|up_adc_channel:i_up_adc_channel|up_xfer_cntrl:i_xfer_cntrl|up_xfer_data[77]
                Info (332115):      1.755      0.000 FF  CELL  U_core|U_nios_system|axi_ad9361_0|i_rx|i_rx_channel_1|i_up_adc_channel|i_xfer_cntrl|up_xfer_data[77]|q
                Info (332115):      1.996      0.241 FF    IC  U_core|U_nios_system|axi_ad9361_0|i_rx|i_rx_channel_1|i_up_adc_channel|i_xfer_cntrl|d_data_cntrl[77]~feeder|dataa
                Info (332115):      2.504      0.508 FF  CELL  U_core|U_nios_system|axi_ad9361_0|i_rx|i_rx_channel_1|i_up_adc_channel|i_xfer_cntrl|d_data_cntrl[77]~feeder|combout
                Info (332115):      2.504      0.000 FF    IC  U_core|U_nios_system|axi_ad9361_0|i_rx|i_rx_channel_1|i_up_adc_channel|i_xfer_cntrl|d_data_cntrl[77]|d
                Info (332115):      2.587      0.083 FF  CELL  bladerf_core:U_core|nios_system:U_nios_system|axi_ad9361:axi_ad9361_0|axi_ad9361_rx:i_rx|axi_ad9361_rx_channel:i_rx_channel_1|up_adc_channel:i_up_adc_channel|up_xfer_cntrl:i_xfer_cntrl|d_data_cntrl[77]
                Info (332115): Clock Arrival Path:
                Info (332115): Total (ns)  Incr (ns)     Type  Element
                Info (332115): ==========  ========= ==  ====  ===================================
                Info (332115):      6.364      6.364  R        clock network delay
                Info (332115):      6.524      0.160           clock uncertainty
                Info (332115):      6.524      0.000      uTh  bladerf_core:U_core|nios_system:U_nios_system|axi_ad9361:axi_ad9361_0|axi_ad9361_rx:i_rx|axi_ad9361_rx_channel:i_rx_channel_1|up_adc_channel:i_up_adc_channel|up_xfer_cntrl:i_xfer_cntrl|d_data_cntrl[77]
            Info (332181): Cross Path Clock Pessimism Removed : 2.830
            Info (332181): Required Skew   : 6.400
            Info (332181): Actual Skew     : 1.436
            Info (332181): Slack           : 4.964
        Info (332181): Path #134: Slack is 4.972 
            Info (332181): Latest Path Arrival
                Info (332115): From Node          : bladerf_core:U_core|nios_system:U_nios_system|axi_ad9361:axi_ad9361_0|axi_ad9361_rx:i_rx|axi_ad9361_rx_channel:i_rx_channel_1|up_adc_channel:i_up_adc_channel|up_xfer_cntrl:i_xfer_cntrl|up_xfer_data[58]
                Info (332115): To Node            : bladerf_core:U_core|nios_system:U_nios_system|axi_ad9361:axi_ad9361_0|axi_ad9361_rx:i_rx|axi_ad9361_rx_channel:i_rx_channel_1|up_adc_channel:i_up_adc_channel|up_xfer_cntrl:i_xfer_cntrl|d_data_cntrl[58]
                Info (332115): Launch Clock       : U_core|U_system_pll|altera_pll_i|general[0].gpll~PLL_OUTPUT_COUNTER|divclk
                Info (332115): Latch Clock        : U_core|U_nios_system|axi_ad9361_0|i_dev_if|i_rx|i_altlvds_rx|auto_generated|pll_sclk~PLL_OUTPUT_COUNTER|divclk
                Info (332115): Data Arrival Time  : 4.923
                Info (332115): Clock Arrival Time : 4.594
                Info (332115): Relative Delay     : 0.329
                Info (332115): Data Arrival Path:
                Info (332115): Total (ns)  Incr (ns)     Type  Element
                Info (332115): ==========  ========= ==  ====  ===================================
                Info (332115):      3.315      3.315  R        clock network delay
                Info (332115):      3.315      0.000     uTco  bladerf_core:U_core|nios_system:U_nios_system|axi_ad9361:axi_ad9361_0|axi_ad9361_rx:i_rx|axi_ad9361_rx_channel:i_rx_channel_1|up_adc_channel:i_up_adc_channel|up_xfer_cntrl:i_xfer_cntrl|up_xfer_data[58]
                Info (332115):      3.315      0.000 FF  CELL  U_core|U_nios_system|axi_ad9361_0|i_rx|i_rx_channel_1|i_up_adc_channel|i_xfer_cntrl|up_xfer_data[58]|q
                Info (332115):      4.197      0.882 FF    IC  U_core|U_nios_system|axi_ad9361_0|i_rx|i_rx_channel_1|i_up_adc_channel|i_xfer_cntrl|d_data_cntrl[58]|asdata
                Info (332115):      4.923      0.726 FF  CELL  bladerf_core:U_core|nios_system:U_nios_system|axi_ad9361:axi_ad9361_0|axi_ad9361_rx:i_rx|axi_ad9361_rx_channel:i_rx_channel_1|up_adc_channel:i_up_adc_channel|up_xfer_cntrl:i_xfer_cntrl|d_data_cntrl[58]
                Info (332115): Clock Arrival Path:
                Info (332115): Total (ns)  Incr (ns)     Type  Element
                Info (332115): ==========  ========= ==  ====  ===================================
                Info (332115):      4.754      4.754  R        clock network delay
                Info (332115):      4.594     -0.160           clock uncertainty
                Info (332115):      4.594      0.000     uTsu  bladerf_core:U_core|nios_system:U_nios_system|axi_ad9361:axi_ad9361_0|axi_ad9361_rx:i_rx|axi_ad9361_rx_channel:i_rx_channel_1|up_adc_channel:i_up_adc_channel|up_xfer_cntrl:i_xfer_cntrl|d_data_cntrl[58]
            Info (332181): Earliest Path Arrival
                Info (332115): From Node          : bladerf_core:U_core|nios_system:U_nios_system|axi_ad9361:axi_ad9361_0|axi_ad9361_rx:i_rx|axi_ad9361_rx_channel:i_rx_channel_1|up_adc_channel:i_up_adc_channel|up_xfer_cntrl:i_xfer_cntrl|up_xfer_data[72]
                Info (332115): To Node            : bladerf_core:U_core|nios_system:U_nios_system|axi_ad9361:axi_ad9361_0|axi_ad9361_rx:i_rx|axi_ad9361_rx_channel:i_rx_channel_1|up_adc_channel:i_up_adc_channel|up_xfer_cntrl:i_xfer_cntrl|d_data_cntrl[72]
                Info (332115): Launch Clock       : U_core|U_system_pll|altera_pll_i|general[0].gpll~PLL_OUTPUT_COUNTER|divclk
                Info (332115): Latch Clock        : U_core|U_nios_system|axi_ad9361_0|i_dev_if|i_rx|i_altlvds_rx|auto_generated|pll_sclk~PLL_OUTPUT_COUNTER|divclk
                Info (332115): Data Arrival Time  : 2.602
                Info (332115): Clock Arrival Time : 6.531
                Info (332115): Relative Delay     : -3.929
                Info (332115): Data Arrival Path:
                Info (332115): Total (ns)  Incr (ns)     Type  Element
                Info (332115): ==========  ========= ==  ====  ===================================
                Info (332115):      1.761      1.761  R        clock network delay
                Info (332115):      1.761      0.000     uTco  bladerf_core:U_core|nios_system:U_nios_system|axi_ad9361:axi_ad9361_0|axi_ad9361_rx:i_rx|axi_ad9361_rx_channel:i_rx_channel_1|up_adc_channel:i_up_adc_channel|up_xfer_cntrl:i_xfer_cntrl|up_xfer_data[72]
                Info (332115):      1.761      0.000 FF  CELL  U_core|U_nios_system|axi_ad9361_0|i_rx|i_rx_channel_1|i_up_adc_channel|i_xfer_cntrl|up_xfer_data[72]|q
                Info (332115):      2.012      0.251 FF    IC  U_core|U_nios_system|axi_ad9361_0|i_rx|i_rx_channel_1|i_up_adc_channel|i_xfer_cntrl|d_data_cntrl[72]~feeder|dataa
                Info (332115):      2.520      0.508 FF  CELL  U_core|U_nios_system|axi_ad9361_0|i_rx|i_rx_channel_1|i_up_adc_channel|i_xfer_cntrl|d_data_cntrl[72]~feeder|combout
                Info (332115):      2.520      0.000 FF    IC  U_core|U_nios_system|axi_ad9361_0|i_rx|i_rx_channel_1|i_up_adc_channel|i_xfer_cntrl|d_data_cntrl[72]|d
                Info (332115):      2.602      0.082 FF  CELL  bladerf_core:U_core|nios_system:U_nios_system|axi_ad9361:axi_ad9361_0|axi_ad9361_rx:i_rx|axi_ad9361_rx_channel:i_rx_channel_1|up_adc_channel:i_up_adc_channel|up_xfer_cntrl:i_xfer_cntrl|d_data_cntrl[72]
                Info (332115): Clock Arrival Path:
                Info (332115): Total (ns)  Incr (ns)     Type  Element
                Info (332115): ==========  ========= ==  ====  ===================================
                Info (332115):      6.371      6.371  R        clock network delay
                Info (332115):      6.531      0.160           clock uncertainty
                Info (332115):      6.531      0.000      uTh  bladerf_core:U_core|nios_system:U_nios_system|axi_ad9361:axi_ad9361_0|axi_ad9361_rx:i_rx|axi_ad9361_rx_channel:i_rx_channel_1|up_adc_channel:i_up_adc_channel|up_xfer_cntrl:i_xfer_cntrl|d_data_cntrl[72]
            Info (332181): Cross Path Clock Pessimism Removed : 2.830
            Info (332181): Required Skew   : 6.400
            Info (332181): Actual Skew     : 1.428
            Info (332181): Slack           : 4.972
        Info (332181): Path #135: Slack is 5.001 
            Info (332181): Latest Path Arrival
                Info (332115): From Node          : bladerf_core:U_core|nios_system:U_nios_system|axi_ad9361:axi_ad9361_0|axi_ad9361_rx:i_rx|axi_ad9361_rx_channel:i_rx_channel_1|up_adc_channel:i_up_adc_channel|up_xfer_cntrl:i_xfer_cntrl|up_xfer_data[58]
                Info (332115): To Node            : bladerf_core:U_core|nios_system:U_nios_system|axi_ad9361:axi_ad9361_0|axi_ad9361_rx:i_rx|axi_ad9361_rx_channel:i_rx_channel_1|up_adc_channel:i_up_adc_channel|up_xfer_cntrl:i_xfer_cntrl|d_data_cntrl[58]
                Info (332115): Launch Clock       : U_core|U_system_pll|altera_pll_i|general[0].gpll~PLL_OUTPUT_COUNTER|divclk
                Info (332115): Latch Clock        : U_core|U_nios_system|axi_ad9361_0|i_dev_if|i_rx|i_altlvds_rx|auto_generated|pll_sclk~PLL_OUTPUT_COUNTER|divclk
                Info (332115): Data Arrival Time  : 4.923
                Info (332115): Clock Arrival Time : 4.594
                Info (332115): Relative Delay     : 0.329
                Info (332115): Data Arrival Path:
                Info (332115): Total (ns)  Incr (ns)     Type  Element
                Info (332115): ==========  ========= ==  ====  ===================================
                Info (332115):      3.315      3.315  R        clock network delay
                Info (332115):      3.315      0.000     uTco  bladerf_core:U_core|nios_system:U_nios_system|axi_ad9361:axi_ad9361_0|axi_ad9361_rx:i_rx|axi_ad9361_rx_channel:i_rx_channel_1|up_adc_channel:i_up_adc_channel|up_xfer_cntrl:i_xfer_cntrl|up_xfer_data[58]
                Info (332115):      3.315      0.000 FF  CELL  U_core|U_nios_system|axi_ad9361_0|i_rx|i_rx_channel_1|i_up_adc_channel|i_xfer_cntrl|up_xfer_data[58]|q
                Info (332115):      4.197      0.882 FF    IC  U_core|U_nios_system|axi_ad9361_0|i_rx|i_rx_channel_1|i_up_adc_channel|i_xfer_cntrl|d_data_cntrl[58]|asdata
                Info (332115):      4.923      0.726 FF  CELL  bladerf_core:U_core|nios_system:U_nios_system|axi_ad9361:axi_ad9361_0|axi_ad9361_rx:i_rx|axi_ad9361_rx_channel:i_rx_channel_1|up_adc_channel:i_up_adc_channel|up_xfer_cntrl:i_xfer_cntrl|d_data_cntrl[58]
                Info (332115): Clock Arrival Path:
                Info (332115): Total (ns)  Incr (ns)     Type  Element
                Info (332115): ==========  ========= ==  ====  ===================================
                Info (332115):      4.754      4.754  R        clock network delay
                Info (332115):      4.594     -0.160           clock uncertainty
                Info (332115):      4.594      0.000     uTsu  bladerf_core:U_core|nios_system:U_nios_system|axi_ad9361:axi_ad9361_0|axi_ad9361_rx:i_rx|axi_ad9361_rx_channel:i_rx_channel_1|up_adc_channel:i_up_adc_channel|up_xfer_cntrl:i_xfer_cntrl|d_data_cntrl[58]
            Info (332181): Earliest Path Arrival
                Info (332115): From Node          : bladerf_core:U_core|nios_system:U_nios_system|axi_ad9361:axi_ad9361_0|axi_ad9361_rx:i_rx|axi_ad9361_rx_channel:i_rx_channel_1|up_adc_channel:i_up_adc_channel|up_xfer_cntrl:i_xfer_cntrl|up_xfer_data[15]
                Info (332115): To Node            : bladerf_core:U_core|nios_system:U_nios_system|axi_ad9361:axi_ad9361_0|axi_ad9361_rx:i_rx|axi_ad9361_rx_channel:i_rx_channel_1|up_adc_channel:i_up_adc_channel|up_xfer_cntrl:i_xfer_cntrl|d_data_cntrl[15]
                Info (332115): Launch Clock       : U_core|U_system_pll|altera_pll_i|general[0].gpll~PLL_OUTPUT_COUNTER|divclk
                Info (332115): Latch Clock        : U_core|U_nios_system|axi_ad9361_0|i_dev_if|i_rx|i_altlvds_rx|auto_generated|pll_sclk~PLL_OUTPUT_COUNTER|divclk
                Info (332115): Data Arrival Time  : 2.628
                Info (332115): Clock Arrival Time : 6.528
                Info (332115): Relative Delay     : -3.900
                Info (332115): Data Arrival Path:
                Info (332115): Total (ns)  Incr (ns)     Type  Element
                Info (332115): ==========  ========= ==  ====  ===================================
                Info (332115):      1.751      1.751  R        clock network delay
                Info (332115):      1.751      0.000     uTco  bladerf_core:U_core|nios_system:U_nios_system|axi_ad9361:axi_ad9361_0|axi_ad9361_rx:i_rx|axi_ad9361_rx_channel:i_rx_channel_1|up_adc_channel:i_up_adc_channel|up_xfer_cntrl:i_xfer_cntrl|up_xfer_data[15]
                Info (332115):      1.751      0.000 FF  CELL  U_core|U_nios_system|axi_ad9361_0|i_rx|i_rx_channel_1|i_up_adc_channel|i_xfer_cntrl|up_xfer_data[15]|q
                Info (332115):      2.260      0.509 FF    IC  U_core|U_nios_system|axi_ad9361_0|i_rx|i_rx_channel_1|i_up_adc_channel|i_xfer_cntrl|d_data_cntrl[15]|asdata
                Info (332115):      2.628      0.368 FF  CELL  bladerf_core:U_core|nios_system:U_nios_system|axi_ad9361:axi_ad9361_0|axi_ad9361_rx:i_rx|axi_ad9361_rx_channel:i_rx_channel_1|up_adc_channel:i_up_adc_channel|up_xfer_cntrl:i_xfer_cntrl|d_data_cntrl[15]
                Info (332115): Clock Arrival Path:
                Info (332115): Total (ns)  Incr (ns)     Type  Element
                Info (332115): ==========  ========= ==  ====  ===================================
                Info (332115):      6.368      6.368  R        clock network delay
                Info (332115):      6.528      0.160           clock uncertainty
                Info (332115):      6.528      0.000      uTh  bladerf_core:U_core|nios_system:U_nios_system|axi_ad9361:axi_ad9361_0|axi_ad9361_rx:i_rx|axi_ad9361_rx_channel:i_rx_channel_1|up_adc_channel:i_up_adc_channel|up_xfer_cntrl:i_xfer_cntrl|d_data_cntrl[15]
            Info (332181): Cross Path Clock Pessimism Removed : 2.830
            Info (332181): Required Skew   : 6.400
            Info (332181): Actual Skew     : 1.399
            Info (332181): Slack           : 5.001
        Info (332181): Path #136: Slack is 5.004 
            Info (332181): Latest Path Arrival
                Info (332115): From Node          : bladerf_core:U_core|nios_system:U_nios_system|axi_ad9361:axi_ad9361_0|axi_ad9361_rx:i_rx|axi_ad9361_rx_channel:i_rx_channel_1|up_adc_channel:i_up_adc_channel|up_xfer_cntrl:i_xfer_cntrl|up_xfer_data[58]
                Info (332115): To Node            : bladerf_core:U_core|nios_system:U_nios_system|axi_ad9361:axi_ad9361_0|axi_ad9361_rx:i_rx|axi_ad9361_rx_channel:i_rx_channel_1|up_adc_channel:i_up_adc_channel|up_xfer_cntrl:i_xfer_cntrl|d_data_cntrl[58]
                Info (332115): Launch Clock       : U_core|U_system_pll|altera_pll_i|general[0].gpll~PLL_OUTPUT_COUNTER|divclk
                Info (332115): Latch Clock        : U_core|U_nios_system|axi_ad9361_0|i_dev_if|i_rx|i_altlvds_rx|auto_generated|pll_sclk~PLL_OUTPUT_COUNTER|divclk
                Info (332115): Data Arrival Time  : 4.923
                Info (332115): Clock Arrival Time : 4.594
                Info (332115): Relative Delay     : 0.329
                Info (332115): Data Arrival Path:
                Info (332115): Total (ns)  Incr (ns)     Type  Element
                Info (332115): ==========  ========= ==  ====  ===================================
                Info (332115):      3.315      3.315  R        clock network delay
                Info (332115):      3.315      0.000     uTco  bladerf_core:U_core|nios_system:U_nios_system|axi_ad9361:axi_ad9361_0|axi_ad9361_rx:i_rx|axi_ad9361_rx_channel:i_rx_channel_1|up_adc_channel:i_up_adc_channel|up_xfer_cntrl:i_xfer_cntrl|up_xfer_data[58]
                Info (332115):      3.315      0.000 FF  CELL  U_core|U_nios_system|axi_ad9361_0|i_rx|i_rx_channel_1|i_up_adc_channel|i_xfer_cntrl|up_xfer_data[58]|q
                Info (332115):      4.197      0.882 FF    IC  U_core|U_nios_system|axi_ad9361_0|i_rx|i_rx_channel_1|i_up_adc_channel|i_xfer_cntrl|d_data_cntrl[58]|asdata
                Info (332115):      4.923      0.726 FF  CELL  bladerf_core:U_core|nios_system:U_nios_system|axi_ad9361:axi_ad9361_0|axi_ad9361_rx:i_rx|axi_ad9361_rx_channel:i_rx_channel_1|up_adc_channel:i_up_adc_channel|up_xfer_cntrl:i_xfer_cntrl|d_data_cntrl[58]
                Info (332115): Clock Arrival Path:
                Info (332115): Total (ns)  Incr (ns)     Type  Element
                Info (332115): ==========  ========= ==  ====  ===================================
                Info (332115):      4.754      4.754  R        clock network delay
                Info (332115):      4.594     -0.160           clock uncertainty
                Info (332115):      4.594      0.000     uTsu  bladerf_core:U_core|nios_system:U_nios_system|axi_ad9361:axi_ad9361_0|axi_ad9361_rx:i_rx|axi_ad9361_rx_channel:i_rx_channel_1|up_adc_channel:i_up_adc_channel|up_xfer_cntrl:i_xfer_cntrl|d_data_cntrl[58]
            Info (332181): Earliest Path Arrival
                Info (332115): From Node          : bladerf_core:U_core|nios_system:U_nios_system|axi_ad9361:axi_ad9361_0|axi_ad9361_rx:i_rx|axi_ad9361_rx_channel:i_rx_channel_1|up_adc_channel:i_up_adc_channel|up_xfer_cntrl:i_xfer_cntrl|up_xfer_data[66]
                Info (332115): To Node            : bladerf_core:U_core|nios_system:U_nios_system|axi_ad9361:axi_ad9361_0|axi_ad9361_rx:i_rx|axi_ad9361_rx_channel:i_rx_channel_1|up_adc_channel:i_up_adc_channel|up_xfer_cntrl:i_xfer_cntrl|d_data_cntrl[66]
                Info (332115): Launch Clock       : U_core|U_system_pll|altera_pll_i|general[0].gpll~PLL_OUTPUT_COUNTER|divclk
                Info (332115): Latch Clock        : U_core|U_nios_system|axi_ad9361_0|i_dev_if|i_rx|i_altlvds_rx|auto_generated|pll_sclk~PLL_OUTPUT_COUNTER|divclk
                Info (332115): Data Arrival Time  : 2.633
                Info (332115): Clock Arrival Time : 6.530
                Info (332115): Relative Delay     : -3.897
                Info (332115): Data Arrival Path:
                Info (332115): Total (ns)  Incr (ns)     Type  Element
                Info (332115): ==========  ========= ==  ====  ===================================
                Info (332115):      1.759      1.759  R        clock network delay
                Info (332115):      1.759      0.000     uTco  bladerf_core:U_core|nios_system:U_nios_system|axi_ad9361:axi_ad9361_0|axi_ad9361_rx:i_rx|axi_ad9361_rx_channel:i_rx_channel_1|up_adc_channel:i_up_adc_channel|up_xfer_cntrl:i_xfer_cntrl|up_xfer_data[66]
                Info (332115):      1.759      0.000 FF  CELL  U_core|U_nios_system|axi_ad9361_0|i_rx|i_rx_channel_1|i_up_adc_channel|i_xfer_cntrl|up_xfer_data[66]|q
                Info (332115):      2.496      0.737 FF    IC  U_core|U_nios_system|axi_ad9361_0|i_rx|i_rx_channel_1|i_up_adc_channel|i_xfer_cntrl|d_data_cntrl[66]~feeder|dataf
                Info (332115):      2.551      0.055 FF  CELL  U_core|U_nios_system|axi_ad9361_0|i_rx|i_rx_channel_1|i_up_adc_channel|i_xfer_cntrl|d_data_cntrl[66]~feeder|combout
                Info (332115):      2.551      0.000 FF    IC  U_core|U_nios_system|axi_ad9361_0|i_rx|i_rx_channel_1|i_up_adc_channel|i_xfer_cntrl|d_data_cntrl[66]|d
                Info (332115):      2.633      0.082 FF  CELL  bladerf_core:U_core|nios_system:U_nios_system|axi_ad9361:axi_ad9361_0|axi_ad9361_rx:i_rx|axi_ad9361_rx_channel:i_rx_channel_1|up_adc_channel:i_up_adc_channel|up_xfer_cntrl:i_xfer_cntrl|d_data_cntrl[66]
                Info (332115): Clock Arrival Path:
                Info (332115): Total (ns)  Incr (ns)     Type  Element
                Info (332115): ==========  ========= ==  ====  ===================================
                Info (332115):      6.370      6.370  R        clock network delay
                Info (332115):      6.530      0.160           clock uncertainty
                Info (332115):      6.530      0.000      uTh  bladerf_core:U_core|nios_system:U_nios_system|axi_ad9361:axi_ad9361_0|axi_ad9361_rx:i_rx|axi_ad9361_rx_channel:i_rx_channel_1|up_adc_channel:i_up_adc_channel|up_xfer_cntrl:i_xfer_cntrl|d_data_cntrl[66]
            Info (332181): Cross Path Clock Pessimism Removed : 2.830
            Info (332181): Required Skew   : 6.400
            Info (332181): Actual Skew     : 1.396
            Info (332181): Slack           : 5.004
Info (332115): Worst-case slack is 4.980 for "set_max_skew -from [get_keepers {*U_rx_epoch_status_handshake|source_holding[*]}] -to [get_keepers {*bladerf_core:*|rx_epoch_status_sys[*]}] 6.400 "
    Info (332181): Skew for the Latest Arrival
        Info (332181): Path #137: Slack is 4.980 
            Info (332181): Latest Path Arrival
                Info (332115): From Node          : bladerf_core:U_core|handshake:U_rx_epoch_status_handshake|source_holding[30]
                Info (332115): To Node            : bladerf_core:U_core|rx_epoch_status_sys[30]
                Info (332115): Launch Clock       : U_core|U_nios_system|axi_ad9361_0|i_dev_if|i_rx|i_altlvds_rx|auto_generated|pll_sclk~PLL_OUTPUT_COUNTER|divclk
                Info (332115): Latch Clock        : U_core|U_system_pll|altera_pll_i|general[0].gpll~PLL_OUTPUT_COUNTER|divclk
                Info (332115): Data Arrival Time  : 8.094
                Info (332115): Clock Arrival Time : 1.656
                Info (332115): Relative Delay     : 6.438
                Info (332115): Data Arrival Path:
                Info (332115): Total (ns)  Incr (ns)     Type  Element
                Info (332115): ==========  ========= ==  ====  ===================================
                Info (332115):      6.328      6.328  R        clock network delay
                Info (332115):      6.328      0.000     uTco  bladerf_core:U_core|handshake:U_rx_epoch_status_handshake|source_holding[30]
                Info (332115):      6.328      0.000 FF  CELL  U_core|U_rx_epoch_status_handshake|source_holding[30]|q
                Info (332115):      7.367      1.039 FF    IC  U_core|rx_epoch_status_sys[30]|asdata
                Info (332115):      8.094      0.727 FF  CELL  bladerf_core:U_core|rx_epoch_status_sys[30]
                Info (332115): Clock Arrival Path:
                Info (332115): Total (ns)  Incr (ns)     Type  Element
                Info (332115): ==========  ========= ==  ====  ===================================
                Info (332115):      1.816      1.816  R        clock network delay
                Info (332115):      1.656     -0.160           clock uncertainty
                Info (332115):      1.656      0.000     uTsu  bladerf_core:U_core|rx_epoch_status_sys[30]
            Info (332181): Earliest Path Arrival
                Info (332115): From Node          : bladerf_core:U_core|handshake:U_rx_epoch_status_handshake|source_holding[22]
                Info (332115): To Node            : bladerf_core:U_core|rx_epoch_status_sys[22]
                Info (332115): Launch Clock       : U_core|U_nios_system|axi_ad9361_0|i_dev_if|i_rx|i_altlvds_rx|auto_generated|pll_sclk~PLL_OUTPUT_COUNTER|divclk
                Info (332115): Latch Clock        : U_core|U_system_pll|altera_pll_i|general[0].gpll~PLL_OUTPUT_COUNTER|divclk
                Info (332115): Data Arrival Time  : 5.682
                Info (332115): Clock Arrival Time : 3.493
                Info (332115): Relative Delay     : 2.189
                Info (332115): Data Arrival Path:
                Info (332115): Total (ns)  Incr (ns)     Type  Element
                Info (332115): ==========  ========= ==  ====  ===================================
                Info (332115):      4.736      4.736  R        clock network delay
                Info (332115):      4.736      0.000     uTco  bladerf_core:U_core|handshake:U_rx_epoch_status_handshake|source_holding[22]
                Info (332115):      4.736      0.000 FF  CELL  U_core|U_rx_epoch_status_handshake|source_holding[22]|q
                Info (332115):      5.080      0.344 FF    IC  U_core|rx_epoch_status_sys[22]~feeder|datab
                Info (332115):      5.600      0.520 FF  CELL  U_core|rx_epoch_status_sys[22]~feeder|combout
                Info (332115):      5.600      0.000 FF    IC  U_core|rx_epoch_status_sys[22]|d
                Info (332115):      5.682      0.082 FF  CELL  bladerf_core:U_core|rx_epoch_status_sys[22]
                Info (332115): Clock Arrival Path:
                Info (332115): Total (ns)  Incr (ns)     Type  Element
                Info (332115): ==========  ========= ==  ====  ===================================
                Info (332115):      3.333      3.333  R        clock network delay
                Info (332115):      3.493      0.160           clock uncertainty
                Info (332115):      3.493      0.000      uTh  bladerf_core:U_core|rx_epoch_status_sys[22]
            Info (332181): Cross Path Clock Pessimism Removed : 2.829
            Info (332181): Required Skew   : 6.400
            Info (332181): Actual Skew     : 1.420
            Info (332181): Slack           : 4.980
        Info (332181): Path #138: Slack is 5.002 
            Info (332181): Latest Path Arrival
                Info (332115): From Node          : bladerf_core:U_core|handshake:U_rx_epoch_status_handshake|source_holding[29]
                Info (332115): To Node            : bladerf_core:U_core|rx_epoch_status_sys[29]
                Info (332115): Launch Clock       : U_core|U_nios_system|axi_ad9361_0|i_dev_if|i_rx|i_altlvds_rx|auto_generated|pll_sclk~PLL_OUTPUT_COUNTER|divclk
                Info (332115): Latch Clock        : U_core|U_system_pll|altera_pll_i|general[0].gpll~PLL_OUTPUT_COUNTER|divclk
                Info (332115): Data Arrival Time  : 8.073
                Info (332115): Clock Arrival Time : 1.657
                Info (332115): Relative Delay     : 6.416
                Info (332115): Data Arrival Path:
                Info (332115): Total (ns)  Incr (ns)     Type  Element
                Info (332115): ==========  ========= ==  ====  ===================================
                Info (332115):      6.334      6.334  R        clock network delay
                Info (332115):      6.334      0.000     uTco  bladerf_core:U_core|handshake:U_rx_epoch_status_handshake|source_holding[29]
                Info (332115):      6.334      0.000 FF  CELL  U_core|U_rx_epoch_status_handshake|source_holding[29]|q
                Info (332115):      7.414      1.080 FF    IC  U_core|rx_epoch_status_sys[29]|asdata
                Info (332115):      8.073      0.659 FF  CELL  bladerf_core:U_core|rx_epoch_status_sys[29]
                Info (332115): Clock Arrival Path:
                Info (332115): Total (ns)  Incr (ns)     Type  Element
                Info (332115): ==========  ========= ==  ====  ===================================
                Info (332115):      1.817      1.817  R        clock network delay
                Info (332115):      1.657     -0.160           clock uncertainty
                Info (332115):      1.657      0.000     uTsu  bladerf_core:U_core|rx_epoch_status_sys[29]
            Info (332181): Earliest Path Arrival
                Info (332115): From Node          : bladerf_core:U_core|handshake:U_rx_epoch_status_handshake|source_holding[22]
                Info (332115): To Node            : bladerf_core:U_core|rx_epoch_status_sys[22]
                Info (332115): Launch Clock       : U_core|U_nios_system|axi_ad9361_0|i_dev_if|i_rx|i_altlvds_rx|auto_generated|pll_sclk~PLL_OUTPUT_COUNTER|divclk
                Info (332115): Latch Clock        : U_core|U_system_pll|altera_pll_i|general[0].gpll~PLL_OUTPUT_COUNTER|divclk
                Info (332115): Data Arrival Time  : 5.682
                Info (332115): Clock Arrival Time : 3.493
                Info (332115): Relative Delay     : 2.189
                Info (332115): Data Arrival Path:
                Info (332115): Total (ns)  Incr (ns)     Type  Element
                Info (332115): ==========  ========= ==  ====  ===================================
                Info (332115):      4.736      4.736  R        clock network delay
                Info (332115):      4.736      0.000     uTco  bladerf_core:U_core|handshake:U_rx_epoch_status_handshake|source_holding[22]
                Info (332115):      4.736      0.000 FF  CELL  U_core|U_rx_epoch_status_handshake|source_holding[22]|q
                Info (332115):      5.080      0.344 FF    IC  U_core|rx_epoch_status_sys[22]~feeder|datab
                Info (332115):      5.600      0.520 FF  CELL  U_core|rx_epoch_status_sys[22]~feeder|combout
                Info (332115):      5.600      0.000 FF    IC  U_core|rx_epoch_status_sys[22]|d
                Info (332115):      5.682      0.082 FF  CELL  bladerf_core:U_core|rx_epoch_status_sys[22]
                Info (332115): Clock Arrival Path:
                Info (332115): Total (ns)  Incr (ns)     Type  Element
                Info (332115): ==========  ========= ==  ====  ===================================
                Info (332115):      3.333      3.333  R        clock network delay
                Info (332115):      3.493      0.160           clock uncertainty
                Info (332115):      3.493      0.000      uTh  bladerf_core:U_core|rx_epoch_status_sys[22]
            Info (332181): Cross Path Clock Pessimism Removed : 2.829
            Info (332181): Required Skew   : 6.400
            Info (332181): Actual Skew     : 1.398
            Info (332181): Slack           : 5.002
        Info (332181): Path #139: Slack is 5.009 
            Info (332181): Latest Path Arrival
                Info (332115): From Node          : bladerf_core:U_core|handshake:U_rx_epoch_status_handshake|source_holding[31]
                Info (332115): To Node            : bladerf_core:U_core|rx_epoch_status_sys[31]
                Info (332115): Launch Clock       : U_core|U_nios_system|axi_ad9361_0|i_dev_if|i_rx|i_altlvds_rx|auto_generated|pll_sclk~PLL_OUTPUT_COUNTER|divclk
                Info (332115): Latch Clock        : U_core|U_system_pll|altera_pll_i|general[0].gpll~PLL_OUTPUT_COUNTER|divclk
                Info (332115): Data Arrival Time  : 8.090
                Info (332115): Clock Arrival Time : 1.632
                Info (332115): Relative Delay     : 6.458
                Info (332115): Data Arrival Path:
                Info (332115): Total (ns)  Incr (ns)     Type  Element
                Info (332115): ==========  ========= ==  ====  ===================================
                Info (332115):      6.327      6.327  R        clock network delay
                Info (332115):      6.327      0.000     uTco  bladerf_core:U_core|handshake:U_rx_epoch_status_handshake|source_holding[31]
                Info (332115):      6.327      0.000 FF  CELL  U_core|U_rx_epoch_status_handshake|source_holding[31]|q
                Info (332115):      7.228      0.901 FF    IC  U_core|rx_epoch_status_sys[31]~feeder|datac
                Info (332115):      7.785      0.557 FF  CELL  U_core|rx_epoch_status_sys[31]~feeder|combout
                Info (332115):      7.785      0.000 FF    IC  U_core|rx_epoch_status_sys[31]|d
                Info (332115):      8.090      0.305 FF  CELL  bladerf_core:U_core|rx_epoch_status_sys[31]
                Info (332115): Clock Arrival Path:
                Info (332115): Total (ns)  Incr (ns)     Type  Element
                Info (332115): ==========  ========= ==  ====  ===================================
                Info (332115):      1.792      1.792  R        clock network delay
                Info (332115):      1.632     -0.160           clock uncertainty
                Info (332115):      1.632      0.000     uTsu  bladerf_core:U_core|rx_epoch_status_sys[31]
            Info (332181): Earliest Path Arrival
                Info (332115): From Node          : bladerf_core:U_core|handshake:U_rx_epoch_status_handshake|source_holding[22]
                Info (332115): To Node            : bladerf_core:U_core|rx_epoch_status_sys[22]
                Info (332115): Launch Clock       : U_core|U_nios_system|axi_ad9361_0|i_dev_if|i_rx|i_altlvds_rx|auto_generated|pll_sclk~PLL_OUTPUT_COUNTER|divclk
                Info (332115): Latch Clock        : U_core|U_system_pll|altera_pll_i|general[0].gpll~PLL_OUTPUT_COUNTER|divclk
                Info (332115): Data Arrival Time  : 5.682
                Info (332115): Clock Arrival Time : 3.493
                Info (332115): Relative Delay     : 2.189
                Info (332115): Data Arrival Path:
                Info (332115): Total (ns)  Incr (ns)     Type  Element
                Info (332115): ==========  ========= ==  ====  ===================================
                Info (332115):      4.736      4.736  R        clock network delay
                Info (332115):      4.736      0.000     uTco  bladerf_core:U_core|handshake:U_rx_epoch_status_handshake|source_holding[22]
                Info (332115):      4.736      0.000 FF  CELL  U_core|U_rx_epoch_status_handshake|source_holding[22]|q
                Info (332115):      5.080      0.344 FF    IC  U_core|rx_epoch_status_sys[22]~feeder|datab
                Info (332115):      5.600      0.520 FF  CELL  U_core|rx_epoch_status_sys[22]~feeder|combout
                Info (332115):      5.600      0.000 FF    IC  U_core|rx_epoch_status_sys[22]|d
                Info (332115):      5.682      0.082 FF  CELL  bladerf_core:U_core|rx_epoch_status_sys[22]
                Info (332115): Clock Arrival Path:
                Info (332115): Total (ns)  Incr (ns)     Type  Element
                Info (332115): ==========  ========= ==  ====  ===================================
                Info (332115):      3.333      3.333  R        clock network delay
                Info (332115):      3.493      0.160           clock uncertainty
                Info (332115):      3.493      0.000      uTh  bladerf_core:U_core|rx_epoch_status_sys[22]
            Info (332181): Cross Path Clock Pessimism Removed : 2.878
            Info (332181): Required Skew   : 6.400
            Info (332181): Actual Skew     : 1.391
            Info (332181): Slack           : 5.009
        Info (332181): Path #140: Slack is 5.032 
            Info (332181): Latest Path Arrival
                Info (332115): From Node          : bladerf_core:U_core|handshake:U_rx_epoch_status_handshake|source_holding[28]
                Info (332115): To Node            : bladerf_core:U_core|rx_epoch_status_sys[28]
                Info (332115): Launch Clock       : U_core|U_nios_system|axi_ad9361_0|i_dev_if|i_rx|i_altlvds_rx|auto_generated|pll_sclk~PLL_OUTPUT_COUNTER|divclk
                Info (332115): Latch Clock        : U_core|U_system_pll|altera_pll_i|general[0].gpll~PLL_OUTPUT_COUNTER|divclk
                Info (332115): Data Arrival Time  : 8.067
                Info (332115): Clock Arrival Time : 1.632
                Info (332115): Relative Delay     : 6.435
                Info (332115): Data Arrival Path:
                Info (332115): Total (ns)  Incr (ns)     Type  Element
                Info (332115): ==========  ========= ==  ====  ===================================
                Info (332115):      6.327      6.327  R        clock network delay
                Info (332115):      6.327      0.000     uTco  bladerf_core:U_core|handshake:U_rx_epoch_status_handshake|source_holding[28]
                Info (332115):      6.327      0.000 FF  CELL  U_core|U_rx_epoch_status_handshake|source_holding[28]|q
                Info (332115):      7.205      0.878 FF    IC  U_core|rx_epoch_status_sys[28]~feeder|datac
                Info (332115):      7.762      0.557 FF  CELL  U_core|rx_epoch_status_sys[28]~feeder|combout
                Info (332115):      7.762      0.000 FF    IC  U_core|rx_epoch_status_sys[28]|d
                Info (332115):      8.067      0.305 FF  CELL  bladerf_core:U_core|rx_epoch_status_sys[28]
                Info (332115): Clock Arrival Path:
                Info (332115): Total (ns)  Incr (ns)     Type  Element
                Info (332115): ==========  ========= ==  ====  ===================================
                Info (332115):      1.792      1.792  R        clock network delay
                Info (332115):      1.632     -0.160           clock uncertainty
                Info (332115):      1.632      0.000     uTsu  bladerf_core:U_core|rx_epoch_status_sys[28]
            Info (332181): Earliest Path Arrival
                Info (332115): From Node          : bladerf_core:U_core|handshake:U_rx_epoch_status_handshake|source_holding[22]
                Info (332115): To Node            : bladerf_core:U_core|rx_epoch_status_sys[22]
                Info (332115): Launch Clock       : U_core|U_nios_system|axi_ad9361_0|i_dev_if|i_rx|i_altlvds_rx|auto_generated|pll_sclk~PLL_OUTPUT_COUNTER|divclk
                Info (332115): Latch Clock        : U_core|U_system_pll|altera_pll_i|general[0].gpll~PLL_OUTPUT_COUNTER|divclk
                Info (332115): Data Arrival Time  : 5.682
                Info (332115): Clock Arrival Time : 3.493
                Info (332115): Relative Delay     : 2.189
                Info (332115): Data Arrival Path:
                Info (332115): Total (ns)  Incr (ns)     Type  Element
                Info (332115): ==========  ========= ==  ====  ===================================
                Info (332115):      4.736      4.736  R        clock network delay
                Info (332115):      4.736      0.000     uTco  bladerf_core:U_core|handshake:U_rx_epoch_status_handshake|source_holding[22]
                Info (332115):      4.736      0.000 FF  CELL  U_core|U_rx_epoch_status_handshake|source_holding[22]|q
                Info (332115):      5.080      0.344 FF    IC  U_core|rx_epoch_status_sys[22]~feeder|datab
                Info (332115):      5.600      0.520 FF  CELL  U_core|rx_epoch_status_sys[22]~feeder|combout
                Info (332115):      5.600      0.000 FF    IC  U_core|rx_epoch_status_sys[22]|d
                Info (332115):      5.682      0.082 FF  CELL  bladerf_core:U_core|rx_epoch_status_sys[22]
                Info (332115): Clock Arrival Path:
                Info (332115): Total (ns)  Incr (ns)     Type  Element
                Info (332115): ==========  ========= ==  ====  ===================================
                Info (332115):      3.333      3.333  R        clock network delay
                Info (332115):      3.493      0.160           clock uncertainty
                Info (332115):      3.493      0.000      uTh  bladerf_core:U_core|rx_epoch_status_sys[22]
            Info (332181): Cross Path Clock Pessimism Removed : 2.878
            Info (332181): Required Skew   : 6.400
            Info (332181): Actual Skew     : 1.368
            Info (332181): Slack           : 5.032
    Info (332181): Skew for the Earliest Arrival
        Info (332181): Path #141: Slack is 4.980 
            Info (332181): Latest Path Arrival
                Info (332115): From Node          : bladerf_core:U_core|handshake:U_rx_epoch_status_handshake|source_holding[30]
                Info (332115): To Node            : bladerf_core:U_core|rx_epoch_status_sys[30]
                Info (332115): Launch Clock       : U_core|U_nios_system|axi_ad9361_0|i_dev_if|i_rx|i_altlvds_rx|auto_generated|pll_sclk~PLL_OUTPUT_COUNTER|divclk
                Info (332115): Latch Clock        : U_core|U_system_pll|altera_pll_i|general[0].gpll~PLL_OUTPUT_COUNTER|divclk
                Info (332115): Data Arrival Time  : 8.094
                Info (332115): Clock Arrival Time : 1.656
                Info (332115): Relative Delay     : 6.438
                Info (332115): Data Arrival Path:
                Info (332115): Total (ns)  Incr (ns)     Type  Element
                Info (332115): ==========  ========= ==  ====  ===================================
                Info (332115):      6.328      6.328  R        clock network delay
                Info (332115):      6.328      0.000     uTco  bladerf_core:U_core|handshake:U_rx_epoch_status_handshake|source_holding[30]
                Info (332115):      6.328      0.000 FF  CELL  U_core|U_rx_epoch_status_handshake|source_holding[30]|q
                Info (332115):      7.367      1.039 FF    IC  U_core|rx_epoch_status_sys[30]|asdata
                Info (332115):      8.094      0.727 FF  CELL  bladerf_core:U_core|rx_epoch_status_sys[30]
                Info (332115): Clock Arrival Path:
                Info (332115): Total (ns)  Incr (ns)     Type  Element
                Info (332115): ==========  ========= ==  ====  ===================================
                Info (332115):      1.816      1.816  R        clock network delay
                Info (332115):      1.656     -0.160           clock uncertainty
                Info (332115):      1.656      0.000     uTsu  bladerf_core:U_core|rx_epoch_status_sys[30]
            Info (332181): Earliest Path Arrival
                Info (332115): From Node          : bladerf_core:U_core|handshake:U_rx_epoch_status_handshake|source_holding[22]
                Info (332115): To Node            : bladerf_core:U_core|rx_epoch_status_sys[22]
                Info (332115): Launch Clock       : U_core|U_nios_system|axi_ad9361_0|i_dev_if|i_rx|i_altlvds_rx|auto_generated|pll_sclk~PLL_OUTPUT_COUNTER|divclk
                Info (332115): Latch Clock        : U_core|U_system_pll|altera_pll_i|general[0].gpll~PLL_OUTPUT_COUNTER|divclk
                Info (332115): Data Arrival Time  : 5.682
                Info (332115): Clock Arrival Time : 3.493
                Info (332115): Relative Delay     : 2.189
                Info (332115): Data Arrival Path:
                Info (332115): Total (ns)  Incr (ns)     Type  Element
                Info (332115): ==========  ========= ==  ====  ===================================
                Info (332115):      4.736      4.736  R        clock network delay
                Info (332115):      4.736      0.000     uTco  bladerf_core:U_core|handshake:U_rx_epoch_status_handshake|source_holding[22]
                Info (332115):      4.736      0.000 FF  CELL  U_core|U_rx_epoch_status_handshake|source_holding[22]|q
                Info (332115):      5.080      0.344 FF    IC  U_core|rx_epoch_status_sys[22]~feeder|datab
                Info (332115):      5.600      0.520 FF  CELL  U_core|rx_epoch_status_sys[22]~feeder|combout
                Info (332115):      5.600      0.000 FF    IC  U_core|rx_epoch_status_sys[22]|d
                Info (332115):      5.682      0.082 FF  CELL  bladerf_core:U_core|rx_epoch_status_sys[22]
                Info (332115): Clock Arrival Path:
                Info (332115): Total (ns)  Incr (ns)     Type  Element
                Info (332115): ==========  ========= ==  ====  ===================================
                Info (332115):      3.333      3.333  R        clock network delay
                Info (332115):      3.493      0.160           clock uncertainty
                Info (332115):      3.493      0.000      uTh  bladerf_core:U_core|rx_epoch_status_sys[22]
            Info (332181): Cross Path Clock Pessimism Removed : 2.829
            Info (332181): Required Skew   : 6.400
            Info (332181): Actual Skew     : 1.420
            Info (332181): Slack           : 4.980
        Info (332181): Path #142: Slack is 5.162 
            Info (332181): Latest Path Arrival
                Info (332115): From Node          : bladerf_core:U_core|handshake:U_rx_epoch_status_handshake|source_holding[30]
                Info (332115): To Node            : bladerf_core:U_core|rx_epoch_status_sys[30]
                Info (332115): Launch Clock       : U_core|U_nios_system|axi_ad9361_0|i_dev_if|i_rx|i_altlvds_rx|auto_generated|pll_sclk~PLL_OUTPUT_COUNTER|divclk
                Info (332115): Latch Clock        : U_core|U_system_pll|altera_pll_i|general[0].gpll~PLL_OUTPUT_COUNTER|divclk
                Info (332115): Data Arrival Time  : 8.094
                Info (332115): Clock Arrival Time : 1.656
                Info (332115): Relative Delay     : 6.438
                Info (332115): Data Arrival Path:
                Info (332115): Total (ns)  Incr (ns)     Type  Element
                Info (332115): ==========  ========= ==  ====  ===================================
                Info (332115):      6.328      6.328  R        clock network delay
                Info (332115):      6.328      0.000     uTco  bladerf_core:U_core|handshake:U_rx_epoch_status_handshake|source_holding[30]
                Info (332115):      6.328      0.000 FF  CELL  U_core|U_rx_epoch_status_handshake|source_holding[30]|q
                Info (332115):      7.367      1.039 FF    IC  U_core|rx_epoch_status_sys[30]|asdata
                Info (332115):      8.094      0.727 FF  CELL  bladerf_core:U_core|rx_epoch_status_sys[30]
                Info (332115): Clock Arrival Path:
                Info (332115): Total (ns)  Incr (ns)     Type  Element
                Info (332115): ==========  ========= ==  ====  ===================================
                Info (332115):      1.816      1.816  R        clock network delay
                Info (332115):      1.656     -0.160           clock uncertainty
                Info (332115):      1.656      0.000     uTsu  bladerf_core:U_core|rx_epoch_status_sys[30]
            Info (332181): Earliest Path Arrival
                Info (332115): From Node          : bladerf_core:U_core|handshake:U_rx_epoch_status_handshake|source_holding[27]
                Info (332115): To Node            : bladerf_core:U_core|rx_epoch_status_sys[27]
                Info (332115): Launch Clock       : U_core|U_nios_system|axi_ad9361_0|i_dev_if|i_rx|i_altlvds_rx|auto_generated|pll_sclk~PLL_OUTPUT_COUNTER|divclk
                Info (332115): Latch Clock        : U_core|U_system_pll|altera_pll_i|general[0].gpll~PLL_OUTPUT_COUNTER|divclk
                Info (332115): Data Arrival Time  : 5.866
                Info (332115): Clock Arrival Time : 3.495
                Info (332115): Relative Delay     : 2.371
                Info (332115): Data Arrival Path:
                Info (332115): Total (ns)  Incr (ns)     Type  Element
                Info (332115): ==========  ========= ==  ====  ===================================
                Info (332115):      4.736      4.736  R        clock network delay
                Info (332115):      4.736      0.000     uTco  bladerf_core:U_core|handshake:U_rx_epoch_status_handshake|source_holding[27]
                Info (332115):      4.736      0.000 FF  CELL  U_core|U_rx_epoch_status_handshake|source_holding[27]|q
                Info (332115):      5.268      0.532 FF    IC  U_core|rx_epoch_status_sys[27]~feeder|datab
                Info (332115):      5.783      0.515 FF  CELL  U_core|rx_epoch_status_sys[27]~feeder|combout
                Info (332115):      5.783      0.000 FF    IC  U_core|rx_epoch_status_sys[27]|d
                Info (332115):      5.866      0.083 FF  CELL  bladerf_core:U_core|rx_epoch_status_sys[27]
                Info (332115): Clock Arrival Path:
                Info (332115): Total (ns)  Incr (ns)     Type  Element
                Info (332115): ==========  ========= ==  ====  ===================================
                Info (332115):      3.335      3.335  R        clock network delay
                Info (332115):      3.495      0.160           clock uncertainty
                Info (332115):      3.495      0.000      uTh  bladerf_core:U_core|rx_epoch_status_sys[27]
            Info (332181): Cross Path Clock Pessimism Removed : 2.829
            Info (332181): Required Skew   : 6.400
            Info (332181): Actual Skew     : 1.238
            Info (332181): Slack           : 5.162
        Info (332181): Path #143: Slack is 5.196 
            Info (332181): Latest Path Arrival
                Info (332115): From Node          : bladerf_core:U_core|handshake:U_rx_epoch_status_handshake|source_holding[30]
                Info (332115): To Node            : bladerf_core:U_core|rx_epoch_status_sys[30]
                Info (332115): Launch Clock       : U_core|U_nios_system|axi_ad9361_0|i_dev_if|i_rx|i_altlvds_rx|auto_generated|pll_sclk~PLL_OUTPUT_COUNTER|divclk
                Info (332115): Latch Clock        : U_core|U_system_pll|altera_pll_i|general[0].gpll~PLL_OUTPUT_COUNTER|divclk
                Info (332115): Data Arrival Time  : 8.094
                Info (332115): Clock Arrival Time : 1.656
                Info (332115): Relative Delay     : 6.438
                Info (332115): Data Arrival Path:
                Info (332115): Total (ns)  Incr (ns)     Type  Element
                Info (332115): ==========  ========= ==  ====  ===================================
                Info (332115):      6.328      6.328  R        clock network delay
                Info (332115):      6.328      0.000     uTco  bladerf_core:U_core|handshake:U_rx_epoch_status_handshake|source_holding[30]
                Info (332115):      6.328      0.000 FF  CELL  U_core|U_rx_epoch_status_handshake|source_holding[30]|q
                Info (332115):      7.367      1.039 FF    IC  U_core|rx_epoch_status_sys[30]|asdata
                Info (332115):      8.094      0.727 FF  CELL  bladerf_core:U_core|rx_epoch_status_sys[30]
                Info (332115): Clock Arrival Path:
                Info (332115): Total (ns)  Incr (ns)     Type  Element
                Info (332115): ==========  ========= ==  ====  ===================================
                Info (332115):      1.816      1.816  R        clock network delay
                Info (332115):      1.656     -0.160           clock uncertainty
                Info (332115):      1.656      0.000     uTsu  bladerf_core:U_core|rx_epoch_status_sys[30]
            Info (332181): Earliest Path Arrival
                Info (332115): From Node          : bladerf_core:U_core|handshake:U_rx_epoch_status_handshake|source_holding[24]
                Info (332115): To Node            : bladerf_core:U_core|rx_epoch_status_sys[24]
                Info (332115): Launch Clock       : U_core|U_nios_system|axi_ad9361_0|i_dev_if|i_rx|i_altlvds_rx|auto_generated|pll_sclk~PLL_OUTPUT_COUNTER|divclk
                Info (332115): Latch Clock        : U_core|U_system_pll|altera_pll_i|general[0].gpll~PLL_OUTPUT_COUNTER|divclk
                Info (332115): Data Arrival Time  : 5.900
                Info (332115): Clock Arrival Time : 3.495
                Info (332115): Relative Delay     : 2.405
                Info (332115): Data Arrival Path:
                Info (332115): Total (ns)  Incr (ns)     Type  Element
                Info (332115): ==========  ========= ==  ====  ===================================
                Info (332115):      4.736      4.736  R        clock network delay
                Info (332115):      4.736      0.000     uTco  bladerf_core:U_core|handshake:U_rx_epoch_status_handshake|source_holding[24]
                Info (332115):      4.736      0.000 FF  CELL  U_core|U_rx_epoch_status_handshake|source_holding[24]|q
                Info (332115):      5.302      0.566 FF    IC  U_core|rx_epoch_status_sys[24]~feeder|datab
                Info (332115):      5.817      0.515 FF  CELL  U_core|rx_epoch_status_sys[24]~feeder|combout
                Info (332115):      5.817      0.000 FF    IC  U_core|rx_epoch_status_sys[24]|d
                Info (332115):      5.900      0.083 FF  CELL  bladerf_core:U_core|rx_epoch_status_sys[24]
                Info (332115): Clock Arrival Path:
                Info (332115): Total (ns)  Incr (ns)     Type  Element
                Info (332115): ==========  ========= ==  ====  ===================================
                Info (332115):      3.335      3.335  R        clock network delay
                Info (332115):      3.495      0.160           clock uncertainty
                Info (332115):      3.495      0.000      uTh  bladerf_core:U_core|rx_epoch_status_sys[24]
            Info (332181): Cross Path Clock Pessimism Removed : 2.829
            Info (332181): Required Skew   : 6.400
            Info (332181): Actual Skew     : 1.204
            Info (332181): Slack           : 5.196
        Info (332181): Path #144: Slack is 5.208 
            Info (332181): Latest Path Arrival
                Info (332115): From Node          : bladerf_core:U_core|handshake:U_rx_epoch_status_handshake|source_holding[31]
                Info (332115): To Node            : bladerf_core:U_core|rx_epoch_status_sys[31]
                Info (332115): Launch Clock       : U_core|U_nios_system|axi_ad9361_0|i_dev_if|i_rx|i_altlvds_rx|auto_generated|pll_sclk~PLL_OUTPUT_COUNTER|divclk
                Info (332115): Latch Clock        : U_core|U_system_pll|altera_pll_i|general[0].gpll~PLL_OUTPUT_COUNTER|divclk
                Info (332115): Data Arrival Time  : 8.090
                Info (332115): Clock Arrival Time : 1.632
                Info (332115): Relative Delay     : 6.458
                Info (332115): Data Arrival Path:
                Info (332115): Total (ns)  Incr (ns)     Type  Element
                Info (332115): ==========  ========= ==  ====  ===================================
                Info (332115):      6.327      6.327  R        clock network delay
                Info (332115):      6.327      0.000     uTco  bladerf_core:U_core|handshake:U_rx_epoch_status_handshake|source_holding[31]
                Info (332115):      6.327      0.000 FF  CELL  U_core|U_rx_epoch_status_handshake|source_holding[31]|q
                Info (332115):      7.228      0.901 FF    IC  U_core|rx_epoch_status_sys[31]~feeder|datac
                Info (332115):      7.785      0.557 FF  CELL  U_core|rx_epoch_status_sys[31]~feeder|combout
                Info (332115):      7.785      0.000 FF    IC  U_core|rx_epoch_status_sys[31]|d
                Info (332115):      8.090      0.305 FF  CELL  bladerf_core:U_core|rx_epoch_status_sys[31]
                Info (332115): Clock Arrival Path:
                Info (332115): Total (ns)  Incr (ns)     Type  Element
                Info (332115): ==========  ========= ==  ====  ===================================
                Info (332115):      1.792      1.792  R        clock network delay
                Info (332115):      1.632     -0.160           clock uncertainty
                Info (332115):      1.632      0.000     uTsu  bladerf_core:U_core|rx_epoch_status_sys[31]
            Info (332181): Earliest Path Arrival
                Info (332115): From Node          : bladerf_core:U_core|handshake:U_rx_epoch_status_handshake|source_holding[29]
                Info (332115): To Node            : bladerf_core:U_core|rx_epoch_status_sys[29]
                Info (332115): Launch Clock       : U_core|U_nios_system|axi_ad9361_0|i_dev_if|i_rx|i_altlvds_rx|auto_generated|pll_sclk~PLL_OUTPUT_COUNTER|divclk
                Info (332115): Latch Clock        : U_core|U_system_pll|altera_pll_i|general[0].gpll~PLL_OUTPUT_COUNTER|divclk
                Info (332115): Data Arrival Time  : 5.957
                Info (332115): Clock Arrival Time : 3.520
                Info (332115): Relative Delay     : 2.437
                Info (332115): Data Arrival Path:
                Info (332115): Total (ns)  Incr (ns)     Type  Element
                Info (332115): ==========  ========= ==  ====  ===================================
                Info (332115):      4.742      4.742  R        clock network delay
                Info (332115):      4.742      0.000     uTco  bladerf_core:U_core|handshake:U_rx_epoch_status_handshake|source_holding[29]
                Info (332115):      4.742      0.000 RR  CELL  U_core|U_rx_epoch_status_handshake|source_holding[29]|q
                Info (332115):      5.627      0.885 RR    IC  U_core|rx_epoch_status_sys[29]|asdata
                Info (332115):      5.957      0.330 RR  CELL  bladerf_core:U_core|rx_epoch_status_sys[29]
                Info (332115): Clock Arrival Path:
                Info (332115): Total (ns)  Incr (ns)     Type  Element
                Info (332115): ==========  ========= ==  ====  ===================================
                Info (332115):      3.360      3.360  R        clock network delay
                Info (332115):      3.520      0.160           clock uncertainty
                Info (332115):      3.520      0.000      uTh  bladerf_core:U_core|rx_epoch_status_sys[29]
            Info (332181): Cross Path Clock Pessimism Removed : 2.829
            Info (332181): Required Skew   : 6.400
            Info (332181): Actual Skew     : 1.192
            Info (332181): Slack           : 5.208
Info (332115): Worst-case slack is 4.985 for "set_max_skew -from [get_keepers {*U_pretrig_addr_handshake|source_holding[*]}] -to [get_keepers {*bladerf_core:*|pretrig_addr_rx[*]}] 6.400 "
    Info (332181): Skew for the Latest Arrival
        Info (332181): Path #145: Slack is 4.985 
            Info (332181): Latest Path Arrival
                Info (332115): From Node          : bladerf_core:U_core|handshake:U_pretrig_addr_handshake|source_holding[19]
                Info (332115): To Node            : bladerf_core:U_core|pretrig_addr_rx[19]
                Info (332115): Launch Clock       : U_core|U_system_pll|altera_pll_i|general[0].gpll~PLL_OUTPUT_COUNTER|divclk
                Info (332115): Latch Clock        : U_core|U_nios_system|axi_ad9361_0|i_dev_if|i_rx|i_altlvds_rx|auto_generated|pll_sclk~PLL_OUTPUT_COUNTER|divclk
                Info (332115): Data Arrival Time  : 5.442
                Info (332115): Clock Arrival Time : 4.603
                Info (332115): Relative Delay     : 0.839
                Info (332115): Data Arrival Path:
                Info (332115): Total (ns)  Incr (ns)     Type  Element
                Info (332115): ==========  ========= ==  ====  ===================================
                Info (332115):      3.333      3.333  R        clock network delay
                Info (332115):      3.333      0.000     uTco  bladerf_core:U_core|handshake:U_pretrig_addr_handshake|source_holding[19]
                Info (332115):      3.333      0.000 FF  CELL  U_core|U_pretrig_addr_handshake|source_holding[19]|q
                Info (332115):      5.052      1.719 FF    IC  U_core|pretrig_addr_rx[19]~feeder|dataf
                Info (332115):      5.136      0.084 FF  CELL  U_core|pretrig_addr_rx[19]~feeder|combout
                Info (332115):      5.136      0.000 FF    IC  U_core|pretrig_addr_rx[19]|d
                Info (332115):      5.442      0.306 FF  CELL  bladerf_core:U_core|pretrig_addr_rx[19]
                Info (332115): Clock Arrival Path:
                Info (332115): Total (ns)  Incr (ns)     Type  Element
                Info (332115): ==========  ========= ==  ====  ===================================
                Info (332115):      4.763      4.763  R        clock network delay
                Info (332115):      4.603     -0.160           clock uncertainty
                Info (332115):      4.603      0.000     uTsu  bladerf_core:U_core|pretrig_addr_rx[19]
            Info (332181): Earliest Path Arrival
                Info (332115): From Node          : bladerf_core:U_core|handshake:U_pretrig_addr_handshake|source_holding[16]
                Info (332115): To Node            : bladerf_core:U_core|pretrig_addr_rx[16]
                Info (332115): Launch Clock       : U_core|U_system_pll|altera_pll_i|general[0].gpll~PLL_OUTPUT_COUNTER|divclk
                Info (332115): Latch Clock        : U_core|U_nios_system|axi_ad9361_0|i_dev_if|i_rx|i_altlvds_rx|auto_generated|pll_sclk~PLL_OUTPUT_COUNTER|divclk
                Info (332115): Data Arrival Time  : 3.055
                Info (332115): Clock Arrival Time : 6.509
                Info (332115): Relative Delay     : -3.454
                Info (332115): Data Arrival Path:
                Info (332115): Total (ns)  Incr (ns)     Type  Element
                Info (332115): ==========  ========= ==  ====  ===================================
                Info (332115):      1.787      1.787  R        clock network delay
                Info (332115):      1.787      0.000     uTco  bladerf_core:U_core|handshake:U_pretrig_addr_handshake|source_holding[16]
                Info (332115):      1.787      0.000 RR  CELL  U_core|U_pretrig_addr_handshake|source_holding[16]|q
                Info (332115):      2.911      1.124 RR    IC  U_core|pretrig_addr_rx[16]~feeder|dataf
                Info (332115):      2.973      0.062 RR  CELL  U_core|pretrig_addr_rx[16]~feeder|combout
                Info (332115):      2.973      0.000 RR    IC  U_core|pretrig_addr_rx[16]|d
                Info (332115):      3.055      0.082 RR  CELL  bladerf_core:U_core|pretrig_addr_rx[16]
                Info (332115): Clock Arrival Path:
                Info (332115): Total (ns)  Incr (ns)     Type  Element
                Info (332115): ==========  ========= ==  ====  ===================================
                Info (332115):      6.349      6.349  R        clock network delay
                Info (332115):      6.509      0.160           clock uncertainty
                Info (332115):      6.509      0.000      uTh  bladerf_core:U_core|pretrig_addr_rx[16]
            Info (332181): Cross Path Clock Pessimism Removed : 2.878
            Info (332181): Required Skew   : 6.400
            Info (332181): Actual Skew     : 1.415
            Info (332181): Slack           : 4.985
        Info (332181): Path #146: Slack is 5.146 
            Info (332181): Latest Path Arrival
                Info (332115): From Node          : bladerf_core:U_core|handshake:U_pretrig_addr_handshake|source_holding[18]
                Info (332115): To Node            : bladerf_core:U_core|pretrig_addr_rx[18]
                Info (332115): Launch Clock       : U_core|U_system_pll|altera_pll_i|general[0].gpll~PLL_OUTPUT_COUNTER|divclk
                Info (332115): Latch Clock        : U_core|U_nios_system|axi_ad9361_0|i_dev_if|i_rx|i_altlvds_rx|auto_generated|pll_sclk~PLL_OUTPUT_COUNTER|divclk
                Info (332115): Data Arrival Time  : 5.275
                Info (332115): Clock Arrival Time : 4.597
                Info (332115): Relative Delay     : 0.678
                Info (332115): Data Arrival Path:
                Info (332115): Total (ns)  Incr (ns)     Type  Element
                Info (332115): ==========  ========= ==  ====  ===================================
                Info (332115):      3.327      3.327  R        clock network delay
                Info (332115):      3.327      0.000     uTco  bladerf_core:U_core|handshake:U_pretrig_addr_handshake|source_holding[18]
                Info (332115):      3.327      0.000 FF  CELL  U_core|U_pretrig_addr_handshake|source_holding[18]|q
                Info (332115):      4.616      1.289 FF    IC  U_core|pretrig_addr_rx[18]|asdata
                Info (332115):      5.275      0.659 FF  CELL  bladerf_core:U_core|pretrig_addr_rx[18]
                Info (332115): Clock Arrival Path:
                Info (332115): Total (ns)  Incr (ns)     Type  Element
                Info (332115): ==========  ========= ==  ====  ===================================
                Info (332115):      4.757      4.757  R        clock network delay
                Info (332115):      4.597     -0.160           clock uncertainty
                Info (332115):      4.597      0.000     uTsu  bladerf_core:U_core|pretrig_addr_rx[18]
            Info (332181): Earliest Path Arrival
                Info (332115): From Node          : bladerf_core:U_core|handshake:U_pretrig_addr_handshake|source_holding[16]
                Info (332115): To Node            : bladerf_core:U_core|pretrig_addr_rx[16]
                Info (332115): Launch Clock       : U_core|U_system_pll|altera_pll_i|general[0].gpll~PLL_OUTPUT_COUNTER|divclk
                Info (332115): Latch Clock        : U_core|U_nios_system|axi_ad9361_0|i_dev_if|i_rx|i_altlvds_rx|auto_generated|pll_sclk~PLL_OUTPUT_COUNTER|divclk
                Info (332115): Data Arrival Time  : 3.055
                Info (332115): Clock Arrival Time : 6.509
                Info (332115): Relative Delay     : -3.454
                Info (332115): Data Arrival Path:
                Info (332115): Total (ns)  Incr (ns)     Type  Element
                Info (332115): ==========  ========= ==  ====  ===================================
                Info (332115):      1.787      1.787  R        clock network delay
                Info (332115):      1.787      0.000     uTco  bladerf_core:U_core|handshake:U_pretrig_addr_handshake|source_holding[16]
                Info (332115):      1.787      0.000 RR  CELL  U_core|U_pretrig_addr_handshake|source_holding[16]|q
                Info (332115):      2.911      1.124 RR    IC  U_core|pretrig_addr_rx[16]~feeder|dataf
                Info (332115):      2.973      0.062 RR  CELL  U_core|pretrig_addr_rx[16]~feeder|combout
                Info (332115):      2.973      0.000 RR    IC  U_core|pretrig_addr_rx[16]|d
                Info (332115):      3.055      0.082 RR  CELL  bladerf_core:U_core|pretrig_addr_rx[16]
                Info (332115): Clock Arrival Path:
                Info (332115): Total (ns)  Incr (ns)     Type  Element
                Info (332115): ==========  ========= ==  ====  ===================================
                Info (332115):      6.349      6.349  R        clock network delay
                Info (332115):      6.509      0.160           clock uncertainty
                Info (332115):      6.509      0.000      uTh  bladerf_core:U_core|pretrig_addr_rx[16]
            Info (332181): Cross Path Clock Pessimism Removed : 2.878
            Info (332181): Required Skew   : 6.400
            Info (332181): Actual Skew     : 1.254
            Info (332181): Slack           : 5.146
        Info (332181): Path #147: Slack is 5.278 
            Info (332181): Latest Path Arrival
                Info (332115): From Node          : bladerf_core:U_core|handshake:U_pretrig_addr_handshake|source_holding[17]
                Info (332115): To Node            : bladerf_core:U_core|pretrig_addr_rx[17]
                Info (332115): Launch Clock       : U_core|U_system_pll|altera_pll_i|general[0].gpll~PLL_OUTPUT_COUNTER|divclk
                Info (332115): Latch Clock        : U_core|U_nios_system|axi_ad9361_0|i_dev_if|i_rx|i_altlvds_rx|auto_generated|pll_sclk~PLL_OUTPUT_COUNTER|divclk
                Info (332115): Data Arrival Time  : 5.143
                Info (332115): Clock Arrival Time : 4.597
                Info (332115): Relative Delay     : 0.546
                Info (332115): Data Arrival Path:
                Info (332115): Total (ns)  Incr (ns)     Type  Element
                Info (332115): ==========  ========= ==  ====  ===================================
                Info (332115):      3.328      3.328  R        clock network delay
                Info (332115):      3.328      0.000     uTco  bladerf_core:U_core|handshake:U_pretrig_addr_handshake|source_holding[17]
                Info (332115):      3.328      0.000 FF  CELL  U_core|U_pretrig_addr_handshake|source_holding[17]|q
                Info (332115):      4.417      1.089 FF    IC  U_core|pretrig_addr_rx[17]|asdata
                Info (332115):      5.143      0.726 FF  CELL  bladerf_core:U_core|pretrig_addr_rx[17]
                Info (332115): Clock Arrival Path:
                Info (332115): Total (ns)  Incr (ns)     Type  Element
                Info (332115): ==========  ========= ==  ====  ===================================
                Info (332115):      4.757      4.757  R        clock network delay
                Info (332115):      4.597     -0.160           clock uncertainty
                Info (332115):      4.597      0.000     uTsu  bladerf_core:U_core|pretrig_addr_rx[17]
            Info (332181): Earliest Path Arrival
                Info (332115): From Node          : bladerf_core:U_core|handshake:U_pretrig_addr_handshake|source_holding[16]
                Info (332115): To Node            : bladerf_core:U_core|pretrig_addr_rx[16]
                Info (332115): Launch Clock       : U_core|U_system_pll|altera_pll_i|general[0].gpll~PLL_OUTPUT_COUNTER|divclk
                Info (332115): Latch Clock        : U_core|U_nios_system|axi_ad9361_0|i_dev_if|i_rx|i_altlvds_rx|auto_generated|pll_sclk~PLL_OUTPUT_COUNTER|divclk
                Info (332115): Data Arrival Time  : 3.055
                Info (332115): Clock Arrival Time : 6.509
                Info (332115): Relative Delay     : -3.454
                Info (332115): Data Arrival Path:
                Info (332115): Total (ns)  Incr (ns)     Type  Element
                Info (332115): ==========  ========= ==  ====  ===================================
                Info (332115):      1.787      1.787  R        clock network delay
                Info (332115):      1.787      0.000     uTco  bladerf_core:U_core|handshake:U_pretrig_addr_handshake|source_holding[16]
                Info (332115):      1.787      0.000 RR  CELL  U_core|U_pretrig_addr_handshake|source_holding[16]|q
                Info (332115):      2.911      1.124 RR    IC  U_core|pretrig_addr_rx[16]~feeder|dataf
                Info (332115):      2.973      0.062 RR  CELL  U_core|pretrig_addr_rx[16]~feeder|combout
                Info (332115):      2.973      0.000 RR    IC  U_core|pretrig_addr_rx[16]|d
                Info (332115):      3.055      0.082 RR  CELL  bladerf_core:U_core|pretrig_addr_rx[16]
                Info (332115): Clock Arrival Path:
                Info (332115): Total (ns)  Incr (ns)     Type  Element
                Info (332115): ==========  ========= ==  ====  ===================================
                Info (332115):      6.349      6.349  R        clock network delay
                Info (332115):      6.509      0.160           clock uncertainty
                Info (332115):      6.509      0.000      uTh  bladerf_core:U_core|pretrig_addr_rx[16]
            Info (332181): Cross Path Clock Pessimism Removed : 2.878
            Info (332181): Required Skew   : 6.400
            Info (332181): Actual Skew     : 1.122
            Info (332181): Slack           : 5.278
        Info (332181): Path #148: Slack is 5.293 
            Info (332181): Latest Path Arrival
                Info (332115): From Node          : bladerf_core:U_core|handshake:U_pretrig_addr_handshake|source_holding[16]
                Info (332115): To Node            : bladerf_core:U_core|pretrig_addr_rx[16]
                Info (332115): Launch Clock       : U_core|U_system_pll|altera_pll_i|general[0].gpll~PLL_OUTPUT_COUNTER|divclk
                Info (332115): Latch Clock        : U_core|U_nios_system|axi_ad9361_0|i_dev_if|i_rx|i_altlvds_rx|auto_generated|pll_sclk~PLL_OUTPUT_COUNTER|divclk
                Info (332115): Data Arrival Time  : 5.185
                Info (332115): Clock Arrival Time : 4.597
                Info (332115): Relative Delay     : 0.588
                Info (332115): Data Arrival Path:
                Info (332115): Total (ns)  Incr (ns)     Type  Element
                Info (332115): ==========  ========= ==  ====  ===================================
                Info (332115):      3.327      3.327  R        clock network delay
                Info (332115):      3.327      0.000     uTco  bladerf_core:U_core|handshake:U_pretrig_addr_handshake|source_holding[16]
                Info (332115):      3.327      0.000 FF  CELL  U_core|U_pretrig_addr_handshake|source_holding[16]|q
                Info (332115):      4.792      1.465 FF    IC  U_core|pretrig_addr_rx[16]~feeder|dataf
                Info (332115):      4.878      0.086 FF  CELL  U_core|pretrig_addr_rx[16]~feeder|combout
                Info (332115):      4.878      0.000 FF    IC  U_core|pretrig_addr_rx[16]|d
                Info (332115):      5.185      0.307 FF  CELL  bladerf_core:U_core|pretrig_addr_rx[16]
                Info (332115): Clock Arrival Path:
                Info (332115): Total (ns)  Incr (ns)     Type  Element
                Info (332115): ==========  ========= ==  ====  ===================================
                Info (332115):      4.757      4.757  R        clock network delay
                Info (332115):      4.597     -0.160           clock uncertainty
                Info (332115):      4.597      0.000     uTsu  bladerf_core:U_core|pretrig_addr_rx[16]
            Info (332181): Earliest Path Arrival
                Info (332115): From Node          : bladerf_core:U_core|handshake:U_pretrig_addr_handshake|source_holding[17]
                Info (332115): To Node            : bladerf_core:U_core|pretrig_addr_rx[17]
                Info (332115): Launch Clock       : U_core|U_system_pll|altera_pll_i|general[0].gpll~PLL_OUTPUT_COUNTER|divclk
                Info (332115): Latch Clock        : U_core|U_nios_system|axi_ad9361_0|i_dev_if|i_rx|i_altlvds_rx|auto_generated|pll_sclk~PLL_OUTPUT_COUNTER|divclk
                Info (332115): Data Arrival Time  : 3.112
                Info (332115): Clock Arrival Time : 6.509
                Info (332115): Relative Delay     : -3.397
                Info (332115): Data Arrival Path:
                Info (332115): Total (ns)  Incr (ns)     Type  Element
                Info (332115): ==========  ========= ==  ====  ===================================
                Info (332115):      1.788      1.788  R        clock network delay
                Info (332115):      1.788      0.000     uTco  bladerf_core:U_core|handshake:U_pretrig_addr_handshake|source_holding[17]
                Info (332115):      1.788      0.000 RR  CELL  U_core|U_pretrig_addr_handshake|source_holding[17]|q
                Info (332115):      2.684      0.896 RR    IC  U_core|pretrig_addr_rx[17]|asdata
                Info (332115):      3.112      0.428 RR  CELL  bladerf_core:U_core|pretrig_addr_rx[17]
                Info (332115): Clock Arrival Path:
                Info (332115): Total (ns)  Incr (ns)     Type  Element
                Info (332115): ==========  ========= ==  ====  ===================================
                Info (332115):      6.349      6.349  R        clock network delay
                Info (332115):      6.509      0.160           clock uncertainty
                Info (332115):      6.509      0.000      uTh  bladerf_core:U_core|pretrig_addr_rx[17]
            Info (332181): Cross Path Clock Pessimism Removed : 2.878
            Info (332181): Required Skew   : 6.400
            Info (332181): Actual Skew     : 1.107
            Info (332181): Slack           : 5.293
    Info (332181): Skew for the Earliest Arrival
        Info (332181): Path #149: Slack is 4.985 
            Info (332181): Latest Path Arrival
                Info (332115): From Node          : bladerf_core:U_core|handshake:U_pretrig_addr_handshake|source_holding[19]
                Info (332115): To Node            : bladerf_core:U_core|pretrig_addr_rx[19]
                Info (332115): Launch Clock       : U_core|U_system_pll|altera_pll_i|general[0].gpll~PLL_OUTPUT_COUNTER|divclk
                Info (332115): Latch Clock        : U_core|U_nios_system|axi_ad9361_0|i_dev_if|i_rx|i_altlvds_rx|auto_generated|pll_sclk~PLL_OUTPUT_COUNTER|divclk
                Info (332115): Data Arrival Time  : 5.442
                Info (332115): Clock Arrival Time : 4.603
                Info (332115): Relative Delay     : 0.839
                Info (332115): Data Arrival Path:
                Info (332115): Total (ns)  Incr (ns)     Type  Element
                Info (332115): ==========  ========= ==  ====  ===================================
                Info (332115):      3.333      3.333  R        clock network delay
                Info (332115):      3.333      0.000     uTco  bladerf_core:U_core|handshake:U_pretrig_addr_handshake|source_holding[19]
                Info (332115):      3.333      0.000 FF  CELL  U_core|U_pretrig_addr_handshake|source_holding[19]|q
                Info (332115):      5.052      1.719 FF    IC  U_core|pretrig_addr_rx[19]~feeder|dataf
                Info (332115):      5.136      0.084 FF  CELL  U_core|pretrig_addr_rx[19]~feeder|combout
                Info (332115):      5.136      0.000 FF    IC  U_core|pretrig_addr_rx[19]|d
                Info (332115):      5.442      0.306 FF  CELL  bladerf_core:U_core|pretrig_addr_rx[19]
                Info (332115): Clock Arrival Path:
                Info (332115): Total (ns)  Incr (ns)     Type  Element
                Info (332115): ==========  ========= ==  ====  ===================================
                Info (332115):      4.763      4.763  R        clock network delay
                Info (332115):      4.603     -0.160           clock uncertainty
                Info (332115):      4.603      0.000     uTsu  bladerf_core:U_core|pretrig_addr_rx[19]
            Info (332181): Earliest Path Arrival
                Info (332115): From Node          : bladerf_core:U_core|handshake:U_pretrig_addr_handshake|source_holding[16]
                Info (332115): To Node            : bladerf_core:U_core|pretrig_addr_rx[16]
                Info (332115): Launch Clock       : U_core|U_system_pll|altera_pll_i|general[0].gpll~PLL_OUTPUT_COUNTER|divclk
                Info (332115): Latch Clock        : U_core|U_nios_system|axi_ad9361_0|i_dev_if|i_rx|i_altlvds_rx|auto_generated|pll_sclk~PLL_OUTPUT_COUNTER|divclk
                Info (332115): Data Arrival Time  : 3.055
                Info (332115): Clock Arrival Time : 6.509
                Info (332115): Relative Delay     : -3.454
                Info (332115): Data Arrival Path:
                Info (332115): Total (ns)  Incr (ns)     Type  Element
                Info (332115): ==========  ========= ==  ====  ===================================
                Info (332115):      1.787      1.787  R        clock network delay
                Info (332115):      1.787      0.000     uTco  bladerf_core:U_core|handshake:U_pretrig_addr_handshake|source_holding[16]
                Info (332115):      1.787      0.000 RR  CELL  U_core|U_pretrig_addr_handshake|source_holding[16]|q
                Info (332115):      2.911      1.124 RR    IC  U_core|pretrig_addr_rx[16]~feeder|dataf
                Info (332115):      2.973      0.062 RR  CELL  U_core|pretrig_addr_rx[16]~feeder|combout
                Info (332115):      2.973      0.000 RR    IC  U_core|pretrig_addr_rx[16]|d
                Info (332115):      3.055      0.082 RR  CELL  bladerf_core:U_core|pretrig_addr_rx[16]
                Info (332115): Clock Arrival Path:
                Info (332115): Total (ns)  Incr (ns)     Type  Element
                Info (332115): ==========  ========= ==  ====  ===================================
                Info (332115):      6.349      6.349  R        clock network delay
                Info (332115):      6.509      0.160           clock uncertainty
                Info (332115):      6.509      0.000      uTh  bladerf_core:U_core|pretrig_addr_rx[16]
            Info (332181): Cross Path Clock Pessimism Removed : 2.878
            Info (332181): Required Skew   : 6.400
            Info (332181): Actual Skew     : 1.415
            Info (332181): Slack           : 4.985
        Info (332181): Path #150: Slack is 5.042 
            Info (332181): Latest Path Arrival
                Info (332115): From Node          : bladerf_core:U_core|handshake:U_pretrig_addr_handshake|source_holding[19]
                Info (332115): To Node            : bladerf_core:U_core|pretrig_addr_rx[19]
                Info (332115): Launch Clock       : U_core|U_system_pll|altera_pll_i|general[0].gpll~PLL_OUTPUT_COUNTER|divclk
                Info (332115): Latch Clock        : U_core|U_nios_system|axi_ad9361_0|i_dev_if|i_rx|i_altlvds_rx|auto_generated|pll_sclk~PLL_OUTPUT_COUNTER|divclk
                Info (332115): Data Arrival Time  : 5.442
                Info (332115): Clock Arrival Time : 4.603
                Info (332115): Relative Delay     : 0.839
                Info (332115): Data Arrival Path:
                Info (332115): Total (ns)  Incr (ns)     Type  Element
                Info (332115): ==========  ========= ==  ====  ===================================
                Info (332115):      3.333      3.333  R        clock network delay
                Info (332115):      3.333      0.000     uTco  bladerf_core:U_core|handshake:U_pretrig_addr_handshake|source_holding[19]
                Info (332115):      3.333      0.000 FF  CELL  U_core|U_pretrig_addr_handshake|source_holding[19]|q
                Info (332115):      5.052      1.719 FF    IC  U_core|pretrig_addr_rx[19]~feeder|dataf
                Info (332115):      5.136      0.084 FF  CELL  U_core|pretrig_addr_rx[19]~feeder|combout
                Info (332115):      5.136      0.000 FF    IC  U_core|pretrig_addr_rx[19]|d
                Info (332115):      5.442      0.306 FF  CELL  bladerf_core:U_core|pretrig_addr_rx[19]
                Info (332115): Clock Arrival Path:
                Info (332115): Total (ns)  Incr (ns)     Type  Element
                Info (332115): ==========  ========= ==  ====  ===================================
                Info (332115):      4.763      4.763  R        clock network delay
                Info (332115):      4.603     -0.160           clock uncertainty
                Info (332115):      4.603      0.000     uTsu  bladerf_core:U_core|pretrig_addr_rx[19]
            Info (332181): Earliest Path Arrival
                Info (332115): From Node          : bladerf_core:U_core|handshake:U_pretrig_addr_handshake|source_holding[17]
                Info (332115): To Node            : bladerf_core:U_core|pretrig_addr_rx[17]
                Info (332115): Launch Clock       : U_core|U_system_pll|altera_pll_i|general[0].gpll~PLL_OUTPUT_COUNTER|divclk
                Info (332115): Latch Clock        : U_core|U_nios_system|axi_ad9361_0|i_dev_if|i_rx|i_altlvds_rx|auto_generated|pll_sclk~PLL_OUTPUT_COUNTER|divclk
                Info (332115): Data Arrival Time  : 3.112
                Info (332115): Clock Arrival Time : 6.509
                Info (332115): Relative Delay     : -3.397
                Info (332115): Data Arrival Path:
                Info (332115): Total (ns)  Incr (ns)     Type  Element
                Info (332115): ==========  ========= ==  ====  ===================================
                Info (332115):      1.788      1.788  R        clock network delay
                Info (332115):      1.788      0.000     uTco  bladerf_core:U_core|handshake:U_pretrig_addr_handshake|source_holding[17]
                Info (332115):      1.788      0.000 RR  CELL  U_core|U_pretrig_addr_handshake|source_holding[17]|q
                Info (332115):      2.684      0.896 RR    IC  U_core|pretrig_addr_rx[17]|asdata
                Info (332115):      3.112      0.428 RR  CELL  bladerf_core:U_core|pretrig_addr_rx[17]
                Info (332115): Clock Arrival Path:
                Info (332115): Total (ns)  Incr (ns)     Type  Element
                Info (332115): ==========  ========= ==  ====  ===================================
                Info (332115):      6.349      6.349  R        clock network delay
                Info (332115):      6.509      0.160           clock uncertainty
                Info (332115):      6.509      0.000      uTh  bladerf_core:U_core|pretrig_addr_rx[17]
            Info (332181): Cross Path Clock Pessimism Removed : 2.878
            Info (332181): Required Skew   : 6.400
            Info (332181): Actual Skew     : 1.358
            Info (332181): Slack           : 5.042
        Info (332181): Path #151: Slack is 5.045 
            Info (332181): Latest Path Arrival
                Info (332115): From Node          : bladerf_core:U_core|handshake:U_pretrig_addr_handshake|source_holding[19]
                Info (332115): To Node            : bladerf_core:U_core|pretrig_addr_rx[19]
                Info (332115): Launch Clock       : U_core|U_system_pll|altera_pll_i|general[0].gpll~PLL_OUTPUT_COUNTER|divclk
                Info (332115): Latch Clock        : U_core|U_nios_system|axi_ad9361_0|i_dev_if|i_rx|i_altlvds_rx|auto_generated|pll_sclk~PLL_OUTPUT_COUNTER|divclk
                Info (332115): Data Arrival Time  : 5.442
                Info (332115): Clock Arrival Time : 4.603
                Info (332115): Relative Delay     : 0.839
                Info (332115): Data Arrival Path:
                Info (332115): Total (ns)  Incr (ns)     Type  Element
                Info (332115): ==========  ========= ==  ====  ===================================
                Info (332115):      3.333      3.333  R        clock network delay
                Info (332115):      3.333      0.000     uTco  bladerf_core:U_core|handshake:U_pretrig_addr_handshake|source_holding[19]
                Info (332115):      3.333      0.000 FF  CELL  U_core|U_pretrig_addr_handshake|source_holding[19]|q
                Info (332115):      5.052      1.719 FF    IC  U_core|pretrig_addr_rx[19]~feeder|dataf
                Info (332115):      5.136      0.084 FF  CELL  U_core|pretrig_addr_rx[19]~feeder|combout
                Info (332115):      5.136      0.000 FF    IC  U_core|pretrig_addr_rx[19]|d
                Info (332115):      5.442      0.306 FF  CELL  bladerf_core:U_core|pretrig_addr_rx[19]
                Info (332115): Clock Arrival Path:
                Info (332115): Total (ns)  Incr (ns)     Type  Element
                Info (332115): ==========  ========= ==  ====  ===================================
                Info (332115):      4.763      4.763  R        clock network delay
                Info (332115):      4.603     -0.160           clock uncertainty
                Info (332115):      4.603      0.000     uTsu  bladerf_core:U_core|pretrig_addr_rx[19]
            Info (332181): Earliest Path Arrival
                Info (332115): From Node          : bladerf_core:U_core|handshake:U_pretrig_addr_handshake|source_holding[18]
                Info (332115): To Node            : bladerf_core:U_core|pretrig_addr_rx[18]
                Info (332115): Launch Clock       : U_core|U_system_pll|altera_pll_i|general[0].gpll~PLL_OUTPUT_COUNTER|divclk
                Info (332115): Latch Clock        : U_core|U_nios_system|axi_ad9361_0|i_dev_if|i_rx|i_altlvds_rx|auto_generated|pll_sclk~PLL_OUTPUT_COUNTER|divclk
                Info (332115): Data Arrival Time  : 3.115
                Info (332115): Clock Arrival Time : 6.509
                Info (332115): Relative Delay     : -3.394
                Info (332115): Data Arrival Path:
                Info (332115): Total (ns)  Incr (ns)     Type  Element
                Info (332115): ==========  ========= ==  ====  ===================================
                Info (332115):      1.787      1.787  R        clock network delay
                Info (332115):      1.787      0.000     uTco  bladerf_core:U_core|handshake:U_pretrig_addr_handshake|source_holding[18]
                Info (332115):      1.787      0.000 RR  CELL  U_core|U_pretrig_addr_handshake|source_holding[18]|q
                Info (332115):      2.785      0.998 RR    IC  U_core|pretrig_addr_rx[18]|asdata
                Info (332115):      3.115      0.330 RR  CELL  bladerf_core:U_core|pretrig_addr_rx[18]
                Info (332115): Clock Arrival Path:
                Info (332115): Total (ns)  Incr (ns)     Type  Element
                Info (332115): ==========  ========= ==  ====  ===================================
                Info (332115):      6.349      6.349  R        clock network delay
                Info (332115):      6.509      0.160           clock uncertainty
                Info (332115):      6.509      0.000      uTh  bladerf_core:U_core|pretrig_addr_rx[18]
            Info (332181): Cross Path Clock Pessimism Removed : 2.878
            Info (332181): Required Skew   : 6.400
            Info (332181): Actual Skew     : 1.355
            Info (332181): Slack           : 5.045
        Info (332181): Path #152: Slack is 5.382 
            Info (332181): Latest Path Arrival
                Info (332115): From Node          : bladerf_core:U_core|handshake:U_pretrig_addr_handshake|source_holding[18]
                Info (332115): To Node            : bladerf_core:U_core|pretrig_addr_rx[18]
                Info (332115): Launch Clock       : U_core|U_system_pll|altera_pll_i|general[0].gpll~PLL_OUTPUT_COUNTER|divclk
                Info (332115): Latch Clock        : U_core|U_nios_system|axi_ad9361_0|i_dev_if|i_rx|i_altlvds_rx|auto_generated|pll_sclk~PLL_OUTPUT_COUNTER|divclk
                Info (332115): Data Arrival Time  : 5.275
                Info (332115): Clock Arrival Time : 4.597
                Info (332115): Relative Delay     : 0.678
                Info (332115): Data Arrival Path:
                Info (332115): Total (ns)  Incr (ns)     Type  Element
                Info (332115): ==========  ========= ==  ====  ===================================
                Info (332115):      3.327      3.327  R        clock network delay
                Info (332115):      3.327      0.000     uTco  bladerf_core:U_core|handshake:U_pretrig_addr_handshake|source_holding[18]
                Info (332115):      3.327      0.000 FF  CELL  U_core|U_pretrig_addr_handshake|source_holding[18]|q
                Info (332115):      4.616      1.289 FF    IC  U_core|pretrig_addr_rx[18]|asdata
                Info (332115):      5.275      0.659 FF  CELL  bladerf_core:U_core|pretrig_addr_rx[18]
                Info (332115): Clock Arrival Path:
                Info (332115): Total (ns)  Incr (ns)     Type  Element
                Info (332115): ==========  ========= ==  ====  ===================================
                Info (332115):      4.757      4.757  R        clock network delay
                Info (332115):      4.597     -0.160           clock uncertainty
                Info (332115):      4.597      0.000     uTsu  bladerf_core:U_core|pretrig_addr_rx[18]
            Info (332181): Earliest Path Arrival
                Info (332115): From Node          : bladerf_core:U_core|handshake:U_pretrig_addr_handshake|source_holding[19]
                Info (332115): To Node            : bladerf_core:U_core|pretrig_addr_rx[19]
                Info (332115): Launch Clock       : U_core|U_system_pll|altera_pll_i|general[0].gpll~PLL_OUTPUT_COUNTER|divclk
                Info (332115): Latch Clock        : U_core|U_nios_system|axi_ad9361_0|i_dev_if|i_rx|i_altlvds_rx|auto_generated|pll_sclk~PLL_OUTPUT_COUNTER|divclk
                Info (332115): Data Arrival Time  : 3.297
                Info (332115): Clock Arrival Time : 6.515
                Info (332115): Relative Delay     : -3.218
                Info (332115): Data Arrival Path:
                Info (332115): Total (ns)  Incr (ns)     Type  Element
                Info (332115): ==========  ========= ==  ====  ===================================
                Info (332115):      1.792      1.792  R        clock network delay
                Info (332115):      1.792      0.000     uTco  bladerf_core:U_core|handshake:U_pretrig_addr_handshake|source_holding[19]
                Info (332115):      1.792      0.000 RR  CELL  U_core|U_pretrig_addr_handshake|source_holding[19]|q
                Info (332115):      3.154      1.362 RR    IC  U_core|pretrig_addr_rx[19]~feeder|dataf
                Info (332115):      3.215      0.061 RR  CELL  U_core|pretrig_addr_rx[19]~feeder|combout
                Info (332115):      3.215      0.000 RR    IC  U_core|pretrig_addr_rx[19]|d
                Info (332115):      3.297      0.082 RR  CELL  bladerf_core:U_core|pretrig_addr_rx[19]
                Info (332115): Clock Arrival Path:
                Info (332115): Total (ns)  Incr (ns)     Type  Element
                Info (332115): ==========  ========= ==  ====  ===================================
                Info (332115):      6.355      6.355  R        clock network delay
                Info (332115):      6.515      0.160           clock uncertainty
                Info (332115):      6.515      0.000      uTh  bladerf_core:U_core|pretrig_addr_rx[19]
            Info (332181): Cross Path Clock Pessimism Removed : 2.878
            Info (332181): Required Skew   : 6.400
            Info (332181): Actual Skew     : 1.018
            Info (332181): Slack           : 5.382
Info (332115): Worst-case slack is 5.063 for "set_max_skew -from [get_keepers {*rx_epoch_controller:U_rx_epoch_controller|handshake:transfer|source_holding[*]}] -to [get_keepers {*rx_epoch_controller:U_rx_epoch_controller|control_rx[*]}] 6.400 "
    Info (332181): Skew for the Latest Arrival
        Info (332181): Path #153: Slack is 5.063 
            Info (332181): Latest Path Arrival
                Info (332115): From Node          : bladerf_core:U_core|rx_epoch_controller:U_rx_epoch_controller|handshake:transfer|source_holding[16]
                Info (332115): To Node            : bladerf_core:U_core|rx_epoch_controller:U_rx_epoch_controller|control_rx[16]
                Info (332115): Launch Clock       : U_core|U_system_pll|altera_pll_i|general[0].gpll~PLL_OUTPUT_COUNTER|divclk
                Info (332115): Latch Clock        : U_core|U_nios_system|axi_ad9361_0|i_dev_if|i_rx|i_altlvds_rx|auto_generated|pll_sclk~PLL_OUTPUT_COUNTER|divclk
                Info (332115): Data Arrival Time  : 5.131
                Info (332115): Clock Arrival Time : 4.617
                Info (332115): Relative Delay     : 0.514
                Info (332115): Data Arrival Path:
                Info (332115): Total (ns)  Incr (ns)     Type  Element
                Info (332115): ==========  ========= ==  ====  ===================================
                Info (332115):      3.328      3.328  R        clock network delay
                Info (332115):      3.328      0.000     uTco  bladerf_core:U_core|rx_epoch_controller:U_rx_epoch_controller|handshake:transfer|source_holding[16]
                Info (332115):      3.328      0.000 RR  CELL  U_core|U_rx_epoch_controller|transfer|source_holding[16]|q
                Info (332115):      4.168      0.840 RR    IC  U_core|U_rx_epoch_controller|control_rx[16]~feeder|datab
                Info (332115):      4.825      0.657 RR  CELL  U_core|U_rx_epoch_controller|control_rx[16]~feeder|combout
                Info (332115):      4.825      0.000 RR    IC  U_core|U_rx_epoch_controller|control_rx[16]|d
                Info (332115):      5.131      0.306 RR  CELL  bladerf_core:U_core|rx_epoch_controller:U_rx_epoch_controller|control_rx[16]
                Info (332115): Clock Arrival Path:
                Info (332115): Total (ns)  Incr (ns)     Type  Element
                Info (332115): ==========  ========= ==  ====  ===================================
                Info (332115):      4.777      4.777  R        clock network delay
                Info (332115):      4.617     -0.160           clock uncertainty
                Info (332115):      4.617      0.000     uTsu  bladerf_core:U_core|rx_epoch_controller:U_rx_epoch_controller|control_rx[16]
            Info (332181): Earliest Path Arrival
                Info (332115): From Node          : bladerf_core:U_core|rx_epoch_controller:U_rx_epoch_controller|handshake:transfer|source_holding[1]
                Info (332115): To Node            : bladerf_core:U_core|rx_epoch_controller:U_rx_epoch_controller|control_rx[1]
                Info (332115): Launch Clock       : U_core|U_system_pll|altera_pll_i|general[0].gpll~PLL_OUTPUT_COUNTER|divclk
                Info (332115): Latch Clock        : U_core|U_nios_system|axi_ad9361_0|i_dev_if|i_rx|i_altlvds_rx|auto_generated|pll_sclk~PLL_OUTPUT_COUNTER|divclk
                Info (332115): Data Arrival Time  : 2.847
                Info (332115): Clock Arrival Time : 6.499
                Info (332115): Relative Delay     : -3.652
                Info (332115): Data Arrival Path:
                Info (332115): Total (ns)  Incr (ns)     Type  Element
                Info (332115): ==========  ========= ==  ====  ===================================
                Info (332115):      1.785      1.785  R        clock network delay
                Info (332115):      1.785      0.000     uTco  bladerf_core:U_core|rx_epoch_controller:U_rx_epoch_controller|handshake:transfer|source_holding[1]
                Info (332115):      1.785      0.000 RR  CELL  U_core|U_rx_epoch_controller|transfer|source_holding[1]|q
                Info (332115):      2.704      0.919 RR    IC  U_core|U_rx_epoch_controller|control_rx[1]~feeder|dataf
                Info (332115):      2.765      0.061 RR  CELL  U_core|U_rx_epoch_controller|control_rx[1]~feeder|combout
                Info (332115):      2.765      0.000 RR    IC  U_core|U_rx_epoch_controller|control_rx[1]|d
                Info (332115):      2.847      0.082 RR  CELL  bladerf_core:U_core|rx_epoch_controller:U_rx_epoch_controller|control_rx[1]
                Info (332115): Clock Arrival Path:
                Info (332115): Total (ns)  Incr (ns)     Type  Element
                Info (332115): ==========  ========= ==  ====  ===================================
                Info (332115):      6.339      6.339  R        clock network delay
                Info (332115):      6.499      0.160           clock uncertainty
                Info (332115):      6.499      0.000      uTh  bladerf_core:U_core|rx_epoch_controller:U_rx_epoch_controller|control_rx[1]
            Info (332181): Cross Path Clock Pessimism Removed : 2.829
            Info (332181): Required Skew   : 6.400
            Info (332181): Actual Skew     : 1.337
            Info (332181): Slack           : 5.063
        Info (332181): Path #154: Slack is 5.119 
            Info (332181): Latest Path Arrival
                Info (332115): From Node          : bladerf_core:U_core|rx_epoch_controller:U_rx_epoch_controller|handshake:transfer|source_holding[9]
                Info (332115): To Node            : bladerf_core:U_core|rx_epoch_controller:U_rx_epoch_controller|control_rx[9]
                Info (332115): Launch Clock       : U_core|U_system_pll|altera_pll_i|general[0].gpll~PLL_OUTPUT_COUNTER|divclk
                Info (332115): Latch Clock        : U_core|U_nios_system|axi_ad9361_0|i_dev_if|i_rx|i_altlvds_rx|auto_generated|pll_sclk~PLL_OUTPUT_COUNTER|divclk
                Info (332115): Data Arrival Time  : 5.018
                Info (332115): Clock Arrival Time : 4.586
                Info (332115): Relative Delay     : 0.432
                Info (332115): Data Arrival Path:
                Info (332115): Total (ns)  Incr (ns)     Type  Element
                Info (332115): ==========  ========= ==  ====  ===================================
                Info (332115):      3.349      3.349  R        clock network delay
                Info (332115):      3.349      0.000     uTco  bladerf_core:U_core|rx_epoch_controller:U_rx_epoch_controller|handshake:transfer|source_holding[9]
                Info (332115):      3.349      0.000 FF  CELL  U_core|U_rx_epoch_controller|transfer|source_holding[9]|q
                Info (332115):      4.154      0.805 FF    IC  U_core|U_rx_epoch_controller|control_rx[9]~feeder|datac
                Info (332115):      4.711      0.557 FF  CELL  U_core|U_rx_epoch_controller|control_rx[9]~feeder|combout
                Info (332115):      4.711      0.000 FF    IC  U_core|U_rx_epoch_controller|control_rx[9]|d
                Info (332115):      5.018      0.307 FF  CELL  bladerf_core:U_core|rx_epoch_controller:U_rx_epoch_controller|control_rx[9]
                Info (332115): Clock Arrival Path:
                Info (332115): Total (ns)  Incr (ns)     Type  Element
                Info (332115): ==========  ========= ==  ====  ===================================
                Info (332115):      4.746      4.746  R        clock network delay
                Info (332115):      4.586     -0.160           clock uncertainty
                Info (332115):      4.586      0.000     uTsu  bladerf_core:U_core|rx_epoch_controller:U_rx_epoch_controller|control_rx[9]
            Info (332181): Earliest Path Arrival
                Info (332115): From Node          : bladerf_core:U_core|rx_epoch_controller:U_rx_epoch_controller|handshake:transfer|source_holding[2]
                Info (332115): To Node            : bladerf_core:U_core|rx_epoch_controller:U_rx_epoch_controller|control_rx[2]
                Info (332115): Launch Clock       : U_core|U_system_pll|altera_pll_i|general[0].gpll~PLL_OUTPUT_COUNTER|divclk
                Info (332115): Latch Clock        : U_core|U_nios_system|axi_ad9361_0|i_dev_if|i_rx|i_altlvds_rx|auto_generated|pll_sclk~PLL_OUTPUT_COUNTER|divclk
                Info (332115): Data Arrival Time  : 2.846
                Info (332115): Clock Arrival Time : 6.524
                Info (332115): Relative Delay     : -3.678
                Info (332115): Data Arrival Path:
                Info (332115): Total (ns)  Incr (ns)     Type  Element
                Info (332115): ==========  ========= ==  ====  ===================================
                Info (332115):      1.791      1.791  R        clock network delay
                Info (332115):      1.791      0.000     uTco  bladerf_core:U_core|rx_epoch_controller:U_rx_epoch_controller|handshake:transfer|source_holding[2]
                Info (332115):      1.791      0.000 RR  CELL  U_core|U_rx_epoch_controller|transfer|source_holding[2]|q
                Info (332115):      2.524      0.733 RR    IC  U_core|U_rx_epoch_controller|control_rx[2]|asdata
                Info (332115):      2.846      0.322 RR  CELL  bladerf_core:U_core|rx_epoch_controller:U_rx_epoch_controller|control_rx[2]
                Info (332115): Clock Arrival Path:
                Info (332115): Total (ns)  Incr (ns)     Type  Element
                Info (332115): ==========  ========= ==  ====  ===================================
                Info (332115):      6.364      6.364  R        clock network delay
                Info (332115):      6.524      0.160           clock uncertainty
                Info (332115):      6.524      0.000      uTh  bladerf_core:U_core|rx_epoch_controller:U_rx_epoch_controller|control_rx[2]
            Info (332181): Cross Path Clock Pessimism Removed : 2.829
            Info (332181): Required Skew   : 6.400
            Info (332181): Actual Skew     : 1.281
            Info (332181): Slack           : 5.119
        Info (332181): Path #155: Slack is 5.142 
            Info (332181): Latest Path Arrival
                Info (332115): From Node          : bladerf_core:U_core|rx_epoch_controller:U_rx_epoch_controller|handshake:transfer|source_holding[14]
                Info (332115): To Node            : bladerf_core:U_core|rx_epoch_controller:U_rx_epoch_controller|control_rx[14]
                Info (332115): Launch Clock       : U_core|U_system_pll|altera_pll_i|general[0].gpll~PLL_OUTPUT_COUNTER|divclk
                Info (332115): Latch Clock        : U_core|U_nios_system|axi_ad9361_0|i_dev_if|i_rx|i_altlvds_rx|auto_generated|pll_sclk~PLL_OUTPUT_COUNTER|divclk
                Info (332115): Data Arrival Time  : 4.990
                Info (332115): Clock Arrival Time : 4.581
                Info (332115): Relative Delay     : 0.409
                Info (332115): Data Arrival Path:
                Info (332115): Total (ns)  Incr (ns)     Type  Element
                Info (332115): ==========  ========= ==  ====  ===================================
                Info (332115):      3.324      3.324  R        clock network delay
                Info (332115):      3.324      0.000     uTco  bladerf_core:U_core|rx_epoch_controller:U_rx_epoch_controller|handshake:transfer|source_holding[14]
                Info (332115):      3.324      0.000 FF  CELL  U_core|U_rx_epoch_controller|transfer|source_holding[14]|q
                Info (332115):      4.126      0.802 FF    IC  U_core|U_rx_epoch_controller|control_rx[14]~feeder|datac
                Info (332115):      4.683      0.557 FF  CELL  U_core|U_rx_epoch_controller|control_rx[14]~feeder|combout
                Info (332115):      4.683      0.000 FF    IC  U_core|U_rx_epoch_controller|control_rx[14]|d
                Info (332115):      4.990      0.307 FF  CELL  bladerf_core:U_core|rx_epoch_controller:U_rx_epoch_controller|control_rx[14]
                Info (332115): Clock Arrival Path:
                Info (332115): Total (ns)  Incr (ns)     Type  Element
                Info (332115): ==========  ========= ==  ====  ===================================
                Info (332115):      4.741      4.741  R        clock network delay
                Info (332115):      4.581     -0.160           clock uncertainty
                Info (332115):      4.581      0.000     uTsu  bladerf_core:U_core|rx_epoch_controller:U_rx_epoch_controller|control_rx[14]
            Info (332181): Earliest Path Arrival
                Info (332115): From Node          : bladerf_core:U_core|rx_epoch_controller:U_rx_epoch_controller|handshake:transfer|source_holding[2]
                Info (332115): To Node            : bladerf_core:U_core|rx_epoch_controller:U_rx_epoch_controller|control_rx[2]
                Info (332115): Launch Clock       : U_core|U_system_pll|altera_pll_i|general[0].gpll~PLL_OUTPUT_COUNTER|divclk
                Info (332115): Latch Clock        : U_core|U_nios_system|axi_ad9361_0|i_dev_if|i_rx|i_altlvds_rx|auto_generated|pll_sclk~PLL_OUTPUT_COUNTER|divclk
                Info (332115): Data Arrival Time  : 2.846
                Info (332115): Clock Arrival Time : 6.524
                Info (332115): Relative Delay     : -3.678
                Info (332115): Data Arrival Path:
                Info (332115): Total (ns)  Incr (ns)     Type  Element
                Info (332115): ==========  ========= ==  ====  ===================================
                Info (332115):      1.791      1.791  R        clock network delay
                Info (332115):      1.791      0.000     uTco  bladerf_core:U_core|rx_epoch_controller:U_rx_epoch_controller|handshake:transfer|source_holding[2]
                Info (332115):      1.791      0.000 RR  CELL  U_core|U_rx_epoch_controller|transfer|source_holding[2]|q
                Info (332115):      2.524      0.733 RR    IC  U_core|U_rx_epoch_controller|control_rx[2]|asdata
                Info (332115):      2.846      0.322 RR  CELL  bladerf_core:U_core|rx_epoch_controller:U_rx_epoch_controller|control_rx[2]
                Info (332115): Clock Arrival Path:
                Info (332115): Total (ns)  Incr (ns)     Type  Element
                Info (332115): ==========  ========= ==  ====  ===================================
                Info (332115):      6.364      6.364  R        clock network delay
                Info (332115):      6.524      0.160           clock uncertainty
                Info (332115):      6.524      0.000      uTh  bladerf_core:U_core|rx_epoch_controller:U_rx_epoch_controller|control_rx[2]
            Info (332181): Cross Path Clock Pessimism Removed : 2.829
            Info (332181): Required Skew   : 6.400
            Info (332181): Actual Skew     : 1.258
            Info (332181): Slack           : 5.142
        Info (332181): Path #156: Slack is 5.198 
            Info (332181): Latest Path Arrival
                Info (332115): From Node          : bladerf_core:U_core|rx_epoch_controller:U_rx_epoch_controller|handshake:transfer|source_holding[15]
                Info (332115): To Node            : bladerf_core:U_core|rx_epoch_controller:U_rx_epoch_controller|control_rx[15]
                Info (332115): Launch Clock       : U_core|U_system_pll|altera_pll_i|general[0].gpll~PLL_OUTPUT_COUNTER|divclk
                Info (332115): Latch Clock        : U_core|U_nios_system|axi_ad9361_0|i_dev_if|i_rx|i_altlvds_rx|auto_generated|pll_sclk~PLL_OUTPUT_COUNTER|divclk
                Info (332115): Data Arrival Time  : 4.940
                Info (332115): Clock Arrival Time : 4.587
                Info (332115): Relative Delay     : 0.353
                Info (332115): Data Arrival Path:
                Info (332115): Total (ns)  Incr (ns)     Type  Element
                Info (332115): ==========  ========= ==  ====  ===================================
                Info (332115):      3.326      3.326  R        clock network delay
                Info (332115):      3.326      0.000     uTco  bladerf_core:U_core|rx_epoch_controller:U_rx_epoch_controller|handshake:transfer|source_holding[15]
                Info (332115):      3.326      0.000 FF  CELL  U_core|U_rx_epoch_controller|transfer|source_holding[15]|q
                Info (332115):      4.082      0.756 FF    IC  U_core|U_rx_epoch_controller|control_rx[15]~feeder|datac
                Info (332115):      4.634      0.552 FF  CELL  U_core|U_rx_epoch_controller|control_rx[15]~feeder|combout
                Info (332115):      4.634      0.000 FF    IC  U_core|U_rx_epoch_controller|control_rx[15]|d
                Info (332115):      4.940      0.306 FF  CELL  bladerf_core:U_core|rx_epoch_controller:U_rx_epoch_controller|control_rx[15]
                Info (332115): Clock Arrival Path:
                Info (332115): Total (ns)  Incr (ns)     Type  Element
                Info (332115): ==========  ========= ==  ====  ===================================
                Info (332115):      4.747      4.747  R        clock network delay
                Info (332115):      4.587     -0.160           clock uncertainty
                Info (332115):      4.587      0.000     uTsu  bladerf_core:U_core|rx_epoch_controller:U_rx_epoch_controller|control_rx[15]
            Info (332181): Earliest Path Arrival
                Info (332115): From Node          : bladerf_core:U_core|rx_epoch_controller:U_rx_epoch_controller|handshake:transfer|source_holding[2]
                Info (332115): To Node            : bladerf_core:U_core|rx_epoch_controller:U_rx_epoch_controller|control_rx[2]
                Info (332115): Launch Clock       : U_core|U_system_pll|altera_pll_i|general[0].gpll~PLL_OUTPUT_COUNTER|divclk
                Info (332115): Latch Clock        : U_core|U_nios_system|axi_ad9361_0|i_dev_if|i_rx|i_altlvds_rx|auto_generated|pll_sclk~PLL_OUTPUT_COUNTER|divclk
                Info (332115): Data Arrival Time  : 2.846
                Info (332115): Clock Arrival Time : 6.524
                Info (332115): Relative Delay     : -3.678
                Info (332115): Data Arrival Path:
                Info (332115): Total (ns)  Incr (ns)     Type  Element
                Info (332115): ==========  ========= ==  ====  ===================================
                Info (332115):      1.791      1.791  R        clock network delay
                Info (332115):      1.791      0.000     uTco  bladerf_core:U_core|rx_epoch_controller:U_rx_epoch_controller|handshake:transfer|source_holding[2]
                Info (332115):      1.791      0.000 RR  CELL  U_core|U_rx_epoch_controller|transfer|source_holding[2]|q
                Info (332115):      2.524      0.733 RR    IC  U_core|U_rx_epoch_controller|control_rx[2]|asdata
                Info (332115):      2.846      0.322 RR  CELL  bladerf_core:U_core|rx_epoch_controller:U_rx_epoch_controller|control_rx[2]
                Info (332115): Clock Arrival Path:
                Info (332115): Total (ns)  Incr (ns)     Type  Element
                Info (332115): ==========  ========= ==  ====  ===================================
                Info (332115):      6.364      6.364  R        clock network delay
                Info (332115):      6.524      0.160           clock uncertainty
                Info (332115):      6.524      0.000      uTh  bladerf_core:U_core|rx_epoch_controller:U_rx_epoch_controller|control_rx[2]
            Info (332181): Cross Path Clock Pessimism Removed : 2.829
            Info (332181): Required Skew   : 6.400
            Info (332181): Actual Skew     : 1.202
            Info (332181): Slack           : 5.198
    Info (332181): Skew for the Earliest Arrival
        Info (332181): Path #157: Slack is 5.063 
            Info (332181): Latest Path Arrival
                Info (332115): From Node          : bladerf_core:U_core|rx_epoch_controller:U_rx_epoch_controller|handshake:transfer|source_holding[16]
                Info (332115): To Node            : bladerf_core:U_core|rx_epoch_controller:U_rx_epoch_controller|control_rx[16]
                Info (332115): Launch Clock       : U_core|U_system_pll|altera_pll_i|general[0].gpll~PLL_OUTPUT_COUNTER|divclk
                Info (332115): Latch Clock        : U_core|U_nios_system|axi_ad9361_0|i_dev_if|i_rx|i_altlvds_rx|auto_generated|pll_sclk~PLL_OUTPUT_COUNTER|divclk
                Info (332115): Data Arrival Time  : 5.131
                Info (332115): Clock Arrival Time : 4.617
                Info (332115): Relative Delay     : 0.514
                Info (332115): Data Arrival Path:
                Info (332115): Total (ns)  Incr (ns)     Type  Element
                Info (332115): ==========  ========= ==  ====  ===================================
                Info (332115):      3.328      3.328  R        clock network delay
                Info (332115):      3.328      0.000     uTco  bladerf_core:U_core|rx_epoch_controller:U_rx_epoch_controller|handshake:transfer|source_holding[16]
                Info (332115):      3.328      0.000 RR  CELL  U_core|U_rx_epoch_controller|transfer|source_holding[16]|q
                Info (332115):      4.168      0.840 RR    IC  U_core|U_rx_epoch_controller|control_rx[16]~feeder|datab
                Info (332115):      4.825      0.657 RR  CELL  U_core|U_rx_epoch_controller|control_rx[16]~feeder|combout
                Info (332115):      4.825      0.000 RR    IC  U_core|U_rx_epoch_controller|control_rx[16]|d
                Info (332115):      5.131      0.306 RR  CELL  bladerf_core:U_core|rx_epoch_controller:U_rx_epoch_controller|control_rx[16]
                Info (332115): Clock Arrival Path:
                Info (332115): Total (ns)  Incr (ns)     Type  Element
                Info (332115): ==========  ========= ==  ====  ===================================
                Info (332115):      4.777      4.777  R        clock network delay
                Info (332115):      4.617     -0.160           clock uncertainty
                Info (332115):      4.617      0.000     uTsu  bladerf_core:U_core|rx_epoch_controller:U_rx_epoch_controller|control_rx[16]
            Info (332181): Earliest Path Arrival
                Info (332115): From Node          : bladerf_core:U_core|rx_epoch_controller:U_rx_epoch_controller|handshake:transfer|source_holding[1]
                Info (332115): To Node            : bladerf_core:U_core|rx_epoch_controller:U_rx_epoch_controller|control_rx[1]
                Info (332115): Launch Clock       : U_core|U_system_pll|altera_pll_i|general[0].gpll~PLL_OUTPUT_COUNTER|divclk
                Info (332115): Latch Clock        : U_core|U_nios_system|axi_ad9361_0|i_dev_if|i_rx|i_altlvds_rx|auto_generated|pll_sclk~PLL_OUTPUT_COUNTER|divclk
                Info (332115): Data Arrival Time  : 2.847
                Info (332115): Clock Arrival Time : 6.499
                Info (332115): Relative Delay     : -3.652
                Info (332115): Data Arrival Path:
                Info (332115): Total (ns)  Incr (ns)     Type  Element
                Info (332115): ==========  ========= ==  ====  ===================================
                Info (332115):      1.785      1.785  R        clock network delay
                Info (332115):      1.785      0.000     uTco  bladerf_core:U_core|rx_epoch_controller:U_rx_epoch_controller|handshake:transfer|source_holding[1]
                Info (332115):      1.785      0.000 RR  CELL  U_core|U_rx_epoch_controller|transfer|source_holding[1]|q
                Info (332115):      2.704      0.919 RR    IC  U_core|U_rx_epoch_controller|control_rx[1]~feeder|dataf
                Info (332115):      2.765      0.061 RR  CELL  U_core|U_rx_epoch_controller|control_rx[1]~feeder|combout
                Info (332115):      2.765      0.000 RR    IC  U_core|U_rx_epoch_controller|control_rx[1]|d
                Info (332115):      2.847      0.082 RR  CELL  bladerf_core:U_core|rx_epoch_controller:U_rx_epoch_controller|control_rx[1]
                Info (332115): Clock Arrival Path:
                Info (332115): Total (ns)  Incr (ns)     Type  Element
                Info (332115): ==========  ========= ==  ====  ===================================
                Info (332115):      6.339      6.339  R        clock network delay
                Info (332115):      6.499      0.160           clock uncertainty
                Info (332115):      6.499      0.000      uTh  bladerf_core:U_core|rx_epoch_controller:U_rx_epoch_controller|control_rx[1]
            Info (332181): Cross Path Clock Pessimism Removed : 2.829
            Info (332181): Required Skew   : 6.400
            Info (332181): Actual Skew     : 1.337
            Info (332181): Slack           : 5.063
        Info (332181): Path #158: Slack is 5.064 
            Info (332181): Latest Path Arrival
                Info (332115): From Node          : bladerf_core:U_core|rx_epoch_controller:U_rx_epoch_controller|handshake:transfer|source_holding[16]
                Info (332115): To Node            : bladerf_core:U_core|rx_epoch_controller:U_rx_epoch_controller|control_rx[16]
                Info (332115): Launch Clock       : U_core|U_system_pll|altera_pll_i|general[0].gpll~PLL_OUTPUT_COUNTER|divclk
                Info (332115): Latch Clock        : U_core|U_nios_system|axi_ad9361_0|i_dev_if|i_rx|i_altlvds_rx|auto_generated|pll_sclk~PLL_OUTPUT_COUNTER|divclk
                Info (332115): Data Arrival Time  : 5.131
                Info (332115): Clock Arrival Time : 4.617
                Info (332115): Relative Delay     : 0.514
                Info (332115): Data Arrival Path:
                Info (332115): Total (ns)  Incr (ns)     Type  Element
                Info (332115): ==========  ========= ==  ====  ===================================
                Info (332115):      3.328      3.328  R        clock network delay
                Info (332115):      3.328      0.000     uTco  bladerf_core:U_core|rx_epoch_controller:U_rx_epoch_controller|handshake:transfer|source_holding[16]
                Info (332115):      3.328      0.000 RR  CELL  U_core|U_rx_epoch_controller|transfer|source_holding[16]|q
                Info (332115):      4.168      0.840 RR    IC  U_core|U_rx_epoch_controller|control_rx[16]~feeder|datab
                Info (332115):      4.825      0.657 RR  CELL  U_core|U_rx_epoch_controller|control_rx[16]~feeder|combout
                Info (332115):      4.825      0.000 RR    IC  U_core|U_rx_epoch_controller|control_rx[16]|d
                Info (332115):      5.131      0.306 RR  CELL  bladerf_core:U_core|rx_epoch_controller:U_rx_epoch_controller|control_rx[16]
                Info (332115): Clock Arrival Path:
                Info (332115): Total (ns)  Incr (ns)     Type  Element
                Info (332115): ==========  ========= ==  ====  ===================================
                Info (332115):      4.777      4.777  R        clock network delay
                Info (332115):      4.617     -0.160           clock uncertainty
                Info (332115):      4.617      0.000     uTsu  bladerf_core:U_core|rx_epoch_controller:U_rx_epoch_controller|control_rx[16]
            Info (332181): Earliest Path Arrival
                Info (332115): From Node          : bladerf_core:U_core|rx_epoch_controller:U_rx_epoch_controller|handshake:transfer|source_holding[11]
                Info (332115): To Node            : bladerf_core:U_core|rx_epoch_controller:U_rx_epoch_controller|control_rx[11]
                Info (332115): Launch Clock       : U_core|U_system_pll|altera_pll_i|general[0].gpll~PLL_OUTPUT_COUNTER|divclk
                Info (332115): Latch Clock        : U_core|U_nios_system|axi_ad9361_0|i_dev_if|i_rx|i_altlvds_rx|auto_generated|pll_sclk~PLL_OUTPUT_COUNTER|divclk
                Info (332115): Data Arrival Time  : 2.848
                Info (332115): Clock Arrival Time : 6.499
                Info (332115): Relative Delay     : -3.651
                Info (332115): Data Arrival Path:
                Info (332115): Total (ns)  Incr (ns)     Type  Element
                Info (332115): ==========  ========= ==  ====  ===================================
                Info (332115):      1.814      1.814  R        clock network delay
                Info (332115):      1.814      0.000     uTco  bladerf_core:U_core|rx_epoch_controller:U_rx_epoch_controller|handshake:transfer|source_holding[11]
                Info (332115):      1.814      0.000 FF  CELL  U_core|U_rx_epoch_controller|transfer|source_holding[11]|q
                Info (332115):      2.256      0.442 FF    IC  U_core|U_rx_epoch_controller|control_rx[11]~feeder|dataa
                Info (332115):      2.764      0.508 FF  CELL  U_core|U_rx_epoch_controller|control_rx[11]~feeder|combout
                Info (332115):      2.764      0.000 FF    IC  U_core|U_rx_epoch_controller|control_rx[11]|d
                Info (332115):      2.848      0.084 FF  CELL  bladerf_core:U_core|rx_epoch_controller:U_rx_epoch_controller|control_rx[11]
                Info (332115): Clock Arrival Path:
                Info (332115): Total (ns)  Incr (ns)     Type  Element
                Info (332115): ==========  ========= ==  ====  ===================================
                Info (332115):      6.339      6.339  R        clock network delay
                Info (332115):      6.499      0.160           clock uncertainty
                Info (332115):      6.499      0.000      uTh  bladerf_core:U_core|rx_epoch_controller:U_rx_epoch_controller|control_rx[11]
            Info (332181): Cross Path Clock Pessimism Removed : 2.829
            Info (332181): Required Skew   : 6.400
            Info (332181): Actual Skew     : 1.336
            Info (332181): Slack           : 5.064
        Info (332181): Path #159: Slack is 5.085 
            Info (332181): Latest Path Arrival
                Info (332115): From Node          : bladerf_core:U_core|rx_epoch_controller:U_rx_epoch_controller|handshake:transfer|source_holding[16]
                Info (332115): To Node            : bladerf_core:U_core|rx_epoch_controller:U_rx_epoch_controller|control_rx[16]
                Info (332115): Launch Clock       : U_core|U_system_pll|altera_pll_i|general[0].gpll~PLL_OUTPUT_COUNTER|divclk
                Info (332115): Latch Clock        : U_core|U_nios_system|axi_ad9361_0|i_dev_if|i_rx|i_altlvds_rx|auto_generated|pll_sclk~PLL_OUTPUT_COUNTER|divclk
                Info (332115): Data Arrival Time  : 5.131
                Info (332115): Clock Arrival Time : 4.617
                Info (332115): Relative Delay     : 0.514
                Info (332115): Data Arrival Path:
                Info (332115): Total (ns)  Incr (ns)     Type  Element
                Info (332115): ==========  ========= ==  ====  ===================================
                Info (332115):      3.328      3.328  R        clock network delay
                Info (332115):      3.328      0.000     uTco  bladerf_core:U_core|rx_epoch_controller:U_rx_epoch_controller|handshake:transfer|source_holding[16]
                Info (332115):      3.328      0.000 RR  CELL  U_core|U_rx_epoch_controller|transfer|source_holding[16]|q
                Info (332115):      4.168      0.840 RR    IC  U_core|U_rx_epoch_controller|control_rx[16]~feeder|datab
                Info (332115):      4.825      0.657 RR  CELL  U_core|U_rx_epoch_controller|control_rx[16]~feeder|combout
                Info (332115):      4.825      0.000 RR    IC  U_core|U_rx_epoch_controller|control_rx[16]|d
                Info (332115):      5.131      0.306 RR  CELL  bladerf_core:U_core|rx_epoch_controller:U_rx_epoch_controller|control_rx[16]
                Info (332115): Clock Arrival Path:
                Info (332115): Total (ns)  Incr (ns)     Type  Element
                Info (332115): ==========  ========= ==  ====  ===================================
                Info (332115):      4.777      4.777  R        clock network delay
                Info (332115):      4.617     -0.160           clock uncertainty
                Info (332115):      4.617      0.000     uTsu  bladerf_core:U_core|rx_epoch_controller:U_rx_epoch_controller|control_rx[16]
            Info (332181): Earliest Path Arrival
                Info (332115): From Node          : bladerf_core:U_core|rx_epoch_controller:U_rx_epoch_controller|handshake:transfer|source_holding[2]
                Info (332115): To Node            : bladerf_core:U_core|rx_epoch_controller:U_rx_epoch_controller|control_rx[2]
                Info (332115): Launch Clock       : U_core|U_system_pll|altera_pll_i|general[0].gpll~PLL_OUTPUT_COUNTER|divclk
                Info (332115): Latch Clock        : U_core|U_nios_system|axi_ad9361_0|i_dev_if|i_rx|i_altlvds_rx|auto_generated|pll_sclk~PLL_OUTPUT_COUNTER|divclk
                Info (332115): Data Arrival Time  : 2.846
                Info (332115): Clock Arrival Time : 6.524
                Info (332115): Relative Delay     : -3.678
                Info (332115): Data Arrival Path:
                Info (332115): Total (ns)  Incr (ns)     Type  Element
                Info (332115): ==========  ========= ==  ====  ===================================
                Info (332115):      1.791      1.791  R        clock network delay
                Info (332115):      1.791      0.000     uTco  bladerf_core:U_core|rx_epoch_controller:U_rx_epoch_controller|handshake:transfer|source_holding[2]
                Info (332115):      1.791      0.000 RR  CELL  U_core|U_rx_epoch_controller|transfer|source_holding[2]|q
                Info (332115):      2.524      0.733 RR    IC  U_core|U_rx_epoch_controller|control_rx[2]|asdata
                Info (332115):      2.846      0.322 RR  CELL  bladerf_core:U_core|rx_epoch_controller:U_rx_epoch_controller|control_rx[2]
                Info (332115): Clock Arrival Path:
                Info (332115): Total (ns)  Incr (ns)     Type  Element
                Info (332115): ==========  ========= ==  ====  ===================================
                Info (332115):      6.364      6.364  R        clock network delay
                Info (332115):      6.524      0.160           clock uncertainty
                Info (332115):      6.524      0.000      uTh  bladerf_core:U_core|rx_epoch_controller:U_rx_epoch_controller|control_rx[2]
            Info (332181): Cross Path Clock Pessimism Removed : 2.877
            Info (332181): Required Skew   : 6.400
            Info (332181): Actual Skew     : 1.315
            Info (332181): Slack           : 5.085
        Info (332181): Path #160: Slack is 5.113 
            Info (332181): Latest Path Arrival
                Info (332115): From Node          : bladerf_core:U_core|rx_epoch_controller:U_rx_epoch_controller|handshake:transfer|source_holding[16]
                Info (332115): To Node            : bladerf_core:U_core|rx_epoch_controller:U_rx_epoch_controller|control_rx[16]
                Info (332115): Launch Clock       : U_core|U_system_pll|altera_pll_i|general[0].gpll~PLL_OUTPUT_COUNTER|divclk
                Info (332115): Latch Clock        : U_core|U_nios_system|axi_ad9361_0|i_dev_if|i_rx|i_altlvds_rx|auto_generated|pll_sclk~PLL_OUTPUT_COUNTER|divclk
                Info (332115): Data Arrival Time  : 5.131
                Info (332115): Clock Arrival Time : 4.617
                Info (332115): Relative Delay     : 0.514
                Info (332115): Data Arrival Path:
                Info (332115): Total (ns)  Incr (ns)     Type  Element
                Info (332115): ==========  ========= ==  ====  ===================================
                Info (332115):      3.328      3.328  R        clock network delay
                Info (332115):      3.328      0.000     uTco  bladerf_core:U_core|rx_epoch_controller:U_rx_epoch_controller|handshake:transfer|source_holding[16]
                Info (332115):      3.328      0.000 RR  CELL  U_core|U_rx_epoch_controller|transfer|source_holding[16]|q
                Info (332115):      4.168      0.840 RR    IC  U_core|U_rx_epoch_controller|control_rx[16]~feeder|datab
                Info (332115):      4.825      0.657 RR  CELL  U_core|U_rx_epoch_controller|control_rx[16]~feeder|combout
                Info (332115):      4.825      0.000 RR    IC  U_core|U_rx_epoch_controller|control_rx[16]|d
                Info (332115):      5.131      0.306 RR  CELL  bladerf_core:U_core|rx_epoch_controller:U_rx_epoch_controller|control_rx[16]
                Info (332115): Clock Arrival Path:
                Info (332115): Total (ns)  Incr (ns)     Type  Element
                Info (332115): ==========  ========= ==  ====  ===================================
                Info (332115):      4.777      4.777  R        clock network delay
                Info (332115):      4.617     -0.160           clock uncertainty
                Info (332115):      4.617      0.000     uTsu  bladerf_core:U_core|rx_epoch_controller:U_rx_epoch_controller|control_rx[16]
            Info (332181): Earliest Path Arrival
                Info (332115): From Node          : bladerf_core:U_core|rx_epoch_controller:U_rx_epoch_controller|handshake:transfer|source_holding[13]
                Info (332115): To Node            : bladerf_core:U_core|rx_epoch_controller:U_rx_epoch_controller|control_rx[13]
                Info (332115): Launch Clock       : U_core|U_system_pll|altera_pll_i|general[0].gpll~PLL_OUTPUT_COUNTER|divclk
                Info (332115): Latch Clock        : U_core|U_nios_system|axi_ad9361_0|i_dev_if|i_rx|i_altlvds_rx|auto_generated|pll_sclk~PLL_OUTPUT_COUNTER|divclk
                Info (332115): Data Arrival Time  : 2.903
                Info (332115): Clock Arrival Time : 6.505
                Info (332115): Relative Delay     : -3.602
                Info (332115): Data Arrival Path:
                Info (332115): Total (ns)  Incr (ns)     Type  Element
                Info (332115): ==========  ========= ==  ====  ===================================
                Info (332115):      1.812      1.812  R        clock network delay
                Info (332115):      1.812      0.000     uTco  bladerf_core:U_core|rx_epoch_controller:U_rx_epoch_controller|handshake:transfer|source_holding[13]
                Info (332115):      1.812      0.000 FF  CELL  U_core|U_rx_epoch_controller|transfer|source_holding[13]|q
                Info (332115):      2.429      0.617 FF    IC  U_core|U_rx_epoch_controller|control_rx[13]~feeder|datac
                Info (332115):      2.820      0.391 FF  CELL  U_core|U_rx_epoch_controller|control_rx[13]~feeder|combout
                Info (332115):      2.820      0.000 FF    IC  U_core|U_rx_epoch_controller|control_rx[13]|d
                Info (332115):      2.903      0.083 FF  CELL  bladerf_core:U_core|rx_epoch_controller:U_rx_epoch_controller|control_rx[13]
                Info (332115): Clock Arrival Path:
                Info (332115): Total (ns)  Incr (ns)     Type  Element
                Info (332115): ==========  ========= ==  ====  ===================================
                Info (332115):      6.345      6.345  R        clock network delay
                Info (332115):      6.505      0.160           clock uncertainty
                Info (332115):      6.505      0.000      uTh  bladerf_core:U_core|rx_epoch_controller:U_rx_epoch_controller|control_rx[13]
            Info (332181): Cross Path Clock Pessimism Removed : 2.829
            Info (332181): Required Skew   : 6.400
            Info (332181): Actual Skew     : 1.287
            Info (332181): Slack           : 5.113
Info (332115): Worst-case slack is 5.133 for "set_max_skew -from [get_keepers {*U_rx_fault_causes_handshake|source_holding[*]}] -to [get_keepers {*bladerf_core:*|rx_fault_causes_sys[*]}] 6.400 "
    Info (332181): Skew for the Latest Arrival
        Info (332181): Path #161: Slack is 5.133 
            Info (332181): Latest Path Arrival
                Info (332115): From Node          : bladerf_core:U_core|handshake:U_rx_fault_causes_handshake|source_holding[4]
                Info (332115): To Node            : bladerf_core:U_core|rx_fault_causes_sys[4]
                Info (332115): Launch Clock       : U_core|U_nios_system|axi_ad9361_0|i_dev_if|i_rx|i_altlvds_rx|auto_generated|pll_sclk~PLL_OUTPUT_COUNTER|divclk
                Info (332115): Latch Clock        : U_core|U_system_pll|altera_pll_i|general[0].gpll~PLL_OUTPUT_COUNTER|divclk
                Info (332115): Data Arrival Time  : 7.961
                Info (332115): Clock Arrival Time : 1.605
                Info (332115): Relative Delay     : 6.356
                Info (332115): Data Arrival Path:
                Info (332115): Total (ns)  Incr (ns)     Type  Element
                Info (332115): ==========  ========= ==  ====  ===================================
                Info (332115):      6.351      6.351  R        clock network delay
                Info (332115):      6.351      0.000     uTco  bladerf_core:U_core|handshake:U_rx_fault_causes_handshake|source_holding[4]
                Info (332115):      6.351      0.000 FF  CELL  U_core|U_rx_fault_causes_handshake|source_holding[4]|q
                Info (332115):      7.260      0.909 FF    IC  U_core|rx_fault_causes_sys[4]|asdata
                Info (332115):      7.961      0.701 FF  CELL  bladerf_core:U_core|rx_fault_causes_sys[4]
                Info (332115): Clock Arrival Path:
                Info (332115): Total (ns)  Incr (ns)     Type  Element
                Info (332115): ==========  ========= ==  ====  ===================================
                Info (332115):      1.765      1.765  R        clock network delay
                Info (332115):      1.605     -0.160           clock uncertainty
                Info (332115):      1.605      0.000     uTsu  bladerf_core:U_core|rx_fault_causes_sys[4]
            Info (332181): Earliest Path Arrival
                Info (332115): From Node          : bladerf_core:U_core|handshake:U_rx_fault_causes_handshake|source_holding[1]
                Info (332115): To Node            : bladerf_core:U_core|rx_fault_causes_sys[1]
                Info (332115): Launch Clock       : U_core|U_nios_system|axi_ad9361_0|i_dev_if|i_rx|i_altlvds_rx|auto_generated|pll_sclk~PLL_OUTPUT_COUNTER|divclk
                Info (332115): Latch Clock        : U_core|U_system_pll|altera_pll_i|general[0].gpll~PLL_OUTPUT_COUNTER|divclk
                Info (332115): Data Arrival Time  : 5.678
                Info (332115): Clock Arrival Time : 3.470
                Info (332115): Relative Delay     : 2.208
                Info (332115): Data Arrival Path:
                Info (332115): Total (ns)  Incr (ns)     Type  Element
                Info (332115): ==========  ========= ==  ====  ===================================
                Info (332115):      4.758      4.758  R        clock network delay
                Info (332115):      4.758      0.000     uTco  bladerf_core:U_core|handshake:U_rx_fault_causes_handshake|source_holding[1]
                Info (332115):      4.758      0.000 FF  CELL  U_core|U_rx_fault_causes_handshake|source_holding[1]|q
                Info (332115):      5.076      0.318 FF    IC  U_core|rx_fault_causes_sys[1]~feeder|datab
                Info (332115):      5.596      0.520 FF  CELL  U_core|rx_fault_causes_sys[1]~feeder|combout
                Info (332115):      5.596      0.000 FF    IC  U_core|rx_fault_causes_sys[1]|d
                Info (332115):      5.678      0.082 FF  CELL  bladerf_core:U_core|rx_fault_causes_sys[1]
                Info (332115): Clock Arrival Path:
                Info (332115): Total (ns)  Incr (ns)     Type  Element
                Info (332115): ==========  ========= ==  ====  ===================================
                Info (332115):      3.310      3.310  R        clock network delay
                Info (332115):      3.470      0.160           clock uncertainty
                Info (332115):      3.470      0.000      uTh  bladerf_core:U_core|rx_fault_causes_sys[1]
            Info (332181): Cross Path Clock Pessimism Removed : 2.881
            Info (332181): Required Skew   : 6.400
            Info (332181): Actual Skew     : 1.267
            Info (332181): Slack           : 5.133
        Info (332181): Path #162: Slack is 5.279 
            Info (332181): Latest Path Arrival
                Info (332115): From Node          : bladerf_core:U_core|handshake:U_rx_fault_causes_handshake|source_holding[2]
                Info (332115): To Node            : bladerf_core:U_core|rx_fault_causes_sys[2]
                Info (332115): Launch Clock       : U_core|U_nios_system|axi_ad9361_0|i_dev_if|i_rx|i_altlvds_rx|auto_generated|pll_sclk~PLL_OUTPUT_COUNTER|divclk
                Info (332115): Latch Clock        : U_core|U_system_pll|altera_pll_i|general[0].gpll~PLL_OUTPUT_COUNTER|divclk
                Info (332115): Data Arrival Time  : 7.820
                Info (332115): Clock Arrival Time : 1.610
                Info (332115): Relative Delay     : 6.210
                Info (332115): Data Arrival Path:
                Info (332115): Total (ns)  Incr (ns)     Type  Element
                Info (332115): ==========  ========= ==  ====  ===================================
                Info (332115):      6.351      6.351  R        clock network delay
                Info (332115):      6.351      0.000     uTco  bladerf_core:U_core|handshake:U_rx_fault_causes_handshake|source_holding[2]
                Info (332115):      6.351      0.000 RR  CELL  U_core|U_rx_fault_causes_handshake|source_holding[2]|q
                Info (332115):      7.100      0.749 RR    IC  U_core|rx_fault_causes_sys[2]|asdata
                Info (332115):      7.820      0.720 RR  CELL  bladerf_core:U_core|rx_fault_causes_sys[2]
                Info (332115): Clock Arrival Path:
                Info (332115): Total (ns)  Incr (ns)     Type  Element
                Info (332115): ==========  ========= ==  ====  ===================================
                Info (332115):      1.770      1.770  R        clock network delay
                Info (332115):      1.610     -0.160           clock uncertainty
                Info (332115):      1.610      0.000     uTsu  bladerf_core:U_core|rx_fault_causes_sys[2]
            Info (332181): Earliest Path Arrival
                Info (332115): From Node          : bladerf_core:U_core|handshake:U_rx_fault_causes_handshake|source_holding[1]
                Info (332115): To Node            : bladerf_core:U_core|rx_fault_causes_sys[1]
                Info (332115): Launch Clock       : U_core|U_nios_system|axi_ad9361_0|i_dev_if|i_rx|i_altlvds_rx|auto_generated|pll_sclk~PLL_OUTPUT_COUNTER|divclk
                Info (332115): Latch Clock        : U_core|U_system_pll|altera_pll_i|general[0].gpll~PLL_OUTPUT_COUNTER|divclk
                Info (332115): Data Arrival Time  : 5.678
                Info (332115): Clock Arrival Time : 3.470
                Info (332115): Relative Delay     : 2.208
                Info (332115): Data Arrival Path:
                Info (332115): Total (ns)  Incr (ns)     Type  Element
                Info (332115): ==========  ========= ==  ====  ===================================
                Info (332115):      4.758      4.758  R        clock network delay
                Info (332115):      4.758      0.000     uTco  bladerf_core:U_core|handshake:U_rx_fault_causes_handshake|source_holding[1]
                Info (332115):      4.758      0.000 FF  CELL  U_core|U_rx_fault_causes_handshake|source_holding[1]|q
                Info (332115):      5.076      0.318 FF    IC  U_core|rx_fault_causes_sys[1]~feeder|datab
                Info (332115):      5.596      0.520 FF  CELL  U_core|rx_fault_causes_sys[1]~feeder|combout
                Info (332115):      5.596      0.000 FF    IC  U_core|rx_fault_causes_sys[1]|d
                Info (332115):      5.678      0.082 FF  CELL  bladerf_core:U_core|rx_fault_causes_sys[1]
                Info (332115): Clock Arrival Path:
                Info (332115): Total (ns)  Incr (ns)     Type  Element
                Info (332115): ==========  ========= ==  ====  ===================================
                Info (332115):      3.310      3.310  R        clock network delay
                Info (332115):      3.470      0.160           clock uncertainty
                Info (332115):      3.470      0.000      uTh  bladerf_core:U_core|rx_fault_causes_sys[1]
            Info (332181): Cross Path Clock Pessimism Removed : 2.881
            Info (332181): Required Skew   : 6.400
            Info (332181): Actual Skew     : 1.121
            Info (332181): Slack           : 5.279
        Info (332181): Path #163: Slack is 5.331 
            Info (332181): Latest Path Arrival
                Info (332115): From Node          : bladerf_core:U_core|handshake:U_rx_fault_causes_handshake|source_holding[0]
                Info (332115): To Node            : bladerf_core:U_core|rx_fault_causes_sys[0]
                Info (332115): Launch Clock       : U_core|U_nios_system|axi_ad9361_0|i_dev_if|i_rx|i_altlvds_rx|auto_generated|pll_sclk~PLL_OUTPUT_COUNTER|divclk
                Info (332115): Latch Clock        : U_core|U_system_pll|altera_pll_i|general[0].gpll~PLL_OUTPUT_COUNTER|divclk
                Info (332115): Data Arrival Time  : 7.763
                Info (332115): Clock Arrival Time : 1.605
                Info (332115): Relative Delay     : 6.158
                Info (332115): Data Arrival Path:
                Info (332115): Total (ns)  Incr (ns)     Type  Element
                Info (332115): ==========  ========= ==  ====  ===================================
                Info (332115):      6.349      6.349  R        clock network delay
                Info (332115):      6.349      0.000     uTco  bladerf_core:U_core|handshake:U_rx_fault_causes_handshake|source_holding[0]
                Info (332115):      6.349      0.000 FF  CELL  U_core|U_rx_fault_causes_handshake|source_holding[0]|q
                Info (332115):      7.375      1.026 FF    IC  U_core|rx_fault_causes_sys[0]~feeder|dataf
                Info (332115):      7.459      0.084 FF  CELL  U_core|rx_fault_causes_sys[0]~feeder|combout
                Info (332115):      7.459      0.000 FF    IC  U_core|rx_fault_causes_sys[0]|d
                Info (332115):      7.763      0.304 FF  CELL  bladerf_core:U_core|rx_fault_causes_sys[0]
                Info (332115): Clock Arrival Path:
                Info (332115): Total (ns)  Incr (ns)     Type  Element
                Info (332115): ==========  ========= ==  ====  ===================================
                Info (332115):      1.765      1.765  R        clock network delay
                Info (332115):      1.605     -0.160           clock uncertainty
                Info (332115):      1.605      0.000     uTsu  bladerf_core:U_core|rx_fault_causes_sys[0]
            Info (332181): Earliest Path Arrival
                Info (332115): From Node          : bladerf_core:U_core|handshake:U_rx_fault_causes_handshake|source_holding[1]
                Info (332115): To Node            : bladerf_core:U_core|rx_fault_causes_sys[1]
                Info (332115): Launch Clock       : U_core|U_nios_system|axi_ad9361_0|i_dev_if|i_rx|i_altlvds_rx|auto_generated|pll_sclk~PLL_OUTPUT_COUNTER|divclk
                Info (332115): Latch Clock        : U_core|U_system_pll|altera_pll_i|general[0].gpll~PLL_OUTPUT_COUNTER|divclk
                Info (332115): Data Arrival Time  : 5.678
                Info (332115): Clock Arrival Time : 3.470
                Info (332115): Relative Delay     : 2.208
                Info (332115): Data Arrival Path:
                Info (332115): Total (ns)  Incr (ns)     Type  Element
                Info (332115): ==========  ========= ==  ====  ===================================
                Info (332115):      4.758      4.758  R        clock network delay
                Info (332115):      4.758      0.000     uTco  bladerf_core:U_core|handshake:U_rx_fault_causes_handshake|source_holding[1]
                Info (332115):      4.758      0.000 FF  CELL  U_core|U_rx_fault_causes_handshake|source_holding[1]|q
                Info (332115):      5.076      0.318 FF    IC  U_core|rx_fault_causes_sys[1]~feeder|datab
                Info (332115):      5.596      0.520 FF  CELL  U_core|rx_fault_causes_sys[1]~feeder|combout
                Info (332115):      5.596      0.000 FF    IC  U_core|rx_fault_causes_sys[1]|d
                Info (332115):      5.678      0.082 FF  CELL  bladerf_core:U_core|rx_fault_causes_sys[1]
                Info (332115): Clock Arrival Path:
                Info (332115): Total (ns)  Incr (ns)     Type  Element
                Info (332115): ==========  ========= ==  ====  ===================================
                Info (332115):      3.310      3.310  R        clock network delay
                Info (332115):      3.470      0.160           clock uncertainty
                Info (332115):      3.470      0.000      uTh  bladerf_core:U_core|rx_fault_causes_sys[1]
            Info (332181): Cross Path Clock Pessimism Removed : 2.881
            Info (332181): Required Skew   : 6.400
            Info (332181): Actual Skew     : 1.069
            Info (332181): Slack           : 5.331
        Info (332181): Path #164: Slack is 5.452 
            Info (332181): Latest Path Arrival
                Info (332115): From Node          : bladerf_core:U_core|handshake:U_rx_fault_causes_handshake|source_holding[1]
                Info (332115): To Node            : bladerf_core:U_core|rx_fault_causes_sys[1]
                Info (332115): Launch Clock       : U_core|U_nios_system|axi_ad9361_0|i_dev_if|i_rx|i_altlvds_rx|auto_generated|pll_sclk~PLL_OUTPUT_COUNTER|divclk
                Info (332115): Latch Clock        : U_core|U_system_pll|altera_pll_i|general[0].gpll~PLL_OUTPUT_COUNTER|divclk
                Info (332115): Data Arrival Time  : 7.717
                Info (332115): Clock Arrival Time : 1.610
                Info (332115): Relative Delay     : 6.107
                Info (332115): Data Arrival Path:
                Info (332115): Total (ns)  Incr (ns)     Type  Element
                Info (332115): ==========  ========= ==  ====  ===================================
                Info (332115):      6.349      6.349  R        clock network delay
                Info (332115):      6.349      0.000     uTco  bladerf_core:U_core|handshake:U_rx_fault_causes_handshake|source_holding[1]
                Info (332115):      6.349      0.000 RR  CELL  U_core|U_rx_fault_causes_handshake|source_holding[1]|q
                Info (332115):      6.764      0.415 RR    IC  U_core|rx_fault_causes_sys[1]~feeder|datab
                Info (332115):      7.413      0.649 RR  CELL  U_core|rx_fault_causes_sys[1]~feeder|combout
                Info (332115):      7.413      0.000 RR    IC  U_core|rx_fault_causes_sys[1]|d
                Info (332115):      7.717      0.304 RR  CELL  bladerf_core:U_core|rx_fault_causes_sys[1]
                Info (332115): Clock Arrival Path:
                Info (332115): Total (ns)  Incr (ns)     Type  Element
                Info (332115): ==========  ========= ==  ====  ===================================
                Info (332115):      1.770      1.770  R        clock network delay
                Info (332115):      1.610     -0.160           clock uncertainty
                Info (332115):      1.610      0.000     uTsu  bladerf_core:U_core|rx_fault_causes_sys[1]
            Info (332181): Earliest Path Arrival
                Info (332115): From Node          : bladerf_core:U_core|handshake:U_rx_fault_causes_handshake|source_holding[0]
                Info (332115): To Node            : bladerf_core:U_core|rx_fault_causes_sys[0]
                Info (332115): Launch Clock       : U_core|U_nios_system|axi_ad9361_0|i_dev_if|i_rx|i_altlvds_rx|auto_generated|pll_sclk~PLL_OUTPUT_COUNTER|divclk
                Info (332115): Latch Clock        : U_core|U_system_pll|altera_pll_i|general[0].gpll~PLL_OUTPUT_COUNTER|divclk
                Info (332115): Data Arrival Time  : 5.742
                Info (332115): Clock Arrival Time : 3.464
                Info (332115): Relative Delay     : 2.278
                Info (332115): Data Arrival Path:
                Info (332115): Total (ns)  Incr (ns)     Type  Element
                Info (332115): ==========  ========= ==  ====  ===================================
                Info (332115):      4.758      4.758  R        clock network delay
                Info (332115):      4.758      0.000     uTco  bladerf_core:U_core|handshake:U_rx_fault_causes_handshake|source_holding[0]
                Info (332115):      4.758      0.000 FF  CELL  U_core|U_rx_fault_causes_handshake|source_holding[0]|q
                Info (332115):      5.607      0.849 FF    IC  U_core|rx_fault_causes_sys[0]~feeder|dataf
                Info (332115):      5.661      0.054 FF  CELL  U_core|rx_fault_causes_sys[0]~feeder|combout
                Info (332115):      5.661      0.000 FF    IC  U_core|rx_fault_causes_sys[0]|d
                Info (332115):      5.742      0.081 FF  CELL  bladerf_core:U_core|rx_fault_causes_sys[0]
                Info (332115): Clock Arrival Path:
                Info (332115): Total (ns)  Incr (ns)     Type  Element
                Info (332115): ==========  ========= ==  ====  ===================================
                Info (332115):      3.304      3.304  R        clock network delay
                Info (332115):      3.464      0.160           clock uncertainty
                Info (332115):      3.464      0.000      uTh  bladerf_core:U_core|rx_fault_causes_sys[0]
            Info (332181): Cross Path Clock Pessimism Removed : 2.881
            Info (332181): Required Skew   : 6.400
            Info (332181): Actual Skew     : 0.948
            Info (332181): Slack           : 5.452
    Info (332181): Skew for the Earliest Arrival
        Info (332181): Path #165: Slack is 5.133 
            Info (332181): Latest Path Arrival
                Info (332115): From Node          : bladerf_core:U_core|handshake:U_rx_fault_causes_handshake|source_holding[4]
                Info (332115): To Node            : bladerf_core:U_core|rx_fault_causes_sys[4]
                Info (332115): Launch Clock       : U_core|U_nios_system|axi_ad9361_0|i_dev_if|i_rx|i_altlvds_rx|auto_generated|pll_sclk~PLL_OUTPUT_COUNTER|divclk
                Info (332115): Latch Clock        : U_core|U_system_pll|altera_pll_i|general[0].gpll~PLL_OUTPUT_COUNTER|divclk
                Info (332115): Data Arrival Time  : 7.961
                Info (332115): Clock Arrival Time : 1.605
                Info (332115): Relative Delay     : 6.356
                Info (332115): Data Arrival Path:
                Info (332115): Total (ns)  Incr (ns)     Type  Element
                Info (332115): ==========  ========= ==  ====  ===================================
                Info (332115):      6.351      6.351  R        clock network delay
                Info (332115):      6.351      0.000     uTco  bladerf_core:U_core|handshake:U_rx_fault_causes_handshake|source_holding[4]
                Info (332115):      6.351      0.000 FF  CELL  U_core|U_rx_fault_causes_handshake|source_holding[4]|q
                Info (332115):      7.260      0.909 FF    IC  U_core|rx_fault_causes_sys[4]|asdata
                Info (332115):      7.961      0.701 FF  CELL  bladerf_core:U_core|rx_fault_causes_sys[4]
                Info (332115): Clock Arrival Path:
                Info (332115): Total (ns)  Incr (ns)     Type  Element
                Info (332115): ==========  ========= ==  ====  ===================================
                Info (332115):      1.765      1.765  R        clock network delay
                Info (332115):      1.605     -0.160           clock uncertainty
                Info (332115):      1.605      0.000     uTsu  bladerf_core:U_core|rx_fault_causes_sys[4]
            Info (332181): Earliest Path Arrival
                Info (332115): From Node          : bladerf_core:U_core|handshake:U_rx_fault_causes_handshake|source_holding[1]
                Info (332115): To Node            : bladerf_core:U_core|rx_fault_causes_sys[1]
                Info (332115): Launch Clock       : U_core|U_nios_system|axi_ad9361_0|i_dev_if|i_rx|i_altlvds_rx|auto_generated|pll_sclk~PLL_OUTPUT_COUNTER|divclk
                Info (332115): Latch Clock        : U_core|U_system_pll|altera_pll_i|general[0].gpll~PLL_OUTPUT_COUNTER|divclk
                Info (332115): Data Arrival Time  : 5.678
                Info (332115): Clock Arrival Time : 3.470
                Info (332115): Relative Delay     : 2.208
                Info (332115): Data Arrival Path:
                Info (332115): Total (ns)  Incr (ns)     Type  Element
                Info (332115): ==========  ========= ==  ====  ===================================
                Info (332115):      4.758      4.758  R        clock network delay
                Info (332115):      4.758      0.000     uTco  bladerf_core:U_core|handshake:U_rx_fault_causes_handshake|source_holding[1]
                Info (332115):      4.758      0.000 FF  CELL  U_core|U_rx_fault_causes_handshake|source_holding[1]|q
                Info (332115):      5.076      0.318 FF    IC  U_core|rx_fault_causes_sys[1]~feeder|datab
                Info (332115):      5.596      0.520 FF  CELL  U_core|rx_fault_causes_sys[1]~feeder|combout
                Info (332115):      5.596      0.000 FF    IC  U_core|rx_fault_causes_sys[1]|d
                Info (332115):      5.678      0.082 FF  CELL  bladerf_core:U_core|rx_fault_causes_sys[1]
                Info (332115): Clock Arrival Path:
                Info (332115): Total (ns)  Incr (ns)     Type  Element
                Info (332115): ==========  ========= ==  ====  ===================================
                Info (332115):      3.310      3.310  R        clock network delay
                Info (332115):      3.470      0.160           clock uncertainty
                Info (332115):      3.470      0.000      uTh  bladerf_core:U_core|rx_fault_causes_sys[1]
            Info (332181): Cross Path Clock Pessimism Removed : 2.881
            Info (332181): Required Skew   : 6.400
            Info (332181): Actual Skew     : 1.267
            Info (332181): Slack           : 5.133
        Info (332181): Path #166: Slack is 5.203 
            Info (332181): Latest Path Arrival
                Info (332115): From Node          : bladerf_core:U_core|handshake:U_rx_fault_causes_handshake|source_holding[4]
                Info (332115): To Node            : bladerf_core:U_core|rx_fault_causes_sys[4]
                Info (332115): Launch Clock       : U_core|U_nios_system|axi_ad9361_0|i_dev_if|i_rx|i_altlvds_rx|auto_generated|pll_sclk~PLL_OUTPUT_COUNTER|divclk
                Info (332115): Latch Clock        : U_core|U_system_pll|altera_pll_i|general[0].gpll~PLL_OUTPUT_COUNTER|divclk
                Info (332115): Data Arrival Time  : 7.961
                Info (332115): Clock Arrival Time : 1.605
                Info (332115): Relative Delay     : 6.356
                Info (332115): Data Arrival Path:
                Info (332115): Total (ns)  Incr (ns)     Type  Element
                Info (332115): ==========  ========= ==  ====  ===================================
                Info (332115):      6.351      6.351  R        clock network delay
                Info (332115):      6.351      0.000     uTco  bladerf_core:U_core|handshake:U_rx_fault_causes_handshake|source_holding[4]
                Info (332115):      6.351      0.000 FF  CELL  U_core|U_rx_fault_causes_handshake|source_holding[4]|q
                Info (332115):      7.260      0.909 FF    IC  U_core|rx_fault_causes_sys[4]|asdata
                Info (332115):      7.961      0.701 FF  CELL  bladerf_core:U_core|rx_fault_causes_sys[4]
                Info (332115): Clock Arrival Path:
                Info (332115): Total (ns)  Incr (ns)     Type  Element
                Info (332115): ==========  ========= ==  ====  ===================================
                Info (332115):      1.765      1.765  R        clock network delay
                Info (332115):      1.605     -0.160           clock uncertainty
                Info (332115):      1.605      0.000     uTsu  bladerf_core:U_core|rx_fault_causes_sys[4]
            Info (332181): Earliest Path Arrival
                Info (332115): From Node          : bladerf_core:U_core|handshake:U_rx_fault_causes_handshake|source_holding[0]
                Info (332115): To Node            : bladerf_core:U_core|rx_fault_causes_sys[0]
                Info (332115): Launch Clock       : U_core|U_nios_system|axi_ad9361_0|i_dev_if|i_rx|i_altlvds_rx|auto_generated|pll_sclk~PLL_OUTPUT_COUNTER|divclk
                Info (332115): Latch Clock        : U_core|U_system_pll|altera_pll_i|general[0].gpll~PLL_OUTPUT_COUNTER|divclk
                Info (332115): Data Arrival Time  : 5.742
                Info (332115): Clock Arrival Time : 3.464
                Info (332115): Relative Delay     : 2.278
                Info (332115): Data Arrival Path:
                Info (332115): Total (ns)  Incr (ns)     Type  Element
                Info (332115): ==========  ========= ==  ====  ===================================
                Info (332115):      4.758      4.758  R        clock network delay
                Info (332115):      4.758      0.000     uTco  bladerf_core:U_core|handshake:U_rx_fault_causes_handshake|source_holding[0]
                Info (332115):      4.758      0.000 FF  CELL  U_core|U_rx_fault_causes_handshake|source_holding[0]|q
                Info (332115):      5.607      0.849 FF    IC  U_core|rx_fault_causes_sys[0]~feeder|dataf
                Info (332115):      5.661      0.054 FF  CELL  U_core|rx_fault_causes_sys[0]~feeder|combout
                Info (332115):      5.661      0.000 FF    IC  U_core|rx_fault_causes_sys[0]|d
                Info (332115):      5.742      0.081 FF  CELL  bladerf_core:U_core|rx_fault_causes_sys[0]
                Info (332115): Clock Arrival Path:
                Info (332115): Total (ns)  Incr (ns)     Type  Element
                Info (332115): ==========  ========= ==  ====  ===================================
                Info (332115):      3.304      3.304  R        clock network delay
                Info (332115):      3.464      0.160           clock uncertainty
                Info (332115):      3.464      0.000      uTh  bladerf_core:U_core|rx_fault_causes_sys[0]
            Info (332181): Cross Path Clock Pessimism Removed : 2.881
            Info (332181): Required Skew   : 6.400
            Info (332181): Actual Skew     : 1.197
            Info (332181): Slack           : 5.203
        Info (332181): Path #167: Slack is 5.245 
            Info (332181): Latest Path Arrival
                Info (332115): From Node          : bladerf_core:U_core|handshake:U_rx_fault_causes_handshake|source_holding[4]
                Info (332115): To Node            : bladerf_core:U_core|rx_fault_causes_sys[4]
                Info (332115): Launch Clock       : U_core|U_nios_system|axi_ad9361_0|i_dev_if|i_rx|i_altlvds_rx|auto_generated|pll_sclk~PLL_OUTPUT_COUNTER|divclk
                Info (332115): Latch Clock        : U_core|U_system_pll|altera_pll_i|general[0].gpll~PLL_OUTPUT_COUNTER|divclk
                Info (332115): Data Arrival Time  : 7.961
                Info (332115): Clock Arrival Time : 1.605
                Info (332115): Relative Delay     : 6.356
                Info (332115): Data Arrival Path:
                Info (332115): Total (ns)  Incr (ns)     Type  Element
                Info (332115): ==========  ========= ==  ====  ===================================
                Info (332115):      6.351      6.351  R        clock network delay
                Info (332115):      6.351      0.000     uTco  bladerf_core:U_core|handshake:U_rx_fault_causes_handshake|source_holding[4]
                Info (332115):      6.351      0.000 FF  CELL  U_core|U_rx_fault_causes_handshake|source_holding[4]|q
                Info (332115):      7.260      0.909 FF    IC  U_core|rx_fault_causes_sys[4]|asdata
                Info (332115):      7.961      0.701 FF  CELL  bladerf_core:U_core|rx_fault_causes_sys[4]
                Info (332115): Clock Arrival Path:
                Info (332115): Total (ns)  Incr (ns)     Type  Element
                Info (332115): ==========  ========= ==  ====  ===================================
                Info (332115):      1.765      1.765  R        clock network delay
                Info (332115):      1.605     -0.160           clock uncertainty
                Info (332115):      1.605      0.000     uTsu  bladerf_core:U_core|rx_fault_causes_sys[4]
            Info (332181): Earliest Path Arrival
                Info (332115): From Node          : bladerf_core:U_core|handshake:U_rx_fault_causes_handshake|source_holding[2]
                Info (332115): To Node            : bladerf_core:U_core|rx_fault_causes_sys[2]
                Info (332115): Launch Clock       : U_core|U_nios_system|axi_ad9361_0|i_dev_if|i_rx|i_altlvds_rx|auto_generated|pll_sclk~PLL_OUTPUT_COUNTER|divclk
                Info (332115): Latch Clock        : U_core|U_system_pll|altera_pll_i|general[0].gpll~PLL_OUTPUT_COUNTER|divclk
                Info (332115): Data Arrival Time  : 5.790
                Info (332115): Clock Arrival Time : 3.470
                Info (332115): Relative Delay     : 2.320
                Info (332115): Data Arrival Path:
                Info (332115): Total (ns)  Incr (ns)     Type  Element
                Info (332115): ==========  ========= ==  ====  ===================================
                Info (332115):      4.759      4.759  R        clock network delay
                Info (332115):      4.759      0.000     uTco  bladerf_core:U_core|handshake:U_rx_fault_causes_handshake|source_holding[2]
                Info (332115):      4.759      0.000 FF  CELL  U_core|U_rx_fault_causes_handshake|source_holding[2]|q
                Info (332115):      5.356      0.597 FF    IC  U_core|rx_fault_causes_sys[2]|asdata
                Info (332115):      5.790      0.434 FF  CELL  bladerf_core:U_core|rx_fault_causes_sys[2]
                Info (332115): Clock Arrival Path:
                Info (332115): Total (ns)  Incr (ns)     Type  Element
                Info (332115): ==========  ========= ==  ====  ===================================
                Info (332115):      3.310      3.310  R        clock network delay
                Info (332115):      3.470      0.160           clock uncertainty
                Info (332115):      3.470      0.000      uTh  bladerf_core:U_core|rx_fault_causes_sys[2]
            Info (332181): Cross Path Clock Pessimism Removed : 2.881
            Info (332181): Required Skew   : 6.400
            Info (332181): Actual Skew     : 1.155
            Info (332181): Slack           : 5.245
        Info (332181): Path #168: Slack is 5.445 
            Info (332181): Latest Path Arrival
                Info (332115): From Node          : bladerf_core:U_core|handshake:U_rx_fault_causes_handshake|source_holding[2]
                Info (332115): To Node            : bladerf_core:U_core|rx_fault_causes_sys[2]
                Info (332115): Launch Clock       : U_core|U_nios_system|axi_ad9361_0|i_dev_if|i_rx|i_altlvds_rx|auto_generated|pll_sclk~PLL_OUTPUT_COUNTER|divclk
                Info (332115): Latch Clock        : U_core|U_system_pll|altera_pll_i|general[0].gpll~PLL_OUTPUT_COUNTER|divclk
                Info (332115): Data Arrival Time  : 7.820
                Info (332115): Clock Arrival Time : 1.610
                Info (332115): Relative Delay     : 6.210
                Info (332115): Data Arrival Path:
                Info (332115): Total (ns)  Incr (ns)     Type  Element
                Info (332115): ==========  ========= ==  ====  ===================================
                Info (332115):      6.351      6.351  R        clock network delay
                Info (332115):      6.351      0.000     uTco  bladerf_core:U_core|handshake:U_rx_fault_causes_handshake|source_holding[2]
                Info (332115):      6.351      0.000 RR  CELL  U_core|U_rx_fault_causes_handshake|source_holding[2]|q
                Info (332115):      7.100      0.749 RR    IC  U_core|rx_fault_causes_sys[2]|asdata
                Info (332115):      7.820      0.720 RR  CELL  bladerf_core:U_core|rx_fault_causes_sys[2]
                Info (332115): Clock Arrival Path:
                Info (332115): Total (ns)  Incr (ns)     Type  Element
                Info (332115): ==========  ========= ==  ====  ===================================
                Info (332115):      1.770      1.770  R        clock network delay
                Info (332115):      1.610     -0.160           clock uncertainty
                Info (332115):      1.610      0.000     uTsu  bladerf_core:U_core|rx_fault_causes_sys[2]
            Info (332181): Earliest Path Arrival
                Info (332115): From Node          : bladerf_core:U_core|handshake:U_rx_fault_causes_handshake|source_holding[4]
                Info (332115): To Node            : bladerf_core:U_core|rx_fault_causes_sys[4]
                Info (332115): Launch Clock       : U_core|U_nios_system|axi_ad9361_0|i_dev_if|i_rx|i_altlvds_rx|auto_generated|pll_sclk~PLL_OUTPUT_COUNTER|divclk
                Info (332115): Latch Clock        : U_core|U_system_pll|altera_pll_i|general[0].gpll~PLL_OUTPUT_COUNTER|divclk
                Info (332115): Data Arrival Time  : 5.838
                Info (332115): Clock Arrival Time : 3.464
                Info (332115): Relative Delay     : 2.374
                Info (332115): Data Arrival Path:
                Info (332115): Total (ns)  Incr (ns)     Type  Element
                Info (332115): ==========  ========= ==  ====  ===================================
                Info (332115):      4.759      4.759  R        clock network delay
                Info (332115):      4.759      0.000     uTco  bladerf_core:U_core|handshake:U_rx_fault_causes_handshake|source_holding[4]
                Info (332115):      4.759      0.000 RR  CELL  U_core|U_rx_fault_causes_handshake|source_holding[4]|q
                Info (332115):      5.504      0.745 RR    IC  U_core|rx_fault_causes_sys[4]|asdata
                Info (332115):      5.838      0.334 RR  CELL  bladerf_core:U_core|rx_fault_causes_sys[4]
                Info (332115): Clock Arrival Path:
                Info (332115): Total (ns)  Incr (ns)     Type  Element
                Info (332115): ==========  ========= ==  ====  ===================================
                Info (332115):      3.304      3.304  R        clock network delay
                Info (332115):      3.464      0.160           clock uncertainty
                Info (332115):      3.464      0.000      uTh  bladerf_core:U_core|rx_fault_causes_sys[4]
            Info (332181): Cross Path Clock Pessimism Removed : 2.881
            Info (332181): Required Skew   : 6.400
            Info (332181): Actual Skew     : 0.955
            Info (332181): Slack           : 5.445
ADC_XFER all four RX bundles paired: PASS
Info (23030): Evaluation of Tcl script /home/bonho/projects/bladerf/hdl/quartus/report_adc_xfer_cdc.tcl was successful
Info: Quartus Prime Timing Analyzer was successful. 0 errors, 16 warnings
    Info: Peak virtual memory: 916 megabytes
    Info: Processing ended: Thu Oct  8 01:12:38 2026
    Info: Elapsed time: 00:00:07
    Info: Total CPU time (on all processors): 00:00:07
