Info: *******************************************************************
Info: Running Quartus Prime Timing Analyzer
    Info: Version 25.1std.0 Build 1129 10/21/2025 SC Standard Edition
    Info: Copyright (C) 2025  Altera Corporation. All rights reserved.
    Info: Your use of Altera Corporation's design tools, logic functions 
    Info: and other software and tools, and any partner logic 
    Info: functions, and any output files from any of the foregoing 
    Info: (including device programming or simulation files), and any 
    Info: associated documentation or information are expressly subject 
    Info: to the terms and conditions of the Altera Program License 
    Info: Subscription Agreement, the Altera Quartus Prime License Agreement,
    Info: the Altera IP License Agreement, or other applicable license
    Info: agreement, including, without limitation, that your use is for
    Info: the sole purpose of programming logic devices manufactured by
    Info: Altera and sold by Altera or its authorized distributors.  Please
    Info: refer to the Altera Software License Subscription Agreements 
    Info: on the Quartus Prime software download page.
    Info: Processing started: Thu Oct  8 01:57:54 2026
Info: Command: quartus_sta --64bit -t ../../report_adc_xfer_cdc.tcl
Info (20030): Parallel compilation is enabled and will use 4 of the 4 processors detected
Info (21076): High junction temperature operating condition is not set. Assuming a default value of '85'.
Info (21076): Low junction temperature operating condition is not set. Assuming a default value of '0'.
Info (332164): Evaluating HDL-embedded SDC commands
    Info (332165): Entity alt_jtag_atlantic
        Info (332166): set_false_path -from [get_registers {*|alt_jtag_atlantic:*|jupdate}] -to [get_registers {*|alt_jtag_atlantic:*|jupdate1*}] 
        Info (332166): set_false_path -from [get_registers {*|alt_jtag_atlantic:*|rdata[*]}] -to [get_registers {*|alt_jtag_atlantic*|td_shift[*]}]
        Info (332166): set_false_path -from [get_registers {*|alt_jtag_atlantic:*|rdata[*]}] -to [get_registers {*|alt_jtag_atlantic*|td_shift[*]}]
        Info (332166): set_false_path -from [get_registers {*|alt_jtag_atlantic:*|rdata[*]}] -to [get_registers {*|alt_jtag_atlantic*|td_shift[*]}]
        Info (332166): set_false_path -from [get_registers {*|alt_jtag_atlantic:*|rdata[*]}] -to [get_registers {*|alt_jtag_atlantic*|td_shift[*]}]
        Info (332166): set_false_path -from [get_registers {*|alt_jtag_atlantic:*|rdata[*]}] -to [get_registers {*|alt_jtag_atlantic*|td_shift[*]}]
        Info (332166): set_false_path -from [get_registers {*|alt_jtag_atlantic:*|rdata[*]}] -to [get_registers {*|alt_jtag_atlantic*|td_shift[*]}]
        Info (332166): set_false_path -from [get_registers {*|alt_jtag_atlantic:*|rdata[*]}] -to [get_registers {*|alt_jtag_atlantic*|td_shift[*]}]
        Info (332166): set_false_path -from [get_registers {*|alt_jtag_atlantic:*|rdata[*]}] -to [get_registers {*|alt_jtag_atlantic*|td_shift[*]}]
        Info (332166): set_false_path -from [get_registers {*|alt_jtag_atlantic:*|read}] -to [get_registers {*|alt_jtag_atlantic:*|read1*}] 
        Info (332166): set_false_path -from [get_registers {*|alt_jtag_atlantic:*|read_req}]
        Info (332166): set_false_path -from [get_registers {*|alt_jtag_atlantic:*|rvalid}] -to [get_registers {*|alt_jtag_atlantic*|td_shift[*]}]
        Info (332166): set_false_path -from [get_registers {*|t_dav}] -to [get_registers {*|alt_jtag_atlantic:*|tck_t_dav}]
        Info (332166): set_false_path -from [get_registers {*|alt_jtag_atlantic:*|user_saw_rvalid}] -to [get_registers {*|alt_jtag_atlantic:*|rvalid0*}]
        Info (332166): set_false_path -from [get_registers {*|alt_jtag_atlantic:*|wdata[*]}] -to [get_registers {*}]
        Info (332166): set_false_path -from [get_registers {*|alt_jtag_atlantic:*|wdata[*]}] -to [get_registers {*}]
        Info (332166): set_false_path -from [get_registers {*|alt_jtag_atlantic:*|wdata[*]}] -to [get_registers {*}]
        Info (332166): set_false_path -from [get_registers {*|alt_jtag_atlantic:*|wdata[*]}] -to [get_registers {*}]
        Info (332166): set_false_path -from [get_registers {*|alt_jtag_atlantic:*|wdata[*]}] -to [get_registers {*}]
        Info (332166): set_false_path -from [get_registers {*|alt_jtag_atlantic:*|wdata[*]}] -to [get_registers {*}]
        Info (332166): set_false_path -from [get_registers {*|alt_jtag_atlantic:*|wdata[*]}] -to [get_registers {*}]
        Info (332166): set_false_path -from [get_registers {*|alt_jtag_atlantic:*|wdata[*]}] -to [get_registers {*}]
        Info (332166): set_false_path -from [get_registers {*|alt_jtag_atlantic:*|write}] -to [get_registers {*|alt_jtag_atlantic:*|write1*}] 
        Info (332166): set_false_path -from [get_registers {*|alt_jtag_atlantic:*|write_stalled}] -to [get_registers {*|alt_jtag_atlantic:*|t_ena*}]
        Info (332166): set_false_path -from [get_registers {*|alt_jtag_atlantic:*|write_stalled}] -to [get_registers {*|alt_jtag_atlantic:*|t_pause*}]
        Info (332166): set_false_path -from [get_registers {*|alt_jtag_atlantic:*|write_valid}]
    Info (332165): Entity altera_std_synchronizer
        Info (332166): set_false_path -to [get_keepers {*altera_std_synchronizer:*|din_s1}]
    Info (332165): Entity common_dcfifo
        Info (332166): set_false_path -to [get_registers {*fifo_gen:U_dcfifo_mixed_widths|dcfifo_*:auto_generated|dffpipe_*:wraclr|dffe*a[0]}] 
    Info (332165): Entity dcfifo_0p92
        Info (332166): set_false_path -from *rdptr_g* -to *ws_dgrp|dffpipe_6f9:dffpipe12|dffe13a* 
        Info (332166): set_false_path -from *delayed_wrptr_g* -to *rs_dgwp|dffpipe_5f9:dffpipe9|dffe10a* 
    Info (332165): Entity dcfifo_bt92
        Info (332166): set_false_path -from *rdptr_g* -to *ws_dgrp|dffpipe_ve9:dffpipe17|dffe18a* 
        Info (332166): set_false_path -from *delayed_wrptr_g* -to *rs_dgwp|dffpipe_pe9:dffpipe13|dffe14a* 
    Info (332165): Entity dcfifo_ct92
        Info (332166): set_false_path -from *rdptr_g* -to *ws_dgrp|dffpipe_ue9:dffpipe19|dffe20a* 
        Info (332166): set_false_path -from *delayed_wrptr_g* -to *rs_dgwp|dffpipe_se9:dffpipe15|dffe16a* 
    Info (332165): Entity dcfifo_et92
        Info (332166): set_false_path -from *rdptr_g* -to *ws_dgrp|dffpipe_2f9:dffpipe18|dffe19a* 
        Info (332166): set_false_path -from *delayed_wrptr_g* -to *rs_dgwp|dffpipe_1f9:dffpipe15|dffe16a* 
    Info (332165): Entity dcfifo_mu92
        Info (332166): set_false_path -from *rdptr_g* -to *ws_dgrp|dffpipe_4f9:dffpipe15|dffe16a* 
        Info (332166): set_false_path -from *delayed_wrptr_g* -to *rs_dgwp|dffpipe_3f9:dffpipe12|dffe13a* 
    Info (332165): Entity reset_synchronizer
        Info (332166): set_false_path -to [get_pins -compatibility_mode -nowarn {*reset_synchronizer:*|*|clrn}] 
    Info (332165): Entity sld_hub
        Info (332166): create_clock -name altera_reserved_tck [get_ports {altera_reserved_tck}] -period 30MHz   
        Info (332166): if { [string equal quartus_fit $::TimeQuestInfo(nameofexecutable)] } { set_max_delay -to [get_ports { altera_reserved_tdo } ] 0 }
        Info (332166): set_clock_groups -asynchronous -group {altera_reserved_tck}
    Info (332165): Entity synchronizer
        Info (332166): set_false_path -to [get_registers {*synchronizer:*|reg0}] 
Info (332104): Reading SDC File: '../../../fpga/platforms/bladerf-micro/constraints/bladerf.sdc'
Info (332110): Deriving PLL clocks
    Info (332110): create_generated_clock -source {U_core|U_system_pll|altera_pll_i|general[0].gpll~FRACTIONAL_PLL|refclkin} -divide_by 6 -multiply_by 50 -duty_cycle 50.00 -name {U_core|U_system_pll|altera_pll_i|general[0].gpll~FRACTIONAL_PLL|vcoph[0]} {U_core|U_system_pll|altera_pll_i|general[0].gpll~FRACTIONAL_PLL|vcoph[0]}
    Info (332110): create_generated_clock -source {U_core|U_system_pll|altera_pll_i|general[0].gpll~PLL_OUTPUT_COUNTER|vco0ph[0]} -divide_by 4 -duty_cycle 50.00 -name {U_core|U_system_pll|altera_pll_i|general[0].gpll~PLL_OUTPUT_COUNTER|divclk} {U_core|U_system_pll|altera_pll_i|general[0].gpll~PLL_OUTPUT_COUNTER|divclk}
    Info (332110): create_generated_clock -source {U_core|U_nios_system|axi_ad9361_0|i_dev_if|i_rx|i_altlvds_rx|auto_generated|pll_sclk~FRACTIONAL_PLL|refclkin} -divide_by 2 -multiply_by 4 -duty_cycle 50.00 -name {U_core|U_nios_system|axi_ad9361_0|i_dev_if|i_rx|i_altlvds_rx|auto_generated|pll_sclk~FRACTIONAL_PLL|vcoph[0]} {U_core|U_nios_system|axi_ad9361_0|i_dev_if|i_rx|i_altlvds_rx|auto_generated|pll_sclk~FRACTIONAL_PLL|vcoph[0]}
    Info (332110): create_generated_clock -source {U_core|U_nios_system|axi_ad9361_0|i_dev_if|i_rx|i_altlvds_rx|auto_generated|pll_sclk~PLL_OUTPUT_COUNTER|vco0ph[0]} -divide_by 4 -phase 315.00 -duty_cycle 50.00 -name {U_core|U_nios_system|axi_ad9361_0|i_dev_if|i_rx|i_altlvds_rx|auto_generated|pll_sclk~PLL_OUTPUT_COUNTER|divclk} {U_core|U_nios_system|axi_ad9361_0|i_dev_if|i_rx|i_altlvds_rx|auto_generated|pll_sclk~PLL_OUTPUT_COUNTER|divclk}
    Info (332110): create_generated_clock -source {U_core|U_nios_system|axi_ad9361_0|i_dev_if|i_rx|i_altlvds_rx|auto_generated|pll_ena~PLL_OUTPUT_COUNTER|vco0ph[0]} -divide_by 4 -phase 180.00 -duty_cycle 25.00 -name {U_core|U_nios_system|axi_ad9361_0|i_dev_if|i_rx|i_altlvds_rx|auto_generated|pll_ena~PLL_OUTPUT_COUNTER|divclk} {U_core|U_nios_system|axi_ad9361_0|i_dev_if|i_rx|i_altlvds_rx|auto_generated|pll_ena~PLL_OUTPUT_COUNTER|divclk}
    Info (332110): create_generated_clock -source {U_core|U_nios_system|axi_ad9361_0|i_dev_if|i_rx|i_altlvds_rx|auto_generated|pll_fclk~PLL_OUTPUT_COUNTER|vco0ph[0]} -phase 180.00 -duty_cycle 50.00 -name {U_core|U_nios_system|axi_ad9361_0|i_dev_if|i_rx|i_altlvds_rx|auto_generated|pll_fclk~PLL_OUTPUT_COUNTER|divclk} {U_core|U_nios_system|axi_ad9361_0|i_dev_if|i_rx|i_altlvds_rx|auto_generated|pll_fclk~PLL_OUTPUT_COUNTER|divclk}
    Info (332110): create_generated_clock -source {U_core|U_fx3_pll|altera_pll_i|general[0].gpll~FRACTIONAL_PLL|refclkin} -divide_by 2 -multiply_by 8 -duty_cycle 50.00 -name {U_core|U_fx3_pll|altera_pll_i|general[0].gpll~FRACTIONAL_PLL|vcoph[0]} {U_core|U_fx3_pll|altera_pll_i|general[0].gpll~FRACTIONAL_PLL|vcoph[0]}
    Info (332110): create_generated_clock -source {U_core|U_fx3_pll|altera_pll_i|general[0].gpll~PLL_OUTPUT_COUNTER|vco0ph[0]} -divide_by 4 -phase -123.73 -duty_cycle 50.00 -name {U_core|U_fx3_pll|altera_pll_i|general[0].gpll~PLL_OUTPUT_COUNTER|divclk} {U_core|U_fx3_pll|altera_pll_i|general[0].gpll~PLL_OUTPUT_COUNTER|divclk}
    Info (332110): set_false_path -to [get_pins { U_core|U_nios_system|axi_ad9361_0|i_dev_if|i_rx|i_altlvds_rx|auto_generated|sd1|dinfiforx[0]}]
    Info (332110): set_multicycle_path -setup -end 3 -to [get_pins { U_core|U_nios_system|axi_ad9361_0|i_dev_if|i_tx|i_altlvds_tx|auto_generated|lvds_outclk_tx_serialiser|txin[2]}]
    Info (332110): set_multicycle_path -hold -end 3 -to [get_pins { U_core|U_nios_system|axi_ad9361_0|i_dev_if|i_tx|i_altlvds_tx|auto_generated|lvds_outclk_tx_serialiser|txin[2]}]
    Info (332110): set_multicycle_path -setup -end 3 -to [get_pins { U_core|U_nios_system|axi_ad9361_0|i_dev_if|i_tx|i_altlvds_tx|auto_generated|lvds_outclk_tx_serialiser|txin[0]}]
    Info (332110): set_multicycle_path -hold -end 3 -to [get_pins { U_core|U_nios_system|axi_ad9361_0|i_dev_if|i_tx|i_altlvds_tx|auto_generated|lvds_outclk_tx_serialiser|txin[0]}]
    Info (332110): set_false_path -to [get_pins { U_core|U_nios_system|axi_ad9361_0|i_dev_if|i_rx|i_altlvds_rx|auto_generated|sd3|dinfiforx[0]}]
    Info (332110): set_false_path -from [get_pins { U_core|U_nios_system|axi_ad9361_0|i_dev_if|i_tx|i_altlvds_tx|auto_generated|sd1|writeclk}]
    Info (332110): set_multicycle_path -setup -end 3 -to [get_pins { U_core|U_nios_system|axi_ad9361_0|i_dev_if|i_tx|i_altlvds_tx|auto_generated|sd1|txin[3]}]
    Info (332110): set_multicycle_path -hold -end 3 -to [get_pins { U_core|U_nios_system|axi_ad9361_0|i_dev_if|i_tx|i_altlvds_tx|auto_generated|sd1|txin[3]}]
    Info (332110): set_multicycle_path -setup -end 3 -to [get_pins { U_core|U_nios_system|axi_ad9361_0|i_dev_if|i_tx|i_altlvds_tx|auto_generated|sd1|txin[2]}]
    Info (332110): set_multicycle_path -hold -end 3 -to [get_pins { U_core|U_nios_system|axi_ad9361_0|i_dev_if|i_tx|i_altlvds_tx|auto_generated|sd1|txin[2]}]
    Info (332110): set_multicycle_path -setup -end 3 -to [get_pins { U_core|U_nios_system|axi_ad9361_0|i_dev_if|i_tx|i_altlvds_tx|auto_generated|sd1|txin[1]}]
    Info (332110): set_multicycle_path -hold -end 3 -to [get_pins { U_core|U_nios_system|axi_ad9361_0|i_dev_if|i_tx|i_altlvds_tx|auto_generated|sd1|txin[1]}]
    Info (332110): set_multicycle_path -setup -end 3 -to [get_pins { U_core|U_nios_system|axi_ad9361_0|i_dev_if|i_tx|i_altlvds_tx|auto_generated|sd1|txin[0]}]
    Info (332110): set_multicycle_path -hold -end 3 -to [get_pins { U_core|U_nios_system|axi_ad9361_0|i_dev_if|i_tx|i_altlvds_tx|auto_generated|sd1|txin[0]}]
    Info (332110): set_multicycle_path -setup -start 4 -from [get_pins { U_core|U_nios_system|axi_ad9361_0|i_dev_if|i_rx|i_altlvds_rx|auto_generated|sd2|writeclk}]
    Info (332110): set_multicycle_path -hold -start 3 -from [get_pins { U_core|U_nios_system|axi_ad9361_0|i_dev_if|i_rx|i_altlvds_rx|auto_generated|sd2|writeclk}]
    Info (332110): set_multicycle_path -setup -start 4 -from [get_pins { U_core|U_nios_system|axi_ad9361_0|i_dev_if|i_rx|i_altlvds_rx|auto_generated|sd10|writeclk}]
    Info (332110): set_multicycle_path -hold -start 3 -from [get_pins { U_core|U_nios_system|axi_ad9361_0|i_dev_if|i_rx|i_altlvds_rx|auto_generated|sd10|writeclk}]
    Info (332110): set_multicycle_path -setup -start 4 -from [get_pins { U_core|U_nios_system|axi_ad9361_0|i_dev_if|i_rx|i_altlvds_rx|auto_generated|sd12|writeclk}]
    Info (332110): set_multicycle_path -hold -start 3 -from [get_pins { U_core|U_nios_system|axi_ad9361_0|i_dev_if|i_rx|i_altlvds_rx|auto_generated|sd12|writeclk}]
    Info (332110): set_multicycle_path -setup -start 4 -from [get_pins { U_core|U_nios_system|axi_ad9361_0|i_dev_if|i_rx|i_altlvds_rx|auto_generated|sd14|writeclk}]
    Info (332110): set_multicycle_path -hold -start 3 -from [get_pins { U_core|U_nios_system|axi_ad9361_0|i_dev_if|i_rx|i_altlvds_rx|auto_generated|sd14|writeclk}]
    Info (332110): set_false_path -to [get_pins { U_core|U_nios_system|axi_ad9361_0|i_dev_if|i_rx|i_altlvds_rx|auto_generated|sd5|dinfiforx[0]}]
    Info (332110): set_false_path -to [get_pins { U_core|U_nios_system|axi_ad9361_0|i_dev_if|i_rx|i_altlvds_rx|auto_generated|sd13|dinfiforx[0]}]
    Info (332110): set_multicycle_path -setup -start 4 -from [get_pins { U_core|U_nios_system|axi_ad9361_0|i_dev_if|i_rx|i_altlvds_rx|auto_generated|sd6|writeclk}]
    Info (332110): set_multicycle_path -hold -start 3 -from [get_pins { U_core|U_nios_system|axi_ad9361_0|i_dev_if|i_rx|i_altlvds_rx|auto_generated|sd6|writeclk}]
    Info (332110): set_false_path -to [get_pins { U_core|U_nios_system|axi_ad9361_0|i_dev_if|i_rx|i_altlvds_rx|auto_generated|sd9|dinfiforx[0]}]
    Info (332110): set_false_path -to [get_pins { U_core|U_nios_system|axi_ad9361_0|i_dev_if|i_rx|i_altlvds_rx|auto_generated|sd11|dinfiforx[0]}]
    Info (332110): set_multicycle_path -setup -start 4 -from [get_pins { U_core|U_nios_system|axi_ad9361_0|i_dev_if|i_rx|i_altlvds_rx|auto_generated|sd8|writeclk}]
    Info (332110): set_multicycle_path -hold -start 3 -from [get_pins { U_core|U_nios_system|axi_ad9361_0|i_dev_if|i_rx|i_altlvds_rx|auto_generated|sd8|writeclk}]
    Info (332110): set_false_path -from [get_pins { U_core|U_nios_system|axi_ad9361_0|i_dev_if|i_tx|i_altlvds_tx|auto_generated|sd2|writeclk}]
    Info (332110): set_multicycle_path -setup -end 3 -to [get_pins { U_core|U_nios_system|axi_ad9361_0|i_dev_if|i_tx|i_altlvds_tx|auto_generated|sd2|txin[3]}]
    Info (332110): set_multicycle_path -hold -end 3 -to [get_pins { U_core|U_nios_system|axi_ad9361_0|i_dev_if|i_tx|i_altlvds_tx|auto_generated|sd2|txin[3]}]
    Info (332110): set_multicycle_path -setup -end 3 -to [get_pins { U_core|U_nios_system|axi_ad9361_0|i_dev_if|i_tx|i_altlvds_tx|auto_generated|sd2|txin[2]}]
    Info (332110): set_multicycle_path -hold -end 3 -to [get_pins { U_core|U_nios_system|axi_ad9361_0|i_dev_if|i_tx|i_altlvds_tx|auto_generated|sd2|txin[2]}]
    Info (332110): set_multicycle_path -setup -end 3 -to [get_pins { U_core|U_nios_system|axi_ad9361_0|i_dev_if|i_tx|i_altlvds_tx|auto_generated|sd2|txin[1]}]
    Info (332110): set_multicycle_path -hold -end 3 -to [get_pins { U_core|U_nios_system|axi_ad9361_0|i_dev_if|i_tx|i_altlvds_tx|auto_generated|sd2|txin[1]}]
    Info (332110): set_multicycle_path -setup -end 3 -to [get_pins { U_core|U_nios_system|axi_ad9361_0|i_dev_if|i_tx|i_altlvds_tx|auto_generated|sd2|txin[0]}]
    Info (332110): set_multicycle_path -hold -end 3 -to [get_pins { U_core|U_nios_system|axi_ad9361_0|i_dev_if|i_tx|i_altlvds_tx|auto_generated|sd2|txin[0]}]
    Info (332110): set_multicycle_path -setup -start 4 -from [get_pins { U_core|U_nios_system|axi_ad9361_0|i_dev_if|i_rx|i_altlvds_rx|auto_generated|sd4|writeclk}]
    Info (332110): set_multicycle_path -hold -start 3 -from [get_pins { U_core|U_nios_system|axi_ad9361_0|i_dev_if|i_rx|i_altlvds_rx|auto_generated|sd4|writeclk}]
    Info (332110): set_false_path -to [get_pins { U_core|U_nios_system|axi_ad9361_0|i_dev_if|i_rx|i_altlvds_rx|auto_generated|sd7|dinfiforx[0]}]
    Info (332110): set_false_path -from [get_pins { U_core|U_nios_system|axi_ad9361_0|i_dev_if|i_tx|i_altlvds_tx|auto_generated|sd3|writeclk}]
    Info (332110): set_multicycle_path -setup -end 3 -to [get_pins { U_core|U_nios_system|axi_ad9361_0|i_dev_if|i_tx|i_altlvds_tx|auto_generated|sd3|txin[3]}]
    Info (332110): set_multicycle_path -hold -end 3 -to [get_pins { U_core|U_nios_system|axi_ad9361_0|i_dev_if|i_tx|i_altlvds_tx|auto_generated|sd3|txin[3]}]
    Info (332110): set_multicycle_path -setup -end 3 -to [get_pins { U_core|U_nios_system|axi_ad9361_0|i_dev_if|i_tx|i_altlvds_tx|auto_generated|sd3|txin[2]}]
    Info (332110): set_multicycle_path -hold -end 3 -to [get_pins { U_core|U_nios_system|axi_ad9361_0|i_dev_if|i_tx|i_altlvds_tx|auto_generated|sd3|txin[2]}]
    Info (332110): set_multicycle_path -setup -end 3 -to [get_pins { U_core|U_nios_system|axi_ad9361_0|i_dev_if|i_tx|i_altlvds_tx|auto_generated|sd3|txin[1]}]
    Info (332110): set_multicycle_path -hold -end 3 -to [get_pins { U_core|U_nios_system|axi_ad9361_0|i_dev_if|i_tx|i_altlvds_tx|auto_generated|sd3|txin[1]}]
    Info (332110): set_multicycle_path -setup -end 3 -to [get_pins { U_core|U_nios_system|axi_ad9361_0|i_dev_if|i_tx|i_altlvds_tx|auto_generated|sd3|txin[0]}]
    Info (332110): set_multicycle_path -hold -end 3 -to [get_pins { U_core|U_nios_system|axi_ad9361_0|i_dev_if|i_tx|i_altlvds_tx|auto_generated|sd3|txin[0]}]
    Info (332110): set_false_path -from [get_pins { U_core|U_nios_system|axi_ad9361_0|i_dev_if|i_tx|i_altlvds_tx|auto_generated|sd4|writeclk}]
    Info (332110): set_multicycle_path -setup -end 3 -to [get_pins { U_core|U_nios_system|axi_ad9361_0|i_dev_if|i_tx|i_altlvds_tx|auto_generated|sd4|txin[3]}]
    Info (332110): set_multicycle_path -hold -end 3 -to [get_pins { U_core|U_nios_system|axi_ad9361_0|i_dev_if|i_tx|i_altlvds_tx|auto_generated|sd4|txin[3]}]
    Info (332110): set_multicycle_path -setup -end 3 -to [get_pins { U_core|U_nios_system|axi_ad9361_0|i_dev_if|i_tx|i_altlvds_tx|auto_generated|sd4|txin[2]}]
    Info (332110): set_multicycle_path -hold -end 3 -to [get_pins { U_core|U_nios_system|axi_ad9361_0|i_dev_if|i_tx|i_altlvds_tx|auto_generated|sd4|txin[2]}]
    Info (332110): set_multicycle_path -setup -end 3 -to [get_pins { U_core|U_nios_system|axi_ad9361_0|i_dev_if|i_tx|i_altlvds_tx|auto_generated|sd4|txin[1]}]
    Info (332110): set_multicycle_path -hold -end 3 -to [get_pins { U_core|U_nios_system|axi_ad9361_0|i_dev_if|i_tx|i_altlvds_tx|auto_generated|sd4|txin[1]}]
    Info (332110): set_multicycle_path -setup -end 3 -to [get_pins { U_core|U_nios_system|axi_ad9361_0|i_dev_if|i_tx|i_altlvds_tx|auto_generated|sd4|txin[0]}]
    Info (332110): set_multicycle_path -hold -end 3 -to [get_pins { U_core|U_nios_system|axi_ad9361_0|i_dev_if|i_tx|i_altlvds_tx|auto_generated|sd4|txin[0]}]
    Info (332110): set_false_path -from [get_pins { U_core|U_nios_system|axi_ad9361_0|i_dev_if|i_tx|i_altlvds_tx|auto_generated|sd5|writeclk}]
    Info (332110): set_multicycle_path -setup -end 3 -to [get_pins { U_core|U_nios_system|axi_ad9361_0|i_dev_if|i_tx|i_altlvds_tx|auto_generated|sd5|txin[3]}]
    Info (332110): set_multicycle_path -hold -end 3 -to [get_pins { U_core|U_nios_system|axi_ad9361_0|i_dev_if|i_tx|i_altlvds_tx|auto_generated|sd5|txin[3]}]
    Info (332110): set_multicycle_path -setup -end 3 -to [get_pins { U_core|U_nios_system|axi_ad9361_0|i_dev_if|i_tx|i_altlvds_tx|auto_generated|sd5|txin[2]}]
    Info (332110): set_multicycle_path -hold -end 3 -to [get_pins { U_core|U_nios_system|axi_ad9361_0|i_dev_if|i_tx|i_altlvds_tx|auto_generated|sd5|txin[2]}]
    Info (332110): set_multicycle_path -setup -end 3 -to [get_pins { U_core|U_nios_system|axi_ad9361_0|i_dev_if|i_tx|i_altlvds_tx|auto_generated|sd5|txin[1]}]
    Info (332110): set_multicycle_path -hold -end 3 -to [get_pins { U_core|U_nios_system|axi_ad9361_0|i_dev_if|i_tx|i_altlvds_tx|auto_generated|sd5|txin[1]}]
    Info (332110): set_multicycle_path -setup -end 3 -to [get_pins { U_core|U_nios_system|axi_ad9361_0|i_dev_if|i_tx|i_altlvds_tx|auto_generated|sd5|txin[0]}]
    Info (332110): set_multicycle_path -hold -end 3 -to [get_pins { U_core|U_nios_system|axi_ad9361_0|i_dev_if|i_tx|i_altlvds_tx|auto_generated|sd5|txin[0]}]
    Info (332110): set_false_path -from [get_pins { U_core|U_nios_system|axi_ad9361_0|i_dev_if|i_tx|i_altlvds_tx|auto_generated|sd6|writeclk}]
    Info (332110): set_multicycle_path -setup -end 3 -to [get_pins { U_core|U_nios_system|axi_ad9361_0|i_dev_if|i_tx|i_altlvds_tx|auto_generated|sd6|txin[3]}]
    Info (332110): set_multicycle_path -hold -end 3 -to [get_pins { U_core|U_nios_system|axi_ad9361_0|i_dev_if|i_tx|i_altlvds_tx|auto_generated|sd6|txin[3]}]
    Info (332110): set_multicycle_path -setup -end 3 -to [get_pins { U_core|U_nios_system|axi_ad9361_0|i_dev_if|i_tx|i_altlvds_tx|auto_generated|sd6|txin[2]}]
    Info (332110): set_multicycle_path -hold -end 3 -to [get_pins { U_core|U_nios_system|axi_ad9361_0|i_dev_if|i_tx|i_altlvds_tx|auto_generated|sd6|txin[2]}]
    Info (332110): set_multicycle_path -setup -end 3 -to [get_pins { U_core|U_nios_system|axi_ad9361_0|i_dev_if|i_tx|i_altlvds_tx|auto_generated|sd6|txin[1]}]
    Info (332110): set_multicycle_path -hold -end 3 -to [get_pins { U_core|U_nios_system|axi_ad9361_0|i_dev_if|i_tx|i_altlvds_tx|auto_generated|sd6|txin[1]}]
    Info (332110): set_multicycle_path -setup -end 3 -to [get_pins { U_core|U_nios_system|axi_ad9361_0|i_dev_if|i_tx|i_altlvds_tx|auto_generated|sd6|txin[0]}]
    Info (332110): set_multicycle_path -hold -end 3 -to [get_pins { U_core|U_nios_system|axi_ad9361_0|i_dev_if|i_tx|i_altlvds_tx|auto_generated|sd6|txin[0]}]
    Info (332110): set_false_path -from [get_pins { U_core|U_nios_system|axi_ad9361_0|i_dev_if|i_tx|i_altlvds_tx|auto_generated|sd7|writeclk}]
    Info (332110): set_multicycle_path -setup -end 3 -to [get_pins { U_core|U_nios_system|axi_ad9361_0|i_dev_if|i_tx|i_altlvds_tx|auto_generated|sd7|txin[3]}]
    Info (332110): set_multicycle_path -hold -end 3 -to [get_pins { U_core|U_nios_system|axi_ad9361_0|i_dev_if|i_tx|i_altlvds_tx|auto_generated|sd7|txin[3]}]
    Info (332110): set_multicycle_path -setup -end 3 -to [get_pins { U_core|U_nios_system|axi_ad9361_0|i_dev_if|i_tx|i_altlvds_tx|auto_generated|sd7|txin[2]}]
    Info (332110): set_multicycle_path -hold -end 3 -to [get_pins { U_core|U_nios_system|axi_ad9361_0|i_dev_if|i_tx|i_altlvds_tx|auto_generated|sd7|txin[2]}]
    Info (332110): set_multicycle_path -setup -end 3 -to [get_pins { U_core|U_nios_system|axi_ad9361_0|i_dev_if|i_tx|i_altlvds_tx|auto_generated|sd7|txin[1]}]
    Info (332110): set_multicycle_path -hold -end 3 -to [get_pins { U_core|U_nios_system|axi_ad9361_0|i_dev_if|i_tx|i_altlvds_tx|auto_generated|sd7|txin[1]}]
    Info (332110): set_multicycle_path -setup -end 3 -to [get_pins { U_core|U_nios_system|axi_ad9361_0|i_dev_if|i_tx|i_altlvds_tx|auto_generated|sd7|txin[0]}]
    Info (332110): set_multicycle_path -hold -end 3 -to [get_pins { U_core|U_nios_system|axi_ad9361_0|i_dev_if|i_tx|i_altlvds_tx|auto_generated|sd7|txin[0]}]
Info (332151): Clock uncertainty is not calculated until you update the timing netlist.
Info: tamer hold_time crossing constrained on 2 instance(s)
Info: dcfifo pointer crossings constrained on 10 instance(s)
Info: handshake crossings constrained: 15
Info: ADC up_xfer bundled crossings constrained: 4
Warning: async clock groups NOT applied (set BLADERF_ASYNC_CLOCK_GROUPS=1 to enable)
Info: readout crossings cut: 2
Info (332104): Reading SDC File: '../../../fpga/platforms/bladerf-micro/constraints/i2c.sdc'
Warning (332049): Ignored create_generated_clock at i2c.sdc(27): Argument -source is a collection that is not of port, pin, reg, kpr, net, comb or node type File: /home/bonho/projects/bladerf/hdl/fpga/platforms/bladerf-micro/constraints/i2c.sdc Line: 27
    Info (332050): create_generated_clock -name i2c_scl_reg -source [get_clocks $system_clock] -divide_by $pwr_scl_divisor [get_registers {*bit_controller|scl_oen}] File: /home/bonho/projects/bladerf/hdl/fpga/platforms/bladerf-micro/constraints/i2c.sdc Line: 27
Info (332104): Reading SDC File: '../../../fpga/platforms/bladerf-micro/constraints/spi.sdc'
Warning (332049): Ignored create_generated_clock at spi.sdc(36): Argument -source is a collection that is not of port, pin, reg, kpr, net, comb or node type File: /home/bonho/projects/bladerf/hdl/fpga/platforms/bladerf-micro/constraints/spi.sdc Line: 36
    Info (332050): create_generated_clock -name peri_sclk_reg -source [get_clocks $system_clock] -divide_by $peri_sclk_divisor [get_registers {*peripheral_spi|SCLK_reg}] File: /home/bonho/projects/bladerf/hdl/fpga/platforms/bladerf-micro/constraints/spi.sdc Line: 36
Info (332104): Reading SDC File: '../../../fpga/ip/analogdevicesinc/hdl/library/common/ad_axi_ip_constr.sdc'
Info (332104): Reading SDC File: '../../../fpga/platforms/common/bladerf/constraints/ad9361.sdc'
Warning (332049): Ignored create_generated_clock at ad9361.sdc(44): Argument -source is a collection that is not of port, pin, reg, kpr, net, comb or node type File: /home/bonho/projects/bladerf/hdl/fpga/platforms/common/bladerf/constraints/ad9361.sdc Line: 44
    Info (332050): create_generated_clock -name adi_sclk_reg -source [get_clocks $system_clock] -divide_by $adi_sclk_divisor [get_registers {*rffe_spi|SCLK_reg}] File: /home/bonho/projects/bladerf/hdl/fpga/platforms/common/bladerf/constraints/ad9361.sdc Line: 44
Info (332104): Reading SDC File: '../../../fpga/platforms/common/bladerf/constraints/fx3.sdc'
Info (332104): Reading SDC File: 'nios_system/synthesis/submodules/altera_reset_controller.sdc'
Info (332104): Reading SDC File: 'nios_system/synthesis/submodules/nios_system_nios2_cpu.sdc'
Warning (332087): The master clock for this clock assignment could not be derived.  Clock: pwr_scl_pin was not created.
    Warning (332035): No clocks found on or feeding the specified source node: bladerf_core:U_core|nios_system:U_nios_system|i2c_master_top:opencores_i2c|i2c_master_byte_ctrl:byte_controller|i2c_master_bit_ctrl:bit_controller|scl_oen
Warning (332087): The master clock for this clock assignment could not be derived.  Clock: adf_sclk_pin was not created.
    Warning (332035): No clocks found on or feeding the specified source node: bladerf_core:U_core|nios_system:U_nios_system|nios_system_peripheral_spi:peripheral_spi|SCLK_reg
Warning (332087): The master clock for this clock assignment could not be derived.  Clock: dac_sclk_pin was not created.
    Warning (332035): No clocks found on or feeding the specified source node: bladerf_core:U_core|nios_system:U_nios_system|nios_system_peripheral_spi:peripheral_spi|SCLK_reg
Warning (332087): The master clock for this clock assignment could not be derived.  Clock: adi_sclk_pin was not created.
    Warning (332035): No clocks found on or feeding the specified source node: bladerf_core:U_core|nios_system:U_nios_system|nios_system_rffe_spi:rffe_spi|SCLK_reg
Info (332097): The following timing edges are non-unate.  The Timing Analyzer will assume pos-unate behavior for these edges in the clock network.
    Info (332098): Cell: U_core|U_fx3_pll|altera_pll_i|general[0].gpll~FRACTIONAL_PLL  from: refclkin  to: fbclk
    Info (332098): Cell: U_core|U_fx3_pll|altera_pll_i|general[0].gpll~PLL_OUTPUT_COUNTER  from: vco0ph[0]  to: divclk
    Info (332098): Cell: U_core|U_fx3_pll|altera_pll_i|general[0].gpll~PLL_REFCLK_SELECT  from: clkin[1]  to: clkout
    Info (332098): Cell: U_core|U_nios_system|axi_ad9361_0|i_dev_if|i_rx|i_altlvds_rx|auto_generated|pll_ena~PLL_LVDS_OUTPUT  from: ccout[0]  to: lvdsclk
    Info (332098): Cell: U_core|U_nios_system|axi_ad9361_0|i_dev_if|i_rx|i_altlvds_rx|auto_generated|pll_ena~PLL_OUTPUT_COUNTER  from: vco0ph[0]  to: divclk
    Info (332098): Cell: U_core|U_nios_system|axi_ad9361_0|i_dev_if|i_rx|i_altlvds_rx|auto_generated|pll_fclk~PLL_OUTPUT_COUNTER  from: vco0ph[0]  to: divclk
    Info (332098): Cell: U_core|U_nios_system|axi_ad9361_0|i_dev_if|i_rx|i_altlvds_rx|auto_generated|pll_sclk~FRACTIONAL_PLL  from: refclkin  to: fbclk
    Info (332098): Cell: U_core|U_nios_system|axi_ad9361_0|i_dev_if|i_rx|i_altlvds_rx|auto_generated|pll_sclk~PLL_OUTPUT_COUNTER  from: vco0ph[0]  to: divclk
    Info (332098): Cell: U_core|U_nios_system|axi_ad9361_0|i_dev_if|i_rx|i_altlvds_rx|auto_generated|pll_sclk~PLL_REFCLK_SELECT  from: clkin[0]  to: clkout
    Info (332098): From: U_core|U_nios_system|nios2|cpu|the_nios_system_nios2_cpu_nios2_oci|the_nios_system_nios2_cpu_nios2_ocimem|nios_system_nios2_cpu_ociram_sp_ram|the_altsyncram|auto_generated|ram_block1a8|clk0  to: bladerf_core:U_core|nios_system:U_nios_system|nios_system_nios2:nios2|nios_system_nios2_cpu:cpu|nios_system_nios2_cpu_nios2_oci:the_nios_system_nios2_cpu_nios2_oci|nios_system_nios2_cpu_nios2_ocimem:the_nios_system_nios2_cpu_nios2_ocimem|nios_system_nios2_cpu_ociram_sp_ram_module:nios_system_nios2_cpu_ociram_sp_ram|altsyncram:the_altsyncram|altsyncram_qid1:auto_generated|ram_block1a8~CLOCK1_ENABLE1_0
    Info (332098): Cell: U_core|U_system_pll|altera_pll_i|general[0].gpll~FRACTIONAL_PLL  from: refclkin  to: fbclk
    Info (332098): Cell: U_core|U_system_pll|altera_pll_i|general[0].gpll~PLL_OUTPUT_COUNTER  from: vco0ph[0]  to: divclk
    Info (332098): Cell: U_core|U_system_pll|altera_pll_i|general[0].gpll~PLL_REFCLK_SELECT  from: clkin[0]  to: clkout
Info (332123): Deriving Clock Uncertainty. Please refer to report_sdc in the Timing Analyzer to see clock uncertainties.
ADC_XFER channel=0 source_bits=61 destination_bits=61
ADC_XFER channel=1 source_bits=61 destination_bits=61
ADC_XFER channel=2 source_bits=61 destination_bits=61
ADC_XFER channel=3 source_bits=61 destination_bits=61
Warning (332182): No path is found satisfying assignment "set_max_skew -from [get_clocks {pwr_scl_pin}] -to [get_ports {pwr_scl}] 0.200 ". This assignment will be ignored.
Warning (332182): No path is found satisfying assignment "set_max_skew -from [get_clocks {adf_sclk_pin}] -to [get_ports {adf_sclk}] 0.200 ". This assignment will be ignored.
Warning (332182): No path is found satisfying assignment "set_max_skew -from [get_clocks {dac_sclk_pin}] -to [get_ports {dac_sclk}] 0.200 ". This assignment will be ignored.
Warning (332182): No path is found satisfying assignment "set_max_skew -from [get_clocks {adi_sclk_pin}] -to [get_ports {adi_spi_sclk}] 0.200 ". This assignment will be ignored.
Info (332181): Report Max Skew: Found 168 paths (0 violated).  Worst case slack is 0.792
    Info (332181):  -detail path_only
    Info (332181):  -npaths 4
    Info (332181):  -stdout
Info (332115): Worst-case slack is 0.792 for "set_max_skew -from [get_keepers {*U_handshake_timestamp|source_holding[*]}] -to [get_keepers {*fx3_gpif:*|current.tx_ts_plus32[*]}] 6.400 "
    Info (332181): Skew for the Latest Arrival
        Info (332181): Path #1: Slack is 0.792 
            Info (332181): Latest Path Arrival
                Info (332115): From Node          : bladerf_core:U_core|handshake:U_handshake_timestamp|source_holding[3]
                Info (332115): To Node            : bladerf_core:U_core|fx3_gpif:U_fx3_gpif|current.tx_ts_plus32[3]
                Info (332115): Launch Clock       : U_core|U_nios_system|axi_ad9361_0|i_dev_if|i_rx|i_altlvds_rx|auto_generated|pll_sclk~PLL_OUTPUT_COUNTER|divclk
                Info (332115): Latch Clock        : U_core|U_fx3_pll|altera_pll_i|general[0].gpll~PLL_OUTPUT_COUNTER|divclk
                Info (332115): Data Arrival Time  : 12.167
                Info (332115): Clock Arrival Time : 3.543
                Info (332115): Relative Delay     : 8.624
                Info (332115): Data Arrival Path:
                Info (332115): Total (ns)  Incr (ns)     Type  Element
                Info (332115): ==========  ========= ==  ====  ===================================
                Info (332115):      6.358      6.358  R        clock network delay
                Info (332115):      6.358      0.000     uTco  bladerf_core:U_core|handshake:U_handshake_timestamp|source_holding[3]
                Info (332115):      6.358      0.000 FF  CELL  U_core|U_handshake_timestamp|source_holding[3]|q
                Info (332115):     11.774      5.416 FF    IC  U_core|U_fx3_gpif|current.tx_ts_plus32[3]~feeder|dataf
                Info (332115):     11.860      0.086 FF  CELL  U_core|U_fx3_gpif|current.tx_ts_plus32[3]~feeder|combout
                Info (332115):     11.860      0.000 FF    IC  U_core|U_fx3_gpif|current.tx_ts_plus32[3]|d
                Info (332115):     12.167      0.307 FF  CELL  bladerf_core:U_core|fx3_gpif:U_fx3_gpif|current.tx_ts_plus32[3]
                Info (332115): Clock Arrival Path:
                Info (332115): Total (ns)  Incr (ns)     Type  Element
                Info (332115): ==========  ========= ==  ====  ===================================
                Info (332115):      3.663      3.663  R        clock network delay
                Info (332115):      3.543     -0.120           clock uncertainty
                Info (332115):      3.543      0.000     uTsu  bladerf_core:U_core|fx3_gpif:U_fx3_gpif|current.tx_ts_plus32[3]
            Info (332181): Earliest Path Arrival
                Info (332115): From Node          : bladerf_core:U_core|handshake:U_handshake_timestamp|source_holding[6]
                Info (332115): To Node            : bladerf_core:U_core|fx3_gpif:U_fx3_gpif|current.tx_ts_plus32[6]
                Info (332115): Launch Clock       : U_core|U_nios_system|axi_ad9361_0|i_dev_if|i_rx|i_altlvds_rx|auto_generated|pll_sclk~PLL_OUTPUT_COUNTER|divclk
                Info (332115): Latch Clock        : U_core|U_fx3_pll|altera_pll_i|general[0].gpll~PLL_OUTPUT_COUNTER|divclk
                Info (332115): Data Arrival Time  : 5.465
                Info (332115): Clock Arrival Time : 5.213
                Info (332115): Relative Delay     : 0.252
                Info (332115): Data Arrival Path:
                Info (332115): Total (ns)  Incr (ns)     Type  Element
                Info (332115): ==========  ========= ==  ====  ===================================
                Info (332115):      4.745      4.745  R        clock network delay
                Info (332115):      4.745      0.000     uTco  bladerf_core:U_core|handshake:U_handshake_timestamp|source_holding[6]
                Info (332115):      4.745      0.000 FF  CELL  U_core|U_handshake_timestamp|source_holding[6]|q
                Info (332115):      5.126      0.381 FF    IC  U_core|U_fx3_gpif|Add1~5|datac
                Info (332115):      5.390      0.264 FR  CELL  U_core|U_fx3_gpif|Add1~5|sumout
                Info (332115):      5.390      0.000 RR    IC  U_core|U_fx3_gpif|current.tx_ts_plus32[6]|d
                Info (332115):      5.465      0.075 RR  CELL  bladerf_core:U_core|fx3_gpif:U_fx3_gpif|current.tx_ts_plus32[6]
                Info (332115): Clock Arrival Path:
                Info (332115): Total (ns)  Incr (ns)     Type  Element
                Info (332115): ==========  ========= ==  ====  ===================================
                Info (332115):      5.093      5.093  R        clock network delay
                Info (332115):      5.213      0.120           clock uncertainty
                Info (332115):      5.213      0.000      uTh  bladerf_core:U_core|fx3_gpif:U_fx3_gpif|current.tx_ts_plus32[6]
            Info (332181): Cross Path Clock Pessimism Removed : 2.764
            Info (332181): Required Skew   : 6.400
            Info (332181): Actual Skew     : 5.608
            Info (332181): Slack           : 0.792
        Info (332181): Path #2: Slack is 0.824 
            Info (332181): Latest Path Arrival
                Info (332115): From Node          : bladerf_core:U_core|handshake:U_handshake_timestamp|source_holding[0]
                Info (332115): To Node            : bladerf_core:U_core|fx3_gpif:U_fx3_gpif|current.tx_ts_plus32[0]
                Info (332115): Launch Clock       : U_core|U_nios_system|axi_ad9361_0|i_dev_if|i_rx|i_altlvds_rx|auto_generated|pll_sclk~PLL_OUTPUT_COUNTER|divclk
                Info (332115): Latch Clock        : U_core|U_fx3_pll|altera_pll_i|general[0].gpll~PLL_OUTPUT_COUNTER|divclk
                Info (332115): Data Arrival Time  : 12.142
                Info (332115): Clock Arrival Time : 3.550
                Info (332115): Relative Delay     : 8.592
                Info (332115): Data Arrival Path:
                Info (332115): Total (ns)  Incr (ns)     Type  Element
                Info (332115): ==========  ========= ==  ====  ===================================
                Info (332115):      6.352      6.352  R        clock network delay
                Info (332115):      6.352      0.000     uTco  bladerf_core:U_core|handshake:U_handshake_timestamp|source_holding[0]
                Info (332115):      6.352      0.000 FF  CELL  U_core|U_handshake_timestamp|source_holding[0]|q
                Info (332115):     11.752      5.400 FF    IC  U_core|U_fx3_gpif|current.tx_ts_plus32[0]~feeder|dataf
                Info (332115):     11.836      0.084 FF  CELL  U_core|U_fx3_gpif|current.tx_ts_plus32[0]~feeder|combout
                Info (332115):     11.836      0.000 FF    IC  U_core|U_fx3_gpif|current.tx_ts_plus32[0]|d
                Info (332115):     12.142      0.306 FF  CELL  bladerf_core:U_core|fx3_gpif:U_fx3_gpif|current.tx_ts_plus32[0]
                Info (332115): Clock Arrival Path:
                Info (332115): Total (ns)  Incr (ns)     Type  Element
                Info (332115): ==========  ========= ==  ====  ===================================
                Info (332115):      3.670      3.670  R        clock network delay
                Info (332115):      3.550     -0.120           clock uncertainty
                Info (332115):      3.550      0.000     uTsu  bladerf_core:U_core|fx3_gpif:U_fx3_gpif|current.tx_ts_plus32[0]
            Info (332181): Earliest Path Arrival
                Info (332115): From Node          : bladerf_core:U_core|handshake:U_handshake_timestamp|source_holding[6]
                Info (332115): To Node            : bladerf_core:U_core|fx3_gpif:U_fx3_gpif|current.tx_ts_plus32[6]
                Info (332115): Launch Clock       : U_core|U_nios_system|axi_ad9361_0|i_dev_if|i_rx|i_altlvds_rx|auto_generated|pll_sclk~PLL_OUTPUT_COUNTER|divclk
                Info (332115): Latch Clock        : U_core|U_fx3_pll|altera_pll_i|general[0].gpll~PLL_OUTPUT_COUNTER|divclk
                Info (332115): Data Arrival Time  : 5.465
                Info (332115): Clock Arrival Time : 5.213
                Info (332115): Relative Delay     : 0.252
                Info (332115): Data Arrival Path:
                Info (332115): Total (ns)  Incr (ns)     Type  Element
                Info (332115): ==========  ========= ==  ====  ===================================
                Info (332115):      4.745      4.745  R        clock network delay
                Info (332115):      4.745      0.000     uTco  bladerf_core:U_core|handshake:U_handshake_timestamp|source_holding[6]
                Info (332115):      4.745      0.000 FF  CELL  U_core|U_handshake_timestamp|source_holding[6]|q
                Info (332115):      5.126      0.381 FF    IC  U_core|U_fx3_gpif|Add1~5|datac
                Info (332115):      5.390      0.264 FR  CELL  U_core|U_fx3_gpif|Add1~5|sumout
                Info (332115):      5.390      0.000 RR    IC  U_core|U_fx3_gpif|current.tx_ts_plus32[6]|d
                Info (332115):      5.465      0.075 RR  CELL  bladerf_core:U_core|fx3_gpif:U_fx3_gpif|current.tx_ts_plus32[6]
                Info (332115): Clock Arrival Path:
                Info (332115): Total (ns)  Incr (ns)     Type  Element
                Info (332115): ==========  ========= ==  ====  ===================================
                Info (332115):      5.093      5.093  R        clock network delay
                Info (332115):      5.213      0.120           clock uncertainty
                Info (332115):      5.213      0.000      uTh  bladerf_core:U_core|fx3_gpif:U_fx3_gpif|current.tx_ts_plus32[6]
            Info (332181): Cross Path Clock Pessimism Removed : 2.764
            Info (332181): Required Skew   : 6.400
            Info (332181): Actual Skew     : 5.576
            Info (332181): Slack           : 0.824
        Info (332181): Path #3: Slack is 2.490 
            Info (332181): Latest Path Arrival
                Info (332115): From Node          : bladerf_core:U_core|handshake:U_handshake_timestamp|source_holding[10]
                Info (332115): To Node            : bladerf_core:U_core|fx3_gpif:U_fx3_gpif|current.tx_ts_plus32[62]
                Info (332115): Launch Clock       : U_core|U_nios_system|axi_ad9361_0|i_dev_if|i_rx|i_altlvds_rx|auto_generated|pll_sclk~PLL_OUTPUT_COUNTER|divclk
                Info (332115): Latch Clock        : U_core|U_fx3_pll|altera_pll_i|general[0].gpll~PLL_OUTPUT_COUNTER|divclk
                Info (332115): Data Arrival Time  : 10.476
                Info (332115): Clock Arrival Time : 3.525
                Info (332115): Relative Delay     : 6.951
                Info (332115): Data Arrival Path:
                Info (332115): Total (ns)  Incr (ns)     Type  Element
                Info (332115): ==========  ========= ==  ====  ===================================
                Info (332115):      6.333      6.333  R        clock network delay
                Info (332115):      6.333      0.000     uTco  bladerf_core:U_core|handshake:U_handshake_timestamp|source_holding[10]
                Info (332115):      6.333      0.000 RR  CELL  U_core|U_handshake_timestamp|source_holding[10]|q
                Info (332115):      6.787      0.454 RR    IC  U_core|U_fx3_gpif|Add1~29|dataa
                Info (332115):      8.079      1.292 RR  CELL  U_core|U_fx3_gpif|Add1~29|cout
                Info (332115):      8.079      0.000 RR    IC  U_core|U_fx3_gpif|Add1~25|cin
                Info (332115):      8.079      0.000 RR  CELL  U_core|U_fx3_gpif|Add1~25|cout
                Info (332115):      8.079      0.000 RR    IC  U_core|U_fx3_gpif|Add1~21|cin
                Info (332115):      8.133      0.054 RR  CELL  U_core|U_fx3_gpif|Add1~21|cout
                Info (332115):      8.133      0.000 RR    IC  U_core|U_fx3_gpif|Add1~17|cin
                Info (332115):      8.133      0.000 RR  CELL  U_core|U_fx3_gpif|Add1~17|cout
                Info (332115):      8.133      0.000 RR    IC  U_core|U_fx3_gpif|Add1~13|cin
                Info (332115):      8.201      0.068 RR  CELL  U_core|U_fx3_gpif|Add1~13|cout
                Info (332115):      8.201      0.000 RR    IC  U_core|U_fx3_gpif|Add1~61|cin
                Info (332115):      8.201      0.000 RR  CELL  U_core|U_fx3_gpif|Add1~61|cout
                Info (332115):      8.201      0.000 RR    IC  U_core|U_fx3_gpif|Add1~57|cin
                Info (332115):      8.309      0.108 RR  CELL  U_core|U_fx3_gpif|Add1~57|cout
                Info (332115):      8.309      0.000 RR    IC  U_core|U_fx3_gpif|Add1~53|cin
                Info (332115):      8.309      0.000 RR  CELL  U_core|U_fx3_gpif|Add1~53|cout
                Info (332115):      8.309      0.000 RR    IC  U_core|U_fx3_gpif|Add1~37|cin
                Info (332115):      8.363      0.054 RR  CELL  U_core|U_fx3_gpif|Add1~37|cout
                Info (332115):      8.363      0.000 RR    IC  U_core|U_fx3_gpif|Add1~49|cin
                Info (332115):      8.363      0.000 RR  CELL  U_core|U_fx3_gpif|Add1~49|cout
                Info (332115):      8.363      0.000 RR    IC  U_core|U_fx3_gpif|Add1~45|cin
                Info (332115):      8.417      0.054 RR  CELL  U_core|U_fx3_gpif|Add1~45|cout
                Info (332115):      8.417      0.000 RR    IC  U_core|U_fx3_gpif|Add1~41|cin
                Info (332115):      8.417      0.000 RR  CELL  U_core|U_fx3_gpif|Add1~41|cout
                Info (332115):      8.417      0.000 RR    IC  U_core|U_fx3_gpif|Add1~89|cin
                Info (332115):      8.471      0.054 RR  CELL  U_core|U_fx3_gpif|Add1~89|cout
                Info (332115):      8.471      0.000 RR    IC  U_core|U_fx3_gpif|Add1~85|cin
                Info (332115):      8.471      0.000 RR  CELL  U_core|U_fx3_gpif|Add1~85|cout
                Info (332115):      8.471      0.000 RR    IC  U_core|U_fx3_gpif|Add1~81|cin
                Info (332115):      8.523      0.052 RR  CELL  U_core|U_fx3_gpif|Add1~81|cout
                Info (332115):      8.523      0.000 RR    IC  U_core|U_fx3_gpif|Add1~65|cin
                Info (332115):      8.523      0.000 RR  CELL  U_core|U_fx3_gpif|Add1~65|cout
                Info (332115):      8.523      0.000 RR    IC  U_core|U_fx3_gpif|Add1~77|cin
                Info (332115):      8.647      0.124 RR  CELL  U_core|U_fx3_gpif|Add1~77|cout
                Info (332115):      8.647      0.000 RR    IC  U_core|U_fx3_gpif|Add1~73|cin
                Info (332115):      8.647      0.000 RR  CELL  U_core|U_fx3_gpif|Add1~73|cout
                Info (332115):      8.647      0.000 RR    IC  U_core|U_fx3_gpif|Add1~69|cin
                Info (332115):      8.701      0.054 RR  CELL  U_core|U_fx3_gpif|Add1~69|cout
                Info (332115):      8.701      0.000 RR    IC  U_core|U_fx3_gpif|Add1~117|cin
                Info (332115):      8.701      0.000 RR  CELL  U_core|U_fx3_gpif|Add1~117|cout
                Info (332115):      8.701      0.000 RR    IC  U_core|U_fx3_gpif|Add1~113|cin
                Info (332115):      8.755      0.054 RR  CELL  U_core|U_fx3_gpif|Add1~113|cout
                Info (332115):      8.755      0.000 RR    IC  U_core|U_fx3_gpif|Add1~109|cin
                Info (332115):      8.755      0.000 RR  CELL  U_core|U_fx3_gpif|Add1~109|cout
                Info (332115):      8.755      0.000 RR    IC  U_core|U_fx3_gpif|Add1~93|cin
                Info (332115):      8.809      0.054 RR  CELL  U_core|U_fx3_gpif|Add1~93|cout
                Info (332115):      8.809      0.000 RR    IC  U_core|U_fx3_gpif|Add1~105|cin
                Info (332115):      8.809      0.000 RR  CELL  U_core|U_fx3_gpif|Add1~105|cout
                Info (332115):      8.809      0.000 RR    IC  U_core|U_fx3_gpif|Add1~101|cin
                Info (332115):      8.877      0.068 RR  CELL  U_core|U_fx3_gpif|Add1~101|cout
                Info (332115):      8.877      0.000 RR    IC  U_core|U_fx3_gpif|Add1~97|cin
                Info (332115):      8.877      0.000 RR  CELL  U_core|U_fx3_gpif|Add1~97|cout
                Info (332115):      8.877      0.000 RR    IC  U_core|U_fx3_gpif|Add1~145|cin
                Info (332115):      8.985      0.108 RR  CELL  U_core|U_fx3_gpif|Add1~145|cout
                Info (332115):      8.985      0.000 RR    IC  U_core|U_fx3_gpif|Add1~141|cin
                Info (332115):      8.985      0.000 RR  CELL  U_core|U_fx3_gpif|Add1~141|cout
                Info (332115):      8.985      0.000 RR    IC  U_core|U_fx3_gpif|Add1~137|cin
                Info (332115):      9.039      0.054 RR  CELL  U_core|U_fx3_gpif|Add1~137|cout
                Info (332115):      9.039      0.000 RR    IC  U_core|U_fx3_gpif|Add1~121|cin
                Info (332115):      9.039      0.000 RR  CELL  U_core|U_fx3_gpif|Add1~121|cout
                Info (332115):      9.039      0.000 RR    IC  U_core|U_fx3_gpif|Add1~133|cin
                Info (332115):      9.093      0.054 RR  CELL  U_core|U_fx3_gpif|Add1~133|cout
                Info (332115):      9.093      0.000 RR    IC  U_core|U_fx3_gpif|Add1~129|cin
                Info (332115):      9.093      0.000 RR  CELL  U_core|U_fx3_gpif|Add1~129|cout
                Info (332115):      9.093      0.000 RR    IC  U_core|U_fx3_gpif|Add1~125|cin
                Info (332115):      9.147      0.054 RR  CELL  U_core|U_fx3_gpif|Add1~125|cout
                Info (332115):      9.147      0.000 RR    IC  U_core|U_fx3_gpif|Add1~173|cin
                Info (332115):      9.147      0.000 RR  CELL  U_core|U_fx3_gpif|Add1~173|cout
                Info (332115):      9.147      0.000 RR    IC  U_core|U_fx3_gpif|Add1~169|cin
                Info (332115):      9.199      0.052 RR  CELL  U_core|U_fx3_gpif|Add1~169|cout
                Info (332115):      9.199      0.000 RR    IC  U_core|U_fx3_gpif|Add1~165|cin
                Info (332115):      9.199      0.000 RR  CELL  U_core|U_fx3_gpif|Add1~165|cout
                Info (332115):      9.199      0.000 RR    IC  U_core|U_fx3_gpif|Add1~149|cin
                Info (332115):      9.323      0.124 RR  CELL  U_core|U_fx3_gpif|Add1~149|cout
                Info (332115):      9.323      0.000 RR    IC  U_core|U_fx3_gpif|Add1~161|cin
                Info (332115):      9.323      0.000 RR  CELL  U_core|U_fx3_gpif|Add1~161|cout
                Info (332115):      9.323      0.000 RR    IC  U_core|U_fx3_gpif|Add1~157|cin
                Info (332115):      9.377      0.054 RR  CELL  U_core|U_fx3_gpif|Add1~157|cout
                Info (332115):      9.377      0.000 RR    IC  U_core|U_fx3_gpif|Add1~153|cin
                Info (332115):      9.377      0.000 RR  CELL  U_core|U_fx3_gpif|Add1~153|cout
                Info (332115):      9.377      0.000 RR    IC  U_core|U_fx3_gpif|Add1~201|cin
                Info (332115):      9.431      0.054 RR  CELL  U_core|U_fx3_gpif|Add1~201|cout
                Info (332115):      9.431      0.000 RR    IC  U_core|U_fx3_gpif|Add1~197|cin
                Info (332115):      9.431      0.000 RR  CELL  U_core|U_fx3_gpif|Add1~197|cout
                Info (332115):      9.431      0.000 RR    IC  U_core|U_fx3_gpif|Add1~193|cin
                Info (332115):      9.485      0.054 RR  CELL  U_core|U_fx3_gpif|Add1~193|cout
                Info (332115):      9.485      0.000 RR    IC  U_core|U_fx3_gpif|Add1~177|cin
                Info (332115):      9.485      0.000 RR  CELL  U_core|U_fx3_gpif|Add1~177|cout
                Info (332115):      9.485      0.000 RR    IC  U_core|U_fx3_gpif|Add1~189|cin
                Info (332115):      9.553      0.068 RR  CELL  U_core|U_fx3_gpif|Add1~189|cout
                Info (332115):      9.553      0.000 RR    IC  U_core|U_fx3_gpif|Add1~185|cin
                Info (332115):      9.553      0.000 RR  CELL  U_core|U_fx3_gpif|Add1~185|cout
                Info (332115):      9.553      0.000 RR    IC  U_core|U_fx3_gpif|Add1~181|cin
                Info (332115):      9.661      0.108 RR  CELL  U_core|U_fx3_gpif|Add1~181|cout
                Info (332115):      9.661      0.000 RR    IC  U_core|U_fx3_gpif|Add1~209|cin
                Info (332115):      9.661      0.000 RR  CELL  U_core|U_fx3_gpif|Add1~209|cout
                Info (332115):      9.661      0.000 RR    IC  U_core|U_fx3_gpif|Add1~205|cin
                Info (332115):      9.715      0.054 RR  CELL  U_core|U_fx3_gpif|Add1~205|cout
                Info (332115):      9.715      0.000 RR    IC  U_core|U_fx3_gpif|Add1~229|cin
                Info (332115):      9.715      0.000 RR  CELL  U_core|U_fx3_gpif|Add1~229|cout
                Info (332115):      9.715      0.000 RR    IC  U_core|U_fx3_gpif|Add1~225|cin
                Info (332115):      9.769      0.054 RR  CELL  U_core|U_fx3_gpif|Add1~225|cout
                Info (332115):      9.769      0.000 RR    IC  U_core|U_fx3_gpif|Add1~221|cin
                Info (332115):      9.769      0.000 RR  CELL  U_core|U_fx3_gpif|Add1~221|cout
                Info (332115):      9.769      0.000 RR    IC  U_core|U_fx3_gpif|Add1~217|cin
                Info (332115):     10.169      0.400 RR  CELL  U_core|U_fx3_gpif|Add1~217|sumout
                Info (332115):     10.169      0.000 RR    IC  U_core|U_fx3_gpif|current.tx_ts_plus32[62]|d
                Info (332115):     10.476      0.307 RR  CELL  bladerf_core:U_core|fx3_gpif:U_fx3_gpif|current.tx_ts_plus32[62]
                Info (332115): Clock Arrival Path:
                Info (332115): Total (ns)  Incr (ns)     Type  Element
                Info (332115): ==========  ========= ==  ====  ===================================
                Info (332115):      3.645      3.645  R        clock network delay
                Info (332115):      3.525     -0.120           clock uncertainty
                Info (332115):      3.525      0.000     uTsu  bladerf_core:U_core|fx3_gpif:U_fx3_gpif|current.tx_ts_plus32[62]
            Info (332181): Earliest Path Arrival
                Info (332115): From Node          : bladerf_core:U_core|handshake:U_handshake_timestamp|source_holding[6]
                Info (332115): To Node            : bladerf_core:U_core|fx3_gpif:U_fx3_gpif|current.tx_ts_plus32[6]
                Info (332115): Launch Clock       : U_core|U_nios_system|axi_ad9361_0|i_dev_if|i_rx|i_altlvds_rx|auto_generated|pll_sclk~PLL_OUTPUT_COUNTER|divclk
                Info (332115): Latch Clock        : U_core|U_fx3_pll|altera_pll_i|general[0].gpll~PLL_OUTPUT_COUNTER|divclk
                Info (332115): Data Arrival Time  : 5.465
                Info (332115): Clock Arrival Time : 5.213
                Info (332115): Relative Delay     : 0.252
                Info (332115): Data Arrival Path:
                Info (332115): Total (ns)  Incr (ns)     Type  Element
                Info (332115): ==========  ========= ==  ====  ===================================
                Info (332115):      4.745      4.745  R        clock network delay
                Info (332115):      4.745      0.000     uTco  bladerf_core:U_core|handshake:U_handshake_timestamp|source_holding[6]
                Info (332115):      4.745      0.000 FF  CELL  U_core|U_handshake_timestamp|source_holding[6]|q
                Info (332115):      5.126      0.381 FF    IC  U_core|U_fx3_gpif|Add1~5|datac
                Info (332115):      5.390      0.264 FR  CELL  U_core|U_fx3_gpif|Add1~5|sumout
                Info (332115):      5.390      0.000 RR    IC  U_core|U_fx3_gpif|current.tx_ts_plus32[6]|d
                Info (332115):      5.465      0.075 RR  CELL  bladerf_core:U_core|fx3_gpif:U_fx3_gpif|current.tx_ts_plus32[6]
                Info (332115): Clock Arrival Path:
                Info (332115): Total (ns)  Incr (ns)     Type  Element
                Info (332115): ==========  ========= ==  ====  ===================================
                Info (332115):      5.093      5.093  R        clock network delay
                Info (332115):      5.213      0.120           clock uncertainty
                Info (332115):      5.213      0.000      uTh  bladerf_core:U_core|fx3_gpif:U_fx3_gpif|current.tx_ts_plus32[6]
            Info (332181): Cross Path Clock Pessimism Removed : 2.789
            Info (332181): Required Skew   : 6.400
            Info (332181): Actual Skew     : 3.910
            Info (332181): Slack           : 2.490
        Info (332181): Path #4: Slack is 2.514 
            Info (332181): Latest Path Arrival
                Info (332115): From Node          : bladerf_core:U_core|handshake:U_handshake_timestamp|source_holding[11]
                Info (332115): To Node            : bladerf_core:U_core|fx3_gpif:U_fx3_gpif|current.tx_ts_plus32[62]
                Info (332115): Launch Clock       : U_core|U_nios_system|axi_ad9361_0|i_dev_if|i_rx|i_altlvds_rx|auto_generated|pll_sclk~PLL_OUTPUT_COUNTER|divclk
                Info (332115): Latch Clock        : U_core|U_fx3_pll|altera_pll_i|general[0].gpll~PLL_OUTPUT_COUNTER|divclk
                Info (332115): Data Arrival Time  : 10.452
                Info (332115): Clock Arrival Time : 3.525
                Info (332115): Relative Delay     : 6.927
                Info (332115): Data Arrival Path:
                Info (332115): Total (ns)  Incr (ns)     Type  Element
                Info (332115): ==========  ========= ==  ====  ===================================
                Info (332115):      6.333      6.333  R        clock network delay
                Info (332115):      6.333      0.000     uTco  bladerf_core:U_core|handshake:U_handshake_timestamp|source_holding[11]
                Info (332115):      6.333      0.000 RR  CELL  U_core|U_handshake_timestamp|source_holding[11]|q
                Info (332115):      6.787      0.454 RR    IC  U_core|U_fx3_gpif|Add1~25|datab
                Info (332115):      8.055      1.268 RR  CELL  U_core|U_fx3_gpif|Add1~25|cout
                Info (332115):      8.055      0.000 RR    IC  U_core|U_fx3_gpif|Add1~21|cin
                Info (332115):      8.109      0.054 RR  CELL  U_core|U_fx3_gpif|Add1~21|cout
                Info (332115):      8.109      0.000 RR    IC  U_core|U_fx3_gpif|Add1~17|cin
                Info (332115):      8.109      0.000 RR  CELL  U_core|U_fx3_gpif|Add1~17|cout
                Info (332115):      8.109      0.000 RR    IC  U_core|U_fx3_gpif|Add1~13|cin
                Info (332115):      8.177      0.068 RR  CELL  U_core|U_fx3_gpif|Add1~13|cout
                Info (332115):      8.177      0.000 RR    IC  U_core|U_fx3_gpif|Add1~61|cin
                Info (332115):      8.177      0.000 RR  CELL  U_core|U_fx3_gpif|Add1~61|cout
                Info (332115):      8.177      0.000 RR    IC  U_core|U_fx3_gpif|Add1~57|cin
                Info (332115):      8.285      0.108 RR  CELL  U_core|U_fx3_gpif|Add1~57|cout
                Info (332115):      8.285      0.000 RR    IC  U_core|U_fx3_gpif|Add1~53|cin
                Info (332115):      8.285      0.000 RR  CELL  U_core|U_fx3_gpif|Add1~53|cout
                Info (332115):      8.285      0.000 RR    IC  U_core|U_fx3_gpif|Add1~37|cin
                Info (332115):      8.339      0.054 RR  CELL  U_core|U_fx3_gpif|Add1~37|cout
                Info (332115):      8.339      0.000 RR    IC  U_core|U_fx3_gpif|Add1~49|cin
                Info (332115):      8.339      0.000 RR  CELL  U_core|U_fx3_gpif|Add1~49|cout
                Info (332115):      8.339      0.000 RR    IC  U_core|U_fx3_gpif|Add1~45|cin
                Info (332115):      8.393      0.054 RR  CELL  U_core|U_fx3_gpif|Add1~45|cout
                Info (332115):      8.393      0.000 RR    IC  U_core|U_fx3_gpif|Add1~41|cin
                Info (332115):      8.393      0.000 RR  CELL  U_core|U_fx3_gpif|Add1~41|cout
                Info (332115):      8.393      0.000 RR    IC  U_core|U_fx3_gpif|Add1~89|cin
                Info (332115):      8.447      0.054 RR  CELL  U_core|U_fx3_gpif|Add1~89|cout
                Info (332115):      8.447      0.000 RR    IC  U_core|U_fx3_gpif|Add1~85|cin
                Info (332115):      8.447      0.000 RR  CELL  U_core|U_fx3_gpif|Add1~85|cout
                Info (332115):      8.447      0.000 RR    IC  U_core|U_fx3_gpif|Add1~81|cin
                Info (332115):      8.499      0.052 RR  CELL  U_core|U_fx3_gpif|Add1~81|cout
                Info (332115):      8.499      0.000 RR    IC  U_core|U_fx3_gpif|Add1~65|cin
                Info (332115):      8.499      0.000 RR  CELL  U_core|U_fx3_gpif|Add1~65|cout
                Info (332115):      8.499      0.000 RR    IC  U_core|U_fx3_gpif|Add1~77|cin
                Info (332115):      8.623      0.124 RR  CELL  U_core|U_fx3_gpif|Add1~77|cout
                Info (332115):      8.623      0.000 RR    IC  U_core|U_fx3_gpif|Add1~73|cin
                Info (332115):      8.623      0.000 RR  CELL  U_core|U_fx3_gpif|Add1~73|cout
                Info (332115):      8.623      0.000 RR    IC  U_core|U_fx3_gpif|Add1~69|cin
                Info (332115):      8.677      0.054 RR  CELL  U_core|U_fx3_gpif|Add1~69|cout
                Info (332115):      8.677      0.000 RR    IC  U_core|U_fx3_gpif|Add1~117|cin
                Info (332115):      8.677      0.000 RR  CELL  U_core|U_fx3_gpif|Add1~117|cout
                Info (332115):      8.677      0.000 RR    IC  U_core|U_fx3_gpif|Add1~113|cin
                Info (332115):      8.731      0.054 RR  CELL  U_core|U_fx3_gpif|Add1~113|cout
                Info (332115):      8.731      0.000 RR    IC  U_core|U_fx3_gpif|Add1~109|cin
                Info (332115):      8.731      0.000 RR  CELL  U_core|U_fx3_gpif|Add1~109|cout
                Info (332115):      8.731      0.000 RR    IC  U_core|U_fx3_gpif|Add1~93|cin
                Info (332115):      8.785      0.054 RR  CELL  U_core|U_fx3_gpif|Add1~93|cout
                Info (332115):      8.785      0.000 RR    IC  U_core|U_fx3_gpif|Add1~105|cin
                Info (332115):      8.785      0.000 RR  CELL  U_core|U_fx3_gpif|Add1~105|cout
                Info (332115):      8.785      0.000 RR    IC  U_core|U_fx3_gpif|Add1~101|cin
                Info (332115):      8.853      0.068 RR  CELL  U_core|U_fx3_gpif|Add1~101|cout
                Info (332115):      8.853      0.000 RR    IC  U_core|U_fx3_gpif|Add1~97|cin
                Info (332115):      8.853      0.000 RR  CELL  U_core|U_fx3_gpif|Add1~97|cout
                Info (332115):      8.853      0.000 RR    IC  U_core|U_fx3_gpif|Add1~145|cin
                Info (332115):      8.961      0.108 RR  CELL  U_core|U_fx3_gpif|Add1~145|cout
                Info (332115):      8.961      0.000 RR    IC  U_core|U_fx3_gpif|Add1~141|cin
                Info (332115):      8.961      0.000 RR  CELL  U_core|U_fx3_gpif|Add1~141|cout
                Info (332115):      8.961      0.000 RR    IC  U_core|U_fx3_gpif|Add1~137|cin
                Info (332115):      9.015      0.054 RR  CELL  U_core|U_fx3_gpif|Add1~137|cout
                Info (332115):      9.015      0.000 RR    IC  U_core|U_fx3_gpif|Add1~121|cin
                Info (332115):      9.015      0.000 RR  CELL  U_core|U_fx3_gpif|Add1~121|cout
                Info (332115):      9.015      0.000 RR    IC  U_core|U_fx3_gpif|Add1~133|cin
                Info (332115):      9.069      0.054 RR  CELL  U_core|U_fx3_gpif|Add1~133|cout
                Info (332115):      9.069      0.000 RR    IC  U_core|U_fx3_gpif|Add1~129|cin
                Info (332115):      9.069      0.000 RR  CELL  U_core|U_fx3_gpif|Add1~129|cout
                Info (332115):      9.069      0.000 RR    IC  U_core|U_fx3_gpif|Add1~125|cin
                Info (332115):      9.123      0.054 RR  CELL  U_core|U_fx3_gpif|Add1~125|cout
                Info (332115):      9.123      0.000 RR    IC  U_core|U_fx3_gpif|Add1~173|cin
                Info (332115):      9.123      0.000 RR  CELL  U_core|U_fx3_gpif|Add1~173|cout
                Info (332115):      9.123      0.000 RR    IC  U_core|U_fx3_gpif|Add1~169|cin
                Info (332115):      9.175      0.052 RR  CELL  U_core|U_fx3_gpif|Add1~169|cout
                Info (332115):      9.175      0.000 RR    IC  U_core|U_fx3_gpif|Add1~165|cin
                Info (332115):      9.175      0.000 RR  CELL  U_core|U_fx3_gpif|Add1~165|cout
                Info (332115):      9.175      0.000 RR    IC  U_core|U_fx3_gpif|Add1~149|cin
                Info (332115):      9.299      0.124 RR  CELL  U_core|U_fx3_gpif|Add1~149|cout
                Info (332115):      9.299      0.000 RR    IC  U_core|U_fx3_gpif|Add1~161|cin
                Info (332115):      9.299      0.000 RR  CELL  U_core|U_fx3_gpif|Add1~161|cout
                Info (332115):      9.299      0.000 RR    IC  U_core|U_fx3_gpif|Add1~157|cin
                Info (332115):      9.353      0.054 RR  CELL  U_core|U_fx3_gpif|Add1~157|cout
                Info (332115):      9.353      0.000 RR    IC  U_core|U_fx3_gpif|Add1~153|cin
                Info (332115):      9.353      0.000 RR  CELL  U_core|U_fx3_gpif|Add1~153|cout
                Info (332115):      9.353      0.000 RR    IC  U_core|U_fx3_gpif|Add1~201|cin
                Info (332115):      9.407      0.054 RR  CELL  U_core|U_fx3_gpif|Add1~201|cout
                Info (332115):      9.407      0.000 RR    IC  U_core|U_fx3_gpif|Add1~197|cin
                Info (332115):      9.407      0.000 RR  CELL  U_core|U_fx3_gpif|Add1~197|cout
                Info (332115):      9.407      0.000 RR    IC  U_core|U_fx3_gpif|Add1~193|cin
                Info (332115):      9.461      0.054 RR  CELL  U_core|U_fx3_gpif|Add1~193|cout
                Info (332115):      9.461      0.000 RR    IC  U_core|U_fx3_gpif|Add1~177|cin
                Info (332115):      9.461      0.000 RR  CELL  U_core|U_fx3_gpif|Add1~177|cout
                Info (332115):      9.461      0.000 RR    IC  U_core|U_fx3_gpif|Add1~189|cin
                Info (332115):      9.529      0.068 RR  CELL  U_core|U_fx3_gpif|Add1~189|cout
                Info (332115):      9.529      0.000 RR    IC  U_core|U_fx3_gpif|Add1~185|cin
                Info (332115):      9.529      0.000 RR  CELL  U_core|U_fx3_gpif|Add1~185|cout
                Info (332115):      9.529      0.000 RR    IC  U_core|U_fx3_gpif|Add1~181|cin
                Info (332115):      9.637      0.108 RR  CELL  U_core|U_fx3_gpif|Add1~181|cout
                Info (332115):      9.637      0.000 RR    IC  U_core|U_fx3_gpif|Add1~209|cin
                Info (332115):      9.637      0.000 RR  CELL  U_core|U_fx3_gpif|Add1~209|cout
                Info (332115):      9.637      0.000 RR    IC  U_core|U_fx3_gpif|Add1~205|cin
                Info (332115):      9.691      0.054 RR  CELL  U_core|U_fx3_gpif|Add1~205|cout
                Info (332115):      9.691      0.000 RR    IC  U_core|U_fx3_gpif|Add1~229|cin
                Info (332115):      9.691      0.000 RR  CELL  U_core|U_fx3_gpif|Add1~229|cout
                Info (332115):      9.691      0.000 RR    IC  U_core|U_fx3_gpif|Add1~225|cin
                Info (332115):      9.745      0.054 RR  CELL  U_core|U_fx3_gpif|Add1~225|cout
                Info (332115):      9.745      0.000 RR    IC  U_core|U_fx3_gpif|Add1~221|cin
                Info (332115):      9.745      0.000 RR  CELL  U_core|U_fx3_gpif|Add1~221|cout
                Info (332115):      9.745      0.000 RR    IC  U_core|U_fx3_gpif|Add1~217|cin
                Info (332115):     10.145      0.400 RR  CELL  U_core|U_fx3_gpif|Add1~217|sumout
                Info (332115):     10.145      0.000 RR    IC  U_core|U_fx3_gpif|current.tx_ts_plus32[62]|d
                Info (332115):     10.452      0.307 RR  CELL  bladerf_core:U_core|fx3_gpif:U_fx3_gpif|current.tx_ts_plus32[62]
                Info (332115): Clock Arrival Path:
                Info (332115): Total (ns)  Incr (ns)     Type  Element
                Info (332115): ==========  ========= ==  ====  ===================================
                Info (332115):      3.645      3.645  R        clock network delay
                Info (332115):      3.525     -0.120           clock uncertainty
                Info (332115):      3.525      0.000     uTsu  bladerf_core:U_core|fx3_gpif:U_fx3_gpif|current.tx_ts_plus32[62]
            Info (332181): Earliest Path Arrival
                Info (332115): From Node          : bladerf_core:U_core|handshake:U_handshake_timestamp|source_holding[6]
                Info (332115): To Node            : bladerf_core:U_core|fx3_gpif:U_fx3_gpif|current.tx_ts_plus32[6]
                Info (332115): Launch Clock       : U_core|U_nios_system|axi_ad9361_0|i_dev_if|i_rx|i_altlvds_rx|auto_generated|pll_sclk~PLL_OUTPUT_COUNTER|divclk
                Info (332115): Latch Clock        : U_core|U_fx3_pll|altera_pll_i|general[0].gpll~PLL_OUTPUT_COUNTER|divclk
                Info (332115): Data Arrival Time  : 5.465
                Info (332115): Clock Arrival Time : 5.213
                Info (332115): Relative Delay     : 0.252
                Info (332115): Data Arrival Path:
                Info (332115): Total (ns)  Incr (ns)     Type  Element
                Info (332115): ==========  ========= ==  ====  ===================================
                Info (332115):      4.745      4.745  R        clock network delay
                Info (332115):      4.745      0.000     uTco  bladerf_core:U_core|handshake:U_handshake_timestamp|source_holding[6]
                Info (332115):      4.745      0.000 FF  CELL  U_core|U_handshake_timestamp|source_holding[6]|q
                Info (332115):      5.126      0.381 FF    IC  U_core|U_fx3_gpif|Add1~5|datac
                Info (332115):      5.390      0.264 FR  CELL  U_core|U_fx3_gpif|Add1~5|sumout
                Info (332115):      5.390      0.000 RR    IC  U_core|U_fx3_gpif|current.tx_ts_plus32[6]|d
                Info (332115):      5.465      0.075 RR  CELL  bladerf_core:U_core|fx3_gpif:U_fx3_gpif|current.tx_ts_plus32[6]
                Info (332115): Clock Arrival Path:
                Info (332115): Total (ns)  Incr (ns)     Type  Element
                Info (332115): ==========  ========= ==  ====  ===================================
                Info (332115):      5.093      5.093  R        clock network delay
                Info (332115):      5.213      0.120           clock uncertainty
                Info (332115):      5.213      0.000      uTh  bladerf_core:U_core|fx3_gpif:U_fx3_gpif|current.tx_ts_plus32[6]
            Info (332181): Cross Path Clock Pessimism Removed : 2.789
            Info (332181): Required Skew   : 6.400
            Info (332181): Actual Skew     : 3.886
            Info (332181): Slack           : 2.514
    Info (332181): Skew for the Earliest Arrival
        Info (332181): Path #5: Slack is 0.792 
            Info (332181): Latest Path Arrival
                Info (332115): From Node          : bladerf_core:U_core|handshake:U_handshake_timestamp|source_holding[3]
                Info (332115): To Node            : bladerf_core:U_core|fx3_gpif:U_fx3_gpif|current.tx_ts_plus32[3]
                Info (332115): Launch Clock       : U_core|U_nios_system|axi_ad9361_0|i_dev_if|i_rx|i_altlvds_rx|auto_generated|pll_sclk~PLL_OUTPUT_COUNTER|divclk
                Info (332115): Latch Clock        : U_core|U_fx3_pll|altera_pll_i|general[0].gpll~PLL_OUTPUT_COUNTER|divclk
                Info (332115): Data Arrival Time  : 12.167
                Info (332115): Clock Arrival Time : 3.543
                Info (332115): Relative Delay     : 8.624
                Info (332115): Data Arrival Path:
                Info (332115): Total (ns)  Incr (ns)     Type  Element
                Info (332115): ==========  ========= ==  ====  ===================================
                Info (332115):      6.358      6.358  R        clock network delay
                Info (332115):      6.358      0.000     uTco  bladerf_core:U_core|handshake:U_handshake_timestamp|source_holding[3]
                Info (332115):      6.358      0.000 FF  CELL  U_core|U_handshake_timestamp|source_holding[3]|q
                Info (332115):     11.774      5.416 FF    IC  U_core|U_fx3_gpif|current.tx_ts_plus32[3]~feeder|dataf
                Info (332115):     11.860      0.086 FF  CELL  U_core|U_fx3_gpif|current.tx_ts_plus32[3]~feeder|combout
                Info (332115):     11.860      0.000 FF    IC  U_core|U_fx3_gpif|current.tx_ts_plus32[3]|d
                Info (332115):     12.167      0.307 FF  CELL  bladerf_core:U_core|fx3_gpif:U_fx3_gpif|current.tx_ts_plus32[3]
                Info (332115): Clock Arrival Path:
                Info (332115): Total (ns)  Incr (ns)     Type  Element
                Info (332115): ==========  ========= ==  ====  ===================================
                Info (332115):      3.663      3.663  R        clock network delay
                Info (332115):      3.543     -0.120           clock uncertainty
                Info (332115):      3.543      0.000     uTsu  bladerf_core:U_core|fx3_gpif:U_fx3_gpif|current.tx_ts_plus32[3]
            Info (332181): Earliest Path Arrival
                Info (332115): From Node          : bladerf_core:U_core|handshake:U_handshake_timestamp|source_holding[6]
                Info (332115): To Node            : bladerf_core:U_core|fx3_gpif:U_fx3_gpif|current.tx_ts_plus32[6]
                Info (332115): Launch Clock       : U_core|U_nios_system|axi_ad9361_0|i_dev_if|i_rx|i_altlvds_rx|auto_generated|pll_sclk~PLL_OUTPUT_COUNTER|divclk
                Info (332115): Latch Clock        : U_core|U_fx3_pll|altera_pll_i|general[0].gpll~PLL_OUTPUT_COUNTER|divclk
                Info (332115): Data Arrival Time  : 5.465
                Info (332115): Clock Arrival Time : 5.213
                Info (332115): Relative Delay     : 0.252
                Info (332115): Data Arrival Path:
                Info (332115): Total (ns)  Incr (ns)     Type  Element
                Info (332115): ==========  ========= ==  ====  ===================================
                Info (332115):      4.745      4.745  R        clock network delay
                Info (332115):      4.745      0.000     uTco  bladerf_core:U_core|handshake:U_handshake_timestamp|source_holding[6]
                Info (332115):      4.745      0.000 FF  CELL  U_core|U_handshake_timestamp|source_holding[6]|q
                Info (332115):      5.126      0.381 FF    IC  U_core|U_fx3_gpif|Add1~5|datac
                Info (332115):      5.390      0.264 FR  CELL  U_core|U_fx3_gpif|Add1~5|sumout
                Info (332115):      5.390      0.000 RR    IC  U_core|U_fx3_gpif|current.tx_ts_plus32[6]|d
                Info (332115):      5.465      0.075 RR  CELL  bladerf_core:U_core|fx3_gpif:U_fx3_gpif|current.tx_ts_plus32[6]
                Info (332115): Clock Arrival Path:
                Info (332115): Total (ns)  Incr (ns)     Type  Element
                Info (332115): ==========  ========= ==  ====  ===================================
                Info (332115):      5.093      5.093  R        clock network delay
                Info (332115):      5.213      0.120           clock uncertainty
                Info (332115):      5.213      0.000      uTh  bladerf_core:U_core|fx3_gpif:U_fx3_gpif|current.tx_ts_plus32[6]
            Info (332181): Cross Path Clock Pessimism Removed : 2.764
            Info (332181): Required Skew   : 6.400
            Info (332181): Actual Skew     : 5.608
            Info (332181): Slack           : 0.792
        Info (332181): Path #6: Slack is 0.930 
            Info (332181): Latest Path Arrival
                Info (332115): From Node          : bladerf_core:U_core|handshake:U_handshake_timestamp|source_holding[3]
                Info (332115): To Node            : bladerf_core:U_core|fx3_gpif:U_fx3_gpif|current.tx_ts_plus32[3]
                Info (332115): Launch Clock       : U_core|U_nios_system|axi_ad9361_0|i_dev_if|i_rx|i_altlvds_rx|auto_generated|pll_sclk~PLL_OUTPUT_COUNTER|divclk
                Info (332115): Latch Clock        : U_core|U_fx3_pll|altera_pll_i|general[0].gpll~PLL_OUTPUT_COUNTER|divclk
                Info (332115): Data Arrival Time  : 12.167
                Info (332115): Clock Arrival Time : 3.543
                Info (332115): Relative Delay     : 8.624
                Info (332115): Data Arrival Path:
                Info (332115): Total (ns)  Incr (ns)     Type  Element
                Info (332115): ==========  ========= ==  ====  ===================================
                Info (332115):      6.358      6.358  R        clock network delay
                Info (332115):      6.358      0.000     uTco  bladerf_core:U_core|handshake:U_handshake_timestamp|source_holding[3]
                Info (332115):      6.358      0.000 FF  CELL  U_core|U_handshake_timestamp|source_holding[3]|q
                Info (332115):     11.774      5.416 FF    IC  U_core|U_fx3_gpif|current.tx_ts_plus32[3]~feeder|dataf
                Info (332115):     11.860      0.086 FF  CELL  U_core|U_fx3_gpif|current.tx_ts_plus32[3]~feeder|combout
                Info (332115):     11.860      0.000 FF    IC  U_core|U_fx3_gpif|current.tx_ts_plus32[3]|d
                Info (332115):     12.167      0.307 FF  CELL  bladerf_core:U_core|fx3_gpif:U_fx3_gpif|current.tx_ts_plus32[3]
                Info (332115): Clock Arrival Path:
                Info (332115): Total (ns)  Incr (ns)     Type  Element
                Info (332115): ==========  ========= ==  ====  ===================================
                Info (332115):      3.663      3.663  R        clock network delay
                Info (332115):      3.543     -0.120           clock uncertainty
                Info (332115):      3.543      0.000     uTsu  bladerf_core:U_core|fx3_gpif:U_fx3_gpif|current.tx_ts_plus32[3]
            Info (332181): Earliest Path Arrival
                Info (332115): From Node          : bladerf_core:U_core|handshake:U_handshake_timestamp|source_holding[48]
                Info (332115): To Node            : bladerf_core:U_core|fx3_gpif:U_fx3_gpif|current.tx_ts_plus32[48]
                Info (332115): Launch Clock       : U_core|U_nios_system|axi_ad9361_0|i_dev_if|i_rx|i_altlvds_rx|auto_generated|pll_sclk~PLL_OUTPUT_COUNTER|divclk
                Info (332115): Latch Clock        : U_core|U_fx3_pll|altera_pll_i|general[0].gpll~PLL_OUTPUT_COUNTER|divclk
                Info (332115): Data Arrival Time  : 5.605
                Info (332115): Clock Arrival Time : 5.215
                Info (332115): Relative Delay     : 0.390
                Info (332115): Data Arrival Path:
                Info (332115): Total (ns)  Incr (ns)     Type  Element
                Info (332115): ==========  ========= ==  ====  ===================================
                Info (332115):      4.747      4.747  R        clock network delay
                Info (332115):      4.747      0.000     uTco  bladerf_core:U_core|handshake:U_handshake_timestamp|source_holding[48]
                Info (332115):      4.747      0.000 FF  CELL  U_core|U_handshake_timestamp|source_holding[48]|q
                Info (332115):      4.999      0.252 FF    IC  U_core|U_fx3_gpif|Add1~157|datab
                Info (332115):      5.529      0.530 FF  CELL  U_core|U_fx3_gpif|Add1~157|sumout
                Info (332115):      5.529      0.000 FF    IC  U_core|U_fx3_gpif|current.tx_ts_plus32[48]|d
                Info (332115):      5.605      0.076 FF  CELL  bladerf_core:U_core|fx3_gpif:U_fx3_gpif|current.tx_ts_plus32[48]
                Info (332115): Clock Arrival Path:
                Info (332115): Total (ns)  Incr (ns)     Type  Element
                Info (332115): ==========  ========= ==  ====  ===================================
                Info (332115):      5.095      5.095  R        clock network delay
                Info (332115):      5.215      0.120           clock uncertainty
                Info (332115):      5.215      0.000      uTh  bladerf_core:U_core|fx3_gpif:U_fx3_gpif|current.tx_ts_plus32[48]
            Info (332181): Cross Path Clock Pessimism Removed : 2.764
            Info (332181): Required Skew   : 6.400
            Info (332181): Actual Skew     : 5.470
            Info (332181): Slack           : 0.930
        Info (332181): Path #7: Slack is 1.023 
            Info (332181): Latest Path Arrival
                Info (332115): From Node          : bladerf_core:U_core|handshake:U_handshake_timestamp|source_holding[3]
                Info (332115): To Node            : bladerf_core:U_core|fx3_gpif:U_fx3_gpif|current.tx_ts_plus32[3]
                Info (332115): Launch Clock       : U_core|U_nios_system|axi_ad9361_0|i_dev_if|i_rx|i_altlvds_rx|auto_generated|pll_sclk~PLL_OUTPUT_COUNTER|divclk
                Info (332115): Latch Clock        : U_core|U_fx3_pll|altera_pll_i|general[0].gpll~PLL_OUTPUT_COUNTER|divclk
                Info (332115): Data Arrival Time  : 12.167
                Info (332115): Clock Arrival Time : 3.543
                Info (332115): Relative Delay     : 8.624
                Info (332115): Data Arrival Path:
                Info (332115): Total (ns)  Incr (ns)     Type  Element
                Info (332115): ==========  ========= ==  ====  ===================================
                Info (332115):      6.358      6.358  R        clock network delay
                Info (332115):      6.358      0.000     uTco  bladerf_core:U_core|handshake:U_handshake_timestamp|source_holding[3]
                Info (332115):      6.358      0.000 FF  CELL  U_core|U_handshake_timestamp|source_holding[3]|q
                Info (332115):     11.774      5.416 FF    IC  U_core|U_fx3_gpif|current.tx_ts_plus32[3]~feeder|dataf
                Info (332115):     11.860      0.086 FF  CELL  U_core|U_fx3_gpif|current.tx_ts_plus32[3]~feeder|combout
                Info (332115):     11.860      0.000 FF    IC  U_core|U_fx3_gpif|current.tx_ts_plus32[3]|d
                Info (332115):     12.167      0.307 FF  CELL  bladerf_core:U_core|fx3_gpif:U_fx3_gpif|current.tx_ts_plus32[3]
                Info (332115): Clock Arrival Path:
                Info (332115): Total (ns)  Incr (ns)     Type  Element
                Info (332115): ==========  ========= ==  ====  ===================================
                Info (332115):      3.663      3.663  R        clock network delay
                Info (332115):      3.543     -0.120           clock uncertainty
                Info (332115):      3.543      0.000     uTsu  bladerf_core:U_core|fx3_gpif:U_fx3_gpif|current.tx_ts_plus32[3]
            Info (332181): Earliest Path Arrival
                Info (332115): From Node          : bladerf_core:U_core|handshake:U_handshake_timestamp|source_holding[23]
                Info (332115): To Node            : bladerf_core:U_core|fx3_gpif:U_fx3_gpif|current.tx_ts_plus32[23]
                Info (332115): Launch Clock       : U_core|U_nios_system|axi_ad9361_0|i_dev_if|i_rx|i_altlvds_rx|auto_generated|pll_sclk~PLL_OUTPUT_COUNTER|divclk
                Info (332115): Latch Clock        : U_core|U_fx3_pll|altera_pll_i|general[0].gpll~PLL_OUTPUT_COUNTER|divclk
                Info (332115): Data Arrival Time  : 5.715
                Info (332115): Clock Arrival Time : 5.232
                Info (332115): Relative Delay     : 0.483
                Info (332115): Data Arrival Path:
                Info (332115): Total (ns)  Incr (ns)     Type  Element
                Info (332115): ==========  ========= ==  ====  ===================================
                Info (332115):      4.741      4.741  R        clock network delay
                Info (332115):      4.741      0.000     uTco  bladerf_core:U_core|handshake:U_handshake_timestamp|source_holding[23]
                Info (332115):      4.741      0.000 FF  CELL  U_core|U_handshake_timestamp|source_holding[23]|q
                Info (332115):      5.098      0.357 FF    IC  U_core|U_fx3_gpif|Add1~85|dataa
                Info (332115):      5.639      0.541 FF  CELL  U_core|U_fx3_gpif|Add1~85|sumout
                Info (332115):      5.639      0.000 FF    IC  U_core|U_fx3_gpif|current.tx_ts_plus32[23]|d
                Info (332115):      5.715      0.076 FF  CELL  bladerf_core:U_core|fx3_gpif:U_fx3_gpif|current.tx_ts_plus32[23]
                Info (332115): Clock Arrival Path:
                Info (332115): Total (ns)  Incr (ns)     Type  Element
                Info (332115): ==========  ========= ==  ====  ===================================
                Info (332115):      5.112      5.112  R        clock network delay
                Info (332115):      5.232      0.120           clock uncertainty
                Info (332115):      5.232      0.000      uTh  bladerf_core:U_core|fx3_gpif:U_fx3_gpif|current.tx_ts_plus32[23]
            Info (332181): Cross Path Clock Pessimism Removed : 2.764
            Info (332181): Required Skew   : 6.400
            Info (332181): Actual Skew     : 5.377
            Info (332181): Slack           : 1.023
        Info (332181): Path #8: Slack is 1.023 
            Info (332181): Latest Path Arrival
                Info (332115): From Node          : bladerf_core:U_core|handshake:U_handshake_timestamp|source_holding[3]
                Info (332115): To Node            : bladerf_core:U_core|fx3_gpif:U_fx3_gpif|current.tx_ts_plus32[3]
                Info (332115): Launch Clock       : U_core|U_nios_system|axi_ad9361_0|i_dev_if|i_rx|i_altlvds_rx|auto_generated|pll_sclk~PLL_OUTPUT_COUNTER|divclk
                Info (332115): Latch Clock        : U_core|U_fx3_pll|altera_pll_i|general[0].gpll~PLL_OUTPUT_COUNTER|divclk
                Info (332115): Data Arrival Time  : 12.167
                Info (332115): Clock Arrival Time : 3.543
                Info (332115): Relative Delay     : 8.624
                Info (332115): Data Arrival Path:
                Info (332115): Total (ns)  Incr (ns)     Type  Element
                Info (332115): ==========  ========= ==  ====  ===================================
                Info (332115):      6.358      6.358  R        clock network delay
                Info (332115):      6.358      0.000     uTco  bladerf_core:U_core|handshake:U_handshake_timestamp|source_holding[3]
                Info (332115):      6.358      0.000 FF  CELL  U_core|U_handshake_timestamp|source_holding[3]|q
                Info (332115):     11.774      5.416 FF    IC  U_core|U_fx3_gpif|current.tx_ts_plus32[3]~feeder|dataf
                Info (332115):     11.860      0.086 FF  CELL  U_core|U_fx3_gpif|current.tx_ts_plus32[3]~feeder|combout
                Info (332115):     11.860      0.000 FF    IC  U_core|U_fx3_gpif|current.tx_ts_plus32[3]|d
                Info (332115):     12.167      0.307 FF  CELL  bladerf_core:U_core|fx3_gpif:U_fx3_gpif|current.tx_ts_plus32[3]
                Info (332115): Clock Arrival Path:
                Info (332115): Total (ns)  Incr (ns)     Type  Element
                Info (332115): ==========  ========= ==  ====  ===================================
                Info (332115):      3.663      3.663  R        clock network delay
                Info (332115):      3.543     -0.120           clock uncertainty
                Info (332115):      3.543      0.000     uTsu  bladerf_core:U_core|fx3_gpif:U_fx3_gpif|current.tx_ts_plus32[3]
            Info (332181): Earliest Path Arrival
                Info (332115): From Node          : bladerf_core:U_core|handshake:U_handshake_timestamp|source_holding[19]
                Info (332115): To Node            : bladerf_core:U_core|fx3_gpif:U_fx3_gpif|current.tx_ts_plus32[19]
                Info (332115): Launch Clock       : U_core|U_nios_system|axi_ad9361_0|i_dev_if|i_rx|i_altlvds_rx|auto_generated|pll_sclk~PLL_OUTPUT_COUNTER|divclk
                Info (332115): Latch Clock        : U_core|U_fx3_pll|altera_pll_i|general[0].gpll~PLL_OUTPUT_COUNTER|divclk
                Info (332115): Data Arrival Time  : 5.715
                Info (332115): Clock Arrival Time : 5.232
                Info (332115): Relative Delay     : 0.483
                Info (332115): Data Arrival Path:
                Info (332115): Total (ns)  Incr (ns)     Type  Element
                Info (332115): ==========  ========= ==  ====  ===================================
                Info (332115):      4.748      4.748  R        clock network delay
                Info (332115):      4.748      0.000     uTco  bladerf_core:U_core|handshake:U_handshake_timestamp|source_holding[19]
                Info (332115):      4.748      0.000 FF  CELL  U_core|U_handshake_timestamp|source_holding[19]|q
                Info (332115):      5.098      0.350 FF    IC  U_core|U_fx3_gpif|Add1~49|dataa
                Info (332115):      5.639      0.541 FF  CELL  U_core|U_fx3_gpif|Add1~49|sumout
                Info (332115):      5.639      0.000 FF    IC  U_core|U_fx3_gpif|current.tx_ts_plus32[19]|d
                Info (332115):      5.715      0.076 FF  CELL  bladerf_core:U_core|fx3_gpif:U_fx3_gpif|current.tx_ts_plus32[19]
                Info (332115): Clock Arrival Path:
                Info (332115): Total (ns)  Incr (ns)     Type  Element
                Info (332115): ==========  ========= ==  ====  ===================================
                Info (332115):      5.112      5.112  R        clock network delay
                Info (332115):      5.232      0.120           clock uncertainty
                Info (332115):      5.232      0.000      uTh  bladerf_core:U_core|fx3_gpif:U_fx3_gpif|current.tx_ts_plus32[19]
            Info (332181): Cross Path Clock Pessimism Removed : 2.764
            Info (332181): Required Skew   : 6.400
            Info (332181): Actual Skew     : 5.377
            Info (332181): Slack           : 1.023
Info (332115): Worst-case slack is 3.959 for "set_max_skew -from [get_keepers {*time_tamer:rx_tamer|handshake:U_snap|source_holding[*]}] -to [get_keepers {*time_tamer:rx_tamer|dout[*]}] 6.400 "
    Info (332181): Skew for the Latest Arrival
        Info (332181): Path #9: Slack is 3.959 
            Info (332181): Latest Path Arrival
                Info (332115): From Node          : bladerf_core:U_core|nios_system:U_nios_system|time_tamer:rx_tamer|handshake:U_snap|source_holding[57]
                Info (332115): To Node            : bladerf_core:U_core|nios_system:U_nios_system|time_tamer:rx_tamer|dout[1]
                Info (332115): Launch Clock       : U_core|U_nios_system|axi_ad9361_0|i_dev_if|i_rx|i_altlvds_rx|auto_generated|pll_sclk~PLL_OUTPUT_COUNTER|divclk
                Info (332115): Latch Clock        : U_core|U_system_pll|altera_pll_i|general[0].gpll~PLL_OUTPUT_COUNTER|divclk
                Info (332115): Data Arrival Time  : 8.885
                Info (332115): Clock Arrival Time : 1.651
                Info (332115): Relative Delay     : 7.234
                Info (332115): Data Arrival Path:
                Info (332115): Total (ns)  Incr (ns)     Type  Element
                Info (332115): ==========  ========= ==  ====  ===================================
                Info (332115):      6.356      6.356  R        clock network delay
                Info (332115):      6.356      0.000     uTco  bladerf_core:U_core|nios_system:U_nios_system|time_tamer:rx_tamer|handshake:U_snap|source_holding[57]
                Info (332115):      6.356      0.000 RR  CELL  U_core|U_nios_system|rx_tamer|U_snap|source_holding[57]|q
                Info (332115):      6.725      0.369 RR    IC  U_core|U_nios_system|rx_tamer|Mux6~1|dataa
                Info (332115):      7.434      0.709 RR  CELL  U_core|U_nios_system|rx_tamer|Mux6~1|combout
                Info (332115):      8.296      0.862 RR    IC  U_core|U_nios_system|rx_tamer|Mux6~3|datae
                Info (332115):      8.579      0.283 RR  CELL  U_core|U_nios_system|rx_tamer|Mux6~3|combout
                Info (332115):      8.579      0.000 RR    IC  U_core|U_nios_system|rx_tamer|dout[1]|d
                Info (332115):      8.885      0.306 RR  CELL  bladerf_core:U_core|nios_system:U_nios_system|time_tamer:rx_tamer|dout[1]
                Info (332115): Clock Arrival Path:
                Info (332115): Total (ns)  Incr (ns)     Type  Element
                Info (332115): ==========  ========= ==  ====  ===================================
                Info (332115):      1.811      1.811  R        clock network delay
                Info (332115):      1.651     -0.160           clock uncertainty
                Info (332115):      1.651      0.000     uTsu  bladerf_core:U_core|nios_system:U_nios_system|time_tamer:rx_tamer|dout[1]
            Info (332181): Earliest Path Arrival
                Info (332115): From Node          : bladerf_core:U_core|nios_system:U_nios_system|time_tamer:rx_tamer|handshake:U_snap|source_holding[20]
                Info (332115): To Node            : bladerf_core:U_core|nios_system:U_nios_system|time_tamer:rx_tamer|dout[4]
                Info (332115): Launch Clock       : U_core|U_nios_system|axi_ad9361_0|i_dev_if|i_rx|i_altlvds_rx|auto_generated|pll_sclk~PLL_OUTPUT_COUNTER|divclk
                Info (332115): Latch Clock        : U_core|U_system_pll|altera_pll_i|general[0].gpll~PLL_OUTPUT_COUNTER|divclk
                Info (332115): Data Arrival Time  : 5.428
                Info (332115): Clock Arrival Time : 3.491
                Info (332115): Relative Delay     : 1.937
                Info (332115): Data Arrival Path:
                Info (332115): Total (ns)  Incr (ns)     Type  Element
                Info (332115): ==========  ========= ==  ====  ===================================
                Info (332115):      4.738      4.738  R        clock network delay
                Info (332115):      4.738      0.000     uTco  bladerf_core:U_core|nios_system:U_nios_system|time_tamer:rx_tamer|handshake:U_snap|source_holding[20]
                Info (332115):      4.738      0.000 RR  CELL  U_core|U_nios_system|rx_tamer|U_snap|source_holding[20]|q
                Info (332115):      5.070      0.332 RR    IC  U_core|U_nios_system|rx_tamer|Mux3~2|datad
                Info (332115):      5.346      0.276 RR  CELL  U_core|U_nios_system|rx_tamer|Mux3~2|combout
                Info (332115):      5.346      0.000 RR    IC  U_core|U_nios_system|rx_tamer|dout[4]|d
                Info (332115):      5.428      0.082 RR  CELL  bladerf_core:U_core|nios_system:U_nios_system|time_tamer:rx_tamer|dout[4]
                Info (332115): Clock Arrival Path:
                Info (332115): Total (ns)  Incr (ns)     Type  Element
                Info (332115): ==========  ========= ==  ====  ===================================
                Info (332115):      3.331      3.331  R        clock network delay
                Info (332115):      3.491      0.160           clock uncertainty
                Info (332115):      3.491      0.000      uTh  bladerf_core:U_core|nios_system:U_nios_system|time_tamer:rx_tamer|dout[4]
            Info (332181): Cross Path Clock Pessimism Removed : 2.856
            Info (332181): Required Skew   : 6.400
            Info (332181): Actual Skew     : 2.441
            Info (332181): Slack           : 3.959
        Info (332181): Path #10: Slack is 4.005 
            Info (332181): Latest Path Arrival
                Info (332115): From Node          : bladerf_core:U_core|nios_system:U_nios_system|time_tamer:rx_tamer|handshake:U_snap|source_holding[16]
                Info (332115): To Node            : bladerf_core:U_core|nios_system:U_nios_system|time_tamer:rx_tamer|dout[0]
                Info (332115): Launch Clock       : U_core|U_nios_system|axi_ad9361_0|i_dev_if|i_rx|i_altlvds_rx|auto_generated|pll_sclk~PLL_OUTPUT_COUNTER|divclk
                Info (332115): Latch Clock        : U_core|U_system_pll|altera_pll_i|general[0].gpll~PLL_OUTPUT_COUNTER|divclk
                Info (332115): Data Arrival Time  : 8.861
                Info (332115): Clock Arrival Time : 1.650
                Info (332115): Relative Delay     : 7.211
                Info (332115): Data Arrival Path:
                Info (332115): Total (ns)  Incr (ns)     Type  Element
                Info (332115): ==========  ========= ==  ====  ===================================
                Info (332115):      6.318      6.318  R        clock network delay
                Info (332115):      6.318      0.000     uTco  bladerf_core:U_core|nios_system:U_nios_system|time_tamer:rx_tamer|handshake:U_snap|source_holding[16]
                Info (332115):      6.318      0.000 FF  CELL  U_core|U_nios_system|rx_tamer|U_snap|source_holding[16]|q
                Info (332115):      6.630      0.312 FF    IC  U_core|U_nios_system|rx_tamer|Mux7~1|datac
                Info (332115):      7.306      0.676 FF  CELL  U_core|U_nios_system|rx_tamer|Mux7~1|combout
                Info (332115):      8.059      0.753 FF    IC  U_core|U_nios_system|rx_tamer|Mux7~2|datag
                Info (332115):      8.554      0.495 FF  CELL  U_core|U_nios_system|rx_tamer|Mux7~2|combout
                Info (332115):      8.554      0.000 FF    IC  U_core|U_nios_system|rx_tamer|dout[0]|d
                Info (332115):      8.861      0.307 FF  CELL  bladerf_core:U_core|nios_system:U_nios_system|time_tamer:rx_tamer|dout[0]
                Info (332115): Clock Arrival Path:
                Info (332115): Total (ns)  Incr (ns)     Type  Element
                Info (332115): ==========  ========= ==  ====  ===================================
                Info (332115):      1.810      1.810  R        clock network delay
                Info (332115):      1.650     -0.160           clock uncertainty
                Info (332115):      1.650      0.000     uTsu  bladerf_core:U_core|nios_system:U_nios_system|time_tamer:rx_tamer|dout[0]
            Info (332181): Earliest Path Arrival
                Info (332115): From Node          : bladerf_core:U_core|nios_system:U_nios_system|time_tamer:rx_tamer|handshake:U_snap|source_holding[20]
                Info (332115): To Node            : bladerf_core:U_core|nios_system:U_nios_system|time_tamer:rx_tamer|dout[4]
                Info (332115): Launch Clock       : U_core|U_nios_system|axi_ad9361_0|i_dev_if|i_rx|i_altlvds_rx|auto_generated|pll_sclk~PLL_OUTPUT_COUNTER|divclk
                Info (332115): Latch Clock        : U_core|U_system_pll|altera_pll_i|general[0].gpll~PLL_OUTPUT_COUNTER|divclk
                Info (332115): Data Arrival Time  : 5.428
                Info (332115): Clock Arrival Time : 3.491
                Info (332115): Relative Delay     : 1.937
                Info (332115): Data Arrival Path:
                Info (332115): Total (ns)  Incr (ns)     Type  Element
                Info (332115): ==========  ========= ==  ====  ===================================
                Info (332115):      4.738      4.738  R        clock network delay
                Info (332115):      4.738      0.000     uTco  bladerf_core:U_core|nios_system:U_nios_system|time_tamer:rx_tamer|handshake:U_snap|source_holding[20]
                Info (332115):      4.738      0.000 RR  CELL  U_core|U_nios_system|rx_tamer|U_snap|source_holding[20]|q
                Info (332115):      5.070      0.332 RR    IC  U_core|U_nios_system|rx_tamer|Mux3~2|datad
                Info (332115):      5.346      0.276 RR  CELL  U_core|U_nios_system|rx_tamer|Mux3~2|combout
                Info (332115):      5.346      0.000 RR    IC  U_core|U_nios_system|rx_tamer|dout[4]|d
                Info (332115):      5.428      0.082 RR  CELL  bladerf_core:U_core|nios_system:U_nios_system|time_tamer:rx_tamer|dout[4]
                Info (332115): Clock Arrival Path:
                Info (332115): Total (ns)  Incr (ns)     Type  Element
                Info (332115): ==========  ========= ==  ====  ===================================
                Info (332115):      3.331      3.331  R        clock network delay
                Info (332115):      3.491      0.160           clock uncertainty
                Info (332115):      3.491      0.000      uTh  bladerf_core:U_core|nios_system:U_nios_system|time_tamer:rx_tamer|dout[4]
            Info (332181): Cross Path Clock Pessimism Removed : 2.879
            Info (332181): Required Skew   : 6.400
            Info (332181): Actual Skew     : 2.395
            Info (332181): Slack           : 4.005
        Info (332181): Path #11: Slack is 4.056 
            Info (332181): Latest Path Arrival
                Info (332115): From Node          : bladerf_core:U_core|nios_system:U_nios_system|time_tamer:rx_tamer|handshake:U_snap|source_holding[49]
                Info (332115): To Node            : bladerf_core:U_core|nios_system:U_nios_system|time_tamer:rx_tamer|dout[1]
                Info (332115): Launch Clock       : U_core|U_nios_system|axi_ad9361_0|i_dev_if|i_rx|i_altlvds_rx|auto_generated|pll_sclk~PLL_OUTPUT_COUNTER|divclk
                Info (332115): Latch Clock        : U_core|U_system_pll|altera_pll_i|general[0].gpll~PLL_OUTPUT_COUNTER|divclk
                Info (332115): Data Arrival Time  : 8.788
                Info (332115): Clock Arrival Time : 1.651
                Info (332115): Relative Delay     : 7.137
                Info (332115): Data Arrival Path:
                Info (332115): Total (ns)  Incr (ns)     Type  Element
                Info (332115): ==========  ========= ==  ====  ===================================
                Info (332115):      6.364      6.364  R        clock network delay
                Info (332115):      6.364      0.000     uTco  bladerf_core:U_core|nios_system:U_nios_system|time_tamer:rx_tamer|handshake:U_snap|source_holding[49]
                Info (332115):      6.364      0.000 FF  CELL  U_core|U_nios_system|rx_tamer|U_snap|source_holding[49]|q
                Info (332115):      6.682      0.318 FF    IC  U_core|U_nios_system|rx_tamer|Mux6~1|datac
                Info (332115):      7.258      0.576 FF  CELL  U_core|U_nios_system|rx_tamer|Mux6~1|combout
                Info (332115):      8.227      0.969 FF    IC  U_core|U_nios_system|rx_tamer|Mux6~3|datae
                Info (332115):      8.481      0.254 FF  CELL  U_core|U_nios_system|rx_tamer|Mux6~3|combout
                Info (332115):      8.481      0.000 FF    IC  U_core|U_nios_system|rx_tamer|dout[1]|d
                Info (332115):      8.788      0.307 FF  CELL  bladerf_core:U_core|nios_system:U_nios_system|time_tamer:rx_tamer|dout[1]
                Info (332115): Clock Arrival Path:
                Info (332115): Total (ns)  Incr (ns)     Type  Element
                Info (332115): ==========  ========= ==  ====  ===================================
                Info (332115):      1.811      1.811  R        clock network delay
                Info (332115):      1.651     -0.160           clock uncertainty
                Info (332115):      1.651      0.000     uTsu  bladerf_core:U_core|nios_system:U_nios_system|time_tamer:rx_tamer|dout[1]
            Info (332181): Earliest Path Arrival
                Info (332115): From Node          : bladerf_core:U_core|nios_system:U_nios_system|time_tamer:rx_tamer|handshake:U_snap|source_holding[20]
                Info (332115): To Node            : bladerf_core:U_core|nios_system:U_nios_system|time_tamer:rx_tamer|dout[4]
                Info (332115): Launch Clock       : U_core|U_nios_system|axi_ad9361_0|i_dev_if|i_rx|i_altlvds_rx|auto_generated|pll_sclk~PLL_OUTPUT_COUNTER|divclk
                Info (332115): Latch Clock        : U_core|U_system_pll|altera_pll_i|general[0].gpll~PLL_OUTPUT_COUNTER|divclk
                Info (332115): Data Arrival Time  : 5.428
                Info (332115): Clock Arrival Time : 3.491
                Info (332115): Relative Delay     : 1.937
                Info (332115): Data Arrival Path:
                Info (332115): Total (ns)  Incr (ns)     Type  Element
                Info (332115): ==========  ========= ==  ====  ===================================
                Info (332115):      4.738      4.738  R        clock network delay
                Info (332115):      4.738      0.000     uTco  bladerf_core:U_core|nios_system:U_nios_system|time_tamer:rx_tamer|handshake:U_snap|source_holding[20]
                Info (332115):      4.738      0.000 RR  CELL  U_core|U_nios_system|rx_tamer|U_snap|source_holding[20]|q
                Info (332115):      5.070      0.332 RR    IC  U_core|U_nios_system|rx_tamer|Mux3~2|datad
                Info (332115):      5.346      0.276 RR  CELL  U_core|U_nios_system|rx_tamer|Mux3~2|combout
                Info (332115):      5.346      0.000 RR    IC  U_core|U_nios_system|rx_tamer|dout[4]|d
                Info (332115):      5.428      0.082 RR  CELL  bladerf_core:U_core|nios_system:U_nios_system|time_tamer:rx_tamer|dout[4]
                Info (332115): Clock Arrival Path:
                Info (332115): Total (ns)  Incr (ns)     Type  Element
                Info (332115): ==========  ========= ==  ====  ===================================
                Info (332115):      3.331      3.331  R        clock network delay
                Info (332115):      3.491      0.160           clock uncertainty
                Info (332115):      3.491      0.000      uTh  bladerf_core:U_core|nios_system:U_nios_system|time_tamer:rx_tamer|dout[4]
            Info (332181): Cross Path Clock Pessimism Removed : 2.856
            Info (332181): Required Skew   : 6.400
            Info (332181): Actual Skew     : 2.344
            Info (332181): Slack           : 4.056
        Info (332181): Path #12: Slack is 4.099 
            Info (332181): Latest Path Arrival
                Info (332115): From Node          : bladerf_core:U_core|nios_system:U_nios_system|time_tamer:rx_tamer|handshake:U_snap|source_holding[32]
                Info (332115): To Node            : bladerf_core:U_core|nios_system:U_nios_system|time_tamer:rx_tamer|dout[0]
                Info (332115): Launch Clock       : U_core|U_nios_system|axi_ad9361_0|i_dev_if|i_rx|i_altlvds_rx|auto_generated|pll_sclk~PLL_OUTPUT_COUNTER|divclk
                Info (332115): Latch Clock        : U_core|U_system_pll|altera_pll_i|general[0].gpll~PLL_OUTPUT_COUNTER|divclk
                Info (332115): Data Arrival Time  : 8.767
                Info (332115): Clock Arrival Time : 1.650
                Info (332115): Relative Delay     : 7.117
                Info (332115): Data Arrival Path:
                Info (332115): Total (ns)  Incr (ns)     Type  Element
                Info (332115): ==========  ========= ==  ====  ===================================
                Info (332115):      6.318      6.318  R        clock network delay
                Info (332115):      6.318      0.000     uTco  bladerf_core:U_core|nios_system:U_nios_system|time_tamer:rx_tamer|handshake:U_snap|source_holding[32]
                Info (332115):      6.318      0.000 RR  CELL  U_core|U_nios_system|rx_tamer|U_snap|source_holding[32]|q
                Info (332115):      6.651      0.333 RR    IC  U_core|U_nios_system|rx_tamer|Mux7~0|dataa
                Info (332115):      7.343      0.692 RR  CELL  U_core|U_nios_system|rx_tamer|Mux7~0|combout
                Info (332115):      7.991      0.648 RR    IC  U_core|U_nios_system|rx_tamer|Mux7~2|datac
                Info (332115):      8.461      0.470 RR  CELL  U_core|U_nios_system|rx_tamer|Mux7~2|combout
                Info (332115):      8.461      0.000 RR    IC  U_core|U_nios_system|rx_tamer|dout[0]|d
                Info (332115):      8.767      0.306 RR  CELL  bladerf_core:U_core|nios_system:U_nios_system|time_tamer:rx_tamer|dout[0]
                Info (332115): Clock Arrival Path:
                Info (332115): Total (ns)  Incr (ns)     Type  Element
                Info (332115): ==========  ========= ==  ====  ===================================
                Info (332115):      1.810      1.810  R        clock network delay
                Info (332115):      1.650     -0.160           clock uncertainty
                Info (332115):      1.650      0.000     uTsu  bladerf_core:U_core|nios_system:U_nios_system|time_tamer:rx_tamer|dout[0]
            Info (332181): Earliest Path Arrival
                Info (332115): From Node          : bladerf_core:U_core|nios_system:U_nios_system|time_tamer:rx_tamer|handshake:U_snap|source_holding[20]
                Info (332115): To Node            : bladerf_core:U_core|nios_system:U_nios_system|time_tamer:rx_tamer|dout[4]
                Info (332115): Launch Clock       : U_core|U_nios_system|axi_ad9361_0|i_dev_if|i_rx|i_altlvds_rx|auto_generated|pll_sclk~PLL_OUTPUT_COUNTER|divclk
                Info (332115): Latch Clock        : U_core|U_system_pll|altera_pll_i|general[0].gpll~PLL_OUTPUT_COUNTER|divclk
                Info (332115): Data Arrival Time  : 5.428
                Info (332115): Clock Arrival Time : 3.491
                Info (332115): Relative Delay     : 1.937
                Info (332115): Data Arrival Path:
                Info (332115): Total (ns)  Incr (ns)     Type  Element
                Info (332115): ==========  ========= ==  ====  ===================================
                Info (332115):      4.738      4.738  R        clock network delay
                Info (332115):      4.738      0.000     uTco  bladerf_core:U_core|nios_system:U_nios_system|time_tamer:rx_tamer|handshake:U_snap|source_holding[20]
                Info (332115):      4.738      0.000 RR  CELL  U_core|U_nios_system|rx_tamer|U_snap|source_holding[20]|q
                Info (332115):      5.070      0.332 RR    IC  U_core|U_nios_system|rx_tamer|Mux3~2|datad
                Info (332115):      5.346      0.276 RR  CELL  U_core|U_nios_system|rx_tamer|Mux3~2|combout
                Info (332115):      5.346      0.000 RR    IC  U_core|U_nios_system|rx_tamer|dout[4]|d
                Info (332115):      5.428      0.082 RR  CELL  bladerf_core:U_core|nios_system:U_nios_system|time_tamer:rx_tamer|dout[4]
                Info (332115): Clock Arrival Path:
                Info (332115): Total (ns)  Incr (ns)     Type  Element
                Info (332115): ==========  ========= ==  ====  ===================================
                Info (332115):      3.331      3.331  R        clock network delay
                Info (332115):      3.491      0.160           clock uncertainty
                Info (332115):      3.491      0.000      uTh  bladerf_core:U_core|nios_system:U_nios_system|time_tamer:rx_tamer|dout[4]
            Info (332181): Cross Path Clock Pessimism Removed : 2.879
            Info (332181): Required Skew   : 6.400
            Info (332181): Actual Skew     : 2.301
            Info (332181): Slack           : 4.099
    Info (332181): Skew for the Earliest Arrival
        Info (332181): Path #13: Slack is 3.959 
            Info (332181): Latest Path Arrival
                Info (332115): From Node          : bladerf_core:U_core|nios_system:U_nios_system|time_tamer:rx_tamer|handshake:U_snap|source_holding[57]
                Info (332115): To Node            : bladerf_core:U_core|nios_system:U_nios_system|time_tamer:rx_tamer|dout[1]
                Info (332115): Launch Clock       : U_core|U_nios_system|axi_ad9361_0|i_dev_if|i_rx|i_altlvds_rx|auto_generated|pll_sclk~PLL_OUTPUT_COUNTER|divclk
                Info (332115): Latch Clock        : U_core|U_system_pll|altera_pll_i|general[0].gpll~PLL_OUTPUT_COUNTER|divclk
                Info (332115): Data Arrival Time  : 8.885
                Info (332115): Clock Arrival Time : 1.651
                Info (332115): Relative Delay     : 7.234
                Info (332115): Data Arrival Path:
                Info (332115): Total (ns)  Incr (ns)     Type  Element
                Info (332115): ==========  ========= ==  ====  ===================================
                Info (332115):      6.356      6.356  R        clock network delay
                Info (332115):      6.356      0.000     uTco  bladerf_core:U_core|nios_system:U_nios_system|time_tamer:rx_tamer|handshake:U_snap|source_holding[57]
                Info (332115):      6.356      0.000 RR  CELL  U_core|U_nios_system|rx_tamer|U_snap|source_holding[57]|q
                Info (332115):      6.725      0.369 RR    IC  U_core|U_nios_system|rx_tamer|Mux6~1|dataa
                Info (332115):      7.434      0.709 RR  CELL  U_core|U_nios_system|rx_tamer|Mux6~1|combout
                Info (332115):      8.296      0.862 RR    IC  U_core|U_nios_system|rx_tamer|Mux6~3|datae
                Info (332115):      8.579      0.283 RR  CELL  U_core|U_nios_system|rx_tamer|Mux6~3|combout
                Info (332115):      8.579      0.000 RR    IC  U_core|U_nios_system|rx_tamer|dout[1]|d
                Info (332115):      8.885      0.306 RR  CELL  bladerf_core:U_core|nios_system:U_nios_system|time_tamer:rx_tamer|dout[1]
                Info (332115): Clock Arrival Path:
                Info (332115): Total (ns)  Incr (ns)     Type  Element
                Info (332115): ==========  ========= ==  ====  ===================================
                Info (332115):      1.811      1.811  R        clock network delay
                Info (332115):      1.651     -0.160           clock uncertainty
                Info (332115):      1.651      0.000     uTsu  bladerf_core:U_core|nios_system:U_nios_system|time_tamer:rx_tamer|dout[1]
            Info (332181): Earliest Path Arrival
                Info (332115): From Node          : bladerf_core:U_core|nios_system:U_nios_system|time_tamer:rx_tamer|handshake:U_snap|source_holding[20]
                Info (332115): To Node            : bladerf_core:U_core|nios_system:U_nios_system|time_tamer:rx_tamer|dout[4]
                Info (332115): Launch Clock       : U_core|U_nios_system|axi_ad9361_0|i_dev_if|i_rx|i_altlvds_rx|auto_generated|pll_sclk~PLL_OUTPUT_COUNTER|divclk
                Info (332115): Latch Clock        : U_core|U_system_pll|altera_pll_i|general[0].gpll~PLL_OUTPUT_COUNTER|divclk
                Info (332115): Data Arrival Time  : 5.428
                Info (332115): Clock Arrival Time : 3.491
                Info (332115): Relative Delay     : 1.937
                Info (332115): Data Arrival Path:
                Info (332115): Total (ns)  Incr (ns)     Type  Element
                Info (332115): ==========  ========= ==  ====  ===================================
                Info (332115):      4.738      4.738  R        clock network delay
                Info (332115):      4.738      0.000     uTco  bladerf_core:U_core|nios_system:U_nios_system|time_tamer:rx_tamer|handshake:U_snap|source_holding[20]
                Info (332115):      4.738      0.000 RR  CELL  U_core|U_nios_system|rx_tamer|U_snap|source_holding[20]|q
                Info (332115):      5.070      0.332 RR    IC  U_core|U_nios_system|rx_tamer|Mux3~2|datad
                Info (332115):      5.346      0.276 RR  CELL  U_core|U_nios_system|rx_tamer|Mux3~2|combout
                Info (332115):      5.346      0.000 RR    IC  U_core|U_nios_system|rx_tamer|dout[4]|d
                Info (332115):      5.428      0.082 RR  CELL  bladerf_core:U_core|nios_system:U_nios_system|time_tamer:rx_tamer|dout[4]
                Info (332115): Clock Arrival Path:
                Info (332115): Total (ns)  Incr (ns)     Type  Element
                Info (332115): ==========  ========= ==  ====  ===================================
                Info (332115):      3.331      3.331  R        clock network delay
                Info (332115):      3.491      0.160           clock uncertainty
                Info (332115):      3.491      0.000      uTh  bladerf_core:U_core|nios_system:U_nios_system|time_tamer:rx_tamer|dout[4]
            Info (332181): Cross Path Clock Pessimism Removed : 2.856
            Info (332181): Required Skew   : 6.400
            Info (332181): Actual Skew     : 2.441
            Info (332181): Slack           : 3.959
        Info (332181): Path #14: Slack is 3.961 
            Info (332181): Latest Path Arrival
                Info (332115): From Node          : bladerf_core:U_core|nios_system:U_nios_system|time_tamer:rx_tamer|handshake:U_snap|source_holding[57]
                Info (332115): To Node            : bladerf_core:U_core|nios_system:U_nios_system|time_tamer:rx_tamer|dout[1]
                Info (332115): Launch Clock       : U_core|U_nios_system|axi_ad9361_0|i_dev_if|i_rx|i_altlvds_rx|auto_generated|pll_sclk~PLL_OUTPUT_COUNTER|divclk
                Info (332115): Latch Clock        : U_core|U_system_pll|altera_pll_i|general[0].gpll~PLL_OUTPUT_COUNTER|divclk
                Info (332115): Data Arrival Time  : 8.885
                Info (332115): Clock Arrival Time : 1.651
                Info (332115): Relative Delay     : 7.234
                Info (332115): Data Arrival Path:
                Info (332115): Total (ns)  Incr (ns)     Type  Element
                Info (332115): ==========  ========= ==  ====  ===================================
                Info (332115):      6.356      6.356  R        clock network delay
                Info (332115):      6.356      0.000     uTco  bladerf_core:U_core|nios_system:U_nios_system|time_tamer:rx_tamer|handshake:U_snap|source_holding[57]
                Info (332115):      6.356      0.000 RR  CELL  U_core|U_nios_system|rx_tamer|U_snap|source_holding[57]|q
                Info (332115):      6.725      0.369 RR    IC  U_core|U_nios_system|rx_tamer|Mux6~1|dataa
                Info (332115):      7.434      0.709 RR  CELL  U_core|U_nios_system|rx_tamer|Mux6~1|combout
                Info (332115):      8.296      0.862 RR    IC  U_core|U_nios_system|rx_tamer|Mux6~3|datae
                Info (332115):      8.579      0.283 RR  CELL  U_core|U_nios_system|rx_tamer|Mux6~3|combout
                Info (332115):      8.579      0.000 RR    IC  U_core|U_nios_system|rx_tamer|dout[1]|d
                Info (332115):      8.885      0.306 RR  CELL  bladerf_core:U_core|nios_system:U_nios_system|time_tamer:rx_tamer|dout[1]
                Info (332115): Clock Arrival Path:
                Info (332115): Total (ns)  Incr (ns)     Type  Element
                Info (332115): ==========  ========= ==  ====  ===================================
                Info (332115):      1.811      1.811  R        clock network delay
                Info (332115):      1.651     -0.160           clock uncertainty
                Info (332115):      1.651      0.000     uTsu  bladerf_core:U_core|nios_system:U_nios_system|time_tamer:rx_tamer|dout[1]
            Info (332181): Earliest Path Arrival
                Info (332115): From Node          : bladerf_core:U_core|nios_system:U_nios_system|time_tamer:rx_tamer|handshake:U_snap|source_holding[21]
                Info (332115): To Node            : bladerf_core:U_core|nios_system:U_nios_system|time_tamer:rx_tamer|dout[5]
                Info (332115): Launch Clock       : U_core|U_nios_system|axi_ad9361_0|i_dev_if|i_rx|i_altlvds_rx|auto_generated|pll_sclk~PLL_OUTPUT_COUNTER|divclk
                Info (332115): Latch Clock        : U_core|U_system_pll|altera_pll_i|general[0].gpll~PLL_OUTPUT_COUNTER|divclk
                Info (332115): Data Arrival Time  : 5.437
                Info (332115): Clock Arrival Time : 3.498
                Info (332115): Relative Delay     : 1.939
                Info (332115): Data Arrival Path:
                Info (332115): Total (ns)  Incr (ns)     Type  Element
                Info (332115): ==========  ========= ==  ====  ===================================
                Info (332115):      4.740      4.740  R        clock network delay
                Info (332115):      4.740      0.000     uTco  bladerf_core:U_core|nios_system:U_nios_system|time_tamer:rx_tamer|handshake:U_snap|source_holding[21]
                Info (332115):      4.740      0.000 RR  CELL  U_core|U_nios_system|rx_tamer|U_snap|source_holding[21]|q
                Info (332115):      5.079      0.339 RR    IC  U_core|U_nios_system|rx_tamer|Mux2~2|datad
                Info (332115):      5.355      0.276 RR  CELL  U_core|U_nios_system|rx_tamer|Mux2~2|combout
                Info (332115):      5.355      0.000 RR    IC  U_core|U_nios_system|rx_tamer|dout[5]|d
                Info (332115):      5.437      0.082 RR  CELL  bladerf_core:U_core|nios_system:U_nios_system|time_tamer:rx_tamer|dout[5]
                Info (332115): Clock Arrival Path:
                Info (332115): Total (ns)  Incr (ns)     Type  Element
                Info (332115): ==========  ========= ==  ====  ===================================
                Info (332115):      3.338      3.338  R        clock network delay
                Info (332115):      3.498      0.160           clock uncertainty
                Info (332115):      3.498      0.000      uTh  bladerf_core:U_core|nios_system:U_nios_system|time_tamer:rx_tamer|dout[5]
            Info (332181): Cross Path Clock Pessimism Removed : 2.856
            Info (332181): Required Skew   : 6.400
            Info (332181): Actual Skew     : 2.439
            Info (332181): Slack           : 3.961
        Info (332181): Path #15: Slack is 3.965 
            Info (332181): Latest Path Arrival
                Info (332115): From Node          : bladerf_core:U_core|nios_system:U_nios_system|time_tamer:rx_tamer|handshake:U_snap|source_holding[57]
                Info (332115): To Node            : bladerf_core:U_core|nios_system:U_nios_system|time_tamer:rx_tamer|dout[1]
                Info (332115): Launch Clock       : U_core|U_nios_system|axi_ad9361_0|i_dev_if|i_rx|i_altlvds_rx|auto_generated|pll_sclk~PLL_OUTPUT_COUNTER|divclk
                Info (332115): Latch Clock        : U_core|U_system_pll|altera_pll_i|general[0].gpll~PLL_OUTPUT_COUNTER|divclk
                Info (332115): Data Arrival Time  : 8.885
                Info (332115): Clock Arrival Time : 1.651
                Info (332115): Relative Delay     : 7.234
                Info (332115): Data Arrival Path:
                Info (332115): Total (ns)  Incr (ns)     Type  Element
                Info (332115): ==========  ========= ==  ====  ===================================
                Info (332115):      6.356      6.356  R        clock network delay
                Info (332115):      6.356      0.000     uTco  bladerf_core:U_core|nios_system:U_nios_system|time_tamer:rx_tamer|handshake:U_snap|source_holding[57]
                Info (332115):      6.356      0.000 RR  CELL  U_core|U_nios_system|rx_tamer|U_snap|source_holding[57]|q
                Info (332115):      6.725      0.369 RR    IC  U_core|U_nios_system|rx_tamer|Mux6~1|dataa
                Info (332115):      7.434      0.709 RR  CELL  U_core|U_nios_system|rx_tamer|Mux6~1|combout
                Info (332115):      8.296      0.862 RR    IC  U_core|U_nios_system|rx_tamer|Mux6~3|datae
                Info (332115):      8.579      0.283 RR  CELL  U_core|U_nios_system|rx_tamer|Mux6~3|combout
                Info (332115):      8.579      0.000 RR    IC  U_core|U_nios_system|rx_tamer|dout[1]|d
                Info (332115):      8.885      0.306 RR  CELL  bladerf_core:U_core|nios_system:U_nios_system|time_tamer:rx_tamer|dout[1]
                Info (332115): Clock Arrival Path:
                Info (332115): Total (ns)  Incr (ns)     Type  Element
                Info (332115): ==========  ========= ==  ====  ===================================
                Info (332115):      1.811      1.811  R        clock network delay
                Info (332115):      1.651     -0.160           clock uncertainty
                Info (332115):      1.651      0.000     uTsu  bladerf_core:U_core|nios_system:U_nios_system|time_tamer:rx_tamer|dout[1]
            Info (332181): Earliest Path Arrival
                Info (332115): From Node          : bladerf_core:U_core|nios_system:U_nios_system|time_tamer:rx_tamer|handshake:U_snap|source_holding[23]
                Info (332115): To Node            : bladerf_core:U_core|nios_system:U_nios_system|time_tamer:rx_tamer|dout[7]
                Info (332115): Launch Clock       : U_core|U_nios_system|axi_ad9361_0|i_dev_if|i_rx|i_altlvds_rx|auto_generated|pll_sclk~PLL_OUTPUT_COUNTER|divclk
                Info (332115): Latch Clock        : U_core|U_system_pll|altera_pll_i|general[0].gpll~PLL_OUTPUT_COUNTER|divclk
                Info (332115): Data Arrival Time  : 5.434
                Info (332115): Clock Arrival Time : 3.491
                Info (332115): Relative Delay     : 1.943
                Info (332115): Data Arrival Path:
                Info (332115): Total (ns)  Incr (ns)     Type  Element
                Info (332115): ==========  ========= ==  ====  ===================================
                Info (332115):      4.741      4.741  R        clock network delay
                Info (332115):      4.741      0.000     uTco  bladerf_core:U_core|nios_system:U_nios_system|time_tamer:rx_tamer|handshake:U_snap|source_holding[23]
                Info (332115):      4.741      0.000 FF  CELL  U_core|U_nios_system|rx_tamer|U_snap|source_holding[23]|q
                Info (332115):      5.125      0.384 FF    IC  U_core|U_nios_system|rx_tamer|Mux0~2|datae
                Info (332115):      5.351      0.226 FF  CELL  U_core|U_nios_system|rx_tamer|Mux0~2|combout
                Info (332115):      5.351      0.000 FF    IC  U_core|U_nios_system|rx_tamer|dout[7]|d
                Info (332115):      5.434      0.083 FF  CELL  bladerf_core:U_core|nios_system:U_nios_system|time_tamer:rx_tamer|dout[7]
                Info (332115): Clock Arrival Path:
                Info (332115): Total (ns)  Incr (ns)     Type  Element
                Info (332115): ==========  ========= ==  ====  ===================================
                Info (332115):      3.331      3.331  R        clock network delay
                Info (332115):      3.491      0.160           clock uncertainty
                Info (332115):      3.491      0.000      uTh  bladerf_core:U_core|nios_system:U_nios_system|time_tamer:rx_tamer|dout[7]
            Info (332181): Cross Path Clock Pessimism Removed : 2.856
            Info (332181): Required Skew   : 6.400
            Info (332181): Actual Skew     : 2.435
            Info (332181): Slack           : 3.965
        Info (332181): Path #16: Slack is 3.965 
            Info (332181): Latest Path Arrival
                Info (332115): From Node          : bladerf_core:U_core|nios_system:U_nios_system|time_tamer:rx_tamer|handshake:U_snap|source_holding[57]
                Info (332115): To Node            : bladerf_core:U_core|nios_system:U_nios_system|time_tamer:rx_tamer|dout[1]
                Info (332115): Launch Clock       : U_core|U_nios_system|axi_ad9361_0|i_dev_if|i_rx|i_altlvds_rx|auto_generated|pll_sclk~PLL_OUTPUT_COUNTER|divclk
                Info (332115): Latch Clock        : U_core|U_system_pll|altera_pll_i|general[0].gpll~PLL_OUTPUT_COUNTER|divclk
                Info (332115): Data Arrival Time  : 8.885
                Info (332115): Clock Arrival Time : 1.651
                Info (332115): Relative Delay     : 7.234
                Info (332115): Data Arrival Path:
                Info (332115): Total (ns)  Incr (ns)     Type  Element
                Info (332115): ==========  ========= ==  ====  ===================================
                Info (332115):      6.356      6.356  R        clock network delay
                Info (332115):      6.356      0.000     uTco  bladerf_core:U_core|nios_system:U_nios_system|time_tamer:rx_tamer|handshake:U_snap|source_holding[57]
                Info (332115):      6.356      0.000 RR  CELL  U_core|U_nios_system|rx_tamer|U_snap|source_holding[57]|q
                Info (332115):      6.725      0.369 RR    IC  U_core|U_nios_system|rx_tamer|Mux6~1|dataa
                Info (332115):      7.434      0.709 RR  CELL  U_core|U_nios_system|rx_tamer|Mux6~1|combout
                Info (332115):      8.296      0.862 RR    IC  U_core|U_nios_system|rx_tamer|Mux6~3|datae
                Info (332115):      8.579      0.283 RR  CELL  U_core|U_nios_system|rx_tamer|Mux6~3|combout
                Info (332115):      8.579      0.000 RR    IC  U_core|U_nios_system|rx_tamer|dout[1]|d
                Info (332115):      8.885      0.306 RR  CELL  bladerf_core:U_core|nios_system:U_nios_system|time_tamer:rx_tamer|dout[1]
                Info (332115): Clock Arrival Path:
                Info (332115): Total (ns)  Incr (ns)     Type  Element
                Info (332115): ==========  ========= ==  ====  ===================================
                Info (332115):      1.811      1.811  R        clock network delay
                Info (332115):      1.651     -0.160           clock uncertainty
                Info (332115):      1.651      0.000     uTsu  bladerf_core:U_core|nios_system:U_nios_system|time_tamer:rx_tamer|dout[1]
            Info (332181): Earliest Path Arrival
                Info (332115): From Node          : bladerf_core:U_core|nios_system:U_nios_system|time_tamer:rx_tamer|handshake:U_snap|source_holding[19]
                Info (332115): To Node            : bladerf_core:U_core|nios_system:U_nios_system|time_tamer:rx_tamer|dout[3]
                Info (332115): Launch Clock       : U_core|U_nios_system|axi_ad9361_0|i_dev_if|i_rx|i_altlvds_rx|auto_generated|pll_sclk~PLL_OUTPUT_COUNTER|divclk
                Info (332115): Latch Clock        : U_core|U_system_pll|altera_pll_i|general[0].gpll~PLL_OUTPUT_COUNTER|divclk
                Info (332115): Data Arrival Time  : 5.434
                Info (332115): Clock Arrival Time : 3.491
                Info (332115): Relative Delay     : 1.943
                Info (332115): Data Arrival Path:
                Info (332115): Total (ns)  Incr (ns)     Type  Element
                Info (332115): ==========  ========= ==  ====  ===================================
                Info (332115):      4.737      4.737  R        clock network delay
                Info (332115):      4.737      0.000     uTco  bladerf_core:U_core|nios_system:U_nios_system|time_tamer:rx_tamer|handshake:U_snap|source_holding[19]
                Info (332115):      4.737      0.000 RR  CELL  U_core|U_nios_system|rx_tamer|U_snap|source_holding[19]|q
                Info (332115):      5.076      0.339 RR    IC  U_core|U_nios_system|rx_tamer|Mux4~2|datad
                Info (332115):      5.352      0.276 RR  CELL  U_core|U_nios_system|rx_tamer|Mux4~2|combout
                Info (332115):      5.352      0.000 RR    IC  U_core|U_nios_system|rx_tamer|dout[3]|d
                Info (332115):      5.434      0.082 RR  CELL  bladerf_core:U_core|nios_system:U_nios_system|time_tamer:rx_tamer|dout[3]
                Info (332115): Clock Arrival Path:
                Info (332115): Total (ns)  Incr (ns)     Type  Element
                Info (332115): ==========  ========= ==  ====  ===================================
                Info (332115):      3.331      3.331  R        clock network delay
                Info (332115):      3.491      0.160           clock uncertainty
                Info (332115):      3.491      0.000      uTh  bladerf_core:U_core|nios_system:U_nios_system|time_tamer:rx_tamer|dout[3]
            Info (332181): Cross Path Clock Pessimism Removed : 2.856
            Info (332181): Required Skew   : 6.400
            Info (332181): Actual Skew     : 2.435
            Info (332181): Slack           : 3.965
Info (332115): Worst-case slack is 4.082 for "set_max_skew -from [get_keepers {*time_tamer:tx_tamer|handshake:U_snap|source_holding[*]}] -to [get_keepers {*time_tamer:tx_tamer|dout[*]}] 6.400 "
    Info (332181): Skew for the Latest Arrival
        Info (332181): Path #17: Slack is 4.082 
            Info (332181): Latest Path Arrival
                Info (332115): From Node          : bladerf_core:U_core|nios_system:U_nios_system|time_tamer:tx_tamer|handshake:U_snap|source_holding[35]
                Info (332115): To Node            : bladerf_core:U_core|nios_system:U_nios_system|time_tamer:tx_tamer|dout[3]
                Info (332115): Launch Clock       : U_core|U_nios_system|axi_ad9361_0|i_dev_if|i_rx|i_altlvds_rx|auto_generated|pll_sclk~PLL_OUTPUT_COUNTER|divclk
                Info (332115): Latch Clock        : U_core|U_system_pll|altera_pll_i|general[0].gpll~PLL_OUTPUT_COUNTER|divclk
                Info (332115): Data Arrival Time  : 8.721
                Info (332115): Clock Arrival Time : 1.656
                Info (332115): Relative Delay     : 7.065
                Info (332115): Data Arrival Path:
                Info (332115): Total (ns)  Incr (ns)     Type  Element
                Info (332115): ==========  ========= ==  ====  ===================================
                Info (332115):      6.343      6.343  R        clock network delay
                Info (332115):      6.343      0.000     uTco  bladerf_core:U_core|nios_system:U_nios_system|time_tamer:tx_tamer|handshake:U_snap|source_holding[35]
                Info (332115):      6.343      0.000 RR  CELL  U_core|U_nios_system|tx_tamer|U_snap|source_holding[35]|q
                Info (332115):      6.670      0.327 RR    IC  U_core|U_nios_system|tx_tamer|Mux4~0|datab
                Info (332115):      7.356      0.686 RR  CELL  U_core|U_nios_system|tx_tamer|Mux4~0|combout
                Info (332115):      7.733      0.377 RR    IC  U_core|U_nios_system|tx_tamer|Mux4~2|datab
                Info (332115):      8.415      0.682 RR  CELL  U_core|U_nios_system|tx_tamer|Mux4~2|combout
                Info (332115):      8.415      0.000 RR    IC  U_core|U_nios_system|tx_tamer|dout[3]|d
                Info (332115):      8.721      0.306 RR  CELL  bladerf_core:U_core|nios_system:U_nios_system|time_tamer:tx_tamer|dout[3]
                Info (332115): Clock Arrival Path:
                Info (332115): Total (ns)  Incr (ns)     Type  Element
                Info (332115): ==========  ========= ==  ====  ===================================
                Info (332115):      1.816      1.816  R        clock network delay
                Info (332115):      1.656     -0.160           clock uncertainty
                Info (332115):      1.656      0.000     uTsu  bladerf_core:U_core|nios_system:U_nios_system|time_tamer:tx_tamer|dout[3]
            Info (332181): Earliest Path Arrival
                Info (332115): From Node          : bladerf_core:U_core|nios_system:U_nios_system|time_tamer:tx_tamer|handshake:U_snap|source_holding[22]
                Info (332115): To Node            : bladerf_core:U_core|nios_system:U_nios_system|time_tamer:tx_tamer|dout[6]
                Info (332115): Launch Clock       : U_core|U_nios_system|axi_ad9361_0|i_dev_if|i_rx|i_altlvds_rx|auto_generated|pll_sclk~PLL_OUTPUT_COUNTER|divclk
                Info (332115): Latch Clock        : U_core|U_system_pll|altera_pll_i|general[0].gpll~PLL_OUTPUT_COUNTER|divclk
                Info (332115): Data Arrival Time  : 5.370
                Info (332115): Clock Arrival Time : 3.506
                Info (332115): Relative Delay     : 1.864
                Info (332115): Data Arrival Path:
                Info (332115): Total (ns)  Incr (ns)     Type  Element
                Info (332115): ==========  ========= ==  ====  ===================================
                Info (332115):      4.750      4.750  R        clock network delay
                Info (332115):      4.750      0.000     uTco  bladerf_core:U_core|nios_system:U_nios_system|time_tamer:tx_tamer|handshake:U_snap|source_holding[22]
                Info (332115):      4.750      0.000 RR  CELL  U_core|U_nios_system|tx_tamer|U_snap|source_holding[22]|q
                Info (332115):      5.136      0.386 RR    IC  U_core|U_nios_system|tx_tamer|Mux1~2|datae
                Info (332115):      5.288      0.152 RR  CELL  U_core|U_nios_system|tx_tamer|Mux1~2|combout
                Info (332115):      5.288      0.000 RR    IC  U_core|U_nios_system|tx_tamer|dout[6]|d
                Info (332115):      5.370      0.082 RR  CELL  bladerf_core:U_core|nios_system:U_nios_system|time_tamer:tx_tamer|dout[6]
                Info (332115): Clock Arrival Path:
                Info (332115): Total (ns)  Incr (ns)     Type  Element
                Info (332115): ==========  ========= ==  ====  ===================================
                Info (332115):      3.346      3.346  R        clock network delay
                Info (332115):      3.506      0.160           clock uncertainty
                Info (332115):      3.506      0.000      uTh  bladerf_core:U_core|nios_system:U_nios_system|time_tamer:tx_tamer|dout[6]
            Info (332181): Cross Path Clock Pessimism Removed : 2.883
            Info (332181): Required Skew   : 6.400
            Info (332181): Actual Skew     : 2.318
            Info (332181): Slack           : 4.082
        Info (332181): Path #18: Slack is 4.191 
            Info (332181): Latest Path Arrival
                Info (332115): From Node          : bladerf_core:U_core|nios_system:U_nios_system|time_tamer:tx_tamer|handshake:U_snap|source_holding[43]
                Info (332115): To Node            : bladerf_core:U_core|nios_system:U_nios_system|time_tamer:tx_tamer|dout[3]
                Info (332115): Launch Clock       : U_core|U_nios_system|axi_ad9361_0|i_dev_if|i_rx|i_altlvds_rx|auto_generated|pll_sclk~PLL_OUTPUT_COUNTER|divclk
                Info (332115): Latch Clock        : U_core|U_system_pll|altera_pll_i|general[0].gpll~PLL_OUTPUT_COUNTER|divclk
                Info (332115): Data Arrival Time  : 8.612
                Info (332115): Clock Arrival Time : 1.656
                Info (332115): Relative Delay     : 6.956
                Info (332115): Data Arrival Path:
                Info (332115): Total (ns)  Incr (ns)     Type  Element
                Info (332115): ==========  ========= ==  ====  ===================================
                Info (332115):      6.343      6.343  R        clock network delay
                Info (332115):      6.343      0.000     uTco  bladerf_core:U_core|nios_system:U_nios_system|time_tamer:tx_tamer|handshake:U_snap|source_holding[43]
                Info (332115):      6.343      0.000 FF  CELL  U_core|U_nios_system|tx_tamer|U_snap|source_holding[43]|q
                Info (332115):      6.680      0.337 FF    IC  U_core|U_nios_system|tx_tamer|Mux4~0|datad
                Info (332115):      7.276      0.596 FF  CELL  U_core|U_nios_system|tx_tamer|Mux4~0|combout
                Info (332115):      7.653      0.377 FF    IC  U_core|U_nios_system|tx_tamer|Mux4~2|datab
                Info (332115):      8.305      0.652 FF  CELL  U_core|U_nios_system|tx_tamer|Mux4~2|combout
                Info (332115):      8.305      0.000 FF    IC  U_core|U_nios_system|tx_tamer|dout[3]|d
                Info (332115):      8.612      0.307 FF  CELL  bladerf_core:U_core|nios_system:U_nios_system|time_tamer:tx_tamer|dout[3]
                Info (332115): Clock Arrival Path:
                Info (332115): Total (ns)  Incr (ns)     Type  Element
                Info (332115): ==========  ========= ==  ====  ===================================
                Info (332115):      1.816      1.816  R        clock network delay
                Info (332115):      1.656     -0.160           clock uncertainty
                Info (332115):      1.656      0.000     uTsu  bladerf_core:U_core|nios_system:U_nios_system|time_tamer:tx_tamer|dout[3]
            Info (332181): Earliest Path Arrival
                Info (332115): From Node          : bladerf_core:U_core|nios_system:U_nios_system|time_tamer:tx_tamer|handshake:U_snap|source_holding[22]
                Info (332115): To Node            : bladerf_core:U_core|nios_system:U_nios_system|time_tamer:tx_tamer|dout[6]
                Info (332115): Launch Clock       : U_core|U_nios_system|axi_ad9361_0|i_dev_if|i_rx|i_altlvds_rx|auto_generated|pll_sclk~PLL_OUTPUT_COUNTER|divclk
                Info (332115): Latch Clock        : U_core|U_system_pll|altera_pll_i|general[0].gpll~PLL_OUTPUT_COUNTER|divclk
                Info (332115): Data Arrival Time  : 5.370
                Info (332115): Clock Arrival Time : 3.506
                Info (332115): Relative Delay     : 1.864
                Info (332115): Data Arrival Path:
                Info (332115): Total (ns)  Incr (ns)     Type  Element
                Info (332115): ==========  ========= ==  ====  ===================================
                Info (332115):      4.750      4.750  R        clock network delay
                Info (332115):      4.750      0.000     uTco  bladerf_core:U_core|nios_system:U_nios_system|time_tamer:tx_tamer|handshake:U_snap|source_holding[22]
                Info (332115):      4.750      0.000 RR  CELL  U_core|U_nios_system|tx_tamer|U_snap|source_holding[22]|q
                Info (332115):      5.136      0.386 RR    IC  U_core|U_nios_system|tx_tamer|Mux1~2|datae
                Info (332115):      5.288      0.152 RR  CELL  U_core|U_nios_system|tx_tamer|Mux1~2|combout
                Info (332115):      5.288      0.000 RR    IC  U_core|U_nios_system|tx_tamer|dout[6]|d
                Info (332115):      5.370      0.082 RR  CELL  bladerf_core:U_core|nios_system:U_nios_system|time_tamer:tx_tamer|dout[6]
                Info (332115): Clock Arrival Path:
                Info (332115): Total (ns)  Incr (ns)     Type  Element
                Info (332115): ==========  ========= ==  ====  ===================================
                Info (332115):      3.346      3.346  R        clock network delay
                Info (332115):      3.506      0.160           clock uncertainty
                Info (332115):      3.506      0.000      uTh  bladerf_core:U_core|nios_system:U_nios_system|time_tamer:tx_tamer|dout[6]
            Info (332181): Cross Path Clock Pessimism Removed : 2.883
            Info (332181): Required Skew   : 6.400
            Info (332181): Actual Skew     : 2.209
            Info (332181): Slack           : 4.191
        Info (332181): Path #19: Slack is 4.258 
            Info (332181): Latest Path Arrival
                Info (332115): From Node          : bladerf_core:U_core|nios_system:U_nios_system|time_tamer:tx_tamer|handshake:U_snap|source_holding[46]
                Info (332115): To Node            : bladerf_core:U_core|nios_system:U_nios_system|time_tamer:tx_tamer|dout[6]
                Info (332115): Launch Clock       : U_core|U_nios_system|axi_ad9361_0|i_dev_if|i_rx|i_altlvds_rx|auto_generated|pll_sclk~PLL_OUTPUT_COUNTER|divclk
                Info (332115): Latch Clock        : U_core|U_system_pll|altera_pll_i|general[0].gpll~PLL_OUTPUT_COUNTER|divclk
                Info (332115): Data Arrival Time  : 8.595
                Info (332115): Clock Arrival Time : 1.665
                Info (332115): Relative Delay     : 6.930
                Info (332115): Data Arrival Path:
                Info (332115): Total (ns)  Incr (ns)     Type  Element
                Info (332115): ==========  ========= ==  ====  ===================================
                Info (332115):      6.336      6.336  R        clock network delay
                Info (332115):      6.336      0.000     uTco  bladerf_core:U_core|nios_system:U_nios_system|time_tamer:tx_tamer|handshake:U_snap|source_holding[46]
                Info (332115):      6.336      0.000 RR  CELL  U_core|U_nios_system|tx_tamer|U_snap|source_holding[46]|q
                Info (332115):      6.722      0.386 RR    IC  U_core|U_nios_system|tx_tamer|Mux1~0|datac
                Info (332115):      7.219      0.497 RR  CELL  U_core|U_nios_system|tx_tamer|Mux1~0|combout
                Info (332115):      7.583      0.364 RR    IC  U_core|U_nios_system|tx_tamer|Mux1~2|dataa
                Info (332115):      8.289      0.706 RR  CELL  U_core|U_nios_system|tx_tamer|Mux1~2|combout
                Info (332115):      8.289      0.000 RR    IC  U_core|U_nios_system|tx_tamer|dout[6]|d
                Info (332115):      8.595      0.306 RR  CELL  bladerf_core:U_core|nios_system:U_nios_system|time_tamer:tx_tamer|dout[6]
                Info (332115): Clock Arrival Path:
                Info (332115): Total (ns)  Incr (ns)     Type  Element
                Info (332115): ==========  ========= ==  ====  ===================================
                Info (332115):      1.825      1.825  R        clock network delay
                Info (332115):      1.665     -0.160           clock uncertainty
                Info (332115):      1.665      0.000     uTsu  bladerf_core:U_core|nios_system:U_nios_system|time_tamer:tx_tamer|dout[6]
            Info (332181): Earliest Path Arrival
                Info (332115): From Node          : bladerf_core:U_core|nios_system:U_nios_system|time_tamer:tx_tamer|handshake:U_snap|source_holding[23]
                Info (332115): To Node            : bladerf_core:U_core|nios_system:U_nios_system|time_tamer:tx_tamer|dout[7]
                Info (332115): Launch Clock       : U_core|U_nios_system|axi_ad9361_0|i_dev_if|i_rx|i_altlvds_rx|auto_generated|pll_sclk~PLL_OUTPUT_COUNTER|divclk
                Info (332115): Latch Clock        : U_core|U_system_pll|altera_pll_i|general[0].gpll~PLL_OUTPUT_COUNTER|divclk
                Info (332115): Data Arrival Time  : 5.409
                Info (332115): Clock Arrival Time : 3.504
                Info (332115): Relative Delay     : 1.905
                Info (332115): Data Arrival Path:
                Info (332115): Total (ns)  Incr (ns)     Type  Element
                Info (332115): ==========  ========= ==  ====  ===================================
                Info (332115):      4.747      4.747  R        clock network delay
                Info (332115):      4.747      0.000     uTco  bladerf_core:U_core|nios_system:U_nios_system|time_tamer:tx_tamer|handshake:U_snap|source_holding[23]
                Info (332115):      4.747      0.000 RR  CELL  U_core|U_nios_system|tx_tamer|U_snap|source_holding[23]|q
                Info (332115):      5.051      0.304 RR    IC  U_core|U_nios_system|tx_tamer|Mux0~2|datad
                Info (332115):      5.327      0.276 RR  CELL  U_core|U_nios_system|tx_tamer|Mux0~2|combout
                Info (332115):      5.327      0.000 RR    IC  U_core|U_nios_system|tx_tamer|dout[7]|d
                Info (332115):      5.409      0.082 RR  CELL  bladerf_core:U_core|nios_system:U_nios_system|time_tamer:tx_tamer|dout[7]
                Info (332115): Clock Arrival Path:
                Info (332115): Total (ns)  Incr (ns)     Type  Element
                Info (332115): ==========  ========= ==  ====  ===================================
                Info (332115):      3.344      3.344  R        clock network delay
                Info (332115):      3.504      0.160           clock uncertainty
                Info (332115):      3.504      0.000      uTh  bladerf_core:U_core|nios_system:U_nios_system|time_tamer:tx_tamer|dout[7]
            Info (332181): Cross Path Clock Pessimism Removed : 2.883
            Info (332181): Required Skew   : 6.400
            Info (332181): Actual Skew     : 2.142
            Info (332181): Slack           : 4.258
        Info (332181): Path #20: Slack is 4.263 
            Info (332181): Latest Path Arrival
                Info (332115): From Node          : bladerf_core:U_core|nios_system:U_nios_system|time_tamer:tx_tamer|handshake:U_snap|source_holding[54]
                Info (332115): To Node            : bladerf_core:U_core|nios_system:U_nios_system|time_tamer:tx_tamer|dout[6]
                Info (332115): Launch Clock       : U_core|U_nios_system|axi_ad9361_0|i_dev_if|i_rx|i_altlvds_rx|auto_generated|pll_sclk~PLL_OUTPUT_COUNTER|divclk
                Info (332115): Latch Clock        : U_core|U_system_pll|altera_pll_i|general[0].gpll~PLL_OUTPUT_COUNTER|divclk
                Info (332115): Data Arrival Time  : 8.590
                Info (332115): Clock Arrival Time : 1.665
                Info (332115): Relative Delay     : 6.925
                Info (332115): Data Arrival Path:
                Info (332115): Total (ns)  Incr (ns)     Type  Element
                Info (332115): ==========  ========= ==  ====  ===================================
                Info (332115):      6.343      6.343  R        clock network delay
                Info (332115):      6.343      0.000     uTco  bladerf_core:U_core|nios_system:U_nios_system|time_tamer:tx_tamer|handshake:U_snap|source_holding[54]
                Info (332115):      6.343      0.000 RR  CELL  U_core|U_nios_system|tx_tamer|U_snap|source_holding[54]|q
                Info (332115):      6.716      0.373 RR    IC  U_core|U_nios_system|tx_tamer|Mux1~0|datad
                Info (332115):      7.214      0.498 RR  CELL  U_core|U_nios_system|tx_tamer|Mux1~0|combout
                Info (332115):      7.578      0.364 RR    IC  U_core|U_nios_system|tx_tamer|Mux1~2|dataa
                Info (332115):      8.284      0.706 RR  CELL  U_core|U_nios_system|tx_tamer|Mux1~2|combout
                Info (332115):      8.284      0.000 RR    IC  U_core|U_nios_system|tx_tamer|dout[6]|d
                Info (332115):      8.590      0.306 RR  CELL  bladerf_core:U_core|nios_system:U_nios_system|time_tamer:tx_tamer|dout[6]
                Info (332115): Clock Arrival Path:
                Info (332115): Total (ns)  Incr (ns)     Type  Element
                Info (332115): ==========  ========= ==  ====  ===================================
                Info (332115):      1.825      1.825  R        clock network delay
                Info (332115):      1.665     -0.160           clock uncertainty
                Info (332115):      1.665      0.000     uTsu  bladerf_core:U_core|nios_system:U_nios_system|time_tamer:tx_tamer|dout[6]
            Info (332181): Earliest Path Arrival
                Info (332115): From Node          : bladerf_core:U_core|nios_system:U_nios_system|time_tamer:tx_tamer|handshake:U_snap|source_holding[23]
                Info (332115): To Node            : bladerf_core:U_core|nios_system:U_nios_system|time_tamer:tx_tamer|dout[7]
                Info (332115): Launch Clock       : U_core|U_nios_system|axi_ad9361_0|i_dev_if|i_rx|i_altlvds_rx|auto_generated|pll_sclk~PLL_OUTPUT_COUNTER|divclk
                Info (332115): Latch Clock        : U_core|U_system_pll|altera_pll_i|general[0].gpll~PLL_OUTPUT_COUNTER|divclk
                Info (332115): Data Arrival Time  : 5.409
                Info (332115): Clock Arrival Time : 3.504
                Info (332115): Relative Delay     : 1.905
                Info (332115): Data Arrival Path:
                Info (332115): Total (ns)  Incr (ns)     Type  Element
                Info (332115): ==========  ========= ==  ====  ===================================
                Info (332115):      4.747      4.747  R        clock network delay
                Info (332115):      4.747      0.000     uTco  bladerf_core:U_core|nios_system:U_nios_system|time_tamer:tx_tamer|handshake:U_snap|source_holding[23]
                Info (332115):      4.747      0.000 RR  CELL  U_core|U_nios_system|tx_tamer|U_snap|source_holding[23]|q
                Info (332115):      5.051      0.304 RR    IC  U_core|U_nios_system|tx_tamer|Mux0~2|datad
                Info (332115):      5.327      0.276 RR  CELL  U_core|U_nios_system|tx_tamer|Mux0~2|combout
                Info (332115):      5.327      0.000 RR    IC  U_core|U_nios_system|tx_tamer|dout[7]|d
                Info (332115):      5.409      0.082 RR  CELL  bladerf_core:U_core|nios_system:U_nios_system|time_tamer:tx_tamer|dout[7]
                Info (332115): Clock Arrival Path:
                Info (332115): Total (ns)  Incr (ns)     Type  Element
                Info (332115): ==========  ========= ==  ====  ===================================
                Info (332115):      3.344      3.344  R        clock network delay
                Info (332115):      3.504      0.160           clock uncertainty
                Info (332115):      3.504      0.000      uTh  bladerf_core:U_core|nios_system:U_nios_system|time_tamer:tx_tamer|dout[7]
            Info (332181): Cross Path Clock Pessimism Removed : 2.883
            Info (332181): Required Skew   : 6.400
            Info (332181): Actual Skew     : 2.137
            Info (332181): Slack           : 4.263
    Info (332181): Skew for the Earliest Arrival
        Info (332181): Path #21: Slack is 4.082 
            Info (332181): Latest Path Arrival
                Info (332115): From Node          : bladerf_core:U_core|nios_system:U_nios_system|time_tamer:tx_tamer|handshake:U_snap|source_holding[35]
                Info (332115): To Node            : bladerf_core:U_core|nios_system:U_nios_system|time_tamer:tx_tamer|dout[3]
                Info (332115): Launch Clock       : U_core|U_nios_system|axi_ad9361_0|i_dev_if|i_rx|i_altlvds_rx|auto_generated|pll_sclk~PLL_OUTPUT_COUNTER|divclk
                Info (332115): Latch Clock        : U_core|U_system_pll|altera_pll_i|general[0].gpll~PLL_OUTPUT_COUNTER|divclk
                Info (332115): Data Arrival Time  : 8.721
                Info (332115): Clock Arrival Time : 1.656
                Info (332115): Relative Delay     : 7.065
                Info (332115): Data Arrival Path:
                Info (332115): Total (ns)  Incr (ns)     Type  Element
                Info (332115): ==========  ========= ==  ====  ===================================
                Info (332115):      6.343      6.343  R        clock network delay
                Info (332115):      6.343      0.000     uTco  bladerf_core:U_core|nios_system:U_nios_system|time_tamer:tx_tamer|handshake:U_snap|source_holding[35]
                Info (332115):      6.343      0.000 RR  CELL  U_core|U_nios_system|tx_tamer|U_snap|source_holding[35]|q
                Info (332115):      6.670      0.327 RR    IC  U_core|U_nios_system|tx_tamer|Mux4~0|datab
                Info (332115):      7.356      0.686 RR  CELL  U_core|U_nios_system|tx_tamer|Mux4~0|combout
                Info (332115):      7.733      0.377 RR    IC  U_core|U_nios_system|tx_tamer|Mux4~2|datab
                Info (332115):      8.415      0.682 RR  CELL  U_core|U_nios_system|tx_tamer|Mux4~2|combout
                Info (332115):      8.415      0.000 RR    IC  U_core|U_nios_system|tx_tamer|dout[3]|d
                Info (332115):      8.721      0.306 RR  CELL  bladerf_core:U_core|nios_system:U_nios_system|time_tamer:tx_tamer|dout[3]
                Info (332115): Clock Arrival Path:
                Info (332115): Total (ns)  Incr (ns)     Type  Element
                Info (332115): ==========  ========= ==  ====  ===================================
                Info (332115):      1.816      1.816  R        clock network delay
                Info (332115):      1.656     -0.160           clock uncertainty
                Info (332115):      1.656      0.000     uTsu  bladerf_core:U_core|nios_system:U_nios_system|time_tamer:tx_tamer|dout[3]
            Info (332181): Earliest Path Arrival
                Info (332115): From Node          : bladerf_core:U_core|nios_system:U_nios_system|time_tamer:tx_tamer|handshake:U_snap|source_holding[22]
                Info (332115): To Node            : bladerf_core:U_core|nios_system:U_nios_system|time_tamer:tx_tamer|dout[6]
                Info (332115): Launch Clock       : U_core|U_nios_system|axi_ad9361_0|i_dev_if|i_rx|i_altlvds_rx|auto_generated|pll_sclk~PLL_OUTPUT_COUNTER|divclk
                Info (332115): Latch Clock        : U_core|U_system_pll|altera_pll_i|general[0].gpll~PLL_OUTPUT_COUNTER|divclk
                Info (332115): Data Arrival Time  : 5.370
                Info (332115): Clock Arrival Time : 3.506
                Info (332115): Relative Delay     : 1.864
                Info (332115): Data Arrival Path:
                Info (332115): Total (ns)  Incr (ns)     Type  Element
                Info (332115): ==========  ========= ==  ====  ===================================
                Info (332115):      4.750      4.750  R        clock network delay
                Info (332115):      4.750      0.000     uTco  bladerf_core:U_core|nios_system:U_nios_system|time_tamer:tx_tamer|handshake:U_snap|source_holding[22]
                Info (332115):      4.750      0.000 RR  CELL  U_core|U_nios_system|tx_tamer|U_snap|source_holding[22]|q
                Info (332115):      5.136      0.386 RR    IC  U_core|U_nios_system|tx_tamer|Mux1~2|datae
                Info (332115):      5.288      0.152 RR  CELL  U_core|U_nios_system|tx_tamer|Mux1~2|combout
                Info (332115):      5.288      0.000 RR    IC  U_core|U_nios_system|tx_tamer|dout[6]|d
                Info (332115):      5.370      0.082 RR  CELL  bladerf_core:U_core|nios_system:U_nios_system|time_tamer:tx_tamer|dout[6]
                Info (332115): Clock Arrival Path:
                Info (332115): Total (ns)  Incr (ns)     Type  Element
                Info (332115): ==========  ========= ==  ====  ===================================
                Info (332115):      3.346      3.346  R        clock network delay
                Info (332115):      3.506      0.160           clock uncertainty
                Info (332115):      3.506      0.000      uTh  bladerf_core:U_core|nios_system:U_nios_system|time_tamer:tx_tamer|dout[6]
            Info (332181): Cross Path Clock Pessimism Removed : 2.883
            Info (332181): Required Skew   : 6.400
            Info (332181): Actual Skew     : 2.318
            Info (332181): Slack           : 4.082
        Info (332181): Path #22: Slack is 4.123 
            Info (332181): Latest Path Arrival
                Info (332115): From Node          : bladerf_core:U_core|nios_system:U_nios_system|time_tamer:tx_tamer|handshake:U_snap|source_holding[35]
                Info (332115): To Node            : bladerf_core:U_core|nios_system:U_nios_system|time_tamer:tx_tamer|dout[3]
                Info (332115): Launch Clock       : U_core|U_nios_system|axi_ad9361_0|i_dev_if|i_rx|i_altlvds_rx|auto_generated|pll_sclk~PLL_OUTPUT_COUNTER|divclk
                Info (332115): Latch Clock        : U_core|U_system_pll|altera_pll_i|general[0].gpll~PLL_OUTPUT_COUNTER|divclk
                Info (332115): Data Arrival Time  : 8.721
                Info (332115): Clock Arrival Time : 1.656
                Info (332115): Relative Delay     : 7.065
                Info (332115): Data Arrival Path:
                Info (332115): Total (ns)  Incr (ns)     Type  Element
                Info (332115): ==========  ========= ==  ====  ===================================
                Info (332115):      6.343      6.343  R        clock network delay
                Info (332115):      6.343      0.000     uTco  bladerf_core:U_core|nios_system:U_nios_system|time_tamer:tx_tamer|handshake:U_snap|source_holding[35]
                Info (332115):      6.343      0.000 RR  CELL  U_core|U_nios_system|tx_tamer|U_snap|source_holding[35]|q
                Info (332115):      6.670      0.327 RR    IC  U_core|U_nios_system|tx_tamer|Mux4~0|datab
                Info (332115):      7.356      0.686 RR  CELL  U_core|U_nios_system|tx_tamer|Mux4~0|combout
                Info (332115):      7.733      0.377 RR    IC  U_core|U_nios_system|tx_tamer|Mux4~2|datab
                Info (332115):      8.415      0.682 RR  CELL  U_core|U_nios_system|tx_tamer|Mux4~2|combout
                Info (332115):      8.415      0.000 RR    IC  U_core|U_nios_system|tx_tamer|dout[3]|d
                Info (332115):      8.721      0.306 RR  CELL  bladerf_core:U_core|nios_system:U_nios_system|time_tamer:tx_tamer|dout[3]
                Info (332115): Clock Arrival Path:
                Info (332115): Total (ns)  Incr (ns)     Type  Element
                Info (332115): ==========  ========= ==  ====  ===================================
                Info (332115):      1.816      1.816  R        clock network delay
                Info (332115):      1.656     -0.160           clock uncertainty
                Info (332115):      1.656      0.000     uTsu  bladerf_core:U_core|nios_system:U_nios_system|time_tamer:tx_tamer|dout[3]
            Info (332181): Earliest Path Arrival
                Info (332115): From Node          : bladerf_core:U_core|nios_system:U_nios_system|time_tamer:tx_tamer|handshake:U_snap|source_holding[23]
                Info (332115): To Node            : bladerf_core:U_core|nios_system:U_nios_system|time_tamer:tx_tamer|dout[7]
                Info (332115): Launch Clock       : U_core|U_nios_system|axi_ad9361_0|i_dev_if|i_rx|i_altlvds_rx|auto_generated|pll_sclk~PLL_OUTPUT_COUNTER|divclk
                Info (332115): Latch Clock        : U_core|U_system_pll|altera_pll_i|general[0].gpll~PLL_OUTPUT_COUNTER|divclk
                Info (332115): Data Arrival Time  : 5.409
                Info (332115): Clock Arrival Time : 3.504
                Info (332115): Relative Delay     : 1.905
                Info (332115): Data Arrival Path:
                Info (332115): Total (ns)  Incr (ns)     Type  Element
                Info (332115): ==========  ========= ==  ====  ===================================
                Info (332115):      4.747      4.747  R        clock network delay
                Info (332115):      4.747      0.000     uTco  bladerf_core:U_core|nios_system:U_nios_system|time_tamer:tx_tamer|handshake:U_snap|source_holding[23]
                Info (332115):      4.747      0.000 RR  CELL  U_core|U_nios_system|tx_tamer|U_snap|source_holding[23]|q
                Info (332115):      5.051      0.304 RR    IC  U_core|U_nios_system|tx_tamer|Mux0~2|datad
                Info (332115):      5.327      0.276 RR  CELL  U_core|U_nios_system|tx_tamer|Mux0~2|combout
                Info (332115):      5.327      0.000 RR    IC  U_core|U_nios_system|tx_tamer|dout[7]|d
                Info (332115):      5.409      0.082 RR  CELL  bladerf_core:U_core|nios_system:U_nios_system|time_tamer:tx_tamer|dout[7]
                Info (332115): Clock Arrival Path:
                Info (332115): Total (ns)  Incr (ns)     Type  Element
                Info (332115): ==========  ========= ==  ====  ===================================
                Info (332115):      3.344      3.344  R        clock network delay
                Info (332115):      3.504      0.160           clock uncertainty
                Info (332115):      3.504      0.000      uTh  bladerf_core:U_core|nios_system:U_nios_system|time_tamer:tx_tamer|dout[7]
            Info (332181): Cross Path Clock Pessimism Removed : 2.883
            Info (332181): Required Skew   : 6.400
            Info (332181): Actual Skew     : 2.277
            Info (332181): Slack           : 4.123
        Info (332181): Path #23: Slack is 4.219 
            Info (332181): Latest Path Arrival
                Info (332115): From Node          : bladerf_core:U_core|nios_system:U_nios_system|time_tamer:tx_tamer|handshake:U_snap|source_holding[35]
                Info (332115): To Node            : bladerf_core:U_core|nios_system:U_nios_system|time_tamer:tx_tamer|dout[3]
                Info (332115): Launch Clock       : U_core|U_nios_system|axi_ad9361_0|i_dev_if|i_rx|i_altlvds_rx|auto_generated|pll_sclk~PLL_OUTPUT_COUNTER|divclk
                Info (332115): Latch Clock        : U_core|U_system_pll|altera_pll_i|general[0].gpll~PLL_OUTPUT_COUNTER|divclk
                Info (332115): Data Arrival Time  : 8.721
                Info (332115): Clock Arrival Time : 1.656
                Info (332115): Relative Delay     : 7.065
                Info (332115): Data Arrival Path:
                Info (332115): Total (ns)  Incr (ns)     Type  Element
                Info (332115): ==========  ========= ==  ====  ===================================
                Info (332115):      6.343      6.343  R        clock network delay
                Info (332115):      6.343      0.000     uTco  bladerf_core:U_core|nios_system:U_nios_system|time_tamer:tx_tamer|handshake:U_snap|source_holding[35]
                Info (332115):      6.343      0.000 RR  CELL  U_core|U_nios_system|tx_tamer|U_snap|source_holding[35]|q
                Info (332115):      6.670      0.327 RR    IC  U_core|U_nios_system|tx_tamer|Mux4~0|datab
                Info (332115):      7.356      0.686 RR  CELL  U_core|U_nios_system|tx_tamer|Mux4~0|combout
                Info (332115):      7.733      0.377 RR    IC  U_core|U_nios_system|tx_tamer|Mux4~2|datab
                Info (332115):      8.415      0.682 RR  CELL  U_core|U_nios_system|tx_tamer|Mux4~2|combout
                Info (332115):      8.415      0.000 RR    IC  U_core|U_nios_system|tx_tamer|dout[3]|d
                Info (332115):      8.721      0.306 RR  CELL  bladerf_core:U_core|nios_system:U_nios_system|time_tamer:tx_tamer|dout[3]
                Info (332115): Clock Arrival Path:
                Info (332115): Total (ns)  Incr (ns)     Type  Element
                Info (332115): ==========  ========= ==  ====  ===================================
                Info (332115):      1.816      1.816  R        clock network delay
                Info (332115):      1.656     -0.160           clock uncertainty
                Info (332115):      1.656      0.000     uTsu  bladerf_core:U_core|nios_system:U_nios_system|time_tamer:tx_tamer|dout[3]
            Info (332181): Earliest Path Arrival
                Info (332115): From Node          : bladerf_core:U_core|nios_system:U_nios_system|time_tamer:tx_tamer|handshake:U_snap|source_holding[48]
                Info (332115): To Node            : bladerf_core:U_core|nios_system:U_nios_system|time_tamer:tx_tamer|dout[0]
                Info (332115): Launch Clock       : U_core|U_nios_system|axi_ad9361_0|i_dev_if|i_rx|i_altlvds_rx|auto_generated|pll_sclk~PLL_OUTPUT_COUNTER|divclk
                Info (332115): Latch Clock        : U_core|U_system_pll|altera_pll_i|general[0].gpll~PLL_OUTPUT_COUNTER|divclk
                Info (332115): Data Arrival Time  : 5.499
                Info (332115): Clock Arrival Time : 3.498
                Info (332115): Relative Delay     : 2.001
                Info (332115): Data Arrival Path:
                Info (332115): Total (ns)  Incr (ns)     Type  Element
                Info (332115): ==========  ========= ==  ====  ===================================
                Info (332115):      4.743      4.743  R        clock network delay
                Info (332115):      4.743      0.000     uTco  bladerf_core:U_core|nios_system:U_nios_system|time_tamer:tx_tamer|handshake:U_snap|source_holding[48]
                Info (332115):      4.743      0.000 FF  CELL  U_core|U_nios_system|tx_tamer|U_snap|source_holding[48]|q
                Info (332115):      5.074      0.331 FF    IC  U_core|U_nios_system|tx_tamer|Mux7~0|dataf
                Info (332115):      5.132      0.058 FF  CELL  U_core|U_nios_system|tx_tamer|Mux7~0|combout
                Info (332115):      5.361      0.229 FF    IC  U_core|U_nios_system|tx_tamer|Mux7~3|dataf
                Info (332115):      5.416      0.055 FF  CELL  U_core|U_nios_system|tx_tamer|Mux7~3|combout
                Info (332115):      5.416      0.000 FF    IC  U_core|U_nios_system|tx_tamer|dout[0]|d
                Info (332115):      5.499      0.083 FF  CELL  bladerf_core:U_core|nios_system:U_nios_system|time_tamer:tx_tamer|dout[0]
                Info (332115): Clock Arrival Path:
                Info (332115): Total (ns)  Incr (ns)     Type  Element
                Info (332115): ==========  ========= ==  ====  ===================================
                Info (332115):      3.338      3.338  R        clock network delay
                Info (332115):      3.498      0.160           clock uncertainty
                Info (332115):      3.498      0.000      uTh  bladerf_core:U_core|nios_system:U_nios_system|time_tamer:tx_tamer|dout[0]
            Info (332181): Cross Path Clock Pessimism Removed : 2.883
            Info (332181): Required Skew   : 6.400
            Info (332181): Actual Skew     : 2.181
            Info (332181): Slack           : 4.219
        Info (332181): Path #24: Slack is 4.230 
            Info (332181): Latest Path Arrival
                Info (332115): From Node          : bladerf_core:U_core|nios_system:U_nios_system|time_tamer:tx_tamer|handshake:U_snap|source_holding[35]
                Info (332115): To Node            : bladerf_core:U_core|nios_system:U_nios_system|time_tamer:tx_tamer|dout[3]
                Info (332115): Launch Clock       : U_core|U_nios_system|axi_ad9361_0|i_dev_if|i_rx|i_altlvds_rx|auto_generated|pll_sclk~PLL_OUTPUT_COUNTER|divclk
                Info (332115): Latch Clock        : U_core|U_system_pll|altera_pll_i|general[0].gpll~PLL_OUTPUT_COUNTER|divclk
                Info (332115): Data Arrival Time  : 8.721
                Info (332115): Clock Arrival Time : 1.656
                Info (332115): Relative Delay     : 7.065
                Info (332115): Data Arrival Path:
                Info (332115): Total (ns)  Incr (ns)     Type  Element
                Info (332115): ==========  ========= ==  ====  ===================================
                Info (332115):      6.343      6.343  R        clock network delay
                Info (332115):      6.343      0.000     uTco  bladerf_core:U_core|nios_system:U_nios_system|time_tamer:tx_tamer|handshake:U_snap|source_holding[35]
                Info (332115):      6.343      0.000 RR  CELL  U_core|U_nios_system|tx_tamer|U_snap|source_holding[35]|q
                Info (332115):      6.670      0.327 RR    IC  U_core|U_nios_system|tx_tamer|Mux4~0|datab
                Info (332115):      7.356      0.686 RR  CELL  U_core|U_nios_system|tx_tamer|Mux4~0|combout
                Info (332115):      7.733      0.377 RR    IC  U_core|U_nios_system|tx_tamer|Mux4~2|datab
                Info (332115):      8.415      0.682 RR  CELL  U_core|U_nios_system|tx_tamer|Mux4~2|combout
                Info (332115):      8.415      0.000 RR    IC  U_core|U_nios_system|tx_tamer|dout[3]|d
                Info (332115):      8.721      0.306 RR  CELL  bladerf_core:U_core|nios_system:U_nios_system|time_tamer:tx_tamer|dout[3]
                Info (332115): Clock Arrival Path:
                Info (332115): Total (ns)  Incr (ns)     Type  Element
                Info (332115): ==========  ========= ==  ====  ===================================
                Info (332115):      1.816      1.816  R        clock network delay
                Info (332115):      1.656     -0.160           clock uncertainty
                Info (332115):      1.656      0.000     uTsu  bladerf_core:U_core|nios_system:U_nios_system|time_tamer:tx_tamer|dout[3]
            Info (332181): Earliest Path Arrival
                Info (332115): From Node          : bladerf_core:U_core|nios_system:U_nios_system|time_tamer:tx_tamer|handshake:U_snap|source_holding[18]
                Info (332115): To Node            : bladerf_core:U_core|nios_system:U_nios_system|time_tamer:tx_tamer|dout[2]
                Info (332115): Launch Clock       : U_core|U_nios_system|axi_ad9361_0|i_dev_if|i_rx|i_altlvds_rx|auto_generated|pll_sclk~PLL_OUTPUT_COUNTER|divclk
                Info (332115): Latch Clock        : U_core|U_system_pll|altera_pll_i|general[0].gpll~PLL_OUTPUT_COUNTER|divclk
                Info (332115): Data Arrival Time  : 5.509
                Info (332115): Clock Arrival Time : 3.497
                Info (332115): Relative Delay     : 2.012
                Info (332115): Data Arrival Path:
                Info (332115): Total (ns)  Incr (ns)     Type  Element
                Info (332115): ==========  ========= ==  ====  ===================================
                Info (332115):      4.740      4.740  R        clock network delay
                Info (332115):      4.740      0.000     uTco  bladerf_core:U_core|nios_system:U_nios_system|time_tamer:tx_tamer|handshake:U_snap|source_holding[18]
                Info (332115):      4.740      0.000 RR  CELL  U_core|U_nios_system|tx_tamer|U_snap|source_holding[18]|q
                Info (332115):      5.151      0.411 RR    IC  U_core|U_nios_system|tx_tamer|Mux5~2|datad
                Info (332115):      5.427      0.276 RR  CELL  U_core|U_nios_system|tx_tamer|Mux5~2|combout
                Info (332115):      5.427      0.000 RR    IC  U_core|U_nios_system|tx_tamer|dout[2]|d
                Info (332115):      5.509      0.082 RR  CELL  bladerf_core:U_core|nios_system:U_nios_system|time_tamer:tx_tamer|dout[2]
                Info (332115): Clock Arrival Path:
                Info (332115): Total (ns)  Incr (ns)     Type  Element
                Info (332115): ==========  ========= ==  ====  ===================================
                Info (332115):      3.337      3.337  R        clock network delay
                Info (332115):      3.497      0.160           clock uncertainty
                Info (332115):      3.497      0.000      uTh  bladerf_core:U_core|nios_system:U_nios_system|time_tamer:tx_tamer|dout[2]
            Info (332181): Cross Path Clock Pessimism Removed : 2.883
            Info (332181): Required Skew   : 6.400
            Info (332181): Actual Skew     : 2.170
            Info (332181): Slack           : 4.230
Info (332115): Worst-case slack is 4.261 for "set_max_skew -from [get_keepers {*U_handshake_tx_underflow|source_holding[*]}] -to [get_keepers {*bladerf_core:*|tx_unf_sys_q[*]}] 6.400 "
    Info (332181): Skew for the Latest Arrival
        Info (332181): Path #25: Slack is 4.261 
            Info (332181): Latest Path Arrival
                Info (332115): From Node          : bladerf_core:U_core|handshake:U_handshake_tx_underflow|source_holding[46]
                Info (332115): To Node            : bladerf_core:U_core|tx_unf_sys_q[46]
                Info (332115): Launch Clock       : U_core|U_nios_system|axi_ad9361_0|i_dev_if|i_rx|i_altlvds_rx|auto_generated|pll_sclk~PLL_OUTPUT_COUNTER|divclk
                Info (332115): Latch Clock        : U_core|U_system_pll|altera_pll_i|general[0].gpll~PLL_OUTPUT_COUNTER|divclk
                Info (332115): Data Arrival Time  : 8.616
                Info (332115): Clock Arrival Time : 1.628
                Info (332115): Relative Delay     : 6.988
                Info (332115): Data Arrival Path:
                Info (332115): Total (ns)  Incr (ns)     Type  Element
                Info (332115): ==========  ========= ==  ====  ===================================
                Info (332115):      6.355      6.355  R        clock network delay
                Info (332115):      6.355      0.000     uTco  bladerf_core:U_core|handshake:U_handshake_tx_underflow|source_holding[46]
                Info (332115):      6.355      0.000 FF  CELL  U_core|U_handshake_tx_underflow|source_holding[46]|q
                Info (332115):      7.915      1.560 FF    IC  U_core|tx_unf_sys_q[46]|asdata
                Info (332115):      8.616      0.701 FF  CELL  bladerf_core:U_core|tx_unf_sys_q[46]
                Info (332115): Clock Arrival Path:
                Info (332115): Total (ns)  Incr (ns)     Type  Element
                Info (332115): ==========  ========= ==  ====  ===================================
                Info (332115):      1.788      1.788  R        clock network delay
                Info (332115):      1.628     -0.160           clock uncertainty
                Info (332115):      1.628      0.000     uTsu  bladerf_core:U_core|tx_unf_sys_q[46]
            Info (332181): Earliest Path Arrival
                Info (332115): From Node          : bladerf_core:U_core|handshake:U_handshake_tx_underflow|source_holding[31]
                Info (332115): To Node            : bladerf_core:U_core|tx_unf_sys_q[31]
                Info (332115): Launch Clock       : U_core|U_nios_system|axi_ad9361_0|i_dev_if|i_rx|i_altlvds_rx|auto_generated|pll_sclk~PLL_OUTPUT_COUNTER|divclk
                Info (332115): Latch Clock        : U_core|U_system_pll|altera_pll_i|general[0].gpll~PLL_OUTPUT_COUNTER|divclk
                Info (332115): Data Arrival Time  : 5.535
                Info (332115): Clock Arrival Time : 3.517
                Info (332115): Relative Delay     : 2.018
                Info (332115): Data Arrival Path:
                Info (332115): Total (ns)  Incr (ns)     Type  Element
                Info (332115): ==========  ========= ==  ====  ===================================
                Info (332115):      4.761      4.761  R        clock network delay
                Info (332115):      4.761      0.000     uTco  bladerf_core:U_core|handshake:U_handshake_tx_underflow|source_holding[31]
                Info (332115):      4.761      0.000 FF  CELL  U_core|U_handshake_tx_underflow|source_holding[31]|q
                Info (332115):      5.398      0.637 FF    IC  U_core|tx_unf_sys_q[31]~feeder|dataf
                Info (332115):      5.452      0.054 FF  CELL  U_core|tx_unf_sys_q[31]~feeder|combout
                Info (332115):      5.452      0.000 FF    IC  U_core|tx_unf_sys_q[31]|d
                Info (332115):      5.535      0.083 FF  CELL  bladerf_core:U_core|tx_unf_sys_q[31]
                Info (332115): Clock Arrival Path:
                Info (332115): Total (ns)  Incr (ns)     Type  Element
                Info (332115): ==========  ========= ==  ====  ===================================
                Info (332115):      3.357      3.357  R        clock network delay
                Info (332115):      3.517      0.160           clock uncertainty
                Info (332115):      3.517      0.000      uTh  bladerf_core:U_core|tx_unf_sys_q[31]
            Info (332181): Cross Path Clock Pessimism Removed : 2.831
            Info (332181): Required Skew   : 6.400
            Info (332181): Actual Skew     : 2.139
            Info (332181): Slack           : 4.261
        Info (332181): Path #26: Slack is 4.328 
            Info (332181): Latest Path Arrival
                Info (332115): From Node          : bladerf_core:U_core|handshake:U_handshake_tx_underflow|source_holding[57]
                Info (332115): To Node            : bladerf_core:U_core|tx_unf_sys_q[57]
                Info (332115): Launch Clock       : U_core|U_nios_system|axi_ad9361_0|i_dev_if|i_rx|i_altlvds_rx|auto_generated|pll_sclk~PLL_OUTPUT_COUNTER|divclk
                Info (332115): Latch Clock        : U_core|U_system_pll|altera_pll_i|general[0].gpll~PLL_OUTPUT_COUNTER|divclk
                Info (332115): Data Arrival Time  : 8.540
                Info (332115): Clock Arrival Time : 1.619
                Info (332115): Relative Delay     : 6.921
                Info (332115): Data Arrival Path:
                Info (332115): Total (ns)  Incr (ns)     Type  Element
                Info (332115): ==========  ========= ==  ====  ===================================
                Info (332115):      6.359      6.359  R        clock network delay
                Info (332115):      6.359      0.000     uTco  bladerf_core:U_core|handshake:U_handshake_tx_underflow|source_holding[57]
                Info (332115):      6.359      0.000 FF  CELL  U_core|U_handshake_tx_underflow|source_holding[57]|q
                Info (332115):      8.150      1.791 FF    IC  U_core|tx_unf_sys_q[57]~feeder|dataf
                Info (332115):      8.234      0.084 FF  CELL  U_core|tx_unf_sys_q[57]~feeder|combout
                Info (332115):      8.234      0.000 FF    IC  U_core|tx_unf_sys_q[57]|d
                Info (332115):      8.540      0.306 FF  CELL  bladerf_core:U_core|tx_unf_sys_q[57]
                Info (332115): Clock Arrival Path:
                Info (332115): Total (ns)  Incr (ns)     Type  Element
                Info (332115): ==========  ========= ==  ====  ===================================
                Info (332115):      1.779      1.779  R        clock network delay
                Info (332115):      1.619     -0.160           clock uncertainty
                Info (332115):      1.619      0.000     uTsu  bladerf_core:U_core|tx_unf_sys_q[57]
            Info (332181): Earliest Path Arrival
                Info (332115): From Node          : bladerf_core:U_core|handshake:U_handshake_tx_underflow|source_holding[31]
                Info (332115): To Node            : bladerf_core:U_core|tx_unf_sys_q[31]
                Info (332115): Launch Clock       : U_core|U_nios_system|axi_ad9361_0|i_dev_if|i_rx|i_altlvds_rx|auto_generated|pll_sclk~PLL_OUTPUT_COUNTER|divclk
                Info (332115): Latch Clock        : U_core|U_system_pll|altera_pll_i|general[0].gpll~PLL_OUTPUT_COUNTER|divclk
                Info (332115): Data Arrival Time  : 5.535
                Info (332115): Clock Arrival Time : 3.517
                Info (332115): Relative Delay     : 2.018
                Info (332115): Data Arrival Path:
                Info (332115): Total (ns)  Incr (ns)     Type  Element
                Info (332115): ==========  ========= ==  ====  ===================================
                Info (332115):      4.761      4.761  R        clock network delay
                Info (332115):      4.761      0.000     uTco  bladerf_core:U_core|handshake:U_handshake_tx_underflow|source_holding[31]
                Info (332115):      4.761      0.000 FF  CELL  U_core|U_handshake_tx_underflow|source_holding[31]|q
                Info (332115):      5.398      0.637 FF    IC  U_core|tx_unf_sys_q[31]~feeder|dataf
                Info (332115):      5.452      0.054 FF  CELL  U_core|tx_unf_sys_q[31]~feeder|combout
                Info (332115):      5.452      0.000 FF    IC  U_core|tx_unf_sys_q[31]|d
                Info (332115):      5.535      0.083 FF  CELL  bladerf_core:U_core|tx_unf_sys_q[31]
                Info (332115): Clock Arrival Path:
                Info (332115): Total (ns)  Incr (ns)     Type  Element
                Info (332115): ==========  ========= ==  ====  ===================================
                Info (332115):      3.357      3.357  R        clock network delay
                Info (332115):      3.517      0.160           clock uncertainty
                Info (332115):      3.517      0.000      uTh  bladerf_core:U_core|tx_unf_sys_q[31]
            Info (332181): Cross Path Clock Pessimism Removed : 2.831
            Info (332181): Required Skew   : 6.400
            Info (332181): Actual Skew     : 2.072
            Info (332181): Slack           : 4.328
        Info (332181): Path #27: Slack is 4.362 
            Info (332181): Latest Path Arrival
                Info (332115): From Node          : bladerf_core:U_core|handshake:U_handshake_tx_underflow|source_holding[13]
                Info (332115): To Node            : bladerf_core:U_core|tx_unf_sys_q[13]
                Info (332115): Launch Clock       : U_core|U_nios_system|axi_ad9361_0|i_dev_if|i_rx|i_altlvds_rx|auto_generated|pll_sclk~PLL_OUTPUT_COUNTER|divclk
                Info (332115): Latch Clock        : U_core|U_system_pll|altera_pll_i|general[0].gpll~PLL_OUTPUT_COUNTER|divclk
                Info (332115): Data Arrival Time  : 8.521
                Info (332115): Clock Arrival Time : 1.655
                Info (332115): Relative Delay     : 6.866
                Info (332115): Data Arrival Path:
                Info (332115): Total (ns)  Incr (ns)     Type  Element
                Info (332115): ==========  ========= ==  ====  ===================================
                Info (332115):      6.334      6.334  R        clock network delay
                Info (332115):      6.334      0.000     uTco  bladerf_core:U_core|handshake:U_handshake_tx_underflow|source_holding[13]
                Info (332115):      6.334      0.000 FF  CELL  U_core|U_handshake_tx_underflow|source_holding[13]|q
                Info (332115):      8.131      1.797 FF    IC  U_core|tx_unf_sys_q[13]~feeder|dataf
                Info (332115):      8.215      0.084 FF  CELL  U_core|tx_unf_sys_q[13]~feeder|combout
                Info (332115):      8.215      0.000 FF    IC  U_core|tx_unf_sys_q[13]|d
                Info (332115):      8.521      0.306 FF  CELL  bladerf_core:U_core|tx_unf_sys_q[13]
                Info (332115): Clock Arrival Path:
                Info (332115): Total (ns)  Incr (ns)     Type  Element
                Info (332115): ==========  ========= ==  ====  ===================================
                Info (332115):      1.815      1.815  R        clock network delay
                Info (332115):      1.655     -0.160           clock uncertainty
                Info (332115):      1.655      0.000     uTsu  bladerf_core:U_core|tx_unf_sys_q[13]
            Info (332181): Earliest Path Arrival
                Info (332115): From Node          : bladerf_core:U_core|handshake:U_handshake_tx_underflow|source_holding[3]
                Info (332115): To Node            : bladerf_core:U_core|tx_unf_sys_q[3]
                Info (332115): Launch Clock       : U_core|U_nios_system|axi_ad9361_0|i_dev_if|i_rx|i_altlvds_rx|auto_generated|pll_sclk~PLL_OUTPUT_COUNTER|divclk
                Info (332115): Latch Clock        : U_core|U_system_pll|altera_pll_i|general[0].gpll~PLL_OUTPUT_COUNTER|divclk
                Info (332115): Data Arrival Time  : 5.476
                Info (332115): Clock Arrival Time : 3.479
                Info (332115): Relative Delay     : 1.997
                Info (332115): Data Arrival Path:
                Info (332115): Total (ns)  Incr (ns)     Type  Element
                Info (332115): ==========  ========= ==  ====  ===================================
                Info (332115):      4.755      4.755  R        clock network delay
                Info (332115):      4.755      0.000     uTco  bladerf_core:U_core|handshake:U_handshake_tx_underflow|source_holding[3]
                Info (332115):      4.755      0.000 FF  CELL  U_core|U_handshake_tx_underflow|source_holding[3]|q
                Info (332115):      5.150      0.395 FF    IC  U_core|tx_unf_sys_q[3]|asdata
                Info (332115):      5.476      0.326 FF  CELL  bladerf_core:U_core|tx_unf_sys_q[3]
                Info (332115): Clock Arrival Path:
                Info (332115): Total (ns)  Incr (ns)     Type  Element
                Info (332115): ==========  ========= ==  ====  ===================================
                Info (332115):      3.319      3.319  R        clock network delay
                Info (332115):      3.479      0.160           clock uncertainty
                Info (332115):      3.479      0.000      uTh  bladerf_core:U_core|tx_unf_sys_q[3]
            Info (332181): Cross Path Clock Pessimism Removed : 2.831
            Info (332181): Required Skew   : 6.400
            Info (332181): Actual Skew     : 2.038
            Info (332181): Slack           : 4.362
        Info (332181): Path #28: Slack is 4.396 
            Info (332181): Latest Path Arrival
                Info (332115): From Node          : bladerf_core:U_core|handshake:U_handshake_tx_underflow|source_holding[41]
                Info (332115): To Node            : bladerf_core:U_core|tx_unf_sys_q[41]
                Info (332115): Launch Clock       : U_core|U_nios_system|axi_ad9361_0|i_dev_if|i_rx|i_altlvds_rx|auto_generated|pll_sclk~PLL_OUTPUT_COUNTER|divclk
                Info (332115): Latch Clock        : U_core|U_system_pll|altera_pll_i|general[0].gpll~PLL_OUTPUT_COUNTER|divclk
                Info (332115): Data Arrival Time  : 8.487
                Info (332115): Clock Arrival Time : 1.634
                Info (332115): Relative Delay     : 6.853
                Info (332115): Data Arrival Path:
                Info (332115): Total (ns)  Incr (ns)     Type  Element
                Info (332115): ==========  ========= ==  ====  ===================================
                Info (332115):      6.350      6.350  R        clock network delay
                Info (332115):      6.350      0.000     uTco  bladerf_core:U_core|handshake:U_handshake_tx_underflow|source_holding[41]
                Info (332115):      6.350      0.000 FF  CELL  U_core|U_handshake_tx_underflow|source_holding[41]|q
                Info (332115):      8.096      1.746 FF    IC  U_core|tx_unf_sys_q[41]~feeder|dataf
                Info (332115):      8.182      0.086 FF  CELL  U_core|tx_unf_sys_q[41]~feeder|combout
                Info (332115):      8.182      0.000 FF    IC  U_core|tx_unf_sys_q[41]|d
                Info (332115):      8.487      0.305 FF  CELL  bladerf_core:U_core|tx_unf_sys_q[41]
                Info (332115): Clock Arrival Path:
                Info (332115): Total (ns)  Incr (ns)     Type  Element
                Info (332115): ==========  ========= ==  ====  ===================================
                Info (332115):      1.794      1.794  R        clock network delay
                Info (332115):      1.634     -0.160           clock uncertainty
                Info (332115):      1.634      0.000     uTsu  bladerf_core:U_core|tx_unf_sys_q[41]
            Info (332181): Earliest Path Arrival
                Info (332115): From Node          : bladerf_core:U_core|handshake:U_handshake_tx_underflow|source_holding[31]
                Info (332115): To Node            : bladerf_core:U_core|tx_unf_sys_q[31]
                Info (332115): Launch Clock       : U_core|U_nios_system|axi_ad9361_0|i_dev_if|i_rx|i_altlvds_rx|auto_generated|pll_sclk~PLL_OUTPUT_COUNTER|divclk
                Info (332115): Latch Clock        : U_core|U_system_pll|altera_pll_i|general[0].gpll~PLL_OUTPUT_COUNTER|divclk
                Info (332115): Data Arrival Time  : 5.535
                Info (332115): Clock Arrival Time : 3.517
                Info (332115): Relative Delay     : 2.018
                Info (332115): Data Arrival Path:
                Info (332115): Total (ns)  Incr (ns)     Type  Element
                Info (332115): ==========  ========= ==  ====  ===================================
                Info (332115):      4.761      4.761  R        clock network delay
                Info (332115):      4.761      0.000     uTco  bladerf_core:U_core|handshake:U_handshake_tx_underflow|source_holding[31]
                Info (332115):      4.761      0.000 FF  CELL  U_core|U_handshake_tx_underflow|source_holding[31]|q
                Info (332115):      5.398      0.637 FF    IC  U_core|tx_unf_sys_q[31]~feeder|dataf
                Info (332115):      5.452      0.054 FF  CELL  U_core|tx_unf_sys_q[31]~feeder|combout
                Info (332115):      5.452      0.000 FF    IC  U_core|tx_unf_sys_q[31]|d
                Info (332115):      5.535      0.083 FF  CELL  bladerf_core:U_core|tx_unf_sys_q[31]
                Info (332115): Clock Arrival Path:
                Info (332115): Total (ns)  Incr (ns)     Type  Element
                Info (332115): ==========  ========= ==  ====  ===================================
                Info (332115):      3.357      3.357  R        clock network delay
                Info (332115):      3.517      0.160           clock uncertainty
                Info (332115):      3.517      0.000      uTh  bladerf_core:U_core|tx_unf_sys_q[31]
            Info (332181): Cross Path Clock Pessimism Removed : 2.831
            Info (332181): Required Skew   : 6.400
            Info (332181): Actual Skew     : 2.004
            Info (332181): Slack           : 4.396
    Info (332181): Skew for the Earliest Arrival
        Info (332181): Path #29: Slack is 4.261 
            Info (332181): Latest Path Arrival
                Info (332115): From Node          : bladerf_core:U_core|handshake:U_handshake_tx_underflow|source_holding[46]
                Info (332115): To Node            : bladerf_core:U_core|tx_unf_sys_q[46]
                Info (332115): Launch Clock       : U_core|U_nios_system|axi_ad9361_0|i_dev_if|i_rx|i_altlvds_rx|auto_generated|pll_sclk~PLL_OUTPUT_COUNTER|divclk
                Info (332115): Latch Clock        : U_core|U_system_pll|altera_pll_i|general[0].gpll~PLL_OUTPUT_COUNTER|divclk
                Info (332115): Data Arrival Time  : 8.616
                Info (332115): Clock Arrival Time : 1.628
                Info (332115): Relative Delay     : 6.988
                Info (332115): Data Arrival Path:
                Info (332115): Total (ns)  Incr (ns)     Type  Element
                Info (332115): ==========  ========= ==  ====  ===================================
                Info (332115):      6.355      6.355  R        clock network delay
                Info (332115):      6.355      0.000     uTco  bladerf_core:U_core|handshake:U_handshake_tx_underflow|source_holding[46]
                Info (332115):      6.355      0.000 FF  CELL  U_core|U_handshake_tx_underflow|source_holding[46]|q
                Info (332115):      7.915      1.560 FF    IC  U_core|tx_unf_sys_q[46]|asdata
                Info (332115):      8.616      0.701 FF  CELL  bladerf_core:U_core|tx_unf_sys_q[46]
                Info (332115): Clock Arrival Path:
                Info (332115): Total (ns)  Incr (ns)     Type  Element
                Info (332115): ==========  ========= ==  ====  ===================================
                Info (332115):      1.788      1.788  R        clock network delay
                Info (332115):      1.628     -0.160           clock uncertainty
                Info (332115):      1.628      0.000     uTsu  bladerf_core:U_core|tx_unf_sys_q[46]
            Info (332181): Earliest Path Arrival
                Info (332115): From Node          : bladerf_core:U_core|handshake:U_handshake_tx_underflow|source_holding[31]
                Info (332115): To Node            : bladerf_core:U_core|tx_unf_sys_q[31]
                Info (332115): Launch Clock       : U_core|U_nios_system|axi_ad9361_0|i_dev_if|i_rx|i_altlvds_rx|auto_generated|pll_sclk~PLL_OUTPUT_COUNTER|divclk
                Info (332115): Latch Clock        : U_core|U_system_pll|altera_pll_i|general[0].gpll~PLL_OUTPUT_COUNTER|divclk
                Info (332115): Data Arrival Time  : 5.535
                Info (332115): Clock Arrival Time : 3.517
                Info (332115): Relative Delay     : 2.018
                Info (332115): Data Arrival Path:
                Info (332115): Total (ns)  Incr (ns)     Type  Element
                Info (332115): ==========  ========= ==  ====  ===================================
                Info (332115):      4.761      4.761  R        clock network delay
                Info (332115):      4.761      0.000     uTco  bladerf_core:U_core|handshake:U_handshake_tx_underflow|source_holding[31]
                Info (332115):      4.761      0.000 FF  CELL  U_core|U_handshake_tx_underflow|source_holding[31]|q
                Info (332115):      5.398      0.637 FF    IC  U_core|tx_unf_sys_q[31]~feeder|dataf
                Info (332115):      5.452      0.054 FF  CELL  U_core|tx_unf_sys_q[31]~feeder|combout
                Info (332115):      5.452      0.000 FF    IC  U_core|tx_unf_sys_q[31]|d
                Info (332115):      5.535      0.083 FF  CELL  bladerf_core:U_core|tx_unf_sys_q[31]
                Info (332115): Clock Arrival Path:
                Info (332115): Total (ns)  Incr (ns)     Type  Element
                Info (332115): ==========  ========= ==  ====  ===================================
                Info (332115):      3.357      3.357  R        clock network delay
                Info (332115):      3.517      0.160           clock uncertainty
                Info (332115):      3.517      0.000      uTh  bladerf_core:U_core|tx_unf_sys_q[31]
            Info (332181): Cross Path Clock Pessimism Removed : 2.831
            Info (332181): Required Skew   : 6.400
            Info (332181): Actual Skew     : 2.139
            Info (332181): Slack           : 4.261
        Info (332181): Path #30: Slack is 4.263 
            Info (332181): Latest Path Arrival
                Info (332115): From Node          : bladerf_core:U_core|handshake:U_handshake_tx_underflow|source_holding[46]
                Info (332115): To Node            : bladerf_core:U_core|tx_unf_sys_q[46]
                Info (332115): Launch Clock       : U_core|U_nios_system|axi_ad9361_0|i_dev_if|i_rx|i_altlvds_rx|auto_generated|pll_sclk~PLL_OUTPUT_COUNTER|divclk
                Info (332115): Latch Clock        : U_core|U_system_pll|altera_pll_i|general[0].gpll~PLL_OUTPUT_COUNTER|divclk
                Info (332115): Data Arrival Time  : 8.616
                Info (332115): Clock Arrival Time : 1.628
                Info (332115): Relative Delay     : 6.988
                Info (332115): Data Arrival Path:
                Info (332115): Total (ns)  Incr (ns)     Type  Element
                Info (332115): ==========  ========= ==  ====  ===================================
                Info (332115):      6.355      6.355  R        clock network delay
                Info (332115):      6.355      0.000     uTco  bladerf_core:U_core|handshake:U_handshake_tx_underflow|source_holding[46]
                Info (332115):      6.355      0.000 FF  CELL  U_core|U_handshake_tx_underflow|source_holding[46]|q
                Info (332115):      7.915      1.560 FF    IC  U_core|tx_unf_sys_q[46]|asdata
                Info (332115):      8.616      0.701 FF  CELL  bladerf_core:U_core|tx_unf_sys_q[46]
                Info (332115): Clock Arrival Path:
                Info (332115): Total (ns)  Incr (ns)     Type  Element
                Info (332115): ==========  ========= ==  ====  ===================================
                Info (332115):      1.788      1.788  R        clock network delay
                Info (332115):      1.628     -0.160           clock uncertainty
                Info (332115):      1.628      0.000     uTsu  bladerf_core:U_core|tx_unf_sys_q[46]
            Info (332181): Earliest Path Arrival
                Info (332115): From Node          : bladerf_core:U_core|handshake:U_handshake_tx_underflow|source_holding[3]
                Info (332115): To Node            : bladerf_core:U_core|tx_unf_sys_q[3]
                Info (332115): Launch Clock       : U_core|U_nios_system|axi_ad9361_0|i_dev_if|i_rx|i_altlvds_rx|auto_generated|pll_sclk~PLL_OUTPUT_COUNTER|divclk
                Info (332115): Latch Clock        : U_core|U_system_pll|altera_pll_i|general[0].gpll~PLL_OUTPUT_COUNTER|divclk
                Info (332115): Data Arrival Time  : 5.476
                Info (332115): Clock Arrival Time : 3.479
                Info (332115): Relative Delay     : 1.997
                Info (332115): Data Arrival Path:
                Info (332115): Total (ns)  Incr (ns)     Type  Element
                Info (332115): ==========  ========= ==  ====  ===================================
                Info (332115):      4.755      4.755  R        clock network delay
                Info (332115):      4.755      0.000     uTco  bladerf_core:U_core|handshake:U_handshake_tx_underflow|source_holding[3]
                Info (332115):      4.755      0.000 FF  CELL  U_core|U_handshake_tx_underflow|source_holding[3]|q
                Info (332115):      5.150      0.395 FF    IC  U_core|tx_unf_sys_q[3]|asdata
                Info (332115):      5.476      0.326 FF  CELL  bladerf_core:U_core|tx_unf_sys_q[3]
                Info (332115): Clock Arrival Path:
                Info (332115): Total (ns)  Incr (ns)     Type  Element
                Info (332115): ==========  ========= ==  ====  ===================================
                Info (332115):      3.319      3.319  R        clock network delay
                Info (332115):      3.479      0.160           clock uncertainty
                Info (332115):      3.479      0.000      uTh  bladerf_core:U_core|tx_unf_sys_q[3]
            Info (332181): Cross Path Clock Pessimism Removed : 2.854
            Info (332181): Required Skew   : 6.400
            Info (332181): Actual Skew     : 2.137
            Info (332181): Slack           : 4.263
        Info (332181): Path #31: Slack is 4.279 
            Info (332181): Latest Path Arrival
                Info (332115): From Node          : bladerf_core:U_core|handshake:U_handshake_tx_underflow|source_holding[46]
                Info (332115): To Node            : bladerf_core:U_core|tx_unf_sys_q[46]
                Info (332115): Launch Clock       : U_core|U_nios_system|axi_ad9361_0|i_dev_if|i_rx|i_altlvds_rx|auto_generated|pll_sclk~PLL_OUTPUT_COUNTER|divclk
                Info (332115): Latch Clock        : U_core|U_system_pll|altera_pll_i|general[0].gpll~PLL_OUTPUT_COUNTER|divclk
                Info (332115): Data Arrival Time  : 8.616
                Info (332115): Clock Arrival Time : 1.628
                Info (332115): Relative Delay     : 6.988
                Info (332115): Data Arrival Path:
                Info (332115): Total (ns)  Incr (ns)     Type  Element
                Info (332115): ==========  ========= ==  ====  ===================================
                Info (332115):      6.355      6.355  R        clock network delay
                Info (332115):      6.355      0.000     uTco  bladerf_core:U_core|handshake:U_handshake_tx_underflow|source_holding[46]
                Info (332115):      6.355      0.000 FF  CELL  U_core|U_handshake_tx_underflow|source_holding[46]|q
                Info (332115):      7.915      1.560 FF    IC  U_core|tx_unf_sys_q[46]|asdata
                Info (332115):      8.616      0.701 FF  CELL  bladerf_core:U_core|tx_unf_sys_q[46]
                Info (332115): Clock Arrival Path:
                Info (332115): Total (ns)  Incr (ns)     Type  Element
                Info (332115): ==========  ========= ==  ====  ===================================
                Info (332115):      1.788      1.788  R        clock network delay
                Info (332115):      1.628     -0.160           clock uncertainty
                Info (332115):      1.628      0.000     uTsu  bladerf_core:U_core|tx_unf_sys_q[46]
            Info (332181): Earliest Path Arrival
                Info (332115): From Node          : bladerf_core:U_core|handshake:U_handshake_tx_underflow|source_holding[23]
                Info (332115): To Node            : bladerf_core:U_core|tx_unf_sys_q[23]
                Info (332115): Launch Clock       : U_core|U_nios_system|axi_ad9361_0|i_dev_if|i_rx|i_altlvds_rx|auto_generated|pll_sclk~PLL_OUTPUT_COUNTER|divclk
                Info (332115): Latch Clock        : U_core|U_system_pll|altera_pll_i|general[0].gpll~PLL_OUTPUT_COUNTER|divclk
                Info (332115): Data Arrival Time  : 5.551
                Info (332115): Clock Arrival Time : 3.515
                Info (332115): Relative Delay     : 2.036
                Info (332115): Data Arrival Path:
                Info (332115): Total (ns)  Incr (ns)     Type  Element
                Info (332115): ==========  ========= ==  ====  ===================================
                Info (332115):      4.754      4.754  R        clock network delay
                Info (332115):      4.754      0.000     uTco  bladerf_core:U_core|handshake:U_handshake_tx_underflow|source_holding[23]
                Info (332115):      4.754      0.000 FF  CELL  U_core|U_handshake_tx_underflow|source_holding[23]|q
                Info (332115):      5.183      0.429 FF    IC  U_core|tx_unf_sys_q[23]|asdata
                Info (332115):      5.551      0.368 FF  CELL  bladerf_core:U_core|tx_unf_sys_q[23]
                Info (332115): Clock Arrival Path:
                Info (332115): Total (ns)  Incr (ns)     Type  Element
                Info (332115): ==========  ========= ==  ====  ===================================
                Info (332115):      3.355      3.355  R        clock network delay
                Info (332115):      3.515      0.160           clock uncertainty
                Info (332115):      3.515      0.000      uTh  bladerf_core:U_core|tx_unf_sys_q[23]
            Info (332181): Cross Path Clock Pessimism Removed : 2.831
            Info (332181): Required Skew   : 6.400
            Info (332181): Actual Skew     : 2.121
            Info (332181): Slack           : 4.279
        Info (332181): Path #32: Slack is 4.285 
            Info (332181): Latest Path Arrival
                Info (332115): From Node          : bladerf_core:U_core|handshake:U_handshake_tx_underflow|source_holding[46]
                Info (332115): To Node            : bladerf_core:U_core|tx_unf_sys_q[46]
                Info (332115): Launch Clock       : U_core|U_nios_system|axi_ad9361_0|i_dev_if|i_rx|i_altlvds_rx|auto_generated|pll_sclk~PLL_OUTPUT_COUNTER|divclk
                Info (332115): Latch Clock        : U_core|U_system_pll|altera_pll_i|general[0].gpll~PLL_OUTPUT_COUNTER|divclk
                Info (332115): Data Arrival Time  : 8.616
                Info (332115): Clock Arrival Time : 1.628
                Info (332115): Relative Delay     : 6.988
                Info (332115): Data Arrival Path:
                Info (332115): Total (ns)  Incr (ns)     Type  Element
                Info (332115): ==========  ========= ==  ====  ===================================
                Info (332115):      6.355      6.355  R        clock network delay
                Info (332115):      6.355      0.000     uTco  bladerf_core:U_core|handshake:U_handshake_tx_underflow|source_holding[46]
                Info (332115):      6.355      0.000 FF  CELL  U_core|U_handshake_tx_underflow|source_holding[46]|q
                Info (332115):      7.915      1.560 FF    IC  U_core|tx_unf_sys_q[46]|asdata
                Info (332115):      8.616      0.701 FF  CELL  bladerf_core:U_core|tx_unf_sys_q[46]
                Info (332115): Clock Arrival Path:
                Info (332115): Total (ns)  Incr (ns)     Type  Element
                Info (332115): ==========  ========= ==  ====  ===================================
                Info (332115):      1.788      1.788  R        clock network delay
                Info (332115):      1.628     -0.160           clock uncertainty
                Info (332115):      1.628      0.000     uTsu  bladerf_core:U_core|tx_unf_sys_q[46]
            Info (332181): Earliest Path Arrival
                Info (332115): From Node          : bladerf_core:U_core|handshake:U_handshake_tx_underflow|source_holding[38]
                Info (332115): To Node            : bladerf_core:U_core|tx_unf_sys_q[38]
                Info (332115): Launch Clock       : U_core|U_nios_system|axi_ad9361_0|i_dev_if|i_rx|i_altlvds_rx|auto_generated|pll_sclk~PLL_OUTPUT_COUNTER|divclk
                Info (332115): Latch Clock        : U_core|U_system_pll|altera_pll_i|general[0].gpll~PLL_OUTPUT_COUNTER|divclk
                Info (332115): Data Arrival Time  : 5.557
                Info (332115): Clock Arrival Time : 3.515
                Info (332115): Relative Delay     : 2.042
                Info (332115): Data Arrival Path:
                Info (332115): Total (ns)  Incr (ns)     Type  Element
                Info (332115): ==========  ========= ==  ====  ===================================
                Info (332115):      4.754      4.754  R        clock network delay
                Info (332115):      4.754      0.000     uTco  bladerf_core:U_core|handshake:U_handshake_tx_underflow|source_holding[38]
                Info (332115):      4.754      0.000 FF  CELL  U_core|U_handshake_tx_underflow|source_holding[38]|q
                Info (332115):      5.123      0.369 FF    IC  U_core|tx_unf_sys_q[38]|asdata
                Info (332115):      5.557      0.434 FF  CELL  bladerf_core:U_core|tx_unf_sys_q[38]
                Info (332115): Clock Arrival Path:
                Info (332115): Total (ns)  Incr (ns)     Type  Element
                Info (332115): ==========  ========= ==  ====  ===================================
                Info (332115):      3.355      3.355  R        clock network delay
                Info (332115):      3.515      0.160           clock uncertainty
                Info (332115):      3.515      0.000      uTh  bladerf_core:U_core|tx_unf_sys_q[38]
            Info (332181): Cross Path Clock Pessimism Removed : 2.831
            Info (332181): Required Skew   : 6.400
            Info (332181): Actual Skew     : 2.115
            Info (332181): Slack           : 4.285
Info (332115): Worst-case slack is 4.315 for "set_max_skew -from [get_keepers {*time_tamer:tx_tamer|hold_time[*]}] -to [get_keepers {*time_tamer:tx_tamer|compare_time[*]}] -get_skew_value_from_clock_period dst_clock_period -skew_value_multiplier 0.800 "
    Info (332181): Skew for the Latest Arrival
        Info (332181): Path #33: Slack is 4.315 
            Info (332181): Latest Path Arrival
                Info (332115): From Node          : bladerf_core:U_core|nios_system:U_nios_system|time_tamer:tx_tamer|hold_time[6]
                Info (332115): To Node            : bladerf_core:U_core|nios_system:U_nios_system|time_tamer:tx_tamer|compare_time[6]
                Info (332115): Launch Clock       : U_core|U_system_pll|altera_pll_i|general[0].gpll~PLL_OUTPUT_COUNTER|divclk
                Info (332115): Latch Clock        : U_core|U_nios_system|axi_ad9361_0|i_dev_if|i_rx|i_altlvds_rx|auto_generated|pll_sclk~PLL_OUTPUT_COUNTER|divclk
                Info (332115): Data Arrival Time  : 5.511
                Info (332115): Clock Arrival Time : 4.572
                Info (332115): Relative Delay     : 0.939
                Info (332115): Data Arrival Path:
                Info (332115): Total (ns)  Incr (ns)     Type  Element
                Info (332115): ==========  ========= ==  ====  ===================================
                Info (332115):      3.302      3.302  R        clock network delay
                Info (332115):      3.302      0.000     uTco  bladerf_core:U_core|nios_system:U_nios_system|time_tamer:tx_tamer|hold_time[6]
                Info (332115):      3.302      0.000 FF  CELL  U_core|U_nios_system|tx_tamer|hold_time[6]|q
                Info (332115):      4.854      1.552 FF    IC  U_core|U_nios_system|tx_tamer|compare_time[6]|asdata
                Info (332115):      5.511      0.657 FF  CELL  bladerf_core:U_core|nios_system:U_nios_system|time_tamer:tx_tamer|compare_time[6]
                Info (332115): Clock Arrival Path:
                Info (332115): Total (ns)  Incr (ns)     Type  Element
                Info (332115): ==========  ========= ==  ====  ===================================
                Info (332115):      4.732      4.732  R        clock network delay
                Info (332115):      4.572     -0.160           clock uncertainty
                Info (332115):      4.572      0.000     uTsu  bladerf_core:U_core|nios_system:U_nios_system|time_tamer:tx_tamer|compare_time[6]
            Info (332181): Earliest Path Arrival
                Info (332115): From Node          : bladerf_core:U_core|nios_system:U_nios_system|time_tamer:tx_tamer|hold_time[30]
                Info (332115): To Node            : bladerf_core:U_core|nios_system:U_nios_system|time_tamer:tx_tamer|compare_time[30]
                Info (332115): Launch Clock       : U_core|U_system_pll|altera_pll_i|general[0].gpll~PLL_OUTPUT_COUNTER|divclk
                Info (332115): Latch Clock        : U_core|U_nios_system|axi_ad9361_0|i_dev_if|i_rx|i_altlvds_rx|auto_generated|pll_sclk~PLL_OUTPUT_COUNTER|divclk
                Info (332115): Data Arrival Time  : 2.497
                Info (332115): Clock Arrival Time : 6.475
                Info (332115): Relative Delay     : -3.978
                Info (332115): Data Arrival Path:
                Info (332115): Total (ns)  Incr (ns)     Type  Element
                Info (332115): ==========  ========= ==  ====  ===================================
                Info (332115):      1.778      1.778  R        clock network delay
                Info (332115):      1.778      0.000     uTco  bladerf_core:U_core|nios_system:U_nios_system|time_tamer:tx_tamer|hold_time[30]
                Info (332115):      1.778      0.000 FF  CELL  U_core|U_nios_system|tx_tamer|hold_time[30]|q
                Info (332115):      2.059      0.281 FF    IC  U_core|U_nios_system|tx_tamer|compare_time[30]|asdata
                Info (332115):      2.497      0.438 FF  CELL  bladerf_core:U_core|nios_system:U_nios_system|time_tamer:tx_tamer|compare_time[30]
                Info (332115): Clock Arrival Path:
                Info (332115): Total (ns)  Incr (ns)     Type  Element
                Info (332115): ==========  ========= ==  ====  ===================================
                Info (332115):      6.315      6.315  R        clock network delay
                Info (332115):      6.475      0.160           clock uncertainty
                Info (332115):      6.475      0.000      uTh  bladerf_core:U_core|nios_system:U_nios_system|time_tamer:tx_tamer|compare_time[30]
            Info (332181): Cross Path Clock Pessimism Removed : 2.832
            Info (332181): Required Skew   : 6.400
            Info (332181): Actual Skew     : 2.085
            Info (332181): Slack           : 4.315
        Info (332181): Path #34: Slack is 4.467 
            Info (332181): Latest Path Arrival
                Info (332115): From Node          : bladerf_core:U_core|nios_system:U_nios_system|time_tamer:tx_tamer|hold_time[62]
                Info (332115): To Node            : bladerf_core:U_core|nios_system:U_nios_system|time_tamer:tx_tamer|compare_time[62]
                Info (332115): Launch Clock       : U_core|U_system_pll|altera_pll_i|general[0].gpll~PLL_OUTPUT_COUNTER|divclk
                Info (332115): Latch Clock        : U_core|U_nios_system|axi_ad9361_0|i_dev_if|i_rx|i_altlvds_rx|auto_generated|pll_sclk~PLL_OUTPUT_COUNTER|divclk
                Info (332115): Data Arrival Time  : 5.383
                Info (332115): Clock Arrival Time : 4.571
                Info (332115): Relative Delay     : 0.812
                Info (332115): Data Arrival Path:
                Info (332115): Total (ns)  Incr (ns)     Type  Element
                Info (332115): ==========  ========= ==  ====  ===================================
                Info (332115):      3.334      3.334  R        clock network delay
                Info (332115):      3.334      0.000     uTco  bladerf_core:U_core|nios_system:U_nios_system|time_tamer:tx_tamer|hold_time[62]
                Info (332115):      3.334      0.000 FF  CELL  U_core|U_nios_system|tx_tamer|hold_time[62]|q
                Info (332115):      4.657      1.323 FF    IC  U_core|U_nios_system|tx_tamer|compare_time[62]|asdata
                Info (332115):      5.383      0.726 FF  CELL  bladerf_core:U_core|nios_system:U_nios_system|time_tamer:tx_tamer|compare_time[62]
                Info (332115): Clock Arrival Path:
                Info (332115): Total (ns)  Incr (ns)     Type  Element
                Info (332115): ==========  ========= ==  ====  ===================================
                Info (332115):      4.731      4.731  R        clock network delay
                Info (332115):      4.571     -0.160           clock uncertainty
                Info (332115):      4.571      0.000     uTsu  bladerf_core:U_core|nios_system:U_nios_system|time_tamer:tx_tamer|compare_time[62]
            Info (332181): Earliest Path Arrival
                Info (332115): From Node          : bladerf_core:U_core|nios_system:U_nios_system|time_tamer:tx_tamer|hold_time[30]
                Info (332115): To Node            : bladerf_core:U_core|nios_system:U_nios_system|time_tamer:tx_tamer|compare_time[30]
                Info (332115): Launch Clock       : U_core|U_system_pll|altera_pll_i|general[0].gpll~PLL_OUTPUT_COUNTER|divclk
                Info (332115): Latch Clock        : U_core|U_nios_system|axi_ad9361_0|i_dev_if|i_rx|i_altlvds_rx|auto_generated|pll_sclk~PLL_OUTPUT_COUNTER|divclk
                Info (332115): Data Arrival Time  : 2.497
                Info (332115): Clock Arrival Time : 6.475
                Info (332115): Relative Delay     : -3.978
                Info (332115): Data Arrival Path:
                Info (332115): Total (ns)  Incr (ns)     Type  Element
                Info (332115): ==========  ========= ==  ====  ===================================
                Info (332115):      1.778      1.778  R        clock network delay
                Info (332115):      1.778      0.000     uTco  bladerf_core:U_core|nios_system:U_nios_system|time_tamer:tx_tamer|hold_time[30]
                Info (332115):      1.778      0.000 FF  CELL  U_core|U_nios_system|tx_tamer|hold_time[30]|q
                Info (332115):      2.059      0.281 FF    IC  U_core|U_nios_system|tx_tamer|compare_time[30]|asdata
                Info (332115):      2.497      0.438 FF  CELL  bladerf_core:U_core|nios_system:U_nios_system|time_tamer:tx_tamer|compare_time[30]
                Info (332115): Clock Arrival Path:
                Info (332115): Total (ns)  Incr (ns)     Type  Element
                Info (332115): ==========  ========= ==  ====  ===================================
                Info (332115):      6.315      6.315  R        clock network delay
                Info (332115):      6.475      0.160           clock uncertainty
                Info (332115):      6.475      0.000      uTh  bladerf_core:U_core|nios_system:U_nios_system|time_tamer:tx_tamer|compare_time[30]
            Info (332181): Cross Path Clock Pessimism Removed : 2.857
            Info (332181): Required Skew   : 6.400
            Info (332181): Actual Skew     : 1.933
            Info (332181): Slack           : 4.467
        Info (332181): Path #35: Slack is 4.471 
            Info (332181): Latest Path Arrival
                Info (332115): From Node          : bladerf_core:U_core|nios_system:U_nios_system|time_tamer:tx_tamer|hold_time[7]~DUPLICATE
                Info (332115): To Node            : bladerf_core:U_core|nios_system:U_nios_system|time_tamer:tx_tamer|compare_time[7]
                Info (332115): Launch Clock       : U_core|U_system_pll|altera_pll_i|general[0].gpll~PLL_OUTPUT_COUNTER|divclk
                Info (332115): Latch Clock        : U_core|U_nios_system|axi_ad9361_0|i_dev_if|i_rx|i_altlvds_rx|auto_generated|pll_sclk~PLL_OUTPUT_COUNTER|divclk
                Info (332115): Data Arrival Time  : 5.372
                Info (332115): Clock Arrival Time : 4.567
                Info (332115): Relative Delay     : 0.805
                Info (332115): Data Arrival Path:
                Info (332115): Total (ns)  Incr (ns)     Type  Element
                Info (332115): ==========  ========= ==  ====  ===================================
                Info (332115):      3.331      3.331  R        clock network delay
                Info (332115):      3.331      0.000     uTco  bladerf_core:U_core|nios_system:U_nios_system|time_tamer:tx_tamer|hold_time[7]~DUPLICATE
                Info (332115):      3.331      0.000 FF  CELL  U_core|U_nios_system|tx_tamer|hold_time[7]~DUPLICATE|q
                Info (332115):      4.671      1.340 FF    IC  U_core|U_nios_system|tx_tamer|compare_time[7]|asdata
                Info (332115):      5.372      0.701 FF  CELL  bladerf_core:U_core|nios_system:U_nios_system|time_tamer:tx_tamer|compare_time[7]
                Info (332115): Clock Arrival Path:
                Info (332115): Total (ns)  Incr (ns)     Type  Element
                Info (332115): ==========  ========= ==  ====  ===================================
                Info (332115):      4.727      4.727  R        clock network delay
                Info (332115):      4.567     -0.160           clock uncertainty
                Info (332115):      4.567      0.000     uTsu  bladerf_core:U_core|nios_system:U_nios_system|time_tamer:tx_tamer|compare_time[7]
            Info (332181): Earliest Path Arrival
                Info (332115): From Node          : bladerf_core:U_core|nios_system:U_nios_system|time_tamer:tx_tamer|hold_time[30]
                Info (332115): To Node            : bladerf_core:U_core|nios_system:U_nios_system|time_tamer:tx_tamer|compare_time[30]
                Info (332115): Launch Clock       : U_core|U_system_pll|altera_pll_i|general[0].gpll~PLL_OUTPUT_COUNTER|divclk
                Info (332115): Latch Clock        : U_core|U_nios_system|axi_ad9361_0|i_dev_if|i_rx|i_altlvds_rx|auto_generated|pll_sclk~PLL_OUTPUT_COUNTER|divclk
                Info (332115): Data Arrival Time  : 2.497
                Info (332115): Clock Arrival Time : 6.475
                Info (332115): Relative Delay     : -3.978
                Info (332115): Data Arrival Path:
                Info (332115): Total (ns)  Incr (ns)     Type  Element
                Info (332115): ==========  ========= ==  ====  ===================================
                Info (332115):      1.778      1.778  R        clock network delay
                Info (332115):      1.778      0.000     uTco  bladerf_core:U_core|nios_system:U_nios_system|time_tamer:tx_tamer|hold_time[30]
                Info (332115):      1.778      0.000 FF  CELL  U_core|U_nios_system|tx_tamer|hold_time[30]|q
                Info (332115):      2.059      0.281 FF    IC  U_core|U_nios_system|tx_tamer|compare_time[30]|asdata
                Info (332115):      2.497      0.438 FF  CELL  bladerf_core:U_core|nios_system:U_nios_system|time_tamer:tx_tamer|compare_time[30]
                Info (332115): Clock Arrival Path:
                Info (332115): Total (ns)  Incr (ns)     Type  Element
                Info (332115): ==========  ========= ==  ====  ===================================
                Info (332115):      6.315      6.315  R        clock network delay
                Info (332115):      6.475      0.160           clock uncertainty
                Info (332115):      6.475      0.000      uTh  bladerf_core:U_core|nios_system:U_nios_system|time_tamer:tx_tamer|compare_time[30]
            Info (332181): Cross Path Clock Pessimism Removed : 2.854
            Info (332181): Required Skew   : 6.400
            Info (332181): Actual Skew     : 1.929
            Info (332181): Slack           : 4.471
        Info (332181): Path #36: Slack is 4.508 
            Info (332181): Latest Path Arrival
                Info (332115): From Node          : bladerf_core:U_core|nios_system:U_nios_system|time_tamer:tx_tamer|hold_time[54]
                Info (332115): To Node            : bladerf_core:U_core|nios_system:U_nios_system|time_tamer:tx_tamer|compare_time[54]
                Info (332115): Launch Clock       : U_core|U_system_pll|altera_pll_i|general[0].gpll~PLL_OUTPUT_COUNTER|divclk
                Info (332115): Latch Clock        : U_core|U_nios_system|axi_ad9361_0|i_dev_if|i_rx|i_altlvds_rx|auto_generated|pll_sclk~PLL_OUTPUT_COUNTER|divclk
                Info (332115): Data Arrival Time  : 5.348
                Info (332115): Clock Arrival Time : 4.577
                Info (332115): Relative Delay     : 0.771
                Info (332115): Data Arrival Path:
                Info (332115): Total (ns)  Incr (ns)     Type  Element
                Info (332115): ==========  ========= ==  ====  ===================================
                Info (332115):      3.346      3.346  R        clock network delay
                Info (332115):      3.346      0.000     uTco  bladerf_core:U_core|nios_system:U_nios_system|time_tamer:tx_tamer|hold_time[54]
                Info (332115):      3.346      0.000 FF  CELL  U_core|U_nios_system|tx_tamer|hold_time[54]|q
                Info (332115):      4.645      1.299 FF    IC  U_core|U_nios_system|tx_tamer|compare_time[54]|asdata
                Info (332115):      5.348      0.703 FF  CELL  bladerf_core:U_core|nios_system:U_nios_system|time_tamer:tx_tamer|compare_time[54]
                Info (332115): Clock Arrival Path:
                Info (332115): Total (ns)  Incr (ns)     Type  Element
                Info (332115): ==========  ========= ==  ====  ===================================
                Info (332115):      4.737      4.737  R        clock network delay
                Info (332115):      4.577     -0.160           clock uncertainty
                Info (332115):      4.577      0.000     uTsu  bladerf_core:U_core|nios_system:U_nios_system|time_tamer:tx_tamer|compare_time[54]
            Info (332181): Earliest Path Arrival
                Info (332115): From Node          : bladerf_core:U_core|nios_system:U_nios_system|time_tamer:tx_tamer|hold_time[30]
                Info (332115): To Node            : bladerf_core:U_core|nios_system:U_nios_system|time_tamer:tx_tamer|compare_time[30]
                Info (332115): Launch Clock       : U_core|U_system_pll|altera_pll_i|general[0].gpll~PLL_OUTPUT_COUNTER|divclk
                Info (332115): Latch Clock        : U_core|U_nios_system|axi_ad9361_0|i_dev_if|i_rx|i_altlvds_rx|auto_generated|pll_sclk~PLL_OUTPUT_COUNTER|divclk
                Info (332115): Data Arrival Time  : 2.497
                Info (332115): Clock Arrival Time : 6.475
                Info (332115): Relative Delay     : -3.978
                Info (332115): Data Arrival Path:
                Info (332115): Total (ns)  Incr (ns)     Type  Element
                Info (332115): ==========  ========= ==  ====  ===================================
                Info (332115):      1.778      1.778  R        clock network delay
                Info (332115):      1.778      0.000     uTco  bladerf_core:U_core|nios_system:U_nios_system|time_tamer:tx_tamer|hold_time[30]
                Info (332115):      1.778      0.000 FF  CELL  U_core|U_nios_system|tx_tamer|hold_time[30]|q
                Info (332115):      2.059      0.281 FF    IC  U_core|U_nios_system|tx_tamer|compare_time[30]|asdata
                Info (332115):      2.497      0.438 FF  CELL  bladerf_core:U_core|nios_system:U_nios_system|time_tamer:tx_tamer|compare_time[30]
                Info (332115): Clock Arrival Path:
                Info (332115): Total (ns)  Incr (ns)     Type  Element
                Info (332115): ==========  ========= ==  ====  ===================================
                Info (332115):      6.315      6.315  R        clock network delay
                Info (332115):      6.475      0.160           clock uncertainty
                Info (332115):      6.475      0.000      uTh  bladerf_core:U_core|nios_system:U_nios_system|time_tamer:tx_tamer|compare_time[30]
            Info (332181): Cross Path Clock Pessimism Removed : 2.857
            Info (332181): Required Skew   : 6.400
            Info (332181): Actual Skew     : 1.892
            Info (332181): Slack           : 4.508
    Info (332181): Skew for the Earliest Arrival
        Info (332181): Path #37: Slack is 4.315 
            Info (332181): Latest Path Arrival
                Info (332115): From Node          : bladerf_core:U_core|nios_system:U_nios_system|time_tamer:tx_tamer|hold_time[6]
                Info (332115): To Node            : bladerf_core:U_core|nios_system:U_nios_system|time_tamer:tx_tamer|compare_time[6]
                Info (332115): Launch Clock       : U_core|U_system_pll|altera_pll_i|general[0].gpll~PLL_OUTPUT_COUNTER|divclk
                Info (332115): Latch Clock        : U_core|U_nios_system|axi_ad9361_0|i_dev_if|i_rx|i_altlvds_rx|auto_generated|pll_sclk~PLL_OUTPUT_COUNTER|divclk
                Info (332115): Data Arrival Time  : 5.511
                Info (332115): Clock Arrival Time : 4.572
                Info (332115): Relative Delay     : 0.939
                Info (332115): Data Arrival Path:
                Info (332115): Total (ns)  Incr (ns)     Type  Element
                Info (332115): ==========  ========= ==  ====  ===================================
                Info (332115):      3.302      3.302  R        clock network delay
                Info (332115):      3.302      0.000     uTco  bladerf_core:U_core|nios_system:U_nios_system|time_tamer:tx_tamer|hold_time[6]
                Info (332115):      3.302      0.000 FF  CELL  U_core|U_nios_system|tx_tamer|hold_time[6]|q
                Info (332115):      4.854      1.552 FF    IC  U_core|U_nios_system|tx_tamer|compare_time[6]|asdata
                Info (332115):      5.511      0.657 FF  CELL  bladerf_core:U_core|nios_system:U_nios_system|time_tamer:tx_tamer|compare_time[6]
                Info (332115): Clock Arrival Path:
                Info (332115): Total (ns)  Incr (ns)     Type  Element
                Info (332115): ==========  ========= ==  ====  ===================================
                Info (332115):      4.732      4.732  R        clock network delay
                Info (332115):      4.572     -0.160           clock uncertainty
                Info (332115):      4.572      0.000     uTsu  bladerf_core:U_core|nios_system:U_nios_system|time_tamer:tx_tamer|compare_time[6]
            Info (332181): Earliest Path Arrival
                Info (332115): From Node          : bladerf_core:U_core|nios_system:U_nios_system|time_tamer:tx_tamer|hold_time[30]
                Info (332115): To Node            : bladerf_core:U_core|nios_system:U_nios_system|time_tamer:tx_tamer|compare_time[30]
                Info (332115): Launch Clock       : U_core|U_system_pll|altera_pll_i|general[0].gpll~PLL_OUTPUT_COUNTER|divclk
                Info (332115): Latch Clock        : U_core|U_nios_system|axi_ad9361_0|i_dev_if|i_rx|i_altlvds_rx|auto_generated|pll_sclk~PLL_OUTPUT_COUNTER|divclk
                Info (332115): Data Arrival Time  : 2.497
                Info (332115): Clock Arrival Time : 6.475
                Info (332115): Relative Delay     : -3.978
                Info (332115): Data Arrival Path:
                Info (332115): Total (ns)  Incr (ns)     Type  Element
                Info (332115): ==========  ========= ==  ====  ===================================
                Info (332115):      1.778      1.778  R        clock network delay
                Info (332115):      1.778      0.000     uTco  bladerf_core:U_core|nios_system:U_nios_system|time_tamer:tx_tamer|hold_time[30]
                Info (332115):      1.778      0.000 FF  CELL  U_core|U_nios_system|tx_tamer|hold_time[30]|q
                Info (332115):      2.059      0.281 FF    IC  U_core|U_nios_system|tx_tamer|compare_time[30]|asdata
                Info (332115):      2.497      0.438 FF  CELL  bladerf_core:U_core|nios_system:U_nios_system|time_tamer:tx_tamer|compare_time[30]
                Info (332115): Clock Arrival Path:
                Info (332115): Total (ns)  Incr (ns)     Type  Element
                Info (332115): ==========  ========= ==  ====  ===================================
                Info (332115):      6.315      6.315  R        clock network delay
                Info (332115):      6.475      0.160           clock uncertainty
                Info (332115):      6.475      0.000      uTh  bladerf_core:U_core|nios_system:U_nios_system|time_tamer:tx_tamer|compare_time[30]
            Info (332181): Cross Path Clock Pessimism Removed : 2.832
            Info (332181): Required Skew   : 6.400
            Info (332181): Actual Skew     : 2.085
            Info (332181): Slack           : 4.315
        Info (332181): Path #38: Slack is 4.362 
            Info (332181): Latest Path Arrival
                Info (332115): From Node          : bladerf_core:U_core|nios_system:U_nios_system|time_tamer:tx_tamer|hold_time[6]
                Info (332115): To Node            : bladerf_core:U_core|nios_system:U_nios_system|time_tamer:tx_tamer|compare_time[6]
                Info (332115): Launch Clock       : U_core|U_system_pll|altera_pll_i|general[0].gpll~PLL_OUTPUT_COUNTER|divclk
                Info (332115): Latch Clock        : U_core|U_nios_system|axi_ad9361_0|i_dev_if|i_rx|i_altlvds_rx|auto_generated|pll_sclk~PLL_OUTPUT_COUNTER|divclk
                Info (332115): Data Arrival Time  : 5.511
                Info (332115): Clock Arrival Time : 4.572
                Info (332115): Relative Delay     : 0.939
                Info (332115): Data Arrival Path:
                Info (332115): Total (ns)  Incr (ns)     Type  Element
                Info (332115): ==========  ========= ==  ====  ===================================
                Info (332115):      3.302      3.302  R        clock network delay
                Info (332115):      3.302      0.000     uTco  bladerf_core:U_core|nios_system:U_nios_system|time_tamer:tx_tamer|hold_time[6]
                Info (332115):      3.302      0.000 FF  CELL  U_core|U_nios_system|tx_tamer|hold_time[6]|q
                Info (332115):      4.854      1.552 FF    IC  U_core|U_nios_system|tx_tamer|compare_time[6]|asdata
                Info (332115):      5.511      0.657 FF  CELL  bladerf_core:U_core|nios_system:U_nios_system|time_tamer:tx_tamer|compare_time[6]
                Info (332115): Clock Arrival Path:
                Info (332115): Total (ns)  Incr (ns)     Type  Element
                Info (332115): ==========  ========= ==  ====  ===================================
                Info (332115):      4.732      4.732  R        clock network delay
                Info (332115):      4.572     -0.160           clock uncertainty
                Info (332115):      4.572      0.000     uTsu  bladerf_core:U_core|nios_system:U_nios_system|time_tamer:tx_tamer|compare_time[6]
            Info (332181): Earliest Path Arrival
                Info (332115): From Node          : bladerf_core:U_core|nios_system:U_nios_system|time_tamer:tx_tamer|hold_time[18]~DUPLICATE
                Info (332115): To Node            : bladerf_core:U_core|nios_system:U_nios_system|time_tamer:tx_tamer|compare_time[18]
                Info (332115): Launch Clock       : U_core|U_system_pll|altera_pll_i|general[0].gpll~PLL_OUTPUT_COUNTER|divclk
                Info (332115): Latch Clock        : U_core|U_nios_system|axi_ad9361_0|i_dev_if|i_rx|i_altlvds_rx|auto_generated|pll_sclk~PLL_OUTPUT_COUNTER|divclk
                Info (332115): Data Arrival Time  : 2.548
                Info (332115): Clock Arrival Time : 6.479
                Info (332115): Relative Delay     : -3.931
                Info (332115): Data Arrival Path:
                Info (332115): Total (ns)  Incr (ns)     Type  Element
                Info (332115): ==========  ========= ==  ====  ===================================
                Info (332115):      1.789      1.789  R        clock network delay
                Info (332115):      1.789      0.000     uTco  bladerf_core:U_core|nios_system:U_nios_system|time_tamer:tx_tamer|hold_time[18]~DUPLICATE
                Info (332115):      1.789      0.000 FF  CELL  U_core|U_nios_system|tx_tamer|hold_time[18]~DUPLICATE|q
                Info (332115):      2.076      0.287 FF    IC  U_core|U_nios_system|tx_tamer|compare_time[18]~feeder|datac
                Info (332115):      2.467      0.391 FF  CELL  U_core|U_nios_system|tx_tamer|compare_time[18]~feeder|combout
                Info (332115):      2.467      0.000 FF    IC  U_core|U_nios_system|tx_tamer|compare_time[18]|d
                Info (332115):      2.548      0.081 FF  CELL  bladerf_core:U_core|nios_system:U_nios_system|time_tamer:tx_tamer|compare_time[18]
                Info (332115): Clock Arrival Path:
                Info (332115): Total (ns)  Incr (ns)     Type  Element
                Info (332115): ==========  ========= ==  ====  ===================================
                Info (332115):      6.319      6.319  R        clock network delay
                Info (332115):      6.479      0.160           clock uncertainty
                Info (332115):      6.479      0.000      uTh  bladerf_core:U_core|nios_system:U_nios_system|time_tamer:tx_tamer|compare_time[18]
            Info (332181): Cross Path Clock Pessimism Removed : 2.832
            Info (332181): Required Skew   : 6.400
            Info (332181): Actual Skew     : 2.038
            Info (332181): Slack           : 4.362
        Info (332181): Path #39: Slack is 4.364 
            Info (332181): Latest Path Arrival
                Info (332115): From Node          : bladerf_core:U_core|nios_system:U_nios_system|time_tamer:tx_tamer|hold_time[6]
                Info (332115): To Node            : bladerf_core:U_core|nios_system:U_nios_system|time_tamer:tx_tamer|compare_time[6]
                Info (332115): Launch Clock       : U_core|U_system_pll|altera_pll_i|general[0].gpll~PLL_OUTPUT_COUNTER|divclk
                Info (332115): Latch Clock        : U_core|U_nios_system|axi_ad9361_0|i_dev_if|i_rx|i_altlvds_rx|auto_generated|pll_sclk~PLL_OUTPUT_COUNTER|divclk
                Info (332115): Data Arrival Time  : 5.511
                Info (332115): Clock Arrival Time : 4.572
                Info (332115): Relative Delay     : 0.939
                Info (332115): Data Arrival Path:
                Info (332115): Total (ns)  Incr (ns)     Type  Element
                Info (332115): ==========  ========= ==  ====  ===================================
                Info (332115):      3.302      3.302  R        clock network delay
                Info (332115):      3.302      0.000     uTco  bladerf_core:U_core|nios_system:U_nios_system|time_tamer:tx_tamer|hold_time[6]
                Info (332115):      3.302      0.000 FF  CELL  U_core|U_nios_system|tx_tamer|hold_time[6]|q
                Info (332115):      4.854      1.552 FF    IC  U_core|U_nios_system|tx_tamer|compare_time[6]|asdata
                Info (332115):      5.511      0.657 FF  CELL  bladerf_core:U_core|nios_system:U_nios_system|time_tamer:tx_tamer|compare_time[6]
                Info (332115): Clock Arrival Path:
                Info (332115): Total (ns)  Incr (ns)     Type  Element
                Info (332115): ==========  ========= ==  ====  ===================================
                Info (332115):      4.732      4.732  R        clock network delay
                Info (332115):      4.572     -0.160           clock uncertainty
                Info (332115):      4.572      0.000     uTsu  bladerf_core:U_core|nios_system:U_nios_system|time_tamer:tx_tamer|compare_time[6]
            Info (332181): Earliest Path Arrival
                Info (332115): From Node          : bladerf_core:U_core|nios_system:U_nios_system|time_tamer:tx_tamer|hold_time[1]
                Info (332115): To Node            : bladerf_core:U_core|nios_system:U_nios_system|time_tamer:tx_tamer|compare_time[1]
                Info (332115): Launch Clock       : U_core|U_system_pll|altera_pll_i|general[0].gpll~PLL_OUTPUT_COUNTER|divclk
                Info (332115): Latch Clock        : U_core|U_nios_system|axi_ad9361_0|i_dev_if|i_rx|i_altlvds_rx|auto_generated|pll_sclk~PLL_OUTPUT_COUNTER|divclk
                Info (332115): Data Arrival Time  : 2.552
                Info (332115): Clock Arrival Time : 6.481
                Info (332115): Relative Delay     : -3.929
                Info (332115): Data Arrival Path:
                Info (332115): Total (ns)  Incr (ns)     Type  Element
                Info (332115): ==========  ========= ==  ====  ===================================
                Info (332115):      1.795      1.795  R        clock network delay
                Info (332115):      1.795      0.000     uTco  bladerf_core:U_core|nios_system:U_nios_system|time_tamer:tx_tamer|hold_time[1]
                Info (332115):      1.795      0.000 FF  CELL  U_core|U_nios_system|tx_tamer|hold_time[1]|q
                Info (332115):      2.077      0.282 FF    IC  U_core|U_nios_system|tx_tamer|compare_time[1]~feeder|datac
                Info (332115):      2.468      0.391 FF  CELL  U_core|U_nios_system|tx_tamer|compare_time[1]~feeder|combout
                Info (332115):      2.468      0.000 FF    IC  U_core|U_nios_system|tx_tamer|compare_time[1]|d
                Info (332115):      2.552      0.084 FF  CELL  bladerf_core:U_core|nios_system:U_nios_system|time_tamer:tx_tamer|compare_time[1]
                Info (332115): Clock Arrival Path:
                Info (332115): Total (ns)  Incr (ns)     Type  Element
                Info (332115): ==========  ========= ==  ====  ===================================
                Info (332115):      6.321      6.321  R        clock network delay
                Info (332115):      6.481      0.160           clock uncertainty
                Info (332115):      6.481      0.000      uTh  bladerf_core:U_core|nios_system:U_nios_system|time_tamer:tx_tamer|compare_time[1]
            Info (332181): Cross Path Clock Pessimism Removed : 2.832
            Info (332181): Required Skew   : 6.400
            Info (332181): Actual Skew     : 2.036
            Info (332181): Slack           : 4.364
        Info (332181): Path #40: Slack is 4.369 
            Info (332181): Latest Path Arrival
                Info (332115): From Node          : bladerf_core:U_core|nios_system:U_nios_system|time_tamer:tx_tamer|hold_time[6]
                Info (332115): To Node            : bladerf_core:U_core|nios_system:U_nios_system|time_tamer:tx_tamer|compare_time[6]
                Info (332115): Launch Clock       : U_core|U_system_pll|altera_pll_i|general[0].gpll~PLL_OUTPUT_COUNTER|divclk
                Info (332115): Latch Clock        : U_core|U_nios_system|axi_ad9361_0|i_dev_if|i_rx|i_altlvds_rx|auto_generated|pll_sclk~PLL_OUTPUT_COUNTER|divclk
                Info (332115): Data Arrival Time  : 5.511
                Info (332115): Clock Arrival Time : 4.572
                Info (332115): Relative Delay     : 0.939
                Info (332115): Data Arrival Path:
                Info (332115): Total (ns)  Incr (ns)     Type  Element
                Info (332115): ==========  ========= ==  ====  ===================================
                Info (332115):      3.302      3.302  R        clock network delay
                Info (332115):      3.302      0.000     uTco  bladerf_core:U_core|nios_system:U_nios_system|time_tamer:tx_tamer|hold_time[6]
                Info (332115):      3.302      0.000 FF  CELL  U_core|U_nios_system|tx_tamer|hold_time[6]|q
                Info (332115):      4.854      1.552 FF    IC  U_core|U_nios_system|tx_tamer|compare_time[6]|asdata
                Info (332115):      5.511      0.657 FF  CELL  bladerf_core:U_core|nios_system:U_nios_system|time_tamer:tx_tamer|compare_time[6]
                Info (332115): Clock Arrival Path:
                Info (332115): Total (ns)  Incr (ns)     Type  Element
                Info (332115): ==========  ========= ==  ====  ===================================
                Info (332115):      4.732      4.732  R        clock network delay
                Info (332115):      4.572     -0.160           clock uncertainty
                Info (332115):      4.572      0.000     uTsu  bladerf_core:U_core|nios_system:U_nios_system|time_tamer:tx_tamer|compare_time[6]
            Info (332181): Earliest Path Arrival
                Info (332115): From Node          : bladerf_core:U_core|nios_system:U_nios_system|time_tamer:tx_tamer|hold_time[12]
                Info (332115): To Node            : bladerf_core:U_core|nios_system:U_nios_system|time_tamer:tx_tamer|compare_time[12]
                Info (332115): Launch Clock       : U_core|U_system_pll|altera_pll_i|general[0].gpll~PLL_OUTPUT_COUNTER|divclk
                Info (332115): Latch Clock        : U_core|U_nios_system|axi_ad9361_0|i_dev_if|i_rx|i_altlvds_rx|auto_generated|pll_sclk~PLL_OUTPUT_COUNTER|divclk
                Info (332115): Data Arrival Time  : 2.541
                Info (332115): Clock Arrival Time : 6.465
                Info (332115): Relative Delay     : -3.924
                Info (332115): Data Arrival Path:
                Info (332115): Total (ns)  Incr (ns)     Type  Element
                Info (332115): ==========  ========= ==  ====  ===================================
                Info (332115):      1.774      1.774  R        clock network delay
                Info (332115):      1.774      0.000     uTco  bladerf_core:U_core|nios_system:U_nios_system|time_tamer:tx_tamer|hold_time[12]
                Info (332115):      1.774      0.000 FF  CELL  U_core|U_nios_system|tx_tamer|hold_time[12]|q
                Info (332115):      2.406      0.632 FF    IC  U_core|U_nios_system|tx_tamer|compare_time[12]~feeder|dataf
                Info (332115):      2.460      0.054 FF  CELL  U_core|U_nios_system|tx_tamer|compare_time[12]~feeder|combout
                Info (332115):      2.460      0.000 FF    IC  U_core|U_nios_system|tx_tamer|compare_time[12]|d
                Info (332115):      2.541      0.081 FF  CELL  bladerf_core:U_core|nios_system:U_nios_system|time_tamer:tx_tamer|compare_time[12]
                Info (332115): Clock Arrival Path:
                Info (332115): Total (ns)  Incr (ns)     Type  Element
                Info (332115): ==========  ========= ==  ====  ===================================
                Info (332115):      6.305      6.305  R        clock network delay
                Info (332115):      6.465      0.160           clock uncertainty
                Info (332115):      6.465      0.000      uTh  bladerf_core:U_core|nios_system:U_nios_system|time_tamer:tx_tamer|compare_time[12]
            Info (332181): Cross Path Clock Pessimism Removed : 2.832
            Info (332181): Required Skew   : 6.400
            Info (332181): Actual Skew     : 2.031
            Info (332181): Slack           : 4.369
Info (332115): Worst-case slack is 4.387 for "set_max_skew -from [get_keepers {*U_handshake_rx_overflow|source_holding[*]}] -to [get_keepers {*bladerf_core:*|rx_ovf_sys_q[*]}] 6.400 "
    Info (332181): Skew for the Latest Arrival
        Info (332181): Path #41: Slack is 4.387 
            Info (332181): Latest Path Arrival
                Info (332115): From Node          : bladerf_core:U_core|handshake:U_handshake_rx_overflow|source_holding[23]
                Info (332115): To Node            : bladerf_core:U_core|rx_ovf_sys_q[23]
                Info (332115): Launch Clock       : U_core|U_nios_system|axi_ad9361_0|i_dev_if|i_rx|i_altlvds_rx|auto_generated|pll_sclk~PLL_OUTPUT_COUNTER|divclk
                Info (332115): Latch Clock        : U_core|U_system_pll|altera_pll_i|general[0].gpll~PLL_OUTPUT_COUNTER|divclk
                Info (332115): Data Arrival Time  : 8.439
                Info (332115): Clock Arrival Time : 1.627
                Info (332115): Relative Delay     : 6.812
                Info (332115): Data Arrival Path:
                Info (332115): Total (ns)  Incr (ns)     Type  Element
                Info (332115): ==========  ========= ==  ====  ===================================
                Info (332115):      6.343      6.343  R        clock network delay
                Info (332115):      6.343      0.000     uTco  bladerf_core:U_core|handshake:U_handshake_rx_overflow|source_holding[23]
                Info (332115):      6.343      0.000 FF  CELL  U_core|U_handshake_rx_overflow|source_holding[23]|q
                Info (332115):      7.713      1.370 FF    IC  U_core|rx_ovf_sys_q[23]|asdata
                Info (332115):      8.439      0.726 FF  CELL  bladerf_core:U_core|rx_ovf_sys_q[23]
                Info (332115): Clock Arrival Path:
                Info (332115): Total (ns)  Incr (ns)     Type  Element
                Info (332115): ==========  ========= ==  ====  ===================================
                Info (332115):      1.787      1.787  R        clock network delay
                Info (332115):      1.627     -0.160           clock uncertainty
                Info (332115):      1.627      0.000     uTsu  bladerf_core:U_core|rx_ovf_sys_q[23]
            Info (332181): Earliest Path Arrival
                Info (332115): From Node          : bladerf_core:U_core|handshake:U_handshake_rx_overflow|source_holding[4]
                Info (332115): To Node            : bladerf_core:U_core|rx_ovf_sys_q[4]
                Info (332115): Launch Clock       : U_core|U_nios_system|axi_ad9361_0|i_dev_if|i_rx|i_altlvds_rx|auto_generated|pll_sclk~PLL_OUTPUT_COUNTER|divclk
                Info (332115): Latch Clock        : U_core|U_system_pll|altera_pll_i|general[0].gpll~PLL_OUTPUT_COUNTER|divclk
                Info (332115): Data Arrival Time  : 5.450
                Info (332115): Clock Arrival Time : 3.482
                Info (332115): Relative Delay     : 1.968
                Info (332115): Data Arrival Path:
                Info (332115): Total (ns)  Incr (ns)     Type  Element
                Info (332115): ==========  ========= ==  ====  ===================================
                Info (332115):      4.760      4.760  R        clock network delay
                Info (332115):      4.760      0.000     uTco  bladerf_core:U_core|handshake:U_handshake_rx_overflow|source_holding[4]
                Info (332115):      4.760      0.000 FF  CELL  U_core|U_handshake_rx_overflow|source_holding[4]|q
                Info (332115):      5.313      0.553 FF    IC  U_core|rx_ovf_sys_q[4]~feeder|dataf
                Info (332115):      5.368      0.055 FF  CELL  U_core|rx_ovf_sys_q[4]~feeder|combout
                Info (332115):      5.368      0.000 FF    IC  U_core|rx_ovf_sys_q[4]|d
                Info (332115):      5.450      0.082 FF  CELL  bladerf_core:U_core|rx_ovf_sys_q[4]
                Info (332115): Clock Arrival Path:
                Info (332115): Total (ns)  Incr (ns)     Type  Element
                Info (332115): ==========  ========= ==  ====  ===================================
                Info (332115):      3.322      3.322  R        clock network delay
                Info (332115):      3.482      0.160           clock uncertainty
                Info (332115):      3.482      0.000      uTh  bladerf_core:U_core|rx_ovf_sys_q[4]
            Info (332181): Cross Path Clock Pessimism Removed : 2.831
            Info (332181): Required Skew   : 6.400
            Info (332181): Actual Skew     : 2.013
            Info (332181): Slack           : 4.387
        Info (332181): Path #42: Slack is 4.474 
            Info (332181): Latest Path Arrival
                Info (332115): From Node          : bladerf_core:U_core|handshake:U_handshake_rx_overflow|source_holding[34]
                Info (332115): To Node            : bladerf_core:U_core|rx_ovf_sys_q[34]
                Info (332115): Launch Clock       : U_core|U_nios_system|axi_ad9361_0|i_dev_if|i_rx|i_altlvds_rx|auto_generated|pll_sclk~PLL_OUTPUT_COUNTER|divclk
                Info (332115): Latch Clock        : U_core|U_system_pll|altera_pll_i|general[0].gpll~PLL_OUTPUT_COUNTER|divclk
                Info (332115): Data Arrival Time  : 8.343
                Info (332115): Clock Arrival Time : 1.628
                Info (332115): Relative Delay     : 6.715
                Info (332115): Data Arrival Path:
                Info (332115): Total (ns)  Incr (ns)     Type  Element
                Info (332115): ==========  ========= ==  ====  ===================================
                Info (332115):      6.367      6.367  R        clock network delay
                Info (332115):      6.367      0.000     uTco  bladerf_core:U_core|handshake:U_handshake_rx_overflow|source_holding[34]
                Info (332115):      6.367      0.000 FF  CELL  U_core|U_handshake_rx_overflow|source_holding[34]|q
                Info (332115):      7.617      1.250 FF    IC  U_core|rx_ovf_sys_q[34]|asdata
                Info (332115):      8.343      0.726 FF  CELL  bladerf_core:U_core|rx_ovf_sys_q[34]
                Info (332115): Clock Arrival Path:
                Info (332115): Total (ns)  Incr (ns)     Type  Element
                Info (332115): ==========  ========= ==  ====  ===================================
                Info (332115):      1.788      1.788  R        clock network delay
                Info (332115):      1.628     -0.160           clock uncertainty
                Info (332115):      1.628      0.000     uTsu  bladerf_core:U_core|rx_ovf_sys_q[34]
            Info (332181): Earliest Path Arrival
                Info (332115): From Node          : bladerf_core:U_core|handshake:U_handshake_rx_overflow|source_holding[17]
                Info (332115): To Node            : bladerf_core:U_core|rx_ovf_sys_q[17]
                Info (332115): Launch Clock       : U_core|U_nios_system|axi_ad9361_0|i_dev_if|i_rx|i_altlvds_rx|auto_generated|pll_sclk~PLL_OUTPUT_COUNTER|divclk
                Info (332115): Latch Clock        : U_core|U_system_pll|altera_pll_i|general[0].gpll~PLL_OUTPUT_COUNTER|divclk
                Info (332115): Data Arrival Time  : 5.444
                Info (332115): Clock Arrival Time : 3.486
                Info (332115): Relative Delay     : 1.958
                Info (332115): Data Arrival Path:
                Info (332115): Total (ns)  Incr (ns)     Type  Element
                Info (332115): ==========  ========= ==  ====  ===================================
                Info (332115):      4.744      4.744  R        clock network delay
                Info (332115):      4.744      0.000     uTco  bladerf_core:U_core|handshake:U_handshake_rx_overflow|source_holding[17]
                Info (332115):      4.744      0.000 FF  CELL  U_core|U_handshake_rx_overflow|source_holding[17]|q
                Info (332115):      5.307      0.563 FF    IC  U_core|rx_ovf_sys_q[17]~feeder|dataf
                Info (332115):      5.362      0.055 FF  CELL  U_core|rx_ovf_sys_q[17]~feeder|combout
                Info (332115):      5.362      0.000 FF    IC  U_core|rx_ovf_sys_q[17]|d
                Info (332115):      5.444      0.082 FF  CELL  bladerf_core:U_core|rx_ovf_sys_q[17]
                Info (332115): Clock Arrival Path:
                Info (332115): Total (ns)  Incr (ns)     Type  Element
                Info (332115): ==========  ========= ==  ====  ===================================
                Info (332115):      3.326      3.326  R        clock network delay
                Info (332115):      3.486      0.160           clock uncertainty
                Info (332115):      3.486      0.000      uTh  bladerf_core:U_core|rx_ovf_sys_q[17]
            Info (332181): Cross Path Clock Pessimism Removed : 2.831
            Info (332181): Required Skew   : 6.400
            Info (332181): Actual Skew     : 1.926
            Info (332181): Slack           : 4.474
        Info (332181): Path #43: Slack is 4.523 
            Info (332181): Latest Path Arrival
                Info (332115): From Node          : bladerf_core:U_core|handshake:U_handshake_rx_overflow|source_holding[35]
                Info (332115): To Node            : bladerf_core:U_core|rx_ovf_sys_q[35]
                Info (332115): Launch Clock       : U_core|U_nios_system|axi_ad9361_0|i_dev_if|i_rx|i_altlvds_rx|auto_generated|pll_sclk~PLL_OUTPUT_COUNTER|divclk
                Info (332115): Latch Clock        : U_core|U_system_pll|altera_pll_i|general[0].gpll~PLL_OUTPUT_COUNTER|divclk
                Info (332115): Data Arrival Time  : 8.293
                Info (332115): Clock Arrival Time : 1.627
                Info (332115): Relative Delay     : 6.666
                Info (332115): Data Arrival Path:
                Info (332115): Total (ns)  Incr (ns)     Type  Element
                Info (332115): ==========  ========= ==  ====  ===================================
                Info (332115):      6.357      6.357  R        clock network delay
                Info (332115):      6.357      0.000     uTco  bladerf_core:U_core|handshake:U_handshake_rx_overflow|source_holding[35]
                Info (332115):      6.357      0.000 FF  CELL  U_core|U_handshake_rx_overflow|source_holding[35]|q
                Info (332115):      7.634      1.277 FF    IC  U_core|rx_ovf_sys_q[35]|asdata
                Info (332115):      8.293      0.659 FF  CELL  bladerf_core:U_core|rx_ovf_sys_q[35]
                Info (332115): Clock Arrival Path:
                Info (332115): Total (ns)  Incr (ns)     Type  Element
                Info (332115): ==========  ========= ==  ====  ===================================
                Info (332115):      1.787      1.787  R        clock network delay
                Info (332115):      1.627     -0.160           clock uncertainty
                Info (332115):      1.627      0.000     uTsu  bladerf_core:U_core|rx_ovf_sys_q[35]
            Info (332181): Earliest Path Arrival
                Info (332115): From Node          : bladerf_core:U_core|handshake:U_handshake_rx_overflow|source_holding[17]
                Info (332115): To Node            : bladerf_core:U_core|rx_ovf_sys_q[17]
                Info (332115): Launch Clock       : U_core|U_nios_system|axi_ad9361_0|i_dev_if|i_rx|i_altlvds_rx|auto_generated|pll_sclk~PLL_OUTPUT_COUNTER|divclk
                Info (332115): Latch Clock        : U_core|U_system_pll|altera_pll_i|general[0].gpll~PLL_OUTPUT_COUNTER|divclk
                Info (332115): Data Arrival Time  : 5.444
                Info (332115): Clock Arrival Time : 3.486
                Info (332115): Relative Delay     : 1.958
                Info (332115): Data Arrival Path:
                Info (332115): Total (ns)  Incr (ns)     Type  Element
                Info (332115): ==========  ========= ==  ====  ===================================
                Info (332115):      4.744      4.744  R        clock network delay
                Info (332115):      4.744      0.000     uTco  bladerf_core:U_core|handshake:U_handshake_rx_overflow|source_holding[17]
                Info (332115):      4.744      0.000 FF  CELL  U_core|U_handshake_rx_overflow|source_holding[17]|q
                Info (332115):      5.307      0.563 FF    IC  U_core|rx_ovf_sys_q[17]~feeder|dataf
                Info (332115):      5.362      0.055 FF  CELL  U_core|rx_ovf_sys_q[17]~feeder|combout
                Info (332115):      5.362      0.000 FF    IC  U_core|rx_ovf_sys_q[17]|d
                Info (332115):      5.444      0.082 FF  CELL  bladerf_core:U_core|rx_ovf_sys_q[17]
                Info (332115): Clock Arrival Path:
                Info (332115): Total (ns)  Incr (ns)     Type  Element
                Info (332115): ==========  ========= ==  ====  ===================================
                Info (332115):      3.326      3.326  R        clock network delay
                Info (332115):      3.486      0.160           clock uncertainty
                Info (332115):      3.486      0.000      uTh  bladerf_core:U_core|rx_ovf_sys_q[17]
            Info (332181): Cross Path Clock Pessimism Removed : 2.831
            Info (332181): Required Skew   : 6.400
            Info (332181): Actual Skew     : 1.877
            Info (332181): Slack           : 4.523
        Info (332181): Path #44: Slack is 4.539 
            Info (332181): Latest Path Arrival
                Info (332115): From Node          : bladerf_core:U_core|handshake:U_handshake_rx_overflow|source_holding[3]
                Info (332115): To Node            : bladerf_core:U_core|rx_ovf_sys_q[3]
                Info (332115): Launch Clock       : U_core|U_nios_system|axi_ad9361_0|i_dev_if|i_rx|i_altlvds_rx|auto_generated|pll_sclk~PLL_OUTPUT_COUNTER|divclk
                Info (332115): Latch Clock        : U_core|U_system_pll|altera_pll_i|general[0].gpll~PLL_OUTPUT_COUNTER|divclk
                Info (332115): Data Arrival Time  : 8.283
                Info (332115): Clock Arrival Time : 1.633
                Info (332115): Relative Delay     : 6.650
                Info (332115): Data Arrival Path:
                Info (332115): Total (ns)  Incr (ns)     Type  Element
                Info (332115): ==========  ========= ==  ====  ===================================
                Info (332115):      6.365      6.365  R        clock network delay
                Info (332115):      6.365      0.000     uTco  bladerf_core:U_core|handshake:U_handshake_rx_overflow|source_holding[3]
                Info (332115):      6.365      0.000 FF  CELL  U_core|U_handshake_rx_overflow|source_holding[3]|q
                Info (332115):      7.617      1.252 FF    IC  U_core|rx_ovf_sys_q[3]|asdata
                Info (332115):      8.283      0.666 FF  CELL  bladerf_core:U_core|rx_ovf_sys_q[3]
                Info (332115): Clock Arrival Path:
                Info (332115): Total (ns)  Incr (ns)     Type  Element
                Info (332115): ==========  ========= ==  ====  ===================================
                Info (332115):      1.793      1.793  R        clock network delay
                Info (332115):      1.633     -0.160           clock uncertainty
                Info (332115):      1.633      0.000     uTsu  bladerf_core:U_core|rx_ovf_sys_q[3]
            Info (332181): Earliest Path Arrival
                Info (332115): From Node          : bladerf_core:U_core|handshake:U_handshake_rx_overflow|source_holding[17]
                Info (332115): To Node            : bladerf_core:U_core|rx_ovf_sys_q[17]
                Info (332115): Launch Clock       : U_core|U_nios_system|axi_ad9361_0|i_dev_if|i_rx|i_altlvds_rx|auto_generated|pll_sclk~PLL_OUTPUT_COUNTER|divclk
                Info (332115): Latch Clock        : U_core|U_system_pll|altera_pll_i|general[0].gpll~PLL_OUTPUT_COUNTER|divclk
                Info (332115): Data Arrival Time  : 5.444
                Info (332115): Clock Arrival Time : 3.486
                Info (332115): Relative Delay     : 1.958
                Info (332115): Data Arrival Path:
                Info (332115): Total (ns)  Incr (ns)     Type  Element
                Info (332115): ==========  ========= ==  ====  ===================================
                Info (332115):      4.744      4.744  R        clock network delay
                Info (332115):      4.744      0.000     uTco  bladerf_core:U_core|handshake:U_handshake_rx_overflow|source_holding[17]
                Info (332115):      4.744      0.000 FF  CELL  U_core|U_handshake_rx_overflow|source_holding[17]|q
                Info (332115):      5.307      0.563 FF    IC  U_core|rx_ovf_sys_q[17]~feeder|dataf
                Info (332115):      5.362      0.055 FF  CELL  U_core|rx_ovf_sys_q[17]~feeder|combout
                Info (332115):      5.362      0.000 FF    IC  U_core|rx_ovf_sys_q[17]|d
                Info (332115):      5.444      0.082 FF  CELL  bladerf_core:U_core|rx_ovf_sys_q[17]
                Info (332115): Clock Arrival Path:
                Info (332115): Total (ns)  Incr (ns)     Type  Element
                Info (332115): ==========  ========= ==  ====  ===================================
                Info (332115):      3.326      3.326  R        clock network delay
                Info (332115):      3.486      0.160           clock uncertainty
                Info (332115):      3.486      0.000      uTh  bladerf_core:U_core|rx_ovf_sys_q[17]
            Info (332181): Cross Path Clock Pessimism Removed : 2.831
            Info (332181): Required Skew   : 6.400
            Info (332181): Actual Skew     : 1.861
            Info (332181): Slack           : 4.539
    Info (332181): Skew for the Earliest Arrival
        Info (332181): Path #45: Slack is 4.387 
            Info (332181): Latest Path Arrival
                Info (332115): From Node          : bladerf_core:U_core|handshake:U_handshake_rx_overflow|source_holding[23]
                Info (332115): To Node            : bladerf_core:U_core|rx_ovf_sys_q[23]
                Info (332115): Launch Clock       : U_core|U_nios_system|axi_ad9361_0|i_dev_if|i_rx|i_altlvds_rx|auto_generated|pll_sclk~PLL_OUTPUT_COUNTER|divclk
                Info (332115): Latch Clock        : U_core|U_system_pll|altera_pll_i|general[0].gpll~PLL_OUTPUT_COUNTER|divclk
                Info (332115): Data Arrival Time  : 8.439
                Info (332115): Clock Arrival Time : 1.627
                Info (332115): Relative Delay     : 6.812
                Info (332115): Data Arrival Path:
                Info (332115): Total (ns)  Incr (ns)     Type  Element
                Info (332115): ==========  ========= ==  ====  ===================================
                Info (332115):      6.343      6.343  R        clock network delay
                Info (332115):      6.343      0.000     uTco  bladerf_core:U_core|handshake:U_handshake_rx_overflow|source_holding[23]
                Info (332115):      6.343      0.000 FF  CELL  U_core|U_handshake_rx_overflow|source_holding[23]|q
                Info (332115):      7.713      1.370 FF    IC  U_core|rx_ovf_sys_q[23]|asdata
                Info (332115):      8.439      0.726 FF  CELL  bladerf_core:U_core|rx_ovf_sys_q[23]
                Info (332115): Clock Arrival Path:
                Info (332115): Total (ns)  Incr (ns)     Type  Element
                Info (332115): ==========  ========= ==  ====  ===================================
                Info (332115):      1.787      1.787  R        clock network delay
                Info (332115):      1.627     -0.160           clock uncertainty
                Info (332115):      1.627      0.000     uTsu  bladerf_core:U_core|rx_ovf_sys_q[23]
            Info (332181): Earliest Path Arrival
                Info (332115): From Node          : bladerf_core:U_core|handshake:U_handshake_rx_overflow|source_holding[4]
                Info (332115): To Node            : bladerf_core:U_core|rx_ovf_sys_q[4]
                Info (332115): Launch Clock       : U_core|U_nios_system|axi_ad9361_0|i_dev_if|i_rx|i_altlvds_rx|auto_generated|pll_sclk~PLL_OUTPUT_COUNTER|divclk
                Info (332115): Latch Clock        : U_core|U_system_pll|altera_pll_i|general[0].gpll~PLL_OUTPUT_COUNTER|divclk
                Info (332115): Data Arrival Time  : 5.450
                Info (332115): Clock Arrival Time : 3.482
                Info (332115): Relative Delay     : 1.968
                Info (332115): Data Arrival Path:
                Info (332115): Total (ns)  Incr (ns)     Type  Element
                Info (332115): ==========  ========= ==  ====  ===================================
                Info (332115):      4.760      4.760  R        clock network delay
                Info (332115):      4.760      0.000     uTco  bladerf_core:U_core|handshake:U_handshake_rx_overflow|source_holding[4]
                Info (332115):      4.760      0.000 FF  CELL  U_core|U_handshake_rx_overflow|source_holding[4]|q
                Info (332115):      5.313      0.553 FF    IC  U_core|rx_ovf_sys_q[4]~feeder|dataf
                Info (332115):      5.368      0.055 FF  CELL  U_core|rx_ovf_sys_q[4]~feeder|combout
                Info (332115):      5.368      0.000 FF    IC  U_core|rx_ovf_sys_q[4]|d
                Info (332115):      5.450      0.082 FF  CELL  bladerf_core:U_core|rx_ovf_sys_q[4]
                Info (332115): Clock Arrival Path:
                Info (332115): Total (ns)  Incr (ns)     Type  Element
                Info (332115): ==========  ========= ==  ====  ===================================
                Info (332115):      3.322      3.322  R        clock network delay
                Info (332115):      3.482      0.160           clock uncertainty
                Info (332115):      3.482      0.000      uTh  bladerf_core:U_core|rx_ovf_sys_q[4]
            Info (332181): Cross Path Clock Pessimism Removed : 2.831
            Info (332181): Required Skew   : 6.400
            Info (332181): Actual Skew     : 2.013
            Info (332181): Slack           : 4.387
        Info (332181): Path #46: Slack is 4.399 
            Info (332181): Latest Path Arrival
                Info (332115): From Node          : bladerf_core:U_core|handshake:U_handshake_rx_overflow|source_holding[23]
                Info (332115): To Node            : bladerf_core:U_core|rx_ovf_sys_q[23]
                Info (332115): Launch Clock       : U_core|U_nios_system|axi_ad9361_0|i_dev_if|i_rx|i_altlvds_rx|auto_generated|pll_sclk~PLL_OUTPUT_COUNTER|divclk
                Info (332115): Latch Clock        : U_core|U_system_pll|altera_pll_i|general[0].gpll~PLL_OUTPUT_COUNTER|divclk
                Info (332115): Data Arrival Time  : 8.439
                Info (332115): Clock Arrival Time : 1.627
                Info (332115): Relative Delay     : 6.812
                Info (332115): Data Arrival Path:
                Info (332115): Total (ns)  Incr (ns)     Type  Element
                Info (332115): ==========  ========= ==  ====  ===================================
                Info (332115):      6.343      6.343  R        clock network delay
                Info (332115):      6.343      0.000     uTco  bladerf_core:U_core|handshake:U_handshake_rx_overflow|source_holding[23]
                Info (332115):      6.343      0.000 FF  CELL  U_core|U_handshake_rx_overflow|source_holding[23]|q
                Info (332115):      7.713      1.370 FF    IC  U_core|rx_ovf_sys_q[23]|asdata
                Info (332115):      8.439      0.726 FF  CELL  bladerf_core:U_core|rx_ovf_sys_q[23]
                Info (332115): Clock Arrival Path:
                Info (332115): Total (ns)  Incr (ns)     Type  Element
                Info (332115): ==========  ========= ==  ====  ===================================
                Info (332115):      1.787      1.787  R        clock network delay
                Info (332115):      1.627     -0.160           clock uncertainty
                Info (332115):      1.627      0.000     uTsu  bladerf_core:U_core|rx_ovf_sys_q[23]
            Info (332181): Earliest Path Arrival
                Info (332115): From Node          : bladerf_core:U_core|handshake:U_handshake_rx_overflow|source_holding[22]
                Info (332115): To Node            : bladerf_core:U_core|rx_ovf_sys_q[22]
                Info (332115): Launch Clock       : U_core|U_nios_system|axi_ad9361_0|i_dev_if|i_rx|i_altlvds_rx|auto_generated|pll_sclk~PLL_OUTPUT_COUNTER|divclk
                Info (332115): Latch Clock        : U_core|U_system_pll|altera_pll_i|general[0].gpll~PLL_OUTPUT_COUNTER|divclk
                Info (332115): Data Arrival Time  : 5.463
                Info (332115): Clock Arrival Time : 3.483
                Info (332115): Relative Delay     : 1.980
                Info (332115): Data Arrival Path:
                Info (332115): Total (ns)  Incr (ns)     Type  Element
                Info (332115): ==========  ========= ==  ====  ===================================
                Info (332115):      4.753      4.753  R        clock network delay
                Info (332115):      4.753      0.000     uTco  bladerf_core:U_core|handshake:U_handshake_rx_overflow|source_holding[22]
                Info (332115):      4.753      0.000 FF  CELL  U_core|U_handshake_rx_overflow|source_holding[22]|q
                Info (332115):      5.326      0.573 FF    IC  U_core|rx_ovf_sys_q[22]~feeder|dataf
                Info (332115):      5.380      0.054 FF  CELL  U_core|rx_ovf_sys_q[22]~feeder|combout
                Info (332115):      5.380      0.000 FF    IC  U_core|rx_ovf_sys_q[22]|d
                Info (332115):      5.463      0.083 FF  CELL  bladerf_core:U_core|rx_ovf_sys_q[22]
                Info (332115): Clock Arrival Path:
                Info (332115): Total (ns)  Incr (ns)     Type  Element
                Info (332115): ==========  ========= ==  ====  ===================================
                Info (332115):      3.323      3.323  R        clock network delay
                Info (332115):      3.483      0.160           clock uncertainty
                Info (332115):      3.483      0.000      uTh  bladerf_core:U_core|rx_ovf_sys_q[22]
            Info (332181): Cross Path Clock Pessimism Removed : 2.831
            Info (332181): Required Skew   : 6.400
            Info (332181): Actual Skew     : 2.001
            Info (332181): Slack           : 4.399
        Info (332181): Path #47: Slack is 4.401 
            Info (332181): Latest Path Arrival
                Info (332115): From Node          : bladerf_core:U_core|handshake:U_handshake_rx_overflow|source_holding[23]
                Info (332115): To Node            : bladerf_core:U_core|rx_ovf_sys_q[23]
                Info (332115): Launch Clock       : U_core|U_nios_system|axi_ad9361_0|i_dev_if|i_rx|i_altlvds_rx|auto_generated|pll_sclk~PLL_OUTPUT_COUNTER|divclk
                Info (332115): Latch Clock        : U_core|U_system_pll|altera_pll_i|general[0].gpll~PLL_OUTPUT_COUNTER|divclk
                Info (332115): Data Arrival Time  : 8.439
                Info (332115): Clock Arrival Time : 1.627
                Info (332115): Relative Delay     : 6.812
                Info (332115): Data Arrival Path:
                Info (332115): Total (ns)  Incr (ns)     Type  Element
                Info (332115): ==========  ========= ==  ====  ===================================
                Info (332115):      6.343      6.343  R        clock network delay
                Info (332115):      6.343      0.000     uTco  bladerf_core:U_core|handshake:U_handshake_rx_overflow|source_holding[23]
                Info (332115):      6.343      0.000 FF  CELL  U_core|U_handshake_rx_overflow|source_holding[23]|q
                Info (332115):      7.713      1.370 FF    IC  U_core|rx_ovf_sys_q[23]|asdata
                Info (332115):      8.439      0.726 FF  CELL  bladerf_core:U_core|rx_ovf_sys_q[23]
                Info (332115): Clock Arrival Path:
                Info (332115): Total (ns)  Incr (ns)     Type  Element
                Info (332115): ==========  ========= ==  ====  ===================================
                Info (332115):      1.787      1.787  R        clock network delay
                Info (332115):      1.627     -0.160           clock uncertainty
                Info (332115):      1.627      0.000     uTsu  bladerf_core:U_core|rx_ovf_sys_q[23]
            Info (332181): Earliest Path Arrival
                Info (332115): From Node          : bladerf_core:U_core|handshake:U_handshake_rx_overflow|source_holding[17]
                Info (332115): To Node            : bladerf_core:U_core|rx_ovf_sys_q[17]
                Info (332115): Launch Clock       : U_core|U_nios_system|axi_ad9361_0|i_dev_if|i_rx|i_altlvds_rx|auto_generated|pll_sclk~PLL_OUTPUT_COUNTER|divclk
                Info (332115): Latch Clock        : U_core|U_system_pll|altera_pll_i|general[0].gpll~PLL_OUTPUT_COUNTER|divclk
                Info (332115): Data Arrival Time  : 5.444
                Info (332115): Clock Arrival Time : 3.486
                Info (332115): Relative Delay     : 1.958
                Info (332115): Data Arrival Path:
                Info (332115): Total (ns)  Incr (ns)     Type  Element
                Info (332115): ==========  ========= ==  ====  ===================================
                Info (332115):      4.744      4.744  R        clock network delay
                Info (332115):      4.744      0.000     uTco  bladerf_core:U_core|handshake:U_handshake_rx_overflow|source_holding[17]
                Info (332115):      4.744      0.000 FF  CELL  U_core|U_handshake_rx_overflow|source_holding[17]|q
                Info (332115):      5.307      0.563 FF    IC  U_core|rx_ovf_sys_q[17]~feeder|dataf
                Info (332115):      5.362      0.055 FF  CELL  U_core|rx_ovf_sys_q[17]~feeder|combout
                Info (332115):      5.362      0.000 FF    IC  U_core|rx_ovf_sys_q[17]|d
                Info (332115):      5.444      0.082 FF  CELL  bladerf_core:U_core|rx_ovf_sys_q[17]
                Info (332115): Clock Arrival Path:
                Info (332115): Total (ns)  Incr (ns)     Type  Element
                Info (332115): ==========  ========= ==  ====  ===================================
                Info (332115):      3.326      3.326  R        clock network delay
                Info (332115):      3.486      0.160           clock uncertainty
                Info (332115):      3.486      0.000      uTh  bladerf_core:U_core|rx_ovf_sys_q[17]
            Info (332181): Cross Path Clock Pessimism Removed : 2.855
            Info (332181): Required Skew   : 6.400
            Info (332181): Actual Skew     : 1.999
            Info (332181): Slack           : 4.401
        Info (332181): Path #48: Slack is 4.405 
            Info (332181): Latest Path Arrival
                Info (332115): From Node          : bladerf_core:U_core|handshake:U_handshake_rx_overflow|source_holding[23]
                Info (332115): To Node            : bladerf_core:U_core|rx_ovf_sys_q[23]
                Info (332115): Launch Clock       : U_core|U_nios_system|axi_ad9361_0|i_dev_if|i_rx|i_altlvds_rx|auto_generated|pll_sclk~PLL_OUTPUT_COUNTER|divclk
                Info (332115): Latch Clock        : U_core|U_system_pll|altera_pll_i|general[0].gpll~PLL_OUTPUT_COUNTER|divclk
                Info (332115): Data Arrival Time  : 8.439
                Info (332115): Clock Arrival Time : 1.627
                Info (332115): Relative Delay     : 6.812
                Info (332115): Data Arrival Path:
                Info (332115): Total (ns)  Incr (ns)     Type  Element
                Info (332115): ==========  ========= ==  ====  ===================================
                Info (332115):      6.343      6.343  R        clock network delay
                Info (332115):      6.343      0.000     uTco  bladerf_core:U_core|handshake:U_handshake_rx_overflow|source_holding[23]
                Info (332115):      6.343      0.000 FF  CELL  U_core|U_handshake_rx_overflow|source_holding[23]|q
                Info (332115):      7.713      1.370 FF    IC  U_core|rx_ovf_sys_q[23]|asdata
                Info (332115):      8.439      0.726 FF  CELL  bladerf_core:U_core|rx_ovf_sys_q[23]
                Info (332115): Clock Arrival Path:
                Info (332115): Total (ns)  Incr (ns)     Type  Element
                Info (332115): ==========  ========= ==  ====  ===================================
                Info (332115):      1.787      1.787  R        clock network delay
                Info (332115):      1.627     -0.160           clock uncertainty
                Info (332115):      1.627      0.000     uTsu  bladerf_core:U_core|rx_ovf_sys_q[23]
            Info (332181): Earliest Path Arrival
                Info (332115): From Node          : bladerf_core:U_core|handshake:U_handshake_rx_overflow|source_holding[47]
                Info (332115): To Node            : bladerf_core:U_core|rx_ovf_sys_q[47]
                Info (332115): Launch Clock       : U_core|U_nios_system|axi_ad9361_0|i_dev_if|i_rx|i_altlvds_rx|auto_generated|pll_sclk~PLL_OUTPUT_COUNTER|divclk
                Info (332115): Latch Clock        : U_core|U_system_pll|altera_pll_i|general[0].gpll~PLL_OUTPUT_COUNTER|divclk
                Info (332115): Data Arrival Time  : 5.469
                Info (332115): Clock Arrival Time : 3.483
                Info (332115): Relative Delay     : 1.986
                Info (332115): Data Arrival Path:
                Info (332115): Total (ns)  Incr (ns)     Type  Element
                Info (332115): ==========  ========= ==  ====  ===================================
                Info (332115):      4.753      4.753  R        clock network delay
                Info (332115):      4.753      0.000     uTco  bladerf_core:U_core|handshake:U_handshake_rx_overflow|source_holding[47]
                Info (332115):      4.753      0.000 FF  CELL  U_core|U_handshake_rx_overflow|source_holding[47]|q
                Info (332115):      5.332      0.579 FF    IC  U_core|rx_ovf_sys_q[47]~feeder|dataf
                Info (332115):      5.386      0.054 FF  CELL  U_core|rx_ovf_sys_q[47]~feeder|combout
                Info (332115):      5.386      0.000 FF    IC  U_core|rx_ovf_sys_q[47]|d
                Info (332115):      5.469      0.083 FF  CELL  bladerf_core:U_core|rx_ovf_sys_q[47]
                Info (332115): Clock Arrival Path:
                Info (332115): Total (ns)  Incr (ns)     Type  Element
                Info (332115): ==========  ========= ==  ====  ===================================
                Info (332115):      3.323      3.323  R        clock network delay
                Info (332115):      3.483      0.160           clock uncertainty
                Info (332115):      3.483      0.000      uTh  bladerf_core:U_core|rx_ovf_sys_q[47]
            Info (332181): Cross Path Clock Pessimism Removed : 2.831
            Info (332181): Required Skew   : 6.400
            Info (332181): Actual Skew     : 1.995
            Info (332181): Slack           : 4.405
Info (332115): Worst-case slack is 4.536 for "set_max_skew -from [get_keepers {*U_rx_epoch_status_handshake|source_holding[*]}] -to [get_keepers {*bladerf_core:*|rx_epoch_status_sys[*]}] 6.400 "
    Info (332181): Skew for the Latest Arrival
        Info (332181): Path #49: Slack is 4.536 
            Info (332181): Latest Path Arrival
                Info (332115): From Node          : bladerf_core:U_core|handshake:U_rx_epoch_status_handshake|source_holding[19]
                Info (332115): To Node            : bladerf_core:U_core|rx_epoch_status_sys[19]
                Info (332115): Launch Clock       : U_core|U_nios_system|axi_ad9361_0|i_dev_if|i_rx|i_altlvds_rx|auto_generated|pll_sclk~PLL_OUTPUT_COUNTER|divclk
                Info (332115): Latch Clock        : U_core|U_system_pll|altera_pll_i|general[0].gpll~PLL_OUTPUT_COUNTER|divclk
                Info (332115): Data Arrival Time  : 8.278
                Info (332115): Clock Arrival Time : 1.641
                Info (332115): Relative Delay     : 6.637
                Info (332115): Data Arrival Path:
                Info (332115): Total (ns)  Incr (ns)     Type  Element
                Info (332115): ==========  ========= ==  ====  ===================================
                Info (332115):      6.367      6.367  R        clock network delay
                Info (332115):      6.367      0.000     uTco  bladerf_core:U_core|handshake:U_rx_epoch_status_handshake|source_holding[19]
                Info (332115):      6.367      0.000 FF  CELL  U_core|U_rx_epoch_status_handshake|source_holding[19]|q
                Info (332115):      7.887      1.520 FF    IC  U_core|rx_epoch_status_sys[19]~feeder|dataf
                Info (332115):      7.973      0.086 FF  CELL  U_core|rx_epoch_status_sys[19]~feeder|combout
                Info (332115):      7.973      0.000 FF    IC  U_core|rx_epoch_status_sys[19]|d
                Info (332115):      8.278      0.305 FF  CELL  bladerf_core:U_core|rx_epoch_status_sys[19]
                Info (332115): Clock Arrival Path:
                Info (332115): Total (ns)  Incr (ns)     Type  Element
                Info (332115): ==========  ========= ==  ====  ===================================
                Info (332115):      1.801      1.801  R        clock network delay
                Info (332115):      1.641     -0.160           clock uncertainty
                Info (332115):      1.641      0.000     uTsu  bladerf_core:U_core|rx_epoch_status_sys[19]
            Info (332181): Earliest Path Arrival
                Info (332115): From Node          : bladerf_core:U_core|handshake:U_rx_epoch_status_handshake|source_holding[24]
                Info (332115): To Node            : bladerf_core:U_core|rx_epoch_status_sys[24]
                Info (332115): Launch Clock       : U_core|U_nios_system|axi_ad9361_0|i_dev_if|i_rx|i_altlvds_rx|auto_generated|pll_sclk~PLL_OUTPUT_COUNTER|divclk
                Info (332115): Latch Clock        : U_core|U_system_pll|altera_pll_i|general[0].gpll~PLL_OUTPUT_COUNTER|divclk
                Info (332115): Data Arrival Time  : 5.421
                Info (332115): Clock Arrival Time : 3.504
                Info (332115): Relative Delay     : 1.917
                Info (332115): Data Arrival Path:
                Info (332115): Total (ns)  Incr (ns)     Type  Element
                Info (332115): ==========  ========= ==  ====  ===================================
                Info (332115):      4.756      4.756  R        clock network delay
                Info (332115):      4.756      0.000     uTco  bladerf_core:U_core|handshake:U_rx_epoch_status_handshake|source_holding[24]
                Info (332115):      4.756      0.000 FF  CELL  U_core|U_rx_epoch_status_handshake|source_holding[24]|q
                Info (332115):      5.284      0.528 FF    IC  U_core|rx_epoch_status_sys[24]~feeder|dataf
                Info (332115):      5.339      0.055 FF  CELL  U_core|rx_epoch_status_sys[24]~feeder|combout
                Info (332115):      5.339      0.000 FF    IC  U_core|rx_epoch_status_sys[24]|d
                Info (332115):      5.421      0.082 FF  CELL  bladerf_core:U_core|rx_epoch_status_sys[24]
                Info (332115): Clock Arrival Path:
                Info (332115): Total (ns)  Incr (ns)     Type  Element
                Info (332115): ==========  ========= ==  ====  ===================================
                Info (332115):      3.344      3.344  R        clock network delay
                Info (332115):      3.504      0.160           clock uncertainty
                Info (332115):      3.504      0.000      uTh  bladerf_core:U_core|rx_epoch_status_sys[24]
            Info (332181): Cross Path Clock Pessimism Removed : 2.856
            Info (332181): Required Skew   : 6.400
            Info (332181): Actual Skew     : 1.864
            Info (332181): Slack           : 4.536
        Info (332181): Path #50: Slack is 4.620 
            Info (332181): Latest Path Arrival
                Info (332115): From Node          : bladerf_core:U_core|handshake:U_rx_epoch_status_handshake|source_holding[21]
                Info (332115): To Node            : bladerf_core:U_core|rx_epoch_status_sys[21]
                Info (332115): Launch Clock       : U_core|U_nios_system|axi_ad9361_0|i_dev_if|i_rx|i_altlvds_rx|auto_generated|pll_sclk~PLL_OUTPUT_COUNTER|divclk
                Info (332115): Latch Clock        : U_core|U_system_pll|altera_pll_i|general[0].gpll~PLL_OUTPUT_COUNTER|divclk
                Info (332115): Data Arrival Time  : 8.189
                Info (332115): Clock Arrival Time : 1.636
                Info (332115): Relative Delay     : 6.553
                Info (332115): Data Arrival Path:
                Info (332115): Total (ns)  Incr (ns)     Type  Element
                Info (332115): ==========  ========= ==  ====  ===================================
                Info (332115):      6.361      6.361  R        clock network delay
                Info (332115):      6.361      0.000     uTco  bladerf_core:U_core|handshake:U_rx_epoch_status_handshake|source_holding[21]
                Info (332115):      6.361      0.000 FF  CELL  U_core|U_rx_epoch_status_handshake|source_holding[21]|q
                Info (332115):      7.463      1.102 FF    IC  U_core|rx_epoch_status_sys[21]|asdata
                Info (332115):      8.189      0.726 FF  CELL  bladerf_core:U_core|rx_epoch_status_sys[21]
                Info (332115): Clock Arrival Path:
                Info (332115): Total (ns)  Incr (ns)     Type  Element
                Info (332115): ==========  ========= ==  ====  ===================================
                Info (332115):      1.796      1.796  R        clock network delay
                Info (332115):      1.636     -0.160           clock uncertainty
                Info (332115):      1.636      0.000     uTsu  bladerf_core:U_core|rx_epoch_status_sys[21]
            Info (332181): Earliest Path Arrival
                Info (332115): From Node          : bladerf_core:U_core|handshake:U_rx_epoch_status_handshake|source_holding[24]
                Info (332115): To Node            : bladerf_core:U_core|rx_epoch_status_sys[24]
                Info (332115): Launch Clock       : U_core|U_nios_system|axi_ad9361_0|i_dev_if|i_rx|i_altlvds_rx|auto_generated|pll_sclk~PLL_OUTPUT_COUNTER|divclk
                Info (332115): Latch Clock        : U_core|U_system_pll|altera_pll_i|general[0].gpll~PLL_OUTPUT_COUNTER|divclk
                Info (332115): Data Arrival Time  : 5.421
                Info (332115): Clock Arrival Time : 3.504
                Info (332115): Relative Delay     : 1.917
                Info (332115): Data Arrival Path:
                Info (332115): Total (ns)  Incr (ns)     Type  Element
                Info (332115): ==========  ========= ==  ====  ===================================
                Info (332115):      4.756      4.756  R        clock network delay
                Info (332115):      4.756      0.000     uTco  bladerf_core:U_core|handshake:U_rx_epoch_status_handshake|source_holding[24]
                Info (332115):      4.756      0.000 FF  CELL  U_core|U_rx_epoch_status_handshake|source_holding[24]|q
                Info (332115):      5.284      0.528 FF    IC  U_core|rx_epoch_status_sys[24]~feeder|dataf
                Info (332115):      5.339      0.055 FF  CELL  U_core|rx_epoch_status_sys[24]~feeder|combout
                Info (332115):      5.339      0.000 FF    IC  U_core|rx_epoch_status_sys[24]|d
                Info (332115):      5.421      0.082 FF  CELL  bladerf_core:U_core|rx_epoch_status_sys[24]
                Info (332115): Clock Arrival Path:
                Info (332115): Total (ns)  Incr (ns)     Type  Element
                Info (332115): ==========  ========= ==  ====  ===================================
                Info (332115):      3.344      3.344  R        clock network delay
                Info (332115):      3.504      0.160           clock uncertainty
                Info (332115):      3.504      0.000      uTh  bladerf_core:U_core|rx_epoch_status_sys[24]
            Info (332181): Cross Path Clock Pessimism Removed : 2.856
            Info (332181): Required Skew   : 6.400
            Info (332181): Actual Skew     : 1.780
            Info (332181): Slack           : 4.620
        Info (332181): Path #51: Slack is 4.699 
            Info (332181): Latest Path Arrival
                Info (332115): From Node          : bladerf_core:U_core|handshake:U_rx_epoch_status_handshake|source_holding[22]
                Info (332115): To Node            : bladerf_core:U_core|rx_epoch_status_sys[22]
                Info (332115): Launch Clock       : U_core|U_nios_system|axi_ad9361_0|i_dev_if|i_rx|i_altlvds_rx|auto_generated|pll_sclk~PLL_OUTPUT_COUNTER|divclk
                Info (332115): Latch Clock        : U_core|U_system_pll|altera_pll_i|general[0].gpll~PLL_OUTPUT_COUNTER|divclk
                Info (332115): Data Arrival Time  : 8.115
                Info (332115): Clock Arrival Time : 1.641
                Info (332115): Relative Delay     : 6.474
                Info (332115): Data Arrival Path:
                Info (332115): Total (ns)  Incr (ns)     Type  Element
                Info (332115): ==========  ========= ==  ====  ===================================
                Info (332115):      6.367      6.367  R        clock network delay
                Info (332115):      6.367      0.000     uTco  bladerf_core:U_core|handshake:U_rx_epoch_status_handshake|source_holding[22]
                Info (332115):      6.367      0.000 FF  CELL  U_core|U_rx_epoch_status_handshake|source_holding[22]|q
                Info (332115):      7.724      1.357 FF    IC  U_core|rx_epoch_status_sys[22]~feeder|dataf
                Info (332115):      7.810      0.086 FF  CELL  U_core|rx_epoch_status_sys[22]~feeder|combout
                Info (332115):      7.810      0.000 FF    IC  U_core|rx_epoch_status_sys[22]|d
                Info (332115):      8.115      0.305 FF  CELL  bladerf_core:U_core|rx_epoch_status_sys[22]
                Info (332115): Clock Arrival Path:
                Info (332115): Total (ns)  Incr (ns)     Type  Element
                Info (332115): ==========  ========= ==  ====  ===================================
                Info (332115):      1.801      1.801  R        clock network delay
                Info (332115):      1.641     -0.160           clock uncertainty
                Info (332115):      1.641      0.000     uTsu  bladerf_core:U_core|rx_epoch_status_sys[22]
            Info (332181): Earliest Path Arrival
                Info (332115): From Node          : bladerf_core:U_core|handshake:U_rx_epoch_status_handshake|source_holding[24]
                Info (332115): To Node            : bladerf_core:U_core|rx_epoch_status_sys[24]
                Info (332115): Launch Clock       : U_core|U_nios_system|axi_ad9361_0|i_dev_if|i_rx|i_altlvds_rx|auto_generated|pll_sclk~PLL_OUTPUT_COUNTER|divclk
                Info (332115): Latch Clock        : U_core|U_system_pll|altera_pll_i|general[0].gpll~PLL_OUTPUT_COUNTER|divclk
                Info (332115): Data Arrival Time  : 5.421
                Info (332115): Clock Arrival Time : 3.504
                Info (332115): Relative Delay     : 1.917
                Info (332115): Data Arrival Path:
                Info (332115): Total (ns)  Incr (ns)     Type  Element
                Info (332115): ==========  ========= ==  ====  ===================================
                Info (332115):      4.756      4.756  R        clock network delay
                Info (332115):      4.756      0.000     uTco  bladerf_core:U_core|handshake:U_rx_epoch_status_handshake|source_holding[24]
                Info (332115):      4.756      0.000 FF  CELL  U_core|U_rx_epoch_status_handshake|source_holding[24]|q
                Info (332115):      5.284      0.528 FF    IC  U_core|rx_epoch_status_sys[24]~feeder|dataf
                Info (332115):      5.339      0.055 FF  CELL  U_core|rx_epoch_status_sys[24]~feeder|combout
                Info (332115):      5.339      0.000 FF    IC  U_core|rx_epoch_status_sys[24]|d
                Info (332115):      5.421      0.082 FF  CELL  bladerf_core:U_core|rx_epoch_status_sys[24]
                Info (332115): Clock Arrival Path:
                Info (332115): Total (ns)  Incr (ns)     Type  Element
                Info (332115): ==========  ========= ==  ====  ===================================
                Info (332115):      3.344      3.344  R        clock network delay
                Info (332115):      3.504      0.160           clock uncertainty
                Info (332115):      3.504      0.000      uTh  bladerf_core:U_core|rx_epoch_status_sys[24]
            Info (332181): Cross Path Clock Pessimism Removed : 2.856
            Info (332181): Required Skew   : 6.400
            Info (332181): Actual Skew     : 1.701
            Info (332181): Slack           : 4.699
        Info (332181): Path #52: Slack is 4.765 
            Info (332181): Latest Path Arrival
                Info (332115): From Node          : bladerf_core:U_core|handshake:U_rx_epoch_status_handshake|source_holding[17]
                Info (332115): To Node            : bladerf_core:U_core|rx_epoch_status_sys[17]
                Info (332115): Launch Clock       : U_core|U_nios_system|axi_ad9361_0|i_dev_if|i_rx|i_altlvds_rx|auto_generated|pll_sclk~PLL_OUTPUT_COUNTER|divclk
                Info (332115): Latch Clock        : U_core|U_system_pll|altera_pll_i|general[0].gpll~PLL_OUTPUT_COUNTER|divclk
                Info (332115): Data Arrival Time  : 8.044
                Info (332115): Clock Arrival Time : 1.636
                Info (332115): Relative Delay     : 6.408
                Info (332115): Data Arrival Path:
                Info (332115): Total (ns)  Incr (ns)     Type  Element
                Info (332115): ==========  ========= ==  ====  ===================================
                Info (332115):      6.336      6.336  R        clock network delay
                Info (332115):      6.336      0.000     uTco  bladerf_core:U_core|handshake:U_rx_epoch_status_handshake|source_holding[17]
                Info (332115):      6.336      0.000 FF  CELL  U_core|U_rx_epoch_status_handshake|source_holding[17]|q
                Info (332115):      7.188      0.852 FF    IC  U_core|rx_epoch_status_sys[17]~feeder|datac
                Info (332115):      7.740      0.552 FF  CELL  U_core|rx_epoch_status_sys[17]~feeder|combout
                Info (332115):      7.740      0.000 FF    IC  U_core|rx_epoch_status_sys[17]|d
                Info (332115):      8.044      0.304 FF  CELL  bladerf_core:U_core|rx_epoch_status_sys[17]
                Info (332115): Clock Arrival Path:
                Info (332115): Total (ns)  Incr (ns)     Type  Element
                Info (332115): ==========  ========= ==  ====  ===================================
                Info (332115):      1.796      1.796  R        clock network delay
                Info (332115):      1.636     -0.160           clock uncertainty
                Info (332115):      1.636      0.000     uTsu  bladerf_core:U_core|rx_epoch_status_sys[17]
            Info (332181): Earliest Path Arrival
                Info (332115): From Node          : bladerf_core:U_core|handshake:U_rx_epoch_status_handshake|source_holding[24]
                Info (332115): To Node            : bladerf_core:U_core|rx_epoch_status_sys[24]
                Info (332115): Launch Clock       : U_core|U_nios_system|axi_ad9361_0|i_dev_if|i_rx|i_altlvds_rx|auto_generated|pll_sclk~PLL_OUTPUT_COUNTER|divclk
                Info (332115): Latch Clock        : U_core|U_system_pll|altera_pll_i|general[0].gpll~PLL_OUTPUT_COUNTER|divclk
                Info (332115): Data Arrival Time  : 5.421
                Info (332115): Clock Arrival Time : 3.504
                Info (332115): Relative Delay     : 1.917
                Info (332115): Data Arrival Path:
                Info (332115): Total (ns)  Incr (ns)     Type  Element
                Info (332115): ==========  ========= ==  ====  ===================================
                Info (332115):      4.756      4.756  R        clock network delay
                Info (332115):      4.756      0.000     uTco  bladerf_core:U_core|handshake:U_rx_epoch_status_handshake|source_holding[24]
                Info (332115):      4.756      0.000 FF  CELL  U_core|U_rx_epoch_status_handshake|source_holding[24]|q
                Info (332115):      5.284      0.528 FF    IC  U_core|rx_epoch_status_sys[24]~feeder|dataf
                Info (332115):      5.339      0.055 FF  CELL  U_core|rx_epoch_status_sys[24]~feeder|combout
                Info (332115):      5.339      0.000 FF    IC  U_core|rx_epoch_status_sys[24]|d
                Info (332115):      5.421      0.082 FF  CELL  bladerf_core:U_core|rx_epoch_status_sys[24]
                Info (332115): Clock Arrival Path:
                Info (332115): Total (ns)  Incr (ns)     Type  Element
                Info (332115): ==========  ========= ==  ====  ===================================
                Info (332115):      3.344      3.344  R        clock network delay
                Info (332115):      3.504      0.160           clock uncertainty
                Info (332115):      3.504      0.000      uTh  bladerf_core:U_core|rx_epoch_status_sys[24]
            Info (332181): Cross Path Clock Pessimism Removed : 2.856
            Info (332181): Required Skew   : 6.400
            Info (332181): Actual Skew     : 1.635
            Info (332181): Slack           : 4.765
    Info (332181): Skew for the Earliest Arrival
        Info (332181): Path #53: Slack is 4.536 
            Info (332181): Latest Path Arrival
                Info (332115): From Node          : bladerf_core:U_core|handshake:U_rx_epoch_status_handshake|source_holding[19]
                Info (332115): To Node            : bladerf_core:U_core|rx_epoch_status_sys[19]
                Info (332115): Launch Clock       : U_core|U_nios_system|axi_ad9361_0|i_dev_if|i_rx|i_altlvds_rx|auto_generated|pll_sclk~PLL_OUTPUT_COUNTER|divclk
                Info (332115): Latch Clock        : U_core|U_system_pll|altera_pll_i|general[0].gpll~PLL_OUTPUT_COUNTER|divclk
                Info (332115): Data Arrival Time  : 8.278
                Info (332115): Clock Arrival Time : 1.641
                Info (332115): Relative Delay     : 6.637
                Info (332115): Data Arrival Path:
                Info (332115): Total (ns)  Incr (ns)     Type  Element
                Info (332115): ==========  ========= ==  ====  ===================================
                Info (332115):      6.367      6.367  R        clock network delay
                Info (332115):      6.367      0.000     uTco  bladerf_core:U_core|handshake:U_rx_epoch_status_handshake|source_holding[19]
                Info (332115):      6.367      0.000 FF  CELL  U_core|U_rx_epoch_status_handshake|source_holding[19]|q
                Info (332115):      7.887      1.520 FF    IC  U_core|rx_epoch_status_sys[19]~feeder|dataf
                Info (332115):      7.973      0.086 FF  CELL  U_core|rx_epoch_status_sys[19]~feeder|combout
                Info (332115):      7.973      0.000 FF    IC  U_core|rx_epoch_status_sys[19]|d
                Info (332115):      8.278      0.305 FF  CELL  bladerf_core:U_core|rx_epoch_status_sys[19]
                Info (332115): Clock Arrival Path:
                Info (332115): Total (ns)  Incr (ns)     Type  Element
                Info (332115): ==========  ========= ==  ====  ===================================
                Info (332115):      1.801      1.801  R        clock network delay
                Info (332115):      1.641     -0.160           clock uncertainty
                Info (332115):      1.641      0.000     uTsu  bladerf_core:U_core|rx_epoch_status_sys[19]
            Info (332181): Earliest Path Arrival
                Info (332115): From Node          : bladerf_core:U_core|handshake:U_rx_epoch_status_handshake|source_holding[24]
                Info (332115): To Node            : bladerf_core:U_core|rx_epoch_status_sys[24]
                Info (332115): Launch Clock       : U_core|U_nios_system|axi_ad9361_0|i_dev_if|i_rx|i_altlvds_rx|auto_generated|pll_sclk~PLL_OUTPUT_COUNTER|divclk
                Info (332115): Latch Clock        : U_core|U_system_pll|altera_pll_i|general[0].gpll~PLL_OUTPUT_COUNTER|divclk
                Info (332115): Data Arrival Time  : 5.421
                Info (332115): Clock Arrival Time : 3.504
                Info (332115): Relative Delay     : 1.917
                Info (332115): Data Arrival Path:
                Info (332115): Total (ns)  Incr (ns)     Type  Element
                Info (332115): ==========  ========= ==  ====  ===================================
                Info (332115):      4.756      4.756  R        clock network delay
                Info (332115):      4.756      0.000     uTco  bladerf_core:U_core|handshake:U_rx_epoch_status_handshake|source_holding[24]
                Info (332115):      4.756      0.000 FF  CELL  U_core|U_rx_epoch_status_handshake|source_holding[24]|q
                Info (332115):      5.284      0.528 FF    IC  U_core|rx_epoch_status_sys[24]~feeder|dataf
                Info (332115):      5.339      0.055 FF  CELL  U_core|rx_epoch_status_sys[24]~feeder|combout
                Info (332115):      5.339      0.000 FF    IC  U_core|rx_epoch_status_sys[24]|d
                Info (332115):      5.421      0.082 FF  CELL  bladerf_core:U_core|rx_epoch_status_sys[24]
                Info (332115): Clock Arrival Path:
                Info (332115): Total (ns)  Incr (ns)     Type  Element
                Info (332115): ==========  ========= ==  ====  ===================================
                Info (332115):      3.344      3.344  R        clock network delay
                Info (332115):      3.504      0.160           clock uncertainty
                Info (332115):      3.504      0.000      uTh  bladerf_core:U_core|rx_epoch_status_sys[24]
            Info (332181): Cross Path Clock Pessimism Removed : 2.856
            Info (332181): Required Skew   : 6.400
            Info (332181): Actual Skew     : 1.864
            Info (332181): Slack           : 4.536
        Info (332181): Path #54: Slack is 4.612 
            Info (332181): Latest Path Arrival
                Info (332115): From Node          : bladerf_core:U_core|handshake:U_rx_epoch_status_handshake|source_holding[19]
                Info (332115): To Node            : bladerf_core:U_core|rx_epoch_status_sys[19]
                Info (332115): Launch Clock       : U_core|U_nios_system|axi_ad9361_0|i_dev_if|i_rx|i_altlvds_rx|auto_generated|pll_sclk~PLL_OUTPUT_COUNTER|divclk
                Info (332115): Latch Clock        : U_core|U_system_pll|altera_pll_i|general[0].gpll~PLL_OUTPUT_COUNTER|divclk
                Info (332115): Data Arrival Time  : 8.278
                Info (332115): Clock Arrival Time : 1.641
                Info (332115): Relative Delay     : 6.637
                Info (332115): Data Arrival Path:
                Info (332115): Total (ns)  Incr (ns)     Type  Element
                Info (332115): ==========  ========= ==  ====  ===================================
                Info (332115):      6.367      6.367  R        clock network delay
                Info (332115):      6.367      0.000     uTco  bladerf_core:U_core|handshake:U_rx_epoch_status_handshake|source_holding[19]
                Info (332115):      6.367      0.000 FF  CELL  U_core|U_rx_epoch_status_handshake|source_holding[19]|q
                Info (332115):      7.887      1.520 FF    IC  U_core|rx_epoch_status_sys[19]~feeder|dataf
                Info (332115):      7.973      0.086 FF  CELL  U_core|rx_epoch_status_sys[19]~feeder|combout
                Info (332115):      7.973      0.000 FF    IC  U_core|rx_epoch_status_sys[19]|d
                Info (332115):      8.278      0.305 FF  CELL  bladerf_core:U_core|rx_epoch_status_sys[19]
                Info (332115): Clock Arrival Path:
                Info (332115): Total (ns)  Incr (ns)     Type  Element
                Info (332115): ==========  ========= ==  ====  ===================================
                Info (332115):      1.801      1.801  R        clock network delay
                Info (332115):      1.641     -0.160           clock uncertainty
                Info (332115):      1.641      0.000     uTsu  bladerf_core:U_core|rx_epoch_status_sys[19]
            Info (332181): Earliest Path Arrival
                Info (332115): From Node          : bladerf_core:U_core|handshake:U_rx_epoch_status_handshake|source_holding[25]
                Info (332115): To Node            : bladerf_core:U_core|rx_epoch_status_sys[25]
                Info (332115): Launch Clock       : U_core|U_nios_system|axi_ad9361_0|i_dev_if|i_rx|i_altlvds_rx|auto_generated|pll_sclk~PLL_OUTPUT_COUNTER|divclk
                Info (332115): Latch Clock        : U_core|U_system_pll|altera_pll_i|general[0].gpll~PLL_OUTPUT_COUNTER|divclk
                Info (332115): Data Arrival Time  : 5.497
                Info (332115): Clock Arrival Time : 3.504
                Info (332115): Relative Delay     : 1.993
                Info (332115): Data Arrival Path:
                Info (332115): Total (ns)  Incr (ns)     Type  Element
                Info (332115): ==========  ========= ==  ====  ===================================
                Info (332115):      4.751      4.751  R        clock network delay
                Info (332115):      4.751      0.000     uTco  bladerf_core:U_core|handshake:U_rx_epoch_status_handshake|source_holding[25]
                Info (332115):      4.751      0.000 FF  CELL  U_core|U_rx_epoch_status_handshake|source_holding[25]|q
                Info (332115):      5.129      0.378 FF    IC  U_core|rx_epoch_status_sys[25]|asdata
                Info (332115):      5.497      0.368 FF  CELL  bladerf_core:U_core|rx_epoch_status_sys[25]
                Info (332115): Clock Arrival Path:
                Info (332115): Total (ns)  Incr (ns)     Type  Element
                Info (332115): ==========  ========= ==  ====  ===================================
                Info (332115):      3.344      3.344  R        clock network delay
                Info (332115):      3.504      0.160           clock uncertainty
                Info (332115):      3.504      0.000      uTh  bladerf_core:U_core|rx_epoch_status_sys[25]
            Info (332181): Cross Path Clock Pessimism Removed : 2.856
            Info (332181): Required Skew   : 6.400
            Info (332181): Actual Skew     : 1.788
            Info (332181): Slack           : 4.612
        Info (332181): Path #55: Slack is 4.632 
            Info (332181): Latest Path Arrival
                Info (332115): From Node          : bladerf_core:U_core|handshake:U_rx_epoch_status_handshake|source_holding[19]
                Info (332115): To Node            : bladerf_core:U_core|rx_epoch_status_sys[19]
                Info (332115): Launch Clock       : U_core|U_nios_system|axi_ad9361_0|i_dev_if|i_rx|i_altlvds_rx|auto_generated|pll_sclk~PLL_OUTPUT_COUNTER|divclk
                Info (332115): Latch Clock        : U_core|U_system_pll|altera_pll_i|general[0].gpll~PLL_OUTPUT_COUNTER|divclk
                Info (332115): Data Arrival Time  : 8.278
                Info (332115): Clock Arrival Time : 1.641
                Info (332115): Relative Delay     : 6.637
                Info (332115): Data Arrival Path:
                Info (332115): Total (ns)  Incr (ns)     Type  Element
                Info (332115): ==========  ========= ==  ====  ===================================
                Info (332115):      6.367      6.367  R        clock network delay
                Info (332115):      6.367      0.000     uTco  bladerf_core:U_core|handshake:U_rx_epoch_status_handshake|source_holding[19]
                Info (332115):      6.367      0.000 FF  CELL  U_core|U_rx_epoch_status_handshake|source_holding[19]|q
                Info (332115):      7.887      1.520 FF    IC  U_core|rx_epoch_status_sys[19]~feeder|dataf
                Info (332115):      7.973      0.086 FF  CELL  U_core|rx_epoch_status_sys[19]~feeder|combout
                Info (332115):      7.973      0.000 FF    IC  U_core|rx_epoch_status_sys[19]|d
                Info (332115):      8.278      0.305 FF  CELL  bladerf_core:U_core|rx_epoch_status_sys[19]
                Info (332115): Clock Arrival Path:
                Info (332115): Total (ns)  Incr (ns)     Type  Element
                Info (332115): ==========  ========= ==  ====  ===================================
                Info (332115):      1.801      1.801  R        clock network delay
                Info (332115):      1.641     -0.160           clock uncertainty
                Info (332115):      1.641      0.000     uTsu  bladerf_core:U_core|rx_epoch_status_sys[19]
            Info (332181): Earliest Path Arrival
                Info (332115): From Node          : bladerf_core:U_core|handshake:U_rx_epoch_status_handshake|source_holding[18]
                Info (332115): To Node            : bladerf_core:U_core|rx_epoch_status_sys[18]
                Info (332115): Launch Clock       : U_core|U_nios_system|axi_ad9361_0|i_dev_if|i_rx|i_altlvds_rx|auto_generated|pll_sclk~PLL_OUTPUT_COUNTER|divclk
                Info (332115): Latch Clock        : U_core|U_system_pll|altera_pll_i|general[0].gpll~PLL_OUTPUT_COUNTER|divclk
                Info (332115): Data Arrival Time  : 5.512
                Info (332115): Clock Arrival Time : 3.499
                Info (332115): Relative Delay     : 2.013
                Info (332115): Data Arrival Path:
                Info (332115): Total (ns)  Incr (ns)     Type  Element
                Info (332115): ==========  ========= ==  ====  ===================================
                Info (332115):      4.756      4.756  R        clock network delay
                Info (332115):      4.756      0.000     uTco  bladerf_core:U_core|handshake:U_rx_epoch_status_handshake|source_holding[18]
                Info (332115):      4.756      0.000 FF  CELL  U_core|U_rx_epoch_status_handshake|source_holding[18]|q
                Info (332115):      5.123      0.367 FF    IC  U_core|rx_epoch_status_sys[18]|asdata
                Info (332115):      5.512      0.389 FF  CELL  bladerf_core:U_core|rx_epoch_status_sys[18]
                Info (332115): Clock Arrival Path:
                Info (332115): Total (ns)  Incr (ns)     Type  Element
                Info (332115): ==========  ========= ==  ====  ===================================
                Info (332115):      3.339      3.339  R        clock network delay
                Info (332115):      3.499      0.160           clock uncertainty
                Info (332115):      3.499      0.000      uTh  bladerf_core:U_core|rx_epoch_status_sys[18]
            Info (332181): Cross Path Clock Pessimism Removed : 2.856
            Info (332181): Required Skew   : 6.400
            Info (332181): Actual Skew     : 1.768
            Info (332181): Slack           : 4.632
        Info (332181): Path #56: Slack is 4.658 
            Info (332181): Latest Path Arrival
                Info (332115): From Node          : bladerf_core:U_core|handshake:U_rx_epoch_status_handshake|source_holding[19]
                Info (332115): To Node            : bladerf_core:U_core|rx_epoch_status_sys[19]
                Info (332115): Launch Clock       : U_core|U_nios_system|axi_ad9361_0|i_dev_if|i_rx|i_altlvds_rx|auto_generated|pll_sclk~PLL_OUTPUT_COUNTER|divclk
                Info (332115): Latch Clock        : U_core|U_system_pll|altera_pll_i|general[0].gpll~PLL_OUTPUT_COUNTER|divclk
                Info (332115): Data Arrival Time  : 8.278
                Info (332115): Clock Arrival Time : 1.641
                Info (332115): Relative Delay     : 6.637
                Info (332115): Data Arrival Path:
                Info (332115): Total (ns)  Incr (ns)     Type  Element
                Info (332115): ==========  ========= ==  ====  ===================================
                Info (332115):      6.367      6.367  R        clock network delay
                Info (332115):      6.367      0.000     uTco  bladerf_core:U_core|handshake:U_rx_epoch_status_handshake|source_holding[19]
                Info (332115):      6.367      0.000 FF  CELL  U_core|U_rx_epoch_status_handshake|source_holding[19]|q
                Info (332115):      7.887      1.520 FF    IC  U_core|rx_epoch_status_sys[19]~feeder|dataf
                Info (332115):      7.973      0.086 FF  CELL  U_core|rx_epoch_status_sys[19]~feeder|combout
                Info (332115):      7.973      0.000 FF    IC  U_core|rx_epoch_status_sys[19]|d
                Info (332115):      8.278      0.305 FF  CELL  bladerf_core:U_core|rx_epoch_status_sys[19]
                Info (332115): Clock Arrival Path:
                Info (332115): Total (ns)  Incr (ns)     Type  Element
                Info (332115): ==========  ========= ==  ====  ===================================
                Info (332115):      1.801      1.801  R        clock network delay
                Info (332115):      1.641     -0.160           clock uncertainty
                Info (332115):      1.641      0.000     uTsu  bladerf_core:U_core|rx_epoch_status_sys[19]
            Info (332181): Earliest Path Arrival
                Info (332115): From Node          : bladerf_core:U_core|handshake:U_rx_epoch_status_handshake|source_holding[28]
                Info (332115): To Node            : bladerf_core:U_core|rx_epoch_status_sys[28]
                Info (332115): Launch Clock       : U_core|U_nios_system|axi_ad9361_0|i_dev_if|i_rx|i_altlvds_rx|auto_generated|pll_sclk~PLL_OUTPUT_COUNTER|divclk
                Info (332115): Latch Clock        : U_core|U_system_pll|altera_pll_i|general[0].gpll~PLL_OUTPUT_COUNTER|divclk
                Info (332115): Data Arrival Time  : 5.543
                Info (332115): Clock Arrival Time : 3.504
                Info (332115): Relative Delay     : 2.039
                Info (332115): Data Arrival Path:
                Info (332115): Total (ns)  Incr (ns)     Type  Element
                Info (332115): ==========  ========= ==  ====  ===================================
                Info (332115):      4.751      4.751  R        clock network delay
                Info (332115):      4.751      0.000     uTco  bladerf_core:U_core|handshake:U_rx_epoch_status_handshake|source_holding[28]
                Info (332115):      4.751      0.000 RR  CELL  U_core|U_rx_epoch_status_handshake|source_holding[28]|q
                Info (332115):      5.215      0.464 RR    IC  U_core|rx_epoch_status_sys[28]|asdata
                Info (332115):      5.543      0.328 RR  CELL  bladerf_core:U_core|rx_epoch_status_sys[28]
                Info (332115): Clock Arrival Path:
                Info (332115): Total (ns)  Incr (ns)     Type  Element
                Info (332115): ==========  ========= ==  ====  ===================================
                Info (332115):      3.344      3.344  R        clock network delay
                Info (332115):      3.504      0.160           clock uncertainty
                Info (332115):      3.504      0.000      uTh  bladerf_core:U_core|rx_epoch_status_sys[28]
            Info (332181): Cross Path Clock Pessimism Removed : 2.856
            Info (332181): Required Skew   : 6.400
            Info (332181): Actual Skew     : 1.742
            Info (332181): Slack           : 4.658
Info (332115): Worst-case slack is 4.545 for "set_max_skew -from [get_keepers {*time_tamer:rx_tamer|hold_time[*]}] -to [get_keepers {*time_tamer:rx_tamer|compare_time[*]}] -get_skew_value_from_clock_period dst_clock_period -skew_value_multiplier 0.800 "
    Info (332181): Skew for the Latest Arrival
        Info (332181): Path #57: Slack is 4.545 
            Info (332181): Latest Path Arrival
                Info (332115): From Node          : bladerf_core:U_core|nios_system:U_nios_system|time_tamer:rx_tamer|hold_time[48]
                Info (332115): To Node            : bladerf_core:U_core|nios_system:U_nios_system|time_tamer:rx_tamer|compare_time[48]
                Info (332115): Launch Clock       : U_core|U_system_pll|altera_pll_i|general[0].gpll~PLL_OUTPUT_COUNTER|divclk
                Info (332115): Latch Clock        : U_core|U_nios_system|axi_ad9361_0|i_dev_if|i_rx|i_altlvds_rx|auto_generated|pll_sclk~PLL_OUTPUT_COUNTER|divclk
                Info (332115): Data Arrival Time  : 5.346
                Info (332115): Clock Arrival Time : 4.598
                Info (332115): Relative Delay     : 0.748
                Info (332115): Data Arrival Path:
                Info (332115): Total (ns)  Incr (ns)     Type  Element
                Info (332115): ==========  ========= ==  ====  ===================================
                Info (332115):      3.386      3.386  R        clock network delay
                Info (332115):      3.386      0.000     uTco  bladerf_core:U_core|nios_system:U_nios_system|time_tamer:rx_tamer|hold_time[48]
                Info (332115):      3.386      0.000 FF  CELL  U_core|U_nios_system|rx_tamer|hold_time[48]|q
                Info (332115):      4.643      1.257 FF    IC  U_core|U_nios_system|rx_tamer|compare_time[48]|asdata
                Info (332115):      5.346      0.703 FF  CELL  bladerf_core:U_core|nios_system:U_nios_system|time_tamer:rx_tamer|compare_time[48]
                Info (332115): Clock Arrival Path:
                Info (332115): Total (ns)  Incr (ns)     Type  Element
                Info (332115): ==========  ========= ==  ====  ===================================
                Info (332115):      4.758      4.758  R        clock network delay
                Info (332115):      4.598     -0.160           clock uncertainty
                Info (332115):      4.598      0.000     uTsu  bladerf_core:U_core|nios_system:U_nios_system|time_tamer:rx_tamer|compare_time[48]
            Info (332181): Earliest Path Arrival
                Info (332115): From Node          : bladerf_core:U_core|nios_system:U_nios_system|time_tamer:rx_tamer|hold_time[27]
                Info (332115): To Node            : bladerf_core:U_core|nios_system:U_nios_system|time_tamer:rx_tamer|compare_time[27]
                Info (332115): Launch Clock       : U_core|U_system_pll|altera_pll_i|general[0].gpll~PLL_OUTPUT_COUNTER|divclk
                Info (332115): Latch Clock        : U_core|U_nios_system|axi_ad9361_0|i_dev_if|i_rx|i_altlvds_rx|auto_generated|pll_sclk~PLL_OUTPUT_COUNTER|divclk
                Info (332115): Data Arrival Time  : 2.555
                Info (332115): Clock Arrival Time : 6.493
                Info (332115): Relative Delay     : -3.938
                Info (332115): Data Arrival Path:
                Info (332115): Total (ns)  Incr (ns)     Type  Element
                Info (332115): ==========  ========= ==  ====  ===================================
                Info (332115):      1.820      1.820  R        clock network delay
                Info (332115):      1.820      0.000     uTco  bladerf_core:U_core|nios_system:U_nios_system|time_tamer:rx_tamer|hold_time[27]
                Info (332115):      1.820      0.000 FF  CELL  U_core|U_nios_system|rx_tamer|hold_time[27]|q
                Info (332115):      2.119      0.299 FF    IC  U_core|U_nios_system|rx_tamer|compare_time[27]|asdata
                Info (332115):      2.555      0.436 FF  CELL  bladerf_core:U_core|nios_system:U_nios_system|time_tamer:rx_tamer|compare_time[27]
                Info (332115): Clock Arrival Path:
                Info (332115): Total (ns)  Incr (ns)     Type  Element
                Info (332115): ==========  ========= ==  ====  ===================================
                Info (332115):      6.333      6.333  R        clock network delay
                Info (332115):      6.493      0.160           clock uncertainty
                Info (332115):      6.493      0.000      uTh  bladerf_core:U_core|nios_system:U_nios_system|time_tamer:rx_tamer|compare_time[27]
            Info (332181): Cross Path Clock Pessimism Removed : 2.831
            Info (332181): Required Skew   : 6.400
            Info (332181): Actual Skew     : 1.855
            Info (332181): Slack           : 4.545
        Info (332181): Path #58: Slack is 4.565 
            Info (332181): Latest Path Arrival
                Info (332115): From Node          : bladerf_core:U_core|nios_system:U_nios_system|time_tamer:rx_tamer|hold_time[35]
                Info (332115): To Node            : bladerf_core:U_core|nios_system:U_nios_system|time_tamer:rx_tamer|compare_time[35]
                Info (332115): Launch Clock       : U_core|U_system_pll|altera_pll_i|general[0].gpll~PLL_OUTPUT_COUNTER|divclk
                Info (332115): Latch Clock        : U_core|U_nios_system|axi_ad9361_0|i_dev_if|i_rx|i_altlvds_rx|auto_generated|pll_sclk~PLL_OUTPUT_COUNTER|divclk
                Info (332115): Data Arrival Time  : 5.315
                Info (332115): Clock Arrival Time : 4.587
                Info (332115): Relative Delay     : 0.728
                Info (332115): Data Arrival Path:
                Info (332115): Total (ns)  Incr (ns)     Type  Element
                Info (332115): ==========  ========= ==  ====  ===================================
                Info (332115):      3.353      3.353  R        clock network delay
                Info (332115):      3.353      0.000     uTco  bladerf_core:U_core|nios_system:U_nios_system|time_tamer:rx_tamer|hold_time[35]
                Info (332115):      3.353      0.000 FF  CELL  U_core|U_nios_system|rx_tamer|hold_time[35]|q
                Info (332115):      4.612      1.259 FF    IC  U_core|U_nios_system|rx_tamer|compare_time[35]|asdata
                Info (332115):      5.315      0.703 FF  CELL  bladerf_core:U_core|nios_system:U_nios_system|time_tamer:rx_tamer|compare_time[35]
                Info (332115): Clock Arrival Path:
                Info (332115): Total (ns)  Incr (ns)     Type  Element
                Info (332115): ==========  ========= ==  ====  ===================================
                Info (332115):      4.747      4.747  R        clock network delay
                Info (332115):      4.587     -0.160           clock uncertainty
                Info (332115):      4.587      0.000     uTsu  bladerf_core:U_core|nios_system:U_nios_system|time_tamer:rx_tamer|compare_time[35]
            Info (332181): Earliest Path Arrival
                Info (332115): From Node          : bladerf_core:U_core|nios_system:U_nios_system|time_tamer:rx_tamer|hold_time[27]
                Info (332115): To Node            : bladerf_core:U_core|nios_system:U_nios_system|time_tamer:rx_tamer|compare_time[27]
                Info (332115): Launch Clock       : U_core|U_system_pll|altera_pll_i|general[0].gpll~PLL_OUTPUT_COUNTER|divclk
                Info (332115): Latch Clock        : U_core|U_nios_system|axi_ad9361_0|i_dev_if|i_rx|i_altlvds_rx|auto_generated|pll_sclk~PLL_OUTPUT_COUNTER|divclk
                Info (332115): Data Arrival Time  : 2.555
                Info (332115): Clock Arrival Time : 6.493
                Info (332115): Relative Delay     : -3.938
                Info (332115): Data Arrival Path:
                Info (332115): Total (ns)  Incr (ns)     Type  Element
                Info (332115): ==========  ========= ==  ====  ===================================
                Info (332115):      1.820      1.820  R        clock network delay
                Info (332115):      1.820      0.000     uTco  bladerf_core:U_core|nios_system:U_nios_system|time_tamer:rx_tamer|hold_time[27]
                Info (332115):      1.820      0.000 FF  CELL  U_core|U_nios_system|rx_tamer|hold_time[27]|q
                Info (332115):      2.119      0.299 FF    IC  U_core|U_nios_system|rx_tamer|compare_time[27]|asdata
                Info (332115):      2.555      0.436 FF  CELL  bladerf_core:U_core|nios_system:U_nios_system|time_tamer:rx_tamer|compare_time[27]
                Info (332115): Clock Arrival Path:
                Info (332115): Total (ns)  Incr (ns)     Type  Element
                Info (332115): ==========  ========= ==  ====  ===================================
                Info (332115):      6.333      6.333  R        clock network delay
                Info (332115):      6.493      0.160           clock uncertainty
                Info (332115):      6.493      0.000      uTh  bladerf_core:U_core|nios_system:U_nios_system|time_tamer:rx_tamer|compare_time[27]
            Info (332181): Cross Path Clock Pessimism Removed : 2.831
            Info (332181): Required Skew   : 6.400
            Info (332181): Actual Skew     : 1.835
            Info (332181): Slack           : 4.565
        Info (332181): Path #59: Slack is 4.654 
            Info (332181): Latest Path Arrival
                Info (332115): From Node          : bladerf_core:U_core|nios_system:U_nios_system|time_tamer:rx_tamer|hold_time[4]
                Info (332115): To Node            : bladerf_core:U_core|nios_system:U_nios_system|time_tamer:rx_tamer|compare_time[4]
                Info (332115): Launch Clock       : U_core|U_system_pll|altera_pll_i|general[0].gpll~PLL_OUTPUT_COUNTER|divclk
                Info (332115): Latch Clock        : U_core|U_nios_system|axi_ad9361_0|i_dev_if|i_rx|i_altlvds_rx|auto_generated|pll_sclk~PLL_OUTPUT_COUNTER|divclk
                Info (332115): Data Arrival Time  : 5.241
                Info (332115): Clock Arrival Time : 4.602
                Info (332115): Relative Delay     : 0.639
                Info (332115): Data Arrival Path:
                Info (332115): Total (ns)  Incr (ns)     Type  Element
                Info (332115): ==========  ========= ==  ====  ===================================
                Info (332115):      3.372      3.372  R        clock network delay
                Info (332115):      3.372      0.000     uTco  bladerf_core:U_core|nios_system:U_nios_system|time_tamer:rx_tamer|hold_time[4]
                Info (332115):      3.372      0.000 FF  CELL  U_core|U_nios_system|rx_tamer|hold_time[4]|q
                Info (332115):      4.514      1.142 FF    IC  U_core|U_nios_system|rx_tamer|compare_time[4]|asdata
                Info (332115):      5.241      0.727 FF  CELL  bladerf_core:U_core|nios_system:U_nios_system|time_tamer:rx_tamer|compare_time[4]
                Info (332115): Clock Arrival Path:
                Info (332115): Total (ns)  Incr (ns)     Type  Element
                Info (332115): ==========  ========= ==  ====  ===================================
                Info (332115):      4.762      4.762  R        clock network delay
                Info (332115):      4.602     -0.160           clock uncertainty
                Info (332115):      4.602      0.000     uTsu  bladerf_core:U_core|nios_system:U_nios_system|time_tamer:rx_tamer|compare_time[4]
            Info (332181): Earliest Path Arrival
                Info (332115): From Node          : bladerf_core:U_core|nios_system:U_nios_system|time_tamer:rx_tamer|hold_time[27]
                Info (332115): To Node            : bladerf_core:U_core|nios_system:U_nios_system|time_tamer:rx_tamer|compare_time[27]
                Info (332115): Launch Clock       : U_core|U_system_pll|altera_pll_i|general[0].gpll~PLL_OUTPUT_COUNTER|divclk
                Info (332115): Latch Clock        : U_core|U_nios_system|axi_ad9361_0|i_dev_if|i_rx|i_altlvds_rx|auto_generated|pll_sclk~PLL_OUTPUT_COUNTER|divclk
                Info (332115): Data Arrival Time  : 2.555
                Info (332115): Clock Arrival Time : 6.493
                Info (332115): Relative Delay     : -3.938
                Info (332115): Data Arrival Path:
                Info (332115): Total (ns)  Incr (ns)     Type  Element
                Info (332115): ==========  ========= ==  ====  ===================================
                Info (332115):      1.820      1.820  R        clock network delay
                Info (332115):      1.820      0.000     uTco  bladerf_core:U_core|nios_system:U_nios_system|time_tamer:rx_tamer|hold_time[27]
                Info (332115):      1.820      0.000 FF  CELL  U_core|U_nios_system|rx_tamer|hold_time[27]|q
                Info (332115):      2.119      0.299 FF    IC  U_core|U_nios_system|rx_tamer|compare_time[27]|asdata
                Info (332115):      2.555      0.436 FF  CELL  bladerf_core:U_core|nios_system:U_nios_system|time_tamer:rx_tamer|compare_time[27]
                Info (332115): Clock Arrival Path:
                Info (332115): Total (ns)  Incr (ns)     Type  Element
                Info (332115): ==========  ========= ==  ====  ===================================
                Info (332115):      6.333      6.333  R        clock network delay
                Info (332115):      6.493      0.160           clock uncertainty
                Info (332115):      6.493      0.000      uTh  bladerf_core:U_core|nios_system:U_nios_system|time_tamer:rx_tamer|compare_time[27]
            Info (332181): Cross Path Clock Pessimism Removed : 2.831
            Info (332181): Required Skew   : 6.400
            Info (332181): Actual Skew     : 1.746
            Info (332181): Slack           : 4.654
        Info (332181): Path #60: Slack is 4.758 
            Info (332181): Latest Path Arrival
                Info (332115): From Node          : bladerf_core:U_core|nios_system:U_nios_system|time_tamer:rx_tamer|hold_time[50]
                Info (332115): To Node            : bladerf_core:U_core|nios_system:U_nios_system|time_tamer:rx_tamer|compare_time[50]
                Info (332115): Launch Clock       : U_core|U_system_pll|altera_pll_i|general[0].gpll~PLL_OUTPUT_COUNTER|divclk
                Info (332115): Latch Clock        : U_core|U_nios_system|axi_ad9361_0|i_dev_if|i_rx|i_altlvds_rx|auto_generated|pll_sclk~PLL_OUTPUT_COUNTER|divclk
                Info (332115): Data Arrival Time  : 5.133
                Info (332115): Clock Arrival Time : 4.598
                Info (332115): Relative Delay     : 0.535
                Info (332115): Data Arrival Path:
                Info (332115): Total (ns)  Incr (ns)     Type  Element
                Info (332115): ==========  ========= ==  ====  ===================================
                Info (332115):      3.392      3.392  R        clock network delay
                Info (332115):      3.392      0.000     uTco  bladerf_core:U_core|nios_system:U_nios_system|time_tamer:rx_tamer|hold_time[50]
                Info (332115):      3.392      0.000 FF  CELL  U_core|U_nios_system|rx_tamer|hold_time[50]|q
                Info (332115):      4.404      1.012 FF    IC  U_core|U_nios_system|rx_tamer|compare_time[50]|asdata
                Info (332115):      5.133      0.729 FF  CELL  bladerf_core:U_core|nios_system:U_nios_system|time_tamer:rx_tamer|compare_time[50]
                Info (332115): Clock Arrival Path:
                Info (332115): Total (ns)  Incr (ns)     Type  Element
                Info (332115): ==========  ========= ==  ====  ===================================
                Info (332115):      4.758      4.758  R        clock network delay
                Info (332115):      4.598     -0.160           clock uncertainty
                Info (332115):      4.598      0.000     uTsu  bladerf_core:U_core|nios_system:U_nios_system|time_tamer:rx_tamer|compare_time[50]
            Info (332181): Earliest Path Arrival
                Info (332115): From Node          : bladerf_core:U_core|nios_system:U_nios_system|time_tamer:rx_tamer|hold_time[27]
                Info (332115): To Node            : bladerf_core:U_core|nios_system:U_nios_system|time_tamer:rx_tamer|compare_time[27]
                Info (332115): Launch Clock       : U_core|U_system_pll|altera_pll_i|general[0].gpll~PLL_OUTPUT_COUNTER|divclk
                Info (332115): Latch Clock        : U_core|U_nios_system|axi_ad9361_0|i_dev_if|i_rx|i_altlvds_rx|auto_generated|pll_sclk~PLL_OUTPUT_COUNTER|divclk
                Info (332115): Data Arrival Time  : 2.555
                Info (332115): Clock Arrival Time : 6.493
                Info (332115): Relative Delay     : -3.938
                Info (332115): Data Arrival Path:
                Info (332115): Total (ns)  Incr (ns)     Type  Element
                Info (332115): ==========  ========= ==  ====  ===================================
                Info (332115):      1.820      1.820  R        clock network delay
                Info (332115):      1.820      0.000     uTco  bladerf_core:U_core|nios_system:U_nios_system|time_tamer:rx_tamer|hold_time[27]
                Info (332115):      1.820      0.000 FF  CELL  U_core|U_nios_system|rx_tamer|hold_time[27]|q
                Info (332115):      2.119      0.299 FF    IC  U_core|U_nios_system|rx_tamer|compare_time[27]|asdata
                Info (332115):      2.555      0.436 FF  CELL  bladerf_core:U_core|nios_system:U_nios_system|time_tamer:rx_tamer|compare_time[27]
                Info (332115): Clock Arrival Path:
                Info (332115): Total (ns)  Incr (ns)     Type  Element
                Info (332115): ==========  ========= ==  ====  ===================================
                Info (332115):      6.333      6.333  R        clock network delay
                Info (332115):      6.493      0.160           clock uncertainty
                Info (332115):      6.493      0.000      uTh  bladerf_core:U_core|nios_system:U_nios_system|time_tamer:rx_tamer|compare_time[27]
            Info (332181): Cross Path Clock Pessimism Removed : 2.831
            Info (332181): Required Skew   : 6.400
            Info (332181): Actual Skew     : 1.642
            Info (332181): Slack           : 4.758
    Info (332181): Skew for the Earliest Arrival
        Info (332181): Path #61: Slack is 4.545 
            Info (332181): Latest Path Arrival
                Info (332115): From Node          : bladerf_core:U_core|nios_system:U_nios_system|time_tamer:rx_tamer|hold_time[48]
                Info (332115): To Node            : bladerf_core:U_core|nios_system:U_nios_system|time_tamer:rx_tamer|compare_time[48]
                Info (332115): Launch Clock       : U_core|U_system_pll|altera_pll_i|general[0].gpll~PLL_OUTPUT_COUNTER|divclk
                Info (332115): Latch Clock        : U_core|U_nios_system|axi_ad9361_0|i_dev_if|i_rx|i_altlvds_rx|auto_generated|pll_sclk~PLL_OUTPUT_COUNTER|divclk
                Info (332115): Data Arrival Time  : 5.346
                Info (332115): Clock Arrival Time : 4.598
                Info (332115): Relative Delay     : 0.748
                Info (332115): Data Arrival Path:
                Info (332115): Total (ns)  Incr (ns)     Type  Element
                Info (332115): ==========  ========= ==  ====  ===================================
                Info (332115):      3.386      3.386  R        clock network delay
                Info (332115):      3.386      0.000     uTco  bladerf_core:U_core|nios_system:U_nios_system|time_tamer:rx_tamer|hold_time[48]
                Info (332115):      3.386      0.000 FF  CELL  U_core|U_nios_system|rx_tamer|hold_time[48]|q
                Info (332115):      4.643      1.257 FF    IC  U_core|U_nios_system|rx_tamer|compare_time[48]|asdata
                Info (332115):      5.346      0.703 FF  CELL  bladerf_core:U_core|nios_system:U_nios_system|time_tamer:rx_tamer|compare_time[48]
                Info (332115): Clock Arrival Path:
                Info (332115): Total (ns)  Incr (ns)     Type  Element
                Info (332115): ==========  ========= ==  ====  ===================================
                Info (332115):      4.758      4.758  R        clock network delay
                Info (332115):      4.598     -0.160           clock uncertainty
                Info (332115):      4.598      0.000     uTsu  bladerf_core:U_core|nios_system:U_nios_system|time_tamer:rx_tamer|compare_time[48]
            Info (332181): Earliest Path Arrival
                Info (332115): From Node          : bladerf_core:U_core|nios_system:U_nios_system|time_tamer:rx_tamer|hold_time[27]
                Info (332115): To Node            : bladerf_core:U_core|nios_system:U_nios_system|time_tamer:rx_tamer|compare_time[27]
                Info (332115): Launch Clock       : U_core|U_system_pll|altera_pll_i|general[0].gpll~PLL_OUTPUT_COUNTER|divclk
                Info (332115): Latch Clock        : U_core|U_nios_system|axi_ad9361_0|i_dev_if|i_rx|i_altlvds_rx|auto_generated|pll_sclk~PLL_OUTPUT_COUNTER|divclk
                Info (332115): Data Arrival Time  : 2.555
                Info (332115): Clock Arrival Time : 6.493
                Info (332115): Relative Delay     : -3.938
                Info (332115): Data Arrival Path:
                Info (332115): Total (ns)  Incr (ns)     Type  Element
                Info (332115): ==========  ========= ==  ====  ===================================
                Info (332115):      1.820      1.820  R        clock network delay
                Info (332115):      1.820      0.000     uTco  bladerf_core:U_core|nios_system:U_nios_system|time_tamer:rx_tamer|hold_time[27]
                Info (332115):      1.820      0.000 FF  CELL  U_core|U_nios_system|rx_tamer|hold_time[27]|q
                Info (332115):      2.119      0.299 FF    IC  U_core|U_nios_system|rx_tamer|compare_time[27]|asdata
                Info (332115):      2.555      0.436 FF  CELL  bladerf_core:U_core|nios_system:U_nios_system|time_tamer:rx_tamer|compare_time[27]
                Info (332115): Clock Arrival Path:
                Info (332115): Total (ns)  Incr (ns)     Type  Element
                Info (332115): ==========  ========= ==  ====  ===================================
                Info (332115):      6.333      6.333  R        clock network delay
                Info (332115):      6.493      0.160           clock uncertainty
                Info (332115):      6.493      0.000      uTh  bladerf_core:U_core|nios_system:U_nios_system|time_tamer:rx_tamer|compare_time[27]
            Info (332181): Cross Path Clock Pessimism Removed : 2.831
            Info (332181): Required Skew   : 6.400
            Info (332181): Actual Skew     : 1.855
            Info (332181): Slack           : 4.545
        Info (332181): Path #62: Slack is 4.547 
            Info (332181): Latest Path Arrival
                Info (332115): From Node          : bladerf_core:U_core|nios_system:U_nios_system|time_tamer:rx_tamer|hold_time[48]
                Info (332115): To Node            : bladerf_core:U_core|nios_system:U_nios_system|time_tamer:rx_tamer|compare_time[48]
                Info (332115): Launch Clock       : U_core|U_system_pll|altera_pll_i|general[0].gpll~PLL_OUTPUT_COUNTER|divclk
                Info (332115): Latch Clock        : U_core|U_nios_system|axi_ad9361_0|i_dev_if|i_rx|i_altlvds_rx|auto_generated|pll_sclk~PLL_OUTPUT_COUNTER|divclk
                Info (332115): Data Arrival Time  : 5.346
                Info (332115): Clock Arrival Time : 4.598
                Info (332115): Relative Delay     : 0.748
                Info (332115): Data Arrival Path:
                Info (332115): Total (ns)  Incr (ns)     Type  Element
                Info (332115): ==========  ========= ==  ====  ===================================
                Info (332115):      3.386      3.386  R        clock network delay
                Info (332115):      3.386      0.000     uTco  bladerf_core:U_core|nios_system:U_nios_system|time_tamer:rx_tamer|hold_time[48]
                Info (332115):      3.386      0.000 FF  CELL  U_core|U_nios_system|rx_tamer|hold_time[48]|q
                Info (332115):      4.643      1.257 FF    IC  U_core|U_nios_system|rx_tamer|compare_time[48]|asdata
                Info (332115):      5.346      0.703 FF  CELL  bladerf_core:U_core|nios_system:U_nios_system|time_tamer:rx_tamer|compare_time[48]
                Info (332115): Clock Arrival Path:
                Info (332115): Total (ns)  Incr (ns)     Type  Element
                Info (332115): ==========  ========= ==  ====  ===================================
                Info (332115):      4.758      4.758  R        clock network delay
                Info (332115):      4.598     -0.160           clock uncertainty
                Info (332115):      4.598      0.000     uTsu  bladerf_core:U_core|nios_system:U_nios_system|time_tamer:rx_tamer|compare_time[48]
            Info (332181): Earliest Path Arrival
                Info (332115): From Node          : bladerf_core:U_core|nios_system:U_nios_system|time_tamer:rx_tamer|hold_time[30]
                Info (332115): To Node            : bladerf_core:U_core|nios_system:U_nios_system|time_tamer:rx_tamer|compare_time[30]
                Info (332115): Launch Clock       : U_core|U_system_pll|altera_pll_i|general[0].gpll~PLL_OUTPUT_COUNTER|divclk
                Info (332115): Latch Clock        : U_core|U_nios_system|axi_ad9361_0|i_dev_if|i_rx|i_altlvds_rx|auto_generated|pll_sclk~PLL_OUTPUT_COUNTER|divclk
                Info (332115): Data Arrival Time  : 2.555
                Info (332115): Clock Arrival Time : 6.491
                Info (332115): Relative Delay     : -3.936
                Info (332115): Data Arrival Path:
                Info (332115): Total (ns)  Incr (ns)     Type  Element
                Info (332115): ==========  ========= ==  ====  ===================================
                Info (332115):      1.820      1.820  R        clock network delay
                Info (332115):      1.820      0.000     uTco  bladerf_core:U_core|nios_system:U_nios_system|time_tamer:rx_tamer|hold_time[30]
                Info (332115):      1.820      0.000 FF  CELL  U_core|U_nios_system|rx_tamer|hold_time[30]|q
                Info (332115):      2.083      0.263 FF    IC  U_core|U_nios_system|rx_tamer|compare_time[30]~feeder|datac
                Info (332115):      2.474      0.391 FF  CELL  U_core|U_nios_system|rx_tamer|compare_time[30]~feeder|combout
                Info (332115):      2.474      0.000 FF    IC  U_core|U_nios_system|rx_tamer|compare_time[30]|d
                Info (332115):      2.555      0.081 FF  CELL  bladerf_core:U_core|nios_system:U_nios_system|time_tamer:rx_tamer|compare_time[30]
                Info (332115): Clock Arrival Path:
                Info (332115): Total (ns)  Incr (ns)     Type  Element
                Info (332115): ==========  ========= ==  ====  ===================================
                Info (332115):      6.331      6.331  R        clock network delay
                Info (332115):      6.491      0.160           clock uncertainty
                Info (332115):      6.491      0.000      uTh  bladerf_core:U_core|nios_system:U_nios_system|time_tamer:rx_tamer|compare_time[30]
            Info (332181): Cross Path Clock Pessimism Removed : 2.831
            Info (332181): Required Skew   : 6.400
            Info (332181): Actual Skew     : 1.853
            Info (332181): Slack           : 4.547
        Info (332181): Path #63: Slack is 4.582 
            Info (332181): Latest Path Arrival
                Info (332115): From Node          : bladerf_core:U_core|nios_system:U_nios_system|time_tamer:rx_tamer|hold_time[48]
                Info (332115): To Node            : bladerf_core:U_core|nios_system:U_nios_system|time_tamer:rx_tamer|compare_time[48]
                Info (332115): Launch Clock       : U_core|U_system_pll|altera_pll_i|general[0].gpll~PLL_OUTPUT_COUNTER|divclk
                Info (332115): Latch Clock        : U_core|U_nios_system|axi_ad9361_0|i_dev_if|i_rx|i_altlvds_rx|auto_generated|pll_sclk~PLL_OUTPUT_COUNTER|divclk
                Info (332115): Data Arrival Time  : 5.346
                Info (332115): Clock Arrival Time : 4.598
                Info (332115): Relative Delay     : 0.748
                Info (332115): Data Arrival Path:
                Info (332115): Total (ns)  Incr (ns)     Type  Element
                Info (332115): ==========  ========= ==  ====  ===================================
                Info (332115):      3.386      3.386  R        clock network delay
                Info (332115):      3.386      0.000     uTco  bladerf_core:U_core|nios_system:U_nios_system|time_tamer:rx_tamer|hold_time[48]
                Info (332115):      3.386      0.000 FF  CELL  U_core|U_nios_system|rx_tamer|hold_time[48]|q
                Info (332115):      4.643      1.257 FF    IC  U_core|U_nios_system|rx_tamer|compare_time[48]|asdata
                Info (332115):      5.346      0.703 FF  CELL  bladerf_core:U_core|nios_system:U_nios_system|time_tamer:rx_tamer|compare_time[48]
                Info (332115): Clock Arrival Path:
                Info (332115): Total (ns)  Incr (ns)     Type  Element
                Info (332115): ==========  ========= ==  ====  ===================================
                Info (332115):      4.758      4.758  R        clock network delay
                Info (332115):      4.598     -0.160           clock uncertainty
                Info (332115):      4.598      0.000     uTsu  bladerf_core:U_core|nios_system:U_nios_system|time_tamer:rx_tamer|compare_time[48]
            Info (332181): Earliest Path Arrival
                Info (332115): From Node          : bladerf_core:U_core|nios_system:U_nios_system|time_tamer:rx_tamer|hold_time[20]
                Info (332115): To Node            : bladerf_core:U_core|nios_system:U_nios_system|time_tamer:rx_tamer|compare_time[20]
                Info (332115): Launch Clock       : U_core|U_system_pll|altera_pll_i|general[0].gpll~PLL_OUTPUT_COUNTER|divclk
                Info (332115): Latch Clock        : U_core|U_nios_system|axi_ad9361_0|i_dev_if|i_rx|i_altlvds_rx|auto_generated|pll_sclk~PLL_OUTPUT_COUNTER|divclk
                Info (332115): Data Arrival Time  : 2.601
                Info (332115): Clock Arrival Time : 6.502
                Info (332115): Relative Delay     : -3.901
                Info (332115): Data Arrival Path:
                Info (332115): Total (ns)  Incr (ns)     Type  Element
                Info (332115): ==========  ========= ==  ====  ===================================
                Info (332115):      1.821      1.821  R        clock network delay
                Info (332115):      1.821      0.000     uTco  bladerf_core:U_core|nios_system:U_nios_system|time_tamer:rx_tamer|hold_time[20]
                Info (332115):      1.821      0.000 FF  CELL  U_core|U_nios_system|rx_tamer|hold_time[20]|q
                Info (332115):      2.127      0.306 FF    IC  U_core|U_nios_system|rx_tamer|compare_time[20]~feeder|datac
                Info (332115):      2.518      0.391 FF  CELL  U_core|U_nios_system|rx_tamer|compare_time[20]~feeder|combout
                Info (332115):      2.518      0.000 FF    IC  U_core|U_nios_system|rx_tamer|compare_time[20]|d
                Info (332115):      2.601      0.083 FF  CELL  bladerf_core:U_core|nios_system:U_nios_system|time_tamer:rx_tamer|compare_time[20]
                Info (332115): Clock Arrival Path:
                Info (332115): Total (ns)  Incr (ns)     Type  Element
                Info (332115): ==========  ========= ==  ====  ===================================
                Info (332115):      6.342      6.342  R        clock network delay
                Info (332115):      6.502      0.160           clock uncertainty
                Info (332115):      6.502      0.000      uTh  bladerf_core:U_core|nios_system:U_nios_system|time_tamer:rx_tamer|compare_time[20]
            Info (332181): Cross Path Clock Pessimism Removed : 2.831
            Info (332181): Required Skew   : 6.400
            Info (332181): Actual Skew     : 1.818
            Info (332181): Slack           : 4.582
        Info (332181): Path #64: Slack is 4.616 
            Info (332181): Latest Path Arrival
                Info (332115): From Node          : bladerf_core:U_core|nios_system:U_nios_system|time_tamer:rx_tamer|hold_time[48]
                Info (332115): To Node            : bladerf_core:U_core|nios_system:U_nios_system|time_tamer:rx_tamer|compare_time[48]
                Info (332115): Launch Clock       : U_core|U_system_pll|altera_pll_i|general[0].gpll~PLL_OUTPUT_COUNTER|divclk
                Info (332115): Latch Clock        : U_core|U_nios_system|axi_ad9361_0|i_dev_if|i_rx|i_altlvds_rx|auto_generated|pll_sclk~PLL_OUTPUT_COUNTER|divclk
                Info (332115): Data Arrival Time  : 5.346
                Info (332115): Clock Arrival Time : 4.598
                Info (332115): Relative Delay     : 0.748
                Info (332115): Data Arrival Path:
                Info (332115): Total (ns)  Incr (ns)     Type  Element
                Info (332115): ==========  ========= ==  ====  ===================================
                Info (332115):      3.386      3.386  R        clock network delay
                Info (332115):      3.386      0.000     uTco  bladerf_core:U_core|nios_system:U_nios_system|time_tamer:rx_tamer|hold_time[48]
                Info (332115):      3.386      0.000 FF  CELL  U_core|U_nios_system|rx_tamer|hold_time[48]|q
                Info (332115):      4.643      1.257 FF    IC  U_core|U_nios_system|rx_tamer|compare_time[48]|asdata
                Info (332115):      5.346      0.703 FF  CELL  bladerf_core:U_core|nios_system:U_nios_system|time_tamer:rx_tamer|compare_time[48]
                Info (332115): Clock Arrival Path:
                Info (332115): Total (ns)  Incr (ns)     Type  Element
                Info (332115): ==========  ========= ==  ====  ===================================
                Info (332115):      4.758      4.758  R        clock network delay
                Info (332115):      4.598     -0.160           clock uncertainty
                Info (332115):      4.598      0.000     uTsu  bladerf_core:U_core|nios_system:U_nios_system|time_tamer:rx_tamer|compare_time[48]
            Info (332181): Earliest Path Arrival
                Info (332115): From Node          : bladerf_core:U_core|nios_system:U_nios_system|time_tamer:rx_tamer|hold_time[43]
                Info (332115): To Node            : bladerf_core:U_core|nios_system:U_nios_system|time_tamer:rx_tamer|compare_time[43]
                Info (332115): Launch Clock       : U_core|U_system_pll|altera_pll_i|general[0].gpll~PLL_OUTPUT_COUNTER|divclk
                Info (332115): Latch Clock        : U_core|U_nios_system|axi_ad9361_0|i_dev_if|i_rx|i_altlvds_rx|auto_generated|pll_sclk~PLL_OUTPUT_COUNTER|divclk
                Info (332115): Data Arrival Time  : 2.591
                Info (332115): Clock Arrival Time : 6.482
                Info (332115): Relative Delay     : -3.891
                Info (332115): Data Arrival Path:
                Info (332115): Total (ns)  Incr (ns)     Type  Element
                Info (332115): ==========  ========= ==  ====  ===================================
                Info (332115):      1.816      1.816  R        clock network delay
                Info (332115):      1.816      0.000     uTco  bladerf_core:U_core|nios_system:U_nios_system|time_tamer:rx_tamer|hold_time[43]
                Info (332115):      1.816      0.000 FF  CELL  U_core|U_nios_system|rx_tamer|hold_time[43]|q
                Info (332115):      2.119      0.303 FF    IC  U_core|U_nios_system|rx_tamer|compare_time[43]~feeder|datac
                Info (332115):      2.510      0.391 FF  CELL  U_core|U_nios_system|rx_tamer|compare_time[43]~feeder|combout
                Info (332115):      2.510      0.000 FF    IC  U_core|U_nios_system|rx_tamer|compare_time[43]|d
                Info (332115):      2.591      0.081 FF  CELL  bladerf_core:U_core|nios_system:U_nios_system|time_tamer:rx_tamer|compare_time[43]
                Info (332115): Clock Arrival Path:
                Info (332115): Total (ns)  Incr (ns)     Type  Element
                Info (332115): ==========  ========= ==  ====  ===================================
                Info (332115):      6.322      6.322  R        clock network delay
                Info (332115):      6.482      0.160           clock uncertainty
                Info (332115):      6.482      0.000      uTh  bladerf_core:U_core|nios_system:U_nios_system|time_tamer:rx_tamer|compare_time[43]
            Info (332181): Cross Path Clock Pessimism Removed : 2.855
            Info (332181): Required Skew   : 6.400
            Info (332181): Actual Skew     : 1.784
            Info (332181): Slack           : 4.616
Info (332115): Worst-case slack is 4.656 for "set_max_skew -from [get_keepers {*time_tamer:rx_tamer|handshake:U_current|source_holding[*]}] -to [get_keepers {*time_tamer:rx_tamer|current_time_q[*]}] 6.400 "
    Info (332181): Skew for the Latest Arrival
        Info (332181): Path #65: Slack is 4.656 
            Info (332181): Latest Path Arrival
                Info (332115): From Node          : bladerf_core:U_core|nios_system:U_nios_system|time_tamer:rx_tamer|handshake:U_current|source_holding[36]
                Info (332115): To Node            : bladerf_core:U_core|nios_system:U_nios_system|time_tamer:rx_tamer|current_time_q[36]
                Info (332115): Launch Clock       : U_core|U_nios_system|axi_ad9361_0|i_dev_if|i_rx|i_altlvds_rx|auto_generated|pll_sclk~PLL_OUTPUT_COUNTER|divclk
                Info (332115): Latch Clock        : U_core|U_system_pll|altera_pll_i|general[0].gpll~PLL_OUTPUT_COUNTER|divclk
                Info (332115): Data Arrival Time  : 8.358
                Info (332115): Clock Arrival Time : 1.669
                Info (332115): Relative Delay     : 6.689
                Info (332115): Data Arrival Path:
                Info (332115): Total (ns)  Incr (ns)     Type  Element
                Info (332115): ==========  ========= ==  ====  ===================================
                Info (332115):      6.340      6.340  R        clock network delay
                Info (332115):      6.340      0.000     uTco  bladerf_core:U_core|nios_system:U_nios_system|time_tamer:rx_tamer|handshake:U_current|source_holding[36]
                Info (332115):      6.340      0.000 RR  CELL  U_core|U_nios_system|rx_tamer|U_current|source_holding[36]|q
                Info (332115):      7.629      1.289 RR    IC  U_core|U_nios_system|rx_tamer|current_time_q[36]|asdata
                Info (332115):      8.358      0.729 RR  CELL  bladerf_core:U_core|nios_system:U_nios_system|time_tamer:rx_tamer|current_time_q[36]
                Info (332115): Clock Arrival Path:
                Info (332115): Total (ns)  Incr (ns)     Type  Element
                Info (332115): ==========  ========= ==  ====  ===================================
                Info (332115):      1.829      1.829  R        clock network delay
                Info (332115):      1.669     -0.160           clock uncertainty
                Info (332115):      1.669      0.000     uTsu  bladerf_core:U_core|nios_system:U_nios_system|time_tamer:rx_tamer|current_time_q[36]
            Info (332181): Earliest Path Arrival
                Info (332115): From Node          : bladerf_core:U_core|nios_system:U_nios_system|time_tamer:rx_tamer|handshake:U_current|source_holding[2]
                Info (332115): To Node            : bladerf_core:U_core|nios_system:U_nios_system|time_tamer:rx_tamer|current_time_q[2]
                Info (332115): Launch Clock       : U_core|U_nios_system|axi_ad9361_0|i_dev_if|i_rx|i_altlvds_rx|auto_generated|pll_sclk~PLL_OUTPUT_COUNTER|divclk
                Info (332115): Latch Clock        : U_core|U_system_pll|altera_pll_i|general[0].gpll~PLL_OUTPUT_COUNTER|divclk
                Info (332115): Data Arrival Time  : 5.614
                Info (332115): Clock Arrival Time : 3.500
                Info (332115): Relative Delay     : 2.114
                Info (332115): Data Arrival Path:
                Info (332115): Total (ns)  Incr (ns)     Type  Element
                Info (332115): ==========  ========= ==  ====  ===================================
                Info (332115):      4.762      4.762  R        clock network delay
                Info (332115):      4.762      0.000     uTco  bladerf_core:U_core|nios_system:U_nios_system|time_tamer:rx_tamer|handshake:U_current|source_holding[2]
                Info (332115):      4.762      0.000 FF  CELL  U_core|U_nios_system|rx_tamer|U_current|source_holding[2]|q
                Info (332115):      5.245      0.483 FF    IC  U_core|U_nios_system|rx_tamer|current_time_q[2]|asdata
                Info (332115):      5.614      0.369 FF  CELL  bladerf_core:U_core|nios_system:U_nios_system|time_tamer:rx_tamer|current_time_q[2]
                Info (332115): Clock Arrival Path:
                Info (332115): Total (ns)  Incr (ns)     Type  Element
                Info (332115): ==========  ========= ==  ====  ===================================
                Info (332115):      3.340      3.340  R        clock network delay
                Info (332115):      3.500      0.160           clock uncertainty
                Info (332115):      3.500      0.000      uTh  bladerf_core:U_core|nios_system:U_nios_system|time_tamer:rx_tamer|current_time_q[2]
            Info (332181): Cross Path Clock Pessimism Removed : 2.831
            Info (332181): Required Skew   : 6.400
            Info (332181): Actual Skew     : 1.744
            Info (332181): Slack           : 4.656
        Info (332181): Path #66: Slack is 4.759 
            Info (332181): Latest Path Arrival
                Info (332115): From Node          : bladerf_core:U_core|nios_system:U_nios_system|time_tamer:rx_tamer|handshake:U_current|source_holding[61]
                Info (332115): To Node            : bladerf_core:U_core|nios_system:U_nios_system|time_tamer:rx_tamer|current_time_q[61]
                Info (332115): Launch Clock       : U_core|U_nios_system|axi_ad9361_0|i_dev_if|i_rx|i_altlvds_rx|auto_generated|pll_sclk~PLL_OUTPUT_COUNTER|divclk
                Info (332115): Latch Clock        : U_core|U_system_pll|altera_pll_i|general[0].gpll~PLL_OUTPUT_COUNTER|divclk
                Info (332115): Data Arrival Time  : 8.241
                Info (332115): Clock Arrival Time : 1.655
                Info (332115): Relative Delay     : 6.586
                Info (332115): Data Arrival Path:
                Info (332115): Total (ns)  Incr (ns)     Type  Element
                Info (332115): ==========  ========= ==  ====  ===================================
                Info (332115):      6.350      6.350  R        clock network delay
                Info (332115):      6.350      0.000     uTco  bladerf_core:U_core|nios_system:U_nios_system|time_tamer:rx_tamer|handshake:U_current|source_holding[61]
                Info (332115):      6.350      0.000 FF  CELL  U_core|U_nios_system|rx_tamer|U_current|source_holding[61]|q
                Info (332115):      7.517      1.167 FF    IC  U_core|U_nios_system|rx_tamer|current_time_q[61]|asdata
                Info (332115):      8.241      0.724 FF  CELL  bladerf_core:U_core|nios_system:U_nios_system|time_tamer:rx_tamer|current_time_q[61]
                Info (332115): Clock Arrival Path:
                Info (332115): Total (ns)  Incr (ns)     Type  Element
                Info (332115): ==========  ========= ==  ====  ===================================
                Info (332115):      1.815      1.815  R        clock network delay
                Info (332115):      1.655     -0.160           clock uncertainty
                Info (332115):      1.655      0.000     uTsu  bladerf_core:U_core|nios_system:U_nios_system|time_tamer:rx_tamer|current_time_q[61]
            Info (332181): Earliest Path Arrival
                Info (332115): From Node          : bladerf_core:U_core|nios_system:U_nios_system|time_tamer:rx_tamer|handshake:U_current|source_holding[2]
                Info (332115): To Node            : bladerf_core:U_core|nios_system:U_nios_system|time_tamer:rx_tamer|current_time_q[2]
                Info (332115): Launch Clock       : U_core|U_nios_system|axi_ad9361_0|i_dev_if|i_rx|i_altlvds_rx|auto_generated|pll_sclk~PLL_OUTPUT_COUNTER|divclk
                Info (332115): Latch Clock        : U_core|U_system_pll|altera_pll_i|general[0].gpll~PLL_OUTPUT_COUNTER|divclk
                Info (332115): Data Arrival Time  : 5.614
                Info (332115): Clock Arrival Time : 3.500
                Info (332115): Relative Delay     : 2.114
                Info (332115): Data Arrival Path:
                Info (332115): Total (ns)  Incr (ns)     Type  Element
                Info (332115): ==========  ========= ==  ====  ===================================
                Info (332115):      4.762      4.762  R        clock network delay
                Info (332115):      4.762      0.000     uTco  bladerf_core:U_core|nios_system:U_nios_system|time_tamer:rx_tamer|handshake:U_current|source_holding[2]
                Info (332115):      4.762      0.000 FF  CELL  U_core|U_nios_system|rx_tamer|U_current|source_holding[2]|q
                Info (332115):      5.245      0.483 FF    IC  U_core|U_nios_system|rx_tamer|current_time_q[2]|asdata
                Info (332115):      5.614      0.369 FF  CELL  bladerf_core:U_core|nios_system:U_nios_system|time_tamer:rx_tamer|current_time_q[2]
                Info (332115): Clock Arrival Path:
                Info (332115): Total (ns)  Incr (ns)     Type  Element
                Info (332115): ==========  ========= ==  ====  ===================================
                Info (332115):      3.340      3.340  R        clock network delay
                Info (332115):      3.500      0.160           clock uncertainty
                Info (332115):      3.500      0.000      uTh  bladerf_core:U_core|nios_system:U_nios_system|time_tamer:rx_tamer|current_time_q[2]
            Info (332181): Cross Path Clock Pessimism Removed : 2.831
            Info (332181): Required Skew   : 6.400
            Info (332181): Actual Skew     : 1.641
            Info (332181): Slack           : 4.759
        Info (332181): Path #67: Slack is 4.760 
            Info (332181): Latest Path Arrival
                Info (332115): From Node          : bladerf_core:U_core|nios_system:U_nios_system|time_tamer:rx_tamer|handshake:U_current|source_holding[58]
                Info (332115): To Node            : bladerf_core:U_core|nios_system:U_nios_system|time_tamer:rx_tamer|current_time_q[58]
                Info (332115): Launch Clock       : U_core|U_nios_system|axi_ad9361_0|i_dev_if|i_rx|i_altlvds_rx|auto_generated|pll_sclk~PLL_OUTPUT_COUNTER|divclk
                Info (332115): Latch Clock        : U_core|U_system_pll|altera_pll_i|general[0].gpll~PLL_OUTPUT_COUNTER|divclk
                Info (332115): Data Arrival Time  : 8.236
                Info (332115): Clock Arrival Time : 1.651
                Info (332115): Relative Delay     : 6.585
                Info (332115): Data Arrival Path:
                Info (332115): Total (ns)  Incr (ns)     Type  Element
                Info (332115): ==========  ========= ==  ====  ===================================
                Info (332115):      6.350      6.350  R        clock network delay
                Info (332115):      6.350      0.000     uTco  bladerf_core:U_core|nios_system:U_nios_system|time_tamer:rx_tamer|handshake:U_current|source_holding[58]
                Info (332115):      6.350      0.000 FF  CELL  U_core|U_nios_system|rx_tamer|U_current|source_holding[58]|q
                Info (332115):      7.509      1.159 FF    IC  U_core|U_nios_system|rx_tamer|current_time_q[58]|asdata
                Info (332115):      8.236      0.727 FF  CELL  bladerf_core:U_core|nios_system:U_nios_system|time_tamer:rx_tamer|current_time_q[58]
                Info (332115): Clock Arrival Path:
                Info (332115): Total (ns)  Incr (ns)     Type  Element
                Info (332115): ==========  ========= ==  ====  ===================================
                Info (332115):      1.811      1.811  R        clock network delay
                Info (332115):      1.651     -0.160           clock uncertainty
                Info (332115):      1.651      0.000     uTsu  bladerf_core:U_core|nios_system:U_nios_system|time_tamer:rx_tamer|current_time_q[58]
            Info (332181): Earliest Path Arrival
                Info (332115): From Node          : bladerf_core:U_core|nios_system:U_nios_system|time_tamer:rx_tamer|handshake:U_current|source_holding[2]
                Info (332115): To Node            : bladerf_core:U_core|nios_system:U_nios_system|time_tamer:rx_tamer|current_time_q[2]
                Info (332115): Launch Clock       : U_core|U_nios_system|axi_ad9361_0|i_dev_if|i_rx|i_altlvds_rx|auto_generated|pll_sclk~PLL_OUTPUT_COUNTER|divclk
                Info (332115): Latch Clock        : U_core|U_system_pll|altera_pll_i|general[0].gpll~PLL_OUTPUT_COUNTER|divclk
                Info (332115): Data Arrival Time  : 5.614
                Info (332115): Clock Arrival Time : 3.500
                Info (332115): Relative Delay     : 2.114
                Info (332115): Data Arrival Path:
                Info (332115): Total (ns)  Incr (ns)     Type  Element
                Info (332115): ==========  ========= ==  ====  ===================================
                Info (332115):      4.762      4.762  R        clock network delay
                Info (332115):      4.762      0.000     uTco  bladerf_core:U_core|nios_system:U_nios_system|time_tamer:rx_tamer|handshake:U_current|source_holding[2]
                Info (332115):      4.762      0.000 FF  CELL  U_core|U_nios_system|rx_tamer|U_current|source_holding[2]|q
                Info (332115):      5.245      0.483 FF    IC  U_core|U_nios_system|rx_tamer|current_time_q[2]|asdata
                Info (332115):      5.614      0.369 FF  CELL  bladerf_core:U_core|nios_system:U_nios_system|time_tamer:rx_tamer|current_time_q[2]
                Info (332115): Clock Arrival Path:
                Info (332115): Total (ns)  Incr (ns)     Type  Element
                Info (332115): ==========  ========= ==  ====  ===================================
                Info (332115):      3.340      3.340  R        clock network delay
                Info (332115):      3.500      0.160           clock uncertainty
                Info (332115):      3.500      0.000      uTh  bladerf_core:U_core|nios_system:U_nios_system|time_tamer:rx_tamer|current_time_q[2]
            Info (332181): Cross Path Clock Pessimism Removed : 2.831
            Info (332181): Required Skew   : 6.400
            Info (332181): Actual Skew     : 1.640
            Info (332181): Slack           : 4.760
        Info (332181): Path #68: Slack is 4.791 
            Info (332181): Latest Path Arrival
                Info (332115): From Node          : bladerf_core:U_core|nios_system:U_nios_system|time_tamer:rx_tamer|handshake:U_current|source_holding[56]
                Info (332115): To Node            : bladerf_core:U_core|nios_system:U_nios_system|time_tamer:rx_tamer|current_time_q[56]
                Info (332115): Launch Clock       : U_core|U_nios_system|axi_ad9361_0|i_dev_if|i_rx|i_altlvds_rx|auto_generated|pll_sclk~PLL_OUTPUT_COUNTER|divclk
                Info (332115): Latch Clock        : U_core|U_system_pll|altera_pll_i|general[0].gpll~PLL_OUTPUT_COUNTER|divclk
                Info (332115): Data Arrival Time  : 8.235
                Info (332115): Clock Arrival Time : 1.681
                Info (332115): Relative Delay     : 6.554
                Info (332115): Data Arrival Path:
                Info (332115): Total (ns)  Incr (ns)     Type  Element
                Info (332115): ==========  ========= ==  ====  ===================================
                Info (332115):      6.356      6.356  R        clock network delay
                Info (332115):      6.356      0.000     uTco  bladerf_core:U_core|nios_system:U_nios_system|time_tamer:rx_tamer|handshake:U_current|source_holding[56]
                Info (332115):      6.356      0.000 FF  CELL  U_core|U_nios_system|rx_tamer|U_current|source_holding[56]|q
                Info (332115):      7.506      1.150 FF    IC  U_core|U_nios_system|rx_tamer|current_time_q[56]|asdata
                Info (332115):      8.235      0.729 FF  CELL  bladerf_core:U_core|nios_system:U_nios_system|time_tamer:rx_tamer|current_time_q[56]
                Info (332115): Clock Arrival Path:
                Info (332115): Total (ns)  Incr (ns)     Type  Element
                Info (332115): ==========  ========= ==  ====  ===================================
                Info (332115):      1.841      1.841  R        clock network delay
                Info (332115):      1.681     -0.160           clock uncertainty
                Info (332115):      1.681      0.000     uTsu  bladerf_core:U_core|nios_system:U_nios_system|time_tamer:rx_tamer|current_time_q[56]
            Info (332181): Earliest Path Arrival
                Info (332115): From Node          : bladerf_core:U_core|nios_system:U_nios_system|time_tamer:rx_tamer|handshake:U_current|source_holding[2]
                Info (332115): To Node            : bladerf_core:U_core|nios_system:U_nios_system|time_tamer:rx_tamer|current_time_q[2]
                Info (332115): Launch Clock       : U_core|U_nios_system|axi_ad9361_0|i_dev_if|i_rx|i_altlvds_rx|auto_generated|pll_sclk~PLL_OUTPUT_COUNTER|divclk
                Info (332115): Latch Clock        : U_core|U_system_pll|altera_pll_i|general[0].gpll~PLL_OUTPUT_COUNTER|divclk
                Info (332115): Data Arrival Time  : 5.614
                Info (332115): Clock Arrival Time : 3.500
                Info (332115): Relative Delay     : 2.114
                Info (332115): Data Arrival Path:
                Info (332115): Total (ns)  Incr (ns)     Type  Element
                Info (332115): ==========  ========= ==  ====  ===================================
                Info (332115):      4.762      4.762  R        clock network delay
                Info (332115):      4.762      0.000     uTco  bladerf_core:U_core|nios_system:U_nios_system|time_tamer:rx_tamer|handshake:U_current|source_holding[2]
                Info (332115):      4.762      0.000 FF  CELL  U_core|U_nios_system|rx_tamer|U_current|source_holding[2]|q
                Info (332115):      5.245      0.483 FF    IC  U_core|U_nios_system|rx_tamer|current_time_q[2]|asdata
                Info (332115):      5.614      0.369 FF  CELL  bladerf_core:U_core|nios_system:U_nios_system|time_tamer:rx_tamer|current_time_q[2]
                Info (332115): Clock Arrival Path:
                Info (332115): Total (ns)  Incr (ns)     Type  Element
                Info (332115): ==========  ========= ==  ====  ===================================
                Info (332115):      3.340      3.340  R        clock network delay
                Info (332115):      3.500      0.160           clock uncertainty
                Info (332115):      3.500      0.000      uTh  bladerf_core:U_core|nios_system:U_nios_system|time_tamer:rx_tamer|current_time_q[2]
            Info (332181): Cross Path Clock Pessimism Removed : 2.831
            Info (332181): Required Skew   : 6.400
            Info (332181): Actual Skew     : 1.609
            Info (332181): Slack           : 4.791
    Info (332181): Skew for the Earliest Arrival
        Info (332181): Path #69: Slack is 4.656 
            Info (332181): Latest Path Arrival
                Info (332115): From Node          : bladerf_core:U_core|nios_system:U_nios_system|time_tamer:rx_tamer|handshake:U_current|source_holding[36]
                Info (332115): To Node            : bladerf_core:U_core|nios_system:U_nios_system|time_tamer:rx_tamer|current_time_q[36]
                Info (332115): Launch Clock       : U_core|U_nios_system|axi_ad9361_0|i_dev_if|i_rx|i_altlvds_rx|auto_generated|pll_sclk~PLL_OUTPUT_COUNTER|divclk
                Info (332115): Latch Clock        : U_core|U_system_pll|altera_pll_i|general[0].gpll~PLL_OUTPUT_COUNTER|divclk
                Info (332115): Data Arrival Time  : 8.358
                Info (332115): Clock Arrival Time : 1.669
                Info (332115): Relative Delay     : 6.689
                Info (332115): Data Arrival Path:
                Info (332115): Total (ns)  Incr (ns)     Type  Element
                Info (332115): ==========  ========= ==  ====  ===================================
                Info (332115):      6.340      6.340  R        clock network delay
                Info (332115):      6.340      0.000     uTco  bladerf_core:U_core|nios_system:U_nios_system|time_tamer:rx_tamer|handshake:U_current|source_holding[36]
                Info (332115):      6.340      0.000 RR  CELL  U_core|U_nios_system|rx_tamer|U_current|source_holding[36]|q
                Info (332115):      7.629      1.289 RR    IC  U_core|U_nios_system|rx_tamer|current_time_q[36]|asdata
                Info (332115):      8.358      0.729 RR  CELL  bladerf_core:U_core|nios_system:U_nios_system|time_tamer:rx_tamer|current_time_q[36]
                Info (332115): Clock Arrival Path:
                Info (332115): Total (ns)  Incr (ns)     Type  Element
                Info (332115): ==========  ========= ==  ====  ===================================
                Info (332115):      1.829      1.829  R        clock network delay
                Info (332115):      1.669     -0.160           clock uncertainty
                Info (332115):      1.669      0.000     uTsu  bladerf_core:U_core|nios_system:U_nios_system|time_tamer:rx_tamer|current_time_q[36]
            Info (332181): Earliest Path Arrival
                Info (332115): From Node          : bladerf_core:U_core|nios_system:U_nios_system|time_tamer:rx_tamer|handshake:U_current|source_holding[2]
                Info (332115): To Node            : bladerf_core:U_core|nios_system:U_nios_system|time_tamer:rx_tamer|current_time_q[2]
                Info (332115): Launch Clock       : U_core|U_nios_system|axi_ad9361_0|i_dev_if|i_rx|i_altlvds_rx|auto_generated|pll_sclk~PLL_OUTPUT_COUNTER|divclk
                Info (332115): Latch Clock        : U_core|U_system_pll|altera_pll_i|general[0].gpll~PLL_OUTPUT_COUNTER|divclk
                Info (332115): Data Arrival Time  : 5.614
                Info (332115): Clock Arrival Time : 3.500
                Info (332115): Relative Delay     : 2.114
                Info (332115): Data Arrival Path:
                Info (332115): Total (ns)  Incr (ns)     Type  Element
                Info (332115): ==========  ========= ==  ====  ===================================
                Info (332115):      4.762      4.762  R        clock network delay
                Info (332115):      4.762      0.000     uTco  bladerf_core:U_core|nios_system:U_nios_system|time_tamer:rx_tamer|handshake:U_current|source_holding[2]
                Info (332115):      4.762      0.000 FF  CELL  U_core|U_nios_system|rx_tamer|U_current|source_holding[2]|q
                Info (332115):      5.245      0.483 FF    IC  U_core|U_nios_system|rx_tamer|current_time_q[2]|asdata
                Info (332115):      5.614      0.369 FF  CELL  bladerf_core:U_core|nios_system:U_nios_system|time_tamer:rx_tamer|current_time_q[2]
                Info (332115): Clock Arrival Path:
                Info (332115): Total (ns)  Incr (ns)     Type  Element
                Info (332115): ==========  ========= ==  ====  ===================================
                Info (332115):      3.340      3.340  R        clock network delay
                Info (332115):      3.500      0.160           clock uncertainty
                Info (332115):      3.500      0.000      uTh  bladerf_core:U_core|nios_system:U_nios_system|time_tamer:rx_tamer|current_time_q[2]
            Info (332181): Cross Path Clock Pessimism Removed : 2.831
            Info (332181): Required Skew   : 6.400
            Info (332181): Actual Skew     : 1.744
            Info (332181): Slack           : 4.656
        Info (332181): Path #70: Slack is 4.663 
            Info (332181): Latest Path Arrival
                Info (332115): From Node          : bladerf_core:U_core|nios_system:U_nios_system|time_tamer:rx_tamer|handshake:U_current|source_holding[36]
                Info (332115): To Node            : bladerf_core:U_core|nios_system:U_nios_system|time_tamer:rx_tamer|current_time_q[36]
                Info (332115): Launch Clock       : U_core|U_nios_system|axi_ad9361_0|i_dev_if|i_rx|i_altlvds_rx|auto_generated|pll_sclk~PLL_OUTPUT_COUNTER|divclk
                Info (332115): Latch Clock        : U_core|U_system_pll|altera_pll_i|general[0].gpll~PLL_OUTPUT_COUNTER|divclk
                Info (332115): Data Arrival Time  : 8.358
                Info (332115): Clock Arrival Time : 1.669
                Info (332115): Relative Delay     : 6.689
                Info (332115): Data Arrival Path:
                Info (332115): Total (ns)  Incr (ns)     Type  Element
                Info (332115): ==========  ========= ==  ====  ===================================
                Info (332115):      6.340      6.340  R        clock network delay
                Info (332115):      6.340      0.000     uTco  bladerf_core:U_core|nios_system:U_nios_system|time_tamer:rx_tamer|handshake:U_current|source_holding[36]
                Info (332115):      6.340      0.000 RR  CELL  U_core|U_nios_system|rx_tamer|U_current|source_holding[36]|q
                Info (332115):      7.629      1.289 RR    IC  U_core|U_nios_system|rx_tamer|current_time_q[36]|asdata
                Info (332115):      8.358      0.729 RR  CELL  bladerf_core:U_core|nios_system:U_nios_system|time_tamer:rx_tamer|current_time_q[36]
                Info (332115): Clock Arrival Path:
                Info (332115): Total (ns)  Incr (ns)     Type  Element
                Info (332115): ==========  ========= ==  ====  ===================================
                Info (332115):      1.829      1.829  R        clock network delay
                Info (332115):      1.669     -0.160           clock uncertainty
                Info (332115):      1.669      0.000     uTsu  bladerf_core:U_core|nios_system:U_nios_system|time_tamer:rx_tamer|current_time_q[36]
            Info (332181): Earliest Path Arrival
                Info (332115): From Node          : bladerf_core:U_core|nios_system:U_nios_system|time_tamer:rx_tamer|handshake:U_current|source_holding[4]
                Info (332115): To Node            : bladerf_core:U_core|nios_system:U_nios_system|time_tamer:rx_tamer|current_time_q[4]
                Info (332115): Launch Clock       : U_core|U_nios_system|axi_ad9361_0|i_dev_if|i_rx|i_altlvds_rx|auto_generated|pll_sclk~PLL_OUTPUT_COUNTER|divclk
                Info (332115): Latch Clock        : U_core|U_system_pll|altera_pll_i|general[0].gpll~PLL_OUTPUT_COUNTER|divclk
                Info (332115): Data Arrival Time  : 5.621
                Info (332115): Clock Arrival Time : 3.500
                Info (332115): Relative Delay     : 2.121
                Info (332115): Data Arrival Path:
                Info (332115): Total (ns)  Incr (ns)     Type  Element
                Info (332115): ==========  ========= ==  ====  ===================================
                Info (332115):      4.767      4.767  R        clock network delay
                Info (332115):      4.767      0.000     uTco  bladerf_core:U_core|nios_system:U_nios_system|time_tamer:rx_tamer|handshake:U_current|source_holding[4]
                Info (332115):      4.767      0.000 FF  CELL  U_core|U_nios_system|rx_tamer|U_current|source_holding[4]|q
                Info (332115):      5.252      0.485 FF    IC  U_core|U_nios_system|rx_tamer|current_time_q[4]|asdata
                Info (332115):      5.621      0.369 FF  CELL  bladerf_core:U_core|nios_system:U_nios_system|time_tamer:rx_tamer|current_time_q[4]
                Info (332115): Clock Arrival Path:
                Info (332115): Total (ns)  Incr (ns)     Type  Element
                Info (332115): ==========  ========= ==  ====  ===================================
                Info (332115):      3.340      3.340  R        clock network delay
                Info (332115):      3.500      0.160           clock uncertainty
                Info (332115):      3.500      0.000      uTh  bladerf_core:U_core|nios_system:U_nios_system|time_tamer:rx_tamer|current_time_q[4]
            Info (332181): Cross Path Clock Pessimism Removed : 2.831
            Info (332181): Required Skew   : 6.400
            Info (332181): Actual Skew     : 1.737
            Info (332181): Slack           : 4.663
        Info (332181): Path #71: Slack is 4.705 
            Info (332181): Latest Path Arrival
                Info (332115): From Node          : bladerf_core:U_core|nios_system:U_nios_system|time_tamer:rx_tamer|handshake:U_current|source_holding[36]
                Info (332115): To Node            : bladerf_core:U_core|nios_system:U_nios_system|time_tamer:rx_tamer|current_time_q[36]
                Info (332115): Launch Clock       : U_core|U_nios_system|axi_ad9361_0|i_dev_if|i_rx|i_altlvds_rx|auto_generated|pll_sclk~PLL_OUTPUT_COUNTER|divclk
                Info (332115): Latch Clock        : U_core|U_system_pll|altera_pll_i|general[0].gpll~PLL_OUTPUT_COUNTER|divclk
                Info (332115): Data Arrival Time  : 8.358
                Info (332115): Clock Arrival Time : 1.669
                Info (332115): Relative Delay     : 6.689
                Info (332115): Data Arrival Path:
                Info (332115): Total (ns)  Incr (ns)     Type  Element
                Info (332115): ==========  ========= ==  ====  ===================================
                Info (332115):      6.340      6.340  R        clock network delay
                Info (332115):      6.340      0.000     uTco  bladerf_core:U_core|nios_system:U_nios_system|time_tamer:rx_tamer|handshake:U_current|source_holding[36]
                Info (332115):      6.340      0.000 RR  CELL  U_core|U_nios_system|rx_tamer|U_current|source_holding[36]|q
                Info (332115):      7.629      1.289 RR    IC  U_core|U_nios_system|rx_tamer|current_time_q[36]|asdata
                Info (332115):      8.358      0.729 RR  CELL  bladerf_core:U_core|nios_system:U_nios_system|time_tamer:rx_tamer|current_time_q[36]
                Info (332115): Clock Arrival Path:
                Info (332115): Total (ns)  Incr (ns)     Type  Element
                Info (332115): ==========  ========= ==  ====  ===================================
                Info (332115):      1.829      1.829  R        clock network delay
                Info (332115):      1.669     -0.160           clock uncertainty
                Info (332115):      1.669      0.000     uTsu  bladerf_core:U_core|nios_system:U_nios_system|time_tamer:rx_tamer|current_time_q[36]
            Info (332181): Earliest Path Arrival
                Info (332115): From Node          : bladerf_core:U_core|nios_system:U_nios_system|time_tamer:rx_tamer|handshake:U_current|source_holding[18]
                Info (332115): To Node            : bladerf_core:U_core|nios_system:U_nios_system|time_tamer:rx_tamer|current_time_q[18]
                Info (332115): Launch Clock       : U_core|U_nios_system|axi_ad9361_0|i_dev_if|i_rx|i_altlvds_rx|auto_generated|pll_sclk~PLL_OUTPUT_COUNTER|divclk
                Info (332115): Latch Clock        : U_core|U_system_pll|altera_pll_i|general[0].gpll~PLL_OUTPUT_COUNTER|divclk
                Info (332115): Data Arrival Time  : 5.669
                Info (332115): Clock Arrival Time : 3.506
                Info (332115): Relative Delay     : 2.163
                Info (332115): Data Arrival Path:
                Info (332115): Total (ns)  Incr (ns)     Type  Element
                Info (332115): ==========  ========= ==  ====  ===================================
                Info (332115):      4.762      4.762  R        clock network delay
                Info (332115):      4.762      0.000     uTco  bladerf_core:U_core|nios_system:U_nios_system|time_tamer:rx_tamer|handshake:U_current|source_holding[18]
                Info (332115):      4.762      0.000 FF  CELL  U_core|U_nios_system|rx_tamer|U_current|source_holding[18]|q
                Info (332115):      5.231      0.469 FF    IC  U_core|U_nios_system|rx_tamer|current_time_q[18]|asdata
                Info (332115):      5.669      0.438 FF  CELL  bladerf_core:U_core|nios_system:U_nios_system|time_tamer:rx_tamer|current_time_q[18]
                Info (332115): Clock Arrival Path:
                Info (332115): Total (ns)  Incr (ns)     Type  Element
                Info (332115): ==========  ========= ==  ====  ===================================
                Info (332115):      3.346      3.346  R        clock network delay
                Info (332115):      3.506      0.160           clock uncertainty
                Info (332115):      3.506      0.000      uTh  bladerf_core:U_core|nios_system:U_nios_system|time_tamer:rx_tamer|current_time_q[18]
            Info (332181): Cross Path Clock Pessimism Removed : 2.831
            Info (332181): Required Skew   : 6.400
            Info (332181): Actual Skew     : 1.695
            Info (332181): Slack           : 4.705
        Info (332181): Path #72: Slack is 4.718 
            Info (332181): Latest Path Arrival
                Info (332115): From Node          : bladerf_core:U_core|nios_system:U_nios_system|time_tamer:rx_tamer|handshake:U_current|source_holding[36]
                Info (332115): To Node            : bladerf_core:U_core|nios_system:U_nios_system|time_tamer:rx_tamer|current_time_q[36]
                Info (332115): Launch Clock       : U_core|U_nios_system|axi_ad9361_0|i_dev_if|i_rx|i_altlvds_rx|auto_generated|pll_sclk~PLL_OUTPUT_COUNTER|divclk
                Info (332115): Latch Clock        : U_core|U_system_pll|altera_pll_i|general[0].gpll~PLL_OUTPUT_COUNTER|divclk
                Info (332115): Data Arrival Time  : 8.358
                Info (332115): Clock Arrival Time : 1.669
                Info (332115): Relative Delay     : 6.689
                Info (332115): Data Arrival Path:
                Info (332115): Total (ns)  Incr (ns)     Type  Element
                Info (332115): ==========  ========= ==  ====  ===================================
                Info (332115):      6.340      6.340  R        clock network delay
                Info (332115):      6.340      0.000     uTco  bladerf_core:U_core|nios_system:U_nios_system|time_tamer:rx_tamer|handshake:U_current|source_holding[36]
                Info (332115):      6.340      0.000 RR  CELL  U_core|U_nios_system|rx_tamer|U_current|source_holding[36]|q
                Info (332115):      7.629      1.289 RR    IC  U_core|U_nios_system|rx_tamer|current_time_q[36]|asdata
                Info (332115):      8.358      0.729 RR  CELL  bladerf_core:U_core|nios_system:U_nios_system|time_tamer:rx_tamer|current_time_q[36]
                Info (332115): Clock Arrival Path:
                Info (332115): Total (ns)  Incr (ns)     Type  Element
                Info (332115): ==========  ========= ==  ====  ===================================
                Info (332115):      1.829      1.829  R        clock network delay
                Info (332115):      1.669     -0.160           clock uncertainty
                Info (332115):      1.669      0.000     uTsu  bladerf_core:U_core|nios_system:U_nios_system|time_tamer:rx_tamer|current_time_q[36]
            Info (332181): Earliest Path Arrival
                Info (332115): From Node          : bladerf_core:U_core|nios_system:U_nios_system|time_tamer:rx_tamer|handshake:U_current|source_holding[7]
                Info (332115): To Node            : bladerf_core:U_core|nios_system:U_nios_system|time_tamer:rx_tamer|current_time_q[7]
                Info (332115): Launch Clock       : U_core|U_nios_system|axi_ad9361_0|i_dev_if|i_rx|i_altlvds_rx|auto_generated|pll_sclk~PLL_OUTPUT_COUNTER|divclk
                Info (332115): Latch Clock        : U_core|U_system_pll|altera_pll_i|general[0].gpll~PLL_OUTPUT_COUNTER|divclk
                Info (332115): Data Arrival Time  : 5.682
                Info (332115): Clock Arrival Time : 3.506
                Info (332115): Relative Delay     : 2.176
                Info (332115): Data Arrival Path:
                Info (332115): Total (ns)  Incr (ns)     Type  Element
                Info (332115): ==========  ========= ==  ====  ===================================
                Info (332115):      4.762      4.762  R        clock network delay
                Info (332115):      4.762      0.000     uTco  bladerf_core:U_core|nios_system:U_nios_system|time_tamer:rx_tamer|handshake:U_current|source_holding[7]
                Info (332115):      4.762      0.000 FF  CELL  U_core|U_nios_system|rx_tamer|U_current|source_holding[7]|q
                Info (332115):      5.244      0.482 FF    IC  U_core|U_nios_system|rx_tamer|current_time_q[7]|asdata
                Info (332115):      5.682      0.438 FF  CELL  bladerf_core:U_core|nios_system:U_nios_system|time_tamer:rx_tamer|current_time_q[7]
                Info (332115): Clock Arrival Path:
                Info (332115): Total (ns)  Incr (ns)     Type  Element
                Info (332115): ==========  ========= ==  ====  ===================================
                Info (332115):      3.346      3.346  R        clock network delay
                Info (332115):      3.506      0.160           clock uncertainty
                Info (332115):      3.506      0.000      uTh  bladerf_core:U_core|nios_system:U_nios_system|time_tamer:rx_tamer|current_time_q[7]
            Info (332181): Cross Path Clock Pessimism Removed : 2.831
            Info (332181): Required Skew   : 6.400
            Info (332181): Actual Skew     : 1.682
            Info (332181): Slack           : 4.718
Info (332115): Worst-case slack is 4.830 for "set_max_skew -from [get_keepers {*U_rx_epoch_ts_hi_handshake|source_holding[*]}] -to [get_keepers {*bladerf_core:*|rx_epoch_ts_hi_sys[*]}] 6.400 "
    Info (332181): Skew for the Latest Arrival
        Info (332181): Path #73: Slack is 4.830 
            Info (332181): Latest Path Arrival
                Info (332115): From Node          : bladerf_core:U_core|handshake:U_rx_epoch_ts_hi_handshake|source_holding[6]
                Info (332115): To Node            : bladerf_core:U_core|rx_epoch_ts_hi_sys[6]
                Info (332115): Launch Clock       : U_core|U_nios_system|axi_ad9361_0|i_dev_if|i_rx|i_altlvds_rx|auto_generated|pll_sclk~PLL_OUTPUT_COUNTER|divclk
                Info (332115): Latch Clock        : U_core|U_system_pll|altera_pll_i|general[0].gpll~PLL_OUTPUT_COUNTER|divclk
                Info (332115): Data Arrival Time  : 8.140
                Info (332115): Clock Arrival Time : 1.652
                Info (332115): Relative Delay     : 6.488
                Info (332115): Data Arrival Path:
                Info (332115): Total (ns)  Incr (ns)     Type  Element
                Info (332115): ==========  ========= ==  ====  ===================================
                Info (332115):      6.363      6.363  R        clock network delay
                Info (332115):      6.363      0.000     uTco  bladerf_core:U_core|handshake:U_rx_epoch_ts_hi_handshake|source_holding[6]
                Info (332115):      6.363      0.000 FF  CELL  U_core|U_rx_epoch_ts_hi_handshake|source_holding[6]|q
                Info (332115):      7.749      1.386 FF    IC  U_core|rx_epoch_ts_hi_sys[6]~feeder|dataf
                Info (332115):      7.835      0.086 FF  CELL  U_core|rx_epoch_ts_hi_sys[6]~feeder|combout
                Info (332115):      7.835      0.000 FF    IC  U_core|rx_epoch_ts_hi_sys[6]|d
                Info (332115):      8.140      0.305 FF  CELL  bladerf_core:U_core|rx_epoch_ts_hi_sys[6]
                Info (332115): Clock Arrival Path:
                Info (332115): Total (ns)  Incr (ns)     Type  Element
                Info (332115): ==========  ========= ==  ====  ===================================
                Info (332115):      1.812      1.812  R        clock network delay
                Info (332115):      1.652     -0.160           clock uncertainty
                Info (332115):      1.652      0.000     uTsu  bladerf_core:U_core|rx_epoch_ts_hi_sys[6]
            Info (332181): Earliest Path Arrival
                Info (332115): From Node          : bladerf_core:U_core|handshake:U_rx_epoch_ts_hi_handshake|source_holding[29]
                Info (332115): To Node            : bladerf_core:U_core|rx_epoch_ts_hi_sys[29]
                Info (332115): Launch Clock       : U_core|U_nios_system|axi_ad9361_0|i_dev_if|i_rx|i_altlvds_rx|auto_generated|pll_sclk~PLL_OUTPUT_COUNTER|divclk
                Info (332115): Latch Clock        : U_core|U_system_pll|altera_pll_i|general[0].gpll~PLL_OUTPUT_COUNTER|divclk
                Info (332115): Data Arrival Time  : 5.543
                Info (332115): Clock Arrival Time : 3.481
                Info (332115): Relative Delay     : 2.062
                Info (332115): Data Arrival Path:
                Info (332115): Total (ns)  Incr (ns)     Type  Element
                Info (332115): ==========  ========= ==  ====  ===================================
                Info (332115):      4.769      4.769  R        clock network delay
                Info (332115):      4.769      0.000     uTco  bladerf_core:U_core|handshake:U_rx_epoch_ts_hi_handshake|source_holding[29]
                Info (332115):      4.769      0.000 FF  CELL  U_core|U_rx_epoch_ts_hi_handshake|source_holding[29]|q
                Info (332115):      5.408      0.639 FF    IC  U_core|rx_epoch_ts_hi_sys[29]~feeder|dataf
                Info (332115):      5.462      0.054 FF  CELL  U_core|rx_epoch_ts_hi_sys[29]~feeder|combout
                Info (332115):      5.462      0.000 FF    IC  U_core|rx_epoch_ts_hi_sys[29]|d
                Info (332115):      5.543      0.081 FF  CELL  bladerf_core:U_core|rx_epoch_ts_hi_sys[29]
                Info (332115): Clock Arrival Path:
                Info (332115): Total (ns)  Incr (ns)     Type  Element
                Info (332115): ==========  ========= ==  ====  ===================================
                Info (332115):      3.321      3.321  R        clock network delay
                Info (332115):      3.481      0.160           clock uncertainty
                Info (332115):      3.481      0.000      uTh  bladerf_core:U_core|rx_epoch_ts_hi_sys[29]
            Info (332181): Cross Path Clock Pessimism Removed : 2.856
            Info (332181): Required Skew   : 6.400
            Info (332181): Actual Skew     : 1.570
            Info (332181): Slack           : 4.830
        Info (332181): Path #74: Slack is 4.844 
            Info (332181): Latest Path Arrival
                Info (332115): From Node          : bladerf_core:U_core|handshake:U_rx_epoch_ts_hi_handshake|source_holding[19]
                Info (332115): To Node            : bladerf_core:U_core|rx_epoch_ts_hi_sys[19]
                Info (332115): Launch Clock       : U_core|U_nios_system|axi_ad9361_0|i_dev_if|i_rx|i_altlvds_rx|auto_generated|pll_sclk~PLL_OUTPUT_COUNTER|divclk
                Info (332115): Latch Clock        : U_core|U_system_pll|altera_pll_i|general[0].gpll~PLL_OUTPUT_COUNTER|divclk
                Info (332115): Data Arrival Time  : 8.121
                Info (332115): Clock Arrival Time : 1.647
                Info (332115): Relative Delay     : 6.474
                Info (332115): Data Arrival Path:
                Info (332115): Total (ns)  Incr (ns)     Type  Element
                Info (332115): ==========  ========= ==  ====  ===================================
                Info (332115):      6.353      6.353  R        clock network delay
                Info (332115):      6.353      0.000     uTco  bladerf_core:U_core|handshake:U_rx_epoch_ts_hi_handshake|source_holding[19]
                Info (332115):      6.353      0.000 FF  CELL  U_core|U_rx_epoch_ts_hi_handshake|source_holding[19]|q
                Info (332115):      7.733      1.380 FF    IC  U_core|rx_epoch_ts_hi_sys[19]~feeder|dataf
                Info (332115):      7.817      0.084 FF  CELL  U_core|rx_epoch_ts_hi_sys[19]~feeder|combout
                Info (332115):      7.817      0.000 FF    IC  U_core|rx_epoch_ts_hi_sys[19]|d
                Info (332115):      8.121      0.304 FF  CELL  bladerf_core:U_core|rx_epoch_ts_hi_sys[19]
                Info (332115): Clock Arrival Path:
                Info (332115): Total (ns)  Incr (ns)     Type  Element
                Info (332115): ==========  ========= ==  ====  ===================================
                Info (332115):      1.807      1.807  R        clock network delay
                Info (332115):      1.647     -0.160           clock uncertainty
                Info (332115):      1.647      0.000     uTsu  bladerf_core:U_core|rx_epoch_ts_hi_sys[19]
            Info (332181): Earliest Path Arrival
                Info (332115): From Node          : bladerf_core:U_core|handshake:U_rx_epoch_ts_hi_handshake|source_holding[29]
                Info (332115): To Node            : bladerf_core:U_core|rx_epoch_ts_hi_sys[29]
                Info (332115): Launch Clock       : U_core|U_nios_system|axi_ad9361_0|i_dev_if|i_rx|i_altlvds_rx|auto_generated|pll_sclk~PLL_OUTPUT_COUNTER|divclk
                Info (332115): Latch Clock        : U_core|U_system_pll|altera_pll_i|general[0].gpll~PLL_OUTPUT_COUNTER|divclk
                Info (332115): Data Arrival Time  : 5.543
                Info (332115): Clock Arrival Time : 3.481
                Info (332115): Relative Delay     : 2.062
                Info (332115): Data Arrival Path:
                Info (332115): Total (ns)  Incr (ns)     Type  Element
                Info (332115): ==========  ========= ==  ====  ===================================
                Info (332115):      4.769      4.769  R        clock network delay
                Info (332115):      4.769      0.000     uTco  bladerf_core:U_core|handshake:U_rx_epoch_ts_hi_handshake|source_holding[29]
                Info (332115):      4.769      0.000 FF  CELL  U_core|U_rx_epoch_ts_hi_handshake|source_holding[29]|q
                Info (332115):      5.408      0.639 FF    IC  U_core|rx_epoch_ts_hi_sys[29]~feeder|dataf
                Info (332115):      5.462      0.054 FF  CELL  U_core|rx_epoch_ts_hi_sys[29]~feeder|combout
                Info (332115):      5.462      0.000 FF    IC  U_core|rx_epoch_ts_hi_sys[29]|d
                Info (332115):      5.543      0.081 FF  CELL  bladerf_core:U_core|rx_epoch_ts_hi_sys[29]
                Info (332115): Clock Arrival Path:
                Info (332115): Total (ns)  Incr (ns)     Type  Element
                Info (332115): ==========  ========= ==  ====  ===================================
                Info (332115):      3.321      3.321  R        clock network delay
                Info (332115):      3.481      0.160           clock uncertainty
                Info (332115):      3.481      0.000      uTh  bladerf_core:U_core|rx_epoch_ts_hi_sys[29]
            Info (332181): Cross Path Clock Pessimism Removed : 2.856
            Info (332181): Required Skew   : 6.400
            Info (332181): Actual Skew     : 1.556
            Info (332181): Slack           : 4.844
        Info (332181): Path #75: Slack is 4.851 
            Info (332181): Latest Path Arrival
                Info (332115): From Node          : bladerf_core:U_core|handshake:U_rx_epoch_ts_hi_handshake|source_holding[28]
                Info (332115): To Node            : bladerf_core:U_core|rx_epoch_ts_hi_sys[28]
                Info (332115): Launch Clock       : U_core|U_nios_system|axi_ad9361_0|i_dev_if|i_rx|i_altlvds_rx|auto_generated|pll_sclk~PLL_OUTPUT_COUNTER|divclk
                Info (332115): Latch Clock        : U_core|U_system_pll|altera_pll_i|general[0].gpll~PLL_OUTPUT_COUNTER|divclk
                Info (332115): Data Arrival Time  : 8.119
                Info (332115): Clock Arrival Time : 1.634
                Info (332115): Relative Delay     : 6.485
                Info (332115): Data Arrival Path:
                Info (332115): Total (ns)  Incr (ns)     Type  Element
                Info (332115): ==========  ========= ==  ====  ===================================
                Info (332115):      6.361      6.361  R        clock network delay
                Info (332115):      6.361      0.000     uTco  bladerf_core:U_core|handshake:U_rx_epoch_ts_hi_handshake|source_holding[28]
                Info (332115):      6.361      0.000 FF  CELL  U_core|U_rx_epoch_ts_hi_handshake|source_holding[28]|q
                Info (332115):      7.726      1.365 FF    IC  U_core|rx_epoch_ts_hi_sys[28]~feeder|dataf
                Info (332115):      7.812      0.086 FF  CELL  U_core|rx_epoch_ts_hi_sys[28]~feeder|combout
                Info (332115):      7.812      0.000 FF    IC  U_core|rx_epoch_ts_hi_sys[28]|d
                Info (332115):      8.119      0.307 FF  CELL  bladerf_core:U_core|rx_epoch_ts_hi_sys[28]
                Info (332115): Clock Arrival Path:
                Info (332115): Total (ns)  Incr (ns)     Type  Element
                Info (332115): ==========  ========= ==  ====  ===================================
                Info (332115):      1.794      1.794  R        clock network delay
                Info (332115):      1.634     -0.160           clock uncertainty
                Info (332115):      1.634      0.000     uTsu  bladerf_core:U_core|rx_epoch_ts_hi_sys[28]
            Info (332181): Earliest Path Arrival
                Info (332115): From Node          : bladerf_core:U_core|handshake:U_rx_epoch_ts_hi_handshake|source_holding[11]
                Info (332115): To Node            : bladerf_core:U_core|rx_epoch_ts_hi_sys[11]
                Info (332115): Launch Clock       : U_core|U_nios_system|axi_ad9361_0|i_dev_if|i_rx|i_altlvds_rx|auto_generated|pll_sclk~PLL_OUTPUT_COUNTER|divclk
                Info (332115): Latch Clock        : U_core|U_system_pll|altera_pll_i|general[0].gpll~PLL_OUTPUT_COUNTER|divclk
                Info (332115): Data Arrival Time  : 5.585
                Info (332115): Clock Arrival Time : 3.480
                Info (332115): Relative Delay     : 2.105
                Info (332115): Data Arrival Path:
                Info (332115): Total (ns)  Incr (ns)     Type  Element
                Info (332115): ==========  ========= ==  ====  ===================================
                Info (332115):      4.754      4.754  R        clock network delay
                Info (332115):      4.754      0.000     uTco  bladerf_core:U_core|handshake:U_rx_epoch_ts_hi_handshake|source_holding[11]
                Info (332115):      4.754      0.000 RR  CELL  U_core|U_rx_epoch_ts_hi_handshake|source_holding[11]|q
                Info (332115):      5.251      0.497 RR    IC  U_core|rx_epoch_ts_hi_sys[11]|asdata
                Info (332115):      5.585      0.334 RR  CELL  bladerf_core:U_core|rx_epoch_ts_hi_sys[11]
                Info (332115): Clock Arrival Path:
                Info (332115): Total (ns)  Incr (ns)     Type  Element
                Info (332115): ==========  ========= ==  ====  ===================================
                Info (332115):      3.320      3.320  R        clock network delay
                Info (332115):      3.480      0.160           clock uncertainty
                Info (332115):      3.480      0.000      uTh  bladerf_core:U_core|rx_epoch_ts_hi_sys[11]
            Info (332181): Cross Path Clock Pessimism Removed : 2.831
            Info (332181): Required Skew   : 6.400
            Info (332181): Actual Skew     : 1.549
            Info (332181): Slack           : 4.851
        Info (332181): Path #76: Slack is 4.867 
            Info (332181): Latest Path Arrival
                Info (332115): From Node          : bladerf_core:U_core|handshake:U_rx_epoch_ts_hi_handshake|source_holding[26]
                Info (332115): To Node            : bladerf_core:U_core|rx_epoch_ts_hi_sys[26]
                Info (332115): Launch Clock       : U_core|U_nios_system|axi_ad9361_0|i_dev_if|i_rx|i_altlvds_rx|auto_generated|pll_sclk~PLL_OUTPUT_COUNTER|divclk
                Info (332115): Latch Clock        : U_core|U_system_pll|altera_pll_i|general[0].gpll~PLL_OUTPUT_COUNTER|divclk
                Info (332115): Data Arrival Time  : 8.089
                Info (332115): Clock Arrival Time : 1.620
                Info (332115): Relative Delay     : 6.469
                Info (332115): Data Arrival Path:
                Info (332115): Total (ns)  Incr (ns)     Type  Element
                Info (332115): ==========  ========= ==  ====  ===================================
                Info (332115):      6.353      6.353  R        clock network delay
                Info (332115):      6.353      0.000     uTco  bladerf_core:U_core|handshake:U_rx_epoch_ts_hi_handshake|source_holding[26]
                Info (332115):      6.353      0.000 RR  CELL  U_core|U_rx_epoch_ts_hi_handshake|source_holding[26]|q
                Info (332115):      7.376      1.023 RR    IC  U_core|rx_epoch_ts_hi_sys[26]|asdata
                Info (332115):      8.089      0.713 RR  CELL  bladerf_core:U_core|rx_epoch_ts_hi_sys[26]
                Info (332115): Clock Arrival Path:
                Info (332115): Total (ns)  Incr (ns)     Type  Element
                Info (332115): ==========  ========= ==  ====  ===================================
                Info (332115):      1.780      1.780  R        clock network delay
                Info (332115):      1.620     -0.160           clock uncertainty
                Info (332115):      1.620      0.000     uTsu  bladerf_core:U_core|rx_epoch_ts_hi_sys[26]
            Info (332181): Earliest Path Arrival
                Info (332115): From Node          : bladerf_core:U_core|handshake:U_rx_epoch_ts_hi_handshake|source_holding[11]
                Info (332115): To Node            : bladerf_core:U_core|rx_epoch_ts_hi_sys[11]
                Info (332115): Launch Clock       : U_core|U_nios_system|axi_ad9361_0|i_dev_if|i_rx|i_altlvds_rx|auto_generated|pll_sclk~PLL_OUTPUT_COUNTER|divclk
                Info (332115): Latch Clock        : U_core|U_system_pll|altera_pll_i|general[0].gpll~PLL_OUTPUT_COUNTER|divclk
                Info (332115): Data Arrival Time  : 5.585
                Info (332115): Clock Arrival Time : 3.480
                Info (332115): Relative Delay     : 2.105
                Info (332115): Data Arrival Path:
                Info (332115): Total (ns)  Incr (ns)     Type  Element
                Info (332115): ==========  ========= ==  ====  ===================================
                Info (332115):      4.754      4.754  R        clock network delay
                Info (332115):      4.754      0.000     uTco  bladerf_core:U_core|handshake:U_rx_epoch_ts_hi_handshake|source_holding[11]
                Info (332115):      4.754      0.000 RR  CELL  U_core|U_rx_epoch_ts_hi_handshake|source_holding[11]|q
                Info (332115):      5.251      0.497 RR    IC  U_core|rx_epoch_ts_hi_sys[11]|asdata
                Info (332115):      5.585      0.334 RR  CELL  bladerf_core:U_core|rx_epoch_ts_hi_sys[11]
                Info (332115): Clock Arrival Path:
                Info (332115): Total (ns)  Incr (ns)     Type  Element
                Info (332115): ==========  ========= ==  ====  ===================================
                Info (332115):      3.320      3.320  R        clock network delay
                Info (332115):      3.480      0.160           clock uncertainty
                Info (332115):      3.480      0.000      uTh  bladerf_core:U_core|rx_epoch_ts_hi_sys[11]
            Info (332181): Cross Path Clock Pessimism Removed : 2.831
            Info (332181): Required Skew   : 6.400
            Info (332181): Actual Skew     : 1.533
            Info (332181): Slack           : 4.867
    Info (332181): Skew for the Earliest Arrival
        Info (332181): Path #77: Slack is 4.830 
            Info (332181): Latest Path Arrival
                Info (332115): From Node          : bladerf_core:U_core|handshake:U_rx_epoch_ts_hi_handshake|source_holding[6]
                Info (332115): To Node            : bladerf_core:U_core|rx_epoch_ts_hi_sys[6]
                Info (332115): Launch Clock       : U_core|U_nios_system|axi_ad9361_0|i_dev_if|i_rx|i_altlvds_rx|auto_generated|pll_sclk~PLL_OUTPUT_COUNTER|divclk
                Info (332115): Latch Clock        : U_core|U_system_pll|altera_pll_i|general[0].gpll~PLL_OUTPUT_COUNTER|divclk
                Info (332115): Data Arrival Time  : 8.140
                Info (332115): Clock Arrival Time : 1.652
                Info (332115): Relative Delay     : 6.488
                Info (332115): Data Arrival Path:
                Info (332115): Total (ns)  Incr (ns)     Type  Element
                Info (332115): ==========  ========= ==  ====  ===================================
                Info (332115):      6.363      6.363  R        clock network delay
                Info (332115):      6.363      0.000     uTco  bladerf_core:U_core|handshake:U_rx_epoch_ts_hi_handshake|source_holding[6]
                Info (332115):      6.363      0.000 FF  CELL  U_core|U_rx_epoch_ts_hi_handshake|source_holding[6]|q
                Info (332115):      7.749      1.386 FF    IC  U_core|rx_epoch_ts_hi_sys[6]~feeder|dataf
                Info (332115):      7.835      0.086 FF  CELL  U_core|rx_epoch_ts_hi_sys[6]~feeder|combout
                Info (332115):      7.835      0.000 FF    IC  U_core|rx_epoch_ts_hi_sys[6]|d
                Info (332115):      8.140      0.305 FF  CELL  bladerf_core:U_core|rx_epoch_ts_hi_sys[6]
                Info (332115): Clock Arrival Path:
                Info (332115): Total (ns)  Incr (ns)     Type  Element
                Info (332115): ==========  ========= ==  ====  ===================================
                Info (332115):      1.812      1.812  R        clock network delay
                Info (332115):      1.652     -0.160           clock uncertainty
                Info (332115):      1.652      0.000     uTsu  bladerf_core:U_core|rx_epoch_ts_hi_sys[6]
            Info (332181): Earliest Path Arrival
                Info (332115): From Node          : bladerf_core:U_core|handshake:U_rx_epoch_ts_hi_handshake|source_holding[29]
                Info (332115): To Node            : bladerf_core:U_core|rx_epoch_ts_hi_sys[29]
                Info (332115): Launch Clock       : U_core|U_nios_system|axi_ad9361_0|i_dev_if|i_rx|i_altlvds_rx|auto_generated|pll_sclk~PLL_OUTPUT_COUNTER|divclk
                Info (332115): Latch Clock        : U_core|U_system_pll|altera_pll_i|general[0].gpll~PLL_OUTPUT_COUNTER|divclk
                Info (332115): Data Arrival Time  : 5.543
                Info (332115): Clock Arrival Time : 3.481
                Info (332115): Relative Delay     : 2.062
                Info (332115): Data Arrival Path:
                Info (332115): Total (ns)  Incr (ns)     Type  Element
                Info (332115): ==========  ========= ==  ====  ===================================
                Info (332115):      4.769      4.769  R        clock network delay
                Info (332115):      4.769      0.000     uTco  bladerf_core:U_core|handshake:U_rx_epoch_ts_hi_handshake|source_holding[29]
                Info (332115):      4.769      0.000 FF  CELL  U_core|U_rx_epoch_ts_hi_handshake|source_holding[29]|q
                Info (332115):      5.408      0.639 FF    IC  U_core|rx_epoch_ts_hi_sys[29]~feeder|dataf
                Info (332115):      5.462      0.054 FF  CELL  U_core|rx_epoch_ts_hi_sys[29]~feeder|combout
                Info (332115):      5.462      0.000 FF    IC  U_core|rx_epoch_ts_hi_sys[29]|d
                Info (332115):      5.543      0.081 FF  CELL  bladerf_core:U_core|rx_epoch_ts_hi_sys[29]
                Info (332115): Clock Arrival Path:
                Info (332115): Total (ns)  Incr (ns)     Type  Element
                Info (332115): ==========  ========= ==  ====  ===================================
                Info (332115):      3.321      3.321  R        clock network delay
                Info (332115):      3.481      0.160           clock uncertainty
                Info (332115):      3.481      0.000      uTh  bladerf_core:U_core|rx_epoch_ts_hi_sys[29]
            Info (332181): Cross Path Clock Pessimism Removed : 2.856
            Info (332181): Required Skew   : 6.400
            Info (332181): Actual Skew     : 1.570
            Info (332181): Slack           : 4.830
        Info (332181): Path #78: Slack is 4.848 
            Info (332181): Latest Path Arrival
                Info (332115): From Node          : bladerf_core:U_core|handshake:U_rx_epoch_ts_hi_handshake|source_holding[6]
                Info (332115): To Node            : bladerf_core:U_core|rx_epoch_ts_hi_sys[6]
                Info (332115): Launch Clock       : U_core|U_nios_system|axi_ad9361_0|i_dev_if|i_rx|i_altlvds_rx|auto_generated|pll_sclk~PLL_OUTPUT_COUNTER|divclk
                Info (332115): Latch Clock        : U_core|U_system_pll|altera_pll_i|general[0].gpll~PLL_OUTPUT_COUNTER|divclk
                Info (332115): Data Arrival Time  : 8.140
                Info (332115): Clock Arrival Time : 1.652
                Info (332115): Relative Delay     : 6.488
                Info (332115): Data Arrival Path:
                Info (332115): Total (ns)  Incr (ns)     Type  Element
                Info (332115): ==========  ========= ==  ====  ===================================
                Info (332115):      6.363      6.363  R        clock network delay
                Info (332115):      6.363      0.000     uTco  bladerf_core:U_core|handshake:U_rx_epoch_ts_hi_handshake|source_holding[6]
                Info (332115):      6.363      0.000 FF  CELL  U_core|U_rx_epoch_ts_hi_handshake|source_holding[6]|q
                Info (332115):      7.749      1.386 FF    IC  U_core|rx_epoch_ts_hi_sys[6]~feeder|dataf
                Info (332115):      7.835      0.086 FF  CELL  U_core|rx_epoch_ts_hi_sys[6]~feeder|combout
                Info (332115):      7.835      0.000 FF    IC  U_core|rx_epoch_ts_hi_sys[6]|d
                Info (332115):      8.140      0.305 FF  CELL  bladerf_core:U_core|rx_epoch_ts_hi_sys[6]
                Info (332115): Clock Arrival Path:
                Info (332115): Total (ns)  Incr (ns)     Type  Element
                Info (332115): ==========  ========= ==  ====  ===================================
                Info (332115):      1.812      1.812  R        clock network delay
                Info (332115):      1.652     -0.160           clock uncertainty
                Info (332115):      1.652      0.000     uTsu  bladerf_core:U_core|rx_epoch_ts_hi_sys[6]
            Info (332181): Earliest Path Arrival
                Info (332115): From Node          : bladerf_core:U_core|handshake:U_rx_epoch_ts_hi_handshake|source_holding[11]
                Info (332115): To Node            : bladerf_core:U_core|rx_epoch_ts_hi_sys[11]
                Info (332115): Launch Clock       : U_core|U_nios_system|axi_ad9361_0|i_dev_if|i_rx|i_altlvds_rx|auto_generated|pll_sclk~PLL_OUTPUT_COUNTER|divclk
                Info (332115): Latch Clock        : U_core|U_system_pll|altera_pll_i|general[0].gpll~PLL_OUTPUT_COUNTER|divclk
                Info (332115): Data Arrival Time  : 5.585
                Info (332115): Clock Arrival Time : 3.480
                Info (332115): Relative Delay     : 2.105
                Info (332115): Data Arrival Path:
                Info (332115): Total (ns)  Incr (ns)     Type  Element
                Info (332115): ==========  ========= ==  ====  ===================================
                Info (332115):      4.754      4.754  R        clock network delay
                Info (332115):      4.754      0.000     uTco  bladerf_core:U_core|handshake:U_rx_epoch_ts_hi_handshake|source_holding[11]
                Info (332115):      4.754      0.000 RR  CELL  U_core|U_rx_epoch_ts_hi_handshake|source_holding[11]|q
                Info (332115):      5.251      0.497 RR    IC  U_core|rx_epoch_ts_hi_sys[11]|asdata
                Info (332115):      5.585      0.334 RR  CELL  bladerf_core:U_core|rx_epoch_ts_hi_sys[11]
                Info (332115): Clock Arrival Path:
                Info (332115): Total (ns)  Incr (ns)     Type  Element
                Info (332115): ==========  ========= ==  ====  ===================================
                Info (332115):      3.320      3.320  R        clock network delay
                Info (332115):      3.480      0.160           clock uncertainty
                Info (332115):      3.480      0.000      uTh  bladerf_core:U_core|rx_epoch_ts_hi_sys[11]
            Info (332181): Cross Path Clock Pessimism Removed : 2.831
            Info (332181): Required Skew   : 6.400
            Info (332181): Actual Skew     : 1.552
            Info (332181): Slack           : 4.848
        Info (332181): Path #79: Slack is 4.857 
            Info (332181): Latest Path Arrival
                Info (332115): From Node          : bladerf_core:U_core|handshake:U_rx_epoch_ts_hi_handshake|source_holding[6]
                Info (332115): To Node            : bladerf_core:U_core|rx_epoch_ts_hi_sys[6]
                Info (332115): Launch Clock       : U_core|U_nios_system|axi_ad9361_0|i_dev_if|i_rx|i_altlvds_rx|auto_generated|pll_sclk~PLL_OUTPUT_COUNTER|divclk
                Info (332115): Latch Clock        : U_core|U_system_pll|altera_pll_i|general[0].gpll~PLL_OUTPUT_COUNTER|divclk
                Info (332115): Data Arrival Time  : 8.140
                Info (332115): Clock Arrival Time : 1.652
                Info (332115): Relative Delay     : 6.488
                Info (332115): Data Arrival Path:
                Info (332115): Total (ns)  Incr (ns)     Type  Element
                Info (332115): ==========  ========= ==  ====  ===================================
                Info (332115):      6.363      6.363  R        clock network delay
                Info (332115):      6.363      0.000     uTco  bladerf_core:U_core|handshake:U_rx_epoch_ts_hi_handshake|source_holding[6]
                Info (332115):      6.363      0.000 FF  CELL  U_core|U_rx_epoch_ts_hi_handshake|source_holding[6]|q
                Info (332115):      7.749      1.386 FF    IC  U_core|rx_epoch_ts_hi_sys[6]~feeder|dataf
                Info (332115):      7.835      0.086 FF  CELL  U_core|rx_epoch_ts_hi_sys[6]~feeder|combout
                Info (332115):      7.835      0.000 FF    IC  U_core|rx_epoch_ts_hi_sys[6]|d
                Info (332115):      8.140      0.305 FF  CELL  bladerf_core:U_core|rx_epoch_ts_hi_sys[6]
                Info (332115): Clock Arrival Path:
                Info (332115): Total (ns)  Incr (ns)     Type  Element
                Info (332115): ==========  ========= ==  ====  ===================================
                Info (332115):      1.812      1.812  R        clock network delay
                Info (332115):      1.652     -0.160           clock uncertainty
                Info (332115):      1.652      0.000     uTsu  bladerf_core:U_core|rx_epoch_ts_hi_sys[6]
            Info (332181): Earliest Path Arrival
                Info (332115): From Node          : bladerf_core:U_core|handshake:U_rx_epoch_ts_hi_handshake|source_holding[5]
                Info (332115): To Node            : bladerf_core:U_core|rx_epoch_ts_hi_sys[5]
                Info (332115): Launch Clock       : U_core|U_nios_system|axi_ad9361_0|i_dev_if|i_rx|i_altlvds_rx|auto_generated|pll_sclk~PLL_OUTPUT_COUNTER|divclk
                Info (332115): Latch Clock        : U_core|U_system_pll|altera_pll_i|general[0].gpll~PLL_OUTPUT_COUNTER|divclk
                Info (332115): Data Arrival Time  : 5.580
                Info (332115): Clock Arrival Time : 3.466
                Info (332115): Relative Delay     : 2.114
                Info (332115): Data Arrival Path:
                Info (332115): Total (ns)  Incr (ns)     Type  Element
                Info (332115): ==========  ========= ==  ====  ===================================
                Info (332115):      4.743      4.743  R        clock network delay
                Info (332115):      4.743      0.000     uTco  bladerf_core:U_core|handshake:U_rx_epoch_ts_hi_handshake|source_holding[5]
                Info (332115):      4.743      0.000 RR  CELL  U_core|U_rx_epoch_ts_hi_handshake|source_holding[5]|q
                Info (332115):      5.250      0.507 RR    IC  U_core|rx_epoch_ts_hi_sys[5]|asdata
                Info (332115):      5.580      0.330 RR  CELL  bladerf_core:U_core|rx_epoch_ts_hi_sys[5]
                Info (332115): Clock Arrival Path:
                Info (332115): Total (ns)  Incr (ns)     Type  Element
                Info (332115): ==========  ========= ==  ====  ===================================
                Info (332115):      3.306      3.306  R        clock network delay
                Info (332115):      3.466      0.160           clock uncertainty
                Info (332115):      3.466      0.000      uTh  bladerf_core:U_core|rx_epoch_ts_hi_sys[5]
            Info (332181): Cross Path Clock Pessimism Removed : 2.831
            Info (332181): Required Skew   : 6.400
            Info (332181): Actual Skew     : 1.543
            Info (332181): Slack           : 4.857
        Info (332181): Path #80: Slack is 4.883 
            Info (332181): Latest Path Arrival
                Info (332115): From Node          : bladerf_core:U_core|handshake:U_rx_epoch_ts_hi_handshake|source_holding[6]
                Info (332115): To Node            : bladerf_core:U_core|rx_epoch_ts_hi_sys[6]
                Info (332115): Launch Clock       : U_core|U_nios_system|axi_ad9361_0|i_dev_if|i_rx|i_altlvds_rx|auto_generated|pll_sclk~PLL_OUTPUT_COUNTER|divclk
                Info (332115): Latch Clock        : U_core|U_system_pll|altera_pll_i|general[0].gpll~PLL_OUTPUT_COUNTER|divclk
                Info (332115): Data Arrival Time  : 8.140
                Info (332115): Clock Arrival Time : 1.652
                Info (332115): Relative Delay     : 6.488
                Info (332115): Data Arrival Path:
                Info (332115): Total (ns)  Incr (ns)     Type  Element
                Info (332115): ==========  ========= ==  ====  ===================================
                Info (332115):      6.363      6.363  R        clock network delay
                Info (332115):      6.363      0.000     uTco  bladerf_core:U_core|handshake:U_rx_epoch_ts_hi_handshake|source_holding[6]
                Info (332115):      6.363      0.000 FF  CELL  U_core|U_rx_epoch_ts_hi_handshake|source_holding[6]|q
                Info (332115):      7.749      1.386 FF    IC  U_core|rx_epoch_ts_hi_sys[6]~feeder|dataf
                Info (332115):      7.835      0.086 FF  CELL  U_core|rx_epoch_ts_hi_sys[6]~feeder|combout
                Info (332115):      7.835      0.000 FF    IC  U_core|rx_epoch_ts_hi_sys[6]|d
                Info (332115):      8.140      0.305 FF  CELL  bladerf_core:U_core|rx_epoch_ts_hi_sys[6]
                Info (332115): Clock Arrival Path:
                Info (332115): Total (ns)  Incr (ns)     Type  Element
                Info (332115): ==========  ========= ==  ====  ===================================
                Info (332115):      1.812      1.812  R        clock network delay
                Info (332115):      1.652     -0.160           clock uncertainty
                Info (332115):      1.652      0.000     uTsu  bladerf_core:U_core|rx_epoch_ts_hi_sys[6]
            Info (332181): Earliest Path Arrival
                Info (332115): From Node          : bladerf_core:U_core|handshake:U_rx_epoch_ts_hi_handshake|source_holding[21]
                Info (332115): To Node            : bladerf_core:U_core|rx_epoch_ts_hi_sys[21]
                Info (332115): Launch Clock       : U_core|U_nios_system|axi_ad9361_0|i_dev_if|i_rx|i_altlvds_rx|auto_generated|pll_sclk~PLL_OUTPUT_COUNTER|divclk
                Info (332115): Latch Clock        : U_core|U_system_pll|altera_pll_i|general[0].gpll~PLL_OUTPUT_COUNTER|divclk
                Info (332115): Data Arrival Time  : 5.606
                Info (332115): Clock Arrival Time : 3.466
                Info (332115): Relative Delay     : 2.140
                Info (332115): Data Arrival Path:
                Info (332115): Total (ns)  Incr (ns)     Type  Element
                Info (332115): ==========  ========= ==  ====  ===================================
                Info (332115):      4.743      4.743  R        clock network delay
                Info (332115):      4.743      0.000     uTco  bladerf_core:U_core|handshake:U_rx_epoch_ts_hi_handshake|source_holding[21]
                Info (332115):      4.743      0.000 FF  CELL  U_core|U_rx_epoch_ts_hi_handshake|source_holding[21]|q
                Info (332115):      5.131      0.388 FF    IC  U_core|rx_epoch_ts_hi_sys[21]~feeder|datac
                Info (332115):      5.522      0.391 FF  CELL  U_core|rx_epoch_ts_hi_sys[21]~feeder|combout
                Info (332115):      5.522      0.000 FF    IC  U_core|rx_epoch_ts_hi_sys[21]|d
                Info (332115):      5.606      0.084 FF  CELL  bladerf_core:U_core|rx_epoch_ts_hi_sys[21]
                Info (332115): Clock Arrival Path:
                Info (332115): Total (ns)  Incr (ns)     Type  Element
                Info (332115): ==========  ========= ==  ====  ===================================
                Info (332115):      3.306      3.306  R        clock network delay
                Info (332115):      3.466      0.160           clock uncertainty
                Info (332115):      3.466      0.000      uTh  bladerf_core:U_core|rx_epoch_ts_hi_sys[21]
            Info (332181): Cross Path Clock Pessimism Removed : 2.831
            Info (332181): Required Skew   : 6.400
            Info (332181): Actual Skew     : 1.517
            Info (332181): Slack           : 4.883
Info (332115): Worst-case slack is 4.844 for "set_max_skew -from [get_keepers {*U_rx_epoch_ts_lo_handshake|source_holding[*]}] -to [get_keepers {*bladerf_core:*|rx_epoch_ts_lo_sys[*]}] 6.400 "
    Info (332181): Skew for the Latest Arrival
        Info (332181): Path #81: Slack is 4.844 
            Info (332181): Latest Path Arrival
                Info (332115): From Node          : bladerf_core:U_core|handshake:U_rx_epoch_ts_lo_handshake|source_holding[14]
                Info (332115): To Node            : bladerf_core:U_core|rx_epoch_ts_lo_sys[14]
                Info (332115): Launch Clock       : U_core|U_nios_system|axi_ad9361_0|i_dev_if|i_rx|i_altlvds_rx|auto_generated|pll_sclk~PLL_OUTPUT_COUNTER|divclk
                Info (332115): Latch Clock        : U_core|U_system_pll|altera_pll_i|general[0].gpll~PLL_OUTPUT_COUNTER|divclk
                Info (332115): Data Arrival Time  : 8.085
                Info (332115): Clock Arrival Time : 1.624
                Info (332115): Relative Delay     : 6.461
                Info (332115): Data Arrival Path:
                Info (332115): Total (ns)  Incr (ns)     Type  Element
                Info (332115): ==========  ========= ==  ====  ===================================
                Info (332115):      6.379      6.379  R        clock network delay
                Info (332115):      6.379      0.000     uTco  bladerf_core:U_core|handshake:U_rx_epoch_ts_lo_handshake|source_holding[14]
                Info (332115):      6.379      0.000 FF  CELL  U_core|U_rx_epoch_ts_lo_handshake|source_holding[14]|q
                Info (332115):      7.697      1.318 FF    IC  U_core|rx_epoch_ts_lo_sys[14]~feeder|dataf
                Info (332115):      7.781      0.084 FF  CELL  U_core|rx_epoch_ts_lo_sys[14]~feeder|combout
                Info (332115):      7.781      0.000 FF    IC  U_core|rx_epoch_ts_lo_sys[14]|d
                Info (332115):      8.085      0.304 FF  CELL  bladerf_core:U_core|rx_epoch_ts_lo_sys[14]
                Info (332115): Clock Arrival Path:
                Info (332115): Total (ns)  Incr (ns)     Type  Element
                Info (332115): ==========  ========= ==  ====  ===================================
                Info (332115):      1.784      1.784  R        clock network delay
                Info (332115):      1.624     -0.160           clock uncertainty
                Info (332115):      1.624      0.000     uTsu  bladerf_core:U_core|rx_epoch_ts_lo_sys[14]
            Info (332181): Earliest Path Arrival
                Info (332115): From Node          : bladerf_core:U_core|handshake:U_rx_epoch_ts_lo_handshake|source_holding[22]
                Info (332115): To Node            : bladerf_core:U_core|rx_epoch_ts_lo_sys[22]
                Info (332115): Launch Clock       : U_core|U_nios_system|axi_ad9361_0|i_dev_if|i_rx|i_altlvds_rx|auto_generated|pll_sclk~PLL_OUTPUT_COUNTER|divclk
                Info (332115): Latch Clock        : U_core|U_system_pll|altera_pll_i|general[0].gpll~PLL_OUTPUT_COUNTER|divclk
                Info (332115): Data Arrival Time  : 5.533
                Info (332115): Clock Arrival Time : 3.484
                Info (332115): Relative Delay     : 2.049
                Info (332115): Data Arrival Path:
                Info (332115): Total (ns)  Incr (ns)     Type  Element
                Info (332115): ==========  ========= ==  ====  ===================================
                Info (332115):      4.770      4.770  R        clock network delay
                Info (332115):      4.770      0.000     uTco  bladerf_core:U_core|handshake:U_rx_epoch_ts_lo_handshake|source_holding[22]
                Info (332115):      4.770      0.000 RR  CELL  U_core|U_rx_epoch_ts_lo_handshake|source_holding[22]|q
                Info (332115):      5.199      0.429 RR    IC  U_core|rx_epoch_ts_lo_sys[22]|asdata
                Info (332115):      5.533      0.334 RR  CELL  bladerf_core:U_core|rx_epoch_ts_lo_sys[22]
                Info (332115): Clock Arrival Path:
                Info (332115): Total (ns)  Incr (ns)     Type  Element
                Info (332115): ==========  ========= ==  ====  ===================================
                Info (332115):      3.324      3.324  R        clock network delay
                Info (332115):      3.484      0.160           clock uncertainty
                Info (332115):      3.484      0.000      uTh  bladerf_core:U_core|rx_epoch_ts_lo_sys[22]
            Info (332181): Cross Path Clock Pessimism Removed : 2.856
            Info (332181): Required Skew   : 6.400
            Info (332181): Actual Skew     : 1.556
            Info (332181): Slack           : 4.844
        Info (332181): Path #82: Slack is 4.882 
            Info (332181): Latest Path Arrival
                Info (332115): From Node          : bladerf_core:U_core|handshake:U_rx_epoch_ts_lo_handshake|source_holding[13]
                Info (332115): To Node            : bladerf_core:U_core|rx_epoch_ts_lo_sys[13]
                Info (332115): Launch Clock       : U_core|U_nios_system|axi_ad9361_0|i_dev_if|i_rx|i_altlvds_rx|auto_generated|pll_sclk~PLL_OUTPUT_COUNTER|divclk
                Info (332115): Latch Clock        : U_core|U_system_pll|altera_pll_i|general[0].gpll~PLL_OUTPUT_COUNTER|divclk
                Info (332115): Data Arrival Time  : 8.056
                Info (332115): Clock Arrival Time : 1.658
                Info (332115): Relative Delay     : 6.398
                Info (332115): Data Arrival Path:
                Info (332115): Total (ns)  Incr (ns)     Type  Element
                Info (332115): ==========  ========= ==  ====  ===================================
                Info (332115):      6.369      6.369  R        clock network delay
                Info (332115):      6.369      0.000     uTco  bladerf_core:U_core|handshake:U_rx_epoch_ts_lo_handshake|source_holding[13]
                Info (332115):      6.369      0.000 FF  CELL  U_core|U_rx_epoch_ts_lo_handshake|source_holding[13]|q
                Info (332115):      7.198      0.829 FF    IC  U_core|rx_epoch_ts_lo_sys[13]~feeder|datac
                Info (332115):      7.750      0.552 FF  CELL  U_core|rx_epoch_ts_lo_sys[13]~feeder|combout
                Info (332115):      7.750      0.000 FF    IC  U_core|rx_epoch_ts_lo_sys[13]|d
                Info (332115):      8.056      0.306 FF  CELL  bladerf_core:U_core|rx_epoch_ts_lo_sys[13]
                Info (332115): Clock Arrival Path:
                Info (332115): Total (ns)  Incr (ns)     Type  Element
                Info (332115): ==========  ========= ==  ====  ===================================
                Info (332115):      1.818      1.818  R        clock network delay
                Info (332115):      1.658     -0.160           clock uncertainty
                Info (332115):      1.658      0.000     uTsu  bladerf_core:U_core|rx_epoch_ts_lo_sys[13]
            Info (332181): Earliest Path Arrival
                Info (332115): From Node          : bladerf_core:U_core|handshake:U_rx_epoch_ts_lo_handshake|source_holding[22]
                Info (332115): To Node            : bladerf_core:U_core|rx_epoch_ts_lo_sys[22]
                Info (332115): Launch Clock       : U_core|U_nios_system|axi_ad9361_0|i_dev_if|i_rx|i_altlvds_rx|auto_generated|pll_sclk~PLL_OUTPUT_COUNTER|divclk
                Info (332115): Latch Clock        : U_core|U_system_pll|altera_pll_i|general[0].gpll~PLL_OUTPUT_COUNTER|divclk
                Info (332115): Data Arrival Time  : 5.533
                Info (332115): Clock Arrival Time : 3.484
                Info (332115): Relative Delay     : 2.049
                Info (332115): Data Arrival Path:
                Info (332115): Total (ns)  Incr (ns)     Type  Element
                Info (332115): ==========  ========= ==  ====  ===================================
                Info (332115):      4.770      4.770  R        clock network delay
                Info (332115):      4.770      0.000     uTco  bladerf_core:U_core|handshake:U_rx_epoch_ts_lo_handshake|source_holding[22]
                Info (332115):      4.770      0.000 RR  CELL  U_core|U_rx_epoch_ts_lo_handshake|source_holding[22]|q
                Info (332115):      5.199      0.429 RR    IC  U_core|rx_epoch_ts_lo_sys[22]|asdata
                Info (332115):      5.533      0.334 RR  CELL  bladerf_core:U_core|rx_epoch_ts_lo_sys[22]
                Info (332115): Clock Arrival Path:
                Info (332115): Total (ns)  Incr (ns)     Type  Element
                Info (332115): ==========  ========= ==  ====  ===================================
                Info (332115):      3.324      3.324  R        clock network delay
                Info (332115):      3.484      0.160           clock uncertainty
                Info (332115):      3.484      0.000      uTh  bladerf_core:U_core|rx_epoch_ts_lo_sys[22]
            Info (332181): Cross Path Clock Pessimism Removed : 2.831
            Info (332181): Required Skew   : 6.400
            Info (332181): Actual Skew     : 1.518
            Info (332181): Slack           : 4.882
        Info (332181): Path #83: Slack is 4.917 
            Info (332181): Latest Path Arrival
                Info (332115): From Node          : bladerf_core:U_core|handshake:U_rx_epoch_ts_lo_handshake|source_holding[7]
                Info (332115): To Node            : bladerf_core:U_core|rx_epoch_ts_lo_sys[7]
                Info (332115): Launch Clock       : U_core|U_nios_system|axi_ad9361_0|i_dev_if|i_rx|i_altlvds_rx|auto_generated|pll_sclk~PLL_OUTPUT_COUNTER|divclk
                Info (332115): Latch Clock        : U_core|U_system_pll|altera_pll_i|general[0].gpll~PLL_OUTPUT_COUNTER|divclk
                Info (332115): Data Arrival Time  : 8.012
                Info (332115): Clock Arrival Time : 1.624
                Info (332115): Relative Delay     : 6.388
                Info (332115): Data Arrival Path:
                Info (332115): Total (ns)  Incr (ns)     Type  Element
                Info (332115): ==========  ========= ==  ====  ===================================
                Info (332115):      6.369      6.369  R        clock network delay
                Info (332115):      6.369      0.000     uTco  bladerf_core:U_core|handshake:U_rx_epoch_ts_lo_handshake|source_holding[7]
                Info (332115):      6.369      0.000 RR  CELL  U_core|U_rx_epoch_ts_lo_handshake|source_holding[7]|q
                Info (332115):      7.051      0.682 RR    IC  U_core|rx_epoch_ts_lo_sys[7]~feeder|datab
                Info (332115):      7.708      0.657 RR  CELL  U_core|rx_epoch_ts_lo_sys[7]~feeder|combout
                Info (332115):      7.708      0.000 RR    IC  U_core|rx_epoch_ts_lo_sys[7]|d
                Info (332115):      8.012      0.304 RR  CELL  bladerf_core:U_core|rx_epoch_ts_lo_sys[7]
                Info (332115): Clock Arrival Path:
                Info (332115): Total (ns)  Incr (ns)     Type  Element
                Info (332115): ==========  ========= ==  ====  ===================================
                Info (332115):      1.784      1.784  R        clock network delay
                Info (332115):      1.624     -0.160           clock uncertainty
                Info (332115):      1.624      0.000     uTsu  bladerf_core:U_core|rx_epoch_ts_lo_sys[7]
            Info (332181): Earliest Path Arrival
                Info (332115): From Node          : bladerf_core:U_core|handshake:U_rx_epoch_ts_lo_handshake|source_holding[22]
                Info (332115): To Node            : bladerf_core:U_core|rx_epoch_ts_lo_sys[22]
                Info (332115): Launch Clock       : U_core|U_nios_system|axi_ad9361_0|i_dev_if|i_rx|i_altlvds_rx|auto_generated|pll_sclk~PLL_OUTPUT_COUNTER|divclk
                Info (332115): Latch Clock        : U_core|U_system_pll|altera_pll_i|general[0].gpll~PLL_OUTPUT_COUNTER|divclk
                Info (332115): Data Arrival Time  : 5.533
                Info (332115): Clock Arrival Time : 3.484
                Info (332115): Relative Delay     : 2.049
                Info (332115): Data Arrival Path:
                Info (332115): Total (ns)  Incr (ns)     Type  Element
                Info (332115): ==========  ========= ==  ====  ===================================
                Info (332115):      4.770      4.770  R        clock network delay
                Info (332115):      4.770      0.000     uTco  bladerf_core:U_core|handshake:U_rx_epoch_ts_lo_handshake|source_holding[22]
                Info (332115):      4.770      0.000 RR  CELL  U_core|U_rx_epoch_ts_lo_handshake|source_holding[22]|q
                Info (332115):      5.199      0.429 RR    IC  U_core|rx_epoch_ts_lo_sys[22]|asdata
                Info (332115):      5.533      0.334 RR  CELL  bladerf_core:U_core|rx_epoch_ts_lo_sys[22]
                Info (332115): Clock Arrival Path:
                Info (332115): Total (ns)  Incr (ns)     Type  Element
                Info (332115): ==========  ========= ==  ====  ===================================
                Info (332115):      3.324      3.324  R        clock network delay
                Info (332115):      3.484      0.160           clock uncertainty
                Info (332115):      3.484      0.000      uTh  bladerf_core:U_core|rx_epoch_ts_lo_sys[22]
            Info (332181): Cross Path Clock Pessimism Removed : 2.856
            Info (332181): Required Skew   : 6.400
            Info (332181): Actual Skew     : 1.483
            Info (332181): Slack           : 4.917
        Info (332181): Path #84: Slack is 4.941 
            Info (332181): Latest Path Arrival
                Info (332115): From Node          : bladerf_core:U_core|handshake:U_rx_epoch_ts_lo_handshake|source_holding[11]
                Info (332115): To Node            : bladerf_core:U_core|rx_epoch_ts_lo_sys[11]
                Info (332115): Launch Clock       : U_core|U_nios_system|axi_ad9361_0|i_dev_if|i_rx|i_altlvds_rx|auto_generated|pll_sclk~PLL_OUTPUT_COUNTER|divclk
                Info (332115): Latch Clock        : U_core|U_system_pll|altera_pll_i|general[0].gpll~PLL_OUTPUT_COUNTER|divclk
                Info (332115): Data Arrival Time  : 7.990
                Info (332115): Clock Arrival Time : 1.651
                Info (332115): Relative Delay     : 6.339
                Info (332115): Data Arrival Path:
                Info (332115): Total (ns)  Incr (ns)     Type  Element
                Info (332115): ==========  ========= ==  ====  ===================================
                Info (332115):      6.377      6.377  R        clock network delay
                Info (332115):      6.377      0.000     uTco  bladerf_core:U_core|handshake:U_rx_epoch_ts_lo_handshake|source_holding[11]
                Info (332115):      6.377      0.000 FF  CELL  U_core|U_rx_epoch_ts_lo_handshake|source_holding[11]|q
                Info (332115):      7.264      0.887 FF    IC  U_core|rx_epoch_ts_lo_sys[11]|asdata
                Info (332115):      7.990      0.726 FF  CELL  bladerf_core:U_core|rx_epoch_ts_lo_sys[11]
                Info (332115): Clock Arrival Path:
                Info (332115): Total (ns)  Incr (ns)     Type  Element
                Info (332115): ==========  ========= ==  ====  ===================================
                Info (332115):      1.811      1.811  R        clock network delay
                Info (332115):      1.651     -0.160           clock uncertainty
                Info (332115):      1.651      0.000     uTsu  bladerf_core:U_core|rx_epoch_ts_lo_sys[11]
            Info (332181): Earliest Path Arrival
                Info (332115): From Node          : bladerf_core:U_core|handshake:U_rx_epoch_ts_lo_handshake|source_holding[22]
                Info (332115): To Node            : bladerf_core:U_core|rx_epoch_ts_lo_sys[22]
                Info (332115): Launch Clock       : U_core|U_nios_system|axi_ad9361_0|i_dev_if|i_rx|i_altlvds_rx|auto_generated|pll_sclk~PLL_OUTPUT_COUNTER|divclk
                Info (332115): Latch Clock        : U_core|U_system_pll|altera_pll_i|general[0].gpll~PLL_OUTPUT_COUNTER|divclk
                Info (332115): Data Arrival Time  : 5.533
                Info (332115): Clock Arrival Time : 3.484
                Info (332115): Relative Delay     : 2.049
                Info (332115): Data Arrival Path:
                Info (332115): Total (ns)  Incr (ns)     Type  Element
                Info (332115): ==========  ========= ==  ====  ===================================
                Info (332115):      4.770      4.770  R        clock network delay
                Info (332115):      4.770      0.000     uTco  bladerf_core:U_core|handshake:U_rx_epoch_ts_lo_handshake|source_holding[22]
                Info (332115):      4.770      0.000 RR  CELL  U_core|U_rx_epoch_ts_lo_handshake|source_holding[22]|q
                Info (332115):      5.199      0.429 RR    IC  U_core|rx_epoch_ts_lo_sys[22]|asdata
                Info (332115):      5.533      0.334 RR  CELL  bladerf_core:U_core|rx_epoch_ts_lo_sys[22]
                Info (332115): Clock Arrival Path:
                Info (332115): Total (ns)  Incr (ns)     Type  Element
                Info (332115): ==========  ========= ==  ====  ===================================
                Info (332115):      3.324      3.324  R        clock network delay
                Info (332115):      3.484      0.160           clock uncertainty
                Info (332115):      3.484      0.000      uTh  bladerf_core:U_core|rx_epoch_ts_lo_sys[22]
            Info (332181): Cross Path Clock Pessimism Removed : 2.831
            Info (332181): Required Skew   : 6.400
            Info (332181): Actual Skew     : 1.459
            Info (332181): Slack           : 4.941
    Info (332181): Skew for the Earliest Arrival
        Info (332181): Path #85: Slack is 4.844 
            Info (332181): Latest Path Arrival
                Info (332115): From Node          : bladerf_core:U_core|handshake:U_rx_epoch_ts_lo_handshake|source_holding[14]
                Info (332115): To Node            : bladerf_core:U_core|rx_epoch_ts_lo_sys[14]
                Info (332115): Launch Clock       : U_core|U_nios_system|axi_ad9361_0|i_dev_if|i_rx|i_altlvds_rx|auto_generated|pll_sclk~PLL_OUTPUT_COUNTER|divclk
                Info (332115): Latch Clock        : U_core|U_system_pll|altera_pll_i|general[0].gpll~PLL_OUTPUT_COUNTER|divclk
                Info (332115): Data Arrival Time  : 8.085
                Info (332115): Clock Arrival Time : 1.624
                Info (332115): Relative Delay     : 6.461
                Info (332115): Data Arrival Path:
                Info (332115): Total (ns)  Incr (ns)     Type  Element
                Info (332115): ==========  ========= ==  ====  ===================================
                Info (332115):      6.379      6.379  R        clock network delay
                Info (332115):      6.379      0.000     uTco  bladerf_core:U_core|handshake:U_rx_epoch_ts_lo_handshake|source_holding[14]
                Info (332115):      6.379      0.000 FF  CELL  U_core|U_rx_epoch_ts_lo_handshake|source_holding[14]|q
                Info (332115):      7.697      1.318 FF    IC  U_core|rx_epoch_ts_lo_sys[14]~feeder|dataf
                Info (332115):      7.781      0.084 FF  CELL  U_core|rx_epoch_ts_lo_sys[14]~feeder|combout
                Info (332115):      7.781      0.000 FF    IC  U_core|rx_epoch_ts_lo_sys[14]|d
                Info (332115):      8.085      0.304 FF  CELL  bladerf_core:U_core|rx_epoch_ts_lo_sys[14]
                Info (332115): Clock Arrival Path:
                Info (332115): Total (ns)  Incr (ns)     Type  Element
                Info (332115): ==========  ========= ==  ====  ===================================
                Info (332115):      1.784      1.784  R        clock network delay
                Info (332115):      1.624     -0.160           clock uncertainty
                Info (332115):      1.624      0.000     uTsu  bladerf_core:U_core|rx_epoch_ts_lo_sys[14]
            Info (332181): Earliest Path Arrival
                Info (332115): From Node          : bladerf_core:U_core|handshake:U_rx_epoch_ts_lo_handshake|source_holding[22]
                Info (332115): To Node            : bladerf_core:U_core|rx_epoch_ts_lo_sys[22]
                Info (332115): Launch Clock       : U_core|U_nios_system|axi_ad9361_0|i_dev_if|i_rx|i_altlvds_rx|auto_generated|pll_sclk~PLL_OUTPUT_COUNTER|divclk
                Info (332115): Latch Clock        : U_core|U_system_pll|altera_pll_i|general[0].gpll~PLL_OUTPUT_COUNTER|divclk
                Info (332115): Data Arrival Time  : 5.533
                Info (332115): Clock Arrival Time : 3.484
                Info (332115): Relative Delay     : 2.049
                Info (332115): Data Arrival Path:
                Info (332115): Total (ns)  Incr (ns)     Type  Element
                Info (332115): ==========  ========= ==  ====  ===================================
                Info (332115):      4.770      4.770  R        clock network delay
                Info (332115):      4.770      0.000     uTco  bladerf_core:U_core|handshake:U_rx_epoch_ts_lo_handshake|source_holding[22]
                Info (332115):      4.770      0.000 RR  CELL  U_core|U_rx_epoch_ts_lo_handshake|source_holding[22]|q
                Info (332115):      5.199      0.429 RR    IC  U_core|rx_epoch_ts_lo_sys[22]|asdata
                Info (332115):      5.533      0.334 RR  CELL  bladerf_core:U_core|rx_epoch_ts_lo_sys[22]
                Info (332115): Clock Arrival Path:
                Info (332115): Total (ns)  Incr (ns)     Type  Element
                Info (332115): ==========  ========= ==  ====  ===================================
                Info (332115):      3.324      3.324  R        clock network delay
                Info (332115):      3.484      0.160           clock uncertainty
                Info (332115):      3.484      0.000      uTh  bladerf_core:U_core|rx_epoch_ts_lo_sys[22]
            Info (332181): Cross Path Clock Pessimism Removed : 2.856
            Info (332181): Required Skew   : 6.400
            Info (332181): Actual Skew     : 1.556
            Info (332181): Slack           : 4.844
        Info (332181): Path #86: Slack is 4.850 
            Info (332181): Latest Path Arrival
                Info (332115): From Node          : bladerf_core:U_core|handshake:U_rx_epoch_ts_lo_handshake|source_holding[14]
                Info (332115): To Node            : bladerf_core:U_core|rx_epoch_ts_lo_sys[14]
                Info (332115): Launch Clock       : U_core|U_nios_system|axi_ad9361_0|i_dev_if|i_rx|i_altlvds_rx|auto_generated|pll_sclk~PLL_OUTPUT_COUNTER|divclk
                Info (332115): Latch Clock        : U_core|U_system_pll|altera_pll_i|general[0].gpll~PLL_OUTPUT_COUNTER|divclk
                Info (332115): Data Arrival Time  : 8.085
                Info (332115): Clock Arrival Time : 1.624
                Info (332115): Relative Delay     : 6.461
                Info (332115): Data Arrival Path:
                Info (332115): Total (ns)  Incr (ns)     Type  Element
                Info (332115): ==========  ========= ==  ====  ===================================
                Info (332115):      6.379      6.379  R        clock network delay
                Info (332115):      6.379      0.000     uTco  bladerf_core:U_core|handshake:U_rx_epoch_ts_lo_handshake|source_holding[14]
                Info (332115):      6.379      0.000 FF  CELL  U_core|U_rx_epoch_ts_lo_handshake|source_holding[14]|q
                Info (332115):      7.697      1.318 FF    IC  U_core|rx_epoch_ts_lo_sys[14]~feeder|dataf
                Info (332115):      7.781      0.084 FF  CELL  U_core|rx_epoch_ts_lo_sys[14]~feeder|combout
                Info (332115):      7.781      0.000 FF    IC  U_core|rx_epoch_ts_lo_sys[14]|d
                Info (332115):      8.085      0.304 FF  CELL  bladerf_core:U_core|rx_epoch_ts_lo_sys[14]
                Info (332115): Clock Arrival Path:
                Info (332115): Total (ns)  Incr (ns)     Type  Element
                Info (332115): ==========  ========= ==  ====  ===================================
                Info (332115):      1.784      1.784  R        clock network delay
                Info (332115):      1.624     -0.160           clock uncertainty
                Info (332115):      1.624      0.000     uTsu  bladerf_core:U_core|rx_epoch_ts_lo_sys[14]
            Info (332181): Earliest Path Arrival
                Info (332115): From Node          : bladerf_core:U_core|handshake:U_rx_epoch_ts_lo_handshake|source_holding[12]
                Info (332115): To Node            : bladerf_core:U_core|rx_epoch_ts_lo_sys[12]
                Info (332115): Launch Clock       : U_core|U_nios_system|axi_ad9361_0|i_dev_if|i_rx|i_altlvds_rx|auto_generated|pll_sclk~PLL_OUTPUT_COUNTER|divclk
                Info (332115): Latch Clock        : U_core|U_system_pll|altera_pll_i|general[0].gpll~PLL_OUTPUT_COUNTER|divclk
                Info (332115): Data Arrival Time  : 5.580
                Info (332115): Clock Arrival Time : 3.524
                Info (332115): Relative Delay     : 2.056
                Info (332115): Data Arrival Path:
                Info (332115): Total (ns)  Incr (ns)     Type  Element
                Info (332115): ==========  ========= ==  ====  ===================================
                Info (332115):      4.777      4.777  R        clock network delay
                Info (332115):      4.777      0.000     uTco  bladerf_core:U_core|handshake:U_rx_epoch_ts_lo_handshake|source_holding[12]
                Info (332115):      4.777      0.000 FF  CELL  U_core|U_rx_epoch_ts_lo_handshake|source_holding[12]|q
                Info (332115):      5.443      0.666 FF    IC  U_core|rx_epoch_ts_lo_sys[12]~feeder|dataf
                Info (332115):      5.498      0.055 FF  CELL  U_core|rx_epoch_ts_lo_sys[12]~feeder|combout
                Info (332115):      5.498      0.000 FF    IC  U_core|rx_epoch_ts_lo_sys[12]|d
                Info (332115):      5.580      0.082 FF  CELL  bladerf_core:U_core|rx_epoch_ts_lo_sys[12]
                Info (332115): Clock Arrival Path:
                Info (332115): Total (ns)  Incr (ns)     Type  Element
                Info (332115): ==========  ========= ==  ====  ===================================
                Info (332115):      3.364      3.364  R        clock network delay
                Info (332115):      3.524      0.160           clock uncertainty
                Info (332115):      3.524      0.000      uTh  bladerf_core:U_core|rx_epoch_ts_lo_sys[12]
            Info (332181): Cross Path Clock Pessimism Removed : 2.855
            Info (332181): Required Skew   : 6.400
            Info (332181): Actual Skew     : 1.550
            Info (332181): Slack           : 4.850
        Info (332181): Path #87: Slack is 4.855 
            Info (332181): Latest Path Arrival
                Info (332115): From Node          : bladerf_core:U_core|handshake:U_rx_epoch_ts_lo_handshake|source_holding[14]
                Info (332115): To Node            : bladerf_core:U_core|rx_epoch_ts_lo_sys[14]
                Info (332115): Launch Clock       : U_core|U_nios_system|axi_ad9361_0|i_dev_if|i_rx|i_altlvds_rx|auto_generated|pll_sclk~PLL_OUTPUT_COUNTER|divclk
                Info (332115): Latch Clock        : U_core|U_system_pll|altera_pll_i|general[0].gpll~PLL_OUTPUT_COUNTER|divclk
                Info (332115): Data Arrival Time  : 8.085
                Info (332115): Clock Arrival Time : 1.624
                Info (332115): Relative Delay     : 6.461
                Info (332115): Data Arrival Path:
                Info (332115): Total (ns)  Incr (ns)     Type  Element
                Info (332115): ==========  ========= ==  ====  ===================================
                Info (332115):      6.379      6.379  R        clock network delay
                Info (332115):      6.379      0.000     uTco  bladerf_core:U_core|handshake:U_rx_epoch_ts_lo_handshake|source_holding[14]
                Info (332115):      6.379      0.000 FF  CELL  U_core|U_rx_epoch_ts_lo_handshake|source_holding[14]|q
                Info (332115):      7.697      1.318 FF    IC  U_core|rx_epoch_ts_lo_sys[14]~feeder|dataf
                Info (332115):      7.781      0.084 FF  CELL  U_core|rx_epoch_ts_lo_sys[14]~feeder|combout
                Info (332115):      7.781      0.000 FF    IC  U_core|rx_epoch_ts_lo_sys[14]|d
                Info (332115):      8.085      0.304 FF  CELL  bladerf_core:U_core|rx_epoch_ts_lo_sys[14]
                Info (332115): Clock Arrival Path:
                Info (332115): Total (ns)  Incr (ns)     Type  Element
                Info (332115): ==========  ========= ==  ====  ===================================
                Info (332115):      1.784      1.784  R        clock network delay
                Info (332115):      1.624     -0.160           clock uncertainty
                Info (332115):      1.624      0.000     uTsu  bladerf_core:U_core|rx_epoch_ts_lo_sys[14]
            Info (332181): Earliest Path Arrival
                Info (332115): From Node          : bladerf_core:U_core|handshake:U_rx_epoch_ts_lo_handshake|source_holding[17]
                Info (332115): To Node            : bladerf_core:U_core|rx_epoch_ts_lo_sys[17]
                Info (332115): Launch Clock       : U_core|U_nios_system|axi_ad9361_0|i_dev_if|i_rx|i_altlvds_rx|auto_generated|pll_sclk~PLL_OUTPUT_COUNTER|divclk
                Info (332115): Latch Clock        : U_core|U_system_pll|altera_pll_i|general[0].gpll~PLL_OUTPUT_COUNTER|divclk
                Info (332115): Data Arrival Time  : 5.585
                Info (332115): Clock Arrival Time : 3.524
                Info (332115): Relative Delay     : 2.061
                Info (332115): Data Arrival Path:
                Info (332115): Total (ns)  Incr (ns)     Type  Element
                Info (332115): ==========  ========= ==  ====  ===================================
                Info (332115):      4.777      4.777  R        clock network delay
                Info (332115):      4.777      0.000     uTco  bladerf_core:U_core|handshake:U_rx_epoch_ts_lo_handshake|source_holding[17]
                Info (332115):      4.777      0.000 RR  CELL  U_core|U_rx_epoch_ts_lo_handshake|source_holding[17]|q
                Info (332115):      5.442      0.665 RR    IC  U_core|rx_epoch_ts_lo_sys[17]~feeder|dataf
                Info (332115):      5.504      0.062 RR  CELL  U_core|rx_epoch_ts_lo_sys[17]~feeder|combout
                Info (332115):      5.504      0.000 RR    IC  U_core|rx_epoch_ts_lo_sys[17]|d
                Info (332115):      5.585      0.081 RR  CELL  bladerf_core:U_core|rx_epoch_ts_lo_sys[17]
                Info (332115): Clock Arrival Path:
                Info (332115): Total (ns)  Incr (ns)     Type  Element
                Info (332115): ==========  ========= ==  ====  ===================================
                Info (332115):      3.364      3.364  R        clock network delay
                Info (332115):      3.524      0.160           clock uncertainty
                Info (332115):      3.524      0.000      uTh  bladerf_core:U_core|rx_epoch_ts_lo_sys[17]
            Info (332181): Cross Path Clock Pessimism Removed : 2.855
            Info (332181): Required Skew   : 6.400
            Info (332181): Actual Skew     : 1.545
            Info (332181): Slack           : 4.855
        Info (332181): Path #88: Slack is 4.877 
            Info (332181): Latest Path Arrival
                Info (332115): From Node          : bladerf_core:U_core|handshake:U_rx_epoch_ts_lo_handshake|source_holding[14]
                Info (332115): To Node            : bladerf_core:U_core|rx_epoch_ts_lo_sys[14]
                Info (332115): Launch Clock       : U_core|U_nios_system|axi_ad9361_0|i_dev_if|i_rx|i_altlvds_rx|auto_generated|pll_sclk~PLL_OUTPUT_COUNTER|divclk
                Info (332115): Latch Clock        : U_core|U_system_pll|altera_pll_i|general[0].gpll~PLL_OUTPUT_COUNTER|divclk
                Info (332115): Data Arrival Time  : 8.085
                Info (332115): Clock Arrival Time : 1.624
                Info (332115): Relative Delay     : 6.461
                Info (332115): Data Arrival Path:
                Info (332115): Total (ns)  Incr (ns)     Type  Element
                Info (332115): ==========  ========= ==  ====  ===================================
                Info (332115):      6.379      6.379  R        clock network delay
                Info (332115):      6.379      0.000     uTco  bladerf_core:U_core|handshake:U_rx_epoch_ts_lo_handshake|source_holding[14]
                Info (332115):      6.379      0.000 FF  CELL  U_core|U_rx_epoch_ts_lo_handshake|source_holding[14]|q
                Info (332115):      7.697      1.318 FF    IC  U_core|rx_epoch_ts_lo_sys[14]~feeder|dataf
                Info (332115):      7.781      0.084 FF  CELL  U_core|rx_epoch_ts_lo_sys[14]~feeder|combout
                Info (332115):      7.781      0.000 FF    IC  U_core|rx_epoch_ts_lo_sys[14]|d
                Info (332115):      8.085      0.304 FF  CELL  bladerf_core:U_core|rx_epoch_ts_lo_sys[14]
                Info (332115): Clock Arrival Path:
                Info (332115): Total (ns)  Incr (ns)     Type  Element
                Info (332115): ==========  ========= ==  ====  ===================================
                Info (332115):      1.784      1.784  R        clock network delay
                Info (332115):      1.624     -0.160           clock uncertainty
                Info (332115):      1.624      0.000     uTsu  bladerf_core:U_core|rx_epoch_ts_lo_sys[14]
            Info (332181): Earliest Path Arrival
                Info (332115): From Node          : bladerf_core:U_core|handshake:U_rx_epoch_ts_lo_handshake|source_holding[2]
                Info (332115): To Node            : bladerf_core:U_core|rx_epoch_ts_lo_sys[2]
                Info (332115): Launch Clock       : U_core|U_nios_system|axi_ad9361_0|i_dev_if|i_rx|i_altlvds_rx|auto_generated|pll_sclk~PLL_OUTPUT_COUNTER|divclk
                Info (332115): Latch Clock        : U_core|U_system_pll|altera_pll_i|general[0].gpll~PLL_OUTPUT_COUNTER|divclk
                Info (332115): Data Arrival Time  : 5.599
                Info (332115): Clock Arrival Time : 3.516
                Info (332115): Relative Delay     : 2.083
                Info (332115): Data Arrival Path:
                Info (332115): Total (ns)  Incr (ns)     Type  Element
                Info (332115): ==========  ========= ==  ====  ===================================
                Info (332115):      4.784      4.784  R        clock network delay
                Info (332115):      4.784      0.000     uTco  bladerf_core:U_core|handshake:U_rx_epoch_ts_lo_handshake|source_holding[2]
                Info (332115):      4.784      0.000 FF  CELL  U_core|U_rx_epoch_ts_lo_handshake|source_holding[2]|q
                Info (332115):      5.464      0.680 FF    IC  U_core|rx_epoch_ts_lo_sys[2]~feeder|dataf
                Info (332115):      5.518      0.054 FF  CELL  U_core|rx_epoch_ts_lo_sys[2]~feeder|combout
                Info (332115):      5.518      0.000 FF    IC  U_core|rx_epoch_ts_lo_sys[2]|d
                Info (332115):      5.599      0.081 FF  CELL  bladerf_core:U_core|rx_epoch_ts_lo_sys[2]
                Info (332115): Clock Arrival Path:
                Info (332115): Total (ns)  Incr (ns)     Type  Element
                Info (332115): ==========  ========= ==  ====  ===================================
                Info (332115):      3.356      3.356  R        clock network delay
                Info (332115):      3.516      0.160           clock uncertainty
                Info (332115):      3.516      0.000      uTh  bladerf_core:U_core|rx_epoch_ts_lo_sys[2]
            Info (332181): Cross Path Clock Pessimism Removed : 2.855
            Info (332181): Required Skew   : 6.400
            Info (332181): Actual Skew     : 1.523
            Info (332181): Slack           : 4.877
Info (332115): Worst-case slack is 4.851 for "set_max_skew -from [get_keepers {*time_tamer:tx_tamer|handshake:U_current|source_holding[*]}] -to [get_keepers {*time_tamer:tx_tamer|current_time_q[*]}] 6.400 "
    Info (332181): Skew for the Latest Arrival
        Info (332181): Path #89: Slack is 4.851 
            Info (332181): Latest Path Arrival
                Info (332115): From Node          : bladerf_core:U_core|nios_system:U_nios_system|time_tamer:tx_tamer|handshake:U_current|source_holding[49]
                Info (332115): To Node            : bladerf_core:U_core|nios_system:U_nios_system|time_tamer:tx_tamer|current_time_q[49]
                Info (332115): Launch Clock       : U_core|U_nios_system|axi_ad9361_0|i_dev_if|i_rx|i_altlvds_rx|auto_generated|pll_sclk~PLL_OUTPUT_COUNTER|divclk
                Info (332115): Latch Clock        : U_core|U_system_pll|altera_pll_i|general[0].gpll~PLL_OUTPUT_COUNTER|divclk
                Info (332115): Data Arrival Time  : 8.019
                Info (332115): Clock Arrival Time : 1.612
                Info (332115): Relative Delay     : 6.407
                Info (332115): Data Arrival Path:
                Info (332115): Total (ns)  Incr (ns)     Type  Element
                Info (332115): ==========  ========= ==  ====  ===================================
                Info (332115):      6.334      6.334  R        clock network delay
                Info (332115):      6.334      0.000     uTco  bladerf_core:U_core|nios_system:U_nios_system|time_tamer:tx_tamer|handshake:U_current|source_holding[49]
                Info (332115):      6.334      0.000 FF  CELL  U_core|U_nios_system|tx_tamer|U_current|source_holding[49]|q
                Info (332115):      7.295      0.961 FF    IC  U_core|U_nios_system|tx_tamer|current_time_q[49]|asdata
                Info (332115):      8.019      0.724 FF  CELL  bladerf_core:U_core|nios_system:U_nios_system|time_tamer:tx_tamer|current_time_q[49]
                Info (332115): Clock Arrival Path:
                Info (332115): Total (ns)  Incr (ns)     Type  Element
                Info (332115): ==========  ========= ==  ====  ===================================
                Info (332115):      1.772      1.772  R        clock network delay
                Info (332115):      1.612     -0.160           clock uncertainty
                Info (332115):      1.612      0.000     uTsu  bladerf_core:U_core|nios_system:U_nios_system|time_tamer:tx_tamer|current_time_q[49]
            Info (332181): Earliest Path Arrival
                Info (332115): From Node          : bladerf_core:U_core|nios_system:U_nios_system|time_tamer:tx_tamer|handshake:U_current|source_holding[62]
                Info (332115): To Node            : bladerf_core:U_core|nios_system:U_nios_system|time_tamer:tx_tamer|current_time_q[62]
                Info (332115): Launch Clock       : U_core|U_nios_system|axi_ad9361_0|i_dev_if|i_rx|i_altlvds_rx|auto_generated|pll_sclk~PLL_OUTPUT_COUNTER|divclk
                Info (332115): Latch Clock        : U_core|U_system_pll|altera_pll_i|general[0].gpll~PLL_OUTPUT_COUNTER|divclk
                Info (332115): Data Arrival Time  : 5.513
                Info (332115): Clock Arrival Time : 3.487
                Info (332115): Relative Delay     : 2.026
                Info (332115): Data Arrival Path:
                Info (332115): Total (ns)  Incr (ns)     Type  Element
                Info (332115): ==========  ========= ==  ====  ===================================
                Info (332115):      4.741      4.741  R        clock network delay
                Info (332115):      4.741      0.000     uTco  bladerf_core:U_core|nios_system:U_nios_system|time_tamer:tx_tamer|handshake:U_current|source_holding[62]
                Info (332115):      4.741      0.000 FF  CELL  U_core|U_nios_system|tx_tamer|U_current|source_holding[62]|q
                Info (332115):      5.375      0.634 FF    IC  U_core|U_nios_system|tx_tamer|current_time_q[62]~feeder|dataf
                Info (332115):      5.430      0.055 FF  CELL  U_core|U_nios_system|tx_tamer|current_time_q[62]~feeder|combout
                Info (332115):      5.430      0.000 FF    IC  U_core|U_nios_system|tx_tamer|current_time_q[62]|d
                Info (332115):      5.513      0.083 FF  CELL  bladerf_core:U_core|nios_system:U_nios_system|time_tamer:tx_tamer|current_time_q[62]
                Info (332115): Clock Arrival Path:
                Info (332115): Total (ns)  Incr (ns)     Type  Element
                Info (332115): ==========  ========= ==  ====  ===================================
                Info (332115):      3.327      3.327  R        clock network delay
                Info (332115):      3.487      0.160           clock uncertainty
                Info (332115):      3.487      0.000      uTh  bladerf_core:U_core|nios_system:U_nios_system|time_tamer:tx_tamer|current_time_q[62]
            Info (332181): Cross Path Clock Pessimism Removed : 2.832
            Info (332181): Required Skew   : 6.400
            Info (332181): Actual Skew     : 1.549
            Info (332181): Slack           : 4.851
        Info (332181): Path #90: Slack is 4.892 
            Info (332181): Latest Path Arrival
                Info (332115): From Node          : bladerf_core:U_core|nios_system:U_nios_system|time_tamer:tx_tamer|handshake:U_current|source_holding[21]
                Info (332115): To Node            : bladerf_core:U_core|nios_system:U_nios_system|time_tamer:tx_tamer|current_time_q[21]
                Info (332115): Launch Clock       : U_core|U_nios_system|axi_ad9361_0|i_dev_if|i_rx|i_altlvds_rx|auto_generated|pll_sclk~PLL_OUTPUT_COUNTER|divclk
                Info (332115): Latch Clock        : U_core|U_system_pll|altera_pll_i|general[0].gpll~PLL_OUTPUT_COUNTER|divclk
                Info (332115): Data Arrival Time  : 8.014
                Info (332115): Clock Arrival Time : 1.597
                Info (332115): Relative Delay     : 6.417
                Info (332115): Data Arrival Path:
                Info (332115): Total (ns)  Incr (ns)     Type  Element
                Info (332115): ==========  ========= ==  ====  ===================================
                Info (332115):      6.336      6.336  R        clock network delay
                Info (332115):      6.336      0.000     uTco  bladerf_core:U_core|nios_system:U_nios_system|time_tamer:tx_tamer|handshake:U_current|source_holding[21]
                Info (332115):      6.336      0.000 FF  CELL  U_core|U_nios_system|tx_tamer|U_current|source_holding[21]|q
                Info (332115):      7.288      0.952 FF    IC  U_core|U_nios_system|tx_tamer|current_time_q[21]|asdata
                Info (332115):      8.014      0.726 FF  CELL  bladerf_core:U_core|nios_system:U_nios_system|time_tamer:tx_tamer|current_time_q[21]
                Info (332115): Clock Arrival Path:
                Info (332115): Total (ns)  Incr (ns)     Type  Element
                Info (332115): ==========  ========= ==  ====  ===================================
                Info (332115):      1.757      1.757  R        clock network delay
                Info (332115):      1.597     -0.160           clock uncertainty
                Info (332115):      1.597      0.000     uTsu  bladerf_core:U_core|nios_system:U_nios_system|time_tamer:tx_tamer|current_time_q[21]
            Info (332181): Earliest Path Arrival
                Info (332115): From Node          : bladerf_core:U_core|nios_system:U_nios_system|time_tamer:tx_tamer|handshake:U_current|source_holding[62]
                Info (332115): To Node            : bladerf_core:U_core|nios_system:U_nios_system|time_tamer:tx_tamer|current_time_q[62]
                Info (332115): Launch Clock       : U_core|U_nios_system|axi_ad9361_0|i_dev_if|i_rx|i_altlvds_rx|auto_generated|pll_sclk~PLL_OUTPUT_COUNTER|divclk
                Info (332115): Latch Clock        : U_core|U_system_pll|altera_pll_i|general[0].gpll~PLL_OUTPUT_COUNTER|divclk
                Info (332115): Data Arrival Time  : 5.513
                Info (332115): Clock Arrival Time : 3.487
                Info (332115): Relative Delay     : 2.026
                Info (332115): Data Arrival Path:
                Info (332115): Total (ns)  Incr (ns)     Type  Element
                Info (332115): ==========  ========= ==  ====  ===================================
                Info (332115):      4.741      4.741  R        clock network delay
                Info (332115):      4.741      0.000     uTco  bladerf_core:U_core|nios_system:U_nios_system|time_tamer:tx_tamer|handshake:U_current|source_holding[62]
                Info (332115):      4.741      0.000 FF  CELL  U_core|U_nios_system|tx_tamer|U_current|source_holding[62]|q
                Info (332115):      5.375      0.634 FF    IC  U_core|U_nios_system|tx_tamer|current_time_q[62]~feeder|dataf
                Info (332115):      5.430      0.055 FF  CELL  U_core|U_nios_system|tx_tamer|current_time_q[62]~feeder|combout
                Info (332115):      5.430      0.000 FF    IC  U_core|U_nios_system|tx_tamer|current_time_q[62]|d
                Info (332115):      5.513      0.083 FF  CELL  bladerf_core:U_core|nios_system:U_nios_system|time_tamer:tx_tamer|current_time_q[62]
                Info (332115): Clock Arrival Path:
                Info (332115): Total (ns)  Incr (ns)     Type  Element
                Info (332115): ==========  ========= ==  ====  ===================================
                Info (332115):      3.327      3.327  R        clock network delay
                Info (332115):      3.487      0.160           clock uncertainty
                Info (332115):      3.487      0.000      uTh  bladerf_core:U_core|nios_system:U_nios_system|time_tamer:tx_tamer|current_time_q[62]
            Info (332181): Cross Path Clock Pessimism Removed : 2.883
            Info (332181): Required Skew   : 6.400
            Info (332181): Actual Skew     : 1.508
            Info (332181): Slack           : 4.892
        Info (332181): Path #91: Slack is 4.892 
            Info (332181): Latest Path Arrival
                Info (332115): From Node          : bladerf_core:U_core|nios_system:U_nios_system|time_tamer:tx_tamer|handshake:U_current|source_holding[14]
                Info (332115): To Node            : bladerf_core:U_core|nios_system:U_nios_system|time_tamer:tx_tamer|current_time_q[14]
                Info (332115): Launch Clock       : U_core|U_nios_system|axi_ad9361_0|i_dev_if|i_rx|i_altlvds_rx|auto_generated|pll_sclk~PLL_OUTPUT_COUNTER|divclk
                Info (332115): Latch Clock        : U_core|U_system_pll|altera_pll_i|general[0].gpll~PLL_OUTPUT_COUNTER|divclk
                Info (332115): Data Arrival Time  : 7.975
                Info (332115): Clock Arrival Time : 1.609
                Info (332115): Relative Delay     : 6.366
                Info (332115): Data Arrival Path:
                Info (332115): Total (ns)  Incr (ns)     Type  Element
                Info (332115): ==========  ========= ==  ====  ===================================
                Info (332115):      6.327      6.327  R        clock network delay
                Info (332115):      6.327      0.000     uTco  bladerf_core:U_core|nios_system:U_nios_system|time_tamer:tx_tamer|handshake:U_current|source_holding[14]
                Info (332115):      6.327      0.000 FF  CELL  U_core|U_nios_system|tx_tamer|U_current|source_holding[14]|q
                Info (332115):      7.248      0.921 FF    IC  U_core|U_nios_system|tx_tamer|current_time_q[14]|asdata
                Info (332115):      7.975      0.727 FF  CELL  bladerf_core:U_core|nios_system:U_nios_system|time_tamer:tx_tamer|current_time_q[14]
                Info (332115): Clock Arrival Path:
                Info (332115): Total (ns)  Incr (ns)     Type  Element
                Info (332115): ==========  ========= ==  ====  ===================================
                Info (332115):      1.769      1.769  R        clock network delay
                Info (332115):      1.609     -0.160           clock uncertainty
                Info (332115):      1.609      0.000     uTsu  bladerf_core:U_core|nios_system:U_nios_system|time_tamer:tx_tamer|current_time_q[14]
            Info (332181): Earliest Path Arrival
                Info (332115): From Node          : bladerf_core:U_core|nios_system:U_nios_system|time_tamer:tx_tamer|handshake:U_current|source_holding[62]
                Info (332115): To Node            : bladerf_core:U_core|nios_system:U_nios_system|time_tamer:tx_tamer|current_time_q[62]
                Info (332115): Launch Clock       : U_core|U_nios_system|axi_ad9361_0|i_dev_if|i_rx|i_altlvds_rx|auto_generated|pll_sclk~PLL_OUTPUT_COUNTER|divclk
                Info (332115): Latch Clock        : U_core|U_system_pll|altera_pll_i|general[0].gpll~PLL_OUTPUT_COUNTER|divclk
                Info (332115): Data Arrival Time  : 5.513
                Info (332115): Clock Arrival Time : 3.487
                Info (332115): Relative Delay     : 2.026
                Info (332115): Data Arrival Path:
                Info (332115): Total (ns)  Incr (ns)     Type  Element
                Info (332115): ==========  ========= ==  ====  ===================================
                Info (332115):      4.741      4.741  R        clock network delay
                Info (332115):      4.741      0.000     uTco  bladerf_core:U_core|nios_system:U_nios_system|time_tamer:tx_tamer|handshake:U_current|source_holding[62]
                Info (332115):      4.741      0.000 FF  CELL  U_core|U_nios_system|tx_tamer|U_current|source_holding[62]|q
                Info (332115):      5.375      0.634 FF    IC  U_core|U_nios_system|tx_tamer|current_time_q[62]~feeder|dataf
                Info (332115):      5.430      0.055 FF  CELL  U_core|U_nios_system|tx_tamer|current_time_q[62]~feeder|combout
                Info (332115):      5.430      0.000 FF    IC  U_core|U_nios_system|tx_tamer|current_time_q[62]|d
                Info (332115):      5.513      0.083 FF  CELL  bladerf_core:U_core|nios_system:U_nios_system|time_tamer:tx_tamer|current_time_q[62]
                Info (332115): Clock Arrival Path:
                Info (332115): Total (ns)  Incr (ns)     Type  Element
                Info (332115): ==========  ========= ==  ====  ===================================
                Info (332115):      3.327      3.327  R        clock network delay
                Info (332115):      3.487      0.160           clock uncertainty
                Info (332115):      3.487      0.000      uTh  bladerf_core:U_core|nios_system:U_nios_system|time_tamer:tx_tamer|current_time_q[62]
            Info (332181): Cross Path Clock Pessimism Removed : 2.832
            Info (332181): Required Skew   : 6.400
            Info (332181): Actual Skew     : 1.508
            Info (332181): Slack           : 4.892
        Info (332181): Path #92: Slack is 4.911 
            Info (332181): Latest Path Arrival
                Info (332115): From Node          : bladerf_core:U_core|nios_system:U_nios_system|time_tamer:tx_tamer|handshake:U_current|source_holding[26]
                Info (332115): To Node            : bladerf_core:U_core|nios_system:U_nios_system|time_tamer:tx_tamer|current_time_q[26]
                Info (332115): Launch Clock       : U_core|U_nios_system|axi_ad9361_0|i_dev_if|i_rx|i_altlvds_rx|auto_generated|pll_sclk~PLL_OUTPUT_COUNTER|divclk
                Info (332115): Latch Clock        : U_core|U_system_pll|altera_pll_i|general[0].gpll~PLL_OUTPUT_COUNTER|divclk
                Info (332115): Data Arrival Time  : 8.005
                Info (332115): Clock Arrival Time : 1.607
                Info (332115): Relative Delay     : 6.398
                Info (332115): Data Arrival Path:
                Info (332115): Total (ns)  Incr (ns)     Type  Element
                Info (332115): ==========  ========= ==  ====  ===================================
                Info (332115):      6.332      6.332  R        clock network delay
                Info (332115):      6.332      0.000     uTco  bladerf_core:U_core|nios_system:U_nios_system|time_tamer:tx_tamer|handshake:U_current|source_holding[26]
                Info (332115):      6.332      0.000 FF  CELL  U_core|U_nios_system|tx_tamer|U_current|source_holding[26]|q
                Info (332115):      7.276      0.944 FF    IC  U_core|U_nios_system|tx_tamer|current_time_q[26]|asdata
                Info (332115):      8.005      0.729 FF  CELL  bladerf_core:U_core|nios_system:U_nios_system|time_tamer:tx_tamer|current_time_q[26]
                Info (332115): Clock Arrival Path:
                Info (332115): Total (ns)  Incr (ns)     Type  Element
                Info (332115): ==========  ========= ==  ====  ===================================
                Info (332115):      1.767      1.767  R        clock network delay
                Info (332115):      1.607     -0.160           clock uncertainty
                Info (332115):      1.607      0.000     uTsu  bladerf_core:U_core|nios_system:U_nios_system|time_tamer:tx_tamer|current_time_q[26]
            Info (332181): Earliest Path Arrival
                Info (332115): From Node          : bladerf_core:U_core|nios_system:U_nios_system|time_tamer:tx_tamer|handshake:U_current|source_holding[62]
                Info (332115): To Node            : bladerf_core:U_core|nios_system:U_nios_system|time_tamer:tx_tamer|current_time_q[62]
                Info (332115): Launch Clock       : U_core|U_nios_system|axi_ad9361_0|i_dev_if|i_rx|i_altlvds_rx|auto_generated|pll_sclk~PLL_OUTPUT_COUNTER|divclk
                Info (332115): Latch Clock        : U_core|U_system_pll|altera_pll_i|general[0].gpll~PLL_OUTPUT_COUNTER|divclk
                Info (332115): Data Arrival Time  : 5.513
                Info (332115): Clock Arrival Time : 3.487
                Info (332115): Relative Delay     : 2.026
                Info (332115): Data Arrival Path:
                Info (332115): Total (ns)  Incr (ns)     Type  Element
                Info (332115): ==========  ========= ==  ====  ===================================
                Info (332115):      4.741      4.741  R        clock network delay
                Info (332115):      4.741      0.000     uTco  bladerf_core:U_core|nios_system:U_nios_system|time_tamer:tx_tamer|handshake:U_current|source_holding[62]
                Info (332115):      4.741      0.000 FF  CELL  U_core|U_nios_system|tx_tamer|U_current|source_holding[62]|q
                Info (332115):      5.375      0.634 FF    IC  U_core|U_nios_system|tx_tamer|current_time_q[62]~feeder|dataf
                Info (332115):      5.430      0.055 FF  CELL  U_core|U_nios_system|tx_tamer|current_time_q[62]~feeder|combout
                Info (332115):      5.430      0.000 FF    IC  U_core|U_nios_system|tx_tamer|current_time_q[62]|d
                Info (332115):      5.513      0.083 FF  CELL  bladerf_core:U_core|nios_system:U_nios_system|time_tamer:tx_tamer|current_time_q[62]
                Info (332115): Clock Arrival Path:
                Info (332115): Total (ns)  Incr (ns)     Type  Element
                Info (332115): ==========  ========= ==  ====  ===================================
                Info (332115):      3.327      3.327  R        clock network delay
                Info (332115):      3.487      0.160           clock uncertainty
                Info (332115):      3.487      0.000      uTh  bladerf_core:U_core|nios_system:U_nios_system|time_tamer:tx_tamer|current_time_q[62]
            Info (332181): Cross Path Clock Pessimism Removed : 2.883
            Info (332181): Required Skew   : 6.400
            Info (332181): Actual Skew     : 1.489
            Info (332181): Slack           : 4.911
    Info (332181): Skew for the Earliest Arrival
        Info (332181): Path #93: Slack is 4.851 
            Info (332181): Latest Path Arrival
                Info (332115): From Node          : bladerf_core:U_core|nios_system:U_nios_system|time_tamer:tx_tamer|handshake:U_current|source_holding[49]
                Info (332115): To Node            : bladerf_core:U_core|nios_system:U_nios_system|time_tamer:tx_tamer|current_time_q[49]
                Info (332115): Launch Clock       : U_core|U_nios_system|axi_ad9361_0|i_dev_if|i_rx|i_altlvds_rx|auto_generated|pll_sclk~PLL_OUTPUT_COUNTER|divclk
                Info (332115): Latch Clock        : U_core|U_system_pll|altera_pll_i|general[0].gpll~PLL_OUTPUT_COUNTER|divclk
                Info (332115): Data Arrival Time  : 8.019
                Info (332115): Clock Arrival Time : 1.612
                Info (332115): Relative Delay     : 6.407
                Info (332115): Data Arrival Path:
                Info (332115): Total (ns)  Incr (ns)     Type  Element
                Info (332115): ==========  ========= ==  ====  ===================================
                Info (332115):      6.334      6.334  R        clock network delay
                Info (332115):      6.334      0.000     uTco  bladerf_core:U_core|nios_system:U_nios_system|time_tamer:tx_tamer|handshake:U_current|source_holding[49]
                Info (332115):      6.334      0.000 FF  CELL  U_core|U_nios_system|tx_tamer|U_current|source_holding[49]|q
                Info (332115):      7.295      0.961 FF    IC  U_core|U_nios_system|tx_tamer|current_time_q[49]|asdata
                Info (332115):      8.019      0.724 FF  CELL  bladerf_core:U_core|nios_system:U_nios_system|time_tamer:tx_tamer|current_time_q[49]
                Info (332115): Clock Arrival Path:
                Info (332115): Total (ns)  Incr (ns)     Type  Element
                Info (332115): ==========  ========= ==  ====  ===================================
                Info (332115):      1.772      1.772  R        clock network delay
                Info (332115):      1.612     -0.160           clock uncertainty
                Info (332115):      1.612      0.000     uTsu  bladerf_core:U_core|nios_system:U_nios_system|time_tamer:tx_tamer|current_time_q[49]
            Info (332181): Earliest Path Arrival
                Info (332115): From Node          : bladerf_core:U_core|nios_system:U_nios_system|time_tamer:tx_tamer|handshake:U_current|source_holding[62]
                Info (332115): To Node            : bladerf_core:U_core|nios_system:U_nios_system|time_tamer:tx_tamer|current_time_q[62]
                Info (332115): Launch Clock       : U_core|U_nios_system|axi_ad9361_0|i_dev_if|i_rx|i_altlvds_rx|auto_generated|pll_sclk~PLL_OUTPUT_COUNTER|divclk
                Info (332115): Latch Clock        : U_core|U_system_pll|altera_pll_i|general[0].gpll~PLL_OUTPUT_COUNTER|divclk
                Info (332115): Data Arrival Time  : 5.513
                Info (332115): Clock Arrival Time : 3.487
                Info (332115): Relative Delay     : 2.026
                Info (332115): Data Arrival Path:
                Info (332115): Total (ns)  Incr (ns)     Type  Element
                Info (332115): ==========  ========= ==  ====  ===================================
                Info (332115):      4.741      4.741  R        clock network delay
                Info (332115):      4.741      0.000     uTco  bladerf_core:U_core|nios_system:U_nios_system|time_tamer:tx_tamer|handshake:U_current|source_holding[62]
                Info (332115):      4.741      0.000 FF  CELL  U_core|U_nios_system|tx_tamer|U_current|source_holding[62]|q
                Info (332115):      5.375      0.634 FF    IC  U_core|U_nios_system|tx_tamer|current_time_q[62]~feeder|dataf
                Info (332115):      5.430      0.055 FF  CELL  U_core|U_nios_system|tx_tamer|current_time_q[62]~feeder|combout
                Info (332115):      5.430      0.000 FF    IC  U_core|U_nios_system|tx_tamer|current_time_q[62]|d
                Info (332115):      5.513      0.083 FF  CELL  bladerf_core:U_core|nios_system:U_nios_system|time_tamer:tx_tamer|current_time_q[62]
                Info (332115): Clock Arrival Path:
                Info (332115): Total (ns)  Incr (ns)     Type  Element
                Info (332115): ==========  ========= ==  ====  ===================================
                Info (332115):      3.327      3.327  R        clock network delay
                Info (332115):      3.487      0.160           clock uncertainty
                Info (332115):      3.487      0.000      uTh  bladerf_core:U_core|nios_system:U_nios_system|time_tamer:tx_tamer|current_time_q[62]
            Info (332181): Cross Path Clock Pessimism Removed : 2.832
            Info (332181): Required Skew   : 6.400
            Info (332181): Actual Skew     : 1.549
            Info (332181): Slack           : 4.851
        Info (332181): Path #94: Slack is 4.948 
            Info (332181): Latest Path Arrival
                Info (332115): From Node          : bladerf_core:U_core|nios_system:U_nios_system|time_tamer:tx_tamer|handshake:U_current|source_holding[21]
                Info (332115): To Node            : bladerf_core:U_core|nios_system:U_nios_system|time_tamer:tx_tamer|current_time_q[21]
                Info (332115): Launch Clock       : U_core|U_nios_system|axi_ad9361_0|i_dev_if|i_rx|i_altlvds_rx|auto_generated|pll_sclk~PLL_OUTPUT_COUNTER|divclk
                Info (332115): Latch Clock        : U_core|U_system_pll|altera_pll_i|general[0].gpll~PLL_OUTPUT_COUNTER|divclk
                Info (332115): Data Arrival Time  : 8.014
                Info (332115): Clock Arrival Time : 1.597
                Info (332115): Relative Delay     : 6.417
                Info (332115): Data Arrival Path:
                Info (332115): Total (ns)  Incr (ns)     Type  Element
                Info (332115): ==========  ========= ==  ====  ===================================
                Info (332115):      6.336      6.336  R        clock network delay
                Info (332115):      6.336      0.000     uTco  bladerf_core:U_core|nios_system:U_nios_system|time_tamer:tx_tamer|handshake:U_current|source_holding[21]
                Info (332115):      6.336      0.000 FF  CELL  U_core|U_nios_system|tx_tamer|U_current|source_holding[21]|q
                Info (332115):      7.288      0.952 FF    IC  U_core|U_nios_system|tx_tamer|current_time_q[21]|asdata
                Info (332115):      8.014      0.726 FF  CELL  bladerf_core:U_core|nios_system:U_nios_system|time_tamer:tx_tamer|current_time_q[21]
                Info (332115): Clock Arrival Path:
                Info (332115): Total (ns)  Incr (ns)     Type  Element
                Info (332115): ==========  ========= ==  ====  ===================================
                Info (332115):      1.757      1.757  R        clock network delay
                Info (332115):      1.597     -0.160           clock uncertainty
                Info (332115):      1.597      0.000     uTsu  bladerf_core:U_core|nios_system:U_nios_system|time_tamer:tx_tamer|current_time_q[21]
            Info (332181): Earliest Path Arrival
                Info (332115): From Node          : bladerf_core:U_core|nios_system:U_nios_system|time_tamer:tx_tamer|handshake:U_current|source_holding[6]
                Info (332115): To Node            : bladerf_core:U_core|nios_system:U_nios_system|time_tamer:tx_tamer|current_time_q[6]
                Info (332115): Launch Clock       : U_core|U_nios_system|axi_ad9361_0|i_dev_if|i_rx|i_altlvds_rx|auto_generated|pll_sclk~PLL_OUTPUT_COUNTER|divclk
                Info (332115): Latch Clock        : U_core|U_system_pll|altera_pll_i|general[0].gpll~PLL_OUTPUT_COUNTER|divclk
                Info (332115): Data Arrival Time  : 5.627
                Info (332115): Clock Arrival Time : 3.494
                Info (332115): Relative Delay     : 2.133
                Info (332115): Data Arrival Path:
                Info (332115): Total (ns)  Incr (ns)     Type  Element
                Info (332115): ==========  ========= ==  ====  ===================================
                Info (332115):      4.750      4.750  R        clock network delay
                Info (332115):      4.750      0.000     uTco  bladerf_core:U_core|nios_system:U_nios_system|time_tamer:tx_tamer|handshake:U_current|source_holding[6]
                Info (332115):      4.750      0.000 FF  CELL  U_core|U_nios_system|tx_tamer|U_current|source_holding[6]|q
                Info (332115):      5.189      0.439 FF    IC  U_core|U_nios_system|tx_tamer|current_time_q[6]|asdata
                Info (332115):      5.627      0.438 FF  CELL  bladerf_core:U_core|nios_system:U_nios_system|time_tamer:tx_tamer|current_time_q[6]
                Info (332115): Clock Arrival Path:
                Info (332115): Total (ns)  Incr (ns)     Type  Element
                Info (332115): ==========  ========= ==  ====  ===================================
                Info (332115):      3.334      3.334  R        clock network delay
                Info (332115):      3.494      0.160           clock uncertainty
                Info (332115):      3.494      0.000      uTh  bladerf_core:U_core|nios_system:U_nios_system|time_tamer:tx_tamer|current_time_q[6]
            Info (332181): Cross Path Clock Pessimism Removed : 2.832
            Info (332181): Required Skew   : 6.400
            Info (332181): Actual Skew     : 1.452
            Info (332181): Slack           : 4.948
        Info (332181): Path #95: Slack is 4.974 
            Info (332181): Latest Path Arrival
                Info (332115): From Node          : bladerf_core:U_core|nios_system:U_nios_system|time_tamer:tx_tamer|handshake:U_current|source_holding[21]
                Info (332115): To Node            : bladerf_core:U_core|nios_system:U_nios_system|time_tamer:tx_tamer|current_time_q[21]
                Info (332115): Launch Clock       : U_core|U_nios_system|axi_ad9361_0|i_dev_if|i_rx|i_altlvds_rx|auto_generated|pll_sclk~PLL_OUTPUT_COUNTER|divclk
                Info (332115): Latch Clock        : U_core|U_system_pll|altera_pll_i|general[0].gpll~PLL_OUTPUT_COUNTER|divclk
                Info (332115): Data Arrival Time  : 8.014
                Info (332115): Clock Arrival Time : 1.597
                Info (332115): Relative Delay     : 6.417
                Info (332115): Data Arrival Path:
                Info (332115): Total (ns)  Incr (ns)     Type  Element
                Info (332115): ==========  ========= ==  ====  ===================================
                Info (332115):      6.336      6.336  R        clock network delay
                Info (332115):      6.336      0.000     uTco  bladerf_core:U_core|nios_system:U_nios_system|time_tamer:tx_tamer|handshake:U_current|source_holding[21]
                Info (332115):      6.336      0.000 FF  CELL  U_core|U_nios_system|tx_tamer|U_current|source_holding[21]|q
                Info (332115):      7.288      0.952 FF    IC  U_core|U_nios_system|tx_tamer|current_time_q[21]|asdata
                Info (332115):      8.014      0.726 FF  CELL  bladerf_core:U_core|nios_system:U_nios_system|time_tamer:tx_tamer|current_time_q[21]
                Info (332115): Clock Arrival Path:
                Info (332115): Total (ns)  Incr (ns)     Type  Element
                Info (332115): ==========  ========= ==  ====  ===================================
                Info (332115):      1.757      1.757  R        clock network delay
                Info (332115):      1.597     -0.160           clock uncertainty
                Info (332115):      1.597      0.000     uTsu  bladerf_core:U_core|nios_system:U_nios_system|time_tamer:tx_tamer|current_time_q[21]
            Info (332181): Earliest Path Arrival
                Info (332115): From Node          : bladerf_core:U_core|nios_system:U_nios_system|time_tamer:tx_tamer|handshake:U_current|source_holding[43]
                Info (332115): To Node            : bladerf_core:U_core|nios_system:U_nios_system|time_tamer:tx_tamer|current_time_q[43]
                Info (332115): Launch Clock       : U_core|U_nios_system|axi_ad9361_0|i_dev_if|i_rx|i_altlvds_rx|auto_generated|pll_sclk~PLL_OUTPUT_COUNTER|divclk
                Info (332115): Latch Clock        : U_core|U_system_pll|altera_pll_i|general[0].gpll~PLL_OUTPUT_COUNTER|divclk
                Info (332115): Data Arrival Time  : 5.628
                Info (332115): Clock Arrival Time : 3.469
                Info (332115): Relative Delay     : 2.159
                Info (332115): Data Arrival Path:
                Info (332115): Total (ns)  Incr (ns)     Type  Element
                Info (332115): ==========  ========= ==  ====  ===================================
                Info (332115):      4.743      4.743  R        clock network delay
                Info (332115):      4.743      0.000     uTco  bladerf_core:U_core|nios_system:U_nios_system|time_tamer:tx_tamer|handshake:U_current|source_holding[43]
                Info (332115):      4.743      0.000 FF  CELL  U_core|U_nios_system|tx_tamer|U_current|source_holding[43]|q
                Info (332115):      5.259      0.516 FF    IC  U_core|U_nios_system|tx_tamer|current_time_q[43]|asdata
                Info (332115):      5.628      0.369 FF  CELL  bladerf_core:U_core|nios_system:U_nios_system|time_tamer:tx_tamer|current_time_q[43]
                Info (332115): Clock Arrival Path:
                Info (332115): Total (ns)  Incr (ns)     Type  Element
                Info (332115): ==========  ========= ==  ====  ===================================
                Info (332115):      3.309      3.309  R        clock network delay
                Info (332115):      3.469      0.160           clock uncertainty
                Info (332115):      3.469      0.000      uTh  bladerf_core:U_core|nios_system:U_nios_system|time_tamer:tx_tamer|current_time_q[43]
            Info (332181): Cross Path Clock Pessimism Removed : 2.832
            Info (332181): Required Skew   : 6.400
            Info (332181): Actual Skew     : 1.426
            Info (332181): Slack           : 4.974
        Info (332181): Path #96: Slack is 4.991 
            Info (332181): Latest Path Arrival
                Info (332115): From Node          : bladerf_core:U_core|nios_system:U_nios_system|time_tamer:tx_tamer|handshake:U_current|source_holding[49]
                Info (332115): To Node            : bladerf_core:U_core|nios_system:U_nios_system|time_tamer:tx_tamer|current_time_q[49]
                Info (332115): Launch Clock       : U_core|U_nios_system|axi_ad9361_0|i_dev_if|i_rx|i_altlvds_rx|auto_generated|pll_sclk~PLL_OUTPUT_COUNTER|divclk
                Info (332115): Latch Clock        : U_core|U_system_pll|altera_pll_i|general[0].gpll~PLL_OUTPUT_COUNTER|divclk
                Info (332115): Data Arrival Time  : 8.019
                Info (332115): Clock Arrival Time : 1.612
                Info (332115): Relative Delay     : 6.407
                Info (332115): Data Arrival Path:
                Info (332115): Total (ns)  Incr (ns)     Type  Element
                Info (332115): ==========  ========= ==  ====  ===================================
                Info (332115):      6.334      6.334  R        clock network delay
                Info (332115):      6.334      0.000     uTco  bladerf_core:U_core|nios_system:U_nios_system|time_tamer:tx_tamer|handshake:U_current|source_holding[49]
                Info (332115):      6.334      0.000 FF  CELL  U_core|U_nios_system|tx_tamer|U_current|source_holding[49]|q
                Info (332115):      7.295      0.961 FF    IC  U_core|U_nios_system|tx_tamer|current_time_q[49]|asdata
                Info (332115):      8.019      0.724 FF  CELL  bladerf_core:U_core|nios_system:U_nios_system|time_tamer:tx_tamer|current_time_q[49]
                Info (332115): Clock Arrival Path:
                Info (332115): Total (ns)  Incr (ns)     Type  Element
                Info (332115): ==========  ========= ==  ====  ===================================
                Info (332115):      1.772      1.772  R        clock network delay
                Info (332115):      1.612     -0.160           clock uncertainty
                Info (332115):      1.612      0.000     uTsu  bladerf_core:U_core|nios_system:U_nios_system|time_tamer:tx_tamer|current_time_q[49]
            Info (332181): Earliest Path Arrival
                Info (332115): From Node          : bladerf_core:U_core|nios_system:U_nios_system|time_tamer:tx_tamer|handshake:U_current|source_holding[53]
                Info (332115): To Node            : bladerf_core:U_core|nios_system:U_nios_system|time_tamer:tx_tamer|current_time_q[53]
                Info (332115): Launch Clock       : U_core|U_nios_system|axi_ad9361_0|i_dev_if|i_rx|i_altlvds_rx|auto_generated|pll_sclk~PLL_OUTPUT_COUNTER|divclk
                Info (332115): Latch Clock        : U_core|U_system_pll|altera_pll_i|general[0].gpll~PLL_OUTPUT_COUNTER|divclk
                Info (332115): Data Arrival Time  : 5.633
                Info (332115): Clock Arrival Time : 3.467
                Info (332115): Relative Delay     : 2.166
                Info (332115): Data Arrival Path:
                Info (332115): Total (ns)  Incr (ns)     Type  Element
                Info (332115): ==========  ========= ==  ====  ===================================
                Info (332115):      4.749      4.749  R        clock network delay
                Info (332115):      4.749      0.000     uTco  bladerf_core:U_core|nios_system:U_nios_system|time_tamer:tx_tamer|handshake:U_current|source_holding[53]
                Info (332115):      4.749      0.000 FF  CELL  U_core|U_nios_system|tx_tamer|U_current|source_holding[53]|q
                Info (332115):      5.265      0.516 FF    IC  U_core|U_nios_system|tx_tamer|current_time_q[53]|asdata
                Info (332115):      5.633      0.368 FF  CELL  bladerf_core:U_core|nios_system:U_nios_system|time_tamer:tx_tamer|current_time_q[53]
                Info (332115): Clock Arrival Path:
                Info (332115): Total (ns)  Incr (ns)     Type  Element
                Info (332115): ==========  ========= ==  ====  ===================================
                Info (332115):      3.307      3.307  R        clock network delay
                Info (332115):      3.467      0.160           clock uncertainty
                Info (332115):      3.467      0.000      uTh  bladerf_core:U_core|nios_system:U_nios_system|time_tamer:tx_tamer|current_time_q[53]
            Info (332181): Cross Path Clock Pessimism Removed : 2.832
            Info (332181): Required Skew   : 6.400
            Info (332181): Actual Skew     : 1.409
            Info (332181): Slack           : 4.991
Info (332115): Worst-case slack is 4.865 for "set_max_skew -from [get_keepers {*rx_epoch_controller:U_rx_epoch_controller|handshake:transfer|source_holding[*]}] -to [get_keepers {*rx_epoch_controller:U_rx_epoch_controller|control_rx[*]}] 6.400 "
    Info (332181): Skew for the Latest Arrival
        Info (332181): Path #97: Slack is 4.865 
            Info (332181): Latest Path Arrival
                Info (332115): From Node          : bladerf_core:U_core|rx_epoch_controller:U_rx_epoch_controller|handshake:transfer|source_holding[2]
                Info (332115): To Node            : bladerf_core:U_core|rx_epoch_controller:U_rx_epoch_controller|control_rx[2]
                Info (332115): Launch Clock       : U_core|U_system_pll|altera_pll_i|general[0].gpll~PLL_OUTPUT_COUNTER|divclk
                Info (332115): Latch Clock        : U_core|U_nios_system|axi_ad9361_0|i_dev_if|i_rx|i_altlvds_rx|auto_generated|pll_sclk~PLL_OUTPUT_COUNTER|divclk
                Info (332115): Data Arrival Time  : 4.969
                Info (332115): Clock Arrival Time : 4.595
                Info (332115): Relative Delay     : 0.374
                Info (332115): Data Arrival Path:
                Info (332115): Total (ns)  Incr (ns)     Type  Element
                Info (332115): ==========  ========= ==  ====  ===================================
                Info (332115):      3.337      3.337  R        clock network delay
                Info (332115):      3.337      0.000     uTco  bladerf_core:U_core|rx_epoch_controller:U_rx_epoch_controller|handshake:transfer|source_holding[2]
                Info (332115):      3.337      0.000 FF  CELL  U_core|U_rx_epoch_controller|transfer|source_holding[2]|q
                Info (332115):      4.579      1.242 FF    IC  U_core|U_rx_epoch_controller|control_rx[2]~feeder|dataf
                Info (332115):      4.663      0.084 FF  CELL  U_core|U_rx_epoch_controller|control_rx[2]~feeder|combout
                Info (332115):      4.663      0.000 FF    IC  U_core|U_rx_epoch_controller|control_rx[2]|d
                Info (332115):      4.969      0.306 FF  CELL  bladerf_core:U_core|rx_epoch_controller:U_rx_epoch_controller|control_rx[2]
                Info (332115): Clock Arrival Path:
                Info (332115): Total (ns)  Incr (ns)     Type  Element
                Info (332115): ==========  ========= ==  ====  ===================================
                Info (332115):      4.755      4.755  R        clock network delay
                Info (332115):      4.595     -0.160           clock uncertainty
                Info (332115):      4.595      0.000     uTsu  bladerf_core:U_core|rx_epoch_controller:U_rx_epoch_controller|control_rx[2]
            Info (332181): Earliest Path Arrival
                Info (332115): From Node          : bladerf_core:U_core|rx_epoch_controller:U_rx_epoch_controller|handshake:transfer|source_holding[12]
                Info (332115): To Node            : bladerf_core:U_core|rx_epoch_controller:U_rx_epoch_controller|control_rx[12]
                Info (332115): Launch Clock       : U_core|U_system_pll|altera_pll_i|general[0].gpll~PLL_OUTPUT_COUNTER|divclk
                Info (332115): Latch Clock        : U_core|U_nios_system|axi_ad9361_0|i_dev_if|i_rx|i_altlvds_rx|auto_generated|pll_sclk~PLL_OUTPUT_COUNTER|divclk
                Info (332115): Data Arrival Time  : 2.490
                Info (332115): Clock Arrival Time : 6.508
                Info (332115): Relative Delay     : -4.018
                Info (332115): Data Arrival Path:
                Info (332115): Total (ns)  Incr (ns)     Type  Element
                Info (332115): ==========  ========= ==  ====  ===================================
                Info (332115):      1.775      1.775  R        clock network delay
                Info (332115):      1.775      0.000     uTco  bladerf_core:U_core|rx_epoch_controller:U_rx_epoch_controller|handshake:transfer|source_holding[12]
                Info (332115):      1.775      0.000 FF  CELL  U_core|U_rx_epoch_controller|transfer|source_holding[12]|q
                Info (332115):      2.353      0.578 FF    IC  U_core|U_rx_epoch_controller|control_rx[12]~feeder|dataf
                Info (332115):      2.407      0.054 FF  CELL  U_core|U_rx_epoch_controller|control_rx[12]~feeder|combout
                Info (332115):      2.407      0.000 FF    IC  U_core|U_rx_epoch_controller|control_rx[12]|d
                Info (332115):      2.490      0.083 FF  CELL  bladerf_core:U_core|rx_epoch_controller:U_rx_epoch_controller|control_rx[12]
                Info (332115): Clock Arrival Path:
                Info (332115): Total (ns)  Incr (ns)     Type  Element
                Info (332115): ==========  ========= ==  ====  ===================================
                Info (332115):      6.348      6.348  R        clock network delay
                Info (332115):      6.508      0.160           clock uncertainty
                Info (332115):      6.508      0.000      uTh  bladerf_core:U_core|rx_epoch_controller:U_rx_epoch_controller|control_rx[12]
            Info (332181): Cross Path Clock Pessimism Removed : 2.857
            Info (332181): Required Skew   : 6.400
            Info (332181): Actual Skew     : 1.535
            Info (332181): Slack           : 4.865
        Info (332181): Path #98: Slack is 5.104 
            Info (332181): Latest Path Arrival
                Info (332115): From Node          : bladerf_core:U_core|rx_epoch_controller:U_rx_epoch_controller|handshake:transfer|source_holding[16]
                Info (332115): To Node            : bladerf_core:U_core|rx_epoch_controller:U_rx_epoch_controller|control_rx[16]
                Info (332115): Launch Clock       : U_core|U_system_pll|altera_pll_i|general[0].gpll~PLL_OUTPUT_COUNTER|divclk
                Info (332115): Latch Clock        : U_core|U_nios_system|axi_ad9361_0|i_dev_if|i_rx|i_altlvds_rx|auto_generated|pll_sclk~PLL_OUTPUT_COUNTER|divclk
                Info (332115): Data Arrival Time  : 4.747
                Info (332115): Clock Arrival Time : 4.587
                Info (332115): Relative Delay     : 0.160
                Info (332115): Data Arrival Path:
                Info (332115): Total (ns)  Incr (ns)     Type  Element
                Info (332115): ==========  ========= ==  ====  ===================================
                Info (332115):      3.322      3.322  R        clock network delay
                Info (332115):      3.322      0.000     uTco  bladerf_core:U_core|rx_epoch_controller:U_rx_epoch_controller|handshake:transfer|source_holding[16]
                Info (332115):      3.322      0.000 FF  CELL  U_core|U_rx_epoch_controller|transfer|source_holding[16]|q
                Info (332115):      4.021      0.699 FF    IC  U_core|U_rx_epoch_controller|control_rx[16]|asdata
                Info (332115):      4.747      0.726 FF  CELL  bladerf_core:U_core|rx_epoch_controller:U_rx_epoch_controller|control_rx[16]
                Info (332115): Clock Arrival Path:
                Info (332115): Total (ns)  Incr (ns)     Type  Element
                Info (332115): ==========  ========= ==  ====  ===================================
                Info (332115):      4.747      4.747  R        clock network delay
                Info (332115):      4.587     -0.160           clock uncertainty
                Info (332115):      4.587      0.000     uTsu  bladerf_core:U_core|rx_epoch_controller:U_rx_epoch_controller|control_rx[16]
            Info (332181): Earliest Path Arrival
                Info (332115): From Node          : bladerf_core:U_core|rx_epoch_controller:U_rx_epoch_controller|handshake:transfer|source_holding[12]
                Info (332115): To Node            : bladerf_core:U_core|rx_epoch_controller:U_rx_epoch_controller|control_rx[12]
                Info (332115): Launch Clock       : U_core|U_system_pll|altera_pll_i|general[0].gpll~PLL_OUTPUT_COUNTER|divclk
                Info (332115): Latch Clock        : U_core|U_nios_system|axi_ad9361_0|i_dev_if|i_rx|i_altlvds_rx|auto_generated|pll_sclk~PLL_OUTPUT_COUNTER|divclk
                Info (332115): Data Arrival Time  : 2.490
                Info (332115): Clock Arrival Time : 6.508
                Info (332115): Relative Delay     : -4.018
                Info (332115): Data Arrival Path:
                Info (332115): Total (ns)  Incr (ns)     Type  Element
                Info (332115): ==========  ========= ==  ====  ===================================
                Info (332115):      1.775      1.775  R        clock network delay
                Info (332115):      1.775      0.000     uTco  bladerf_core:U_core|rx_epoch_controller:U_rx_epoch_controller|handshake:transfer|source_holding[12]
                Info (332115):      1.775      0.000 FF  CELL  U_core|U_rx_epoch_controller|transfer|source_holding[12]|q
                Info (332115):      2.353      0.578 FF    IC  U_core|U_rx_epoch_controller|control_rx[12]~feeder|dataf
                Info (332115):      2.407      0.054 FF  CELL  U_core|U_rx_epoch_controller|control_rx[12]~feeder|combout
                Info (332115):      2.407      0.000 FF    IC  U_core|U_rx_epoch_controller|control_rx[12]|d
                Info (332115):      2.490      0.083 FF  CELL  bladerf_core:U_core|rx_epoch_controller:U_rx_epoch_controller|control_rx[12]
                Info (332115): Clock Arrival Path:
                Info (332115): Total (ns)  Incr (ns)     Type  Element
                Info (332115): ==========  ========= ==  ====  ===================================
                Info (332115):      6.348      6.348  R        clock network delay
                Info (332115):      6.508      0.160           clock uncertainty
                Info (332115):      6.508      0.000      uTh  bladerf_core:U_core|rx_epoch_controller:U_rx_epoch_controller|control_rx[12]
            Info (332181): Cross Path Clock Pessimism Removed : 2.882
            Info (332181): Required Skew   : 6.400
            Info (332181): Actual Skew     : 1.296
            Info (332181): Slack           : 5.104
        Info (332181): Path #99: Slack is 5.201 
            Info (332181): Latest Path Arrival
                Info (332115): From Node          : bladerf_core:U_core|rx_epoch_controller:U_rx_epoch_controller|handshake:transfer|source_holding[9]
                Info (332115): To Node            : bladerf_core:U_core|rx_epoch_controller:U_rx_epoch_controller|control_rx[9]
                Info (332115): Launch Clock       : U_core|U_system_pll|altera_pll_i|general[0].gpll~PLL_OUTPUT_COUNTER|divclk
                Info (332115): Latch Clock        : U_core|U_nios_system|axi_ad9361_0|i_dev_if|i_rx|i_altlvds_rx|auto_generated|pll_sclk~PLL_OUTPUT_COUNTER|divclk
                Info (332115): Data Arrival Time  : 4.657
                Info (332115): Clock Arrival Time : 4.594
                Info (332115): Relative Delay     : 0.063
                Info (332115): Data Arrival Path:
                Info (332115): Total (ns)  Incr (ns)     Type  Element
                Info (332115): ==========  ========= ==  ====  ===================================
                Info (332115):      3.322      3.322  R        clock network delay
                Info (332115):      3.322      0.000     uTco  bladerf_core:U_core|rx_epoch_controller:U_rx_epoch_controller|handshake:transfer|source_holding[9]
                Info (332115):      3.322      0.000 FF  CELL  U_core|U_rx_epoch_controller|transfer|source_holding[9]|q
                Info (332115):      4.054      0.732 FF    IC  U_core|U_rx_epoch_controller|control_rx[9]|asdata
                Info (332115):      4.657      0.603 FF  CELL  bladerf_core:U_core|rx_epoch_controller:U_rx_epoch_controller|control_rx[9]
                Info (332115): Clock Arrival Path:
                Info (332115): Total (ns)  Incr (ns)     Type  Element
                Info (332115): ==========  ========= ==  ====  ===================================
                Info (332115):      4.754      4.754  R        clock network delay
                Info (332115):      4.594     -0.160           clock uncertainty
                Info (332115):      4.594      0.000     uTsu  bladerf_core:U_core|rx_epoch_controller:U_rx_epoch_controller|control_rx[9]
            Info (332181): Earliest Path Arrival
                Info (332115): From Node          : bladerf_core:U_core|rx_epoch_controller:U_rx_epoch_controller|handshake:transfer|source_holding[12]
                Info (332115): To Node            : bladerf_core:U_core|rx_epoch_controller:U_rx_epoch_controller|control_rx[12]
                Info (332115): Launch Clock       : U_core|U_system_pll|altera_pll_i|general[0].gpll~PLL_OUTPUT_COUNTER|divclk
                Info (332115): Latch Clock        : U_core|U_nios_system|axi_ad9361_0|i_dev_if|i_rx|i_altlvds_rx|auto_generated|pll_sclk~PLL_OUTPUT_COUNTER|divclk
                Info (332115): Data Arrival Time  : 2.490
                Info (332115): Clock Arrival Time : 6.508
                Info (332115): Relative Delay     : -4.018
                Info (332115): Data Arrival Path:
                Info (332115): Total (ns)  Incr (ns)     Type  Element
                Info (332115): ==========  ========= ==  ====  ===================================
                Info (332115):      1.775      1.775  R        clock network delay
                Info (332115):      1.775      0.000     uTco  bladerf_core:U_core|rx_epoch_controller:U_rx_epoch_controller|handshake:transfer|source_holding[12]
                Info (332115):      1.775      0.000 FF  CELL  U_core|U_rx_epoch_controller|transfer|source_holding[12]|q
                Info (332115):      2.353      0.578 FF    IC  U_core|U_rx_epoch_controller|control_rx[12]~feeder|dataf
                Info (332115):      2.407      0.054 FF  CELL  U_core|U_rx_epoch_controller|control_rx[12]~feeder|combout
                Info (332115):      2.407      0.000 FF    IC  U_core|U_rx_epoch_controller|control_rx[12]|d
                Info (332115):      2.490      0.083 FF  CELL  bladerf_core:U_core|rx_epoch_controller:U_rx_epoch_controller|control_rx[12]
                Info (332115): Clock Arrival Path:
                Info (332115): Total (ns)  Incr (ns)     Type  Element
                Info (332115): ==========  ========= ==  ====  ===================================
                Info (332115):      6.348      6.348  R        clock network delay
                Info (332115):      6.508      0.160           clock uncertainty
                Info (332115):      6.508      0.000      uTh  bladerf_core:U_core|rx_epoch_controller:U_rx_epoch_controller|control_rx[12]
            Info (332181): Cross Path Clock Pessimism Removed : 2.882
            Info (332181): Required Skew   : 6.400
            Info (332181): Actual Skew     : 1.199
            Info (332181): Slack           : 5.201
        Info (332181): Path #100: Slack is 5.209 
            Info (332181): Latest Path Arrival
                Info (332115): From Node          : bladerf_core:U_core|rx_epoch_controller:U_rx_epoch_controller|handshake:transfer|source_holding[11]
                Info (332115): To Node            : bladerf_core:U_core|rx_epoch_controller:U_rx_epoch_controller|control_rx[11]
                Info (332115): Launch Clock       : U_core|U_system_pll|altera_pll_i|general[0].gpll~PLL_OUTPUT_COUNTER|divclk
                Info (332115): Latch Clock        : U_core|U_nios_system|axi_ad9361_0|i_dev_if|i_rx|i_altlvds_rx|auto_generated|pll_sclk~PLL_OUTPUT_COUNTER|divclk
                Info (332115): Data Arrival Time  : 4.649
                Info (332115): Clock Arrival Time : 4.594
                Info (332115): Relative Delay     : 0.055
                Info (332115): Data Arrival Path:
                Info (332115): Total (ns)  Incr (ns)     Type  Element
                Info (332115): ==========  ========= ==  ====  ===================================
                Info (332115):      3.316      3.316  R        clock network delay
                Info (332115):      3.316      0.000     uTco  bladerf_core:U_core|rx_epoch_controller:U_rx_epoch_controller|handshake:transfer|source_holding[11]
                Info (332115):      3.316      0.000 FF  CELL  U_core|U_rx_epoch_controller|transfer|source_holding[11]|q
                Info (332115):      3.992      0.676 FF    IC  U_core|U_rx_epoch_controller|control_rx[11]|asdata
                Info (332115):      4.649      0.657 FF  CELL  bladerf_core:U_core|rx_epoch_controller:U_rx_epoch_controller|control_rx[11]
                Info (332115): Clock Arrival Path:
                Info (332115): Total (ns)  Incr (ns)     Type  Element
                Info (332115): ==========  ========= ==  ====  ===================================
                Info (332115):      4.754      4.754  R        clock network delay
                Info (332115):      4.594     -0.160           clock uncertainty
                Info (332115):      4.594      0.000     uTsu  bladerf_core:U_core|rx_epoch_controller:U_rx_epoch_controller|control_rx[11]
            Info (332181): Earliest Path Arrival
                Info (332115): From Node          : bladerf_core:U_core|rx_epoch_controller:U_rx_epoch_controller|handshake:transfer|source_holding[12]
                Info (332115): To Node            : bladerf_core:U_core|rx_epoch_controller:U_rx_epoch_controller|control_rx[12]
                Info (332115): Launch Clock       : U_core|U_system_pll|altera_pll_i|general[0].gpll~PLL_OUTPUT_COUNTER|divclk
                Info (332115): Latch Clock        : U_core|U_nios_system|axi_ad9361_0|i_dev_if|i_rx|i_altlvds_rx|auto_generated|pll_sclk~PLL_OUTPUT_COUNTER|divclk
                Info (332115): Data Arrival Time  : 2.490
                Info (332115): Clock Arrival Time : 6.508
                Info (332115): Relative Delay     : -4.018
                Info (332115): Data Arrival Path:
                Info (332115): Total (ns)  Incr (ns)     Type  Element
                Info (332115): ==========  ========= ==  ====  ===================================
                Info (332115):      1.775      1.775  R        clock network delay
                Info (332115):      1.775      0.000     uTco  bladerf_core:U_core|rx_epoch_controller:U_rx_epoch_controller|handshake:transfer|source_holding[12]
                Info (332115):      1.775      0.000 FF  CELL  U_core|U_rx_epoch_controller|transfer|source_holding[12]|q
                Info (332115):      2.353      0.578 FF    IC  U_core|U_rx_epoch_controller|control_rx[12]~feeder|dataf
                Info (332115):      2.407      0.054 FF  CELL  U_core|U_rx_epoch_controller|control_rx[12]~feeder|combout
                Info (332115):      2.407      0.000 FF    IC  U_core|U_rx_epoch_controller|control_rx[12]|d
                Info (332115):      2.490      0.083 FF  CELL  bladerf_core:U_core|rx_epoch_controller:U_rx_epoch_controller|control_rx[12]
                Info (332115): Clock Arrival Path:
                Info (332115): Total (ns)  Incr (ns)     Type  Element
                Info (332115): ==========  ========= ==  ====  ===================================
                Info (332115):      6.348      6.348  R        clock network delay
                Info (332115):      6.508      0.160           clock uncertainty
                Info (332115):      6.508      0.000      uTh  bladerf_core:U_core|rx_epoch_controller:U_rx_epoch_controller|control_rx[12]
            Info (332181): Cross Path Clock Pessimism Removed : 2.882
            Info (332181): Required Skew   : 6.400
            Info (332181): Actual Skew     : 1.191
            Info (332181): Slack           : 5.209
    Info (332181): Skew for the Earliest Arrival
        Info (332181): Path #101: Slack is 4.865 
            Info (332181): Latest Path Arrival
                Info (332115): From Node          : bladerf_core:U_core|rx_epoch_controller:U_rx_epoch_controller|handshake:transfer|source_holding[2]
                Info (332115): To Node            : bladerf_core:U_core|rx_epoch_controller:U_rx_epoch_controller|control_rx[2]
                Info (332115): Launch Clock       : U_core|U_system_pll|altera_pll_i|general[0].gpll~PLL_OUTPUT_COUNTER|divclk
                Info (332115): Latch Clock        : U_core|U_nios_system|axi_ad9361_0|i_dev_if|i_rx|i_altlvds_rx|auto_generated|pll_sclk~PLL_OUTPUT_COUNTER|divclk
                Info (332115): Data Arrival Time  : 4.969
                Info (332115): Clock Arrival Time : 4.595
                Info (332115): Relative Delay     : 0.374
                Info (332115): Data Arrival Path:
                Info (332115): Total (ns)  Incr (ns)     Type  Element
                Info (332115): ==========  ========= ==  ====  ===================================
                Info (332115):      3.337      3.337  R        clock network delay
                Info (332115):      3.337      0.000     uTco  bladerf_core:U_core|rx_epoch_controller:U_rx_epoch_controller|handshake:transfer|source_holding[2]
                Info (332115):      3.337      0.000 FF  CELL  U_core|U_rx_epoch_controller|transfer|source_holding[2]|q
                Info (332115):      4.579      1.242 FF    IC  U_core|U_rx_epoch_controller|control_rx[2]~feeder|dataf
                Info (332115):      4.663      0.084 FF  CELL  U_core|U_rx_epoch_controller|control_rx[2]~feeder|combout
                Info (332115):      4.663      0.000 FF    IC  U_core|U_rx_epoch_controller|control_rx[2]|d
                Info (332115):      4.969      0.306 FF  CELL  bladerf_core:U_core|rx_epoch_controller:U_rx_epoch_controller|control_rx[2]
                Info (332115): Clock Arrival Path:
                Info (332115): Total (ns)  Incr (ns)     Type  Element
                Info (332115): ==========  ========= ==  ====  ===================================
                Info (332115):      4.755      4.755  R        clock network delay
                Info (332115):      4.595     -0.160           clock uncertainty
                Info (332115):      4.595      0.000     uTsu  bladerf_core:U_core|rx_epoch_controller:U_rx_epoch_controller|control_rx[2]
            Info (332181): Earliest Path Arrival
                Info (332115): From Node          : bladerf_core:U_core|rx_epoch_controller:U_rx_epoch_controller|handshake:transfer|source_holding[12]
                Info (332115): To Node            : bladerf_core:U_core|rx_epoch_controller:U_rx_epoch_controller|control_rx[12]
                Info (332115): Launch Clock       : U_core|U_system_pll|altera_pll_i|general[0].gpll~PLL_OUTPUT_COUNTER|divclk
                Info (332115): Latch Clock        : U_core|U_nios_system|axi_ad9361_0|i_dev_if|i_rx|i_altlvds_rx|auto_generated|pll_sclk~PLL_OUTPUT_COUNTER|divclk
                Info (332115): Data Arrival Time  : 2.490
                Info (332115): Clock Arrival Time : 6.508
                Info (332115): Relative Delay     : -4.018
                Info (332115): Data Arrival Path:
                Info (332115): Total (ns)  Incr (ns)     Type  Element
                Info (332115): ==========  ========= ==  ====  ===================================
                Info (332115):      1.775      1.775  R        clock network delay
                Info (332115):      1.775      0.000     uTco  bladerf_core:U_core|rx_epoch_controller:U_rx_epoch_controller|handshake:transfer|source_holding[12]
                Info (332115):      1.775      0.000 FF  CELL  U_core|U_rx_epoch_controller|transfer|source_holding[12]|q
                Info (332115):      2.353      0.578 FF    IC  U_core|U_rx_epoch_controller|control_rx[12]~feeder|dataf
                Info (332115):      2.407      0.054 FF  CELL  U_core|U_rx_epoch_controller|control_rx[12]~feeder|combout
                Info (332115):      2.407      0.000 FF    IC  U_core|U_rx_epoch_controller|control_rx[12]|d
                Info (332115):      2.490      0.083 FF  CELL  bladerf_core:U_core|rx_epoch_controller:U_rx_epoch_controller|control_rx[12]
                Info (332115): Clock Arrival Path:
                Info (332115): Total (ns)  Incr (ns)     Type  Element
                Info (332115): ==========  ========= ==  ====  ===================================
                Info (332115):      6.348      6.348  R        clock network delay
                Info (332115):      6.508      0.160           clock uncertainty
                Info (332115):      6.508      0.000      uTh  bladerf_core:U_core|rx_epoch_controller:U_rx_epoch_controller|control_rx[12]
            Info (332181): Cross Path Clock Pessimism Removed : 2.857
            Info (332181): Required Skew   : 6.400
            Info (332181): Actual Skew     : 1.535
            Info (332181): Slack           : 4.865
        Info (332181): Path #102: Slack is 4.931 
            Info (332181): Latest Path Arrival
                Info (332115): From Node          : bladerf_core:U_core|rx_epoch_controller:U_rx_epoch_controller|handshake:transfer|source_holding[2]
                Info (332115): To Node            : bladerf_core:U_core|rx_epoch_controller:U_rx_epoch_controller|control_rx[2]
                Info (332115): Launch Clock       : U_core|U_system_pll|altera_pll_i|general[0].gpll~PLL_OUTPUT_COUNTER|divclk
                Info (332115): Latch Clock        : U_core|U_nios_system|axi_ad9361_0|i_dev_if|i_rx|i_altlvds_rx|auto_generated|pll_sclk~PLL_OUTPUT_COUNTER|divclk
                Info (332115): Data Arrival Time  : 4.969
                Info (332115): Clock Arrival Time : 4.595
                Info (332115): Relative Delay     : 0.374
                Info (332115): Data Arrival Path:
                Info (332115): Total (ns)  Incr (ns)     Type  Element
                Info (332115): ==========  ========= ==  ====  ===================================
                Info (332115):      3.337      3.337  R        clock network delay
                Info (332115):      3.337      0.000     uTco  bladerf_core:U_core|rx_epoch_controller:U_rx_epoch_controller|handshake:transfer|source_holding[2]
                Info (332115):      3.337      0.000 FF  CELL  U_core|U_rx_epoch_controller|transfer|source_holding[2]|q
                Info (332115):      4.579      1.242 FF    IC  U_core|U_rx_epoch_controller|control_rx[2]~feeder|dataf
                Info (332115):      4.663      0.084 FF  CELL  U_core|U_rx_epoch_controller|control_rx[2]~feeder|combout
                Info (332115):      4.663      0.000 FF    IC  U_core|U_rx_epoch_controller|control_rx[2]|d
                Info (332115):      4.969      0.306 FF  CELL  bladerf_core:U_core|rx_epoch_controller:U_rx_epoch_controller|control_rx[2]
                Info (332115): Clock Arrival Path:
                Info (332115): Total (ns)  Incr (ns)     Type  Element
                Info (332115): ==========  ========= ==  ====  ===================================
                Info (332115):      4.755      4.755  R        clock network delay
                Info (332115):      4.595     -0.160           clock uncertainty
                Info (332115):      4.595      0.000     uTsu  bladerf_core:U_core|rx_epoch_controller:U_rx_epoch_controller|control_rx[2]
            Info (332181): Earliest Path Arrival
                Info (332115): From Node          : bladerf_core:U_core|rx_epoch_controller:U_rx_epoch_controller|handshake:transfer|source_holding[13]
                Info (332115): To Node            : bladerf_core:U_core|rx_epoch_controller:U_rx_epoch_controller|control_rx[13]
                Info (332115): Launch Clock       : U_core|U_system_pll|altera_pll_i|general[0].gpll~PLL_OUTPUT_COUNTER|divclk
                Info (332115): Latch Clock        : U_core|U_nios_system|axi_ad9361_0|i_dev_if|i_rx|i_altlvds_rx|auto_generated|pll_sclk~PLL_OUTPUT_COUNTER|divclk
                Info (332115): Data Arrival Time  : 2.554
                Info (332115): Clock Arrival Time : 6.506
                Info (332115): Relative Delay     : -3.952
                Info (332115): Data Arrival Path:
                Info (332115): Total (ns)  Incr (ns)     Type  Element
                Info (332115): ==========  ========= ==  ====  ===================================
                Info (332115):      1.776      1.776  R        clock network delay
                Info (332115):      1.776      0.000     uTco  bladerf_core:U_core|rx_epoch_controller:U_rx_epoch_controller|handshake:transfer|source_holding[13]
                Info (332115):      1.776      0.000 FF  CELL  U_core|U_rx_epoch_controller|transfer|source_holding[13]|q
                Info (332115):      2.417      0.641 FF    IC  U_core|U_rx_epoch_controller|control_rx[13]~feeder|dataf
                Info (332115):      2.472      0.055 FF  CELL  U_core|U_rx_epoch_controller|control_rx[13]~feeder|combout
                Info (332115):      2.472      0.000 FF    IC  U_core|U_rx_epoch_controller|control_rx[13]|d
                Info (332115):      2.554      0.082 FF  CELL  bladerf_core:U_core|rx_epoch_controller:U_rx_epoch_controller|control_rx[13]
                Info (332115): Clock Arrival Path:
                Info (332115): Total (ns)  Incr (ns)     Type  Element
                Info (332115): ==========  ========= ==  ====  ===================================
                Info (332115):      6.346      6.346  R        clock network delay
                Info (332115):      6.506      0.160           clock uncertainty
                Info (332115):      6.506      0.000      uTh  bladerf_core:U_core|rx_epoch_controller:U_rx_epoch_controller|control_rx[13]
            Info (332181): Cross Path Clock Pessimism Removed : 2.857
            Info (332181): Required Skew   : 6.400
            Info (332181): Actual Skew     : 1.469
            Info (332181): Slack           : 4.931
        Info (332181): Path #103: Slack is 4.948 
            Info (332181): Latest Path Arrival
                Info (332115): From Node          : bladerf_core:U_core|rx_epoch_controller:U_rx_epoch_controller|handshake:transfer|source_holding[2]
                Info (332115): To Node            : bladerf_core:U_core|rx_epoch_controller:U_rx_epoch_controller|control_rx[2]
                Info (332115): Launch Clock       : U_core|U_system_pll|altera_pll_i|general[0].gpll~PLL_OUTPUT_COUNTER|divclk
                Info (332115): Latch Clock        : U_core|U_nios_system|axi_ad9361_0|i_dev_if|i_rx|i_altlvds_rx|auto_generated|pll_sclk~PLL_OUTPUT_COUNTER|divclk
                Info (332115): Data Arrival Time  : 4.969
                Info (332115): Clock Arrival Time : 4.595
                Info (332115): Relative Delay     : 0.374
                Info (332115): Data Arrival Path:
                Info (332115): Total (ns)  Incr (ns)     Type  Element
                Info (332115): ==========  ========= ==  ====  ===================================
                Info (332115):      3.337      3.337  R        clock network delay
                Info (332115):      3.337      0.000     uTco  bladerf_core:U_core|rx_epoch_controller:U_rx_epoch_controller|handshake:transfer|source_holding[2]
                Info (332115):      3.337      0.000 FF  CELL  U_core|U_rx_epoch_controller|transfer|source_holding[2]|q
                Info (332115):      4.579      1.242 FF    IC  U_core|U_rx_epoch_controller|control_rx[2]~feeder|dataf
                Info (332115):      4.663      0.084 FF  CELL  U_core|U_rx_epoch_controller|control_rx[2]~feeder|combout
                Info (332115):      4.663      0.000 FF    IC  U_core|U_rx_epoch_controller|control_rx[2]|d
                Info (332115):      4.969      0.306 FF  CELL  bladerf_core:U_core|rx_epoch_controller:U_rx_epoch_controller|control_rx[2]
                Info (332115): Clock Arrival Path:
                Info (332115): Total (ns)  Incr (ns)     Type  Element
                Info (332115): ==========  ========= ==  ====  ===================================
                Info (332115):      4.755      4.755  R        clock network delay
                Info (332115):      4.595     -0.160           clock uncertainty
                Info (332115):      4.595      0.000     uTsu  bladerf_core:U_core|rx_epoch_controller:U_rx_epoch_controller|control_rx[2]
            Info (332181): Earliest Path Arrival
                Info (332115): From Node          : bladerf_core:U_core|rx_epoch_controller:U_rx_epoch_controller|handshake:transfer|source_holding[1]
                Info (332115): To Node            : bladerf_core:U_core|rx_epoch_controller:U_rx_epoch_controller|control_rx[1]
                Info (332115): Launch Clock       : U_core|U_system_pll|altera_pll_i|general[0].gpll~PLL_OUTPUT_COUNTER|divclk
                Info (332115): Latch Clock        : U_core|U_nios_system|axi_ad9361_0|i_dev_if|i_rx|i_altlvds_rx|auto_generated|pll_sclk~PLL_OUTPUT_COUNTER|divclk
                Info (332115): Data Arrival Time  : 2.573
                Info (332115): Clock Arrival Time : 6.508
                Info (332115): Relative Delay     : -3.935
                Info (332115): Data Arrival Path:
                Info (332115): Total (ns)  Incr (ns)     Type  Element
                Info (332115): ==========  ========= ==  ====  ===================================
                Info (332115):      1.775      1.775  R        clock network delay
                Info (332115):      1.775      0.000     uTco  bladerf_core:U_core|rx_epoch_controller:U_rx_epoch_controller|handshake:transfer|source_holding[1]
                Info (332115):      1.775      0.000 FF  CELL  U_core|U_rx_epoch_controller|transfer|source_holding[1]|q
                Info (332115):      2.436      0.661 FF    IC  U_core|U_rx_epoch_controller|control_rx[1]~feeder|dataf
                Info (332115):      2.490      0.054 FF  CELL  U_core|U_rx_epoch_controller|control_rx[1]~feeder|combout
                Info (332115):      2.490      0.000 FF    IC  U_core|U_rx_epoch_controller|control_rx[1]|d
                Info (332115):      2.573      0.083 FF  CELL  bladerf_core:U_core|rx_epoch_controller:U_rx_epoch_controller|control_rx[1]
                Info (332115): Clock Arrival Path:
                Info (332115): Total (ns)  Incr (ns)     Type  Element
                Info (332115): ==========  ========= ==  ====  ===================================
                Info (332115):      6.348      6.348  R        clock network delay
                Info (332115):      6.508      0.160           clock uncertainty
                Info (332115):      6.508      0.000      uTh  bladerf_core:U_core|rx_epoch_controller:U_rx_epoch_controller|control_rx[1]
            Info (332181): Cross Path Clock Pessimism Removed : 2.857
            Info (332181): Required Skew   : 6.400
            Info (332181): Actual Skew     : 1.452
            Info (332181): Slack           : 4.948
        Info (332181): Path #104: Slack is 5.009 
            Info (332181): Latest Path Arrival
                Info (332115): From Node          : bladerf_core:U_core|rx_epoch_controller:U_rx_epoch_controller|handshake:transfer|source_holding[2]
                Info (332115): To Node            : bladerf_core:U_core|rx_epoch_controller:U_rx_epoch_controller|control_rx[2]
                Info (332115): Launch Clock       : U_core|U_system_pll|altera_pll_i|general[0].gpll~PLL_OUTPUT_COUNTER|divclk
                Info (332115): Latch Clock        : U_core|U_nios_system|axi_ad9361_0|i_dev_if|i_rx|i_altlvds_rx|auto_generated|pll_sclk~PLL_OUTPUT_COUNTER|divclk
                Info (332115): Data Arrival Time  : 4.969
                Info (332115): Clock Arrival Time : 4.595
                Info (332115): Relative Delay     : 0.374
                Info (332115): Data Arrival Path:
                Info (332115): Total (ns)  Incr (ns)     Type  Element
                Info (332115): ==========  ========= ==  ====  ===================================
                Info (332115):      3.337      3.337  R        clock network delay
                Info (332115):      3.337      0.000     uTco  bladerf_core:U_core|rx_epoch_controller:U_rx_epoch_controller|handshake:transfer|source_holding[2]
                Info (332115):      3.337      0.000 FF  CELL  U_core|U_rx_epoch_controller|transfer|source_holding[2]|q
                Info (332115):      4.579      1.242 FF    IC  U_core|U_rx_epoch_controller|control_rx[2]~feeder|dataf
                Info (332115):      4.663      0.084 FF  CELL  U_core|U_rx_epoch_controller|control_rx[2]~feeder|combout
                Info (332115):      4.663      0.000 FF    IC  U_core|U_rx_epoch_controller|control_rx[2]|d
                Info (332115):      4.969      0.306 FF  CELL  bladerf_core:U_core|rx_epoch_controller:U_rx_epoch_controller|control_rx[2]
                Info (332115): Clock Arrival Path:
                Info (332115): Total (ns)  Incr (ns)     Type  Element
                Info (332115): ==========  ========= ==  ====  ===================================
                Info (332115):      4.755      4.755  R        clock network delay
                Info (332115):      4.595     -0.160           clock uncertainty
                Info (332115):      4.595      0.000     uTsu  bladerf_core:U_core|rx_epoch_controller:U_rx_epoch_controller|control_rx[2]
            Info (332181): Earliest Path Arrival
                Info (332115): From Node          : bladerf_core:U_core|rx_epoch_controller:U_rx_epoch_controller|handshake:transfer|source_holding[10]
                Info (332115): To Node            : bladerf_core:U_core|rx_epoch_controller:U_rx_epoch_controller|control_rx[10]
                Info (332115): Launch Clock       : U_core|U_system_pll|altera_pll_i|general[0].gpll~PLL_OUTPUT_COUNTER|divclk
                Info (332115): Latch Clock        : U_core|U_nios_system|axi_ad9361_0|i_dev_if|i_rx|i_altlvds_rx|auto_generated|pll_sclk~PLL_OUTPUT_COUNTER|divclk
                Info (332115): Data Arrival Time  : 2.632
                Info (332115): Clock Arrival Time : 6.506
                Info (332115): Relative Delay     : -3.874
                Info (332115): Data Arrival Path:
                Info (332115): Total (ns)  Incr (ns)     Type  Element
                Info (332115): ==========  ========= ==  ====  ===================================
                Info (332115):      1.782      1.782  R        clock network delay
                Info (332115):      1.782      0.000     uTco  bladerf_core:U_core|rx_epoch_controller:U_rx_epoch_controller|handshake:transfer|source_holding[10]
                Info (332115):      1.782      0.000 FF  CELL  U_core|U_rx_epoch_controller|transfer|source_holding[10]|q
                Info (332115):      2.159      0.377 FF    IC  U_core|U_rx_epoch_controller|control_rx[10]~feeder|datac
                Info (332115):      2.550      0.391 FF  CELL  U_core|U_rx_epoch_controller|control_rx[10]~feeder|combout
                Info (332115):      2.550      0.000 FF    IC  U_core|U_rx_epoch_controller|control_rx[10]|d
                Info (332115):      2.632      0.082 FF  CELL  bladerf_core:U_core|rx_epoch_controller:U_rx_epoch_controller|control_rx[10]
                Info (332115): Clock Arrival Path:
                Info (332115): Total (ns)  Incr (ns)     Type  Element
                Info (332115): ==========  ========= ==  ====  ===================================
                Info (332115):      6.346      6.346  R        clock network delay
                Info (332115):      6.506      0.160           clock uncertainty
                Info (332115):      6.506      0.000      uTh  bladerf_core:U_core|rx_epoch_controller:U_rx_epoch_controller|control_rx[10]
            Info (332181): Cross Path Clock Pessimism Removed : 2.857
            Info (332181): Required Skew   : 6.400
            Info (332181): Actual Skew     : 1.391
            Info (332181): Slack           : 5.009
Info (332115): Worst-case slack is 4.878 for "set_max_skew -from [get_keepers {*axi_ad9361_rx_channel:i_rx_channel_0|up_adc_channel:i_up_adc_channel|up_xfer_cntrl:i_xfer_cntrl|up_xfer_data[*]}] -to [get_keepers {*axi_ad9361_rx_channel:i_rx_channel_0|up_adc_channel:i_up_adc_channel|up_xfer_cntrl:i_xfer_cntrl|d_data_cntrl[*]}] 6.400 "
    Info (332181): Skew for the Latest Arrival
        Info (332181): Path #105: Slack is 4.878 
            Info (332181): Latest Path Arrival
                Info (332115): From Node          : bladerf_core:U_core|nios_system:U_nios_system|axi_ad9361:axi_ad9361_0|axi_ad9361_rx:i_rx|axi_ad9361_rx_channel:i_rx_channel_0|up_adc_channel:i_up_adc_channel|up_xfer_cntrl:i_xfer_cntrl|up_xfer_data[3]
                Info (332115): To Node            : bladerf_core:U_core|nios_system:U_nios_system|axi_ad9361:axi_ad9361_0|axi_ad9361_rx:i_rx|axi_ad9361_rx_channel:i_rx_channel_0|up_adc_channel:i_up_adc_channel|up_xfer_cntrl:i_xfer_cntrl|d_data_cntrl[3]
                Info (332115): Launch Clock       : U_core|U_system_pll|altera_pll_i|general[0].gpll~PLL_OUTPUT_COUNTER|divclk
                Info (332115): Latch Clock        : U_core|U_nios_system|axi_ad9361_0|i_dev_if|i_rx|i_altlvds_rx|auto_generated|pll_sclk~PLL_OUTPUT_COUNTER|divclk
                Info (332115): Data Arrival Time  : 4.732
                Info (332115): Clock Arrival Time : 4.562
                Info (332115): Relative Delay     : 0.170
                Info (332115): Data Arrival Path:
                Info (332115): Total (ns)  Incr (ns)     Type  Element
                Info (332115): ==========  ========= ==  ====  ===================================
                Info (332115):      3.304      3.304  R        clock network delay
                Info (332115):      3.304      0.000     uTco  bladerf_core:U_core|nios_system:U_nios_system|axi_ad9361:axi_ad9361_0|axi_ad9361_rx:i_rx|axi_ad9361_rx_channel:i_rx_channel_0|up_adc_channel:i_up_adc_channel|up_xfer_cntrl:i_xfer_cntrl|up_xfer_data[3]
                Info (332115):      3.304      0.000 RR  CELL  U_core|U_nios_system|axi_ad9361_0|i_rx|i_rx_channel_0|i_up_adc_channel|i_xfer_cntrl|up_xfer_data[3]|q
                Info (332115):      4.010      0.706 RR    IC  U_core|U_nios_system|axi_ad9361_0|i_rx|i_rx_channel_0|i_up_adc_channel|i_xfer_cntrl|d_data_cntrl[3]|asdata
                Info (332115):      4.732      0.722 RR  CELL  bladerf_core:U_core|nios_system:U_nios_system|axi_ad9361:axi_ad9361_0|axi_ad9361_rx:i_rx|axi_ad9361_rx_channel:i_rx_channel_0|up_adc_channel:i_up_adc_channel|up_xfer_cntrl:i_xfer_cntrl|d_data_cntrl[3]
                Info (332115): Clock Arrival Path:
                Info (332115): Total (ns)  Incr (ns)     Type  Element
                Info (332115): ==========  ========= ==  ====  ===================================
                Info (332115):      4.722      4.722  R        clock network delay
                Info (332115):      4.562     -0.160           clock uncertainty
                Info (332115):      4.562      0.000     uTsu  bladerf_core:U_core|nios_system:U_nios_system|axi_ad9361:axi_ad9361_0|axi_ad9361_rx:i_rx|axi_ad9361_rx_channel:i_rx_channel_0|up_adc_channel:i_up_adc_channel|up_xfer_cntrl:i_xfer_cntrl|d_data_cntrl[3]
            Info (332181): Earliest Path Arrival
                Info (332115): From Node          : bladerf_core:U_core|nios_system:U_nios_system|axi_ad9361:axi_ad9361_0|axi_ad9361_rx:i_rx|axi_ad9361_rx_channel:i_rx_channel_0|up_adc_channel:i_up_adc_channel|up_xfer_cntrl:i_xfer_cntrl|up_xfer_data[29]
                Info (332115): To Node            : bladerf_core:U_core|nios_system:U_nios_system|axi_ad9361:axi_ad9361_0|axi_ad9361_rx:i_rx|axi_ad9361_rx_channel:i_rx_channel_0|up_adc_channel:i_up_adc_channel|up_xfer_cntrl:i_xfer_cntrl|d_data_cntrl[29]
                Info (332115): Launch Clock       : U_core|U_system_pll|altera_pll_i|general[0].gpll~PLL_OUTPUT_COUNTER|divclk
                Info (332115): Latch Clock        : U_core|U_nios_system|axi_ad9361_0|i_dev_if|i_rx|i_altlvds_rx|auto_generated|pll_sclk~PLL_OUTPUT_COUNTER|divclk
                Info (332115): Data Arrival Time  : 2.405
                Info (332115): Clock Arrival Time : 6.530
                Info (332115): Relative Delay     : -4.125
                Info (332115): Data Arrival Path:
                Info (332115): Total (ns)  Incr (ns)     Type  Element
                Info (332115): ==========  ========= ==  ====  ===================================
                Info (332115):      1.758      1.758  R        clock network delay
                Info (332115):      1.758      0.000     uTco  bladerf_core:U_core|nios_system:U_nios_system|axi_ad9361:axi_ad9361_0|axi_ad9361_rx:i_rx|axi_ad9361_rx_channel:i_rx_channel_0|up_adc_channel:i_up_adc_channel|up_xfer_cntrl:i_xfer_cntrl|up_xfer_data[29]
                Info (332115):      1.758      0.000 FF  CELL  U_core|U_nios_system|axi_ad9361_0|i_rx|i_rx_channel_0|i_up_adc_channel|i_xfer_cntrl|up_xfer_data[29]|q
                Info (332115):      2.037      0.279 FF    IC  U_core|U_nios_system|axi_ad9361_0|i_rx|i_rx_channel_0|i_up_adc_channel|i_xfer_cntrl|d_data_cntrl[29]|asdata
                Info (332115):      2.405      0.368 FF  CELL  bladerf_core:U_core|nios_system:U_nios_system|axi_ad9361:axi_ad9361_0|axi_ad9361_rx:i_rx|axi_ad9361_rx_channel:i_rx_channel_0|up_adc_channel:i_up_adc_channel|up_xfer_cntrl:i_xfer_cntrl|d_data_cntrl[29]
                Info (332115): Clock Arrival Path:
                Info (332115): Total (ns)  Incr (ns)     Type  Element
                Info (332115): ==========  ========= ==  ====  ===================================
                Info (332115):      6.370      6.370  R        clock network delay
                Info (332115):      6.530      0.160           clock uncertainty
                Info (332115):      6.530      0.000      uTh  bladerf_core:U_core|nios_system:U_nios_system|axi_ad9361:axi_ad9361_0|axi_ad9361_rx:i_rx|axi_ad9361_rx_channel:i_rx_channel_0|up_adc_channel:i_up_adc_channel|up_xfer_cntrl:i_xfer_cntrl|d_data_cntrl[29]
            Info (332181): Cross Path Clock Pessimism Removed : 2.773
            Info (332181): Required Skew   : 6.400
            Info (332181): Actual Skew     : 1.522
            Info (332181): Slack           : 4.878
        Info (332181): Path #106: Slack is 4.909 
            Info (332181): Latest Path Arrival
                Info (332115): From Node          : bladerf_core:U_core|nios_system:U_nios_system|axi_ad9361:axi_ad9361_0|axi_ad9361_rx:i_rx|axi_ad9361_rx_channel:i_rx_channel_0|up_adc_channel:i_up_adc_channel|up_xfer_cntrl:i_xfer_cntrl|up_xfer_data[5]
                Info (332115): To Node            : bladerf_core:U_core|nios_system:U_nios_system|axi_ad9361:axi_ad9361_0|axi_ad9361_rx:i_rx|axi_ad9361_rx_channel:i_rx_channel_0|up_adc_channel:i_up_adc_channel|up_xfer_cntrl:i_xfer_cntrl|d_data_cntrl[5]
                Info (332115): Launch Clock       : U_core|U_system_pll|altera_pll_i|general[0].gpll~PLL_OUTPUT_COUNTER|divclk
                Info (332115): Latch Clock        : U_core|U_nios_system|axi_ad9361_0|i_dev_if|i_rx|i_altlvds_rx|auto_generated|pll_sclk~PLL_OUTPUT_COUNTER|divclk
                Info (332115): Data Arrival Time  : 4.708
                Info (332115): Clock Arrival Time : 4.569
                Info (332115): Relative Delay     : 0.139
                Info (332115): Data Arrival Path:
                Info (332115): Total (ns)  Incr (ns)     Type  Element
                Info (332115): ==========  ========= ==  ====  ===================================
                Info (332115):      3.304      3.304  R        clock network delay
                Info (332115):      3.304      0.000     uTco  bladerf_core:U_core|nios_system:U_nios_system|axi_ad9361:axi_ad9361_0|axi_ad9361_rx:i_rx|axi_ad9361_rx_channel:i_rx_channel_0|up_adc_channel:i_up_adc_channel|up_xfer_cntrl:i_xfer_cntrl|up_xfer_data[5]
                Info (332115):      3.304      0.000 RR  CELL  U_core|U_nios_system|axi_ad9361_0|i_rx|i_rx_channel_0|i_up_adc_channel|i_xfer_cntrl|up_xfer_data[5]|q
                Info (332115):      3.979      0.675 RR    IC  U_core|U_nios_system|axi_ad9361_0|i_rx|i_rx_channel_0|i_up_adc_channel|i_xfer_cntrl|d_data_cntrl[5]|asdata
                Info (332115):      4.708      0.729 RR  CELL  bladerf_core:U_core|nios_system:U_nios_system|axi_ad9361:axi_ad9361_0|axi_ad9361_rx:i_rx|axi_ad9361_rx_channel:i_rx_channel_0|up_adc_channel:i_up_adc_channel|up_xfer_cntrl:i_xfer_cntrl|d_data_cntrl[5]
                Info (332115): Clock Arrival Path:
                Info (332115): Total (ns)  Incr (ns)     Type  Element
                Info (332115): ==========  ========= ==  ====  ===================================
                Info (332115):      4.729      4.729  R        clock network delay
                Info (332115):      4.569     -0.160           clock uncertainty
                Info (332115):      4.569      0.000     uTsu  bladerf_core:U_core|nios_system:U_nios_system|axi_ad9361:axi_ad9361_0|axi_ad9361_rx:i_rx|axi_ad9361_rx_channel:i_rx_channel_0|up_adc_channel:i_up_adc_channel|up_xfer_cntrl:i_xfer_cntrl|d_data_cntrl[5]
            Info (332181): Earliest Path Arrival
                Info (332115): From Node          : bladerf_core:U_core|nios_system:U_nios_system|axi_ad9361:axi_ad9361_0|axi_ad9361_rx:i_rx|axi_ad9361_rx_channel:i_rx_channel_0|up_adc_channel:i_up_adc_channel|up_xfer_cntrl:i_xfer_cntrl|up_xfer_data[29]
                Info (332115): To Node            : bladerf_core:U_core|nios_system:U_nios_system|axi_ad9361:axi_ad9361_0|axi_ad9361_rx:i_rx|axi_ad9361_rx_channel:i_rx_channel_0|up_adc_channel:i_up_adc_channel|up_xfer_cntrl:i_xfer_cntrl|d_data_cntrl[29]
                Info (332115): Launch Clock       : U_core|U_system_pll|altera_pll_i|general[0].gpll~PLL_OUTPUT_COUNTER|divclk
                Info (332115): Latch Clock        : U_core|U_nios_system|axi_ad9361_0|i_dev_if|i_rx|i_altlvds_rx|auto_generated|pll_sclk~PLL_OUTPUT_COUNTER|divclk
                Info (332115): Data Arrival Time  : 2.405
                Info (332115): Clock Arrival Time : 6.530
                Info (332115): Relative Delay     : -4.125
                Info (332115): Data Arrival Path:
                Info (332115): Total (ns)  Incr (ns)     Type  Element
                Info (332115): ==========  ========= ==  ====  ===================================
                Info (332115):      1.758      1.758  R        clock network delay
                Info (332115):      1.758      0.000     uTco  bladerf_core:U_core|nios_system:U_nios_system|axi_ad9361:axi_ad9361_0|axi_ad9361_rx:i_rx|axi_ad9361_rx_channel:i_rx_channel_0|up_adc_channel:i_up_adc_channel|up_xfer_cntrl:i_xfer_cntrl|up_xfer_data[29]
                Info (332115):      1.758      0.000 FF  CELL  U_core|U_nios_system|axi_ad9361_0|i_rx|i_rx_channel_0|i_up_adc_channel|i_xfer_cntrl|up_xfer_data[29]|q
                Info (332115):      2.037      0.279 FF    IC  U_core|U_nios_system|axi_ad9361_0|i_rx|i_rx_channel_0|i_up_adc_channel|i_xfer_cntrl|d_data_cntrl[29]|asdata
                Info (332115):      2.405      0.368 FF  CELL  bladerf_core:U_core|nios_system:U_nios_system|axi_ad9361:axi_ad9361_0|axi_ad9361_rx:i_rx|axi_ad9361_rx_channel:i_rx_channel_0|up_adc_channel:i_up_adc_channel|up_xfer_cntrl:i_xfer_cntrl|d_data_cntrl[29]
                Info (332115): Clock Arrival Path:
                Info (332115): Total (ns)  Incr (ns)     Type  Element
                Info (332115): ==========  ========= ==  ====  ===================================
                Info (332115):      6.370      6.370  R        clock network delay
                Info (332115):      6.530      0.160           clock uncertainty
                Info (332115):      6.530      0.000      uTh  bladerf_core:U_core|nios_system:U_nios_system|axi_ad9361:axi_ad9361_0|axi_ad9361_rx:i_rx|axi_ad9361_rx_channel:i_rx_channel_0|up_adc_channel:i_up_adc_channel|up_xfer_cntrl:i_xfer_cntrl|d_data_cntrl[29]
            Info (332181): Cross Path Clock Pessimism Removed : 2.773
            Info (332181): Required Skew   : 6.400
            Info (332181): Actual Skew     : 1.491
            Info (332181): Slack           : 4.909
        Info (332181): Path #107: Slack is 4.910 
            Info (332181): Latest Path Arrival
                Info (332115): From Node          : bladerf_core:U_core|nios_system:U_nios_system|axi_ad9361:axi_ad9361_0|axi_ad9361_rx:i_rx|axi_ad9361_rx_channel:i_rx_channel_0|up_adc_channel:i_up_adc_channel|up_xfer_cntrl:i_xfer_cntrl|up_xfer_data[6]
                Info (332115): To Node            : bladerf_core:U_core|nios_system:U_nios_system|axi_ad9361:axi_ad9361_0|axi_ad9361_rx:i_rx|axi_ad9361_rx_channel:i_rx_channel_0|up_adc_channel:i_up_adc_channel|up_xfer_cntrl:i_xfer_cntrl|d_data_cntrl[6]
                Info (332115): Launch Clock       : U_core|U_system_pll|altera_pll_i|general[0].gpll~PLL_OUTPUT_COUNTER|divclk
                Info (332115): Latch Clock        : U_core|U_nios_system|axi_ad9361_0|i_dev_if|i_rx|i_altlvds_rx|auto_generated|pll_sclk~PLL_OUTPUT_COUNTER|divclk
                Info (332115): Data Arrival Time  : 4.700
                Info (332115): Clock Arrival Time : 4.562
                Info (332115): Relative Delay     : 0.138
                Info (332115): Data Arrival Path:
                Info (332115): Total (ns)  Incr (ns)     Type  Element
                Info (332115): ==========  ========= ==  ====  ===================================
                Info (332115):      3.298      3.298  R        clock network delay
                Info (332115):      3.298      0.000     uTco  bladerf_core:U_core|nios_system:U_nios_system|axi_ad9361:axi_ad9361_0|axi_ad9361_rx:i_rx|axi_ad9361_rx_channel:i_rx_channel_0|up_adc_channel:i_up_adc_channel|up_xfer_cntrl:i_xfer_cntrl|up_xfer_data[6]
                Info (332115):      3.298      0.000 RR  CELL  U_core|U_nios_system|axi_ad9361_0|i_rx|i_rx_channel_0|i_up_adc_channel|i_xfer_cntrl|up_xfer_data[6]|q
                Info (332115):      3.977      0.679 RR    IC  U_core|U_nios_system|axi_ad9361_0|i_rx|i_rx_channel_0|i_up_adc_channel|i_xfer_cntrl|d_data_cntrl[6]|asdata
                Info (332115):      4.700      0.723 RR  CELL  bladerf_core:U_core|nios_system:U_nios_system|axi_ad9361:axi_ad9361_0|axi_ad9361_rx:i_rx|axi_ad9361_rx_channel:i_rx_channel_0|up_adc_channel:i_up_adc_channel|up_xfer_cntrl:i_xfer_cntrl|d_data_cntrl[6]
                Info (332115): Clock Arrival Path:
                Info (332115): Total (ns)  Incr (ns)     Type  Element
                Info (332115): ==========  ========= ==  ====  ===================================
                Info (332115):      4.722      4.722  R        clock network delay
                Info (332115):      4.562     -0.160           clock uncertainty
                Info (332115):      4.562      0.000     uTsu  bladerf_core:U_core|nios_system:U_nios_system|axi_ad9361:axi_ad9361_0|axi_ad9361_rx:i_rx|axi_ad9361_rx_channel:i_rx_channel_0|up_adc_channel:i_up_adc_channel|up_xfer_cntrl:i_xfer_cntrl|d_data_cntrl[6]
            Info (332181): Earliest Path Arrival
                Info (332115): From Node          : bladerf_core:U_core|nios_system:U_nios_system|axi_ad9361:axi_ad9361_0|axi_ad9361_rx:i_rx|axi_ad9361_rx_channel:i_rx_channel_0|up_adc_channel:i_up_adc_channel|up_xfer_cntrl:i_xfer_cntrl|up_xfer_data[29]
                Info (332115): To Node            : bladerf_core:U_core|nios_system:U_nios_system|axi_ad9361:axi_ad9361_0|axi_ad9361_rx:i_rx|axi_ad9361_rx_channel:i_rx_channel_0|up_adc_channel:i_up_adc_channel|up_xfer_cntrl:i_xfer_cntrl|d_data_cntrl[29]
                Info (332115): Launch Clock       : U_core|U_system_pll|altera_pll_i|general[0].gpll~PLL_OUTPUT_COUNTER|divclk
                Info (332115): Latch Clock        : U_core|U_nios_system|axi_ad9361_0|i_dev_if|i_rx|i_altlvds_rx|auto_generated|pll_sclk~PLL_OUTPUT_COUNTER|divclk
                Info (332115): Data Arrival Time  : 2.405
                Info (332115): Clock Arrival Time : 6.530
                Info (332115): Relative Delay     : -4.125
                Info (332115): Data Arrival Path:
                Info (332115): Total (ns)  Incr (ns)     Type  Element
                Info (332115): ==========  ========= ==  ====  ===================================
                Info (332115):      1.758      1.758  R        clock network delay
                Info (332115):      1.758      0.000     uTco  bladerf_core:U_core|nios_system:U_nios_system|axi_ad9361:axi_ad9361_0|axi_ad9361_rx:i_rx|axi_ad9361_rx_channel:i_rx_channel_0|up_adc_channel:i_up_adc_channel|up_xfer_cntrl:i_xfer_cntrl|up_xfer_data[29]
                Info (332115):      1.758      0.000 FF  CELL  U_core|U_nios_system|axi_ad9361_0|i_rx|i_rx_channel_0|i_up_adc_channel|i_xfer_cntrl|up_xfer_data[29]|q
                Info (332115):      2.037      0.279 FF    IC  U_core|U_nios_system|axi_ad9361_0|i_rx|i_rx_channel_0|i_up_adc_channel|i_xfer_cntrl|d_data_cntrl[29]|asdata
                Info (332115):      2.405      0.368 FF  CELL  bladerf_core:U_core|nios_system:U_nios_system|axi_ad9361:axi_ad9361_0|axi_ad9361_rx:i_rx|axi_ad9361_rx_channel:i_rx_channel_0|up_adc_channel:i_up_adc_channel|up_xfer_cntrl:i_xfer_cntrl|d_data_cntrl[29]
                Info (332115): Clock Arrival Path:
                Info (332115): Total (ns)  Incr (ns)     Type  Element
                Info (332115): ==========  ========= ==  ====  ===================================
                Info (332115):      6.370      6.370  R        clock network delay
                Info (332115):      6.530      0.160           clock uncertainty
                Info (332115):      6.530      0.000      uTh  bladerf_core:U_core|nios_system:U_nios_system|axi_ad9361:axi_ad9361_0|axi_ad9361_rx:i_rx|axi_ad9361_rx_channel:i_rx_channel_0|up_adc_channel:i_up_adc_channel|up_xfer_cntrl:i_xfer_cntrl|d_data_cntrl[29]
            Info (332181): Cross Path Clock Pessimism Removed : 2.773
            Info (332181): Required Skew   : 6.400
            Info (332181): Actual Skew     : 1.490
            Info (332181): Slack           : 4.910
        Info (332181): Path #108: Slack is 4.928 
            Info (332181): Latest Path Arrival
                Info (332115): From Node          : bladerf_core:U_core|nios_system:U_nios_system|axi_ad9361:axi_ad9361_0|axi_ad9361_rx:i_rx|axi_ad9361_rx_channel:i_rx_channel_0|up_adc_channel:i_up_adc_channel|up_xfer_cntrl:i_xfer_cntrl|up_xfer_data[1]
                Info (332115): To Node            : bladerf_core:U_core|nios_system:U_nios_system|axi_ad9361:axi_ad9361_0|axi_ad9361_rx:i_rx|axi_ad9361_rx_channel:i_rx_channel_0|up_adc_channel:i_up_adc_channel|up_xfer_cntrl:i_xfer_cntrl|d_data_cntrl[1]
                Info (332115): Launch Clock       : U_core|U_system_pll|altera_pll_i|general[0].gpll~PLL_OUTPUT_COUNTER|divclk
                Info (332115): Latch Clock        : U_core|U_nios_system|axi_ad9361_0|i_dev_if|i_rx|i_altlvds_rx|auto_generated|pll_sclk~PLL_OUTPUT_COUNTER|divclk
                Info (332115): Data Arrival Time  : 4.689
                Info (332115): Clock Arrival Time : 4.569
                Info (332115): Relative Delay     : 0.120
                Info (332115): Data Arrival Path:
                Info (332115): Total (ns)  Incr (ns)     Type  Element
                Info (332115): ==========  ========= ==  ====  ===================================
                Info (332115):      3.298      3.298  R        clock network delay
                Info (332115):      3.298      0.000     uTco  bladerf_core:U_core|nios_system:U_nios_system|axi_ad9361:axi_ad9361_0|axi_ad9361_rx:i_rx|axi_ad9361_rx_channel:i_rx_channel_0|up_adc_channel:i_up_adc_channel|up_xfer_cntrl:i_xfer_cntrl|up_xfer_data[1]
                Info (332115):      3.298      0.000 RR  CELL  U_core|U_nios_system|axi_ad9361_0|i_rx|i_rx_channel_0|i_up_adc_channel|i_xfer_cntrl|up_xfer_data[1]|q
                Info (332115):      3.960      0.662 RR    IC  U_core|U_nios_system|axi_ad9361_0|i_rx|i_rx_channel_0|i_up_adc_channel|i_xfer_cntrl|d_data_cntrl[1]|asdata
                Info (332115):      4.689      0.729 RR  CELL  bladerf_core:U_core|nios_system:U_nios_system|axi_ad9361:axi_ad9361_0|axi_ad9361_rx:i_rx|axi_ad9361_rx_channel:i_rx_channel_0|up_adc_channel:i_up_adc_channel|up_xfer_cntrl:i_xfer_cntrl|d_data_cntrl[1]
                Info (332115): Clock Arrival Path:
                Info (332115): Total (ns)  Incr (ns)     Type  Element
                Info (332115): ==========  ========= ==  ====  ===================================
                Info (332115):      4.729      4.729  R        clock network delay
                Info (332115):      4.569     -0.160           clock uncertainty
                Info (332115):      4.569      0.000     uTsu  bladerf_core:U_core|nios_system:U_nios_system|axi_ad9361:axi_ad9361_0|axi_ad9361_rx:i_rx|axi_ad9361_rx_channel:i_rx_channel_0|up_adc_channel:i_up_adc_channel|up_xfer_cntrl:i_xfer_cntrl|d_data_cntrl[1]
            Info (332181): Earliest Path Arrival
                Info (332115): From Node          : bladerf_core:U_core|nios_system:U_nios_system|axi_ad9361:axi_ad9361_0|axi_ad9361_rx:i_rx|axi_ad9361_rx_channel:i_rx_channel_0|up_adc_channel:i_up_adc_channel|up_xfer_cntrl:i_xfer_cntrl|up_xfer_data[29]
                Info (332115): To Node            : bladerf_core:U_core|nios_system:U_nios_system|axi_ad9361:axi_ad9361_0|axi_ad9361_rx:i_rx|axi_ad9361_rx_channel:i_rx_channel_0|up_adc_channel:i_up_adc_channel|up_xfer_cntrl:i_xfer_cntrl|d_data_cntrl[29]
                Info (332115): Launch Clock       : U_core|U_system_pll|altera_pll_i|general[0].gpll~PLL_OUTPUT_COUNTER|divclk
                Info (332115): Latch Clock        : U_core|U_nios_system|axi_ad9361_0|i_dev_if|i_rx|i_altlvds_rx|auto_generated|pll_sclk~PLL_OUTPUT_COUNTER|divclk
                Info (332115): Data Arrival Time  : 2.405
                Info (332115): Clock Arrival Time : 6.530
                Info (332115): Relative Delay     : -4.125
                Info (332115): Data Arrival Path:
                Info (332115): Total (ns)  Incr (ns)     Type  Element
                Info (332115): ==========  ========= ==  ====  ===================================
                Info (332115):      1.758      1.758  R        clock network delay
                Info (332115):      1.758      0.000     uTco  bladerf_core:U_core|nios_system:U_nios_system|axi_ad9361:axi_ad9361_0|axi_ad9361_rx:i_rx|axi_ad9361_rx_channel:i_rx_channel_0|up_adc_channel:i_up_adc_channel|up_xfer_cntrl:i_xfer_cntrl|up_xfer_data[29]
                Info (332115):      1.758      0.000 FF  CELL  U_core|U_nios_system|axi_ad9361_0|i_rx|i_rx_channel_0|i_up_adc_channel|i_xfer_cntrl|up_xfer_data[29]|q
                Info (332115):      2.037      0.279 FF    IC  U_core|U_nios_system|axi_ad9361_0|i_rx|i_rx_channel_0|i_up_adc_channel|i_xfer_cntrl|d_data_cntrl[29]|asdata
                Info (332115):      2.405      0.368 FF  CELL  bladerf_core:U_core|nios_system:U_nios_system|axi_ad9361:axi_ad9361_0|axi_ad9361_rx:i_rx|axi_ad9361_rx_channel:i_rx_channel_0|up_adc_channel:i_up_adc_channel|up_xfer_cntrl:i_xfer_cntrl|d_data_cntrl[29]
                Info (332115): Clock Arrival Path:
                Info (332115): Total (ns)  Incr (ns)     Type  Element
                Info (332115): ==========  ========= ==  ====  ===================================
                Info (332115):      6.370      6.370  R        clock network delay
                Info (332115):      6.530      0.160           clock uncertainty
                Info (332115):      6.530      0.000      uTh  bladerf_core:U_core|nios_system:U_nios_system|axi_ad9361:axi_ad9361_0|axi_ad9361_rx:i_rx|axi_ad9361_rx_channel:i_rx_channel_0|up_adc_channel:i_up_adc_channel|up_xfer_cntrl:i_xfer_cntrl|d_data_cntrl[29]
            Info (332181): Cross Path Clock Pessimism Removed : 2.773
            Info (332181): Required Skew   : 6.400
            Info (332181): Actual Skew     : 1.472
            Info (332181): Slack           : 4.928
    Info (332181): Skew for the Earliest Arrival
        Info (332181): Path #109: Slack is 4.878 
            Info (332181): Latest Path Arrival
                Info (332115): From Node          : bladerf_core:U_core|nios_system:U_nios_system|axi_ad9361:axi_ad9361_0|axi_ad9361_rx:i_rx|axi_ad9361_rx_channel:i_rx_channel_0|up_adc_channel:i_up_adc_channel|up_xfer_cntrl:i_xfer_cntrl|up_xfer_data[3]
                Info (332115): To Node            : bladerf_core:U_core|nios_system:U_nios_system|axi_ad9361:axi_ad9361_0|axi_ad9361_rx:i_rx|axi_ad9361_rx_channel:i_rx_channel_0|up_adc_channel:i_up_adc_channel|up_xfer_cntrl:i_xfer_cntrl|d_data_cntrl[3]
                Info (332115): Launch Clock       : U_core|U_system_pll|altera_pll_i|general[0].gpll~PLL_OUTPUT_COUNTER|divclk
                Info (332115): Latch Clock        : U_core|U_nios_system|axi_ad9361_0|i_dev_if|i_rx|i_altlvds_rx|auto_generated|pll_sclk~PLL_OUTPUT_COUNTER|divclk
                Info (332115): Data Arrival Time  : 4.732
                Info (332115): Clock Arrival Time : 4.562
                Info (332115): Relative Delay     : 0.170
                Info (332115): Data Arrival Path:
                Info (332115): Total (ns)  Incr (ns)     Type  Element
                Info (332115): ==========  ========= ==  ====  ===================================
                Info (332115):      3.304      3.304  R        clock network delay
                Info (332115):      3.304      0.000     uTco  bladerf_core:U_core|nios_system:U_nios_system|axi_ad9361:axi_ad9361_0|axi_ad9361_rx:i_rx|axi_ad9361_rx_channel:i_rx_channel_0|up_adc_channel:i_up_adc_channel|up_xfer_cntrl:i_xfer_cntrl|up_xfer_data[3]
                Info (332115):      3.304      0.000 RR  CELL  U_core|U_nios_system|axi_ad9361_0|i_rx|i_rx_channel_0|i_up_adc_channel|i_xfer_cntrl|up_xfer_data[3]|q
                Info (332115):      4.010      0.706 RR    IC  U_core|U_nios_system|axi_ad9361_0|i_rx|i_rx_channel_0|i_up_adc_channel|i_xfer_cntrl|d_data_cntrl[3]|asdata
                Info (332115):      4.732      0.722 RR  CELL  bladerf_core:U_core|nios_system:U_nios_system|axi_ad9361:axi_ad9361_0|axi_ad9361_rx:i_rx|axi_ad9361_rx_channel:i_rx_channel_0|up_adc_channel:i_up_adc_channel|up_xfer_cntrl:i_xfer_cntrl|d_data_cntrl[3]
                Info (332115): Clock Arrival Path:
                Info (332115): Total (ns)  Incr (ns)     Type  Element
                Info (332115): ==========  ========= ==  ====  ===================================
                Info (332115):      4.722      4.722  R        clock network delay
                Info (332115):      4.562     -0.160           clock uncertainty
                Info (332115):      4.562      0.000     uTsu  bladerf_core:U_core|nios_system:U_nios_system|axi_ad9361:axi_ad9361_0|axi_ad9361_rx:i_rx|axi_ad9361_rx_channel:i_rx_channel_0|up_adc_channel:i_up_adc_channel|up_xfer_cntrl:i_xfer_cntrl|d_data_cntrl[3]
            Info (332181): Earliest Path Arrival
                Info (332115): From Node          : bladerf_core:U_core|nios_system:U_nios_system|axi_ad9361:axi_ad9361_0|axi_ad9361_rx:i_rx|axi_ad9361_rx_channel:i_rx_channel_0|up_adc_channel:i_up_adc_channel|up_xfer_cntrl:i_xfer_cntrl|up_xfer_data[29]
                Info (332115): To Node            : bladerf_core:U_core|nios_system:U_nios_system|axi_ad9361:axi_ad9361_0|axi_ad9361_rx:i_rx|axi_ad9361_rx_channel:i_rx_channel_0|up_adc_channel:i_up_adc_channel|up_xfer_cntrl:i_xfer_cntrl|d_data_cntrl[29]
                Info (332115): Launch Clock       : U_core|U_system_pll|altera_pll_i|general[0].gpll~PLL_OUTPUT_COUNTER|divclk
                Info (332115): Latch Clock        : U_core|U_nios_system|axi_ad9361_0|i_dev_if|i_rx|i_altlvds_rx|auto_generated|pll_sclk~PLL_OUTPUT_COUNTER|divclk
                Info (332115): Data Arrival Time  : 2.405
                Info (332115): Clock Arrival Time : 6.530
                Info (332115): Relative Delay     : -4.125
                Info (332115): Data Arrival Path:
                Info (332115): Total (ns)  Incr (ns)     Type  Element
                Info (332115): ==========  ========= ==  ====  ===================================
                Info (332115):      1.758      1.758  R        clock network delay
                Info (332115):      1.758      0.000     uTco  bladerf_core:U_core|nios_system:U_nios_system|axi_ad9361:axi_ad9361_0|axi_ad9361_rx:i_rx|axi_ad9361_rx_channel:i_rx_channel_0|up_adc_channel:i_up_adc_channel|up_xfer_cntrl:i_xfer_cntrl|up_xfer_data[29]
                Info (332115):      1.758      0.000 FF  CELL  U_core|U_nios_system|axi_ad9361_0|i_rx|i_rx_channel_0|i_up_adc_channel|i_xfer_cntrl|up_xfer_data[29]|q
                Info (332115):      2.037      0.279 FF    IC  U_core|U_nios_system|axi_ad9361_0|i_rx|i_rx_channel_0|i_up_adc_channel|i_xfer_cntrl|d_data_cntrl[29]|asdata
                Info (332115):      2.405      0.368 FF  CELL  bladerf_core:U_core|nios_system:U_nios_system|axi_ad9361:axi_ad9361_0|axi_ad9361_rx:i_rx|axi_ad9361_rx_channel:i_rx_channel_0|up_adc_channel:i_up_adc_channel|up_xfer_cntrl:i_xfer_cntrl|d_data_cntrl[29]
                Info (332115): Clock Arrival Path:
                Info (332115): Total (ns)  Incr (ns)     Type  Element
                Info (332115): ==========  ========= ==  ====  ===================================
                Info (332115):      6.370      6.370  R        clock network delay
                Info (332115):      6.530      0.160           clock uncertainty
                Info (332115):      6.530      0.000      uTh  bladerf_core:U_core|nios_system:U_nios_system|axi_ad9361:axi_ad9361_0|axi_ad9361_rx:i_rx|axi_ad9361_rx_channel:i_rx_channel_0|up_adc_channel:i_up_adc_channel|up_xfer_cntrl:i_xfer_cntrl|d_data_cntrl[29]
            Info (332181): Cross Path Clock Pessimism Removed : 2.773
            Info (332181): Required Skew   : 6.400
            Info (332181): Actual Skew     : 1.522
            Info (332181): Slack           : 4.878
        Info (332181): Path #110: Slack is 4.881 
            Info (332181): Latest Path Arrival
                Info (332115): From Node          : bladerf_core:U_core|nios_system:U_nios_system|axi_ad9361:axi_ad9361_0|axi_ad9361_rx:i_rx|axi_ad9361_rx_channel:i_rx_channel_0|up_adc_channel:i_up_adc_channel|up_xfer_cntrl:i_xfer_cntrl|up_xfer_data[3]
                Info (332115): To Node            : bladerf_core:U_core|nios_system:U_nios_system|axi_ad9361:axi_ad9361_0|axi_ad9361_rx:i_rx|axi_ad9361_rx_channel:i_rx_channel_0|up_adc_channel:i_up_adc_channel|up_xfer_cntrl:i_xfer_cntrl|d_data_cntrl[3]
                Info (332115): Launch Clock       : U_core|U_system_pll|altera_pll_i|general[0].gpll~PLL_OUTPUT_COUNTER|divclk
                Info (332115): Latch Clock        : U_core|U_nios_system|axi_ad9361_0|i_dev_if|i_rx|i_altlvds_rx|auto_generated|pll_sclk~PLL_OUTPUT_COUNTER|divclk
                Info (332115): Data Arrival Time  : 4.732
                Info (332115): Clock Arrival Time : 4.562
                Info (332115): Relative Delay     : 0.170
                Info (332115): Data Arrival Path:
                Info (332115): Total (ns)  Incr (ns)     Type  Element
                Info (332115): ==========  ========= ==  ====  ===================================
                Info (332115):      3.304      3.304  R        clock network delay
                Info (332115):      3.304      0.000     uTco  bladerf_core:U_core|nios_system:U_nios_system|axi_ad9361:axi_ad9361_0|axi_ad9361_rx:i_rx|axi_ad9361_rx_channel:i_rx_channel_0|up_adc_channel:i_up_adc_channel|up_xfer_cntrl:i_xfer_cntrl|up_xfer_data[3]
                Info (332115):      3.304      0.000 RR  CELL  U_core|U_nios_system|axi_ad9361_0|i_rx|i_rx_channel_0|i_up_adc_channel|i_xfer_cntrl|up_xfer_data[3]|q
                Info (332115):      4.010      0.706 RR    IC  U_core|U_nios_system|axi_ad9361_0|i_rx|i_rx_channel_0|i_up_adc_channel|i_xfer_cntrl|d_data_cntrl[3]|asdata
                Info (332115):      4.732      0.722 RR  CELL  bladerf_core:U_core|nios_system:U_nios_system|axi_ad9361:axi_ad9361_0|axi_ad9361_rx:i_rx|axi_ad9361_rx_channel:i_rx_channel_0|up_adc_channel:i_up_adc_channel|up_xfer_cntrl:i_xfer_cntrl|d_data_cntrl[3]
                Info (332115): Clock Arrival Path:
                Info (332115): Total (ns)  Incr (ns)     Type  Element
                Info (332115): ==========  ========= ==  ====  ===================================
                Info (332115):      4.722      4.722  R        clock network delay
                Info (332115):      4.562     -0.160           clock uncertainty
                Info (332115):      4.562      0.000     uTsu  bladerf_core:U_core|nios_system:U_nios_system|axi_ad9361:axi_ad9361_0|axi_ad9361_rx:i_rx|axi_ad9361_rx_channel:i_rx_channel_0|up_adc_channel:i_up_adc_channel|up_xfer_cntrl:i_xfer_cntrl|d_data_cntrl[3]
            Info (332181): Earliest Path Arrival
                Info (332115): From Node          : bladerf_core:U_core|nios_system:U_nios_system|axi_ad9361:axi_ad9361_0|axi_ad9361_rx:i_rx|axi_ad9361_rx_channel:i_rx_channel_0|up_adc_channel:i_up_adc_channel|up_xfer_cntrl:i_xfer_cntrl|up_xfer_data[28]
                Info (332115): To Node            : bladerf_core:U_core|nios_system:U_nios_system|axi_ad9361:axi_ad9361_0|axi_ad9361_rx:i_rx|axi_ad9361_rx_channel:i_rx_channel_0|up_adc_channel:i_up_adc_channel|up_xfer_cntrl:i_xfer_cntrl|d_data_cntrl[28]
                Info (332115): Launch Clock       : U_core|U_system_pll|altera_pll_i|general[0].gpll~PLL_OUTPUT_COUNTER|divclk
                Info (332115): Latch Clock        : U_core|U_nios_system|axi_ad9361_0|i_dev_if|i_rx|i_altlvds_rx|auto_generated|pll_sclk~PLL_OUTPUT_COUNTER|divclk
                Info (332115): Data Arrival Time  : 2.398
                Info (332115): Clock Arrival Time : 6.520
                Info (332115): Relative Delay     : -4.122
                Info (332115): Data Arrival Path:
                Info (332115): Total (ns)  Incr (ns)     Type  Element
                Info (332115): ==========  ========= ==  ====  ===================================
                Info (332115):      1.760      1.760  R        clock network delay
                Info (332115):      1.760      0.000     uTco  bladerf_core:U_core|nios_system:U_nios_system|axi_ad9361:axi_ad9361_0|axi_ad9361_rx:i_rx|axi_ad9361_rx_channel:i_rx_channel_0|up_adc_channel:i_up_adc_channel|up_xfer_cntrl:i_xfer_cntrl|up_xfer_data[28]
                Info (332115):      1.760      0.000 FF  CELL  U_core|U_nios_system|axi_ad9361_0|i_rx|i_rx_channel_0|i_up_adc_channel|i_xfer_cntrl|up_xfer_data[28]|q
                Info (332115):      2.263      0.503 FF    IC  U_core|U_nios_system|axi_ad9361_0|i_rx|i_rx_channel_0|i_up_adc_channel|i_xfer_cntrl|d_data_cntrl[28]~feeder|dataf
                Info (332115):      2.317      0.054 FF  CELL  U_core|U_nios_system|axi_ad9361_0|i_rx|i_rx_channel_0|i_up_adc_channel|i_xfer_cntrl|d_data_cntrl[28]~feeder|combout
                Info (332115):      2.317      0.000 FF    IC  U_core|U_nios_system|axi_ad9361_0|i_rx|i_rx_channel_0|i_up_adc_channel|i_xfer_cntrl|d_data_cntrl[28]|d
                Info (332115):      2.398      0.081 FF  CELL  bladerf_core:U_core|nios_system:U_nios_system|axi_ad9361:axi_ad9361_0|axi_ad9361_rx:i_rx|axi_ad9361_rx_channel:i_rx_channel_0|up_adc_channel:i_up_adc_channel|up_xfer_cntrl:i_xfer_cntrl|d_data_cntrl[28]
                Info (332115): Clock Arrival Path:
                Info (332115): Total (ns)  Incr (ns)     Type  Element
                Info (332115): ==========  ========= ==  ====  ===================================
                Info (332115):      6.360      6.360  R        clock network delay
                Info (332115):      6.520      0.160           clock uncertainty
                Info (332115):      6.520      0.000      uTh  bladerf_core:U_core|nios_system:U_nios_system|axi_ad9361:axi_ad9361_0|axi_ad9361_rx:i_rx|axi_ad9361_rx_channel:i_rx_channel_0|up_adc_channel:i_up_adc_channel|up_xfer_cntrl:i_xfer_cntrl|d_data_cntrl[28]
            Info (332181): Cross Path Clock Pessimism Removed : 2.773
            Info (332181): Required Skew   : 6.400
            Info (332181): Actual Skew     : 1.519
            Info (332181): Slack           : 4.881
        Info (332181): Path #111: Slack is 4.888 
            Info (332181): Latest Path Arrival
                Info (332115): From Node          : bladerf_core:U_core|nios_system:U_nios_system|axi_ad9361:axi_ad9361_0|axi_ad9361_rx:i_rx|axi_ad9361_rx_channel:i_rx_channel_0|up_adc_channel:i_up_adc_channel|up_xfer_cntrl:i_xfer_cntrl|up_xfer_data[3]
                Info (332115): To Node            : bladerf_core:U_core|nios_system:U_nios_system|axi_ad9361:axi_ad9361_0|axi_ad9361_rx:i_rx|axi_ad9361_rx_channel:i_rx_channel_0|up_adc_channel:i_up_adc_channel|up_xfer_cntrl:i_xfer_cntrl|d_data_cntrl[3]
                Info (332115): Launch Clock       : U_core|U_system_pll|altera_pll_i|general[0].gpll~PLL_OUTPUT_COUNTER|divclk
                Info (332115): Latch Clock        : U_core|U_nios_system|axi_ad9361_0|i_dev_if|i_rx|i_altlvds_rx|auto_generated|pll_sclk~PLL_OUTPUT_COUNTER|divclk
                Info (332115): Data Arrival Time  : 4.732
                Info (332115): Clock Arrival Time : 4.562
                Info (332115): Relative Delay     : 0.170
                Info (332115): Data Arrival Path:
                Info (332115): Total (ns)  Incr (ns)     Type  Element
                Info (332115): ==========  ========= ==  ====  ===================================
                Info (332115):      3.304      3.304  R        clock network delay
                Info (332115):      3.304      0.000     uTco  bladerf_core:U_core|nios_system:U_nios_system|axi_ad9361:axi_ad9361_0|axi_ad9361_rx:i_rx|axi_ad9361_rx_channel:i_rx_channel_0|up_adc_channel:i_up_adc_channel|up_xfer_cntrl:i_xfer_cntrl|up_xfer_data[3]
                Info (332115):      3.304      0.000 RR  CELL  U_core|U_nios_system|axi_ad9361_0|i_rx|i_rx_channel_0|i_up_adc_channel|i_xfer_cntrl|up_xfer_data[3]|q
                Info (332115):      4.010      0.706 RR    IC  U_core|U_nios_system|axi_ad9361_0|i_rx|i_rx_channel_0|i_up_adc_channel|i_xfer_cntrl|d_data_cntrl[3]|asdata
                Info (332115):      4.732      0.722 RR  CELL  bladerf_core:U_core|nios_system:U_nios_system|axi_ad9361:axi_ad9361_0|axi_ad9361_rx:i_rx|axi_ad9361_rx_channel:i_rx_channel_0|up_adc_channel:i_up_adc_channel|up_xfer_cntrl:i_xfer_cntrl|d_data_cntrl[3]
                Info (332115): Clock Arrival Path:
                Info (332115): Total (ns)  Incr (ns)     Type  Element
                Info (332115): ==========  ========= ==  ====  ===================================
                Info (332115):      4.722      4.722  R        clock network delay
                Info (332115):      4.562     -0.160           clock uncertainty
                Info (332115):      4.562      0.000     uTsu  bladerf_core:U_core|nios_system:U_nios_system|axi_ad9361:axi_ad9361_0|axi_ad9361_rx:i_rx|axi_ad9361_rx_channel:i_rx_channel_0|up_adc_channel:i_up_adc_channel|up_xfer_cntrl:i_xfer_cntrl|d_data_cntrl[3]
            Info (332181): Earliest Path Arrival
                Info (332115): From Node          : bladerf_core:U_core|nios_system:U_nios_system|axi_ad9361:axi_ad9361_0|axi_ad9361_rx:i_rx|axi_ad9361_rx_channel:i_rx_channel_0|up_adc_channel:i_up_adc_channel|up_xfer_cntrl:i_xfer_cntrl|up_xfer_data[61]
                Info (332115): To Node            : bladerf_core:U_core|nios_system:U_nios_system|axi_ad9361:axi_ad9361_0|axi_ad9361_rx:i_rx|axi_ad9361_rx_channel:i_rx_channel_0|up_adc_channel:i_up_adc_channel|up_xfer_cntrl:i_xfer_cntrl|d_data_cntrl[61]
                Info (332115): Launch Clock       : U_core|U_system_pll|altera_pll_i|general[0].gpll~PLL_OUTPUT_COUNTER|divclk
                Info (332115): Latch Clock        : U_core|U_nios_system|axi_ad9361_0|i_dev_if|i_rx|i_altlvds_rx|auto_generated|pll_sclk~PLL_OUTPUT_COUNTER|divclk
                Info (332115): Data Arrival Time  : 2.410
                Info (332115): Clock Arrival Time : 6.525
                Info (332115): Relative Delay     : -4.115
                Info (332115): Data Arrival Path:
                Info (332115): Total (ns)  Incr (ns)     Type  Element
                Info (332115): ==========  ========= ==  ====  ===================================
                Info (332115):      1.758      1.758  R        clock network delay
                Info (332115):      1.758      0.000     uTco  bladerf_core:U_core|nios_system:U_nios_system|axi_ad9361:axi_ad9361_0|axi_ad9361_rx:i_rx|axi_ad9361_rx_channel:i_rx_channel_0|up_adc_channel:i_up_adc_channel|up_xfer_cntrl:i_xfer_cntrl|up_xfer_data[61]
                Info (332115):      1.758      0.000 FF  CELL  U_core|U_nios_system|axi_ad9361_0|i_rx|i_rx_channel_0|i_up_adc_channel|i_xfer_cntrl|up_xfer_data[61]|q
                Info (332115):      2.041      0.283 FF    IC  U_core|U_nios_system|axi_ad9361_0|i_rx|i_rx_channel_0|i_up_adc_channel|i_xfer_cntrl|d_data_cntrl[61]|asdata
                Info (332115):      2.410      0.369 FF  CELL  bladerf_core:U_core|nios_system:U_nios_system|axi_ad9361:axi_ad9361_0|axi_ad9361_rx:i_rx|axi_ad9361_rx_channel:i_rx_channel_0|up_adc_channel:i_up_adc_channel|up_xfer_cntrl:i_xfer_cntrl|d_data_cntrl[61]
                Info (332115): Clock Arrival Path:
                Info (332115): Total (ns)  Incr (ns)     Type  Element
                Info (332115): ==========  ========= ==  ====  ===================================
                Info (332115):      6.365      6.365  R        clock network delay
                Info (332115):      6.525      0.160           clock uncertainty
                Info (332115):      6.525      0.000      uTh  bladerf_core:U_core|nios_system:U_nios_system|axi_ad9361:axi_ad9361_0|axi_ad9361_rx:i_rx|axi_ad9361_rx_channel:i_rx_channel_0|up_adc_channel:i_up_adc_channel|up_xfer_cntrl:i_xfer_cntrl|d_data_cntrl[61]
            Info (332181): Cross Path Clock Pessimism Removed : 2.773
            Info (332181): Required Skew   : 6.400
            Info (332181): Actual Skew     : 1.512
            Info (332181): Slack           : 4.888
        Info (332181): Path #112: Slack is 4.901 
            Info (332181): Latest Path Arrival
                Info (332115): From Node          : bladerf_core:U_core|nios_system:U_nios_system|axi_ad9361:axi_ad9361_0|axi_ad9361_rx:i_rx|axi_ad9361_rx_channel:i_rx_channel_0|up_adc_channel:i_up_adc_channel|up_xfer_cntrl:i_xfer_cntrl|up_xfer_data[3]
                Info (332115): To Node            : bladerf_core:U_core|nios_system:U_nios_system|axi_ad9361:axi_ad9361_0|axi_ad9361_rx:i_rx|axi_ad9361_rx_channel:i_rx_channel_0|up_adc_channel:i_up_adc_channel|up_xfer_cntrl:i_xfer_cntrl|d_data_cntrl[3]
                Info (332115): Launch Clock       : U_core|U_system_pll|altera_pll_i|general[0].gpll~PLL_OUTPUT_COUNTER|divclk
                Info (332115): Latch Clock        : U_core|U_nios_system|axi_ad9361_0|i_dev_if|i_rx|i_altlvds_rx|auto_generated|pll_sclk~PLL_OUTPUT_COUNTER|divclk
                Info (332115): Data Arrival Time  : 4.732
                Info (332115): Clock Arrival Time : 4.562
                Info (332115): Relative Delay     : 0.170
                Info (332115): Data Arrival Path:
                Info (332115): Total (ns)  Incr (ns)     Type  Element
                Info (332115): ==========  ========= ==  ====  ===================================
                Info (332115):      3.304      3.304  R        clock network delay
                Info (332115):      3.304      0.000     uTco  bladerf_core:U_core|nios_system:U_nios_system|axi_ad9361:axi_ad9361_0|axi_ad9361_rx:i_rx|axi_ad9361_rx_channel:i_rx_channel_0|up_adc_channel:i_up_adc_channel|up_xfer_cntrl:i_xfer_cntrl|up_xfer_data[3]
                Info (332115):      3.304      0.000 RR  CELL  U_core|U_nios_system|axi_ad9361_0|i_rx|i_rx_channel_0|i_up_adc_channel|i_xfer_cntrl|up_xfer_data[3]|q
                Info (332115):      4.010      0.706 RR    IC  U_core|U_nios_system|axi_ad9361_0|i_rx|i_rx_channel_0|i_up_adc_channel|i_xfer_cntrl|d_data_cntrl[3]|asdata
                Info (332115):      4.732      0.722 RR  CELL  bladerf_core:U_core|nios_system:U_nios_system|axi_ad9361:axi_ad9361_0|axi_ad9361_rx:i_rx|axi_ad9361_rx_channel:i_rx_channel_0|up_adc_channel:i_up_adc_channel|up_xfer_cntrl:i_xfer_cntrl|d_data_cntrl[3]
                Info (332115): Clock Arrival Path:
                Info (332115): Total (ns)  Incr (ns)     Type  Element
                Info (332115): ==========  ========= ==  ====  ===================================
                Info (332115):      4.722      4.722  R        clock network delay
                Info (332115):      4.562     -0.160           clock uncertainty
                Info (332115):      4.562      0.000     uTsu  bladerf_core:U_core|nios_system:U_nios_system|axi_ad9361:axi_ad9361_0|axi_ad9361_rx:i_rx|axi_ad9361_rx_channel:i_rx_channel_0|up_adc_channel:i_up_adc_channel|up_xfer_cntrl:i_xfer_cntrl|d_data_cntrl[3]
            Info (332181): Earliest Path Arrival
                Info (332115): From Node          : bladerf_core:U_core|nios_system:U_nios_system|axi_ad9361:axi_ad9361_0|axi_ad9361_rx:i_rx|axi_ad9361_rx_channel:i_rx_channel_0|up_adc_channel:i_up_adc_channel|up_xfer_cntrl:i_xfer_cntrl|up_xfer_data[39]
                Info (332115): To Node            : bladerf_core:U_core|nios_system:U_nios_system|axi_ad9361:axi_ad9361_0|axi_ad9361_rx:i_rx|axi_ad9361_rx_channel:i_rx_channel_0|up_adc_channel:i_up_adc_channel|up_xfer_cntrl:i_xfer_cntrl|d_data_cntrl[39]
                Info (332115): Launch Clock       : U_core|U_system_pll|altera_pll_i|general[0].gpll~PLL_OUTPUT_COUNTER|divclk
                Info (332115): Latch Clock        : U_core|U_nios_system|axi_ad9361_0|i_dev_if|i_rx|i_altlvds_rx|auto_generated|pll_sclk~PLL_OUTPUT_COUNTER|divclk
                Info (332115): Data Arrival Time  : 2.428
                Info (332115): Clock Arrival Time : 6.530
                Info (332115): Relative Delay     : -4.102
                Info (332115): Data Arrival Path:
                Info (332115): Total (ns)  Incr (ns)     Type  Element
                Info (332115): ==========  ========= ==  ====  ===================================
                Info (332115):      1.757      1.757  R        clock network delay
                Info (332115):      1.757      0.000     uTco  bladerf_core:U_core|nios_system:U_nios_system|axi_ad9361:axi_ad9361_0|axi_ad9361_rx:i_rx|axi_ad9361_rx_channel:i_rx_channel_0|up_adc_channel:i_up_adc_channel|up_xfer_cntrl:i_xfer_cntrl|up_xfer_data[39]
                Info (332115):      1.757      0.000 FF  CELL  U_core|U_nios_system|axi_ad9361_0|i_rx|i_rx_channel_0|i_up_adc_channel|i_xfer_cntrl|up_xfer_data[39]|q
                Info (332115):      2.291      0.534 FF    IC  U_core|U_nios_system|axi_ad9361_0|i_rx|i_rx_channel_0|i_up_adc_channel|i_xfer_cntrl|d_data_cntrl[39]~feeder|dataf
                Info (332115):      2.346      0.055 FF  CELL  U_core|U_nios_system|axi_ad9361_0|i_rx|i_rx_channel_0|i_up_adc_channel|i_xfer_cntrl|d_data_cntrl[39]~feeder|combout
                Info (332115):      2.346      0.000 FF    IC  U_core|U_nios_system|axi_ad9361_0|i_rx|i_rx_channel_0|i_up_adc_channel|i_xfer_cntrl|d_data_cntrl[39]|d
                Info (332115):      2.428      0.082 FF  CELL  bladerf_core:U_core|nios_system:U_nios_system|axi_ad9361:axi_ad9361_0|axi_ad9361_rx:i_rx|axi_ad9361_rx_channel:i_rx_channel_0|up_adc_channel:i_up_adc_channel|up_xfer_cntrl:i_xfer_cntrl|d_data_cntrl[39]
                Info (332115): Clock Arrival Path:
                Info (332115): Total (ns)  Incr (ns)     Type  Element
                Info (332115): ==========  ========= ==  ====  ===================================
                Info (332115):      6.370      6.370  R        clock network delay
                Info (332115):      6.530      0.160           clock uncertainty
                Info (332115):      6.530      0.000      uTh  bladerf_core:U_core|nios_system:U_nios_system|axi_ad9361:axi_ad9361_0|axi_ad9361_rx:i_rx|axi_ad9361_rx_channel:i_rx_channel_0|up_adc_channel:i_up_adc_channel|up_xfer_cntrl:i_xfer_cntrl|d_data_cntrl[39]
            Info (332181): Cross Path Clock Pessimism Removed : 2.773
            Info (332181): Required Skew   : 6.400
            Info (332181): Actual Skew     : 1.499
            Info (332181): Slack           : 4.901
Info (332115): Worst-case slack is 4.887 for "set_max_skew -from [get_keepers {*axi_ad9361_rx_channel:i_rx_channel_3|up_adc_channel:i_up_adc_channel|up_xfer_cntrl:i_xfer_cntrl|up_xfer_data[*]}] -to [get_keepers {*axi_ad9361_rx_channel:i_rx_channel_3|up_adc_channel:i_up_adc_channel|up_xfer_cntrl:i_xfer_cntrl|d_data_cntrl[*]}] 6.400 "
    Info (332181): Skew for the Latest Arrival
        Info (332181): Path #113: Slack is 4.887 
            Info (332181): Latest Path Arrival
                Info (332115): From Node          : bladerf_core:U_core|nios_system:U_nios_system|axi_ad9361:axi_ad9361_0|axi_ad9361_rx:i_rx|axi_ad9361_rx_channel:i_rx_channel_3|up_adc_channel:i_up_adc_channel|up_xfer_cntrl:i_xfer_cntrl|up_xfer_data[38]
                Info (332115): To Node            : bladerf_core:U_core|nios_system:U_nios_system|axi_ad9361:axi_ad9361_0|axi_ad9361_rx:i_rx|axi_ad9361_rx_channel:i_rx_channel_3|up_adc_channel:i_up_adc_channel|up_xfer_cntrl:i_xfer_cntrl|d_data_cntrl[38]
                Info (332115): Launch Clock       : U_core|U_system_pll|altera_pll_i|general[0].gpll~PLL_OUTPUT_COUNTER|divclk
                Info (332115): Latch Clock        : U_core|U_nios_system|axi_ad9361_0|i_dev_if|i_rx|i_altlvds_rx|auto_generated|pll_sclk~PLL_OUTPUT_COUNTER|divclk
                Info (332115): Data Arrival Time  : 4.746
                Info (332115): Clock Arrival Time : 4.574
                Info (332115): Relative Delay     : 0.172
                Info (332115): Data Arrival Path:
                Info (332115): Total (ns)  Incr (ns)     Type  Element
                Info (332115): ==========  ========= ==  ====  ===================================
                Info (332115):      3.331      3.331  R        clock network delay
                Info (332115):      3.331      0.000     uTco  bladerf_core:U_core|nios_system:U_nios_system|axi_ad9361:axi_ad9361_0|axi_ad9361_rx:i_rx|axi_ad9361_rx_channel:i_rx_channel_3|up_adc_channel:i_up_adc_channel|up_xfer_cntrl:i_xfer_cntrl|up_xfer_data[38]
                Info (332115):      3.331      0.000 RR  CELL  U_core|U_nios_system|axi_ad9361_0|i_rx|i_rx_channel_3|i_up_adc_channel|i_xfer_cntrl|up_xfer_data[38]|q
                Info (332115):      4.023      0.692 RR    IC  U_core|U_nios_system|axi_ad9361_0|i_rx|i_rx_channel_3|i_up_adc_channel|i_xfer_cntrl|d_data_cntrl[38]|asdata
                Info (332115):      4.746      0.723 RR  CELL  bladerf_core:U_core|nios_system:U_nios_system|axi_ad9361:axi_ad9361_0|axi_ad9361_rx:i_rx|axi_ad9361_rx_channel:i_rx_channel_3|up_adc_channel:i_up_adc_channel|up_xfer_cntrl:i_xfer_cntrl|d_data_cntrl[38]
                Info (332115): Clock Arrival Path:
                Info (332115): Total (ns)  Incr (ns)     Type  Element
                Info (332115): ==========  ========= ==  ====  ===================================
                Info (332115):      4.734      4.734  R        clock network delay
                Info (332115):      4.574     -0.160           clock uncertainty
                Info (332115):      4.574      0.000     uTsu  bladerf_core:U_core|nios_system:U_nios_system|axi_ad9361:axi_ad9361_0|axi_ad9361_rx:i_rx|axi_ad9361_rx_channel:i_rx_channel_3|up_adc_channel:i_up_adc_channel|up_xfer_cntrl:i_xfer_cntrl|d_data_cntrl[38]
            Info (332181): Earliest Path Arrival
                Info (332115): From Node          : bladerf_core:U_core|nios_system:U_nios_system|axi_ad9361:axi_ad9361_0|axi_ad9361_rx:i_rx|axi_ad9361_rx_channel:i_rx_channel_3|up_adc_channel:i_up_adc_channel|up_xfer_cntrl:i_xfer_cntrl|up_xfer_data[57]
                Info (332115): To Node            : bladerf_core:U_core|nios_system:U_nios_system|axi_ad9361:axi_ad9361_0|axi_ad9361_rx:i_rx|axi_ad9361_rx_channel:i_rx_channel_3|up_adc_channel:i_up_adc_channel|up_xfer_cntrl:i_xfer_cntrl|d_data_cntrl[57]
                Info (332115): Launch Clock       : U_core|U_system_pll|altera_pll_i|general[0].gpll~PLL_OUTPUT_COUNTER|divclk
                Info (332115): Latch Clock        : U_core|U_nios_system|axi_ad9361_0|i_dev_if|i_rx|i_altlvds_rx|auto_generated|pll_sclk~PLL_OUTPUT_COUNTER|divclk
                Info (332115): Data Arrival Time  : 2.405
                Info (332115): Clock Arrival Time : 6.519
                Info (332115): Relative Delay     : -4.114
                Info (332115): Data Arrival Path:
                Info (332115): Total (ns)  Incr (ns)     Type  Element
                Info (332115): ==========  ========= ==  ====  ===================================
                Info (332115):      1.779      1.779  R        clock network delay
                Info (332115):      1.779      0.000     uTco  bladerf_core:U_core|nios_system:U_nios_system|axi_ad9361:axi_ad9361_0|axi_ad9361_rx:i_rx|axi_ad9361_rx_channel:i_rx_channel_3|up_adc_channel:i_up_adc_channel|up_xfer_cntrl:i_xfer_cntrl|up_xfer_data[57]
                Info (332115):      1.779      0.000 FF  CELL  U_core|U_nios_system|axi_ad9361_0|i_rx|i_rx_channel_3|i_up_adc_channel|i_xfer_cntrl|up_xfer_data[57]|q
                Info (332115):      2.270      0.491 FF    IC  U_core|U_nios_system|axi_ad9361_0|i_rx|i_rx_channel_3|i_up_adc_channel|i_xfer_cntrl|d_data_cntrl[57]~feeder|dataf
                Info (332115):      2.324      0.054 FF  CELL  U_core|U_nios_system|axi_ad9361_0|i_rx|i_rx_channel_3|i_up_adc_channel|i_xfer_cntrl|d_data_cntrl[57]~feeder|combout
                Info (332115):      2.324      0.000 FF    IC  U_core|U_nios_system|axi_ad9361_0|i_rx|i_rx_channel_3|i_up_adc_channel|i_xfer_cntrl|d_data_cntrl[57]|d
                Info (332115):      2.405      0.081 FF  CELL  bladerf_core:U_core|nios_system:U_nios_system|axi_ad9361:axi_ad9361_0|axi_ad9361_rx:i_rx|axi_ad9361_rx_channel:i_rx_channel_3|up_adc_channel:i_up_adc_channel|up_xfer_cntrl:i_xfer_cntrl|d_data_cntrl[57]
                Info (332115): Clock Arrival Path:
                Info (332115): Total (ns)  Incr (ns)     Type  Element
                Info (332115): ==========  ========= ==  ====  ===================================
                Info (332115):      6.359      6.359  R        clock network delay
                Info (332115):      6.519      0.160           clock uncertainty
                Info (332115):      6.519      0.000      uTh  bladerf_core:U_core|nios_system:U_nios_system|axi_ad9361:axi_ad9361_0|axi_ad9361_rx:i_rx|axi_ad9361_rx_channel:i_rx_channel_3|up_adc_channel:i_up_adc_channel|up_xfer_cntrl:i_xfer_cntrl|d_data_cntrl[57]
            Info (332181): Cross Path Clock Pessimism Removed : 2.773
            Info (332181): Required Skew   : 6.400
            Info (332181): Actual Skew     : 1.513
            Info (332181): Slack           : 4.887
        Info (332181): Path #114: Slack is 4.896 
            Info (332181): Latest Path Arrival
                Info (332115): From Node          : bladerf_core:U_core|nios_system:U_nios_system|axi_ad9361:axi_ad9361_0|axi_ad9361_rx:i_rx|axi_ad9361_rx_channel:i_rx_channel_3|up_adc_channel:i_up_adc_channel|up_xfer_cntrl:i_xfer_cntrl|up_xfer_data[3]
                Info (332115): To Node            : bladerf_core:U_core|nios_system:U_nios_system|axi_ad9361:axi_ad9361_0|axi_ad9361_rx:i_rx|axi_ad9361_rx_channel:i_rx_channel_3|up_adc_channel:i_up_adc_channel|up_xfer_cntrl:i_xfer_cntrl|d_data_cntrl[3]
                Info (332115): Launch Clock       : U_core|U_system_pll|altera_pll_i|general[0].gpll~PLL_OUTPUT_COUNTER|divclk
                Info (332115): Latch Clock        : U_core|U_nios_system|axi_ad9361_0|i_dev_if|i_rx|i_altlvds_rx|auto_generated|pll_sclk~PLL_OUTPUT_COUNTER|divclk
                Info (332115): Data Arrival Time  : 4.734
                Info (332115): Clock Arrival Time : 4.571
                Info (332115): Relative Delay     : 0.163
                Info (332115): Data Arrival Path:
                Info (332115): Total (ns)  Incr (ns)     Type  Element
                Info (332115): ==========  ========= ==  ====  ===================================
                Info (332115):      3.301      3.301  R        clock network delay
                Info (332115):      3.301      0.000     uTco  bladerf_core:U_core|nios_system:U_nios_system|axi_ad9361:axi_ad9361_0|axi_ad9361_rx:i_rx|axi_ad9361_rx_channel:i_rx_channel_3|up_adc_channel:i_up_adc_channel|up_xfer_cntrl:i_xfer_cntrl|up_xfer_data[3]
                Info (332115):      3.301      0.000 RR  CELL  U_core|U_nios_system|axi_ad9361_0|i_rx|i_rx_channel_3|i_up_adc_channel|i_xfer_cntrl|up_xfer_data[3]|q
                Info (332115):      4.005      0.704 RR    IC  U_core|U_nios_system|axi_ad9361_0|i_rx|i_rx_channel_3|i_up_adc_channel|i_xfer_cntrl|d_data_cntrl[3]|asdata
                Info (332115):      4.734      0.729 RR  CELL  bladerf_core:U_core|nios_system:U_nios_system|axi_ad9361:axi_ad9361_0|axi_ad9361_rx:i_rx|axi_ad9361_rx_channel:i_rx_channel_3|up_adc_channel:i_up_adc_channel|up_xfer_cntrl:i_xfer_cntrl|d_data_cntrl[3]
                Info (332115): Clock Arrival Path:
                Info (332115): Total (ns)  Incr (ns)     Type  Element
                Info (332115): ==========  ========= ==  ====  ===================================
                Info (332115):      4.731      4.731  R        clock network delay
                Info (332115):      4.571     -0.160           clock uncertainty
                Info (332115):      4.571      0.000     uTsu  bladerf_core:U_core|nios_system:U_nios_system|axi_ad9361:axi_ad9361_0|axi_ad9361_rx:i_rx|axi_ad9361_rx_channel:i_rx_channel_3|up_adc_channel:i_up_adc_channel|up_xfer_cntrl:i_xfer_cntrl|d_data_cntrl[3]
            Info (332181): Earliest Path Arrival
                Info (332115): From Node          : bladerf_core:U_core|nios_system:U_nios_system|axi_ad9361:axi_ad9361_0|axi_ad9361_rx:i_rx|axi_ad9361_rx_channel:i_rx_channel_3|up_adc_channel:i_up_adc_channel|up_xfer_cntrl:i_xfer_cntrl|up_xfer_data[57]
                Info (332115): To Node            : bladerf_core:U_core|nios_system:U_nios_system|axi_ad9361:axi_ad9361_0|axi_ad9361_rx:i_rx|axi_ad9361_rx_channel:i_rx_channel_3|up_adc_channel:i_up_adc_channel|up_xfer_cntrl:i_xfer_cntrl|d_data_cntrl[57]
                Info (332115): Launch Clock       : U_core|U_system_pll|altera_pll_i|general[0].gpll~PLL_OUTPUT_COUNTER|divclk
                Info (332115): Latch Clock        : U_core|U_nios_system|axi_ad9361_0|i_dev_if|i_rx|i_altlvds_rx|auto_generated|pll_sclk~PLL_OUTPUT_COUNTER|divclk
                Info (332115): Data Arrival Time  : 2.405
                Info (332115): Clock Arrival Time : 6.519
                Info (332115): Relative Delay     : -4.114
                Info (332115): Data Arrival Path:
                Info (332115): Total (ns)  Incr (ns)     Type  Element
                Info (332115): ==========  ========= ==  ====  ===================================
                Info (332115):      1.779      1.779  R        clock network delay
                Info (332115):      1.779      0.000     uTco  bladerf_core:U_core|nios_system:U_nios_system|axi_ad9361:axi_ad9361_0|axi_ad9361_rx:i_rx|axi_ad9361_rx_channel:i_rx_channel_3|up_adc_channel:i_up_adc_channel|up_xfer_cntrl:i_xfer_cntrl|up_xfer_data[57]
                Info (332115):      1.779      0.000 FF  CELL  U_core|U_nios_system|axi_ad9361_0|i_rx|i_rx_channel_3|i_up_adc_channel|i_xfer_cntrl|up_xfer_data[57]|q
                Info (332115):      2.270      0.491 FF    IC  U_core|U_nios_system|axi_ad9361_0|i_rx|i_rx_channel_3|i_up_adc_channel|i_xfer_cntrl|d_data_cntrl[57]~feeder|dataf
                Info (332115):      2.324      0.054 FF  CELL  U_core|U_nios_system|axi_ad9361_0|i_rx|i_rx_channel_3|i_up_adc_channel|i_xfer_cntrl|d_data_cntrl[57]~feeder|combout
                Info (332115):      2.324      0.000 FF    IC  U_core|U_nios_system|axi_ad9361_0|i_rx|i_rx_channel_3|i_up_adc_channel|i_xfer_cntrl|d_data_cntrl[57]|d
                Info (332115):      2.405      0.081 FF  CELL  bladerf_core:U_core|nios_system:U_nios_system|axi_ad9361:axi_ad9361_0|axi_ad9361_rx:i_rx|axi_ad9361_rx_channel:i_rx_channel_3|up_adc_channel:i_up_adc_channel|up_xfer_cntrl:i_xfer_cntrl|d_data_cntrl[57]
                Info (332115): Clock Arrival Path:
                Info (332115): Total (ns)  Incr (ns)     Type  Element
                Info (332115): ==========  ========= ==  ====  ===================================
                Info (332115):      6.359      6.359  R        clock network delay
                Info (332115):      6.519      0.160           clock uncertainty
                Info (332115):      6.519      0.000      uTh  bladerf_core:U_core|nios_system:U_nios_system|axi_ad9361:axi_ad9361_0|axi_ad9361_rx:i_rx|axi_ad9361_rx_channel:i_rx_channel_3|up_adc_channel:i_up_adc_channel|up_xfer_cntrl:i_xfer_cntrl|d_data_cntrl[57]
            Info (332181): Cross Path Clock Pessimism Removed : 2.773
            Info (332181): Required Skew   : 6.400
            Info (332181): Actual Skew     : 1.504
            Info (332181): Slack           : 4.896
        Info (332181): Path #115: Slack is 4.960 
            Info (332181): Latest Path Arrival
                Info (332115): From Node          : bladerf_core:U_core|nios_system:U_nios_system|axi_ad9361:axi_ad9361_0|axi_ad9361_rx:i_rx|axi_ad9361_rx_channel:i_rx_channel_3|up_adc_channel:i_up_adc_channel|up_xfer_cntrl:i_xfer_cntrl|up_xfer_data[6]
                Info (332115): To Node            : bladerf_core:U_core|nios_system:U_nios_system|axi_ad9361:axi_ad9361_0|axi_ad9361_rx:i_rx|axi_ad9361_rx_channel:i_rx_channel_3|up_adc_channel:i_up_adc_channel|up_xfer_cntrl:i_xfer_cntrl|d_data_cntrl[6]
                Info (332115): Launch Clock       : U_core|U_system_pll|altera_pll_i|general[0].gpll~PLL_OUTPUT_COUNTER|divclk
                Info (332115): Latch Clock        : U_core|U_nios_system|axi_ad9361_0|i_dev_if|i_rx|i_altlvds_rx|auto_generated|pll_sclk~PLL_OUTPUT_COUNTER|divclk
                Info (332115): Data Arrival Time  : 4.669
                Info (332115): Clock Arrival Time : 4.570
                Info (332115): Relative Delay     : 0.099
                Info (332115): Data Arrival Path:
                Info (332115): Total (ns)  Incr (ns)     Type  Element
                Info (332115): ==========  ========= ==  ====  ===================================
                Info (332115):      3.300      3.300  R        clock network delay
                Info (332115):      3.300      0.000     uTco  bladerf_core:U_core|nios_system:U_nios_system|axi_ad9361:axi_ad9361_0|axi_ad9361_rx:i_rx|axi_ad9361_rx_channel:i_rx_channel_3|up_adc_channel:i_up_adc_channel|up_xfer_cntrl:i_xfer_cntrl|up_xfer_data[6]
                Info (332115):      3.300      0.000 RR  CELL  U_core|U_nios_system|axi_ad9361_0|i_rx|i_rx_channel_3|i_up_adc_channel|i_xfer_cntrl|up_xfer_data[6]|q
                Info (332115):      3.940      0.640 RR    IC  U_core|U_nios_system|axi_ad9361_0|i_rx|i_rx_channel_3|i_up_adc_channel|i_xfer_cntrl|d_data_cntrl[6]|asdata
                Info (332115):      4.669      0.729 RR  CELL  bladerf_core:U_core|nios_system:U_nios_system|axi_ad9361:axi_ad9361_0|axi_ad9361_rx:i_rx|axi_ad9361_rx_channel:i_rx_channel_3|up_adc_channel:i_up_adc_channel|up_xfer_cntrl:i_xfer_cntrl|d_data_cntrl[6]
                Info (332115): Clock Arrival Path:
                Info (332115): Total (ns)  Incr (ns)     Type  Element
                Info (332115): ==========  ========= ==  ====  ===================================
                Info (332115):      4.730      4.730  R        clock network delay
                Info (332115):      4.570     -0.160           clock uncertainty
                Info (332115):      4.570      0.000     uTsu  bladerf_core:U_core|nios_system:U_nios_system|axi_ad9361:axi_ad9361_0|axi_ad9361_rx:i_rx|axi_ad9361_rx_channel:i_rx_channel_3|up_adc_channel:i_up_adc_channel|up_xfer_cntrl:i_xfer_cntrl|d_data_cntrl[6]
            Info (332181): Earliest Path Arrival
                Info (332115): From Node          : bladerf_core:U_core|nios_system:U_nios_system|axi_ad9361:axi_ad9361_0|axi_ad9361_rx:i_rx|axi_ad9361_rx_channel:i_rx_channel_3|up_adc_channel:i_up_adc_channel|up_xfer_cntrl:i_xfer_cntrl|up_xfer_data[57]
                Info (332115): To Node            : bladerf_core:U_core|nios_system:U_nios_system|axi_ad9361:axi_ad9361_0|axi_ad9361_rx:i_rx|axi_ad9361_rx_channel:i_rx_channel_3|up_adc_channel:i_up_adc_channel|up_xfer_cntrl:i_xfer_cntrl|d_data_cntrl[57]
                Info (332115): Launch Clock       : U_core|U_system_pll|altera_pll_i|general[0].gpll~PLL_OUTPUT_COUNTER|divclk
                Info (332115): Latch Clock        : U_core|U_nios_system|axi_ad9361_0|i_dev_if|i_rx|i_altlvds_rx|auto_generated|pll_sclk~PLL_OUTPUT_COUNTER|divclk
                Info (332115): Data Arrival Time  : 2.405
                Info (332115): Clock Arrival Time : 6.519
                Info (332115): Relative Delay     : -4.114
                Info (332115): Data Arrival Path:
                Info (332115): Total (ns)  Incr (ns)     Type  Element
                Info (332115): ==========  ========= ==  ====  ===================================
                Info (332115):      1.779      1.779  R        clock network delay
                Info (332115):      1.779      0.000     uTco  bladerf_core:U_core|nios_system:U_nios_system|axi_ad9361:axi_ad9361_0|axi_ad9361_rx:i_rx|axi_ad9361_rx_channel:i_rx_channel_3|up_adc_channel:i_up_adc_channel|up_xfer_cntrl:i_xfer_cntrl|up_xfer_data[57]
                Info (332115):      1.779      0.000 FF  CELL  U_core|U_nios_system|axi_ad9361_0|i_rx|i_rx_channel_3|i_up_adc_channel|i_xfer_cntrl|up_xfer_data[57]|q
                Info (332115):      2.270      0.491 FF    IC  U_core|U_nios_system|axi_ad9361_0|i_rx|i_rx_channel_3|i_up_adc_channel|i_xfer_cntrl|d_data_cntrl[57]~feeder|dataf
                Info (332115):      2.324      0.054 FF  CELL  U_core|U_nios_system|axi_ad9361_0|i_rx|i_rx_channel_3|i_up_adc_channel|i_xfer_cntrl|d_data_cntrl[57]~feeder|combout
                Info (332115):      2.324      0.000 FF    IC  U_core|U_nios_system|axi_ad9361_0|i_rx|i_rx_channel_3|i_up_adc_channel|i_xfer_cntrl|d_data_cntrl[57]|d
                Info (332115):      2.405      0.081 FF  CELL  bladerf_core:U_core|nios_system:U_nios_system|axi_ad9361:axi_ad9361_0|axi_ad9361_rx:i_rx|axi_ad9361_rx_channel:i_rx_channel_3|up_adc_channel:i_up_adc_channel|up_xfer_cntrl:i_xfer_cntrl|d_data_cntrl[57]
                Info (332115): Clock Arrival Path:
                Info (332115): Total (ns)  Incr (ns)     Type  Element
                Info (332115): ==========  ========= ==  ====  ===================================
                Info (332115):      6.359      6.359  R        clock network delay
                Info (332115):      6.519      0.160           clock uncertainty
                Info (332115):      6.519      0.000      uTh  bladerf_core:U_core|nios_system:U_nios_system|axi_ad9361:axi_ad9361_0|axi_ad9361_rx:i_rx|axi_ad9361_rx_channel:i_rx_channel_3|up_adc_channel:i_up_adc_channel|up_xfer_cntrl:i_xfer_cntrl|d_data_cntrl[57]
            Info (332181): Cross Path Clock Pessimism Removed : 2.773
            Info (332181): Required Skew   : 6.400
            Info (332181): Actual Skew     : 1.440
            Info (332181): Slack           : 4.960
        Info (332181): Path #116: Slack is 4.996 
            Info (332181): Latest Path Arrival
                Info (332115): From Node          : bladerf_core:U_core|nios_system:U_nios_system|axi_ad9361:axi_ad9361_0|axi_ad9361_rx:i_rx|axi_ad9361_rx_channel:i_rx_channel_3|up_adc_channel:i_up_adc_channel|up_xfer_cntrl:i_xfer_cntrl|up_xfer_data[39]
                Info (332115): To Node            : bladerf_core:U_core|nios_system:U_nios_system|axi_ad9361:axi_ad9361_0|axi_ad9361_rx:i_rx|axi_ad9361_rx_channel:i_rx_channel_3|up_adc_channel:i_up_adc_channel|up_xfer_cntrl:i_xfer_cntrl|d_data_cntrl[39]
                Info (332115): Launch Clock       : U_core|U_system_pll|altera_pll_i|general[0].gpll~PLL_OUTPUT_COUNTER|divclk
                Info (332115): Latch Clock        : U_core|U_nios_system|axi_ad9361_0|i_dev_if|i_rx|i_altlvds_rx|auto_generated|pll_sclk~PLL_OUTPUT_COUNTER|divclk
                Info (332115): Data Arrival Time  : 4.636
                Info (332115): Clock Arrival Time : 4.573
                Info (332115): Relative Delay     : 0.063
                Info (332115): Data Arrival Path:
                Info (332115): Total (ns)  Incr (ns)     Type  Element
                Info (332115): ==========  ========= ==  ====  ===================================
                Info (332115):      3.332      3.332  R        clock network delay
                Info (332115):      3.332      0.000     uTco  bladerf_core:U_core|nios_system:U_nios_system|axi_ad9361:axi_ad9361_0|axi_ad9361_rx:i_rx|axi_ad9361_rx_channel:i_rx_channel_3|up_adc_channel:i_up_adc_channel|up_xfer_cntrl:i_xfer_cntrl|up_xfer_data[39]
                Info (332115):      3.332      0.000 FF  CELL  U_core|U_nios_system|axi_ad9361_0|i_rx|i_rx_channel_3|i_up_adc_channel|i_xfer_cntrl|up_xfer_data[39]|q
                Info (332115):      3.780      0.448 FF    IC  U_core|U_nios_system|axi_ad9361_0|i_rx|i_rx_channel_3|i_up_adc_channel|i_xfer_cntrl|d_data_cntrl[39]~feeder|datac
                Info (332115):      4.332      0.552 FF  CELL  U_core|U_nios_system|axi_ad9361_0|i_rx|i_rx_channel_3|i_up_adc_channel|i_xfer_cntrl|d_data_cntrl[39]~feeder|combout
                Info (332115):      4.332      0.000 FF    IC  U_core|U_nios_system|axi_ad9361_0|i_rx|i_rx_channel_3|i_up_adc_channel|i_xfer_cntrl|d_data_cntrl[39]|d
                Info (332115):      4.636      0.304 FF  CELL  bladerf_core:U_core|nios_system:U_nios_system|axi_ad9361:axi_ad9361_0|axi_ad9361_rx:i_rx|axi_ad9361_rx_channel:i_rx_channel_3|up_adc_channel:i_up_adc_channel|up_xfer_cntrl:i_xfer_cntrl|d_data_cntrl[39]
                Info (332115): Clock Arrival Path:
                Info (332115): Total (ns)  Incr (ns)     Type  Element
                Info (332115): ==========  ========= ==  ====  ===================================
                Info (332115):      4.733      4.733  R        clock network delay
                Info (332115):      4.573     -0.160           clock uncertainty
                Info (332115):      4.573      0.000     uTsu  bladerf_core:U_core|nios_system:U_nios_system|axi_ad9361:axi_ad9361_0|axi_ad9361_rx:i_rx|axi_ad9361_rx_channel:i_rx_channel_3|up_adc_channel:i_up_adc_channel|up_xfer_cntrl:i_xfer_cntrl|d_data_cntrl[39]
            Info (332181): Earliest Path Arrival
                Info (332115): From Node          : bladerf_core:U_core|nios_system:U_nios_system|axi_ad9361:axi_ad9361_0|axi_ad9361_rx:i_rx|axi_ad9361_rx_channel:i_rx_channel_3|up_adc_channel:i_up_adc_channel|up_xfer_cntrl:i_xfer_cntrl|up_xfer_data[57]
                Info (332115): To Node            : bladerf_core:U_core|nios_system:U_nios_system|axi_ad9361:axi_ad9361_0|axi_ad9361_rx:i_rx|axi_ad9361_rx_channel:i_rx_channel_3|up_adc_channel:i_up_adc_channel|up_xfer_cntrl:i_xfer_cntrl|d_data_cntrl[57]
                Info (332115): Launch Clock       : U_core|U_system_pll|altera_pll_i|general[0].gpll~PLL_OUTPUT_COUNTER|divclk
                Info (332115): Latch Clock        : U_core|U_nios_system|axi_ad9361_0|i_dev_if|i_rx|i_altlvds_rx|auto_generated|pll_sclk~PLL_OUTPUT_COUNTER|divclk
                Info (332115): Data Arrival Time  : 2.405
                Info (332115): Clock Arrival Time : 6.519
                Info (332115): Relative Delay     : -4.114
                Info (332115): Data Arrival Path:
                Info (332115): Total (ns)  Incr (ns)     Type  Element
                Info (332115): ==========  ========= ==  ====  ===================================
                Info (332115):      1.779      1.779  R        clock network delay
                Info (332115):      1.779      0.000     uTco  bladerf_core:U_core|nios_system:U_nios_system|axi_ad9361:axi_ad9361_0|axi_ad9361_rx:i_rx|axi_ad9361_rx_channel:i_rx_channel_3|up_adc_channel:i_up_adc_channel|up_xfer_cntrl:i_xfer_cntrl|up_xfer_data[57]
                Info (332115):      1.779      0.000 FF  CELL  U_core|U_nios_system|axi_ad9361_0|i_rx|i_rx_channel_3|i_up_adc_channel|i_xfer_cntrl|up_xfer_data[57]|q
                Info (332115):      2.270      0.491 FF    IC  U_core|U_nios_system|axi_ad9361_0|i_rx|i_rx_channel_3|i_up_adc_channel|i_xfer_cntrl|d_data_cntrl[57]~feeder|dataf
                Info (332115):      2.324      0.054 FF  CELL  U_core|U_nios_system|axi_ad9361_0|i_rx|i_rx_channel_3|i_up_adc_channel|i_xfer_cntrl|d_data_cntrl[57]~feeder|combout
                Info (332115):      2.324      0.000 FF    IC  U_core|U_nios_system|axi_ad9361_0|i_rx|i_rx_channel_3|i_up_adc_channel|i_xfer_cntrl|d_data_cntrl[57]|d
                Info (332115):      2.405      0.081 FF  CELL  bladerf_core:U_core|nios_system:U_nios_system|axi_ad9361:axi_ad9361_0|axi_ad9361_rx:i_rx|axi_ad9361_rx_channel:i_rx_channel_3|up_adc_channel:i_up_adc_channel|up_xfer_cntrl:i_xfer_cntrl|d_data_cntrl[57]
                Info (332115): Clock Arrival Path:
                Info (332115): Total (ns)  Incr (ns)     Type  Element
                Info (332115): ==========  ========= ==  ====  ===================================
                Info (332115):      6.359      6.359  R        clock network delay
                Info (332115):      6.519      0.160           clock uncertainty
                Info (332115):      6.519      0.000      uTh  bladerf_core:U_core|nios_system:U_nios_system|axi_ad9361:axi_ad9361_0|axi_ad9361_rx:i_rx|axi_ad9361_rx_channel:i_rx_channel_3|up_adc_channel:i_up_adc_channel|up_xfer_cntrl:i_xfer_cntrl|d_data_cntrl[57]
            Info (332181): Cross Path Clock Pessimism Removed : 2.773
            Info (332181): Required Skew   : 6.400
            Info (332181): Actual Skew     : 1.404
            Info (332181): Slack           : 4.996
    Info (332181): Skew for the Earliest Arrival
        Info (332181): Path #117: Slack is 4.887 
            Info (332181): Latest Path Arrival
                Info (332115): From Node          : bladerf_core:U_core|nios_system:U_nios_system|axi_ad9361:axi_ad9361_0|axi_ad9361_rx:i_rx|axi_ad9361_rx_channel:i_rx_channel_3|up_adc_channel:i_up_adc_channel|up_xfer_cntrl:i_xfer_cntrl|up_xfer_data[38]
                Info (332115): To Node            : bladerf_core:U_core|nios_system:U_nios_system|axi_ad9361:axi_ad9361_0|axi_ad9361_rx:i_rx|axi_ad9361_rx_channel:i_rx_channel_3|up_adc_channel:i_up_adc_channel|up_xfer_cntrl:i_xfer_cntrl|d_data_cntrl[38]
                Info (332115): Launch Clock       : U_core|U_system_pll|altera_pll_i|general[0].gpll~PLL_OUTPUT_COUNTER|divclk
                Info (332115): Latch Clock        : U_core|U_nios_system|axi_ad9361_0|i_dev_if|i_rx|i_altlvds_rx|auto_generated|pll_sclk~PLL_OUTPUT_COUNTER|divclk
                Info (332115): Data Arrival Time  : 4.746
                Info (332115): Clock Arrival Time : 4.574
                Info (332115): Relative Delay     : 0.172
                Info (332115): Data Arrival Path:
                Info (332115): Total (ns)  Incr (ns)     Type  Element
                Info (332115): ==========  ========= ==  ====  ===================================
                Info (332115):      3.331      3.331  R        clock network delay
                Info (332115):      3.331      0.000     uTco  bladerf_core:U_core|nios_system:U_nios_system|axi_ad9361:axi_ad9361_0|axi_ad9361_rx:i_rx|axi_ad9361_rx_channel:i_rx_channel_3|up_adc_channel:i_up_adc_channel|up_xfer_cntrl:i_xfer_cntrl|up_xfer_data[38]
                Info (332115):      3.331      0.000 RR  CELL  U_core|U_nios_system|axi_ad9361_0|i_rx|i_rx_channel_3|i_up_adc_channel|i_xfer_cntrl|up_xfer_data[38]|q
                Info (332115):      4.023      0.692 RR    IC  U_core|U_nios_system|axi_ad9361_0|i_rx|i_rx_channel_3|i_up_adc_channel|i_xfer_cntrl|d_data_cntrl[38]|asdata
                Info (332115):      4.746      0.723 RR  CELL  bladerf_core:U_core|nios_system:U_nios_system|axi_ad9361:axi_ad9361_0|axi_ad9361_rx:i_rx|axi_ad9361_rx_channel:i_rx_channel_3|up_adc_channel:i_up_adc_channel|up_xfer_cntrl:i_xfer_cntrl|d_data_cntrl[38]
                Info (332115): Clock Arrival Path:
                Info (332115): Total (ns)  Incr (ns)     Type  Element
                Info (332115): ==========  ========= ==  ====  ===================================
                Info (332115):      4.734      4.734  R        clock network delay
                Info (332115):      4.574     -0.160           clock uncertainty
                Info (332115):      4.574      0.000     uTsu  bladerf_core:U_core|nios_system:U_nios_system|axi_ad9361:axi_ad9361_0|axi_ad9361_rx:i_rx|axi_ad9361_rx_channel:i_rx_channel_3|up_adc_channel:i_up_adc_channel|up_xfer_cntrl:i_xfer_cntrl|d_data_cntrl[38]
            Info (332181): Earliest Path Arrival
                Info (332115): From Node          : bladerf_core:U_core|nios_system:U_nios_system|axi_ad9361:axi_ad9361_0|axi_ad9361_rx:i_rx|axi_ad9361_rx_channel:i_rx_channel_3|up_adc_channel:i_up_adc_channel|up_xfer_cntrl:i_xfer_cntrl|up_xfer_data[57]
                Info (332115): To Node            : bladerf_core:U_core|nios_system:U_nios_system|axi_ad9361:axi_ad9361_0|axi_ad9361_rx:i_rx|axi_ad9361_rx_channel:i_rx_channel_3|up_adc_channel:i_up_adc_channel|up_xfer_cntrl:i_xfer_cntrl|d_data_cntrl[57]
                Info (332115): Launch Clock       : U_core|U_system_pll|altera_pll_i|general[0].gpll~PLL_OUTPUT_COUNTER|divclk
                Info (332115): Latch Clock        : U_core|U_nios_system|axi_ad9361_0|i_dev_if|i_rx|i_altlvds_rx|auto_generated|pll_sclk~PLL_OUTPUT_COUNTER|divclk
                Info (332115): Data Arrival Time  : 2.405
                Info (332115): Clock Arrival Time : 6.519
                Info (332115): Relative Delay     : -4.114
                Info (332115): Data Arrival Path:
                Info (332115): Total (ns)  Incr (ns)     Type  Element
                Info (332115): ==========  ========= ==  ====  ===================================
                Info (332115):      1.779      1.779  R        clock network delay
                Info (332115):      1.779      0.000     uTco  bladerf_core:U_core|nios_system:U_nios_system|axi_ad9361:axi_ad9361_0|axi_ad9361_rx:i_rx|axi_ad9361_rx_channel:i_rx_channel_3|up_adc_channel:i_up_adc_channel|up_xfer_cntrl:i_xfer_cntrl|up_xfer_data[57]
                Info (332115):      1.779      0.000 FF  CELL  U_core|U_nios_system|axi_ad9361_0|i_rx|i_rx_channel_3|i_up_adc_channel|i_xfer_cntrl|up_xfer_data[57]|q
                Info (332115):      2.270      0.491 FF    IC  U_core|U_nios_system|axi_ad9361_0|i_rx|i_rx_channel_3|i_up_adc_channel|i_xfer_cntrl|d_data_cntrl[57]~feeder|dataf
                Info (332115):      2.324      0.054 FF  CELL  U_core|U_nios_system|axi_ad9361_0|i_rx|i_rx_channel_3|i_up_adc_channel|i_xfer_cntrl|d_data_cntrl[57]~feeder|combout
                Info (332115):      2.324      0.000 FF    IC  U_core|U_nios_system|axi_ad9361_0|i_rx|i_rx_channel_3|i_up_adc_channel|i_xfer_cntrl|d_data_cntrl[57]|d
                Info (332115):      2.405      0.081 FF  CELL  bladerf_core:U_core|nios_system:U_nios_system|axi_ad9361:axi_ad9361_0|axi_ad9361_rx:i_rx|axi_ad9361_rx_channel:i_rx_channel_3|up_adc_channel:i_up_adc_channel|up_xfer_cntrl:i_xfer_cntrl|d_data_cntrl[57]
                Info (332115): Clock Arrival Path:
                Info (332115): Total (ns)  Incr (ns)     Type  Element
                Info (332115): ==========  ========= ==  ====  ===================================
                Info (332115):      6.359      6.359  R        clock network delay
                Info (332115):      6.519      0.160           clock uncertainty
                Info (332115):      6.519      0.000      uTh  bladerf_core:U_core|nios_system:U_nios_system|axi_ad9361:axi_ad9361_0|axi_ad9361_rx:i_rx|axi_ad9361_rx_channel:i_rx_channel_3|up_adc_channel:i_up_adc_channel|up_xfer_cntrl:i_xfer_cntrl|d_data_cntrl[57]
            Info (332181): Cross Path Clock Pessimism Removed : 2.773
            Info (332181): Required Skew   : 6.400
            Info (332181): Actual Skew     : 1.513
            Info (332181): Slack           : 4.887
        Info (332181): Path #118: Slack is 4.906 
            Info (332181): Latest Path Arrival
                Info (332115): From Node          : bladerf_core:U_core|nios_system:U_nios_system|axi_ad9361:axi_ad9361_0|axi_ad9361_rx:i_rx|axi_ad9361_rx_channel:i_rx_channel_3|up_adc_channel:i_up_adc_channel|up_xfer_cntrl:i_xfer_cntrl|up_xfer_data[38]
                Info (332115): To Node            : bladerf_core:U_core|nios_system:U_nios_system|axi_ad9361:axi_ad9361_0|axi_ad9361_rx:i_rx|axi_ad9361_rx_channel:i_rx_channel_3|up_adc_channel:i_up_adc_channel|up_xfer_cntrl:i_xfer_cntrl|d_data_cntrl[38]
                Info (332115): Launch Clock       : U_core|U_system_pll|altera_pll_i|general[0].gpll~PLL_OUTPUT_COUNTER|divclk
                Info (332115): Latch Clock        : U_core|U_nios_system|axi_ad9361_0|i_dev_if|i_rx|i_altlvds_rx|auto_generated|pll_sclk~PLL_OUTPUT_COUNTER|divclk
                Info (332115): Data Arrival Time  : 4.746
                Info (332115): Clock Arrival Time : 4.574
                Info (332115): Relative Delay     : 0.172
                Info (332115): Data Arrival Path:
                Info (332115): Total (ns)  Incr (ns)     Type  Element
                Info (332115): ==========  ========= ==  ====  ===================================
                Info (332115):      3.331      3.331  R        clock network delay
                Info (332115):      3.331      0.000     uTco  bladerf_core:U_core|nios_system:U_nios_system|axi_ad9361:axi_ad9361_0|axi_ad9361_rx:i_rx|axi_ad9361_rx_channel:i_rx_channel_3|up_adc_channel:i_up_adc_channel|up_xfer_cntrl:i_xfer_cntrl|up_xfer_data[38]
                Info (332115):      3.331      0.000 RR  CELL  U_core|U_nios_system|axi_ad9361_0|i_rx|i_rx_channel_3|i_up_adc_channel|i_xfer_cntrl|up_xfer_data[38]|q
                Info (332115):      4.023      0.692 RR    IC  U_core|U_nios_system|axi_ad9361_0|i_rx|i_rx_channel_3|i_up_adc_channel|i_xfer_cntrl|d_data_cntrl[38]|asdata
                Info (332115):      4.746      0.723 RR  CELL  bladerf_core:U_core|nios_system:U_nios_system|axi_ad9361:axi_ad9361_0|axi_ad9361_rx:i_rx|axi_ad9361_rx_channel:i_rx_channel_3|up_adc_channel:i_up_adc_channel|up_xfer_cntrl:i_xfer_cntrl|d_data_cntrl[38]
                Info (332115): Clock Arrival Path:
                Info (332115): Total (ns)  Incr (ns)     Type  Element
                Info (332115): ==========  ========= ==  ====  ===================================
                Info (332115):      4.734      4.734  R        clock network delay
                Info (332115):      4.574     -0.160           clock uncertainty
                Info (332115):      4.574      0.000     uTsu  bladerf_core:U_core|nios_system:U_nios_system|axi_ad9361:axi_ad9361_0|axi_ad9361_rx:i_rx|axi_ad9361_rx_channel:i_rx_channel_3|up_adc_channel:i_up_adc_channel|up_xfer_cntrl:i_xfer_cntrl|d_data_cntrl[38]
            Info (332181): Earliest Path Arrival
                Info (332115): From Node          : bladerf_core:U_core|nios_system:U_nios_system|axi_ad9361:axi_ad9361_0|axi_ad9361_rx:i_rx|axi_ad9361_rx_channel:i_rx_channel_3|up_adc_channel:i_up_adc_channel|up_xfer_cntrl:i_xfer_cntrl|up_xfer_data[27]
                Info (332115): To Node            : bladerf_core:U_core|nios_system:U_nios_system|axi_ad9361:axi_ad9361_0|axi_ad9361_rx:i_rx|axi_ad9361_rx_channel:i_rx_channel_3|up_adc_channel:i_up_adc_channel|up_xfer_cntrl:i_xfer_cntrl|d_data_cntrl[27]
                Info (332115): Launch Clock       : U_core|U_system_pll|altera_pll_i|general[0].gpll~PLL_OUTPUT_COUNTER|divclk
                Info (332115): Latch Clock        : U_core|U_nios_system|axi_ad9361_0|i_dev_if|i_rx|i_altlvds_rx|auto_generated|pll_sclk~PLL_OUTPUT_COUNTER|divclk
                Info (332115): Data Arrival Time  : 2.422
                Info (332115): Clock Arrival Time : 6.517
                Info (332115): Relative Delay     : -4.095
                Info (332115): Data Arrival Path:
                Info (332115): Total (ns)  Incr (ns)     Type  Element
                Info (332115): ==========  ========= ==  ====  ===================================
                Info (332115):      1.778      1.778  R        clock network delay
                Info (332115):      1.778      0.000     uTco  bladerf_core:U_core|nios_system:U_nios_system|axi_ad9361:axi_ad9361_0|axi_ad9361_rx:i_rx|axi_ad9361_rx_channel:i_rx_channel_3|up_adc_channel:i_up_adc_channel|up_xfer_cntrl:i_xfer_cntrl|up_xfer_data[27]
                Info (332115):      1.778      0.000 FF  CELL  U_core|U_nios_system|axi_ad9361_0|i_rx|i_rx_channel_3|i_up_adc_channel|i_xfer_cntrl|up_xfer_data[27]|q
                Info (332115):      2.284      0.506 FF    IC  U_core|U_nios_system|axi_ad9361_0|i_rx|i_rx_channel_3|i_up_adc_channel|i_xfer_cntrl|d_data_cntrl[27]~feeder|dataf
                Info (332115):      2.339      0.055 FF  CELL  U_core|U_nios_system|axi_ad9361_0|i_rx|i_rx_channel_3|i_up_adc_channel|i_xfer_cntrl|d_data_cntrl[27]~feeder|combout
                Info (332115):      2.339      0.000 FF    IC  U_core|U_nios_system|axi_ad9361_0|i_rx|i_rx_channel_3|i_up_adc_channel|i_xfer_cntrl|d_data_cntrl[27]|d
                Info (332115):      2.422      0.083 FF  CELL  bladerf_core:U_core|nios_system:U_nios_system|axi_ad9361:axi_ad9361_0|axi_ad9361_rx:i_rx|axi_ad9361_rx_channel:i_rx_channel_3|up_adc_channel:i_up_adc_channel|up_xfer_cntrl:i_xfer_cntrl|d_data_cntrl[27]
                Info (332115): Clock Arrival Path:
                Info (332115): Total (ns)  Incr (ns)     Type  Element
                Info (332115): ==========  ========= ==  ====  ===================================
                Info (332115):      6.357      6.357  R        clock network delay
                Info (332115):      6.517      0.160           clock uncertainty
                Info (332115):      6.517      0.000      uTh  bladerf_core:U_core|nios_system:U_nios_system|axi_ad9361:axi_ad9361_0|axi_ad9361_rx:i_rx|axi_ad9361_rx_channel:i_rx_channel_3|up_adc_channel:i_up_adc_channel|up_xfer_cntrl:i_xfer_cntrl|d_data_cntrl[27]
            Info (332181): Cross Path Clock Pessimism Removed : 2.773
            Info (332181): Required Skew   : 6.400
            Info (332181): Actual Skew     : 1.494
            Info (332181): Slack           : 4.906
        Info (332181): Path #119: Slack is 4.908 
            Info (332181): Latest Path Arrival
                Info (332115): From Node          : bladerf_core:U_core|nios_system:U_nios_system|axi_ad9361:axi_ad9361_0|axi_ad9361_rx:i_rx|axi_ad9361_rx_channel:i_rx_channel_3|up_adc_channel:i_up_adc_channel|up_xfer_cntrl:i_xfer_cntrl|up_xfer_data[38]
                Info (332115): To Node            : bladerf_core:U_core|nios_system:U_nios_system|axi_ad9361:axi_ad9361_0|axi_ad9361_rx:i_rx|axi_ad9361_rx_channel:i_rx_channel_3|up_adc_channel:i_up_adc_channel|up_xfer_cntrl:i_xfer_cntrl|d_data_cntrl[38]
                Info (332115): Launch Clock       : U_core|U_system_pll|altera_pll_i|general[0].gpll~PLL_OUTPUT_COUNTER|divclk
                Info (332115): Latch Clock        : U_core|U_nios_system|axi_ad9361_0|i_dev_if|i_rx|i_altlvds_rx|auto_generated|pll_sclk~PLL_OUTPUT_COUNTER|divclk
                Info (332115): Data Arrival Time  : 4.746
                Info (332115): Clock Arrival Time : 4.574
                Info (332115): Relative Delay     : 0.172
                Info (332115): Data Arrival Path:
                Info (332115): Total (ns)  Incr (ns)     Type  Element
                Info (332115): ==========  ========= ==  ====  ===================================
                Info (332115):      3.331      3.331  R        clock network delay
                Info (332115):      3.331      0.000     uTco  bladerf_core:U_core|nios_system:U_nios_system|axi_ad9361:axi_ad9361_0|axi_ad9361_rx:i_rx|axi_ad9361_rx_channel:i_rx_channel_3|up_adc_channel:i_up_adc_channel|up_xfer_cntrl:i_xfer_cntrl|up_xfer_data[38]
                Info (332115):      3.331      0.000 RR  CELL  U_core|U_nios_system|axi_ad9361_0|i_rx|i_rx_channel_3|i_up_adc_channel|i_xfer_cntrl|up_xfer_data[38]|q
                Info (332115):      4.023      0.692 RR    IC  U_core|U_nios_system|axi_ad9361_0|i_rx|i_rx_channel_3|i_up_adc_channel|i_xfer_cntrl|d_data_cntrl[38]|asdata
                Info (332115):      4.746      0.723 RR  CELL  bladerf_core:U_core|nios_system:U_nios_system|axi_ad9361:axi_ad9361_0|axi_ad9361_rx:i_rx|axi_ad9361_rx_channel:i_rx_channel_3|up_adc_channel:i_up_adc_channel|up_xfer_cntrl:i_xfer_cntrl|d_data_cntrl[38]
                Info (332115): Clock Arrival Path:
                Info (332115): Total (ns)  Incr (ns)     Type  Element
                Info (332115): ==========  ========= ==  ====  ===================================
                Info (332115):      4.734      4.734  R        clock network delay
                Info (332115):      4.574     -0.160           clock uncertainty
                Info (332115):      4.574      0.000     uTsu  bladerf_core:U_core|nios_system:U_nios_system|axi_ad9361:axi_ad9361_0|axi_ad9361_rx:i_rx|axi_ad9361_rx_channel:i_rx_channel_3|up_adc_channel:i_up_adc_channel|up_xfer_cntrl:i_xfer_cntrl|d_data_cntrl[38]
            Info (332181): Earliest Path Arrival
                Info (332115): From Node          : bladerf_core:U_core|nios_system:U_nios_system|axi_ad9361:axi_ad9361_0|axi_ad9361_rx:i_rx|axi_ad9361_rx_channel:i_rx_channel_3|up_adc_channel:i_up_adc_channel|up_xfer_cntrl:i_xfer_cntrl|up_xfer_data[26]
                Info (332115): To Node            : bladerf_core:U_core|nios_system:U_nios_system|axi_ad9361:axi_ad9361_0|axi_ad9361_rx:i_rx|axi_ad9361_rx_channel:i_rx_channel_3|up_adc_channel:i_up_adc_channel|up_xfer_cntrl:i_xfer_cntrl|d_data_cntrl[26]
                Info (332115): Launch Clock       : U_core|U_system_pll|altera_pll_i|general[0].gpll~PLL_OUTPUT_COUNTER|divclk
                Info (332115): Latch Clock        : U_core|U_nios_system|axi_ad9361_0|i_dev_if|i_rx|i_altlvds_rx|auto_generated|pll_sclk~PLL_OUTPUT_COUNTER|divclk
                Info (332115): Data Arrival Time  : 2.424
                Info (332115): Clock Arrival Time : 6.517
                Info (332115): Relative Delay     : -4.093
                Info (332115): Data Arrival Path:
                Info (332115): Total (ns)  Incr (ns)     Type  Element
                Info (332115): ==========  ========= ==  ====  ===================================
                Info (332115):      1.773      1.773  R        clock network delay
                Info (332115):      1.773      0.000     uTco  bladerf_core:U_core|nios_system:U_nios_system|axi_ad9361:axi_ad9361_0|axi_ad9361_rx:i_rx|axi_ad9361_rx_channel:i_rx_channel_3|up_adc_channel:i_up_adc_channel|up_xfer_cntrl:i_xfer_cntrl|up_xfer_data[26]
                Info (332115):      1.773      0.000 FF  CELL  U_core|U_nios_system|axi_ad9361_0|i_rx|i_rx_channel_3|i_up_adc_channel|i_xfer_cntrl|up_xfer_data[26]|q
                Info (332115):      2.286      0.513 FF    IC  U_core|U_nios_system|axi_ad9361_0|i_rx|i_rx_channel_3|i_up_adc_channel|i_xfer_cntrl|d_data_cntrl[26]~feeder|dataf
                Info (332115):      2.341      0.055 FF  CELL  U_core|U_nios_system|axi_ad9361_0|i_rx|i_rx_channel_3|i_up_adc_channel|i_xfer_cntrl|d_data_cntrl[26]~feeder|combout
                Info (332115):      2.341      0.000 FF    IC  U_core|U_nios_system|axi_ad9361_0|i_rx|i_rx_channel_3|i_up_adc_channel|i_xfer_cntrl|d_data_cntrl[26]|d
                Info (332115):      2.424      0.083 FF  CELL  bladerf_core:U_core|nios_system:U_nios_system|axi_ad9361:axi_ad9361_0|axi_ad9361_rx:i_rx|axi_ad9361_rx_channel:i_rx_channel_3|up_adc_channel:i_up_adc_channel|up_xfer_cntrl:i_xfer_cntrl|d_data_cntrl[26]
                Info (332115): Clock Arrival Path:
                Info (332115): Total (ns)  Incr (ns)     Type  Element
                Info (332115): ==========  ========= ==  ====  ===================================
                Info (332115):      6.357      6.357  R        clock network delay
                Info (332115):      6.517      0.160           clock uncertainty
                Info (332115):      6.517      0.000      uTh  bladerf_core:U_core|nios_system:U_nios_system|axi_ad9361:axi_ad9361_0|axi_ad9361_rx:i_rx|axi_ad9361_rx_channel:i_rx_channel_3|up_adc_channel:i_up_adc_channel|up_xfer_cntrl:i_xfer_cntrl|d_data_cntrl[26]
            Info (332181): Cross Path Clock Pessimism Removed : 2.773
            Info (332181): Required Skew   : 6.400
            Info (332181): Actual Skew     : 1.492
            Info (332181): Slack           : 4.908
        Info (332181): Path #120: Slack is 4.924 
            Info (332181): Latest Path Arrival
                Info (332115): From Node          : bladerf_core:U_core|nios_system:U_nios_system|axi_ad9361:axi_ad9361_0|axi_ad9361_rx:i_rx|axi_ad9361_rx_channel:i_rx_channel_3|up_adc_channel:i_up_adc_channel|up_xfer_cntrl:i_xfer_cntrl|up_xfer_data[38]
                Info (332115): To Node            : bladerf_core:U_core|nios_system:U_nios_system|axi_ad9361:axi_ad9361_0|axi_ad9361_rx:i_rx|axi_ad9361_rx_channel:i_rx_channel_3|up_adc_channel:i_up_adc_channel|up_xfer_cntrl:i_xfer_cntrl|d_data_cntrl[38]
                Info (332115): Launch Clock       : U_core|U_system_pll|altera_pll_i|general[0].gpll~PLL_OUTPUT_COUNTER|divclk
                Info (332115): Latch Clock        : U_core|U_nios_system|axi_ad9361_0|i_dev_if|i_rx|i_altlvds_rx|auto_generated|pll_sclk~PLL_OUTPUT_COUNTER|divclk
                Info (332115): Data Arrival Time  : 4.746
                Info (332115): Clock Arrival Time : 4.574
                Info (332115): Relative Delay     : 0.172
                Info (332115): Data Arrival Path:
                Info (332115): Total (ns)  Incr (ns)     Type  Element
                Info (332115): ==========  ========= ==  ====  ===================================
                Info (332115):      3.331      3.331  R        clock network delay
                Info (332115):      3.331      0.000     uTco  bladerf_core:U_core|nios_system:U_nios_system|axi_ad9361:axi_ad9361_0|axi_ad9361_rx:i_rx|axi_ad9361_rx_channel:i_rx_channel_3|up_adc_channel:i_up_adc_channel|up_xfer_cntrl:i_xfer_cntrl|up_xfer_data[38]
                Info (332115):      3.331      0.000 RR  CELL  U_core|U_nios_system|axi_ad9361_0|i_rx|i_rx_channel_3|i_up_adc_channel|i_xfer_cntrl|up_xfer_data[38]|q
                Info (332115):      4.023      0.692 RR    IC  U_core|U_nios_system|axi_ad9361_0|i_rx|i_rx_channel_3|i_up_adc_channel|i_xfer_cntrl|d_data_cntrl[38]|asdata
                Info (332115):      4.746      0.723 RR  CELL  bladerf_core:U_core|nios_system:U_nios_system|axi_ad9361:axi_ad9361_0|axi_ad9361_rx:i_rx|axi_ad9361_rx_channel:i_rx_channel_3|up_adc_channel:i_up_adc_channel|up_xfer_cntrl:i_xfer_cntrl|d_data_cntrl[38]
                Info (332115): Clock Arrival Path:
                Info (332115): Total (ns)  Incr (ns)     Type  Element
                Info (332115): ==========  ========= ==  ====  ===================================
                Info (332115):      4.734      4.734  R        clock network delay
                Info (332115):      4.574     -0.160           clock uncertainty
                Info (332115):      4.574      0.000     uTsu  bladerf_core:U_core|nios_system:U_nios_system|axi_ad9361:axi_ad9361_0|axi_ad9361_rx:i_rx|axi_ad9361_rx_channel:i_rx_channel_3|up_adc_channel:i_up_adc_channel|up_xfer_cntrl:i_xfer_cntrl|d_data_cntrl[38]
            Info (332181): Earliest Path Arrival
                Info (332115): From Node          : bladerf_core:U_core|nios_system:U_nios_system|axi_ad9361:axi_ad9361_0|axi_ad9361_rx:i_rx|axi_ad9361_rx_channel:i_rx_channel_3|up_adc_channel:i_up_adc_channel|up_xfer_cntrl:i_xfer_cntrl|up_xfer_data[35]
                Info (332115): To Node            : bladerf_core:U_core|nios_system:U_nios_system|axi_ad9361:axi_ad9361_0|axi_ad9361_rx:i_rx|axi_ad9361_rx_channel:i_rx_channel_3|up_adc_channel:i_up_adc_channel|up_xfer_cntrl:i_xfer_cntrl|d_data_cntrl[35]
                Info (332115): Launch Clock       : U_core|U_system_pll|altera_pll_i|general[0].gpll~PLL_OUTPUT_COUNTER|divclk
                Info (332115): Latch Clock        : U_core|U_nios_system|axi_ad9361_0|i_dev_if|i_rx|i_altlvds_rx|auto_generated|pll_sclk~PLL_OUTPUT_COUNTER|divclk
                Info (332115): Data Arrival Time  : 2.440
                Info (332115): Clock Arrival Time : 6.517
                Info (332115): Relative Delay     : -4.077
                Info (332115): Data Arrival Path:
                Info (332115): Total (ns)  Incr (ns)     Type  Element
                Info (332115): ==========  ========= ==  ====  ===================================
                Info (332115):      1.774      1.774  R        clock network delay
                Info (332115):      1.774      0.000     uTco  bladerf_core:U_core|nios_system:U_nios_system|axi_ad9361:axi_ad9361_0|axi_ad9361_rx:i_rx|axi_ad9361_rx_channel:i_rx_channel_3|up_adc_channel:i_up_adc_channel|up_xfer_cntrl:i_xfer_cntrl|up_xfer_data[35]
                Info (332115):      1.774      0.000 FF  CELL  U_core|U_nios_system|axi_ad9361_0|i_rx|i_rx_channel_3|i_up_adc_channel|i_xfer_cntrl|up_xfer_data[35]|q
                Info (332115):      2.071      0.297 FF    IC  U_core|U_nios_system|axi_ad9361_0|i_rx|i_rx_channel_3|i_up_adc_channel|i_xfer_cntrl|d_data_cntrl[35]|asdata
                Info (332115):      2.440      0.369 FF  CELL  bladerf_core:U_core|nios_system:U_nios_system|axi_ad9361:axi_ad9361_0|axi_ad9361_rx:i_rx|axi_ad9361_rx_channel:i_rx_channel_3|up_adc_channel:i_up_adc_channel|up_xfer_cntrl:i_xfer_cntrl|d_data_cntrl[35]
                Info (332115): Clock Arrival Path:
                Info (332115): Total (ns)  Incr (ns)     Type  Element
                Info (332115): ==========  ========= ==  ====  ===================================
                Info (332115):      6.357      6.357  R        clock network delay
                Info (332115):      6.517      0.160           clock uncertainty
                Info (332115):      6.517      0.000      uTh  bladerf_core:U_core|nios_system:U_nios_system|axi_ad9361:axi_ad9361_0|axi_ad9361_rx:i_rx|axi_ad9361_rx_channel:i_rx_channel_3|up_adc_channel:i_up_adc_channel|up_xfer_cntrl:i_xfer_cntrl|d_data_cntrl[35]
            Info (332181): Cross Path Clock Pessimism Removed : 2.773
            Info (332181): Required Skew   : 6.400
            Info (332181): Actual Skew     : 1.476
            Info (332181): Slack           : 4.924
Info (332115): Worst-case slack is 4.890 for "set_max_skew -from [get_keepers {*axi_ad9361_rx_channel:i_rx_channel_2|up_adc_channel:i_up_adc_channel|up_xfer_cntrl:i_xfer_cntrl|up_xfer_data[*]}] -to [get_keepers {*axi_ad9361_rx_channel:i_rx_channel_2|up_adc_channel:i_up_adc_channel|up_xfer_cntrl:i_xfer_cntrl|d_data_cntrl[*]}] 6.400 "
    Info (332181): Skew for the Latest Arrival
        Info (332181): Path #121: Slack is 4.890 
            Info (332181): Latest Path Arrival
                Info (332115): From Node          : bladerf_core:U_core|nios_system:U_nios_system|axi_ad9361:axi_ad9361_0|axi_ad9361_rx:i_rx|axi_ad9361_rx_channel:i_rx_channel_2|up_adc_channel:i_up_adc_channel|up_xfer_cntrl:i_xfer_cntrl|up_xfer_data[3]
                Info (332115): To Node            : bladerf_core:U_core|nios_system:U_nios_system|axi_ad9361:axi_ad9361_0|axi_ad9361_rx:i_rx|axi_ad9361_rx_channel:i_rx_channel_2|up_adc_channel:i_up_adc_channel|up_xfer_cntrl:i_xfer_cntrl|d_data_cntrl[3]
                Info (332115): Launch Clock       : U_core|U_system_pll|altera_pll_i|general[0].gpll~PLL_OUTPUT_COUNTER|divclk
                Info (332115): Latch Clock        : U_core|U_nios_system|axi_ad9361_0|i_dev_if|i_rx|i_altlvds_rx|auto_generated|pll_sclk~PLL_OUTPUT_COUNTER|divclk
                Info (332115): Data Arrival Time  : 4.715
                Info (332115): Clock Arrival Time : 4.562
                Info (332115): Relative Delay     : 0.153
                Info (332115): Data Arrival Path:
                Info (332115): Total (ns)  Incr (ns)     Type  Element
                Info (332115): ==========  ========= ==  ====  ===================================
                Info (332115):      3.304      3.304  R        clock network delay
                Info (332115):      3.304      0.000     uTco  bladerf_core:U_core|nios_system:U_nios_system|axi_ad9361:axi_ad9361_0|axi_ad9361_rx:i_rx|axi_ad9361_rx_channel:i_rx_channel_2|up_adc_channel:i_up_adc_channel|up_xfer_cntrl:i_xfer_cntrl|up_xfer_data[3]
                Info (332115):      3.304      0.000 RR  CELL  U_core|U_nios_system|axi_ad9361_0|i_rx|i_rx_channel_2|i_up_adc_channel|i_xfer_cntrl|up_xfer_data[3]|q
                Info (332115):      3.993      0.689 RR    IC  U_core|U_nios_system|axi_ad9361_0|i_rx|i_rx_channel_2|i_up_adc_channel|i_xfer_cntrl|d_data_cntrl[3]|asdata
                Info (332115):      4.715      0.722 RR  CELL  bladerf_core:U_core|nios_system:U_nios_system|axi_ad9361:axi_ad9361_0|axi_ad9361_rx:i_rx|axi_ad9361_rx_channel:i_rx_channel_2|up_adc_channel:i_up_adc_channel|up_xfer_cntrl:i_xfer_cntrl|d_data_cntrl[3]
                Info (332115): Clock Arrival Path:
                Info (332115): Total (ns)  Incr (ns)     Type  Element
                Info (332115): ==========  ========= ==  ====  ===================================
                Info (332115):      4.722      4.722  R        clock network delay
                Info (332115):      4.562     -0.160           clock uncertainty
                Info (332115):      4.562      0.000     uTsu  bladerf_core:U_core|nios_system:U_nios_system|axi_ad9361:axi_ad9361_0|axi_ad9361_rx:i_rx|axi_ad9361_rx_channel:i_rx_channel_2|up_adc_channel:i_up_adc_channel|up_xfer_cntrl:i_xfer_cntrl|d_data_cntrl[3]
            Info (332181): Earliest Path Arrival
                Info (332115): From Node          : bladerf_core:U_core|nios_system:U_nios_system|axi_ad9361:axi_ad9361_0|axi_ad9361_rx:i_rx|axi_ad9361_rx_channel:i_rx_channel_2|up_adc_channel:i_up_adc_channel|up_xfer_cntrl:i_xfer_cntrl|up_xfer_data[24]
                Info (332115): To Node            : bladerf_core:U_core|nios_system:U_nios_system|axi_ad9361:axi_ad9361_0|axi_ad9361_rx:i_rx|axi_ad9361_rx_channel:i_rx_channel_2|up_adc_channel:i_up_adc_channel|up_xfer_cntrl:i_xfer_cntrl|d_data_cntrl[24]
                Info (332115): Launch Clock       : U_core|U_system_pll|altera_pll_i|general[0].gpll~PLL_OUTPUT_COUNTER|divclk
                Info (332115): Latch Clock        : U_core|U_nios_system|axi_ad9361_0|i_dev_if|i_rx|i_altlvds_rx|auto_generated|pll_sclk~PLL_OUTPUT_COUNTER|divclk
                Info (332115): Data Arrival Time  : 2.392
                Info (332115): Clock Arrival Time : 6.522
                Info (332115): Relative Delay     : -4.130
                Info (332115): Data Arrival Path:
                Info (332115): Total (ns)  Incr (ns)     Type  Element
                Info (332115): ==========  ========= ==  ====  ===================================
                Info (332115):      1.782      1.782  R        clock network delay
                Info (332115):      1.782      0.000     uTco  bladerf_core:U_core|nios_system:U_nios_system|axi_ad9361:axi_ad9361_0|axi_ad9361_rx:i_rx|axi_ad9361_rx_channel:i_rx_channel_2|up_adc_channel:i_up_adc_channel|up_xfer_cntrl:i_xfer_cntrl|up_xfer_data[24]
                Info (332115):      1.782      0.000 FF  CELL  U_core|U_nios_system|axi_ad9361_0|i_rx|i_rx_channel_2|i_up_adc_channel|i_xfer_cntrl|up_xfer_data[24]|q
                Info (332115):      2.064      0.282 FF    IC  U_core|U_nios_system|axi_ad9361_0|i_rx|i_rx_channel_2|i_up_adc_channel|i_xfer_cntrl|d_data_cntrl[24]|asdata
                Info (332115):      2.392      0.328 FF  CELL  bladerf_core:U_core|nios_system:U_nios_system|axi_ad9361:axi_ad9361_0|axi_ad9361_rx:i_rx|axi_ad9361_rx_channel:i_rx_channel_2|up_adc_channel:i_up_adc_channel|up_xfer_cntrl:i_xfer_cntrl|d_data_cntrl[24]
                Info (332115): Clock Arrival Path:
                Info (332115): Total (ns)  Incr (ns)     Type  Element
                Info (332115): ==========  ========= ==  ====  ===================================
                Info (332115):      6.362      6.362  R        clock network delay
                Info (332115):      6.522      0.160           clock uncertainty
                Info (332115):      6.522      0.000      uTh  bladerf_core:U_core|nios_system:U_nios_system|axi_ad9361:axi_ad9361_0|axi_ad9361_rx:i_rx|axi_ad9361_rx_channel:i_rx_channel_2|up_adc_channel:i_up_adc_channel|up_xfer_cntrl:i_xfer_cntrl|d_data_cntrl[24]
            Info (332181): Cross Path Clock Pessimism Removed : 2.773
            Info (332181): Required Skew   : 6.400
            Info (332181): Actual Skew     : 1.510
            Info (332181): Slack           : 4.890
        Info (332181): Path #122: Slack is 4.914 
            Info (332181): Latest Path Arrival
                Info (332115): From Node          : bladerf_core:U_core|nios_system:U_nios_system|axi_ad9361:axi_ad9361_0|axi_ad9361_rx:i_rx|axi_ad9361_rx_channel:i_rx_channel_2|up_adc_channel:i_up_adc_channel|up_xfer_cntrl:i_xfer_cntrl|up_xfer_data[7]
                Info (332115): To Node            : bladerf_core:U_core|nios_system:U_nios_system|axi_ad9361:axi_ad9361_0|axi_ad9361_rx:i_rx|axi_ad9361_rx_channel:i_rx_channel_2|up_adc_channel:i_up_adc_channel|up_xfer_cntrl:i_xfer_cntrl|d_data_cntrl[7]
                Info (332115): Launch Clock       : U_core|U_system_pll|altera_pll_i|general[0].gpll~PLL_OUTPUT_COUNTER|divclk
                Info (332115): Latch Clock        : U_core|U_nios_system|axi_ad9361_0|i_dev_if|i_rx|i_altlvds_rx|auto_generated|pll_sclk~PLL_OUTPUT_COUNTER|divclk
                Info (332115): Data Arrival Time  : 4.691
                Info (332115): Clock Arrival Time : 4.562
                Info (332115): Relative Delay     : 0.129
                Info (332115): Data Arrival Path:
                Info (332115): Total (ns)  Incr (ns)     Type  Element
                Info (332115): ==========  ========= ==  ====  ===================================
                Info (332115):      3.304      3.304  R        clock network delay
                Info (332115):      3.304      0.000     uTco  bladerf_core:U_core|nios_system:U_nios_system|axi_ad9361:axi_ad9361_0|axi_ad9361_rx:i_rx|axi_ad9361_rx_channel:i_rx_channel_2|up_adc_channel:i_up_adc_channel|up_xfer_cntrl:i_xfer_cntrl|up_xfer_data[7]
                Info (332115):      3.304      0.000 RR  CELL  U_core|U_nios_system|axi_ad9361_0|i_rx|i_rx_channel_2|i_up_adc_channel|i_xfer_cntrl|up_xfer_data[7]|q
                Info (332115):      3.969      0.665 RR    IC  U_core|U_nios_system|axi_ad9361_0|i_rx|i_rx_channel_2|i_up_adc_channel|i_xfer_cntrl|d_data_cntrl[7]|asdata
                Info (332115):      4.691      0.722 RR  CELL  bladerf_core:U_core|nios_system:U_nios_system|axi_ad9361:axi_ad9361_0|axi_ad9361_rx:i_rx|axi_ad9361_rx_channel:i_rx_channel_2|up_adc_channel:i_up_adc_channel|up_xfer_cntrl:i_xfer_cntrl|d_data_cntrl[7]
                Info (332115): Clock Arrival Path:
                Info (332115): Total (ns)  Incr (ns)     Type  Element
                Info (332115): ==========  ========= ==  ====  ===================================
                Info (332115):      4.722      4.722  R        clock network delay
                Info (332115):      4.562     -0.160           clock uncertainty
                Info (332115):      4.562      0.000     uTsu  bladerf_core:U_core|nios_system:U_nios_system|axi_ad9361:axi_ad9361_0|axi_ad9361_rx:i_rx|axi_ad9361_rx_channel:i_rx_channel_2|up_adc_channel:i_up_adc_channel|up_xfer_cntrl:i_xfer_cntrl|d_data_cntrl[7]
            Info (332181): Earliest Path Arrival
                Info (332115): From Node          : bladerf_core:U_core|nios_system:U_nios_system|axi_ad9361:axi_ad9361_0|axi_ad9361_rx:i_rx|axi_ad9361_rx_channel:i_rx_channel_2|up_adc_channel:i_up_adc_channel|up_xfer_cntrl:i_xfer_cntrl|up_xfer_data[24]
                Info (332115): To Node            : bladerf_core:U_core|nios_system:U_nios_system|axi_ad9361:axi_ad9361_0|axi_ad9361_rx:i_rx|axi_ad9361_rx_channel:i_rx_channel_2|up_adc_channel:i_up_adc_channel|up_xfer_cntrl:i_xfer_cntrl|d_data_cntrl[24]
                Info (332115): Launch Clock       : U_core|U_system_pll|altera_pll_i|general[0].gpll~PLL_OUTPUT_COUNTER|divclk
                Info (332115): Latch Clock        : U_core|U_nios_system|axi_ad9361_0|i_dev_if|i_rx|i_altlvds_rx|auto_generated|pll_sclk~PLL_OUTPUT_COUNTER|divclk
                Info (332115): Data Arrival Time  : 2.392
                Info (332115): Clock Arrival Time : 6.522
                Info (332115): Relative Delay     : -4.130
                Info (332115): Data Arrival Path:
                Info (332115): Total (ns)  Incr (ns)     Type  Element
                Info (332115): ==========  ========= ==  ====  ===================================
                Info (332115):      1.782      1.782  R        clock network delay
                Info (332115):      1.782      0.000     uTco  bladerf_core:U_core|nios_system:U_nios_system|axi_ad9361:axi_ad9361_0|axi_ad9361_rx:i_rx|axi_ad9361_rx_channel:i_rx_channel_2|up_adc_channel:i_up_adc_channel|up_xfer_cntrl:i_xfer_cntrl|up_xfer_data[24]
                Info (332115):      1.782      0.000 FF  CELL  U_core|U_nios_system|axi_ad9361_0|i_rx|i_rx_channel_2|i_up_adc_channel|i_xfer_cntrl|up_xfer_data[24]|q
                Info (332115):      2.064      0.282 FF    IC  U_core|U_nios_system|axi_ad9361_0|i_rx|i_rx_channel_2|i_up_adc_channel|i_xfer_cntrl|d_data_cntrl[24]|asdata
                Info (332115):      2.392      0.328 FF  CELL  bladerf_core:U_core|nios_system:U_nios_system|axi_ad9361:axi_ad9361_0|axi_ad9361_rx:i_rx|axi_ad9361_rx_channel:i_rx_channel_2|up_adc_channel:i_up_adc_channel|up_xfer_cntrl:i_xfer_cntrl|d_data_cntrl[24]
                Info (332115): Clock Arrival Path:
                Info (332115): Total (ns)  Incr (ns)     Type  Element
                Info (332115): ==========  ========= ==  ====  ===================================
                Info (332115):      6.362      6.362  R        clock network delay
                Info (332115):      6.522      0.160           clock uncertainty
                Info (332115):      6.522      0.000      uTh  bladerf_core:U_core|nios_system:U_nios_system|axi_ad9361:axi_ad9361_0|axi_ad9361_rx:i_rx|axi_ad9361_rx_channel:i_rx_channel_2|up_adc_channel:i_up_adc_channel|up_xfer_cntrl:i_xfer_cntrl|d_data_cntrl[24]
            Info (332181): Cross Path Clock Pessimism Removed : 2.773
            Info (332181): Required Skew   : 6.400
            Info (332181): Actual Skew     : 1.486
            Info (332181): Slack           : 4.914
        Info (332181): Path #123: Slack is 4.931 
            Info (332181): Latest Path Arrival
                Info (332115): From Node          : bladerf_core:U_core|nios_system:U_nios_system|axi_ad9361:axi_ad9361_0|axi_ad9361_rx:i_rx|axi_ad9361_rx_channel:i_rx_channel_2|up_adc_channel:i_up_adc_channel|up_xfer_cntrl:i_xfer_cntrl|up_xfer_data[6]
                Info (332115): To Node            : bladerf_core:U_core|nios_system:U_nios_system|axi_ad9361:axi_ad9361_0|axi_ad9361_rx:i_rx|axi_ad9361_rx_channel:i_rx_channel_2|up_adc_channel:i_up_adc_channel|up_xfer_cntrl:i_xfer_cntrl|d_data_cntrl[6]
                Info (332115): Launch Clock       : U_core|U_system_pll|altera_pll_i|general[0].gpll~PLL_OUTPUT_COUNTER|divclk
                Info (332115): Latch Clock        : U_core|U_nios_system|axi_ad9361_0|i_dev_if|i_rx|i_altlvds_rx|auto_generated|pll_sclk~PLL_OUTPUT_COUNTER|divclk
                Info (332115): Data Arrival Time  : 4.681
                Info (332115): Clock Arrival Time : 4.569
                Info (332115): Relative Delay     : 0.112
                Info (332115): Data Arrival Path:
                Info (332115): Total (ns)  Incr (ns)     Type  Element
                Info (332115): ==========  ========= ==  ====  ===================================
                Info (332115):      3.298      3.298  R        clock network delay
                Info (332115):      3.298      0.000     uTco  bladerf_core:U_core|nios_system:U_nios_system|axi_ad9361:axi_ad9361_0|axi_ad9361_rx:i_rx|axi_ad9361_rx_channel:i_rx_channel_2|up_adc_channel:i_up_adc_channel|up_xfer_cntrl:i_xfer_cntrl|up_xfer_data[6]
                Info (332115):      3.298      0.000 RR  CELL  U_core|U_nios_system|axi_ad9361_0|i_rx|i_rx_channel_2|i_up_adc_channel|i_xfer_cntrl|up_xfer_data[6]|q
                Info (332115):      3.952      0.654 RR    IC  U_core|U_nios_system|axi_ad9361_0|i_rx|i_rx_channel_2|i_up_adc_channel|i_xfer_cntrl|d_data_cntrl[6]|asdata
                Info (332115):      4.681      0.729 RR  CELL  bladerf_core:U_core|nios_system:U_nios_system|axi_ad9361:axi_ad9361_0|axi_ad9361_rx:i_rx|axi_ad9361_rx_channel:i_rx_channel_2|up_adc_channel:i_up_adc_channel|up_xfer_cntrl:i_xfer_cntrl|d_data_cntrl[6]
                Info (332115): Clock Arrival Path:
                Info (332115): Total (ns)  Incr (ns)     Type  Element
                Info (332115): ==========  ========= ==  ====  ===================================
                Info (332115):      4.729      4.729  R        clock network delay
                Info (332115):      4.569     -0.160           clock uncertainty
                Info (332115):      4.569      0.000     uTsu  bladerf_core:U_core|nios_system:U_nios_system|axi_ad9361:axi_ad9361_0|axi_ad9361_rx:i_rx|axi_ad9361_rx_channel:i_rx_channel_2|up_adc_channel:i_up_adc_channel|up_xfer_cntrl:i_xfer_cntrl|d_data_cntrl[6]
            Info (332181): Earliest Path Arrival
                Info (332115): From Node          : bladerf_core:U_core|nios_system:U_nios_system|axi_ad9361:axi_ad9361_0|axi_ad9361_rx:i_rx|axi_ad9361_rx_channel:i_rx_channel_2|up_adc_channel:i_up_adc_channel|up_xfer_cntrl:i_xfer_cntrl|up_xfer_data[24]
                Info (332115): To Node            : bladerf_core:U_core|nios_system:U_nios_system|axi_ad9361:axi_ad9361_0|axi_ad9361_rx:i_rx|axi_ad9361_rx_channel:i_rx_channel_2|up_adc_channel:i_up_adc_channel|up_xfer_cntrl:i_xfer_cntrl|d_data_cntrl[24]
                Info (332115): Launch Clock       : U_core|U_system_pll|altera_pll_i|general[0].gpll~PLL_OUTPUT_COUNTER|divclk
                Info (332115): Latch Clock        : U_core|U_nios_system|axi_ad9361_0|i_dev_if|i_rx|i_altlvds_rx|auto_generated|pll_sclk~PLL_OUTPUT_COUNTER|divclk
                Info (332115): Data Arrival Time  : 2.392
                Info (332115): Clock Arrival Time : 6.522
                Info (332115): Relative Delay     : -4.130
                Info (332115): Data Arrival Path:
                Info (332115): Total (ns)  Incr (ns)     Type  Element
                Info (332115): ==========  ========= ==  ====  ===================================
                Info (332115):      1.782      1.782  R        clock network delay
                Info (332115):      1.782      0.000     uTco  bladerf_core:U_core|nios_system:U_nios_system|axi_ad9361:axi_ad9361_0|axi_ad9361_rx:i_rx|axi_ad9361_rx_channel:i_rx_channel_2|up_adc_channel:i_up_adc_channel|up_xfer_cntrl:i_xfer_cntrl|up_xfer_data[24]
                Info (332115):      1.782      0.000 FF  CELL  U_core|U_nios_system|axi_ad9361_0|i_rx|i_rx_channel_2|i_up_adc_channel|i_xfer_cntrl|up_xfer_data[24]|q
                Info (332115):      2.064      0.282 FF    IC  U_core|U_nios_system|axi_ad9361_0|i_rx|i_rx_channel_2|i_up_adc_channel|i_xfer_cntrl|d_data_cntrl[24]|asdata
                Info (332115):      2.392      0.328 FF  CELL  bladerf_core:U_core|nios_system:U_nios_system|axi_ad9361:axi_ad9361_0|axi_ad9361_rx:i_rx|axi_ad9361_rx_channel:i_rx_channel_2|up_adc_channel:i_up_adc_channel|up_xfer_cntrl:i_xfer_cntrl|d_data_cntrl[24]
                Info (332115): Clock Arrival Path:
                Info (332115): Total (ns)  Incr (ns)     Type  Element
                Info (332115): ==========  ========= ==  ====  ===================================
                Info (332115):      6.362      6.362  R        clock network delay
                Info (332115):      6.522      0.160           clock uncertainty
                Info (332115):      6.522      0.000      uTh  bladerf_core:U_core|nios_system:U_nios_system|axi_ad9361:axi_ad9361_0|axi_ad9361_rx:i_rx|axi_ad9361_rx_channel:i_rx_channel_2|up_adc_channel:i_up_adc_channel|up_xfer_cntrl:i_xfer_cntrl|d_data_cntrl[24]
            Info (332181): Cross Path Clock Pessimism Removed : 2.773
            Info (332181): Required Skew   : 6.400
            Info (332181): Actual Skew     : 1.469
            Info (332181): Slack           : 4.931
        Info (332181): Path #124: Slack is 4.981 
            Info (332181): Latest Path Arrival
                Info (332115): From Node          : bladerf_core:U_core|nios_system:U_nios_system|axi_ad9361:axi_ad9361_0|axi_ad9361_rx:i_rx|axi_ad9361_rx_channel:i_rx_channel_2|up_adc_channel:i_up_adc_channel|up_xfer_cntrl:i_xfer_cntrl|up_xfer_data[1]
                Info (332115): To Node            : bladerf_core:U_core|nios_system:U_nios_system|axi_ad9361:axi_ad9361_0|axi_ad9361_rx:i_rx|axi_ad9361_rx_channel:i_rx_channel_2|up_adc_channel:i_up_adc_channel|up_xfer_cntrl:i_xfer_cntrl|d_data_cntrl[1]
                Info (332115): Launch Clock       : U_core|U_system_pll|altera_pll_i|general[0].gpll~PLL_OUTPUT_COUNTER|divclk
                Info (332115): Latch Clock        : U_core|U_nios_system|axi_ad9361_0|i_dev_if|i_rx|i_altlvds_rx|auto_generated|pll_sclk~PLL_OUTPUT_COUNTER|divclk
                Info (332115): Data Arrival Time  : 4.631
                Info (332115): Clock Arrival Time : 4.569
                Info (332115): Relative Delay     : 0.062
                Info (332115): Data Arrival Path:
                Info (332115): Total (ns)  Incr (ns)     Type  Element
                Info (332115): ==========  ========= ==  ====  ===================================
                Info (332115):      3.298      3.298  R        clock network delay
                Info (332115):      3.298      0.000     uTco  bladerf_core:U_core|nios_system:U_nios_system|axi_ad9361:axi_ad9361_0|axi_ad9361_rx:i_rx|axi_ad9361_rx_channel:i_rx_channel_2|up_adc_channel:i_up_adc_channel|up_xfer_cntrl:i_xfer_cntrl|up_xfer_data[1]
                Info (332115):      3.298      0.000 FF  CELL  U_core|U_nios_system|axi_ad9361_0|i_rx|i_rx_channel_2|i_up_adc_channel|i_xfer_cntrl|up_xfer_data[1]|q
                Info (332115):      3.928      0.630 FF    IC  U_core|U_nios_system|axi_ad9361_0|i_rx|i_rx_channel_2|i_up_adc_channel|i_xfer_cntrl|d_data_cntrl[1]|asdata
                Info (332115):      4.631      0.703 FF  CELL  bladerf_core:U_core|nios_system:U_nios_system|axi_ad9361:axi_ad9361_0|axi_ad9361_rx:i_rx|axi_ad9361_rx_channel:i_rx_channel_2|up_adc_channel:i_up_adc_channel|up_xfer_cntrl:i_xfer_cntrl|d_data_cntrl[1]
                Info (332115): Clock Arrival Path:
                Info (332115): Total (ns)  Incr (ns)     Type  Element
                Info (332115): ==========  ========= ==  ====  ===================================
                Info (332115):      4.729      4.729  R        clock network delay
                Info (332115):      4.569     -0.160           clock uncertainty
                Info (332115):      4.569      0.000     uTsu  bladerf_core:U_core|nios_system:U_nios_system|axi_ad9361:axi_ad9361_0|axi_ad9361_rx:i_rx|axi_ad9361_rx_channel:i_rx_channel_2|up_adc_channel:i_up_adc_channel|up_xfer_cntrl:i_xfer_cntrl|d_data_cntrl[1]
            Info (332181): Earliest Path Arrival
                Info (332115): From Node          : bladerf_core:U_core|nios_system:U_nios_system|axi_ad9361:axi_ad9361_0|axi_ad9361_rx:i_rx|axi_ad9361_rx_channel:i_rx_channel_2|up_adc_channel:i_up_adc_channel|up_xfer_cntrl:i_xfer_cntrl|up_xfer_data[24]
                Info (332115): To Node            : bladerf_core:U_core|nios_system:U_nios_system|axi_ad9361:axi_ad9361_0|axi_ad9361_rx:i_rx|axi_ad9361_rx_channel:i_rx_channel_2|up_adc_channel:i_up_adc_channel|up_xfer_cntrl:i_xfer_cntrl|d_data_cntrl[24]
                Info (332115): Launch Clock       : U_core|U_system_pll|altera_pll_i|general[0].gpll~PLL_OUTPUT_COUNTER|divclk
                Info (332115): Latch Clock        : U_core|U_nios_system|axi_ad9361_0|i_dev_if|i_rx|i_altlvds_rx|auto_generated|pll_sclk~PLL_OUTPUT_COUNTER|divclk
                Info (332115): Data Arrival Time  : 2.392
                Info (332115): Clock Arrival Time : 6.522
                Info (332115): Relative Delay     : -4.130
                Info (332115): Data Arrival Path:
                Info (332115): Total (ns)  Incr (ns)     Type  Element
                Info (332115): ==========  ========= ==  ====  ===================================
                Info (332115):      1.782      1.782  R        clock network delay
                Info (332115):      1.782      0.000     uTco  bladerf_core:U_core|nios_system:U_nios_system|axi_ad9361:axi_ad9361_0|axi_ad9361_rx:i_rx|axi_ad9361_rx_channel:i_rx_channel_2|up_adc_channel:i_up_adc_channel|up_xfer_cntrl:i_xfer_cntrl|up_xfer_data[24]
                Info (332115):      1.782      0.000 FF  CELL  U_core|U_nios_system|axi_ad9361_0|i_rx|i_rx_channel_2|i_up_adc_channel|i_xfer_cntrl|up_xfer_data[24]|q
                Info (332115):      2.064      0.282 FF    IC  U_core|U_nios_system|axi_ad9361_0|i_rx|i_rx_channel_2|i_up_adc_channel|i_xfer_cntrl|d_data_cntrl[24]|asdata
                Info (332115):      2.392      0.328 FF  CELL  bladerf_core:U_core|nios_system:U_nios_system|axi_ad9361:axi_ad9361_0|axi_ad9361_rx:i_rx|axi_ad9361_rx_channel:i_rx_channel_2|up_adc_channel:i_up_adc_channel|up_xfer_cntrl:i_xfer_cntrl|d_data_cntrl[24]
                Info (332115): Clock Arrival Path:
                Info (332115): Total (ns)  Incr (ns)     Type  Element
                Info (332115): ==========  ========= ==  ====  ===================================
                Info (332115):      6.362      6.362  R        clock network delay
                Info (332115):      6.522      0.160           clock uncertainty
                Info (332115):      6.522      0.000      uTh  bladerf_core:U_core|nios_system:U_nios_system|axi_ad9361:axi_ad9361_0|axi_ad9361_rx:i_rx|axi_ad9361_rx_channel:i_rx_channel_2|up_adc_channel:i_up_adc_channel|up_xfer_cntrl:i_xfer_cntrl|d_data_cntrl[24]
            Info (332181): Cross Path Clock Pessimism Removed : 2.773
            Info (332181): Required Skew   : 6.400
            Info (332181): Actual Skew     : 1.419
            Info (332181): Slack           : 4.981
    Info (332181): Skew for the Earliest Arrival
        Info (332181): Path #125: Slack is 4.890 
            Info (332181): Latest Path Arrival
                Info (332115): From Node          : bladerf_core:U_core|nios_system:U_nios_system|axi_ad9361:axi_ad9361_0|axi_ad9361_rx:i_rx|axi_ad9361_rx_channel:i_rx_channel_2|up_adc_channel:i_up_adc_channel|up_xfer_cntrl:i_xfer_cntrl|up_xfer_data[3]
                Info (332115): To Node            : bladerf_core:U_core|nios_system:U_nios_system|axi_ad9361:axi_ad9361_0|axi_ad9361_rx:i_rx|axi_ad9361_rx_channel:i_rx_channel_2|up_adc_channel:i_up_adc_channel|up_xfer_cntrl:i_xfer_cntrl|d_data_cntrl[3]
                Info (332115): Launch Clock       : U_core|U_system_pll|altera_pll_i|general[0].gpll~PLL_OUTPUT_COUNTER|divclk
                Info (332115): Latch Clock        : U_core|U_nios_system|axi_ad9361_0|i_dev_if|i_rx|i_altlvds_rx|auto_generated|pll_sclk~PLL_OUTPUT_COUNTER|divclk
                Info (332115): Data Arrival Time  : 4.715
                Info (332115): Clock Arrival Time : 4.562
                Info (332115): Relative Delay     : 0.153
                Info (332115): Data Arrival Path:
                Info (332115): Total (ns)  Incr (ns)     Type  Element
                Info (332115): ==========  ========= ==  ====  ===================================
                Info (332115):      3.304      3.304  R        clock network delay
                Info (332115):      3.304      0.000     uTco  bladerf_core:U_core|nios_system:U_nios_system|axi_ad9361:axi_ad9361_0|axi_ad9361_rx:i_rx|axi_ad9361_rx_channel:i_rx_channel_2|up_adc_channel:i_up_adc_channel|up_xfer_cntrl:i_xfer_cntrl|up_xfer_data[3]
                Info (332115):      3.304      0.000 RR  CELL  U_core|U_nios_system|axi_ad9361_0|i_rx|i_rx_channel_2|i_up_adc_channel|i_xfer_cntrl|up_xfer_data[3]|q
                Info (332115):      3.993      0.689 RR    IC  U_core|U_nios_system|axi_ad9361_0|i_rx|i_rx_channel_2|i_up_adc_channel|i_xfer_cntrl|d_data_cntrl[3]|asdata
                Info (332115):      4.715      0.722 RR  CELL  bladerf_core:U_core|nios_system:U_nios_system|axi_ad9361:axi_ad9361_0|axi_ad9361_rx:i_rx|axi_ad9361_rx_channel:i_rx_channel_2|up_adc_channel:i_up_adc_channel|up_xfer_cntrl:i_xfer_cntrl|d_data_cntrl[3]
                Info (332115): Clock Arrival Path:
                Info (332115): Total (ns)  Incr (ns)     Type  Element
                Info (332115): ==========  ========= ==  ====  ===================================
                Info (332115):      4.722      4.722  R        clock network delay
                Info (332115):      4.562     -0.160           clock uncertainty
                Info (332115):      4.562      0.000     uTsu  bladerf_core:U_core|nios_system:U_nios_system|axi_ad9361:axi_ad9361_0|axi_ad9361_rx:i_rx|axi_ad9361_rx_channel:i_rx_channel_2|up_adc_channel:i_up_adc_channel|up_xfer_cntrl:i_xfer_cntrl|d_data_cntrl[3]
            Info (332181): Earliest Path Arrival
                Info (332115): From Node          : bladerf_core:U_core|nios_system:U_nios_system|axi_ad9361:axi_ad9361_0|axi_ad9361_rx:i_rx|axi_ad9361_rx_channel:i_rx_channel_2|up_adc_channel:i_up_adc_channel|up_xfer_cntrl:i_xfer_cntrl|up_xfer_data[24]
                Info (332115): To Node            : bladerf_core:U_core|nios_system:U_nios_system|axi_ad9361:axi_ad9361_0|axi_ad9361_rx:i_rx|axi_ad9361_rx_channel:i_rx_channel_2|up_adc_channel:i_up_adc_channel|up_xfer_cntrl:i_xfer_cntrl|d_data_cntrl[24]
                Info (332115): Launch Clock       : U_core|U_system_pll|altera_pll_i|general[0].gpll~PLL_OUTPUT_COUNTER|divclk
                Info (332115): Latch Clock        : U_core|U_nios_system|axi_ad9361_0|i_dev_if|i_rx|i_altlvds_rx|auto_generated|pll_sclk~PLL_OUTPUT_COUNTER|divclk
                Info (332115): Data Arrival Time  : 2.392
                Info (332115): Clock Arrival Time : 6.522
                Info (332115): Relative Delay     : -4.130
                Info (332115): Data Arrival Path:
                Info (332115): Total (ns)  Incr (ns)     Type  Element
                Info (332115): ==========  ========= ==  ====  ===================================
                Info (332115):      1.782      1.782  R        clock network delay
                Info (332115):      1.782      0.000     uTco  bladerf_core:U_core|nios_system:U_nios_system|axi_ad9361:axi_ad9361_0|axi_ad9361_rx:i_rx|axi_ad9361_rx_channel:i_rx_channel_2|up_adc_channel:i_up_adc_channel|up_xfer_cntrl:i_xfer_cntrl|up_xfer_data[24]
                Info (332115):      1.782      0.000 FF  CELL  U_core|U_nios_system|axi_ad9361_0|i_rx|i_rx_channel_2|i_up_adc_channel|i_xfer_cntrl|up_xfer_data[24]|q
                Info (332115):      2.064      0.282 FF    IC  U_core|U_nios_system|axi_ad9361_0|i_rx|i_rx_channel_2|i_up_adc_channel|i_xfer_cntrl|d_data_cntrl[24]|asdata
                Info (332115):      2.392      0.328 FF  CELL  bladerf_core:U_core|nios_system:U_nios_system|axi_ad9361:axi_ad9361_0|axi_ad9361_rx:i_rx|axi_ad9361_rx_channel:i_rx_channel_2|up_adc_channel:i_up_adc_channel|up_xfer_cntrl:i_xfer_cntrl|d_data_cntrl[24]
                Info (332115): Clock Arrival Path:
                Info (332115): Total (ns)  Incr (ns)     Type  Element
                Info (332115): ==========  ========= ==  ====  ===================================
                Info (332115):      6.362      6.362  R        clock network delay
                Info (332115):      6.522      0.160           clock uncertainty
                Info (332115):      6.522      0.000      uTh  bladerf_core:U_core|nios_system:U_nios_system|axi_ad9361:axi_ad9361_0|axi_ad9361_rx:i_rx|axi_ad9361_rx_channel:i_rx_channel_2|up_adc_channel:i_up_adc_channel|up_xfer_cntrl:i_xfer_cntrl|d_data_cntrl[24]
            Info (332181): Cross Path Clock Pessimism Removed : 2.773
            Info (332181): Required Skew   : 6.400
            Info (332181): Actual Skew     : 1.510
            Info (332181): Slack           : 4.890
        Info (332181): Path #126: Slack is 4.902 
            Info (332181): Latest Path Arrival
                Info (332115): From Node          : bladerf_core:U_core|nios_system:U_nios_system|axi_ad9361:axi_ad9361_0|axi_ad9361_rx:i_rx|axi_ad9361_rx_channel:i_rx_channel_2|up_adc_channel:i_up_adc_channel|up_xfer_cntrl:i_xfer_cntrl|up_xfer_data[3]
                Info (332115): To Node            : bladerf_core:U_core|nios_system:U_nios_system|axi_ad9361:axi_ad9361_0|axi_ad9361_rx:i_rx|axi_ad9361_rx_channel:i_rx_channel_2|up_adc_channel:i_up_adc_channel|up_xfer_cntrl:i_xfer_cntrl|d_data_cntrl[3]
                Info (332115): Launch Clock       : U_core|U_system_pll|altera_pll_i|general[0].gpll~PLL_OUTPUT_COUNTER|divclk
                Info (332115): Latch Clock        : U_core|U_nios_system|axi_ad9361_0|i_dev_if|i_rx|i_altlvds_rx|auto_generated|pll_sclk~PLL_OUTPUT_COUNTER|divclk
                Info (332115): Data Arrival Time  : 4.715
                Info (332115): Clock Arrival Time : 4.562
                Info (332115): Relative Delay     : 0.153
                Info (332115): Data Arrival Path:
                Info (332115): Total (ns)  Incr (ns)     Type  Element
                Info (332115): ==========  ========= ==  ====  ===================================
                Info (332115):      3.304      3.304  R        clock network delay
                Info (332115):      3.304      0.000     uTco  bladerf_core:U_core|nios_system:U_nios_system|axi_ad9361:axi_ad9361_0|axi_ad9361_rx:i_rx|axi_ad9361_rx_channel:i_rx_channel_2|up_adc_channel:i_up_adc_channel|up_xfer_cntrl:i_xfer_cntrl|up_xfer_data[3]
                Info (332115):      3.304      0.000 RR  CELL  U_core|U_nios_system|axi_ad9361_0|i_rx|i_rx_channel_2|i_up_adc_channel|i_xfer_cntrl|up_xfer_data[3]|q
                Info (332115):      3.993      0.689 RR    IC  U_core|U_nios_system|axi_ad9361_0|i_rx|i_rx_channel_2|i_up_adc_channel|i_xfer_cntrl|d_data_cntrl[3]|asdata
                Info (332115):      4.715      0.722 RR  CELL  bladerf_core:U_core|nios_system:U_nios_system|axi_ad9361:axi_ad9361_0|axi_ad9361_rx:i_rx|axi_ad9361_rx_channel:i_rx_channel_2|up_adc_channel:i_up_adc_channel|up_xfer_cntrl:i_xfer_cntrl|d_data_cntrl[3]
                Info (332115): Clock Arrival Path:
                Info (332115): Total (ns)  Incr (ns)     Type  Element
                Info (332115): ==========  ========= ==  ====  ===================================
                Info (332115):      4.722      4.722  R        clock network delay
                Info (332115):      4.562     -0.160           clock uncertainty
                Info (332115):      4.562      0.000     uTsu  bladerf_core:U_core|nios_system:U_nios_system|axi_ad9361:axi_ad9361_0|axi_ad9361_rx:i_rx|axi_ad9361_rx_channel:i_rx_channel_2|up_adc_channel:i_up_adc_channel|up_xfer_cntrl:i_xfer_cntrl|d_data_cntrl[3]
            Info (332181): Earliest Path Arrival
                Info (332115): From Node          : bladerf_core:U_core|nios_system:U_nios_system|axi_ad9361:axi_ad9361_0|axi_ad9361_rx:i_rx|axi_ad9361_rx_channel:i_rx_channel_2|up_adc_channel:i_up_adc_channel|up_xfer_cntrl:i_xfer_cntrl|up_xfer_data[63]
                Info (332115): To Node            : bladerf_core:U_core|nios_system:U_nios_system|axi_ad9361:axi_ad9361_0|axi_ad9361_rx:i_rx|axi_ad9361_rx_channel:i_rx_channel_2|up_adc_channel:i_up_adc_channel|up_xfer_cntrl:i_xfer_cntrl|d_data_cntrl[63]
                Info (332115): Launch Clock       : U_core|U_system_pll|altera_pll_i|general[0].gpll~PLL_OUTPUT_COUNTER|divclk
                Info (332115): Latch Clock        : U_core|U_nios_system|axi_ad9361_0|i_dev_if|i_rx|i_altlvds_rx|auto_generated|pll_sclk~PLL_OUTPUT_COUNTER|divclk
                Info (332115): Data Arrival Time  : 2.412
                Info (332115): Clock Arrival Time : 6.530
                Info (332115): Relative Delay     : -4.118
                Info (332115): Data Arrival Path:
                Info (332115): Total (ns)  Incr (ns)     Type  Element
                Info (332115): ==========  ========= ==  ====  ===================================
                Info (332115):      1.782      1.782  R        clock network delay
                Info (332115):      1.782      0.000     uTco  bladerf_core:U_core|nios_system:U_nios_system|axi_ad9361:axi_ad9361_0|axi_ad9361_rx:i_rx|axi_ad9361_rx_channel:i_rx_channel_2|up_adc_channel:i_up_adc_channel|up_xfer_cntrl:i_xfer_cntrl|up_xfer_data[63]
                Info (332115):      1.782      0.000 FF  CELL  U_core|U_nios_system|axi_ad9361_0|i_rx|i_rx_channel_2|i_up_adc_channel|i_xfer_cntrl|up_xfer_data[63]|q
                Info (332115):      2.275      0.493 FF    IC  U_core|U_nios_system|axi_ad9361_0|i_rx|i_rx_channel_2|i_up_adc_channel|i_xfer_cntrl|d_data_cntrl[63]~feeder|dataf
                Info (332115):      2.330      0.055 FF  CELL  U_core|U_nios_system|axi_ad9361_0|i_rx|i_rx_channel_2|i_up_adc_channel|i_xfer_cntrl|d_data_cntrl[63]~feeder|combout
                Info (332115):      2.330      0.000 FF    IC  U_core|U_nios_system|axi_ad9361_0|i_rx|i_rx_channel_2|i_up_adc_channel|i_xfer_cntrl|d_data_cntrl[63]|d
                Info (332115):      2.412      0.082 FF  CELL  bladerf_core:U_core|nios_system:U_nios_system|axi_ad9361:axi_ad9361_0|axi_ad9361_rx:i_rx|axi_ad9361_rx_channel:i_rx_channel_2|up_adc_channel:i_up_adc_channel|up_xfer_cntrl:i_xfer_cntrl|d_data_cntrl[63]
                Info (332115): Clock Arrival Path:
                Info (332115): Total (ns)  Incr (ns)     Type  Element
                Info (332115): ==========  ========= ==  ====  ===================================
                Info (332115):      6.370      6.370  R        clock network delay
                Info (332115):      6.530      0.160           clock uncertainty
                Info (332115):      6.530      0.000      uTh  bladerf_core:U_core|nios_system:U_nios_system|axi_ad9361:axi_ad9361_0|axi_ad9361_rx:i_rx|axi_ad9361_rx_channel:i_rx_channel_2|up_adc_channel:i_up_adc_channel|up_xfer_cntrl:i_xfer_cntrl|d_data_cntrl[63]
            Info (332181): Cross Path Clock Pessimism Removed : 2.773
            Info (332181): Required Skew   : 6.400
            Info (332181): Actual Skew     : 1.498
            Info (332181): Slack           : 4.902
        Info (332181): Path #127: Slack is 4.907 
            Info (332181): Latest Path Arrival
                Info (332115): From Node          : bladerf_core:U_core|nios_system:U_nios_system|axi_ad9361:axi_ad9361_0|axi_ad9361_rx:i_rx|axi_ad9361_rx_channel:i_rx_channel_2|up_adc_channel:i_up_adc_channel|up_xfer_cntrl:i_xfer_cntrl|up_xfer_data[3]
                Info (332115): To Node            : bladerf_core:U_core|nios_system:U_nios_system|axi_ad9361:axi_ad9361_0|axi_ad9361_rx:i_rx|axi_ad9361_rx_channel:i_rx_channel_2|up_adc_channel:i_up_adc_channel|up_xfer_cntrl:i_xfer_cntrl|d_data_cntrl[3]
                Info (332115): Launch Clock       : U_core|U_system_pll|altera_pll_i|general[0].gpll~PLL_OUTPUT_COUNTER|divclk
                Info (332115): Latch Clock        : U_core|U_nios_system|axi_ad9361_0|i_dev_if|i_rx|i_altlvds_rx|auto_generated|pll_sclk~PLL_OUTPUT_COUNTER|divclk
                Info (332115): Data Arrival Time  : 4.715
                Info (332115): Clock Arrival Time : 4.562
                Info (332115): Relative Delay     : 0.153
                Info (332115): Data Arrival Path:
                Info (332115): Total (ns)  Incr (ns)     Type  Element
                Info (332115): ==========  ========= ==  ====  ===================================
                Info (332115):      3.304      3.304  R        clock network delay
                Info (332115):      3.304      0.000     uTco  bladerf_core:U_core|nios_system:U_nios_system|axi_ad9361:axi_ad9361_0|axi_ad9361_rx:i_rx|axi_ad9361_rx_channel:i_rx_channel_2|up_adc_channel:i_up_adc_channel|up_xfer_cntrl:i_xfer_cntrl|up_xfer_data[3]
                Info (332115):      3.304      0.000 RR  CELL  U_core|U_nios_system|axi_ad9361_0|i_rx|i_rx_channel_2|i_up_adc_channel|i_xfer_cntrl|up_xfer_data[3]|q
                Info (332115):      3.993      0.689 RR    IC  U_core|U_nios_system|axi_ad9361_0|i_rx|i_rx_channel_2|i_up_adc_channel|i_xfer_cntrl|d_data_cntrl[3]|asdata
                Info (332115):      4.715      0.722 RR  CELL  bladerf_core:U_core|nios_system:U_nios_system|axi_ad9361:axi_ad9361_0|axi_ad9361_rx:i_rx|axi_ad9361_rx_channel:i_rx_channel_2|up_adc_channel:i_up_adc_channel|up_xfer_cntrl:i_xfer_cntrl|d_data_cntrl[3]
                Info (332115): Clock Arrival Path:
                Info (332115): Total (ns)  Incr (ns)     Type  Element
                Info (332115): ==========  ========= ==  ====  ===================================
                Info (332115):      4.722      4.722  R        clock network delay
                Info (332115):      4.562     -0.160           clock uncertainty
                Info (332115):      4.562      0.000     uTsu  bladerf_core:U_core|nios_system:U_nios_system|axi_ad9361:axi_ad9361_0|axi_ad9361_rx:i_rx|axi_ad9361_rx_channel:i_rx_channel_2|up_adc_channel:i_up_adc_channel|up_xfer_cntrl:i_xfer_cntrl|d_data_cntrl[3]
            Info (332181): Earliest Path Arrival
                Info (332115): From Node          : bladerf_core:U_core|nios_system:U_nios_system|axi_ad9361:axi_ad9361_0|axi_ad9361_rx:i_rx|axi_ad9361_rx_channel:i_rx_channel_2|up_adc_channel:i_up_adc_channel|up_xfer_cntrl:i_xfer_cntrl|up_xfer_data[26]
                Info (332115): To Node            : bladerf_core:U_core|nios_system:U_nios_system|axi_ad9361:axi_ad9361_0|axi_ad9361_rx:i_rx|axi_ad9361_rx_channel:i_rx_channel_2|up_adc_channel:i_up_adc_channel|up_xfer_cntrl:i_xfer_cntrl|d_data_cntrl[26]
                Info (332115): Launch Clock       : U_core|U_system_pll|altera_pll_i|general[0].gpll~PLL_OUTPUT_COUNTER|divclk
                Info (332115): Latch Clock        : U_core|U_nios_system|axi_ad9361_0|i_dev_if|i_rx|i_altlvds_rx|auto_generated|pll_sclk~PLL_OUTPUT_COUNTER|divclk
                Info (332115): Data Arrival Time  : 2.415
                Info (332115): Clock Arrival Time : 6.528
                Info (332115): Relative Delay     : -4.113
                Info (332115): Data Arrival Path:
                Info (332115): Total (ns)  Incr (ns)     Type  Element
                Info (332115): ==========  ========= ==  ====  ===================================
                Info (332115):      1.780      1.780  R        clock network delay
                Info (332115):      1.780      0.000     uTco  bladerf_core:U_core|nios_system:U_nios_system|axi_ad9361:axi_ad9361_0|axi_ad9361_rx:i_rx|axi_ad9361_rx_channel:i_rx_channel_2|up_adc_channel:i_up_adc_channel|up_xfer_cntrl:i_xfer_cntrl|up_xfer_data[26]
                Info (332115):      1.780      0.000 FF  CELL  U_core|U_nios_system|axi_ad9361_0|i_rx|i_rx_channel_2|i_up_adc_channel|i_xfer_cntrl|up_xfer_data[26]|q
                Info (332115):      2.278      0.498 FF    IC  U_core|U_nios_system|axi_ad9361_0|i_rx|i_rx_channel_2|i_up_adc_channel|i_xfer_cntrl|d_data_cntrl[26]~feeder|dataf
                Info (332115):      2.333      0.055 FF  CELL  U_core|U_nios_system|axi_ad9361_0|i_rx|i_rx_channel_2|i_up_adc_channel|i_xfer_cntrl|d_data_cntrl[26]~feeder|combout
                Info (332115):      2.333      0.000 FF    IC  U_core|U_nios_system|axi_ad9361_0|i_rx|i_rx_channel_2|i_up_adc_channel|i_xfer_cntrl|d_data_cntrl[26]|d
                Info (332115):      2.415      0.082 FF  CELL  bladerf_core:U_core|nios_system:U_nios_system|axi_ad9361:axi_ad9361_0|axi_ad9361_rx:i_rx|axi_ad9361_rx_channel:i_rx_channel_2|up_adc_channel:i_up_adc_channel|up_xfer_cntrl:i_xfer_cntrl|d_data_cntrl[26]
                Info (332115): Clock Arrival Path:
                Info (332115): Total (ns)  Incr (ns)     Type  Element
                Info (332115): ==========  ========= ==  ====  ===================================
                Info (332115):      6.368      6.368  R        clock network delay
                Info (332115):      6.528      0.160           clock uncertainty
                Info (332115):      6.528      0.000      uTh  bladerf_core:U_core|nios_system:U_nios_system|axi_ad9361:axi_ad9361_0|axi_ad9361_rx:i_rx|axi_ad9361_rx_channel:i_rx_channel_2|up_adc_channel:i_up_adc_channel|up_xfer_cntrl:i_xfer_cntrl|d_data_cntrl[26]
            Info (332181): Cross Path Clock Pessimism Removed : 2.773
            Info (332181): Required Skew   : 6.400
            Info (332181): Actual Skew     : 1.493
            Info (332181): Slack           : 4.907
        Info (332181): Path #128: Slack is 4.913 
            Info (332181): Latest Path Arrival
                Info (332115): From Node          : bladerf_core:U_core|nios_system:U_nios_system|axi_ad9361:axi_ad9361_0|axi_ad9361_rx:i_rx|axi_ad9361_rx_channel:i_rx_channel_2|up_adc_channel:i_up_adc_channel|up_xfer_cntrl:i_xfer_cntrl|up_xfer_data[3]
                Info (332115): To Node            : bladerf_core:U_core|nios_system:U_nios_system|axi_ad9361:axi_ad9361_0|axi_ad9361_rx:i_rx|axi_ad9361_rx_channel:i_rx_channel_2|up_adc_channel:i_up_adc_channel|up_xfer_cntrl:i_xfer_cntrl|d_data_cntrl[3]
                Info (332115): Launch Clock       : U_core|U_system_pll|altera_pll_i|general[0].gpll~PLL_OUTPUT_COUNTER|divclk
                Info (332115): Latch Clock        : U_core|U_nios_system|axi_ad9361_0|i_dev_if|i_rx|i_altlvds_rx|auto_generated|pll_sclk~PLL_OUTPUT_COUNTER|divclk
                Info (332115): Data Arrival Time  : 4.715
                Info (332115): Clock Arrival Time : 4.562
                Info (332115): Relative Delay     : 0.153
                Info (332115): Data Arrival Path:
                Info (332115): Total (ns)  Incr (ns)     Type  Element
                Info (332115): ==========  ========= ==  ====  ===================================
                Info (332115):      3.304      3.304  R        clock network delay
                Info (332115):      3.304      0.000     uTco  bladerf_core:U_core|nios_system:U_nios_system|axi_ad9361:axi_ad9361_0|axi_ad9361_rx:i_rx|axi_ad9361_rx_channel:i_rx_channel_2|up_adc_channel:i_up_adc_channel|up_xfer_cntrl:i_xfer_cntrl|up_xfer_data[3]
                Info (332115):      3.304      0.000 RR  CELL  U_core|U_nios_system|axi_ad9361_0|i_rx|i_rx_channel_2|i_up_adc_channel|i_xfer_cntrl|up_xfer_data[3]|q
                Info (332115):      3.993      0.689 RR    IC  U_core|U_nios_system|axi_ad9361_0|i_rx|i_rx_channel_2|i_up_adc_channel|i_xfer_cntrl|d_data_cntrl[3]|asdata
                Info (332115):      4.715      0.722 RR  CELL  bladerf_core:U_core|nios_system:U_nios_system|axi_ad9361:axi_ad9361_0|axi_ad9361_rx:i_rx|axi_ad9361_rx_channel:i_rx_channel_2|up_adc_channel:i_up_adc_channel|up_xfer_cntrl:i_xfer_cntrl|d_data_cntrl[3]
                Info (332115): Clock Arrival Path:
                Info (332115): Total (ns)  Incr (ns)     Type  Element
                Info (332115): ==========  ========= ==  ====  ===================================
                Info (332115):      4.722      4.722  R        clock network delay
                Info (332115):      4.562     -0.160           clock uncertainty
                Info (332115):      4.562      0.000     uTsu  bladerf_core:U_core|nios_system:U_nios_system|axi_ad9361:axi_ad9361_0|axi_ad9361_rx:i_rx|axi_ad9361_rx_channel:i_rx_channel_2|up_adc_channel:i_up_adc_channel|up_xfer_cntrl:i_xfer_cntrl|d_data_cntrl[3]
            Info (332181): Earliest Path Arrival
                Info (332115): From Node          : bladerf_core:U_core|nios_system:U_nios_system|axi_ad9361:axi_ad9361_0|axi_ad9361_rx:i_rx|axi_ad9361_rx_channel:i_rx_channel_2|up_adc_channel:i_up_adc_channel|up_xfer_cntrl:i_xfer_cntrl|up_xfer_data[74]
                Info (332115): To Node            : bladerf_core:U_core|nios_system:U_nios_system|axi_ad9361:axi_ad9361_0|axi_ad9361_rx:i_rx|axi_ad9361_rx_channel:i_rx_channel_2|up_adc_channel:i_up_adc_channel|up_xfer_cntrl:i_xfer_cntrl|d_data_cntrl[74]
                Info (332115): Launch Clock       : U_core|U_system_pll|altera_pll_i|general[0].gpll~PLL_OUTPUT_COUNTER|divclk
                Info (332115): Latch Clock        : U_core|U_nios_system|axi_ad9361_0|i_dev_if|i_rx|i_altlvds_rx|auto_generated|pll_sclk~PLL_OUTPUT_COUNTER|divclk
                Info (332115): Data Arrival Time  : 2.422
                Info (332115): Clock Arrival Time : 6.529
                Info (332115): Relative Delay     : -4.107
                Info (332115): Data Arrival Path:
                Info (332115): Total (ns)  Incr (ns)     Type  Element
                Info (332115): ==========  ========= ==  ====  ===================================
                Info (332115):      1.781      1.781  R        clock network delay
                Info (332115):      1.781      0.000     uTco  bladerf_core:U_core|nios_system:U_nios_system|axi_ad9361:axi_ad9361_0|axi_ad9361_rx:i_rx|axi_ad9361_rx_channel:i_rx_channel_2|up_adc_channel:i_up_adc_channel|up_xfer_cntrl:i_xfer_cntrl|up_xfer_data[74]
                Info (332115):      1.781      0.000 FF  CELL  U_core|U_nios_system|axi_ad9361_0|i_rx|i_rx_channel_2|i_up_adc_channel|i_xfer_cntrl|up_xfer_data[74]|q
                Info (332115):      2.285      0.504 FF    IC  U_core|U_nios_system|axi_ad9361_0|i_rx|i_rx_channel_2|i_up_adc_channel|i_xfer_cntrl|d_data_cntrl[74]~feeder|dataf
                Info (332115):      2.340      0.055 FF  CELL  U_core|U_nios_system|axi_ad9361_0|i_rx|i_rx_channel_2|i_up_adc_channel|i_xfer_cntrl|d_data_cntrl[74]~feeder|combout
                Info (332115):      2.340      0.000 FF    IC  U_core|U_nios_system|axi_ad9361_0|i_rx|i_rx_channel_2|i_up_adc_channel|i_xfer_cntrl|d_data_cntrl[74]|d
                Info (332115):      2.422      0.082 FF  CELL  bladerf_core:U_core|nios_system:U_nios_system|axi_ad9361:axi_ad9361_0|axi_ad9361_rx:i_rx|axi_ad9361_rx_channel:i_rx_channel_2|up_adc_channel:i_up_adc_channel|up_xfer_cntrl:i_xfer_cntrl|d_data_cntrl[74]
                Info (332115): Clock Arrival Path:
                Info (332115): Total (ns)  Incr (ns)     Type  Element
                Info (332115): ==========  ========= ==  ====  ===================================
                Info (332115):      6.369      6.369  R        clock network delay
                Info (332115):      6.529      0.160           clock uncertainty
                Info (332115):      6.529      0.000      uTh  bladerf_core:U_core|nios_system:U_nios_system|axi_ad9361:axi_ad9361_0|axi_ad9361_rx:i_rx|axi_ad9361_rx_channel:i_rx_channel_2|up_adc_channel:i_up_adc_channel|up_xfer_cntrl:i_xfer_cntrl|d_data_cntrl[74]
            Info (332181): Cross Path Clock Pessimism Removed : 2.773
            Info (332181): Required Skew   : 6.400
            Info (332181): Actual Skew     : 1.487
            Info (332181): Slack           : 4.913
Info (332115): Worst-case slack is 4.988 for "set_max_skew -from [get_keepers {*U_dwell_readout_handshake|source_holding[*]}] -to [get_keepers {*bladerf_core:*|dwell_rd_data[*]}] 6.400 "
    Info (332181): Skew for the Latest Arrival
        Info (332181): Path #129: Slack is 4.988 
            Info (332181): Latest Path Arrival
                Info (332115): From Node          : bladerf_core:U_core|handshake:\gen_sweep_analyzer:U_dwell_readout_handshake|source_holding[9]
                Info (332115): To Node            : bladerf_core:U_core|dwell_rd_data[9]
                Info (332115): Launch Clock       : U_core|U_nios_system|axi_ad9361_0|i_dev_if|i_rx|i_altlvds_rx|auto_generated|pll_sclk~PLL_OUTPUT_COUNTER|divclk
                Info (332115): Latch Clock        : U_core|U_system_pll|altera_pll_i|general[0].gpll~PLL_OUTPUT_COUNTER|divclk
                Info (332115): Data Arrival Time  : 7.839
                Info (332115): Clock Arrival Time : 1.610
                Info (332115): Relative Delay     : 6.229
                Info (332115): Data Arrival Path:
                Info (332115): Total (ns)  Incr (ns)     Type  Element
                Info (332115): ==========  ========= ==  ====  ===================================
                Info (332115):      6.350      6.350  R        clock network delay
                Info (332115):      6.350      0.000     uTco  bladerf_core:U_core|handshake:\gen_sweep_analyzer:U_dwell_readout_handshake|source_holding[9]
                Info (332115):      6.350      0.000 RR  CELL  U_core|\gen_sweep_analyzer:U_dwell_readout_handshake|source_holding[9]|q
                Info (332115):      7.112      0.762 RR    IC  U_core|dwell_rd_data[9]|asdata
                Info (332115):      7.839      0.727 RR  CELL  bladerf_core:U_core|dwell_rd_data[9]
                Info (332115): Clock Arrival Path:
                Info (332115): Total (ns)  Incr (ns)     Type  Element
                Info (332115): ==========  ========= ==  ====  ===================================
                Info (332115):      1.770      1.770  R        clock network delay
                Info (332115):      1.610     -0.160           clock uncertainty
                Info (332115):      1.610      0.000     uTsu  bladerf_core:U_core|dwell_rd_data[9]
            Info (332181): Earliest Path Arrival
                Info (332115): From Node          : bladerf_core:U_core|handshake:\gen_sweep_analyzer:U_dwell_readout_handshake|source_holding[25]
                Info (332115): To Node            : bladerf_core:U_core|dwell_rd_data[25]
                Info (332115): Launch Clock       : U_core|U_nios_system|axi_ad9361_0|i_dev_if|i_rx|i_altlvds_rx|auto_generated|pll_sclk~PLL_OUTPUT_COUNTER|divclk
                Info (332115): Latch Clock        : U_core|U_system_pll|altera_pll_i|general[0].gpll~PLL_OUTPUT_COUNTER|divclk
                Info (332115): Data Arrival Time  : 5.408
                Info (332115): Clock Arrival Time : 3.471
                Info (332115): Relative Delay     : 1.937
                Info (332115): Data Arrival Path:
                Info (332115): Total (ns)  Incr (ns)     Type  Element
                Info (332115): ==========  ========= ==  ====  ===================================
                Info (332115):      4.750      4.750  R        clock network delay
                Info (332115):      4.750      0.000     uTco  bladerf_core:U_core|handshake:\gen_sweep_analyzer:U_dwell_readout_handshake|source_holding[25]
                Info (332115):      4.750      0.000 FF  CELL  U_core|\gen_sweep_analyzer:U_dwell_readout_handshake|source_holding[25]|q
                Info (332115):      5.273      0.523 FF    IC  U_core|dwell_rd_data[25]~feeder|dataf
                Info (332115):      5.327      0.054 FF  CELL  U_core|dwell_rd_data[25]~feeder|combout
                Info (332115):      5.327      0.000 FF    IC  U_core|dwell_rd_data[25]|d
                Info (332115):      5.408      0.081 FF  CELL  bladerf_core:U_core|dwell_rd_data[25]
                Info (332115): Clock Arrival Path:
                Info (332115): Total (ns)  Incr (ns)     Type  Element
                Info (332115): ==========  ========= ==  ====  ===================================
                Info (332115):      3.311      3.311  R        clock network delay
                Info (332115):      3.471      0.160           clock uncertainty
                Info (332115):      3.471      0.000      uTh  bladerf_core:U_core|dwell_rd_data[25]
            Info (332181): Cross Path Clock Pessimism Removed : 2.880
            Info (332181): Required Skew   : 6.400
            Info (332181): Actual Skew     : 1.412
            Info (332181): Slack           : 4.988
        Info (332181): Path #130: Slack is 5.004 
            Info (332181): Latest Path Arrival
                Info (332115): From Node          : bladerf_core:U_core|handshake:\gen_sweep_analyzer:U_dwell_readout_handshake|source_holding[30]
                Info (332115): To Node            : bladerf_core:U_core|dwell_rd_data[30]
                Info (332115): Launch Clock       : U_core|U_nios_system|axi_ad9361_0|i_dev_if|i_rx|i_altlvds_rx|auto_generated|pll_sclk~PLL_OUTPUT_COUNTER|divclk
                Info (332115): Latch Clock        : U_core|U_system_pll|altera_pll_i|general[0].gpll~PLL_OUTPUT_COUNTER|divclk
                Info (332115): Data Arrival Time  : 7.827
                Info (332115): Clock Arrival Time : 1.614
                Info (332115): Relative Delay     : 6.213
                Info (332115): Data Arrival Path:
                Info (332115): Total (ns)  Incr (ns)     Type  Element
                Info (332115): ==========  ========= ==  ====  ===================================
                Info (332115):      6.341      6.341  R        clock network delay
                Info (332115):      6.341      0.000     uTco  bladerf_core:U_core|handshake:\gen_sweep_analyzer:U_dwell_readout_handshake|source_holding[30]
                Info (332115):      6.341      0.000 RR  CELL  U_core|\gen_sweep_analyzer:U_dwell_readout_handshake|source_holding[30]|q
                Info (332115):      7.098      0.757 RR    IC  U_core|dwell_rd_data[30]|asdata
                Info (332115):      7.827      0.729 RR  CELL  bladerf_core:U_core|dwell_rd_data[30]
                Info (332115): Clock Arrival Path:
                Info (332115): Total (ns)  Incr (ns)     Type  Element
                Info (332115): ==========  ========= ==  ====  ===================================
                Info (332115):      1.774      1.774  R        clock network delay
                Info (332115):      1.614     -0.160           clock uncertainty
                Info (332115):      1.614      0.000     uTsu  bladerf_core:U_core|dwell_rd_data[30]
            Info (332181): Earliest Path Arrival
                Info (332115): From Node          : bladerf_core:U_core|handshake:\gen_sweep_analyzer:U_dwell_readout_handshake|source_holding[25]
                Info (332115): To Node            : bladerf_core:U_core|dwell_rd_data[25]
                Info (332115): Launch Clock       : U_core|U_nios_system|axi_ad9361_0|i_dev_if|i_rx|i_altlvds_rx|auto_generated|pll_sclk~PLL_OUTPUT_COUNTER|divclk
                Info (332115): Latch Clock        : U_core|U_system_pll|altera_pll_i|general[0].gpll~PLL_OUTPUT_COUNTER|divclk
                Info (332115): Data Arrival Time  : 5.408
                Info (332115): Clock Arrival Time : 3.471
                Info (332115): Relative Delay     : 1.937
                Info (332115): Data Arrival Path:
                Info (332115): Total (ns)  Incr (ns)     Type  Element
                Info (332115): ==========  ========= ==  ====  ===================================
                Info (332115):      4.750      4.750  R        clock network delay
                Info (332115):      4.750      0.000     uTco  bladerf_core:U_core|handshake:\gen_sweep_analyzer:U_dwell_readout_handshake|source_holding[25]
                Info (332115):      4.750      0.000 FF  CELL  U_core|\gen_sweep_analyzer:U_dwell_readout_handshake|source_holding[25]|q
                Info (332115):      5.273      0.523 FF    IC  U_core|dwell_rd_data[25]~feeder|dataf
                Info (332115):      5.327      0.054 FF  CELL  U_core|dwell_rd_data[25]~feeder|combout
                Info (332115):      5.327      0.000 FF    IC  U_core|dwell_rd_data[25]|d
                Info (332115):      5.408      0.081 FF  CELL  bladerf_core:U_core|dwell_rd_data[25]
                Info (332115): Clock Arrival Path:
                Info (332115): Total (ns)  Incr (ns)     Type  Element
                Info (332115): ==========  ========= ==  ====  ===================================
                Info (332115):      3.311      3.311  R        clock network delay
                Info (332115):      3.471      0.160           clock uncertainty
                Info (332115):      3.471      0.000      uTh  bladerf_core:U_core|dwell_rd_data[25]
            Info (332181): Cross Path Clock Pessimism Removed : 2.880
            Info (332181): Required Skew   : 6.400
            Info (332181): Actual Skew     : 1.396
            Info (332181): Slack           : 5.004
        Info (332181): Path #131: Slack is 5.010 
            Info (332181): Latest Path Arrival
                Info (332115): From Node          : bladerf_core:U_core|handshake:\gen_sweep_analyzer:U_dwell_readout_handshake|source_holding[31]
                Info (332115): To Node            : bladerf_core:U_core|dwell_rd_data[31]
                Info (332115): Launch Clock       : U_core|U_nios_system|axi_ad9361_0|i_dev_if|i_rx|i_altlvds_rx|auto_generated|pll_sclk~PLL_OUTPUT_COUNTER|divclk
                Info (332115): Latch Clock        : U_core|U_system_pll|altera_pll_i|general[0].gpll~PLL_OUTPUT_COUNTER|divclk
                Info (332115): Data Arrival Time  : 7.817
                Info (332115): Clock Arrival Time : 1.610
                Info (332115): Relative Delay     : 6.207
                Info (332115): Data Arrival Path:
                Info (332115): Total (ns)  Incr (ns)     Type  Element
                Info (332115): ==========  ========= ==  ====  ===================================
                Info (332115):      6.349      6.349  R        clock network delay
                Info (332115):      6.349      0.000     uTco  bladerf_core:U_core|handshake:\gen_sweep_analyzer:U_dwell_readout_handshake|source_holding[31]
                Info (332115):      6.349      0.000 RR  CELL  U_core|\gen_sweep_analyzer:U_dwell_readout_handshake|source_holding[31]|q
                Info (332115):      7.090      0.741 RR    IC  U_core|dwell_rd_data[31]|asdata
                Info (332115):      7.817      0.727 RR  CELL  bladerf_core:U_core|dwell_rd_data[31]
                Info (332115): Clock Arrival Path:
                Info (332115): Total (ns)  Incr (ns)     Type  Element
                Info (332115): ==========  ========= ==  ====  ===================================
                Info (332115):      1.770      1.770  R        clock network delay
                Info (332115):      1.610     -0.160           clock uncertainty
                Info (332115):      1.610      0.000     uTsu  bladerf_core:U_core|dwell_rd_data[31]
            Info (332181): Earliest Path Arrival
                Info (332115): From Node          : bladerf_core:U_core|handshake:\gen_sweep_analyzer:U_dwell_readout_handshake|source_holding[25]
                Info (332115): To Node            : bladerf_core:U_core|dwell_rd_data[25]
                Info (332115): Launch Clock       : U_core|U_nios_system|axi_ad9361_0|i_dev_if|i_rx|i_altlvds_rx|auto_generated|pll_sclk~PLL_OUTPUT_COUNTER|divclk
                Info (332115): Latch Clock        : U_core|U_system_pll|altera_pll_i|general[0].gpll~PLL_OUTPUT_COUNTER|divclk
                Info (332115): Data Arrival Time  : 5.408
                Info (332115): Clock Arrival Time : 3.471
                Info (332115): Relative Delay     : 1.937
                Info (332115): Data Arrival Path:
                Info (332115): Total (ns)  Incr (ns)     Type  Element
                Info (332115): ==========  ========= ==  ====  ===================================
                Info (332115):      4.750      4.750  R        clock network delay
                Info (332115):      4.750      0.000     uTco  bladerf_core:U_core|handshake:\gen_sweep_analyzer:U_dwell_readout_handshake|source_holding[25]
                Info (332115):      4.750      0.000 FF  CELL  U_core|\gen_sweep_analyzer:U_dwell_readout_handshake|source_holding[25]|q
                Info (332115):      5.273      0.523 FF    IC  U_core|dwell_rd_data[25]~feeder|dataf
                Info (332115):      5.327      0.054 FF  CELL  U_core|dwell_rd_data[25]~feeder|combout
                Info (332115):      5.327      0.000 FF    IC  U_core|dwell_rd_data[25]|d
                Info (332115):      5.408      0.081 FF  CELL  bladerf_core:U_core|dwell_rd_data[25]
                Info (332115): Clock Arrival Path:
                Info (332115): Total (ns)  Incr (ns)     Type  Element
                Info (332115): ==========  ========= ==  ====  ===================================
                Info (332115):      3.311      3.311  R        clock network delay
                Info (332115):      3.471      0.160           clock uncertainty
                Info (332115):      3.471      0.000      uTh  bladerf_core:U_core|dwell_rd_data[25]
            Info (332181): Cross Path Clock Pessimism Removed : 2.880
            Info (332181): Required Skew   : 6.400
            Info (332181): Actual Skew     : 1.390
            Info (332181): Slack           : 5.010
        Info (332181): Path #132: Slack is 5.019 
            Info (332181): Latest Path Arrival
                Info (332115): From Node          : bladerf_core:U_core|handshake:\gen_sweep_analyzer:U_dwell_readout_handshake|source_holding[14]
                Info (332115): To Node            : bladerf_core:U_core|dwell_rd_data[14]
                Info (332115): Launch Clock       : U_core|U_nios_system|axi_ad9361_0|i_dev_if|i_rx|i_altlvds_rx|auto_generated|pll_sclk~PLL_OUTPUT_COUNTER|divclk
                Info (332115): Latch Clock        : U_core|U_system_pll|altera_pll_i|general[0].gpll~PLL_OUTPUT_COUNTER|divclk
                Info (332115): Data Arrival Time  : 7.816
                Info (332115): Clock Arrival Time : 1.618
                Info (332115): Relative Delay     : 6.198
                Info (332115): Data Arrival Path:
                Info (332115): Total (ns)  Incr (ns)     Type  Element
                Info (332115): ==========  ========= ==  ====  ===================================
                Info (332115):      6.350      6.350  R        clock network delay
                Info (332115):      6.350      0.000     uTco  bladerf_core:U_core|handshake:\gen_sweep_analyzer:U_dwell_readout_handshake|source_holding[14]
                Info (332115):      6.350      0.000 RR  CELL  U_core|\gen_sweep_analyzer:U_dwell_readout_handshake|source_holding[14]|q
                Info (332115):      7.102      0.752 RR    IC  U_core|dwell_rd_data[14]|asdata
                Info (332115):      7.816      0.714 RR  CELL  bladerf_core:U_core|dwell_rd_data[14]
                Info (332115): Clock Arrival Path:
                Info (332115): Total (ns)  Incr (ns)     Type  Element
                Info (332115): ==========  ========= ==  ====  ===================================
                Info (332115):      1.778      1.778  R        clock network delay
                Info (332115):      1.618     -0.160           clock uncertainty
                Info (332115):      1.618      0.000     uTsu  bladerf_core:U_core|dwell_rd_data[14]
            Info (332181): Earliest Path Arrival
                Info (332115): From Node          : bladerf_core:U_core|handshake:\gen_sweep_analyzer:U_dwell_readout_handshake|source_holding[25]
                Info (332115): To Node            : bladerf_core:U_core|dwell_rd_data[25]
                Info (332115): Launch Clock       : U_core|U_nios_system|axi_ad9361_0|i_dev_if|i_rx|i_altlvds_rx|auto_generated|pll_sclk~PLL_OUTPUT_COUNTER|divclk
                Info (332115): Latch Clock        : U_core|U_system_pll|altera_pll_i|general[0].gpll~PLL_OUTPUT_COUNTER|divclk
                Info (332115): Data Arrival Time  : 5.408
                Info (332115): Clock Arrival Time : 3.471
                Info (332115): Relative Delay     : 1.937
                Info (332115): Data Arrival Path:
                Info (332115): Total (ns)  Incr (ns)     Type  Element
                Info (332115): ==========  ========= ==  ====  ===================================
                Info (332115):      4.750      4.750  R        clock network delay
                Info (332115):      4.750      0.000     uTco  bladerf_core:U_core|handshake:\gen_sweep_analyzer:U_dwell_readout_handshake|source_holding[25]
                Info (332115):      4.750      0.000 FF  CELL  U_core|\gen_sweep_analyzer:U_dwell_readout_handshake|source_holding[25]|q
                Info (332115):      5.273      0.523 FF    IC  U_core|dwell_rd_data[25]~feeder|dataf
                Info (332115):      5.327      0.054 FF  CELL  U_core|dwell_rd_data[25]~feeder|combout
                Info (332115):      5.327      0.000 FF    IC  U_core|dwell_rd_data[25]|d
                Info (332115):      5.408      0.081 FF  CELL  bladerf_core:U_core|dwell_rd_data[25]
                Info (332115): Clock Arrival Path:
                Info (332115): Total (ns)  Incr (ns)     Type  Element
                Info (332115): ==========  ========= ==  ====  ===================================
                Info (332115):      3.311      3.311  R        clock network delay
                Info (332115):      3.471      0.160           clock uncertainty
                Info (332115):      3.471      0.000      uTh  bladerf_core:U_core|dwell_rd_data[25]
            Info (332181): Cross Path Clock Pessimism Removed : 2.880
            Info (332181): Required Skew   : 6.400
            Info (332181): Actual Skew     : 1.381
            Info (332181): Slack           : 5.019
    Info (332181): Skew for the Earliest Arrival
        Info (332181): Path #133: Slack is 4.988 
            Info (332181): Latest Path Arrival
                Info (332115): From Node          : bladerf_core:U_core|handshake:\gen_sweep_analyzer:U_dwell_readout_handshake|source_holding[9]
                Info (332115): To Node            : bladerf_core:U_core|dwell_rd_data[9]
                Info (332115): Launch Clock       : U_core|U_nios_system|axi_ad9361_0|i_dev_if|i_rx|i_altlvds_rx|auto_generated|pll_sclk~PLL_OUTPUT_COUNTER|divclk
                Info (332115): Latch Clock        : U_core|U_system_pll|altera_pll_i|general[0].gpll~PLL_OUTPUT_COUNTER|divclk
                Info (332115): Data Arrival Time  : 7.839
                Info (332115): Clock Arrival Time : 1.610
                Info (332115): Relative Delay     : 6.229
                Info (332115): Data Arrival Path:
                Info (332115): Total (ns)  Incr (ns)     Type  Element
                Info (332115): ==========  ========= ==  ====  ===================================
                Info (332115):      6.350      6.350  R        clock network delay
                Info (332115):      6.350      0.000     uTco  bladerf_core:U_core|handshake:\gen_sweep_analyzer:U_dwell_readout_handshake|source_holding[9]
                Info (332115):      6.350      0.000 RR  CELL  U_core|\gen_sweep_analyzer:U_dwell_readout_handshake|source_holding[9]|q
                Info (332115):      7.112      0.762 RR    IC  U_core|dwell_rd_data[9]|asdata
                Info (332115):      7.839      0.727 RR  CELL  bladerf_core:U_core|dwell_rd_data[9]
                Info (332115): Clock Arrival Path:
                Info (332115): Total (ns)  Incr (ns)     Type  Element
                Info (332115): ==========  ========= ==  ====  ===================================
                Info (332115):      1.770      1.770  R        clock network delay
                Info (332115):      1.610     -0.160           clock uncertainty
                Info (332115):      1.610      0.000     uTsu  bladerf_core:U_core|dwell_rd_data[9]
            Info (332181): Earliest Path Arrival
                Info (332115): From Node          : bladerf_core:U_core|handshake:\gen_sweep_analyzer:U_dwell_readout_handshake|source_holding[25]
                Info (332115): To Node            : bladerf_core:U_core|dwell_rd_data[25]
                Info (332115): Launch Clock       : U_core|U_nios_system|axi_ad9361_0|i_dev_if|i_rx|i_altlvds_rx|auto_generated|pll_sclk~PLL_OUTPUT_COUNTER|divclk
                Info (332115): Latch Clock        : U_core|U_system_pll|altera_pll_i|general[0].gpll~PLL_OUTPUT_COUNTER|divclk
                Info (332115): Data Arrival Time  : 5.408
                Info (332115): Clock Arrival Time : 3.471
                Info (332115): Relative Delay     : 1.937
                Info (332115): Data Arrival Path:
                Info (332115): Total (ns)  Incr (ns)     Type  Element
                Info (332115): ==========  ========= ==  ====  ===================================
                Info (332115):      4.750      4.750  R        clock network delay
                Info (332115):      4.750      0.000     uTco  bladerf_core:U_core|handshake:\gen_sweep_analyzer:U_dwell_readout_handshake|source_holding[25]
                Info (332115):      4.750      0.000 FF  CELL  U_core|\gen_sweep_analyzer:U_dwell_readout_handshake|source_holding[25]|q
                Info (332115):      5.273      0.523 FF    IC  U_core|dwell_rd_data[25]~feeder|dataf
                Info (332115):      5.327      0.054 FF  CELL  U_core|dwell_rd_data[25]~feeder|combout
                Info (332115):      5.327      0.000 FF    IC  U_core|dwell_rd_data[25]|d
                Info (332115):      5.408      0.081 FF  CELL  bladerf_core:U_core|dwell_rd_data[25]
                Info (332115): Clock Arrival Path:
                Info (332115): Total (ns)  Incr (ns)     Type  Element
                Info (332115): ==========  ========= ==  ====  ===================================
                Info (332115):      3.311      3.311  R        clock network delay
                Info (332115):      3.471      0.160           clock uncertainty
                Info (332115):      3.471      0.000      uTh  bladerf_core:U_core|dwell_rd_data[25]
            Info (332181): Cross Path Clock Pessimism Removed : 2.880
            Info (332181): Required Skew   : 6.400
            Info (332181): Actual Skew     : 1.412
            Info (332181): Slack           : 4.988
        Info (332181): Path #134: Slack is 5.036 
            Info (332181): Latest Path Arrival
                Info (332115): From Node          : bladerf_core:U_core|handshake:\gen_sweep_analyzer:U_dwell_readout_handshake|source_holding[9]
                Info (332115): To Node            : bladerf_core:U_core|dwell_rd_data[9]
                Info (332115): Launch Clock       : U_core|U_nios_system|axi_ad9361_0|i_dev_if|i_rx|i_altlvds_rx|auto_generated|pll_sclk~PLL_OUTPUT_COUNTER|divclk
                Info (332115): Latch Clock        : U_core|U_system_pll|altera_pll_i|general[0].gpll~PLL_OUTPUT_COUNTER|divclk
                Info (332115): Data Arrival Time  : 7.839
                Info (332115): Clock Arrival Time : 1.610
                Info (332115): Relative Delay     : 6.229
                Info (332115): Data Arrival Path:
                Info (332115): Total (ns)  Incr (ns)     Type  Element
                Info (332115): ==========  ========= ==  ====  ===================================
                Info (332115):      6.350      6.350  R        clock network delay
                Info (332115):      6.350      0.000     uTco  bladerf_core:U_core|handshake:\gen_sweep_analyzer:U_dwell_readout_handshake|source_holding[9]
                Info (332115):      6.350      0.000 RR  CELL  U_core|\gen_sweep_analyzer:U_dwell_readout_handshake|source_holding[9]|q
                Info (332115):      7.112      0.762 RR    IC  U_core|dwell_rd_data[9]|asdata
                Info (332115):      7.839      0.727 RR  CELL  bladerf_core:U_core|dwell_rd_data[9]
                Info (332115): Clock Arrival Path:
                Info (332115): Total (ns)  Incr (ns)     Type  Element
                Info (332115): ==========  ========= ==  ====  ===================================
                Info (332115):      1.770      1.770  R        clock network delay
                Info (332115):      1.610     -0.160           clock uncertainty
                Info (332115):      1.610      0.000     uTsu  bladerf_core:U_core|dwell_rd_data[9]
            Info (332181): Earliest Path Arrival
                Info (332115): From Node          : bladerf_core:U_core|handshake:\gen_sweep_analyzer:U_dwell_readout_handshake|source_holding[20]
                Info (332115): To Node            : bladerf_core:U_core|dwell_rd_data[20]
                Info (332115): Launch Clock       : U_core|U_nios_system|axi_ad9361_0|i_dev_if|i_rx|i_altlvds_rx|auto_generated|pll_sclk~PLL_OUTPUT_COUNTER|divclk
                Info (332115): Latch Clock        : U_core|U_system_pll|altera_pll_i|general[0].gpll~PLL_OUTPUT_COUNTER|divclk
                Info (332115): Data Arrival Time  : 5.453
                Info (332115): Clock Arrival Time : 3.468
                Info (332115): Relative Delay     : 1.985
                Info (332115): Data Arrival Path:
                Info (332115): Total (ns)  Incr (ns)     Type  Element
                Info (332115): ==========  ========= ==  ====  ===================================
                Info (332115):      4.743      4.743  R        clock network delay
                Info (332115):      4.743      0.000     uTco  bladerf_core:U_core|handshake:\gen_sweep_analyzer:U_dwell_readout_handshake|source_holding[20]
                Info (332115):      4.743      0.000 FF  CELL  U_core|\gen_sweep_analyzer:U_dwell_readout_handshake|source_holding[20]|q
                Info (332115):      5.318      0.575 FF    IC  U_core|dwell_rd_data[20]~feeder|dataf
                Info (332115):      5.372      0.054 FF  CELL  U_core|dwell_rd_data[20]~feeder|combout
                Info (332115):      5.372      0.000 FF    IC  U_core|dwell_rd_data[20]|d
                Info (332115):      5.453      0.081 FF  CELL  bladerf_core:U_core|dwell_rd_data[20]
                Info (332115): Clock Arrival Path:
                Info (332115): Total (ns)  Incr (ns)     Type  Element
                Info (332115): ==========  ========= ==  ====  ===================================
                Info (332115):      3.308      3.308  R        clock network delay
                Info (332115):      3.468      0.160           clock uncertainty
                Info (332115):      3.468      0.000      uTh  bladerf_core:U_core|dwell_rd_data[20]
            Info (332181): Cross Path Clock Pessimism Removed : 2.880
            Info (332181): Required Skew   : 6.400
            Info (332181): Actual Skew     : 1.364
            Info (332181): Slack           : 5.036
        Info (332181): Path #135: Slack is 5.044 
            Info (332181): Latest Path Arrival
                Info (332115): From Node          : bladerf_core:U_core|handshake:\gen_sweep_analyzer:U_dwell_readout_handshake|source_holding[9]
                Info (332115): To Node            : bladerf_core:U_core|dwell_rd_data[9]
                Info (332115): Launch Clock       : U_core|U_nios_system|axi_ad9361_0|i_dev_if|i_rx|i_altlvds_rx|auto_generated|pll_sclk~PLL_OUTPUT_COUNTER|divclk
                Info (332115): Latch Clock        : U_core|U_system_pll|altera_pll_i|general[0].gpll~PLL_OUTPUT_COUNTER|divclk
                Info (332115): Data Arrival Time  : 7.839
                Info (332115): Clock Arrival Time : 1.610
                Info (332115): Relative Delay     : 6.229
                Info (332115): Data Arrival Path:
                Info (332115): Total (ns)  Incr (ns)     Type  Element
                Info (332115): ==========  ========= ==  ====  ===================================
                Info (332115):      6.350      6.350  R        clock network delay
                Info (332115):      6.350      0.000     uTco  bladerf_core:U_core|handshake:\gen_sweep_analyzer:U_dwell_readout_handshake|source_holding[9]
                Info (332115):      6.350      0.000 RR  CELL  U_core|\gen_sweep_analyzer:U_dwell_readout_handshake|source_holding[9]|q
                Info (332115):      7.112      0.762 RR    IC  U_core|dwell_rd_data[9]|asdata
                Info (332115):      7.839      0.727 RR  CELL  bladerf_core:U_core|dwell_rd_data[9]
                Info (332115): Clock Arrival Path:
                Info (332115): Total (ns)  Incr (ns)     Type  Element
                Info (332115): ==========  ========= ==  ====  ===================================
                Info (332115):      1.770      1.770  R        clock network delay
                Info (332115):      1.610     -0.160           clock uncertainty
                Info (332115):      1.610      0.000     uTsu  bladerf_core:U_core|dwell_rd_data[9]
            Info (332181): Earliest Path Arrival
                Info (332115): From Node          : bladerf_core:U_core|handshake:\gen_sweep_analyzer:U_dwell_readout_handshake|source_holding[13]
                Info (332115): To Node            : bladerf_core:U_core|dwell_rd_data[13]
                Info (332115): Launch Clock       : U_core|U_nios_system|axi_ad9361_0|i_dev_if|i_rx|i_altlvds_rx|auto_generated|pll_sclk~PLL_OUTPUT_COUNTER|divclk
                Info (332115): Latch Clock        : U_core|U_system_pll|altera_pll_i|general[0].gpll~PLL_OUTPUT_COUNTER|divclk
                Info (332115): Data Arrival Time  : 5.464
                Info (332115): Clock Arrival Time : 3.471
                Info (332115): Relative Delay     : 1.993
                Info (332115): Data Arrival Path:
                Info (332115): Total (ns)  Incr (ns)     Type  Element
                Info (332115): ==========  ========= ==  ====  ===================================
                Info (332115):      4.757      4.757  R        clock network delay
                Info (332115):      4.757      0.000     uTco  bladerf_core:U_core|handshake:\gen_sweep_analyzer:U_dwell_readout_handshake|source_holding[13]
                Info (332115):      4.757      0.000 FF  CELL  U_core|\gen_sweep_analyzer:U_dwell_readout_handshake|source_holding[13]|q
                Info (332115):      5.329      0.572 FF    IC  U_core|dwell_rd_data[13]~feeder|dataf
                Info (332115):      5.383      0.054 FF  CELL  U_core|dwell_rd_data[13]~feeder|combout
                Info (332115):      5.383      0.000 FF    IC  U_core|dwell_rd_data[13]|d
                Info (332115):      5.464      0.081 FF  CELL  bladerf_core:U_core|dwell_rd_data[13]
                Info (332115): Clock Arrival Path:
                Info (332115): Total (ns)  Incr (ns)     Type  Element
                Info (332115): ==========  ========= ==  ====  ===================================
                Info (332115):      3.311      3.311  R        clock network delay
                Info (332115):      3.471      0.160           clock uncertainty
                Info (332115):      3.471      0.000      uTh  bladerf_core:U_core|dwell_rd_data[13]
            Info (332181): Cross Path Clock Pessimism Removed : 2.880
            Info (332181): Required Skew   : 6.400
            Info (332181): Actual Skew     : 1.356
            Info (332181): Slack           : 5.044
        Info (332181): Path #136: Slack is 5.046 
            Info (332181): Latest Path Arrival
                Info (332115): From Node          : bladerf_core:U_core|handshake:\gen_sweep_analyzer:U_dwell_readout_handshake|source_holding[9]
                Info (332115): To Node            : bladerf_core:U_core|dwell_rd_data[9]
                Info (332115): Launch Clock       : U_core|U_nios_system|axi_ad9361_0|i_dev_if|i_rx|i_altlvds_rx|auto_generated|pll_sclk~PLL_OUTPUT_COUNTER|divclk
                Info (332115): Latch Clock        : U_core|U_system_pll|altera_pll_i|general[0].gpll~PLL_OUTPUT_COUNTER|divclk
                Info (332115): Data Arrival Time  : 7.839
                Info (332115): Clock Arrival Time : 1.610
                Info (332115): Relative Delay     : 6.229
                Info (332115): Data Arrival Path:
                Info (332115): Total (ns)  Incr (ns)     Type  Element
                Info (332115): ==========  ========= ==  ====  ===================================
                Info (332115):      6.350      6.350  R        clock network delay
                Info (332115):      6.350      0.000     uTco  bladerf_core:U_core|handshake:\gen_sweep_analyzer:U_dwell_readout_handshake|source_holding[9]
                Info (332115):      6.350      0.000 RR  CELL  U_core|\gen_sweep_analyzer:U_dwell_readout_handshake|source_holding[9]|q
                Info (332115):      7.112      0.762 RR    IC  U_core|dwell_rd_data[9]|asdata
                Info (332115):      7.839      0.727 RR  CELL  bladerf_core:U_core|dwell_rd_data[9]
                Info (332115): Clock Arrival Path:
                Info (332115): Total (ns)  Incr (ns)     Type  Element
                Info (332115): ==========  ========= ==  ====  ===================================
                Info (332115):      1.770      1.770  R        clock network delay
                Info (332115):      1.610     -0.160           clock uncertainty
                Info (332115):      1.610      0.000     uTsu  bladerf_core:U_core|dwell_rd_data[9]
            Info (332181): Earliest Path Arrival
                Info (332115): From Node          : bladerf_core:U_core|handshake:\gen_sweep_analyzer:U_dwell_readout_handshake|source_holding[1]
                Info (332115): To Node            : bladerf_core:U_core|dwell_rd_data[1]
                Info (332115): Launch Clock       : U_core|U_nios_system|axi_ad9361_0|i_dev_if|i_rx|i_altlvds_rx|auto_generated|pll_sclk~PLL_OUTPUT_COUNTER|divclk
                Info (332115): Latch Clock        : U_core|U_system_pll|altera_pll_i|general[0].gpll~PLL_OUTPUT_COUNTER|divclk
                Info (332115): Data Arrival Time  : 5.475
                Info (332115): Clock Arrival Time : 3.480
                Info (332115): Relative Delay     : 1.995
                Info (332115): Data Arrival Path:
                Info (332115): Total (ns)  Incr (ns)     Type  Element
                Info (332115): ==========  ========= ==  ====  ===================================
                Info (332115):      4.758      4.758  R        clock network delay
                Info (332115):      4.758      0.000     uTco  bladerf_core:U_core|handshake:\gen_sweep_analyzer:U_dwell_readout_handshake|source_holding[1]
                Info (332115):      4.758      0.000 FF  CELL  U_core|\gen_sweep_analyzer:U_dwell_readout_handshake|source_holding[1]|q
                Info (332115):      5.338      0.580 FF    IC  U_core|dwell_rd_data[1]~feeder|dataf
                Info (332115):      5.392      0.054 FF  CELL  U_core|dwell_rd_data[1]~feeder|combout
                Info (332115):      5.392      0.000 FF    IC  U_core|dwell_rd_data[1]|d
                Info (332115):      5.475      0.083 FF  CELL  bladerf_core:U_core|dwell_rd_data[1]
                Info (332115): Clock Arrival Path:
                Info (332115): Total (ns)  Incr (ns)     Type  Element
                Info (332115): ==========  ========= ==  ====  ===================================
                Info (332115):      3.320      3.320  R        clock network delay
                Info (332115):      3.480      0.160           clock uncertainty
                Info (332115):      3.480      0.000      uTh  bladerf_core:U_core|dwell_rd_data[1]
            Info (332181): Cross Path Clock Pessimism Removed : 2.880
            Info (332181): Required Skew   : 6.400
            Info (332181): Actual Skew     : 1.354
            Info (332181): Slack           : 5.046
Info (332115): Worst-case slack is 4.994 for "set_max_skew -from [get_keepers {*U_dwell_cfg_handshake|source_holding[*]}] -to [get_keepers {*bladerf_core:*|dwell_cfg_rx[*]}] 6.400 "
    Info (332181): Skew for the Latest Arrival
        Info (332181): Path #137: Slack is 4.994 
            Info (332181): Latest Path Arrival
                Info (332115): From Node          : bladerf_core:U_core|handshake:U_dwell_cfg_handshake|source_holding[0]
                Info (332115): To Node            : bladerf_core:U_core|dwell_cfg_rx[0]
                Info (332115): Launch Clock       : U_core|U_system_pll|altera_pll_i|general[0].gpll~PLL_OUTPUT_COUNTER|divclk
                Info (332115): Latch Clock        : U_core|U_nios_system|axi_ad9361_0|i_dev_if|i_rx|i_altlvds_rx|auto_generated|pll_sclk~PLL_OUTPUT_COUNTER|divclk
                Info (332115): Data Arrival Time  : 5.133
                Info (332115): Clock Arrival Time : 4.593
                Info (332115): Relative Delay     : 0.540
                Info (332115): Data Arrival Path:
                Info (332115): Total (ns)  Incr (ns)     Type  Element
                Info (332115): ==========  ========= ==  ====  ===================================
                Info (332115):      3.312      3.312  R        clock network delay
                Info (332115):      3.312      0.000     uTco  bladerf_core:U_core|handshake:U_dwell_cfg_handshake|source_holding[0]
                Info (332115):      3.312      0.000 FF  CELL  U_core|U_dwell_cfg_handshake|source_holding[0]|q
                Info (332115):      4.404      1.092 FF    IC  U_core|dwell_cfg_rx[0]|asdata
                Info (332115):      5.133      0.729 FF  CELL  bladerf_core:U_core|dwell_cfg_rx[0]
                Info (332115): Clock Arrival Path:
                Info (332115): Total (ns)  Incr (ns)     Type  Element
                Info (332115): ==========  ========= ==  ====  ===================================
                Info (332115):      4.753      4.753  R        clock network delay
                Info (332115):      4.593     -0.160           clock uncertainty
                Info (332115):      4.593      0.000     uTsu  bladerf_core:U_core|dwell_cfg_rx[0]
            Info (332181): Earliest Path Arrival
                Info (332115): From Node          : bladerf_core:U_core|handshake:U_dwell_cfg_handshake|source_holding[22]
                Info (332115): To Node            : bladerf_core:U_core|dwell_cfg_rx[22]
                Info (332115): Launch Clock       : U_core|U_system_pll|altera_pll_i|general[0].gpll~PLL_OUTPUT_COUNTER|divclk
                Info (332115): Latch Clock        : U_core|U_nios_system|axi_ad9361_0|i_dev_if|i_rx|i_altlvds_rx|auto_generated|pll_sclk~PLL_OUTPUT_COUNTER|divclk
                Info (332115): Data Arrival Time  : 2.757
                Info (332115): Clock Arrival Time : 6.505
                Info (332115): Relative Delay     : -3.748
                Info (332115): Data Arrival Path:
                Info (332115): Total (ns)  Incr (ns)     Type  Element
                Info (332115): ==========  ========= ==  ====  ===================================
                Info (332115):      1.778      1.778  R        clock network delay
                Info (332115):      1.778      0.000     uTco  bladerf_core:U_core|handshake:U_dwell_cfg_handshake|source_holding[22]
                Info (332115):      1.778      0.000 RR  CELL  U_core|U_dwell_cfg_handshake|source_holding[22]|q
                Info (332115):      2.422      0.644 RR    IC  U_core|dwell_cfg_rx[22]|asdata
                Info (332115):      2.757      0.335 RR  CELL  bladerf_core:U_core|dwell_cfg_rx[22]
                Info (332115): Clock Arrival Path:
                Info (332115): Total (ns)  Incr (ns)     Type  Element
                Info (332115): ==========  ========= ==  ====  ===================================
                Info (332115):      6.345      6.345  R        clock network delay
                Info (332115):      6.505      0.160           clock uncertainty
                Info (332115):      6.505      0.000      uTh  bladerf_core:U_core|dwell_cfg_rx[22]
            Info (332181): Cross Path Clock Pessimism Removed : 2.882
            Info (332181): Required Skew   : 6.400
            Info (332181): Actual Skew     : 1.406
            Info (332181): Slack           : 4.994
        Info (332181): Path #138: Slack is 5.053 
            Info (332181): Latest Path Arrival
                Info (332115): From Node          : bladerf_core:U_core|handshake:U_dwell_cfg_handshake|source_holding[23]
                Info (332115): To Node            : bladerf_core:U_core|dwell_cfg_rx[23]
                Info (332115): Launch Clock       : U_core|U_system_pll|altera_pll_i|general[0].gpll~PLL_OUTPUT_COUNTER|divclk
                Info (332115): Latch Clock        : U_core|U_nios_system|axi_ad9361_0|i_dev_if|i_rx|i_altlvds_rx|auto_generated|pll_sclk~PLL_OUTPUT_COUNTER|divclk
                Info (332115): Data Arrival Time  : 5.074
                Info (332115): Clock Arrival Time : 4.593
                Info (332115): Relative Delay     : 0.481
                Info (332115): Data Arrival Path:
                Info (332115): Total (ns)  Incr (ns)     Type  Element
                Info (332115): ==========  ========= ==  ====  ===================================
                Info (332115):      3.312      3.312  R        clock network delay
                Info (332115):      3.312      0.000     uTco  bladerf_core:U_core|handshake:U_dwell_cfg_handshake|source_holding[23]
                Info (332115):      3.312      0.000 FF  CELL  U_core|U_dwell_cfg_handshake|source_holding[23]|q
                Info (332115):      4.345      1.033 FF    IC  U_core|dwell_cfg_rx[23]|asdata
                Info (332115):      5.074      0.729 FF  CELL  bladerf_core:U_core|dwell_cfg_rx[23]
                Info (332115): Clock Arrival Path:
                Info (332115): Total (ns)  Incr (ns)     Type  Element
                Info (332115): ==========  ========= ==  ====  ===================================
                Info (332115):      4.753      4.753  R        clock network delay
                Info (332115):      4.593     -0.160           clock uncertainty
                Info (332115):      4.593      0.000     uTsu  bladerf_core:U_core|dwell_cfg_rx[23]
            Info (332181): Earliest Path Arrival
                Info (332115): From Node          : bladerf_core:U_core|handshake:U_dwell_cfg_handshake|source_holding[22]
                Info (332115): To Node            : bladerf_core:U_core|dwell_cfg_rx[22]
                Info (332115): Launch Clock       : U_core|U_system_pll|altera_pll_i|general[0].gpll~PLL_OUTPUT_COUNTER|divclk
                Info (332115): Latch Clock        : U_core|U_nios_system|axi_ad9361_0|i_dev_if|i_rx|i_altlvds_rx|auto_generated|pll_sclk~PLL_OUTPUT_COUNTER|divclk
                Info (332115): Data Arrival Time  : 2.757
                Info (332115): Clock Arrival Time : 6.505
                Info (332115): Relative Delay     : -3.748
                Info (332115): Data Arrival Path:
                Info (332115): Total (ns)  Incr (ns)     Type  Element
                Info (332115): ==========  ========= ==  ====  ===================================
                Info (332115):      1.778      1.778  R        clock network delay
                Info (332115):      1.778      0.000     uTco  bladerf_core:U_core|handshake:U_dwell_cfg_handshake|source_holding[22]
                Info (332115):      1.778      0.000 RR  CELL  U_core|U_dwell_cfg_handshake|source_holding[22]|q
                Info (332115):      2.422      0.644 RR    IC  U_core|dwell_cfg_rx[22]|asdata
                Info (332115):      2.757      0.335 RR  CELL  bladerf_core:U_core|dwell_cfg_rx[22]
                Info (332115): Clock Arrival Path:
                Info (332115): Total (ns)  Incr (ns)     Type  Element
                Info (332115): ==========  ========= ==  ====  ===================================
                Info (332115):      6.345      6.345  R        clock network delay
                Info (332115):      6.505      0.160           clock uncertainty
                Info (332115):      6.505      0.000      uTh  bladerf_core:U_core|dwell_cfg_rx[22]
            Info (332181): Cross Path Clock Pessimism Removed : 2.882
            Info (332181): Required Skew   : 6.400
            Info (332181): Actual Skew     : 1.347
            Info (332181): Slack           : 5.053
        Info (332181): Path #139: Slack is 5.162 
            Info (332181): Latest Path Arrival
                Info (332115): From Node          : bladerf_core:U_core|handshake:U_dwell_cfg_handshake|source_holding[3]
                Info (332115): To Node            : bladerf_core:U_core|dwell_cfg_rx[3]
                Info (332115): Launch Clock       : U_core|U_system_pll|altera_pll_i|general[0].gpll~PLL_OUTPUT_COUNTER|divclk
                Info (332115): Latch Clock        : U_core|U_nios_system|axi_ad9361_0|i_dev_if|i_rx|i_altlvds_rx|auto_generated|pll_sclk~PLL_OUTPUT_COUNTER|divclk
                Info (332115): Data Arrival Time  : 4.958
                Info (332115): Clock Arrival Time : 4.586
                Info (332115): Relative Delay     : 0.372
                Info (332115): Data Arrival Path:
                Info (332115): Total (ns)  Incr (ns)     Type  Element
                Info (332115): ==========  ========= ==  ====  ===================================
                Info (332115):      3.321      3.321  R        clock network delay
                Info (332115):      3.321      0.000     uTco  bladerf_core:U_core|handshake:U_dwell_cfg_handshake|source_holding[3]
                Info (332115):      3.321      0.000 FF  CELL  U_core|U_dwell_cfg_handshake|source_holding[3]|q
                Info (332115):      4.299      0.978 FF    IC  U_core|dwell_cfg_rx[3]|asdata
                Info (332115):      4.958      0.659 FF  CELL  bladerf_core:U_core|dwell_cfg_rx[3]
                Info (332115): Clock Arrival Path:
                Info (332115): Total (ns)  Incr (ns)     Type  Element
                Info (332115): ==========  ========= ==  ====  ===================================
                Info (332115):      4.746      4.746  R        clock network delay
                Info (332115):      4.586     -0.160           clock uncertainty
                Info (332115):      4.586      0.000     uTsu  bladerf_core:U_core|dwell_cfg_rx[3]
            Info (332181): Earliest Path Arrival
                Info (332115): From Node          : bladerf_core:U_core|handshake:U_dwell_cfg_handshake|source_holding[22]
                Info (332115): To Node            : bladerf_core:U_core|dwell_cfg_rx[22]
                Info (332115): Launch Clock       : U_core|U_system_pll|altera_pll_i|general[0].gpll~PLL_OUTPUT_COUNTER|divclk
                Info (332115): Latch Clock        : U_core|U_nios_system|axi_ad9361_0|i_dev_if|i_rx|i_altlvds_rx|auto_generated|pll_sclk~PLL_OUTPUT_COUNTER|divclk
                Info (332115): Data Arrival Time  : 2.757
                Info (332115): Clock Arrival Time : 6.505
                Info (332115): Relative Delay     : -3.748
                Info (332115): Data Arrival Path:
                Info (332115): Total (ns)  Incr (ns)     Type  Element
                Info (332115): ==========  ========= ==  ====  ===================================
                Info (332115):      1.778      1.778  R        clock network delay
                Info (332115):      1.778      0.000     uTco  bladerf_core:U_core|handshake:U_dwell_cfg_handshake|source_holding[22]
                Info (332115):      1.778      0.000 RR  CELL  U_core|U_dwell_cfg_handshake|source_holding[22]|q
                Info (332115):      2.422      0.644 RR    IC  U_core|dwell_cfg_rx[22]|asdata
                Info (332115):      2.757      0.335 RR  CELL  bladerf_core:U_core|dwell_cfg_rx[22]
                Info (332115): Clock Arrival Path:
                Info (332115): Total (ns)  Incr (ns)     Type  Element
                Info (332115): ==========  ========= ==  ====  ===================================
                Info (332115):      6.345      6.345  R        clock network delay
                Info (332115):      6.505      0.160           clock uncertainty
                Info (332115):      6.505      0.000      uTh  bladerf_core:U_core|dwell_cfg_rx[22]
            Info (332181): Cross Path Clock Pessimism Removed : 2.882
            Info (332181): Required Skew   : 6.400
            Info (332181): Actual Skew     : 1.238
            Info (332181): Slack           : 5.162
        Info (332181): Path #140: Slack is 5.178 
            Info (332181): Latest Path Arrival
                Info (332115): From Node          : bladerf_core:U_core|handshake:U_dwell_cfg_handshake|source_holding[9]
                Info (332115): To Node            : bladerf_core:U_core|dwell_cfg_rx[9]
                Info (332115): Launch Clock       : U_core|U_system_pll|altera_pll_i|general[0].gpll~PLL_OUTPUT_COUNTER|divclk
                Info (332115): Latch Clock        : U_core|U_nios_system|axi_ad9361_0|i_dev_if|i_rx|i_altlvds_rx|auto_generated|pll_sclk~PLL_OUTPUT_COUNTER|divclk
                Info (332115): Data Arrival Time  : 4.945
                Info (332115): Clock Arrival Time : 4.592
                Info (332115): Relative Delay     : 0.353
                Info (332115): Data Arrival Path:
                Info (332115): Total (ns)  Incr (ns)     Type  Element
                Info (332115): ==========  ========= ==  ====  ===================================
                Info (332115):      3.348      3.348  R        clock network delay
                Info (332115):      3.348      0.000     uTco  bladerf_core:U_core|handshake:U_dwell_cfg_handshake|source_holding[9]
                Info (332115):      3.348      0.000 FF  CELL  U_core|U_dwell_cfg_handshake|source_holding[9]|q
                Info (332115):      4.219      0.871 FF    IC  U_core|dwell_cfg_rx[9]|asdata
                Info (332115):      4.945      0.726 FF  CELL  bladerf_core:U_core|dwell_cfg_rx[9]
                Info (332115): Clock Arrival Path:
                Info (332115): Total (ns)  Incr (ns)     Type  Element
                Info (332115): ==========  ========= ==  ====  ===================================
                Info (332115):      4.752      4.752  R        clock network delay
                Info (332115):      4.592     -0.160           clock uncertainty
                Info (332115):      4.592      0.000     uTsu  bladerf_core:U_core|dwell_cfg_rx[9]
            Info (332181): Earliest Path Arrival
                Info (332115): From Node          : bladerf_core:U_core|handshake:U_dwell_cfg_handshake|source_holding[22]
                Info (332115): To Node            : bladerf_core:U_core|dwell_cfg_rx[22]
                Info (332115): Launch Clock       : U_core|U_system_pll|altera_pll_i|general[0].gpll~PLL_OUTPUT_COUNTER|divclk
                Info (332115): Latch Clock        : U_core|U_nios_system|axi_ad9361_0|i_dev_if|i_rx|i_altlvds_rx|auto_generated|pll_sclk~PLL_OUTPUT_COUNTER|divclk
                Info (332115): Data Arrival Time  : 2.757
                Info (332115): Clock Arrival Time : 6.505
                Info (332115): Relative Delay     : -3.748
                Info (332115): Data Arrival Path:
                Info (332115): Total (ns)  Incr (ns)     Type  Element
                Info (332115): ==========  ========= ==  ====  ===================================
                Info (332115):      1.778      1.778  R        clock network delay
                Info (332115):      1.778      0.000     uTco  bladerf_core:U_core|handshake:U_dwell_cfg_handshake|source_holding[22]
                Info (332115):      1.778      0.000 RR  CELL  U_core|U_dwell_cfg_handshake|source_holding[22]|q
                Info (332115):      2.422      0.644 RR    IC  U_core|dwell_cfg_rx[22]|asdata
                Info (332115):      2.757      0.335 RR  CELL  bladerf_core:U_core|dwell_cfg_rx[22]
                Info (332115): Clock Arrival Path:
                Info (332115): Total (ns)  Incr (ns)     Type  Element
                Info (332115): ==========  ========= ==  ====  ===================================
                Info (332115):      6.345      6.345  R        clock network delay
                Info (332115):      6.505      0.160           clock uncertainty
                Info (332115):      6.505      0.000      uTh  bladerf_core:U_core|dwell_cfg_rx[22]
            Info (332181): Cross Path Clock Pessimism Removed : 2.879
            Info (332181): Required Skew   : 6.400
            Info (332181): Actual Skew     : 1.222
            Info (332181): Slack           : 5.178
    Info (332181): Skew for the Earliest Arrival
        Info (332181): Path #141: Slack is 4.994 
            Info (332181): Latest Path Arrival
                Info (332115): From Node          : bladerf_core:U_core|handshake:U_dwell_cfg_handshake|source_holding[0]
                Info (332115): To Node            : bladerf_core:U_core|dwell_cfg_rx[0]
                Info (332115): Launch Clock       : U_core|U_system_pll|altera_pll_i|general[0].gpll~PLL_OUTPUT_COUNTER|divclk
                Info (332115): Latch Clock        : U_core|U_nios_system|axi_ad9361_0|i_dev_if|i_rx|i_altlvds_rx|auto_generated|pll_sclk~PLL_OUTPUT_COUNTER|divclk
                Info (332115): Data Arrival Time  : 5.133
                Info (332115): Clock Arrival Time : 4.593
                Info (332115): Relative Delay     : 0.540
                Info (332115): Data Arrival Path:
                Info (332115): Total (ns)  Incr (ns)     Type  Element
                Info (332115): ==========  ========= ==  ====  ===================================
                Info (332115):      3.312      3.312  R        clock network delay
                Info (332115):      3.312      0.000     uTco  bladerf_core:U_core|handshake:U_dwell_cfg_handshake|source_holding[0]
                Info (332115):      3.312      0.000 FF  CELL  U_core|U_dwell_cfg_handshake|source_holding[0]|q
                Info (332115):      4.404      1.092 FF    IC  U_core|dwell_cfg_rx[0]|asdata
                Info (332115):      5.133      0.729 FF  CELL  bladerf_core:U_core|dwell_cfg_rx[0]
                Info (332115): Clock Arrival Path:
                Info (332115): Total (ns)  Incr (ns)     Type  Element
                Info (332115): ==========  ========= ==  ====  ===================================
                Info (332115):      4.753      4.753  R        clock network delay
                Info (332115):      4.593     -0.160           clock uncertainty
                Info (332115):      4.593      0.000     uTsu  bladerf_core:U_core|dwell_cfg_rx[0]
            Info (332181): Earliest Path Arrival
                Info (332115): From Node          : bladerf_core:U_core|handshake:U_dwell_cfg_handshake|source_holding[22]
                Info (332115): To Node            : bladerf_core:U_core|dwell_cfg_rx[22]
                Info (332115): Launch Clock       : U_core|U_system_pll|altera_pll_i|general[0].gpll~PLL_OUTPUT_COUNTER|divclk
                Info (332115): Latch Clock        : U_core|U_nios_system|axi_ad9361_0|i_dev_if|i_rx|i_altlvds_rx|auto_generated|pll_sclk~PLL_OUTPUT_COUNTER|divclk
                Info (332115): Data Arrival Time  : 2.757
                Info (332115): Clock Arrival Time : 6.505
                Info (332115): Relative Delay     : -3.748
                Info (332115): Data Arrival Path:
                Info (332115): Total (ns)  Incr (ns)     Type  Element
                Info (332115): ==========  ========= ==  ====  ===================================
                Info (332115):      1.778      1.778  R        clock network delay
                Info (332115):      1.778      0.000     uTco  bladerf_core:U_core|handshake:U_dwell_cfg_handshake|source_holding[22]
                Info (332115):      1.778      0.000 RR  CELL  U_core|U_dwell_cfg_handshake|source_holding[22]|q
                Info (332115):      2.422      0.644 RR    IC  U_core|dwell_cfg_rx[22]|asdata
                Info (332115):      2.757      0.335 RR  CELL  bladerf_core:U_core|dwell_cfg_rx[22]
                Info (332115): Clock Arrival Path:
                Info (332115): Total (ns)  Incr (ns)     Type  Element
                Info (332115): ==========  ========= ==  ====  ===================================
                Info (332115):      6.345      6.345  R        clock network delay
                Info (332115):      6.505      0.160           clock uncertainty
                Info (332115):      6.505      0.000      uTh  bladerf_core:U_core|dwell_cfg_rx[22]
            Info (332181): Cross Path Clock Pessimism Removed : 2.882
            Info (332181): Required Skew   : 6.400
            Info (332181): Actual Skew     : 1.406
            Info (332181): Slack           : 4.994
        Info (332181): Path #142: Slack is 5.029 
            Info (332181): Latest Path Arrival
                Info (332115): From Node          : bladerf_core:U_core|handshake:U_dwell_cfg_handshake|source_holding[0]
                Info (332115): To Node            : bladerf_core:U_core|dwell_cfg_rx[0]
                Info (332115): Launch Clock       : U_core|U_system_pll|altera_pll_i|general[0].gpll~PLL_OUTPUT_COUNTER|divclk
                Info (332115): Latch Clock        : U_core|U_nios_system|axi_ad9361_0|i_dev_if|i_rx|i_altlvds_rx|auto_generated|pll_sclk~PLL_OUTPUT_COUNTER|divclk
                Info (332115): Data Arrival Time  : 5.133
                Info (332115): Clock Arrival Time : 4.593
                Info (332115): Relative Delay     : 0.540
                Info (332115): Data Arrival Path:
                Info (332115): Total (ns)  Incr (ns)     Type  Element
                Info (332115): ==========  ========= ==  ====  ===================================
                Info (332115):      3.312      3.312  R        clock network delay
                Info (332115):      3.312      0.000     uTco  bladerf_core:U_core|handshake:U_dwell_cfg_handshake|source_holding[0]
                Info (332115):      3.312      0.000 FF  CELL  U_core|U_dwell_cfg_handshake|source_holding[0]|q
                Info (332115):      4.404      1.092 FF    IC  U_core|dwell_cfg_rx[0]|asdata
                Info (332115):      5.133      0.729 FF  CELL  bladerf_core:U_core|dwell_cfg_rx[0]
                Info (332115): Clock Arrival Path:
                Info (332115): Total (ns)  Incr (ns)     Type  Element
                Info (332115): ==========  ========= ==  ====  ===================================
                Info (332115):      4.753      4.753  R        clock network delay
                Info (332115):      4.593     -0.160           clock uncertainty
                Info (332115):      4.593      0.000     uTsu  bladerf_core:U_core|dwell_cfg_rx[0]
            Info (332181): Earliest Path Arrival
                Info (332115): From Node          : bladerf_core:U_core|handshake:U_dwell_cfg_handshake|source_holding[6]
                Info (332115): To Node            : bladerf_core:U_core|dwell_cfg_rx[6]
                Info (332115): Launch Clock       : U_core|U_system_pll|altera_pll_i|general[0].gpll~PLL_OUTPUT_COUNTER|divclk
                Info (332115): Latch Clock        : U_core|U_nios_system|axi_ad9361_0|i_dev_if|i_rx|i_altlvds_rx|auto_generated|pll_sclk~PLL_OUTPUT_COUNTER|divclk
                Info (332115): Data Arrival Time  : 2.792
                Info (332115): Clock Arrival Time : 6.505
                Info (332115): Relative Delay     : -3.713
                Info (332115): Data Arrival Path:
                Info (332115): Total (ns)  Incr (ns)     Type  Element
                Info (332115): ==========  ========= ==  ====  ===================================
                Info (332115):      1.772      1.772  R        clock network delay
                Info (332115):      1.772      0.000     uTco  bladerf_core:U_core|handshake:U_dwell_cfg_handshake|source_holding[6]
                Info (332115):      1.772      0.000 RR  CELL  U_core|U_dwell_cfg_handshake|source_holding[6]|q
                Info (332115):      2.457      0.685 RR    IC  U_core|dwell_cfg_rx[6]|asdata
                Info (332115):      2.792      0.335 RR  CELL  bladerf_core:U_core|dwell_cfg_rx[6]
                Info (332115): Clock Arrival Path:
                Info (332115): Total (ns)  Incr (ns)     Type  Element
                Info (332115): ==========  ========= ==  ====  ===================================
                Info (332115):      6.345      6.345  R        clock network delay
                Info (332115):      6.505      0.160           clock uncertainty
                Info (332115):      6.505      0.000      uTh  bladerf_core:U_core|dwell_cfg_rx[6]
            Info (332181): Cross Path Clock Pessimism Removed : 2.882
            Info (332181): Required Skew   : 6.400
            Info (332181): Actual Skew     : 1.371
            Info (332181): Slack           : 5.029
        Info (332181): Path #143: Slack is 5.037 
            Info (332181): Latest Path Arrival
                Info (332115): From Node          : bladerf_core:U_core|handshake:U_dwell_cfg_handshake|source_holding[0]
                Info (332115): To Node            : bladerf_core:U_core|dwell_cfg_rx[0]
                Info (332115): Launch Clock       : U_core|U_system_pll|altera_pll_i|general[0].gpll~PLL_OUTPUT_COUNTER|divclk
                Info (332115): Latch Clock        : U_core|U_nios_system|axi_ad9361_0|i_dev_if|i_rx|i_altlvds_rx|auto_generated|pll_sclk~PLL_OUTPUT_COUNTER|divclk
                Info (332115): Data Arrival Time  : 5.133
                Info (332115): Clock Arrival Time : 4.593
                Info (332115): Relative Delay     : 0.540
                Info (332115): Data Arrival Path:
                Info (332115): Total (ns)  Incr (ns)     Type  Element
                Info (332115): ==========  ========= ==  ====  ===================================
                Info (332115):      3.312      3.312  R        clock network delay
                Info (332115):      3.312      0.000     uTco  bladerf_core:U_core|handshake:U_dwell_cfg_handshake|source_holding[0]
                Info (332115):      3.312      0.000 FF  CELL  U_core|U_dwell_cfg_handshake|source_holding[0]|q
                Info (332115):      4.404      1.092 FF    IC  U_core|dwell_cfg_rx[0]|asdata
                Info (332115):      5.133      0.729 FF  CELL  bladerf_core:U_core|dwell_cfg_rx[0]
                Info (332115): Clock Arrival Path:
                Info (332115): Total (ns)  Incr (ns)     Type  Element
                Info (332115): ==========  ========= ==  ====  ===================================
                Info (332115):      4.753      4.753  R        clock network delay
                Info (332115):      4.593     -0.160           clock uncertainty
                Info (332115):      4.593      0.000     uTsu  bladerf_core:U_core|dwell_cfg_rx[0]
            Info (332181): Earliest Path Arrival
                Info (332115): From Node          : bladerf_core:U_core|handshake:U_dwell_cfg_handshake|source_holding[8]
                Info (332115): To Node            : bladerf_core:U_core|dwell_cfg_rx[8]
                Info (332115): Launch Clock       : U_core|U_system_pll|altera_pll_i|general[0].gpll~PLL_OUTPUT_COUNTER|divclk
                Info (332115): Latch Clock        : U_core|U_nios_system|axi_ad9361_0|i_dev_if|i_rx|i_altlvds_rx|auto_generated|pll_sclk~PLL_OUTPUT_COUNTER|divclk
                Info (332115): Data Arrival Time  : 2.809
                Info (332115): Clock Arrival Time : 6.511
                Info (332115): Relative Delay     : -3.702
                Info (332115): Data Arrival Path:
                Info (332115): Total (ns)  Incr (ns)     Type  Element
                Info (332115): ==========  ========= ==  ====  ===================================
                Info (332115):      1.802      1.802  R        clock network delay
                Info (332115):      1.802      0.000     uTco  bladerf_core:U_core|handshake:U_dwell_cfg_handshake|source_holding[8]
                Info (332115):      1.802      0.000 RR  CELL  U_core|U_dwell_cfg_handshake|source_holding[8]|q
                Info (332115):      2.474      0.672 RR    IC  U_core|dwell_cfg_rx[8]|asdata
                Info (332115):      2.809      0.335 RR  CELL  bladerf_core:U_core|dwell_cfg_rx[8]
                Info (332115): Clock Arrival Path:
                Info (332115): Total (ns)  Incr (ns)     Type  Element
                Info (332115): ==========  ========= ==  ====  ===================================
                Info (332115):      6.351      6.351  R        clock network delay
                Info (332115):      6.511      0.160           clock uncertainty
                Info (332115):      6.511      0.000      uTh  bladerf_core:U_core|dwell_cfg_rx[8]
            Info (332181): Cross Path Clock Pessimism Removed : 2.879
            Info (332181): Required Skew   : 6.400
            Info (332181): Actual Skew     : 1.363
            Info (332181): Slack           : 5.037
        Info (332181): Path #144: Slack is 5.055 
            Info (332181): Latest Path Arrival
                Info (332115): From Node          : bladerf_core:U_core|handshake:U_dwell_cfg_handshake|source_holding[0]
                Info (332115): To Node            : bladerf_core:U_core|dwell_cfg_rx[0]
                Info (332115): Launch Clock       : U_core|U_system_pll|altera_pll_i|general[0].gpll~PLL_OUTPUT_COUNTER|divclk
                Info (332115): Latch Clock        : U_core|U_nios_system|axi_ad9361_0|i_dev_if|i_rx|i_altlvds_rx|auto_generated|pll_sclk~PLL_OUTPUT_COUNTER|divclk
                Info (332115): Data Arrival Time  : 5.133
                Info (332115): Clock Arrival Time : 4.593
                Info (332115): Relative Delay     : 0.540
                Info (332115): Data Arrival Path:
                Info (332115): Total (ns)  Incr (ns)     Type  Element
                Info (332115): ==========  ========= ==  ====  ===================================
                Info (332115):      3.312      3.312  R        clock network delay
                Info (332115):      3.312      0.000     uTco  bladerf_core:U_core|handshake:U_dwell_cfg_handshake|source_holding[0]
                Info (332115):      3.312      0.000 FF  CELL  U_core|U_dwell_cfg_handshake|source_holding[0]|q
                Info (332115):      4.404      1.092 FF    IC  U_core|dwell_cfg_rx[0]|asdata
                Info (332115):      5.133      0.729 FF  CELL  bladerf_core:U_core|dwell_cfg_rx[0]
                Info (332115): Clock Arrival Path:
                Info (332115): Total (ns)  Incr (ns)     Type  Element
                Info (332115): ==========  ========= ==  ====  ===================================
                Info (332115):      4.753      4.753  R        clock network delay
                Info (332115):      4.593     -0.160           clock uncertainty
                Info (332115):      4.593      0.000     uTsu  bladerf_core:U_core|dwell_cfg_rx[0]
            Info (332181): Earliest Path Arrival
                Info (332115): From Node          : bladerf_core:U_core|handshake:U_dwell_cfg_handshake|source_holding[15]
                Info (332115): To Node            : bladerf_core:U_core|dwell_cfg_rx[15]
                Info (332115): Launch Clock       : U_core|U_system_pll|altera_pll_i|general[0].gpll~PLL_OUTPUT_COUNTER|divclk
                Info (332115): Latch Clock        : U_core|U_nios_system|axi_ad9361_0|i_dev_if|i_rx|i_altlvds_rx|auto_generated|pll_sclk~PLL_OUTPUT_COUNTER|divclk
                Info (332115): Data Arrival Time  : 2.811
                Info (332115): Clock Arrival Time : 6.498
                Info (332115): Relative Delay     : -3.687
                Info (332115): Data Arrival Path:
                Info (332115): Total (ns)  Incr (ns)     Type  Element
                Info (332115): ==========  ========= ==  ====  ===================================
                Info (332115):      1.778      1.778  R        clock network delay
                Info (332115):      1.778      0.000     uTco  bladerf_core:U_core|handshake:U_dwell_cfg_handshake|source_holding[15]
                Info (332115):      1.778      0.000 RR  CELL  U_core|U_dwell_cfg_handshake|source_holding[15]|q
                Info (332115):      2.481      0.703 RR    IC  U_core|dwell_cfg_rx[15]|asdata
                Info (332115):      2.811      0.330 RR  CELL  bladerf_core:U_core|dwell_cfg_rx[15]
                Info (332115): Clock Arrival Path:
                Info (332115): Total (ns)  Incr (ns)     Type  Element
                Info (332115): ==========  ========= ==  ====  ===================================
                Info (332115):      6.338      6.338  R        clock network delay
                Info (332115):      6.498      0.160           clock uncertainty
                Info (332115):      6.498      0.000      uTh  bladerf_core:U_core|dwell_cfg_rx[15]
            Info (332181): Cross Path Clock Pessimism Removed : 2.882
            Info (332181): Required Skew   : 6.400
            Info (332181): Actual Skew     : 1.345
            Info (332181): Slack           : 5.055
Info (332115): Worst-case slack is 5.042 for "set_max_skew -from [get_keepers {*axi_ad9361_rx_channel:i_rx_channel_1|up_adc_channel:i_up_adc_channel|up_xfer_cntrl:i_xfer_cntrl|up_xfer_data[*]}] -to [get_keepers {*axi_ad9361_rx_channel:i_rx_channel_1|up_adc_channel:i_up_adc_channel|up_xfer_cntrl:i_xfer_cntrl|d_data_cntrl[*]}] 6.400 "
    Info (332181): Skew for the Latest Arrival
        Info (332181): Path #145: Slack is 5.042 
            Info (332181): Latest Path Arrival
                Info (332115): From Node          : bladerf_core:U_core|nios_system:U_nios_system|axi_ad9361:axi_ad9361_0|axi_ad9361_rx:i_rx|axi_ad9361_rx_channel:i_rx_channel_1|up_adc_channel:i_up_adc_channel|up_xfer_cntrl:i_xfer_cntrl|up_xfer_data[1]
                Info (332115): To Node            : bladerf_core:U_core|nios_system:U_nios_system|axi_ad9361:axi_ad9361_0|axi_ad9361_rx:i_rx|axi_ad9361_rx_channel:i_rx_channel_1|up_adc_channel:i_up_adc_channel|up_xfer_cntrl:i_xfer_cntrl|d_data_cntrl[1]
                Info (332115): Launch Clock       : U_core|U_system_pll|altera_pll_i|general[0].gpll~PLL_OUTPUT_COUNTER|divclk
                Info (332115): Latch Clock        : U_core|U_nios_system|axi_ad9361_0|i_dev_if|i_rx|i_altlvds_rx|auto_generated|pll_sclk~PLL_OUTPUT_COUNTER|divclk
                Info (332115): Data Arrival Time  : 4.679
                Info (332115): Clock Arrival Time : 4.618
                Info (332115): Relative Delay     : 0.061
                Info (332115): Data Arrival Path:
                Info (332115): Total (ns)  Incr (ns)     Type  Element
                Info (332115): ==========  ========= ==  ====  ===================================
                Info (332115):      3.324      3.324  R        clock network delay
                Info (332115):      3.324      0.000     uTco  bladerf_core:U_core|nios_system:U_nios_system|axi_ad9361:axi_ad9361_0|axi_ad9361_rx:i_rx|axi_ad9361_rx_channel:i_rx_channel_1|up_adc_channel:i_up_adc_channel|up_xfer_cntrl:i_xfer_cntrl|up_xfer_data[1]
                Info (332115):      3.324      0.000 RR  CELL  U_core|U_nios_system|axi_ad9361_0|i_rx|i_rx_channel_1|i_up_adc_channel|i_xfer_cntrl|up_xfer_data[1]|q
                Info (332115):      3.950      0.626 RR    IC  U_core|U_nios_system|axi_ad9361_0|i_rx|i_rx_channel_1|i_up_adc_channel|i_xfer_cntrl|d_data_cntrl[1]|asdata
                Info (332115):      4.679      0.729 RR  CELL  bladerf_core:U_core|nios_system:U_nios_system|axi_ad9361:axi_ad9361_0|axi_ad9361_rx:i_rx|axi_ad9361_rx_channel:i_rx_channel_1|up_adc_channel:i_up_adc_channel|up_xfer_cntrl:i_xfer_cntrl|d_data_cntrl[1]
                Info (332115): Clock Arrival Path:
                Info (332115): Total (ns)  Incr (ns)     Type  Element
                Info (332115): ==========  ========= ==  ====  ===================================
                Info (332115):      4.778      4.778  R        clock network delay
                Info (332115):      4.618     -0.160           clock uncertainty
                Info (332115):      4.618      0.000     uTsu  bladerf_core:U_core|nios_system:U_nios_system|axi_ad9361:axi_ad9361_0|axi_ad9361_rx:i_rx|axi_ad9361_rx_channel:i_rx_channel_1|up_adc_channel:i_up_adc_channel|up_xfer_cntrl:i_xfer_cntrl|d_data_cntrl[1]
            Info (332181): Earliest Path Arrival
                Info (332115): From Node          : bladerf_core:U_core|nios_system:U_nios_system|axi_ad9361:axi_ad9361_0|axi_ad9361_rx:i_rx|axi_ad9361_rx_channel:i_rx_channel_1|up_adc_channel:i_up_adc_channel|up_xfer_cntrl:i_xfer_cntrl|up_xfer_data[39]
                Info (332115): To Node            : bladerf_core:U_core|nios_system:U_nios_system|axi_ad9361:axi_ad9361_0|axi_ad9361_rx:i_rx|axi_ad9361_rx_channel:i_rx_channel_1|up_adc_channel:i_up_adc_channel|up_xfer_cntrl:i_xfer_cntrl|d_data_cntrl[39]
                Info (332115): Launch Clock       : U_core|U_system_pll|altera_pll_i|general[0].gpll~PLL_OUTPUT_COUNTER|divclk
                Info (332115): Latch Clock        : U_core|U_nios_system|axi_ad9361_0|i_dev_if|i_rx|i_altlvds_rx|auto_generated|pll_sclk~PLL_OUTPUT_COUNTER|divclk
                Info (332115): Data Arrival Time  : 2.402
                Info (332115): Clock Arrival Time : 6.531
                Info (332115): Relative Delay     : -4.129
                Info (332115): Data Arrival Path:
                Info (332115): Total (ns)  Incr (ns)     Type  Element
                Info (332115): ==========  ========= ==  ====  ===================================
                Info (332115):      1.763      1.763  R        clock network delay
                Info (332115):      1.763      0.000     uTco  bladerf_core:U_core|nios_system:U_nios_system|axi_ad9361:axi_ad9361_0|axi_ad9361_rx:i_rx|axi_ad9361_rx_channel:i_rx_channel_1|up_adc_channel:i_up_adc_channel|up_xfer_cntrl:i_xfer_cntrl|up_xfer_data[39]
                Info (332115):      1.763      0.000 FF  CELL  U_core|U_nios_system|axi_ad9361_0|i_rx|i_rx_channel_1|i_up_adc_channel|i_xfer_cntrl|up_xfer_data[39]|q
                Info (332115):      2.265      0.502 FF    IC  U_core|U_nios_system|axi_ad9361_0|i_rx|i_rx_channel_1|i_up_adc_channel|i_xfer_cntrl|d_data_cntrl[39]~feeder|dataf
                Info (332115):      2.320      0.055 FF  CELL  U_core|U_nios_system|axi_ad9361_0|i_rx|i_rx_channel_1|i_up_adc_channel|i_xfer_cntrl|d_data_cntrl[39]~feeder|combout
                Info (332115):      2.320      0.000 FF    IC  U_core|U_nios_system|axi_ad9361_0|i_rx|i_rx_channel_1|i_up_adc_channel|i_xfer_cntrl|d_data_cntrl[39]|d
                Info (332115):      2.402      0.082 FF  CELL  bladerf_core:U_core|nios_system:U_nios_system|axi_ad9361:axi_ad9361_0|axi_ad9361_rx:i_rx|axi_ad9361_rx_channel:i_rx_channel_1|up_adc_channel:i_up_adc_channel|up_xfer_cntrl:i_xfer_cntrl|d_data_cntrl[39]
                Info (332115): Clock Arrival Path:
                Info (332115): Total (ns)  Incr (ns)     Type  Element
                Info (332115): ==========  ========= ==  ====  ===================================
                Info (332115):      6.371      6.371  R        clock network delay
                Info (332115):      6.531      0.160           clock uncertainty
                Info (332115):      6.531      0.000      uTh  bladerf_core:U_core|nios_system:U_nios_system|axi_ad9361:axi_ad9361_0|axi_ad9361_rx:i_rx|axi_ad9361_rx_channel:i_rx_channel_1|up_adc_channel:i_up_adc_channel|up_xfer_cntrl:i_xfer_cntrl|d_data_cntrl[39]
            Info (332181): Cross Path Clock Pessimism Removed : 2.832
            Info (332181): Required Skew   : 6.400
            Info (332181): Actual Skew     : 1.358
            Info (332181): Slack           : 5.042
        Info (332181): Path #146: Slack is 5.061 
            Info (332181): Latest Path Arrival
                Info (332115): From Node          : bladerf_core:U_core|nios_system:U_nios_system|axi_ad9361:axi_ad9361_0|axi_ad9361_rx:i_rx|axi_ad9361_rx_channel:i_rx_channel_1|up_adc_channel:i_up_adc_channel|up_xfer_cntrl:i_xfer_cntrl|up_xfer_data[64]
                Info (332115): To Node            : bladerf_core:U_core|nios_system:U_nios_system|axi_ad9361:axi_ad9361_0|axi_ad9361_rx:i_rx|axi_ad9361_rx_channel:i_rx_channel_1|up_adc_channel:i_up_adc_channel|up_xfer_cntrl:i_xfer_cntrl|d_data_cntrl[64]
                Info (332115): Launch Clock       : U_core|U_system_pll|altera_pll_i|general[0].gpll~PLL_OUTPUT_COUNTER|divclk
                Info (332115): Latch Clock        : U_core|U_nios_system|axi_ad9361_0|i_dev_if|i_rx|i_altlvds_rx|auto_generated|pll_sclk~PLL_OUTPUT_COUNTER|divclk
                Info (332115): Data Arrival Time  : 4.673
                Info (332115): Clock Arrival Time : 4.610
                Info (332115): Relative Delay     : 0.063
                Info (332115): Data Arrival Path:
                Info (332115): Total (ns)  Incr (ns)     Type  Element
                Info (332115): ==========  ========= ==  ====  ===================================
                Info (332115):      3.304      3.304  R        clock network delay
                Info (332115):      3.304      0.000     uTco  bladerf_core:U_core|nios_system:U_nios_system|axi_ad9361:axi_ad9361_0|axi_ad9361_rx:i_rx|axi_ad9361_rx_channel:i_rx_channel_1|up_adc_channel:i_up_adc_channel|up_xfer_cntrl:i_xfer_cntrl|up_xfer_data[64]
                Info (332115):      3.304      0.000 RR  CELL  U_core|U_nios_system|axi_ad9361_0|i_rx|i_rx_channel_1|i_up_adc_channel|i_xfer_cntrl|up_xfer_data[64]|q
                Info (332115):      3.946      0.642 RR    IC  U_core|U_nios_system|axi_ad9361_0|i_rx|i_rx_channel_1|i_up_adc_channel|i_xfer_cntrl|d_data_cntrl[64]|asdata
                Info (332115):      4.673      0.727 RR  CELL  bladerf_core:U_core|nios_system:U_nios_system|axi_ad9361:axi_ad9361_0|axi_ad9361_rx:i_rx|axi_ad9361_rx_channel:i_rx_channel_1|up_adc_channel:i_up_adc_channel|up_xfer_cntrl:i_xfer_cntrl|d_data_cntrl[64]
                Info (332115): Clock Arrival Path:
                Info (332115): Total (ns)  Incr (ns)     Type  Element
                Info (332115): ==========  ========= ==  ====  ===================================
                Info (332115):      4.770      4.770  R        clock network delay
                Info (332115):      4.610     -0.160           clock uncertainty
                Info (332115):      4.610      0.000     uTsu  bladerf_core:U_core|nios_system:U_nios_system|axi_ad9361:axi_ad9361_0|axi_ad9361_rx:i_rx|axi_ad9361_rx_channel:i_rx_channel_1|up_adc_channel:i_up_adc_channel|up_xfer_cntrl:i_xfer_cntrl|d_data_cntrl[64]
            Info (332181): Earliest Path Arrival
                Info (332115): From Node          : bladerf_core:U_core|nios_system:U_nios_system|axi_ad9361:axi_ad9361_0|axi_ad9361_rx:i_rx|axi_ad9361_rx_channel:i_rx_channel_1|up_adc_channel:i_up_adc_channel|up_xfer_cntrl:i_xfer_cntrl|up_xfer_data[72]
                Info (332115): To Node            : bladerf_core:U_core|nios_system:U_nios_system|axi_ad9361:axi_ad9361_0|axi_ad9361_rx:i_rx|axi_ad9361_rx_channel:i_rx_channel_1|up_adc_channel:i_up_adc_channel|up_xfer_cntrl:i_xfer_cntrl|d_data_cntrl[72]
                Info (332115): Launch Clock       : U_core|U_system_pll|altera_pll_i|general[0].gpll~PLL_OUTPUT_COUNTER|divclk
                Info (332115): Latch Clock        : U_core|U_nios_system|axi_ad9361_0|i_dev_if|i_rx|i_altlvds_rx|auto_generated|pll_sclk~PLL_OUTPUT_COUNTER|divclk
                Info (332115): Data Arrival Time  : 2.415
                Info (332115): Clock Arrival Time : 6.523
                Info (332115): Relative Delay     : -4.108
                Info (332115): Data Arrival Path:
                Info (332115): Total (ns)  Incr (ns)     Type  Element
                Info (332115): ==========  ========= ==  ====  ===================================
                Info (332115):      1.778      1.778  R        clock network delay
                Info (332115):      1.778      0.000     uTco  bladerf_core:U_core|nios_system:U_nios_system|axi_ad9361:axi_ad9361_0|axi_ad9361_rx:i_rx|axi_ad9361_rx_channel:i_rx_channel_1|up_adc_channel:i_up_adc_channel|up_xfer_cntrl:i_xfer_cntrl|up_xfer_data[72]
                Info (332115):      1.778      0.000 FF  CELL  U_core|U_nios_system|axi_ad9361_0|i_rx|i_rx_channel_1|i_up_adc_channel|i_xfer_cntrl|up_xfer_data[72]|q
                Info (332115):      2.280      0.502 FF    IC  U_core|U_nios_system|axi_ad9361_0|i_rx|i_rx_channel_1|i_up_adc_channel|i_xfer_cntrl|d_data_cntrl[72]~feeder|dataf
                Info (332115):      2.334      0.054 FF  CELL  U_core|U_nios_system|axi_ad9361_0|i_rx|i_rx_channel_1|i_up_adc_channel|i_xfer_cntrl|d_data_cntrl[72]~feeder|combout
                Info (332115):      2.334      0.000 FF    IC  U_core|U_nios_system|axi_ad9361_0|i_rx|i_rx_channel_1|i_up_adc_channel|i_xfer_cntrl|d_data_cntrl[72]|d
                Info (332115):      2.415      0.081 FF  CELL  bladerf_core:U_core|nios_system:U_nios_system|axi_ad9361:axi_ad9361_0|axi_ad9361_rx:i_rx|axi_ad9361_rx_channel:i_rx_channel_1|up_adc_channel:i_up_adc_channel|up_xfer_cntrl:i_xfer_cntrl|d_data_cntrl[72]
                Info (332115): Clock Arrival Path:
                Info (332115): Total (ns)  Incr (ns)     Type  Element
                Info (332115): ==========  ========= ==  ====  ===================================
                Info (332115):      6.363      6.363  R        clock network delay
                Info (332115):      6.523      0.160           clock uncertainty
                Info (332115):      6.523      0.000      uTh  bladerf_core:U_core|nios_system:U_nios_system|axi_ad9361:axi_ad9361_0|axi_ad9361_rx:i_rx|axi_ad9361_rx_channel:i_rx_channel_1|up_adc_channel:i_up_adc_channel|up_xfer_cntrl:i_xfer_cntrl|d_data_cntrl[72]
            Info (332181): Cross Path Clock Pessimism Removed : 2.832
            Info (332181): Required Skew   : 6.400
            Info (332181): Actual Skew     : 1.339
            Info (332181): Slack           : 5.061
        Info (332181): Path #147: Slack is 5.096 
            Info (332181): Latest Path Arrival
                Info (332115): From Node          : bladerf_core:U_core|nios_system:U_nios_system|axi_ad9361:axi_ad9361_0|axi_ad9361_rx:i_rx|axi_ad9361_rx_channel:i_rx_channel_1|up_adc_channel:i_up_adc_channel|up_xfer_cntrl:i_xfer_cntrl|up_xfer_data[38]
                Info (332115): To Node            : bladerf_core:U_core|nios_system:U_nios_system|axi_ad9361:axi_ad9361_0|axi_ad9361_rx:i_rx|axi_ad9361_rx_channel:i_rx_channel_1|up_adc_channel:i_up_adc_channel|up_xfer_cntrl:i_xfer_cntrl|d_data_cntrl[38]
                Info (332115): Launch Clock       : U_core|U_system_pll|altera_pll_i|general[0].gpll~PLL_OUTPUT_COUNTER|divclk
                Info (332115): Latch Clock        : U_core|U_nios_system|axi_ad9361_0|i_dev_if|i_rx|i_altlvds_rx|auto_generated|pll_sclk~PLL_OUTPUT_COUNTER|divclk
                Info (332115): Data Arrival Time  : 4.638
                Info (332115): Clock Arrival Time : 4.610
                Info (332115): Relative Delay     : 0.028
                Info (332115): Data Arrival Path:
                Info (332115): Total (ns)  Incr (ns)     Type  Element
                Info (332115): ==========  ========= ==  ====  ===================================
                Info (332115):      3.331      3.331  R        clock network delay
                Info (332115):      3.331      0.000     uTco  bladerf_core:U_core|nios_system:U_nios_system|axi_ad9361:axi_ad9361_0|axi_ad9361_rx:i_rx|axi_ad9361_rx_channel:i_rx_channel_1|up_adc_channel:i_up_adc_channel|up_xfer_cntrl:i_xfer_cntrl|up_xfer_data[38]
                Info (332115):      3.331      0.000 FF  CELL  U_core|U_nios_system|axi_ad9361_0|i_rx|i_rx_channel_1|i_up_adc_channel|i_xfer_cntrl|up_xfer_data[38]|q
                Info (332115):      3.782      0.451 FF    IC  U_core|U_nios_system|axi_ad9361_0|i_rx|i_rx_channel_1|i_up_adc_channel|i_xfer_cntrl|d_data_cntrl[38]~feeder|datac
                Info (332115):      4.334      0.552 FF  CELL  U_core|U_nios_system|axi_ad9361_0|i_rx|i_rx_channel_1|i_up_adc_channel|i_xfer_cntrl|d_data_cntrl[38]~feeder|combout
                Info (332115):      4.334      0.000 FF    IC  U_core|U_nios_system|axi_ad9361_0|i_rx|i_rx_channel_1|i_up_adc_channel|i_xfer_cntrl|d_data_cntrl[38]|d
                Info (332115):      4.638      0.304 FF  CELL  bladerf_core:U_core|nios_system:U_nios_system|axi_ad9361:axi_ad9361_0|axi_ad9361_rx:i_rx|axi_ad9361_rx_channel:i_rx_channel_1|up_adc_channel:i_up_adc_channel|up_xfer_cntrl:i_xfer_cntrl|d_data_cntrl[38]
                Info (332115): Clock Arrival Path:
                Info (332115): Total (ns)  Incr (ns)     Type  Element
                Info (332115): ==========  ========= ==  ====  ===================================
                Info (332115):      4.770      4.770  R        clock network delay
                Info (332115):      4.610     -0.160           clock uncertainty
                Info (332115):      4.610      0.000     uTsu  bladerf_core:U_core|nios_system:U_nios_system|axi_ad9361:axi_ad9361_0|axi_ad9361_rx:i_rx|axi_ad9361_rx_channel:i_rx_channel_1|up_adc_channel:i_up_adc_channel|up_xfer_cntrl:i_xfer_cntrl|d_data_cntrl[38]
            Info (332181): Earliest Path Arrival
                Info (332115): From Node          : bladerf_core:U_core|nios_system:U_nios_system|axi_ad9361:axi_ad9361_0|axi_ad9361_rx:i_rx|axi_ad9361_rx_channel:i_rx_channel_1|up_adc_channel:i_up_adc_channel|up_xfer_cntrl:i_xfer_cntrl|up_xfer_data[72]
                Info (332115): To Node            : bladerf_core:U_core|nios_system:U_nios_system|axi_ad9361:axi_ad9361_0|axi_ad9361_rx:i_rx|axi_ad9361_rx_channel:i_rx_channel_1|up_adc_channel:i_up_adc_channel|up_xfer_cntrl:i_xfer_cntrl|d_data_cntrl[72]
                Info (332115): Launch Clock       : U_core|U_system_pll|altera_pll_i|general[0].gpll~PLL_OUTPUT_COUNTER|divclk
                Info (332115): Latch Clock        : U_core|U_nios_system|axi_ad9361_0|i_dev_if|i_rx|i_altlvds_rx|auto_generated|pll_sclk~PLL_OUTPUT_COUNTER|divclk
                Info (332115): Data Arrival Time  : 2.415
                Info (332115): Clock Arrival Time : 6.523
                Info (332115): Relative Delay     : -4.108
                Info (332115): Data Arrival Path:
                Info (332115): Total (ns)  Incr (ns)     Type  Element
                Info (332115): ==========  ========= ==  ====  ===================================
                Info (332115):      1.778      1.778  R        clock network delay
                Info (332115):      1.778      0.000     uTco  bladerf_core:U_core|nios_system:U_nios_system|axi_ad9361:axi_ad9361_0|axi_ad9361_rx:i_rx|axi_ad9361_rx_channel:i_rx_channel_1|up_adc_channel:i_up_adc_channel|up_xfer_cntrl:i_xfer_cntrl|up_xfer_data[72]
                Info (332115):      1.778      0.000 FF  CELL  U_core|U_nios_system|axi_ad9361_0|i_rx|i_rx_channel_1|i_up_adc_channel|i_xfer_cntrl|up_xfer_data[72]|q
                Info (332115):      2.280      0.502 FF    IC  U_core|U_nios_system|axi_ad9361_0|i_rx|i_rx_channel_1|i_up_adc_channel|i_xfer_cntrl|d_data_cntrl[72]~feeder|dataf
                Info (332115):      2.334      0.054 FF  CELL  U_core|U_nios_system|axi_ad9361_0|i_rx|i_rx_channel_1|i_up_adc_channel|i_xfer_cntrl|d_data_cntrl[72]~feeder|combout
                Info (332115):      2.334      0.000 FF    IC  U_core|U_nios_system|axi_ad9361_0|i_rx|i_rx_channel_1|i_up_adc_channel|i_xfer_cntrl|d_data_cntrl[72]|d
                Info (332115):      2.415      0.081 FF  CELL  bladerf_core:U_core|nios_system:U_nios_system|axi_ad9361:axi_ad9361_0|axi_ad9361_rx:i_rx|axi_ad9361_rx_channel:i_rx_channel_1|up_adc_channel:i_up_adc_channel|up_xfer_cntrl:i_xfer_cntrl|d_data_cntrl[72]
                Info (332115): Clock Arrival Path:
                Info (332115): Total (ns)  Incr (ns)     Type  Element
                Info (332115): ==========  ========= ==  ====  ===================================
                Info (332115):      6.363      6.363  R        clock network delay
                Info (332115):      6.523      0.160           clock uncertainty
                Info (332115):      6.523      0.000      uTh  bladerf_core:U_core|nios_system:U_nios_system|axi_ad9361:axi_ad9361_0|axi_ad9361_rx:i_rx|axi_ad9361_rx_channel:i_rx_channel_1|up_adc_channel:i_up_adc_channel|up_xfer_cntrl:i_xfer_cntrl|d_data_cntrl[72]
            Info (332181): Cross Path Clock Pessimism Removed : 2.832
            Info (332181): Required Skew   : 6.400
            Info (332181): Actual Skew     : 1.304
            Info (332181): Slack           : 5.096
        Info (332181): Path #148: Slack is 5.111 
            Info (332181): Latest Path Arrival
                Info (332115): From Node          : bladerf_core:U_core|nios_system:U_nios_system|axi_ad9361:axi_ad9361_0|axi_ad9361_rx:i_rx|axi_ad9361_rx_channel:i_rx_channel_1|up_adc_channel:i_up_adc_channel|up_xfer_cntrl:i_xfer_cntrl|up_xfer_data[0]
                Info (332115): To Node            : bladerf_core:U_core|nios_system:U_nios_system|axi_ad9361:axi_ad9361_0|axi_ad9361_rx:i_rx|axi_ad9361_rx_channel:i_rx_channel_1|up_adc_channel:i_up_adc_channel|up_xfer_cntrl:i_xfer_cntrl|d_data_cntrl[0]
                Info (332115): Launch Clock       : U_core|U_system_pll|altera_pll_i|general[0].gpll~PLL_OUTPUT_COUNTER|divclk
                Info (332115): Latch Clock        : U_core|U_nios_system|axi_ad9361_0|i_dev_if|i_rx|i_altlvds_rx|auto_generated|pll_sclk~PLL_OUTPUT_COUNTER|divclk
                Info (332115): Data Arrival Time  : 4.603
                Info (332115): Clock Arrival Time : 4.611
                Info (332115): Relative Delay     : -0.008
                Info (332115): Data Arrival Path:
                Info (332115): Total (ns)  Incr (ns)     Type  Element
                Info (332115): ==========  ========= ==  ====  ===================================
                Info (332115):      3.318      3.318  R        clock network delay
                Info (332115):      3.318      0.000     uTco  bladerf_core:U_core|nios_system:U_nios_system|axi_ad9361:axi_ad9361_0|axi_ad9361_rx:i_rx|axi_ad9361_rx_channel:i_rx_channel_1|up_adc_channel:i_up_adc_channel|up_xfer_cntrl:i_xfer_cntrl|up_xfer_data[0]
                Info (332115):      3.318      0.000 RR  CELL  U_core|U_nios_system|axi_ad9361_0|i_rx|i_rx_channel_1|i_up_adc_channel|i_xfer_cntrl|up_xfer_data[0]|q
                Info (332115):      3.983      0.665 RR    IC  U_core|U_nios_system|axi_ad9361_0|i_rx|i_rx_channel_1|i_up_adc_channel|i_xfer_cntrl|d_data_cntrl[0]|asdata
                Info (332115):      4.603      0.620 RR  CELL  bladerf_core:U_core|nios_system:U_nios_system|axi_ad9361:axi_ad9361_0|axi_ad9361_rx:i_rx|axi_ad9361_rx_channel:i_rx_channel_1|up_adc_channel:i_up_adc_channel|up_xfer_cntrl:i_xfer_cntrl|d_data_cntrl[0]
                Info (332115): Clock Arrival Path:
                Info (332115): Total (ns)  Incr (ns)     Type  Element
                Info (332115): ==========  ========= ==  ====  ===================================
                Info (332115):      4.771      4.771  R        clock network delay
                Info (332115):      4.611     -0.160           clock uncertainty
                Info (332115):      4.611      0.000     uTsu  bladerf_core:U_core|nios_system:U_nios_system|axi_ad9361:axi_ad9361_0|axi_ad9361_rx:i_rx|axi_ad9361_rx_channel:i_rx_channel_1|up_adc_channel:i_up_adc_channel|up_xfer_cntrl:i_xfer_cntrl|d_data_cntrl[0]
            Info (332181): Earliest Path Arrival
                Info (332115): From Node          : bladerf_core:U_core|nios_system:U_nios_system|axi_ad9361:axi_ad9361_0|axi_ad9361_rx:i_rx|axi_ad9361_rx_channel:i_rx_channel_1|up_adc_channel:i_up_adc_channel|up_xfer_cntrl:i_xfer_cntrl|up_xfer_data[39]
                Info (332115): To Node            : bladerf_core:U_core|nios_system:U_nios_system|axi_ad9361:axi_ad9361_0|axi_ad9361_rx:i_rx|axi_ad9361_rx_channel:i_rx_channel_1|up_adc_channel:i_up_adc_channel|up_xfer_cntrl:i_xfer_cntrl|d_data_cntrl[39]
                Info (332115): Launch Clock       : U_core|U_system_pll|altera_pll_i|general[0].gpll~PLL_OUTPUT_COUNTER|divclk
                Info (332115): Latch Clock        : U_core|U_nios_system|axi_ad9361_0|i_dev_if|i_rx|i_altlvds_rx|auto_generated|pll_sclk~PLL_OUTPUT_COUNTER|divclk
                Info (332115): Data Arrival Time  : 2.402
                Info (332115): Clock Arrival Time : 6.531
                Info (332115): Relative Delay     : -4.129
                Info (332115): Data Arrival Path:
                Info (332115): Total (ns)  Incr (ns)     Type  Element
                Info (332115): ==========  ========= ==  ====  ===================================
                Info (332115):      1.763      1.763  R        clock network delay
                Info (332115):      1.763      0.000     uTco  bladerf_core:U_core|nios_system:U_nios_system|axi_ad9361:axi_ad9361_0|axi_ad9361_rx:i_rx|axi_ad9361_rx_channel:i_rx_channel_1|up_adc_channel:i_up_adc_channel|up_xfer_cntrl:i_xfer_cntrl|up_xfer_data[39]
                Info (332115):      1.763      0.000 FF  CELL  U_core|U_nios_system|axi_ad9361_0|i_rx|i_rx_channel_1|i_up_adc_channel|i_xfer_cntrl|up_xfer_data[39]|q
                Info (332115):      2.265      0.502 FF    IC  U_core|U_nios_system|axi_ad9361_0|i_rx|i_rx_channel_1|i_up_adc_channel|i_xfer_cntrl|d_data_cntrl[39]~feeder|dataf
                Info (332115):      2.320      0.055 FF  CELL  U_core|U_nios_system|axi_ad9361_0|i_rx|i_rx_channel_1|i_up_adc_channel|i_xfer_cntrl|d_data_cntrl[39]~feeder|combout
                Info (332115):      2.320      0.000 FF    IC  U_core|U_nios_system|axi_ad9361_0|i_rx|i_rx_channel_1|i_up_adc_channel|i_xfer_cntrl|d_data_cntrl[39]|d
                Info (332115):      2.402      0.082 FF  CELL  bladerf_core:U_core|nios_system:U_nios_system|axi_ad9361:axi_ad9361_0|axi_ad9361_rx:i_rx|axi_ad9361_rx_channel:i_rx_channel_1|up_adc_channel:i_up_adc_channel|up_xfer_cntrl:i_xfer_cntrl|d_data_cntrl[39]
                Info (332115): Clock Arrival Path:
                Info (332115): Total (ns)  Incr (ns)     Type  Element
                Info (332115): ==========  ========= ==  ====  ===================================
                Info (332115):      6.371      6.371  R        clock network delay
                Info (332115):      6.531      0.160           clock uncertainty
                Info (332115):      6.531      0.000      uTh  bladerf_core:U_core|nios_system:U_nios_system|axi_ad9361:axi_ad9361_0|axi_ad9361_rx:i_rx|axi_ad9361_rx_channel:i_rx_channel_1|up_adc_channel:i_up_adc_channel|up_xfer_cntrl:i_xfer_cntrl|d_data_cntrl[39]
            Info (332181): Cross Path Clock Pessimism Removed : 2.832
            Info (332181): Required Skew   : 6.400
            Info (332181): Actual Skew     : 1.289
            Info (332181): Slack           : 5.111
    Info (332181): Skew for the Earliest Arrival
        Info (332181): Path #149: Slack is 5.042 
            Info (332181): Latest Path Arrival
                Info (332115): From Node          : bladerf_core:U_core|nios_system:U_nios_system|axi_ad9361:axi_ad9361_0|axi_ad9361_rx:i_rx|axi_ad9361_rx_channel:i_rx_channel_1|up_adc_channel:i_up_adc_channel|up_xfer_cntrl:i_xfer_cntrl|up_xfer_data[1]
                Info (332115): To Node            : bladerf_core:U_core|nios_system:U_nios_system|axi_ad9361:axi_ad9361_0|axi_ad9361_rx:i_rx|axi_ad9361_rx_channel:i_rx_channel_1|up_adc_channel:i_up_adc_channel|up_xfer_cntrl:i_xfer_cntrl|d_data_cntrl[1]
                Info (332115): Launch Clock       : U_core|U_system_pll|altera_pll_i|general[0].gpll~PLL_OUTPUT_COUNTER|divclk
                Info (332115): Latch Clock        : U_core|U_nios_system|axi_ad9361_0|i_dev_if|i_rx|i_altlvds_rx|auto_generated|pll_sclk~PLL_OUTPUT_COUNTER|divclk
                Info (332115): Data Arrival Time  : 4.679
                Info (332115): Clock Arrival Time : 4.618
                Info (332115): Relative Delay     : 0.061
                Info (332115): Data Arrival Path:
                Info (332115): Total (ns)  Incr (ns)     Type  Element
                Info (332115): ==========  ========= ==  ====  ===================================
                Info (332115):      3.324      3.324  R        clock network delay
                Info (332115):      3.324      0.000     uTco  bladerf_core:U_core|nios_system:U_nios_system|axi_ad9361:axi_ad9361_0|axi_ad9361_rx:i_rx|axi_ad9361_rx_channel:i_rx_channel_1|up_adc_channel:i_up_adc_channel|up_xfer_cntrl:i_xfer_cntrl|up_xfer_data[1]
                Info (332115):      3.324      0.000 RR  CELL  U_core|U_nios_system|axi_ad9361_0|i_rx|i_rx_channel_1|i_up_adc_channel|i_xfer_cntrl|up_xfer_data[1]|q
                Info (332115):      3.950      0.626 RR    IC  U_core|U_nios_system|axi_ad9361_0|i_rx|i_rx_channel_1|i_up_adc_channel|i_xfer_cntrl|d_data_cntrl[1]|asdata
                Info (332115):      4.679      0.729 RR  CELL  bladerf_core:U_core|nios_system:U_nios_system|axi_ad9361:axi_ad9361_0|axi_ad9361_rx:i_rx|axi_ad9361_rx_channel:i_rx_channel_1|up_adc_channel:i_up_adc_channel|up_xfer_cntrl:i_xfer_cntrl|d_data_cntrl[1]
                Info (332115): Clock Arrival Path:
                Info (332115): Total (ns)  Incr (ns)     Type  Element
                Info (332115): ==========  ========= ==  ====  ===================================
                Info (332115):      4.778      4.778  R        clock network delay
                Info (332115):      4.618     -0.160           clock uncertainty
                Info (332115):      4.618      0.000     uTsu  bladerf_core:U_core|nios_system:U_nios_system|axi_ad9361:axi_ad9361_0|axi_ad9361_rx:i_rx|axi_ad9361_rx_channel:i_rx_channel_1|up_adc_channel:i_up_adc_channel|up_xfer_cntrl:i_xfer_cntrl|d_data_cntrl[1]
            Info (332181): Earliest Path Arrival
                Info (332115): From Node          : bladerf_core:U_core|nios_system:U_nios_system|axi_ad9361:axi_ad9361_0|axi_ad9361_rx:i_rx|axi_ad9361_rx_channel:i_rx_channel_1|up_adc_channel:i_up_adc_channel|up_xfer_cntrl:i_xfer_cntrl|up_xfer_data[39]
                Info (332115): To Node            : bladerf_core:U_core|nios_system:U_nios_system|axi_ad9361:axi_ad9361_0|axi_ad9361_rx:i_rx|axi_ad9361_rx_channel:i_rx_channel_1|up_adc_channel:i_up_adc_channel|up_xfer_cntrl:i_xfer_cntrl|d_data_cntrl[39]
                Info (332115): Launch Clock       : U_core|U_system_pll|altera_pll_i|general[0].gpll~PLL_OUTPUT_COUNTER|divclk
                Info (332115): Latch Clock        : U_core|U_nios_system|axi_ad9361_0|i_dev_if|i_rx|i_altlvds_rx|auto_generated|pll_sclk~PLL_OUTPUT_COUNTER|divclk
                Info (332115): Data Arrival Time  : 2.402
                Info (332115): Clock Arrival Time : 6.531
                Info (332115): Relative Delay     : -4.129
                Info (332115): Data Arrival Path:
                Info (332115): Total (ns)  Incr (ns)     Type  Element
                Info (332115): ==========  ========= ==  ====  ===================================
                Info (332115):      1.763      1.763  R        clock network delay
                Info (332115):      1.763      0.000     uTco  bladerf_core:U_core|nios_system:U_nios_system|axi_ad9361:axi_ad9361_0|axi_ad9361_rx:i_rx|axi_ad9361_rx_channel:i_rx_channel_1|up_adc_channel:i_up_adc_channel|up_xfer_cntrl:i_xfer_cntrl|up_xfer_data[39]
                Info (332115):      1.763      0.000 FF  CELL  U_core|U_nios_system|axi_ad9361_0|i_rx|i_rx_channel_1|i_up_adc_channel|i_xfer_cntrl|up_xfer_data[39]|q
                Info (332115):      2.265      0.502 FF    IC  U_core|U_nios_system|axi_ad9361_0|i_rx|i_rx_channel_1|i_up_adc_channel|i_xfer_cntrl|d_data_cntrl[39]~feeder|dataf
                Info (332115):      2.320      0.055 FF  CELL  U_core|U_nios_system|axi_ad9361_0|i_rx|i_rx_channel_1|i_up_adc_channel|i_xfer_cntrl|d_data_cntrl[39]~feeder|combout
                Info (332115):      2.320      0.000 FF    IC  U_core|U_nios_system|axi_ad9361_0|i_rx|i_rx_channel_1|i_up_adc_channel|i_xfer_cntrl|d_data_cntrl[39]|d
                Info (332115):      2.402      0.082 FF  CELL  bladerf_core:U_core|nios_system:U_nios_system|axi_ad9361:axi_ad9361_0|axi_ad9361_rx:i_rx|axi_ad9361_rx_channel:i_rx_channel_1|up_adc_channel:i_up_adc_channel|up_xfer_cntrl:i_xfer_cntrl|d_data_cntrl[39]
                Info (332115): Clock Arrival Path:
                Info (332115): Total (ns)  Incr (ns)     Type  Element
                Info (332115): ==========  ========= ==  ====  ===================================
                Info (332115):      6.371      6.371  R        clock network delay
                Info (332115):      6.531      0.160           clock uncertainty
                Info (332115):      6.531      0.000      uTh  bladerf_core:U_core|nios_system:U_nios_system|axi_ad9361:axi_ad9361_0|axi_ad9361_rx:i_rx|axi_ad9361_rx_channel:i_rx_channel_1|up_adc_channel:i_up_adc_channel|up_xfer_cntrl:i_xfer_cntrl|d_data_cntrl[39]
            Info (332181): Cross Path Clock Pessimism Removed : 2.832
            Info (332181): Required Skew   : 6.400
            Info (332181): Actual Skew     : 1.358
            Info (332181): Slack           : 5.042
        Info (332181): Path #150: Slack is 5.056 
            Info (332181): Latest Path Arrival
                Info (332115): From Node          : bladerf_core:U_core|nios_system:U_nios_system|axi_ad9361:axi_ad9361_0|axi_ad9361_rx:i_rx|axi_ad9361_rx_channel:i_rx_channel_1|up_adc_channel:i_up_adc_channel|up_xfer_cntrl:i_xfer_cntrl|up_xfer_data[1]
                Info (332115): To Node            : bladerf_core:U_core|nios_system:U_nios_system|axi_ad9361:axi_ad9361_0|axi_ad9361_rx:i_rx|axi_ad9361_rx_channel:i_rx_channel_1|up_adc_channel:i_up_adc_channel|up_xfer_cntrl:i_xfer_cntrl|d_data_cntrl[1]
                Info (332115): Launch Clock       : U_core|U_system_pll|altera_pll_i|general[0].gpll~PLL_OUTPUT_COUNTER|divclk
                Info (332115): Latch Clock        : U_core|U_nios_system|axi_ad9361_0|i_dev_if|i_rx|i_altlvds_rx|auto_generated|pll_sclk~PLL_OUTPUT_COUNTER|divclk
                Info (332115): Data Arrival Time  : 4.679
                Info (332115): Clock Arrival Time : 4.618
                Info (332115): Relative Delay     : 0.061
                Info (332115): Data Arrival Path:
                Info (332115): Total (ns)  Incr (ns)     Type  Element
                Info (332115): ==========  ========= ==  ====  ===================================
                Info (332115):      3.324      3.324  R        clock network delay
                Info (332115):      3.324      0.000     uTco  bladerf_core:U_core|nios_system:U_nios_system|axi_ad9361:axi_ad9361_0|axi_ad9361_rx:i_rx|axi_ad9361_rx_channel:i_rx_channel_1|up_adc_channel:i_up_adc_channel|up_xfer_cntrl:i_xfer_cntrl|up_xfer_data[1]
                Info (332115):      3.324      0.000 RR  CELL  U_core|U_nios_system|axi_ad9361_0|i_rx|i_rx_channel_1|i_up_adc_channel|i_xfer_cntrl|up_xfer_data[1]|q
                Info (332115):      3.950      0.626 RR    IC  U_core|U_nios_system|axi_ad9361_0|i_rx|i_rx_channel_1|i_up_adc_channel|i_xfer_cntrl|d_data_cntrl[1]|asdata
                Info (332115):      4.679      0.729 RR  CELL  bladerf_core:U_core|nios_system:U_nios_system|axi_ad9361:axi_ad9361_0|axi_ad9361_rx:i_rx|axi_ad9361_rx_channel:i_rx_channel_1|up_adc_channel:i_up_adc_channel|up_xfer_cntrl:i_xfer_cntrl|d_data_cntrl[1]
                Info (332115): Clock Arrival Path:
                Info (332115): Total (ns)  Incr (ns)     Type  Element
                Info (332115): ==========  ========= ==  ====  ===================================
                Info (332115):      4.778      4.778  R        clock network delay
                Info (332115):      4.618     -0.160           clock uncertainty
                Info (332115):      4.618      0.000     uTsu  bladerf_core:U_core|nios_system:U_nios_system|axi_ad9361:axi_ad9361_0|axi_ad9361_rx:i_rx|axi_ad9361_rx_channel:i_rx_channel_1|up_adc_channel:i_up_adc_channel|up_xfer_cntrl:i_xfer_cntrl|d_data_cntrl[1]
            Info (332181): Earliest Path Arrival
                Info (332115): From Node          : bladerf_core:U_core|nios_system:U_nios_system|axi_ad9361:axi_ad9361_0|axi_ad9361_rx:i_rx|axi_ad9361_rx_channel:i_rx_channel_1|up_adc_channel:i_up_adc_channel|up_xfer_cntrl:i_xfer_cntrl|up_xfer_data[28]
                Info (332115): To Node            : bladerf_core:U_core|nios_system:U_nios_system|axi_ad9361:axi_ad9361_0|axi_ad9361_rx:i_rx|axi_ad9361_rx_channel:i_rx_channel_1|up_adc_channel:i_up_adc_channel|up_xfer_cntrl:i_xfer_cntrl|d_data_cntrl[28]
                Info (332115): Launch Clock       : U_core|U_system_pll|altera_pll_i|general[0].gpll~PLL_OUTPUT_COUNTER|divclk
                Info (332115): Latch Clock        : U_core|U_nios_system|axi_ad9361_0|i_dev_if|i_rx|i_altlvds_rx|auto_generated|pll_sclk~PLL_OUTPUT_COUNTER|divclk
                Info (332115): Data Arrival Time  : 2.407
                Info (332115): Clock Arrival Time : 6.522
                Info (332115): Relative Delay     : -4.115
                Info (332115): Data Arrival Path:
                Info (332115): Total (ns)  Incr (ns)     Type  Element
                Info (332115): ==========  ========= ==  ====  ===================================
                Info (332115):      1.755      1.755  R        clock network delay
                Info (332115):      1.755      0.000     uTco  bladerf_core:U_core|nios_system:U_nios_system|axi_ad9361:axi_ad9361_0|axi_ad9361_rx:i_rx|axi_ad9361_rx_channel:i_rx_channel_1|up_adc_channel:i_up_adc_channel|up_xfer_cntrl:i_xfer_cntrl|up_xfer_data[28]
                Info (332115):      1.755      0.000 FF  CELL  U_core|U_nios_system|axi_ad9361_0|i_rx|i_rx_channel_1|i_up_adc_channel|i_xfer_cntrl|up_xfer_data[28]|q
                Info (332115):      2.269      0.514 FF    IC  U_core|U_nios_system|axi_ad9361_0|i_rx|i_rx_channel_1|i_up_adc_channel|i_xfer_cntrl|d_data_cntrl[28]~feeder|dataf
                Info (332115):      2.324      0.055 FF  CELL  U_core|U_nios_system|axi_ad9361_0|i_rx|i_rx_channel_1|i_up_adc_channel|i_xfer_cntrl|d_data_cntrl[28]~feeder|combout
                Info (332115):      2.324      0.000 FF    IC  U_core|U_nios_system|axi_ad9361_0|i_rx|i_rx_channel_1|i_up_adc_channel|i_xfer_cntrl|d_data_cntrl[28]|d
                Info (332115):      2.407      0.083 FF  CELL  bladerf_core:U_core|nios_system:U_nios_system|axi_ad9361:axi_ad9361_0|axi_ad9361_rx:i_rx|axi_ad9361_rx_channel:i_rx_channel_1|up_adc_channel:i_up_adc_channel|up_xfer_cntrl:i_xfer_cntrl|d_data_cntrl[28]
                Info (332115): Clock Arrival Path:
                Info (332115): Total (ns)  Incr (ns)     Type  Element
                Info (332115): ==========  ========= ==  ====  ===================================
                Info (332115):      6.362      6.362  R        clock network delay
                Info (332115):      6.522      0.160           clock uncertainty
                Info (332115):      6.522      0.000      uTh  bladerf_core:U_core|nios_system:U_nios_system|axi_ad9361:axi_ad9361_0|axi_ad9361_rx:i_rx|axi_ad9361_rx_channel:i_rx_channel_1|up_adc_channel:i_up_adc_channel|up_xfer_cntrl:i_xfer_cntrl|d_data_cntrl[28]
            Info (332181): Cross Path Clock Pessimism Removed : 2.832
            Info (332181): Required Skew   : 6.400
            Info (332181): Actual Skew     : 1.344
            Info (332181): Slack           : 5.056
        Info (332181): Path #151: Slack is 5.059 
            Info (332181): Latest Path Arrival
                Info (332115): From Node          : bladerf_core:U_core|nios_system:U_nios_system|axi_ad9361:axi_ad9361_0|axi_ad9361_rx:i_rx|axi_ad9361_rx_channel:i_rx_channel_1|up_adc_channel:i_up_adc_channel|up_xfer_cntrl:i_xfer_cntrl|up_xfer_data[1]
                Info (332115): To Node            : bladerf_core:U_core|nios_system:U_nios_system|axi_ad9361:axi_ad9361_0|axi_ad9361_rx:i_rx|axi_ad9361_rx_channel:i_rx_channel_1|up_adc_channel:i_up_adc_channel|up_xfer_cntrl:i_xfer_cntrl|d_data_cntrl[1]
                Info (332115): Launch Clock       : U_core|U_system_pll|altera_pll_i|general[0].gpll~PLL_OUTPUT_COUNTER|divclk
                Info (332115): Latch Clock        : U_core|U_nios_system|axi_ad9361_0|i_dev_if|i_rx|i_altlvds_rx|auto_generated|pll_sclk~PLL_OUTPUT_COUNTER|divclk
                Info (332115): Data Arrival Time  : 4.679
                Info (332115): Clock Arrival Time : 4.618
                Info (332115): Relative Delay     : 0.061
                Info (332115): Data Arrival Path:
                Info (332115): Total (ns)  Incr (ns)     Type  Element
                Info (332115): ==========  ========= ==  ====  ===================================
                Info (332115):      3.324      3.324  R        clock network delay
                Info (332115):      3.324      0.000     uTco  bladerf_core:U_core|nios_system:U_nios_system|axi_ad9361:axi_ad9361_0|axi_ad9361_rx:i_rx|axi_ad9361_rx_channel:i_rx_channel_1|up_adc_channel:i_up_adc_channel|up_xfer_cntrl:i_xfer_cntrl|up_xfer_data[1]
                Info (332115):      3.324      0.000 RR  CELL  U_core|U_nios_system|axi_ad9361_0|i_rx|i_rx_channel_1|i_up_adc_channel|i_xfer_cntrl|up_xfer_data[1]|q
                Info (332115):      3.950      0.626 RR    IC  U_core|U_nios_system|axi_ad9361_0|i_rx|i_rx_channel_1|i_up_adc_channel|i_xfer_cntrl|d_data_cntrl[1]|asdata
                Info (332115):      4.679      0.729 RR  CELL  bladerf_core:U_core|nios_system:U_nios_system|axi_ad9361:axi_ad9361_0|axi_ad9361_rx:i_rx|axi_ad9361_rx_channel:i_rx_channel_1|up_adc_channel:i_up_adc_channel|up_xfer_cntrl:i_xfer_cntrl|d_data_cntrl[1]
                Info (332115): Clock Arrival Path:
                Info (332115): Total (ns)  Incr (ns)     Type  Element
                Info (332115): ==========  ========= ==  ====  ===================================
                Info (332115):      4.778      4.778  R        clock network delay
                Info (332115):      4.618     -0.160           clock uncertainty
                Info (332115):      4.618      0.000     uTsu  bladerf_core:U_core|nios_system:U_nios_system|axi_ad9361:axi_ad9361_0|axi_ad9361_rx:i_rx|axi_ad9361_rx_channel:i_rx_channel_1|up_adc_channel:i_up_adc_channel|up_xfer_cntrl:i_xfer_cntrl|d_data_cntrl[1]
            Info (332181): Earliest Path Arrival
                Info (332115): From Node          : bladerf_core:U_core|nios_system:U_nios_system|axi_ad9361:axi_ad9361_0|axi_ad9361_rx:i_rx|axi_ad9361_rx_channel:i_rx_channel_1|up_adc_channel:i_up_adc_channel|up_xfer_cntrl:i_xfer_cntrl|up_xfer_data[22]
                Info (332115): To Node            : bladerf_core:U_core|nios_system:U_nios_system|axi_ad9361:axi_ad9361_0|axi_ad9361_rx:i_rx|axi_ad9361_rx_channel:i_rx_channel_1|up_adc_channel:i_up_adc_channel|up_xfer_cntrl:i_xfer_cntrl|d_data_cntrl[22]
                Info (332115): Launch Clock       : U_core|U_system_pll|altera_pll_i|general[0].gpll~PLL_OUTPUT_COUNTER|divclk
                Info (332115): Latch Clock        : U_core|U_nios_system|axi_ad9361_0|i_dev_if|i_rx|i_altlvds_rx|auto_generated|pll_sclk~PLL_OUTPUT_COUNTER|divclk
                Info (332115): Data Arrival Time  : 2.410
                Info (332115): Clock Arrival Time : 6.522
                Info (332115): Relative Delay     : -4.112
                Info (332115): Data Arrival Path:
                Info (332115): Total (ns)  Incr (ns)     Type  Element
                Info (332115): ==========  ========= ==  ====  ===================================
                Info (332115):      1.755      1.755  R        clock network delay
                Info (332115):      1.755      0.000     uTco  bladerf_core:U_core|nios_system:U_nios_system|axi_ad9361:axi_ad9361_0|axi_ad9361_rx:i_rx|axi_ad9361_rx_channel:i_rx_channel_1|up_adc_channel:i_up_adc_channel|up_xfer_cntrl:i_xfer_cntrl|up_xfer_data[22]
                Info (332115):      1.755      0.000 FF  CELL  U_core|U_nios_system|axi_ad9361_0|i_rx|i_rx_channel_1|i_up_adc_channel|i_xfer_cntrl|up_xfer_data[22]|q
                Info (332115):      2.272      0.517 FF    IC  U_core|U_nios_system|axi_ad9361_0|i_rx|i_rx_channel_1|i_up_adc_channel|i_xfer_cntrl|d_data_cntrl[22]~feeder|dataf
                Info (332115):      2.327      0.055 FF  CELL  U_core|U_nios_system|axi_ad9361_0|i_rx|i_rx_channel_1|i_up_adc_channel|i_xfer_cntrl|d_data_cntrl[22]~feeder|combout
                Info (332115):      2.327      0.000 FF    IC  U_core|U_nios_system|axi_ad9361_0|i_rx|i_rx_channel_1|i_up_adc_channel|i_xfer_cntrl|d_data_cntrl[22]|d
                Info (332115):      2.410      0.083 FF  CELL  bladerf_core:U_core|nios_system:U_nios_system|axi_ad9361:axi_ad9361_0|axi_ad9361_rx:i_rx|axi_ad9361_rx_channel:i_rx_channel_1|up_adc_channel:i_up_adc_channel|up_xfer_cntrl:i_xfer_cntrl|d_data_cntrl[22]
                Info (332115): Clock Arrival Path:
                Info (332115): Total (ns)  Incr (ns)     Type  Element
                Info (332115): ==========  ========= ==  ====  ===================================
                Info (332115):      6.362      6.362  R        clock network delay
                Info (332115):      6.522      0.160           clock uncertainty
                Info (332115):      6.522      0.000      uTh  bladerf_core:U_core|nios_system:U_nios_system|axi_ad9361:axi_ad9361_0|axi_ad9361_rx:i_rx|axi_ad9361_rx_channel:i_rx_channel_1|up_adc_channel:i_up_adc_channel|up_xfer_cntrl:i_xfer_cntrl|d_data_cntrl[22]
            Info (332181): Cross Path Clock Pessimism Removed : 2.832
            Info (332181): Required Skew   : 6.400
            Info (332181): Actual Skew     : 1.341
            Info (332181): Slack           : 5.059
        Info (332181): Path #152: Slack is 5.061 
            Info (332181): Latest Path Arrival
                Info (332115): From Node          : bladerf_core:U_core|nios_system:U_nios_system|axi_ad9361:axi_ad9361_0|axi_ad9361_rx:i_rx|axi_ad9361_rx_channel:i_rx_channel_1|up_adc_channel:i_up_adc_channel|up_xfer_cntrl:i_xfer_cntrl|up_xfer_data[64]
                Info (332115): To Node            : bladerf_core:U_core|nios_system:U_nios_system|axi_ad9361:axi_ad9361_0|axi_ad9361_rx:i_rx|axi_ad9361_rx_channel:i_rx_channel_1|up_adc_channel:i_up_adc_channel|up_xfer_cntrl:i_xfer_cntrl|d_data_cntrl[64]
                Info (332115): Launch Clock       : U_core|U_system_pll|altera_pll_i|general[0].gpll~PLL_OUTPUT_COUNTER|divclk
                Info (332115): Latch Clock        : U_core|U_nios_system|axi_ad9361_0|i_dev_if|i_rx|i_altlvds_rx|auto_generated|pll_sclk~PLL_OUTPUT_COUNTER|divclk
                Info (332115): Data Arrival Time  : 4.673
                Info (332115): Clock Arrival Time : 4.610
                Info (332115): Relative Delay     : 0.063
                Info (332115): Data Arrival Path:
                Info (332115): Total (ns)  Incr (ns)     Type  Element
                Info (332115): ==========  ========= ==  ====  ===================================
                Info (332115):      3.304      3.304  R        clock network delay
                Info (332115):      3.304      0.000     uTco  bladerf_core:U_core|nios_system:U_nios_system|axi_ad9361:axi_ad9361_0|axi_ad9361_rx:i_rx|axi_ad9361_rx_channel:i_rx_channel_1|up_adc_channel:i_up_adc_channel|up_xfer_cntrl:i_xfer_cntrl|up_xfer_data[64]
                Info (332115):      3.304      0.000 RR  CELL  U_core|U_nios_system|axi_ad9361_0|i_rx|i_rx_channel_1|i_up_adc_channel|i_xfer_cntrl|up_xfer_data[64]|q
                Info (332115):      3.946      0.642 RR    IC  U_core|U_nios_system|axi_ad9361_0|i_rx|i_rx_channel_1|i_up_adc_channel|i_xfer_cntrl|d_data_cntrl[64]|asdata
                Info (332115):      4.673      0.727 RR  CELL  bladerf_core:U_core|nios_system:U_nios_system|axi_ad9361:axi_ad9361_0|axi_ad9361_rx:i_rx|axi_ad9361_rx_channel:i_rx_channel_1|up_adc_channel:i_up_adc_channel|up_xfer_cntrl:i_xfer_cntrl|d_data_cntrl[64]
                Info (332115): Clock Arrival Path:
                Info (332115): Total (ns)  Incr (ns)     Type  Element
                Info (332115): ==========  ========= ==  ====  ===================================
                Info (332115):      4.770      4.770  R        clock network delay
                Info (332115):      4.610     -0.160           clock uncertainty
                Info (332115):      4.610      0.000     uTsu  bladerf_core:U_core|nios_system:U_nios_system|axi_ad9361:axi_ad9361_0|axi_ad9361_rx:i_rx|axi_ad9361_rx_channel:i_rx_channel_1|up_adc_channel:i_up_adc_channel|up_xfer_cntrl:i_xfer_cntrl|d_data_cntrl[64]
            Info (332181): Earliest Path Arrival
                Info (332115): From Node          : bladerf_core:U_core|nios_system:U_nios_system|axi_ad9361:axi_ad9361_0|axi_ad9361_rx:i_rx|axi_ad9361_rx_channel:i_rx_channel_1|up_adc_channel:i_up_adc_channel|up_xfer_cntrl:i_xfer_cntrl|up_xfer_data[72]
                Info (332115): To Node            : bladerf_core:U_core|nios_system:U_nios_system|axi_ad9361:axi_ad9361_0|axi_ad9361_rx:i_rx|axi_ad9361_rx_channel:i_rx_channel_1|up_adc_channel:i_up_adc_channel|up_xfer_cntrl:i_xfer_cntrl|d_data_cntrl[72]
                Info (332115): Launch Clock       : U_core|U_system_pll|altera_pll_i|general[0].gpll~PLL_OUTPUT_COUNTER|divclk
                Info (332115): Latch Clock        : U_core|U_nios_system|axi_ad9361_0|i_dev_if|i_rx|i_altlvds_rx|auto_generated|pll_sclk~PLL_OUTPUT_COUNTER|divclk
                Info (332115): Data Arrival Time  : 2.415
                Info (332115): Clock Arrival Time : 6.523
                Info (332115): Relative Delay     : -4.108
                Info (332115): Data Arrival Path:
                Info (332115): Total (ns)  Incr (ns)     Type  Element
                Info (332115): ==========  ========= ==  ====  ===================================
                Info (332115):      1.778      1.778  R        clock network delay
                Info (332115):      1.778      0.000     uTco  bladerf_core:U_core|nios_system:U_nios_system|axi_ad9361:axi_ad9361_0|axi_ad9361_rx:i_rx|axi_ad9361_rx_channel:i_rx_channel_1|up_adc_channel:i_up_adc_channel|up_xfer_cntrl:i_xfer_cntrl|up_xfer_data[72]
                Info (332115):      1.778      0.000 FF  CELL  U_core|U_nios_system|axi_ad9361_0|i_rx|i_rx_channel_1|i_up_adc_channel|i_xfer_cntrl|up_xfer_data[72]|q
                Info (332115):      2.280      0.502 FF    IC  U_core|U_nios_system|axi_ad9361_0|i_rx|i_rx_channel_1|i_up_adc_channel|i_xfer_cntrl|d_data_cntrl[72]~feeder|dataf
                Info (332115):      2.334      0.054 FF  CELL  U_core|U_nios_system|axi_ad9361_0|i_rx|i_rx_channel_1|i_up_adc_channel|i_xfer_cntrl|d_data_cntrl[72]~feeder|combout
                Info (332115):      2.334      0.000 FF    IC  U_core|U_nios_system|axi_ad9361_0|i_rx|i_rx_channel_1|i_up_adc_channel|i_xfer_cntrl|d_data_cntrl[72]|d
                Info (332115):      2.415      0.081 FF  CELL  bladerf_core:U_core|nios_system:U_nios_system|axi_ad9361:axi_ad9361_0|axi_ad9361_rx:i_rx|axi_ad9361_rx_channel:i_rx_channel_1|up_adc_channel:i_up_adc_channel|up_xfer_cntrl:i_xfer_cntrl|d_data_cntrl[72]
                Info (332115): Clock Arrival Path:
                Info (332115): Total (ns)  Incr (ns)     Type  Element
                Info (332115): ==========  ========= ==  ====  ===================================
                Info (332115):      6.363      6.363  R        clock network delay
                Info (332115):      6.523      0.160           clock uncertainty
                Info (332115):      6.523      0.000      uTh  bladerf_core:U_core|nios_system:U_nios_system|axi_ad9361:axi_ad9361_0|axi_ad9361_rx:i_rx|axi_ad9361_rx_channel:i_rx_channel_1|up_adc_channel:i_up_adc_channel|up_xfer_cntrl:i_xfer_cntrl|d_data_cntrl[72]
            Info (332181): Cross Path Clock Pessimism Removed : 2.832
            Info (332181): Required Skew   : 6.400
            Info (332181): Actual Skew     : 1.339
            Info (332181): Slack           : 5.061
Info (332115): Worst-case slack is 5.133 for "set_max_skew -from [get_keepers {*U_pretrig_addr_handshake|source_holding[*]}] -to [get_keepers {*bladerf_core:*|pretrig_addr_rx[*]}] 6.400 "
    Info (332181): Skew for the Latest Arrival
        Info (332181): Path #153: Slack is 5.133 
            Info (332181): Latest Path Arrival
                Info (332115): From Node          : bladerf_core:U_core|handshake:U_pretrig_addr_handshake|source_holding[19]
                Info (332115): To Node            : bladerf_core:U_core|pretrig_addr_rx[19]
                Info (332115): Launch Clock       : U_core|U_system_pll|altera_pll_i|general[0].gpll~PLL_OUTPUT_COUNTER|divclk
                Info (332115): Latch Clock        : U_core|U_nios_system|axi_ad9361_0|i_dev_if|i_rx|i_altlvds_rx|auto_generated|pll_sclk~PLL_OUTPUT_COUNTER|divclk
                Info (332115): Data Arrival Time  : 5.354
                Info (332115): Clock Arrival Time : 4.602
                Info (332115): Relative Delay     : 0.752
                Info (332115): Data Arrival Path:
                Info (332115): Total (ns)  Incr (ns)     Type  Element
                Info (332115): ==========  ========= ==  ====  ===================================
                Info (332115):      3.297      3.297  R        clock network delay
                Info (332115):      3.297      0.000     uTco  bladerf_core:U_core|handshake:U_pretrig_addr_handshake|source_holding[19]
                Info (332115):      3.297      0.000 FF  CELL  U_core|U_pretrig_addr_handshake|source_holding[19]|q
                Info (332115):      4.625      1.328 FF    IC  U_core|pretrig_addr_rx[19]|asdata
                Info (332115):      5.354      0.729 FF  CELL  bladerf_core:U_core|pretrig_addr_rx[19]
                Info (332115): Clock Arrival Path:
                Info (332115): Total (ns)  Incr (ns)     Type  Element
                Info (332115): ==========  ========= ==  ====  ===================================
                Info (332115):      4.762      4.762  R        clock network delay
                Info (332115):      4.602     -0.160           clock uncertainty
                Info (332115):      4.602      0.000     uTsu  bladerf_core:U_core|pretrig_addr_rx[19]
            Info (332181): Earliest Path Arrival
                Info (332115): From Node          : bladerf_core:U_core|handshake:U_pretrig_addr_handshake|source_holding[17]
                Info (332115): To Node            : bladerf_core:U_core|pretrig_addr_rx[17]
                Info (332115): Launch Clock       : U_core|U_system_pll|altera_pll_i|general[0].gpll~PLL_OUTPUT_COUNTER|divclk
                Info (332115): Latch Clock        : U_core|U_nios_system|axi_ad9361_0|i_dev_if|i_rx|i_altlvds_rx|auto_generated|pll_sclk~PLL_OUTPUT_COUNTER|divclk
                Info (332115): Data Arrival Time  : 3.112
                Info (332115): Clock Arrival Time : 6.508
                Info (332115): Relative Delay     : -3.396
                Info (332115): Data Arrival Path:
                Info (332115): Total (ns)  Incr (ns)     Type  Element
                Info (332115): ==========  ========= ==  ====  ===================================
                Info (332115):      1.763      1.763  R        clock network delay
                Info (332115):      1.763      0.000     uTco  bladerf_core:U_core|handshake:U_pretrig_addr_handshake|source_holding[17]
                Info (332115):      1.763      0.000 RR  CELL  U_core|U_pretrig_addr_handshake|source_holding[17]|q
                Info (332115):      2.684      0.921 RR    IC  U_core|pretrig_addr_rx[17]|asdata
                Info (332115):      3.112      0.428 RR  CELL  bladerf_core:U_core|pretrig_addr_rx[17]
                Info (332115): Clock Arrival Path:
                Info (332115): Total (ns)  Incr (ns)     Type  Element
                Info (332115): ==========  ========= ==  ====  ===================================
                Info (332115):      6.348      6.348  R        clock network delay
                Info (332115):      6.508      0.160           clock uncertainty
                Info (332115):      6.508      0.000      uTh  bladerf_core:U_core|pretrig_addr_rx[17]
            Info (332181): Cross Path Clock Pessimism Removed : 2.881
            Info (332181): Required Skew   : 6.400
            Info (332181): Actual Skew     : 1.267
            Info (332181): Slack           : 5.133
        Info (332181): Path #154: Slack is 5.252 
            Info (332181): Latest Path Arrival
                Info (332115): From Node          : bladerf_core:U_core|handshake:U_pretrig_addr_handshake|source_holding[18]
                Info (332115): To Node            : bladerf_core:U_core|pretrig_addr_rx[18]
                Info (332115): Launch Clock       : U_core|U_system_pll|altera_pll_i|general[0].gpll~PLL_OUTPUT_COUNTER|divclk
                Info (332115): Latch Clock        : U_core|U_nios_system|axi_ad9361_0|i_dev_if|i_rx|i_altlvds_rx|auto_generated|pll_sclk~PLL_OUTPUT_COUNTER|divclk
                Info (332115): Data Arrival Time  : 5.235
                Info (332115): Clock Arrival Time : 4.602
                Info (332115): Relative Delay     : 0.633
                Info (332115): Data Arrival Path:
                Info (332115): Total (ns)  Incr (ns)     Type  Element
                Info (332115): ==========  ========= ==  ====  ===================================
                Info (332115):      3.304      3.304  R        clock network delay
                Info (332115):      3.304      0.000     uTco  bladerf_core:U_core|handshake:U_pretrig_addr_handshake|source_holding[18]
                Info (332115):      3.304      0.000 FF  CELL  U_core|U_pretrig_addr_handshake|source_holding[18]|q
                Info (332115):      4.506      1.202 FF    IC  U_core|pretrig_addr_rx[18]|asdata
                Info (332115):      5.235      0.729 FF  CELL  bladerf_core:U_core|pretrig_addr_rx[18]
                Info (332115): Clock Arrival Path:
                Info (332115): Total (ns)  Incr (ns)     Type  Element
                Info (332115): ==========  ========= ==  ====  ===================================
                Info (332115):      4.762      4.762  R        clock network delay
                Info (332115):      4.602     -0.160           clock uncertainty
                Info (332115):      4.602      0.000     uTsu  bladerf_core:U_core|pretrig_addr_rx[18]
            Info (332181): Earliest Path Arrival
                Info (332115): From Node          : bladerf_core:U_core|handshake:U_pretrig_addr_handshake|source_holding[17]
                Info (332115): To Node            : bladerf_core:U_core|pretrig_addr_rx[17]
                Info (332115): Launch Clock       : U_core|U_system_pll|altera_pll_i|general[0].gpll~PLL_OUTPUT_COUNTER|divclk
                Info (332115): Latch Clock        : U_core|U_nios_system|axi_ad9361_0|i_dev_if|i_rx|i_altlvds_rx|auto_generated|pll_sclk~PLL_OUTPUT_COUNTER|divclk
                Info (332115): Data Arrival Time  : 3.112
                Info (332115): Clock Arrival Time : 6.508
                Info (332115): Relative Delay     : -3.396
                Info (332115): Data Arrival Path:
                Info (332115): Total (ns)  Incr (ns)     Type  Element
                Info (332115): ==========  ========= ==  ====  ===================================
                Info (332115):      1.763      1.763  R        clock network delay
                Info (332115):      1.763      0.000     uTco  bladerf_core:U_core|handshake:U_pretrig_addr_handshake|source_holding[17]
                Info (332115):      1.763      0.000 RR  CELL  U_core|U_pretrig_addr_handshake|source_holding[17]|q
                Info (332115):      2.684      0.921 RR    IC  U_core|pretrig_addr_rx[17]|asdata
                Info (332115):      3.112      0.428 RR  CELL  bladerf_core:U_core|pretrig_addr_rx[17]
                Info (332115): Clock Arrival Path:
                Info (332115): Total (ns)  Incr (ns)     Type  Element
                Info (332115): ==========  ========= ==  ====  ===================================
                Info (332115):      6.348      6.348  R        clock network delay
                Info (332115):      6.508      0.160           clock uncertainty
                Info (332115):      6.508      0.000      uTh  bladerf_core:U_core|pretrig_addr_rx[17]
            Info (332181): Cross Path Clock Pessimism Removed : 2.881
            Info (332181): Required Skew   : 6.400
            Info (332181): Actual Skew     : 1.148
            Info (332181): Slack           : 5.252
        Info (332181): Path #155: Slack is 5.338 
            Info (332181): Latest Path Arrival
                Info (332115): From Node          : bladerf_core:U_core|handshake:U_pretrig_addr_handshake|source_holding[16]
                Info (332115): To Node            : bladerf_core:U_core|pretrig_addr_rx[16]
                Info (332115): Launch Clock       : U_core|U_system_pll|altera_pll_i|general[0].gpll~PLL_OUTPUT_COUNTER|divclk
                Info (332115): Latch Clock        : U_core|U_nios_system|axi_ad9361_0|i_dev_if|i_rx|i_altlvds_rx|auto_generated|pll_sclk~PLL_OUTPUT_COUNTER|divclk
                Info (332115): Data Arrival Time  : 5.143
                Info (332115): Clock Arrival Time : 4.596
                Info (332115): Relative Delay     : 0.547
                Info (332115): Data Arrival Path:
                Info (332115): Total (ns)  Incr (ns)     Type  Element
                Info (332115): ==========  ========= ==  ====  ===================================
                Info (332115):      3.302      3.302  R        clock network delay
                Info (332115):      3.302      0.000     uTco  bladerf_core:U_core|handshake:U_pretrig_addr_handshake|source_holding[16]
                Info (332115):      3.302      0.000 FF  CELL  U_core|U_pretrig_addr_handshake|source_holding[16]|q
                Info (332115):      4.417      1.115 FF    IC  U_core|pretrig_addr_rx[16]|asdata
                Info (332115):      5.143      0.726 FF  CELL  bladerf_core:U_core|pretrig_addr_rx[16]
                Info (332115): Clock Arrival Path:
                Info (332115): Total (ns)  Incr (ns)     Type  Element
                Info (332115): ==========  ========= ==  ====  ===================================
                Info (332115):      4.756      4.756  R        clock network delay
                Info (332115):      4.596     -0.160           clock uncertainty
                Info (332115):      4.596      0.000     uTsu  bladerf_core:U_core|pretrig_addr_rx[16]
            Info (332181): Earliest Path Arrival
                Info (332115): From Node          : bladerf_core:U_core|handshake:U_pretrig_addr_handshake|source_holding[17]
                Info (332115): To Node            : bladerf_core:U_core|pretrig_addr_rx[17]
                Info (332115): Launch Clock       : U_core|U_system_pll|altera_pll_i|general[0].gpll~PLL_OUTPUT_COUNTER|divclk
                Info (332115): Latch Clock        : U_core|U_nios_system|axi_ad9361_0|i_dev_if|i_rx|i_altlvds_rx|auto_generated|pll_sclk~PLL_OUTPUT_COUNTER|divclk
                Info (332115): Data Arrival Time  : 3.112
                Info (332115): Clock Arrival Time : 6.508
                Info (332115): Relative Delay     : -3.396
                Info (332115): Data Arrival Path:
                Info (332115): Total (ns)  Incr (ns)     Type  Element
                Info (332115): ==========  ========= ==  ====  ===================================
                Info (332115):      1.763      1.763  R        clock network delay
                Info (332115):      1.763      0.000     uTco  bladerf_core:U_core|handshake:U_pretrig_addr_handshake|source_holding[17]
                Info (332115):      1.763      0.000 RR  CELL  U_core|U_pretrig_addr_handshake|source_holding[17]|q
                Info (332115):      2.684      0.921 RR    IC  U_core|pretrig_addr_rx[17]|asdata
                Info (332115):      3.112      0.428 RR  CELL  bladerf_core:U_core|pretrig_addr_rx[17]
                Info (332115): Clock Arrival Path:
                Info (332115): Total (ns)  Incr (ns)     Type  Element
                Info (332115): ==========  ========= ==  ====  ===================================
                Info (332115):      6.348      6.348  R        clock network delay
                Info (332115):      6.508      0.160           clock uncertainty
                Info (332115):      6.508      0.000      uTh  bladerf_core:U_core|pretrig_addr_rx[17]
            Info (332181): Cross Path Clock Pessimism Removed : 2.881
            Info (332181): Required Skew   : 6.400
            Info (332181): Actual Skew     : 1.062
            Info (332181): Slack           : 5.338
        Info (332181): Path #156: Slack is 5.343 
            Info (332181): Latest Path Arrival
                Info (332115): From Node          : bladerf_core:U_core|handshake:U_pretrig_addr_handshake|source_holding[17]
                Info (332115): To Node            : bladerf_core:U_core|pretrig_addr_rx[17]
                Info (332115): Launch Clock       : U_core|U_system_pll|altera_pll_i|general[0].gpll~PLL_OUTPUT_COUNTER|divclk
                Info (332115): Latch Clock        : U_core|U_nios_system|axi_ad9361_0|i_dev_if|i_rx|i_altlvds_rx|auto_generated|pll_sclk~PLL_OUTPUT_COUNTER|divclk
                Info (332115): Data Arrival Time  : 5.173
                Info (332115): Clock Arrival Time : 4.596
                Info (332115): Relative Delay     : 0.577
                Info (332115): Data Arrival Path:
                Info (332115): Total (ns)  Incr (ns)     Type  Element
                Info (332115): ==========  ========= ==  ====  ===================================
                Info (332115):      3.304      3.304  R        clock network delay
                Info (332115):      3.304      0.000     uTco  bladerf_core:U_core|handshake:U_pretrig_addr_handshake|source_holding[17]
                Info (332115):      3.304      0.000 FF  CELL  U_core|U_pretrig_addr_handshake|source_holding[17]|q
                Info (332115):      4.447      1.143 FF    IC  U_core|pretrig_addr_rx[17]|asdata
                Info (332115):      5.173      0.726 FF  CELL  bladerf_core:U_core|pretrig_addr_rx[17]
                Info (332115): Clock Arrival Path:
                Info (332115): Total (ns)  Incr (ns)     Type  Element
                Info (332115): ==========  ========= ==  ====  ===================================
                Info (332115):      4.756      4.756  R        clock network delay
                Info (332115):      4.596     -0.160           clock uncertainty
                Info (332115):      4.596      0.000     uTsu  bladerf_core:U_core|pretrig_addr_rx[17]
            Info (332181): Earliest Path Arrival
                Info (332115): From Node          : bladerf_core:U_core|handshake:U_pretrig_addr_handshake|source_holding[16]
                Info (332115): To Node            : bladerf_core:U_core|pretrig_addr_rx[16]
                Info (332115): Launch Clock       : U_core|U_system_pll|altera_pll_i|general[0].gpll~PLL_OUTPUT_COUNTER|divclk
                Info (332115): Latch Clock        : U_core|U_nios_system|axi_ad9361_0|i_dev_if|i_rx|i_altlvds_rx|auto_generated|pll_sclk~PLL_OUTPUT_COUNTER|divclk
                Info (332115): Data Arrival Time  : 3.147
                Info (332115): Clock Arrival Time : 6.508
                Info (332115): Relative Delay     : -3.361
                Info (332115): Data Arrival Path:
                Info (332115): Total (ns)  Incr (ns)     Type  Element
                Info (332115): ==========  ========= ==  ====  ===================================
                Info (332115):      1.761      1.761  R        clock network delay
                Info (332115):      1.761      0.000     uTco  bladerf_core:U_core|handshake:U_pretrig_addr_handshake|source_holding[16]
                Info (332115):      1.761      0.000 FF  CELL  U_core|U_pretrig_addr_handshake|source_holding[16]|q
                Info (332115):      2.711      0.950 FF    IC  U_core|pretrig_addr_rx[16]|asdata
                Info (332115):      3.147      0.436 FF  CELL  bladerf_core:U_core|pretrig_addr_rx[16]
                Info (332115): Clock Arrival Path:
                Info (332115): Total (ns)  Incr (ns)     Type  Element
                Info (332115): ==========  ========= ==  ====  ===================================
                Info (332115):      6.348      6.348  R        clock network delay
                Info (332115):      6.508      0.160           clock uncertainty
                Info (332115):      6.508      0.000      uTh  bladerf_core:U_core|pretrig_addr_rx[16]
            Info (332181): Cross Path Clock Pessimism Removed : 2.881
            Info (332181): Required Skew   : 6.400
            Info (332181): Actual Skew     : 1.057
            Info (332181): Slack           : 5.343
    Info (332181): Skew for the Earliest Arrival
        Info (332181): Path #157: Slack is 5.133 
            Info (332181): Latest Path Arrival
                Info (332115): From Node          : bladerf_core:U_core|handshake:U_pretrig_addr_handshake|source_holding[19]
                Info (332115): To Node            : bladerf_core:U_core|pretrig_addr_rx[19]
                Info (332115): Launch Clock       : U_core|U_system_pll|altera_pll_i|general[0].gpll~PLL_OUTPUT_COUNTER|divclk
                Info (332115): Latch Clock        : U_core|U_nios_system|axi_ad9361_0|i_dev_if|i_rx|i_altlvds_rx|auto_generated|pll_sclk~PLL_OUTPUT_COUNTER|divclk
                Info (332115): Data Arrival Time  : 5.354
                Info (332115): Clock Arrival Time : 4.602
                Info (332115): Relative Delay     : 0.752
                Info (332115): Data Arrival Path:
                Info (332115): Total (ns)  Incr (ns)     Type  Element
                Info (332115): ==========  ========= ==  ====  ===================================
                Info (332115):      3.297      3.297  R        clock network delay
                Info (332115):      3.297      0.000     uTco  bladerf_core:U_core|handshake:U_pretrig_addr_handshake|source_holding[19]
                Info (332115):      3.297      0.000 FF  CELL  U_core|U_pretrig_addr_handshake|source_holding[19]|q
                Info (332115):      4.625      1.328 FF    IC  U_core|pretrig_addr_rx[19]|asdata
                Info (332115):      5.354      0.729 FF  CELL  bladerf_core:U_core|pretrig_addr_rx[19]
                Info (332115): Clock Arrival Path:
                Info (332115): Total (ns)  Incr (ns)     Type  Element
                Info (332115): ==========  ========= ==  ====  ===================================
                Info (332115):      4.762      4.762  R        clock network delay
                Info (332115):      4.602     -0.160           clock uncertainty
                Info (332115):      4.602      0.000     uTsu  bladerf_core:U_core|pretrig_addr_rx[19]
            Info (332181): Earliest Path Arrival
                Info (332115): From Node          : bladerf_core:U_core|handshake:U_pretrig_addr_handshake|source_holding[17]
                Info (332115): To Node            : bladerf_core:U_core|pretrig_addr_rx[17]
                Info (332115): Launch Clock       : U_core|U_system_pll|altera_pll_i|general[0].gpll~PLL_OUTPUT_COUNTER|divclk
                Info (332115): Latch Clock        : U_core|U_nios_system|axi_ad9361_0|i_dev_if|i_rx|i_altlvds_rx|auto_generated|pll_sclk~PLL_OUTPUT_COUNTER|divclk
                Info (332115): Data Arrival Time  : 3.112
                Info (332115): Clock Arrival Time : 6.508
                Info (332115): Relative Delay     : -3.396
                Info (332115): Data Arrival Path:
                Info (332115): Total (ns)  Incr (ns)     Type  Element
                Info (332115): ==========  ========= ==  ====  ===================================
                Info (332115):      1.763      1.763  R        clock network delay
                Info (332115):      1.763      0.000     uTco  bladerf_core:U_core|handshake:U_pretrig_addr_handshake|source_holding[17]
                Info (332115):      1.763      0.000 RR  CELL  U_core|U_pretrig_addr_handshake|source_holding[17]|q
                Info (332115):      2.684      0.921 RR    IC  U_core|pretrig_addr_rx[17]|asdata
                Info (332115):      3.112      0.428 RR  CELL  bladerf_core:U_core|pretrig_addr_rx[17]
                Info (332115): Clock Arrival Path:
                Info (332115): Total (ns)  Incr (ns)     Type  Element
                Info (332115): ==========  ========= ==  ====  ===================================
                Info (332115):      6.348      6.348  R        clock network delay
                Info (332115):      6.508      0.160           clock uncertainty
                Info (332115):      6.508      0.000      uTh  bladerf_core:U_core|pretrig_addr_rx[17]
            Info (332181): Cross Path Clock Pessimism Removed : 2.881
            Info (332181): Required Skew   : 6.400
            Info (332181): Actual Skew     : 1.267
            Info (332181): Slack           : 5.133
        Info (332181): Path #158: Slack is 5.168 
            Info (332181): Latest Path Arrival
                Info (332115): From Node          : bladerf_core:U_core|handshake:U_pretrig_addr_handshake|source_holding[19]
                Info (332115): To Node            : bladerf_core:U_core|pretrig_addr_rx[19]
                Info (332115): Launch Clock       : U_core|U_system_pll|altera_pll_i|general[0].gpll~PLL_OUTPUT_COUNTER|divclk
                Info (332115): Latch Clock        : U_core|U_nios_system|axi_ad9361_0|i_dev_if|i_rx|i_altlvds_rx|auto_generated|pll_sclk~PLL_OUTPUT_COUNTER|divclk
                Info (332115): Data Arrival Time  : 5.354
                Info (332115): Clock Arrival Time : 4.602
                Info (332115): Relative Delay     : 0.752
                Info (332115): Data Arrival Path:
                Info (332115): Total (ns)  Incr (ns)     Type  Element
                Info (332115): ==========  ========= ==  ====  ===================================
                Info (332115):      3.297      3.297  R        clock network delay
                Info (332115):      3.297      0.000     uTco  bladerf_core:U_core|handshake:U_pretrig_addr_handshake|source_holding[19]
                Info (332115):      3.297      0.000 FF  CELL  U_core|U_pretrig_addr_handshake|source_holding[19]|q
                Info (332115):      4.625      1.328 FF    IC  U_core|pretrig_addr_rx[19]|asdata
                Info (332115):      5.354      0.729 FF  CELL  bladerf_core:U_core|pretrig_addr_rx[19]
                Info (332115): Clock Arrival Path:
                Info (332115): Total (ns)  Incr (ns)     Type  Element
                Info (332115): ==========  ========= ==  ====  ===================================
                Info (332115):      4.762      4.762  R        clock network delay
                Info (332115):      4.602     -0.160           clock uncertainty
                Info (332115):      4.602      0.000     uTsu  bladerf_core:U_core|pretrig_addr_rx[19]
            Info (332181): Earliest Path Arrival
                Info (332115): From Node          : bladerf_core:U_core|handshake:U_pretrig_addr_handshake|source_holding[16]
                Info (332115): To Node            : bladerf_core:U_core|pretrig_addr_rx[16]
                Info (332115): Launch Clock       : U_core|U_system_pll|altera_pll_i|general[0].gpll~PLL_OUTPUT_COUNTER|divclk
                Info (332115): Latch Clock        : U_core|U_nios_system|axi_ad9361_0|i_dev_if|i_rx|i_altlvds_rx|auto_generated|pll_sclk~PLL_OUTPUT_COUNTER|divclk
                Info (332115): Data Arrival Time  : 3.147
                Info (332115): Clock Arrival Time : 6.508
                Info (332115): Relative Delay     : -3.361
                Info (332115): Data Arrival Path:
                Info (332115): Total (ns)  Incr (ns)     Type  Element
                Info (332115): ==========  ========= ==  ====  ===================================
                Info (332115):      1.761      1.761  R        clock network delay
                Info (332115):      1.761      0.000     uTco  bladerf_core:U_core|handshake:U_pretrig_addr_handshake|source_holding[16]
                Info (332115):      1.761      0.000 FF  CELL  U_core|U_pretrig_addr_handshake|source_holding[16]|q
                Info (332115):      2.711      0.950 FF    IC  U_core|pretrig_addr_rx[16]|asdata
                Info (332115):      3.147      0.436 FF  CELL  bladerf_core:U_core|pretrig_addr_rx[16]
                Info (332115): Clock Arrival Path:
                Info (332115): Total (ns)  Incr (ns)     Type  Element
                Info (332115): ==========  ========= ==  ====  ===================================
                Info (332115):      6.348      6.348  R        clock network delay
                Info (332115):      6.508      0.160           clock uncertainty
                Info (332115):      6.508      0.000      uTh  bladerf_core:U_core|pretrig_addr_rx[16]
            Info (332181): Cross Path Clock Pessimism Removed : 2.881
            Info (332181): Required Skew   : 6.400
            Info (332181): Actual Skew     : 1.232
            Info (332181): Slack           : 5.168
        Info (332181): Path #159: Slack is 5.233 
            Info (332181): Latest Path Arrival
                Info (332115): From Node          : bladerf_core:U_core|handshake:U_pretrig_addr_handshake|source_holding[19]
                Info (332115): To Node            : bladerf_core:U_core|pretrig_addr_rx[19]
                Info (332115): Launch Clock       : U_core|U_system_pll|altera_pll_i|general[0].gpll~PLL_OUTPUT_COUNTER|divclk
                Info (332115): Latch Clock        : U_core|U_nios_system|axi_ad9361_0|i_dev_if|i_rx|i_altlvds_rx|auto_generated|pll_sclk~PLL_OUTPUT_COUNTER|divclk
                Info (332115): Data Arrival Time  : 5.354
                Info (332115): Clock Arrival Time : 4.602
                Info (332115): Relative Delay     : 0.752
                Info (332115): Data Arrival Path:
                Info (332115): Total (ns)  Incr (ns)     Type  Element
                Info (332115): ==========  ========= ==  ====  ===================================
                Info (332115):      3.297      3.297  R        clock network delay
                Info (332115):      3.297      0.000     uTco  bladerf_core:U_core|handshake:U_pretrig_addr_handshake|source_holding[19]
                Info (332115):      3.297      0.000 FF  CELL  U_core|U_pretrig_addr_handshake|source_holding[19]|q
                Info (332115):      4.625      1.328 FF    IC  U_core|pretrig_addr_rx[19]|asdata
                Info (332115):      5.354      0.729 FF  CELL  bladerf_core:U_core|pretrig_addr_rx[19]
                Info (332115): Clock Arrival Path:
                Info (332115): Total (ns)  Incr (ns)     Type  Element
                Info (332115): ==========  ========= ==  ====  ===================================
                Info (332115):      4.762      4.762  R        clock network delay
                Info (332115):      4.602     -0.160           clock uncertainty
                Info (332115):      4.602      0.000     uTsu  bladerf_core:U_core|pretrig_addr_rx[19]
            Info (332181): Earliest Path Arrival
                Info (332115): From Node          : bladerf_core:U_core|handshake:U_pretrig_addr_handshake|source_holding[18]
                Info (332115): To Node            : bladerf_core:U_core|pretrig_addr_rx[18]
                Info (332115): Launch Clock       : U_core|U_system_pll|altera_pll_i|general[0].gpll~PLL_OUTPUT_COUNTER|divclk
                Info (332115): Latch Clock        : U_core|U_nios_system|axi_ad9361_0|i_dev_if|i_rx|i_altlvds_rx|auto_generated|pll_sclk~PLL_OUTPUT_COUNTER|divclk
                Info (332115): Data Arrival Time  : 3.218
                Info (332115): Clock Arrival Time : 6.514
                Info (332115): Relative Delay     : -3.296
                Info (332115): Data Arrival Path:
                Info (332115): Total (ns)  Incr (ns)     Type  Element
                Info (332115): ==========  ========= ==  ====  ===================================
                Info (332115):      1.763      1.763  R        clock network delay
                Info (332115):      1.763      0.000     uTco  bladerf_core:U_core|handshake:U_pretrig_addr_handshake|source_holding[18]
                Info (332115):      1.763      0.000 RR  CELL  U_core|U_pretrig_addr_handshake|source_holding[18]|q
                Info (332115):      2.783      1.020 RR    IC  U_core|pretrig_addr_rx[18]|asdata
                Info (332115):      3.218      0.435 RR  CELL  bladerf_core:U_core|pretrig_addr_rx[18]
                Info (332115): Clock Arrival Path:
                Info (332115): Total (ns)  Incr (ns)     Type  Element
                Info (332115): ==========  ========= ==  ====  ===================================
                Info (332115):      6.354      6.354  R        clock network delay
                Info (332115):      6.514      0.160           clock uncertainty
                Info (332115):      6.514      0.000      uTh  bladerf_core:U_core|pretrig_addr_rx[18]
            Info (332181): Cross Path Clock Pessimism Removed : 2.881
            Info (332181): Required Skew   : 6.400
            Info (332181): Actual Skew     : 1.167
            Info (332181): Slack           : 5.233
        Info (332181): Path #160: Slack is 5.381 
            Info (332181): Latest Path Arrival
                Info (332115): From Node          : bladerf_core:U_core|handshake:U_pretrig_addr_handshake|source_holding[18]
                Info (332115): To Node            : bladerf_core:U_core|pretrig_addr_rx[18]
                Info (332115): Launch Clock       : U_core|U_system_pll|altera_pll_i|general[0].gpll~PLL_OUTPUT_COUNTER|divclk
                Info (332115): Latch Clock        : U_core|U_nios_system|axi_ad9361_0|i_dev_if|i_rx|i_altlvds_rx|auto_generated|pll_sclk~PLL_OUTPUT_COUNTER|divclk
                Info (332115): Data Arrival Time  : 5.235
                Info (332115): Clock Arrival Time : 4.602
                Info (332115): Relative Delay     : 0.633
                Info (332115): Data Arrival Path:
                Info (332115): Total (ns)  Incr (ns)     Type  Element
                Info (332115): ==========  ========= ==  ====  ===================================
                Info (332115):      3.304      3.304  R        clock network delay
                Info (332115):      3.304      0.000     uTco  bladerf_core:U_core|handshake:U_pretrig_addr_handshake|source_holding[18]
                Info (332115):      3.304      0.000 FF  CELL  U_core|U_pretrig_addr_handshake|source_holding[18]|q
                Info (332115):      4.506      1.202 FF    IC  U_core|pretrig_addr_rx[18]|asdata
                Info (332115):      5.235      0.729 FF  CELL  bladerf_core:U_core|pretrig_addr_rx[18]
                Info (332115): Clock Arrival Path:
                Info (332115): Total (ns)  Incr (ns)     Type  Element
                Info (332115): ==========  ========= ==  ====  ===================================
                Info (332115):      4.762      4.762  R        clock network delay
                Info (332115):      4.602     -0.160           clock uncertainty
                Info (332115):      4.602      0.000     uTsu  bladerf_core:U_core|pretrig_addr_rx[18]
            Info (332181): Earliest Path Arrival
                Info (332115): From Node          : bladerf_core:U_core|handshake:U_pretrig_addr_handshake|source_holding[19]
                Info (332115): To Node            : bladerf_core:U_core|pretrig_addr_rx[19]
                Info (332115): Launch Clock       : U_core|U_system_pll|altera_pll_i|general[0].gpll~PLL_OUTPUT_COUNTER|divclk
                Info (332115): Latch Clock        : U_core|U_nios_system|axi_ad9361_0|i_dev_if|i_rx|i_altlvds_rx|auto_generated|pll_sclk~PLL_OUTPUT_COUNTER|divclk
                Info (332115): Data Arrival Time  : 3.247
                Info (332115): Clock Arrival Time : 6.514
                Info (332115): Relative Delay     : -3.267
                Info (332115): Data Arrival Path:
                Info (332115): Total (ns)  Incr (ns)     Type  Element
                Info (332115): ==========  ========= ==  ====  ===================================
                Info (332115):      1.757      1.757  R        clock network delay
                Info (332115):      1.757      0.000     uTco  bladerf_core:U_core|handshake:U_pretrig_addr_handshake|source_holding[19]
                Info (332115):      1.757      0.000 RR  CELL  U_core|U_pretrig_addr_handshake|source_holding[19]|q
                Info (332115):      2.812      1.055 RR    IC  U_core|pretrig_addr_rx[19]|asdata
                Info (332115):      3.247      0.435 RR  CELL  bladerf_core:U_core|pretrig_addr_rx[19]
                Info (332115): Clock Arrival Path:
                Info (332115): Total (ns)  Incr (ns)     Type  Element
                Info (332115): ==========  ========= ==  ====  ===================================
                Info (332115):      6.354      6.354  R        clock network delay
                Info (332115):      6.514      0.160           clock uncertainty
                Info (332115):      6.514      0.000      uTh  bladerf_core:U_core|pretrig_addr_rx[19]
            Info (332181): Cross Path Clock Pessimism Removed : 2.881
            Info (332181): Required Skew   : 6.400
            Info (332181): Actual Skew     : 1.019
            Info (332181): Slack           : 5.381
Info (332115): Worst-case slack is 5.318 for "set_max_skew -from [get_keepers {*U_rx_fault_causes_handshake|source_holding[*]}] -to [get_keepers {*bladerf_core:*|rx_fault_causes_sys[*]}] 6.400 "
    Info (332181): Skew for the Latest Arrival
        Info (332181): Path #161: Slack is 5.318 
            Info (332181): Latest Path Arrival
                Info (332115): From Node          : bladerf_core:U_core|handshake:U_rx_fault_causes_handshake|source_holding[1]
                Info (332115): To Node            : bladerf_core:U_core|rx_fault_causes_sys[1]
                Info (332115): Launch Clock       : U_core|U_nios_system|axi_ad9361_0|i_dev_if|i_rx|i_altlvds_rx|auto_generated|pll_sclk~PLL_OUTPUT_COUNTER|divclk
                Info (332115): Latch Clock        : U_core|U_system_pll|altera_pll_i|general[0].gpll~PLL_OUTPUT_COUNTER|divclk
                Info (332115): Data Arrival Time  : 7.800
                Info (332115): Clock Arrival Time : 1.601
                Info (332115): Relative Delay     : 6.199
                Info (332115): Data Arrival Path:
                Info (332115): Total (ns)  Incr (ns)     Type  Element
                Info (332115): ==========  ========= ==  ====  ===================================
                Info (332115):      6.336      6.336  R        clock network delay
                Info (332115):      6.336      0.000     uTco  bladerf_core:U_core|handshake:U_rx_fault_causes_handshake|source_holding[1]
                Info (332115):      6.336      0.000 RR  CELL  U_core|U_rx_fault_causes_handshake|source_holding[1]|q
                Info (332115):      7.080      0.744 RR    IC  U_core|rx_fault_causes_sys[1]|asdata
                Info (332115):      7.800      0.720 RR  CELL  bladerf_core:U_core|rx_fault_causes_sys[1]
                Info (332115): Clock Arrival Path:
                Info (332115): Total (ns)  Incr (ns)     Type  Element
                Info (332115): ==========  ========= ==  ====  ===================================
                Info (332115):      1.761      1.761  R        clock network delay
                Info (332115):      1.601     -0.160           clock uncertainty
                Info (332115):      1.601      0.000     uTsu  bladerf_core:U_core|rx_fault_causes_sys[1]
            Info (332181): Earliest Path Arrival
                Info (332115): From Node          : bladerf_core:U_core|handshake:U_rx_fault_causes_handshake|source_holding[2]
                Info (332115): To Node            : bladerf_core:U_core|rx_fault_causes_sys[2]
                Info (332115): Launch Clock       : U_core|U_nios_system|axi_ad9361_0|i_dev_if|i_rx|i_altlvds_rx|auto_generated|pll_sclk~PLL_OUTPUT_COUNTER|divclk
                Info (332115): Latch Clock        : U_core|U_system_pll|altera_pll_i|general[0].gpll~PLL_OUTPUT_COUNTER|divclk
                Info (332115): Data Arrival Time  : 5.698
                Info (332115): Clock Arrival Time : 3.462
                Info (332115): Relative Delay     : 2.236
                Info (332115): Data Arrival Path:
                Info (332115): Total (ns)  Incr (ns)     Type  Element
                Info (332115): ==========  ========= ==  ====  ===================================
                Info (332115):      4.744      4.744  R        clock network delay
                Info (332115):      4.744      0.000     uTco  bladerf_core:U_core|handshake:U_rx_fault_causes_handshake|source_holding[2]
                Info (332115):      4.744      0.000 FF  CELL  U_core|U_rx_fault_causes_handshake|source_holding[2]|q
                Info (332115):      5.330      0.586 FF    IC  U_core|rx_fault_causes_sys[2]|asdata
                Info (332115):      5.698      0.368 FF  CELL  bladerf_core:U_core|rx_fault_causes_sys[2]
                Info (332115): Clock Arrival Path:
                Info (332115): Total (ns)  Incr (ns)     Type  Element
                Info (332115): ==========  ========= ==  ====  ===================================
                Info (332115):      3.302      3.302  R        clock network delay
                Info (332115):      3.462      0.160           clock uncertainty
                Info (332115):      3.462      0.000      uTh  bladerf_core:U_core|rx_fault_causes_sys[2]
            Info (332181): Cross Path Clock Pessimism Removed : 2.881
            Info (332181): Required Skew   : 6.400
            Info (332181): Actual Skew     : 1.082
            Info (332181): Slack           : 5.318
        Info (332181): Path #162: Slack is 5.362 
            Info (332181): Latest Path Arrival
                Info (332115): From Node          : bladerf_core:U_core|handshake:U_rx_fault_causes_handshake|source_holding[4]
                Info (332115): To Node            : bladerf_core:U_core|rx_fault_causes_sys[4]
                Info (332115): Launch Clock       : U_core|U_nios_system|axi_ad9361_0|i_dev_if|i_rx|i_altlvds_rx|auto_generated|pll_sclk~PLL_OUTPUT_COUNTER|divclk
                Info (332115): Latch Clock        : U_core|U_system_pll|altera_pll_i|general[0].gpll~PLL_OUTPUT_COUNTER|divclk
                Info (332115): Data Arrival Time  : 7.751
                Info (332115): Clock Arrival Time : 1.596
                Info (332115): Relative Delay     : 6.155
                Info (332115): Data Arrival Path:
                Info (332115): Total (ns)  Incr (ns)     Type  Element
                Info (332115): ==========  ========= ==  ====  ===================================
                Info (332115):      6.336      6.336  R        clock network delay
                Info (332115):      6.336      0.000     uTco  bladerf_core:U_core|handshake:U_rx_fault_causes_handshake|source_holding[4]
                Info (332115):      6.336      0.000 RR  CELL  U_core|U_rx_fault_causes_handshake|source_holding[4]|q
                Info (332115):      7.024      0.688 RR    IC  U_core|rx_fault_causes_sys[4]|asdata
                Info (332115):      7.751      0.727 RR  CELL  bladerf_core:U_core|rx_fault_causes_sys[4]
                Info (332115): Clock Arrival Path:
                Info (332115): Total (ns)  Incr (ns)     Type  Element
                Info (332115): ==========  ========= ==  ====  ===================================
                Info (332115):      1.756      1.756  R        clock network delay
                Info (332115):      1.596     -0.160           clock uncertainty
                Info (332115):      1.596      0.000     uTsu  bladerf_core:U_core|rx_fault_causes_sys[4]
            Info (332181): Earliest Path Arrival
                Info (332115): From Node          : bladerf_core:U_core|handshake:U_rx_fault_causes_handshake|source_holding[2]
                Info (332115): To Node            : bladerf_core:U_core|rx_fault_causes_sys[2]
                Info (332115): Launch Clock       : U_core|U_nios_system|axi_ad9361_0|i_dev_if|i_rx|i_altlvds_rx|auto_generated|pll_sclk~PLL_OUTPUT_COUNTER|divclk
                Info (332115): Latch Clock        : U_core|U_system_pll|altera_pll_i|general[0].gpll~PLL_OUTPUT_COUNTER|divclk
                Info (332115): Data Arrival Time  : 5.698
                Info (332115): Clock Arrival Time : 3.462
                Info (332115): Relative Delay     : 2.236
                Info (332115): Data Arrival Path:
                Info (332115): Total (ns)  Incr (ns)     Type  Element
                Info (332115): ==========  ========= ==  ====  ===================================
                Info (332115):      4.744      4.744  R        clock network delay
                Info (332115):      4.744      0.000     uTco  bladerf_core:U_core|handshake:U_rx_fault_causes_handshake|source_holding[2]
                Info (332115):      4.744      0.000 FF  CELL  U_core|U_rx_fault_causes_handshake|source_holding[2]|q
                Info (332115):      5.330      0.586 FF    IC  U_core|rx_fault_causes_sys[2]|asdata
                Info (332115):      5.698      0.368 FF  CELL  bladerf_core:U_core|rx_fault_causes_sys[2]
                Info (332115): Clock Arrival Path:
                Info (332115): Total (ns)  Incr (ns)     Type  Element
                Info (332115): ==========  ========= ==  ====  ===================================
                Info (332115):      3.302      3.302  R        clock network delay
                Info (332115):      3.462      0.160           clock uncertainty
                Info (332115):      3.462      0.000      uTh  bladerf_core:U_core|rx_fault_causes_sys[2]
            Info (332181): Cross Path Clock Pessimism Removed : 2.881
            Info (332181): Required Skew   : 6.400
            Info (332181): Actual Skew     : 1.038
            Info (332181): Slack           : 5.362
        Info (332181): Path #163: Slack is 5.363 
            Info (332181): Latest Path Arrival
                Info (332115): From Node          : bladerf_core:U_core|handshake:U_rx_fault_causes_handshake|source_holding[0]
                Info (332115): To Node            : bladerf_core:U_core|rx_fault_causes_sys[0]
                Info (332115): Launch Clock       : U_core|U_nios_system|axi_ad9361_0|i_dev_if|i_rx|i_altlvds_rx|auto_generated|pll_sclk~PLL_OUTPUT_COUNTER|divclk
                Info (332115): Latch Clock        : U_core|U_system_pll|altera_pll_i|general[0].gpll~PLL_OUTPUT_COUNTER|divclk
                Info (332115): Data Arrival Time  : 7.757
                Info (332115): Clock Arrival Time : 1.603
                Info (332115): Relative Delay     : 6.154
                Info (332115): Data Arrival Path:
                Info (332115): Total (ns)  Incr (ns)     Type  Element
                Info (332115): ==========  ========= ==  ====  ===================================
                Info (332115):      6.334      6.334  R        clock network delay
                Info (332115):      6.334      0.000     uTco  bladerf_core:U_core|handshake:U_rx_fault_causes_handshake|source_holding[0]
                Info (332115):      6.334      0.000 RR  CELL  U_core|U_rx_fault_causes_handshake|source_holding[0]|q
                Info (332115):      7.028      0.694 RR    IC  U_core|rx_fault_causes_sys[0]|asdata
                Info (332115):      7.757      0.729 RR  CELL  bladerf_core:U_core|rx_fault_causes_sys[0]
                Info (332115): Clock Arrival Path:
                Info (332115): Total (ns)  Incr (ns)     Type  Element
                Info (332115): ==========  ========= ==  ====  ===================================
                Info (332115):      1.763      1.763  R        clock network delay
                Info (332115):      1.603     -0.160           clock uncertainty
                Info (332115):      1.603      0.000     uTsu  bladerf_core:U_core|rx_fault_causes_sys[0]
            Info (332181): Earliest Path Arrival
                Info (332115): From Node          : bladerf_core:U_core|handshake:U_rx_fault_causes_handshake|source_holding[2]
                Info (332115): To Node            : bladerf_core:U_core|rx_fault_causes_sys[2]
                Info (332115): Launch Clock       : U_core|U_nios_system|axi_ad9361_0|i_dev_if|i_rx|i_altlvds_rx|auto_generated|pll_sclk~PLL_OUTPUT_COUNTER|divclk
                Info (332115): Latch Clock        : U_core|U_system_pll|altera_pll_i|general[0].gpll~PLL_OUTPUT_COUNTER|divclk
                Info (332115): Data Arrival Time  : 5.698
                Info (332115): Clock Arrival Time : 3.462
                Info (332115): Relative Delay     : 2.236
                Info (332115): Data Arrival Path:
                Info (332115): Total (ns)  Incr (ns)     Type  Element
                Info (332115): ==========  ========= ==  ====  ===================================
                Info (332115):      4.744      4.744  R        clock network delay
                Info (332115):      4.744      0.000     uTco  bladerf_core:U_core|handshake:U_rx_fault_causes_handshake|source_holding[2]
                Info (332115):      4.744      0.000 FF  CELL  U_core|U_rx_fault_causes_handshake|source_holding[2]|q
                Info (332115):      5.330      0.586 FF    IC  U_core|rx_fault_causes_sys[2]|asdata
                Info (332115):      5.698      0.368 FF  CELL  bladerf_core:U_core|rx_fault_causes_sys[2]
                Info (332115): Clock Arrival Path:
                Info (332115): Total (ns)  Incr (ns)     Type  Element
                Info (332115): ==========  ========= ==  ====  ===================================
                Info (332115):      3.302      3.302  R        clock network delay
                Info (332115):      3.462      0.160           clock uncertainty
                Info (332115):      3.462      0.000      uTh  bladerf_core:U_core|rx_fault_causes_sys[2]
            Info (332181): Cross Path Clock Pessimism Removed : 2.881
            Info (332181): Required Skew   : 6.400
            Info (332181): Actual Skew     : 1.037
            Info (332181): Slack           : 5.363
        Info (332181): Path #164: Slack is 5.500 
            Info (332181): Latest Path Arrival
                Info (332115): From Node          : bladerf_core:U_core|handshake:U_rx_fault_causes_handshake|source_holding[2]
                Info (332115): To Node            : bladerf_core:U_core|rx_fault_causes_sys[2]
                Info (332115): Launch Clock       : U_core|U_nios_system|axi_ad9361_0|i_dev_if|i_rx|i_altlvds_rx|auto_generated|pll_sclk~PLL_OUTPUT_COUNTER|divclk
                Info (332115): Latch Clock        : U_core|U_system_pll|altera_pll_i|general[0].gpll~PLL_OUTPUT_COUNTER|divclk
                Info (332115): Data Arrival Time  : 7.674
                Info (332115): Clock Arrival Time : 1.601
                Info (332115): Relative Delay     : 6.073
                Info (332115): Data Arrival Path:
                Info (332115): Total (ns)  Incr (ns)     Type  Element
                Info (332115): ==========  ========= ==  ====  ===================================
                Info (332115):      6.334      6.334  R        clock network delay
                Info (332115):      6.334      0.000     uTco  bladerf_core:U_core|handshake:U_rx_fault_causes_handshake|source_holding[2]
                Info (332115):      6.334      0.000 FF  CELL  U_core|U_rx_fault_causes_handshake|source_holding[2]|q
                Info (332115):      7.017      0.683 FF    IC  U_core|rx_fault_causes_sys[2]|asdata
                Info (332115):      7.674      0.657 FF  CELL  bladerf_core:U_core|rx_fault_causes_sys[2]
                Info (332115): Clock Arrival Path:
                Info (332115): Total (ns)  Incr (ns)     Type  Element
                Info (332115): ==========  ========= ==  ====  ===================================
                Info (332115):      1.761      1.761  R        clock network delay
                Info (332115):      1.601     -0.160           clock uncertainty
                Info (332115):      1.601      0.000     uTsu  bladerf_core:U_core|rx_fault_causes_sys[2]
            Info (332181): Earliest Path Arrival
                Info (332115): From Node          : bladerf_core:U_core|handshake:U_rx_fault_causes_handshake|source_holding[0]
                Info (332115): To Node            : bladerf_core:U_core|rx_fault_causes_sys[0]
                Info (332115): Launch Clock       : U_core|U_nios_system|axi_ad9361_0|i_dev_if|i_rx|i_altlvds_rx|auto_generated|pll_sclk~PLL_OUTPUT_COUNTER|divclk
                Info (332115): Latch Clock        : U_core|U_system_pll|altera_pll_i|general[0].gpll~PLL_OUTPUT_COUNTER|divclk
                Info (332115): Data Arrival Time  : 5.756
                Info (332115): Clock Arrival Time : 3.464
                Info (332115): Relative Delay     : 2.292
                Info (332115): Data Arrival Path:
                Info (332115): Total (ns)  Incr (ns)     Type  Element
                Info (332115): ==========  ========= ==  ====  ===================================
                Info (332115):      4.744      4.744  R        clock network delay
                Info (332115):      4.744      0.000     uTco  bladerf_core:U_core|handshake:U_rx_fault_causes_handshake|source_holding[0]
                Info (332115):      4.744      0.000 FF  CELL  U_core|U_rx_fault_causes_handshake|source_holding[0]|q
                Info (332115):      5.318      0.574 FF    IC  U_core|rx_fault_causes_sys[0]|asdata
                Info (332115):      5.756      0.438 FF  CELL  bladerf_core:U_core|rx_fault_causes_sys[0]
                Info (332115): Clock Arrival Path:
                Info (332115): Total (ns)  Incr (ns)     Type  Element
                Info (332115): ==========  ========= ==  ====  ===================================
                Info (332115):      3.304      3.304  R        clock network delay
                Info (332115):      3.464      0.160           clock uncertainty
                Info (332115):      3.464      0.000      uTh  bladerf_core:U_core|rx_fault_causes_sys[0]
            Info (332181): Cross Path Clock Pessimism Removed : 2.881
            Info (332181): Required Skew   : 6.400
            Info (332181): Actual Skew     : 0.900
            Info (332181): Slack           : 5.500
    Info (332181): Skew for the Earliest Arrival
        Info (332181): Path #165: Slack is 5.318 
            Info (332181): Latest Path Arrival
                Info (332115): From Node          : bladerf_core:U_core|handshake:U_rx_fault_causes_handshake|source_holding[1]
                Info (332115): To Node            : bladerf_core:U_core|rx_fault_causes_sys[1]
                Info (332115): Launch Clock       : U_core|U_nios_system|axi_ad9361_0|i_dev_if|i_rx|i_altlvds_rx|auto_generated|pll_sclk~PLL_OUTPUT_COUNTER|divclk
                Info (332115): Latch Clock        : U_core|U_system_pll|altera_pll_i|general[0].gpll~PLL_OUTPUT_COUNTER|divclk
                Info (332115): Data Arrival Time  : 7.800
                Info (332115): Clock Arrival Time : 1.601
                Info (332115): Relative Delay     : 6.199
                Info (332115): Data Arrival Path:
                Info (332115): Total (ns)  Incr (ns)     Type  Element
                Info (332115): ==========  ========= ==  ====  ===================================
                Info (332115):      6.336      6.336  R        clock network delay
                Info (332115):      6.336      0.000     uTco  bladerf_core:U_core|handshake:U_rx_fault_causes_handshake|source_holding[1]
                Info (332115):      6.336      0.000 RR  CELL  U_core|U_rx_fault_causes_handshake|source_holding[1]|q
                Info (332115):      7.080      0.744 RR    IC  U_core|rx_fault_causes_sys[1]|asdata
                Info (332115):      7.800      0.720 RR  CELL  bladerf_core:U_core|rx_fault_causes_sys[1]
                Info (332115): Clock Arrival Path:
                Info (332115): Total (ns)  Incr (ns)     Type  Element
                Info (332115): ==========  ========= ==  ====  ===================================
                Info (332115):      1.761      1.761  R        clock network delay
                Info (332115):      1.601     -0.160           clock uncertainty
                Info (332115):      1.601      0.000     uTsu  bladerf_core:U_core|rx_fault_causes_sys[1]
            Info (332181): Earliest Path Arrival
                Info (332115): From Node          : bladerf_core:U_core|handshake:U_rx_fault_causes_handshake|source_holding[2]
                Info (332115): To Node            : bladerf_core:U_core|rx_fault_causes_sys[2]
                Info (332115): Launch Clock       : U_core|U_nios_system|axi_ad9361_0|i_dev_if|i_rx|i_altlvds_rx|auto_generated|pll_sclk~PLL_OUTPUT_COUNTER|divclk
                Info (332115): Latch Clock        : U_core|U_system_pll|altera_pll_i|general[0].gpll~PLL_OUTPUT_COUNTER|divclk
                Info (332115): Data Arrival Time  : 5.698
                Info (332115): Clock Arrival Time : 3.462
                Info (332115): Relative Delay     : 2.236
                Info (332115): Data Arrival Path:
                Info (332115): Total (ns)  Incr (ns)     Type  Element
                Info (332115): ==========  ========= ==  ====  ===================================
                Info (332115):      4.744      4.744  R        clock network delay
                Info (332115):      4.744      0.000     uTco  bladerf_core:U_core|handshake:U_rx_fault_causes_handshake|source_holding[2]
                Info (332115):      4.744      0.000 FF  CELL  U_core|U_rx_fault_causes_handshake|source_holding[2]|q
                Info (332115):      5.330      0.586 FF    IC  U_core|rx_fault_causes_sys[2]|asdata
                Info (332115):      5.698      0.368 FF  CELL  bladerf_core:U_core|rx_fault_causes_sys[2]
                Info (332115): Clock Arrival Path:
                Info (332115): Total (ns)  Incr (ns)     Type  Element
                Info (332115): ==========  ========= ==  ====  ===================================
                Info (332115):      3.302      3.302  R        clock network delay
                Info (332115):      3.462      0.160           clock uncertainty
                Info (332115):      3.462      0.000      uTh  bladerf_core:U_core|rx_fault_causes_sys[2]
            Info (332181): Cross Path Clock Pessimism Removed : 2.881
            Info (332181): Required Skew   : 6.400
            Info (332181): Actual Skew     : 1.082
            Info (332181): Slack           : 5.318
        Info (332181): Path #166: Slack is 5.374 
            Info (332181): Latest Path Arrival
                Info (332115): From Node          : bladerf_core:U_core|handshake:U_rx_fault_causes_handshake|source_holding[1]
                Info (332115): To Node            : bladerf_core:U_core|rx_fault_causes_sys[1]
                Info (332115): Launch Clock       : U_core|U_nios_system|axi_ad9361_0|i_dev_if|i_rx|i_altlvds_rx|auto_generated|pll_sclk~PLL_OUTPUT_COUNTER|divclk
                Info (332115): Latch Clock        : U_core|U_system_pll|altera_pll_i|general[0].gpll~PLL_OUTPUT_COUNTER|divclk
                Info (332115): Data Arrival Time  : 7.800
                Info (332115): Clock Arrival Time : 1.601
                Info (332115): Relative Delay     : 6.199
                Info (332115): Data Arrival Path:
                Info (332115): Total (ns)  Incr (ns)     Type  Element
                Info (332115): ==========  ========= ==  ====  ===================================
                Info (332115):      6.336      6.336  R        clock network delay
                Info (332115):      6.336      0.000     uTco  bladerf_core:U_core|handshake:U_rx_fault_causes_handshake|source_holding[1]
                Info (332115):      6.336      0.000 RR  CELL  U_core|U_rx_fault_causes_handshake|source_holding[1]|q
                Info (332115):      7.080      0.744 RR    IC  U_core|rx_fault_causes_sys[1]|asdata
                Info (332115):      7.800      0.720 RR  CELL  bladerf_core:U_core|rx_fault_causes_sys[1]
                Info (332115): Clock Arrival Path:
                Info (332115): Total (ns)  Incr (ns)     Type  Element
                Info (332115): ==========  ========= ==  ====  ===================================
                Info (332115):      1.761      1.761  R        clock network delay
                Info (332115):      1.601     -0.160           clock uncertainty
                Info (332115):      1.601      0.000     uTsu  bladerf_core:U_core|rx_fault_causes_sys[1]
            Info (332181): Earliest Path Arrival
                Info (332115): From Node          : bladerf_core:U_core|handshake:U_rx_fault_causes_handshake|source_holding[0]
                Info (332115): To Node            : bladerf_core:U_core|rx_fault_causes_sys[0]
                Info (332115): Launch Clock       : U_core|U_nios_system|axi_ad9361_0|i_dev_if|i_rx|i_altlvds_rx|auto_generated|pll_sclk~PLL_OUTPUT_COUNTER|divclk
                Info (332115): Latch Clock        : U_core|U_system_pll|altera_pll_i|general[0].gpll~PLL_OUTPUT_COUNTER|divclk
                Info (332115): Data Arrival Time  : 5.756
                Info (332115): Clock Arrival Time : 3.464
                Info (332115): Relative Delay     : 2.292
                Info (332115): Data Arrival Path:
                Info (332115): Total (ns)  Incr (ns)     Type  Element
                Info (332115): ==========  ========= ==  ====  ===================================
                Info (332115):      4.744      4.744  R        clock network delay
                Info (332115):      4.744      0.000     uTco  bladerf_core:U_core|handshake:U_rx_fault_causes_handshake|source_holding[0]
                Info (332115):      4.744      0.000 FF  CELL  U_core|U_rx_fault_causes_handshake|source_holding[0]|q
                Info (332115):      5.318      0.574 FF    IC  U_core|rx_fault_causes_sys[0]|asdata
                Info (332115):      5.756      0.438 FF  CELL  bladerf_core:U_core|rx_fault_causes_sys[0]
                Info (332115): Clock Arrival Path:
                Info (332115): Total (ns)  Incr (ns)     Type  Element
                Info (332115): ==========  ========= ==  ====  ===================================
                Info (332115):      3.304      3.304  R        clock network delay
                Info (332115):      3.464      0.160           clock uncertainty
                Info (332115):      3.464      0.000      uTh  bladerf_core:U_core|rx_fault_causes_sys[0]
            Info (332181): Cross Path Clock Pessimism Removed : 2.881
            Info (332181): Required Skew   : 6.400
            Info (332181): Actual Skew     : 1.026
            Info (332181): Slack           : 5.374
        Info (332181): Path #167: Slack is 5.385 
            Info (332181): Latest Path Arrival
                Info (332115): From Node          : bladerf_core:U_core|handshake:U_rx_fault_causes_handshake|source_holding[1]
                Info (332115): To Node            : bladerf_core:U_core|rx_fault_causes_sys[1]
                Info (332115): Launch Clock       : U_core|U_nios_system|axi_ad9361_0|i_dev_if|i_rx|i_altlvds_rx|auto_generated|pll_sclk~PLL_OUTPUT_COUNTER|divclk
                Info (332115): Latch Clock        : U_core|U_system_pll|altera_pll_i|general[0].gpll~PLL_OUTPUT_COUNTER|divclk
                Info (332115): Data Arrival Time  : 7.800
                Info (332115): Clock Arrival Time : 1.601
                Info (332115): Relative Delay     : 6.199
                Info (332115): Data Arrival Path:
                Info (332115): Total (ns)  Incr (ns)     Type  Element
                Info (332115): ==========  ========= ==  ====  ===================================
                Info (332115):      6.336      6.336  R        clock network delay
                Info (332115):      6.336      0.000     uTco  bladerf_core:U_core|handshake:U_rx_fault_causes_handshake|source_holding[1]
                Info (332115):      6.336      0.000 RR  CELL  U_core|U_rx_fault_causes_handshake|source_holding[1]|q
                Info (332115):      7.080      0.744 RR    IC  U_core|rx_fault_causes_sys[1]|asdata
                Info (332115):      7.800      0.720 RR  CELL  bladerf_core:U_core|rx_fault_causes_sys[1]
                Info (332115): Clock Arrival Path:
                Info (332115): Total (ns)  Incr (ns)     Type  Element
                Info (332115): ==========  ========= ==  ====  ===================================
                Info (332115):      1.761      1.761  R        clock network delay
                Info (332115):      1.601     -0.160           clock uncertainty
                Info (332115):      1.601      0.000     uTsu  bladerf_core:U_core|rx_fault_causes_sys[1]
            Info (332181): Earliest Path Arrival
                Info (332115): From Node          : bladerf_core:U_core|handshake:U_rx_fault_causes_handshake|source_holding[4]
                Info (332115): To Node            : bladerf_core:U_core|rx_fault_causes_sys[4]
                Info (332115): Launch Clock       : U_core|U_nios_system|axi_ad9361_0|i_dev_if|i_rx|i_altlvds_rx|auto_generated|pll_sclk~PLL_OUTPUT_COUNTER|divclk
                Info (332115): Latch Clock        : U_core|U_system_pll|altera_pll_i|general[0].gpll~PLL_OUTPUT_COUNTER|divclk
                Info (332115): Data Arrival Time  : 5.759
                Info (332115): Clock Arrival Time : 3.456
                Info (332115): Relative Delay     : 2.303
                Info (332115): Data Arrival Path:
                Info (332115): Total (ns)  Incr (ns)     Type  Element
                Info (332115): ==========  ========= ==  ====  ===================================
                Info (332115):      4.745      4.745  R        clock network delay
                Info (332115):      4.745      0.000     uTco  bladerf_core:U_core|handshake:U_rx_fault_causes_handshake|source_holding[4]
                Info (332115):      4.745      0.000 FF  CELL  U_core|U_rx_fault_causes_handshake|source_holding[4]|q
                Info (332115):      5.322      0.577 FF    IC  U_core|rx_fault_causes_sys[4]|asdata
                Info (332115):      5.759      0.437 FF  CELL  bladerf_core:U_core|rx_fault_causes_sys[4]
                Info (332115): Clock Arrival Path:
                Info (332115): Total (ns)  Incr (ns)     Type  Element
                Info (332115): ==========  ========= ==  ====  ===================================
                Info (332115):      3.296      3.296  R        clock network delay
                Info (332115):      3.456      0.160           clock uncertainty
                Info (332115):      3.456      0.000      uTh  bladerf_core:U_core|rx_fault_causes_sys[4]
            Info (332181): Cross Path Clock Pessimism Removed : 2.881
            Info (332181): Required Skew   : 6.400
            Info (332181): Actual Skew     : 1.015
            Info (332181): Slack           : 5.385
        Info (332181): Path #168: Slack is 5.472 
            Info (332181): Latest Path Arrival
                Info (332115): From Node          : bladerf_core:U_core|handshake:U_rx_fault_causes_handshake|source_holding[4]
                Info (332115): To Node            : bladerf_core:U_core|rx_fault_causes_sys[4]
                Info (332115): Launch Clock       : U_core|U_nios_system|axi_ad9361_0|i_dev_if|i_rx|i_altlvds_rx|auto_generated|pll_sclk~PLL_OUTPUT_COUNTER|divclk
                Info (332115): Latch Clock        : U_core|U_system_pll|altera_pll_i|general[0].gpll~PLL_OUTPUT_COUNTER|divclk
                Info (332115): Data Arrival Time  : 7.751
                Info (332115): Clock Arrival Time : 1.596
                Info (332115): Relative Delay     : 6.155
                Info (332115): Data Arrival Path:
                Info (332115): Total (ns)  Incr (ns)     Type  Element
                Info (332115): ==========  ========= ==  ====  ===================================
                Info (332115):      6.336      6.336  R        clock network delay
                Info (332115):      6.336      0.000     uTco  bladerf_core:U_core|handshake:U_rx_fault_causes_handshake|source_holding[4]
                Info (332115):      6.336      0.000 RR  CELL  U_core|U_rx_fault_causes_handshake|source_holding[4]|q
                Info (332115):      7.024      0.688 RR    IC  U_core|rx_fault_causes_sys[4]|asdata
                Info (332115):      7.751      0.727 RR  CELL  bladerf_core:U_core|rx_fault_causes_sys[4]
                Info (332115): Clock Arrival Path:
                Info (332115): Total (ns)  Incr (ns)     Type  Element
                Info (332115): ==========  ========= ==  ====  ===================================
                Info (332115):      1.756      1.756  R        clock network delay
                Info (332115):      1.596     -0.160           clock uncertainty
                Info (332115):      1.596      0.000     uTsu  bladerf_core:U_core|rx_fault_causes_sys[4]
            Info (332181): Earliest Path Arrival
                Info (332115): From Node          : bladerf_core:U_core|handshake:U_rx_fault_causes_handshake|source_holding[1]
                Info (332115): To Node            : bladerf_core:U_core|rx_fault_causes_sys[1]
                Info (332115): Launch Clock       : U_core|U_nios_system|axi_ad9361_0|i_dev_if|i_rx|i_altlvds_rx|auto_generated|pll_sclk~PLL_OUTPUT_COUNTER|divclk
                Info (332115): Latch Clock        : U_core|U_system_pll|altera_pll_i|general[0].gpll~PLL_OUTPUT_COUNTER|divclk
                Info (332115): Data Arrival Time  : 5.808
                Info (332115): Clock Arrival Time : 3.462
                Info (332115): Relative Delay     : 2.346
                Info (332115): Data Arrival Path:
                Info (332115): Total (ns)  Incr (ns)     Type  Element
                Info (332115): ==========  ========= ==  ====  ===================================
                Info (332115):      4.745      4.745  R        clock network delay
                Info (332115):      4.745      0.000     uTco  bladerf_core:U_core|handshake:U_rx_fault_causes_handshake|source_holding[1]
                Info (332115):      4.745      0.000 FF  CELL  U_core|U_rx_fault_causes_handshake|source_holding[1]|q
                Info (332115):      5.374      0.629 FF    IC  U_core|rx_fault_causes_sys[1]|asdata
                Info (332115):      5.808      0.434 FF  CELL  bladerf_core:U_core|rx_fault_causes_sys[1]
                Info (332115): Clock Arrival Path:
                Info (332115): Total (ns)  Incr (ns)     Type  Element
                Info (332115): ==========  ========= ==  ====  ===================================
                Info (332115):      3.302      3.302  R        clock network delay
                Info (332115):      3.462      0.160           clock uncertainty
                Info (332115):      3.462      0.000      uTh  bladerf_core:U_core|rx_fault_causes_sys[1]
            Info (332181): Cross Path Clock Pessimism Removed : 2.881
            Info (332181): Required Skew   : 6.400
            Info (332181): Actual Skew     : 0.928
            Info (332181): Slack           : 5.472
ADC_XFER all four RX bundles paired: PASS
Info (23030): Evaluation of Tcl script ../../report_adc_xfer_cdc.tcl was successful
Info: Quartus Prime Timing Analyzer was successful. 0 errors, 16 warnings
    Info: Peak virtual memory: 914 megabytes
    Info: Processing ended: Thu Oct  8 01:58:01 2026
    Info: Elapsed time: 00:00:07
    Info: Total CPU time (on all processors): 00:00:07
