----------------
; Command Info ;
----------------
Report Timing: Found 20 setup paths (0 violated).  Worst case slack is 0.266 

Tcl Command:
    report_timing -setup -file sweep_setup_paths.rpt -npaths 20 -detail full_path

Options:
    -setup 
    -npaths 20 
    -detail full_path 
    -file {sweep_setup_paths.rpt} 

Delay Model:
    Slow 1100mV 0C Model

+----------------------------------------------------------------------------------------------------------------------------------------------------------------------------------------------------------------------------------------------------------------------------------------------------------------------------------------------------------------------------------------------------------------------------------------------------------------------------------------------------+
; Summary of Paths                                                                                                                                                                                                                                                                                                                                                                                                                                                                                   ;
+-------+----------------------------------------------------------------------------------------------------------+------------------------------------------------------------------------------------------------------+----------------------------------------------------------------------------------------------------------------+----------------------------------------------------------------------------------------------------------------+--------------+------------+------------+
; Slack ; From Node                                                                                                ; To Node                                                                                              ; Launch Clock                                                                                                   ; Latch Clock                                                                                                    ; Relationship ; Clock Skew ; Data Delay ;
+-------+----------------------------------------------------------------------------------------------------------+------------------------------------------------------------------------------------------------------+----------------------------------------------------------------------------------------------------------------+----------------------------------------------------------------------------------------------------------------+--------------+------------+------------+
; 0.266 ; bladerf_core:U_core|dwell_summary:\gen_sweep_analyzer:U_dwell_summary|dwell_peak[29]_OTERM2217~DUPLICATE ; bladerf_core:U_core|dwell_summary:\gen_sweep_analyzer:U_dwell_summary|LessThan4~8_OTERM3809          ; U_core|U_nios_system|axi_ad9361_0|i_dev_if|i_rx|i_altlvds_rx|auto_generated|pll_sclk~PLL_OUTPUT_COUNTER|divclk ; U_core|U_nios_system|axi_ad9361_0|i_dev_if|i_rx|i_altlvds_rx|auto_generated|pll_sclk~PLL_OUTPUT_COUNTER|divclk ; 8.000        ; -0.102     ; 7.562      ;
; 0.328 ; bladerf_core:U_core|dwell_summary:\gen_sweep_analyzer:U_dwell_summary|dwell_peak[29]_OTERM2217~DUPLICATE ; bladerf_core:U_core|dwell_summary:\gen_sweep_analyzer:U_dwell_summary|LessThan4~8_OTERM3809          ; U_core|U_nios_system|axi_ad9361_0|i_dev_if|i_rx|i_altlvds_rx|auto_generated|pll_sclk~PLL_OUTPUT_COUNTER|divclk ; U_core|U_nios_system|axi_ad9361_0|i_dev_if|i_rx|i_altlvds_rx|auto_generated|pll_sclk~PLL_OUTPUT_COUNTER|divclk ; 8.000        ; -0.102     ; 7.500      ;
; 0.380 ; bladerf_core:U_core|dwell_summary:\gen_sweep_analyzer:U_dwell_summary|dwell_peak[29]_OTERM2217~DUPLICATE ; bladerf_core:U_core|dwell_summary:\gen_sweep_analyzer:U_dwell_summary|LessThan4~8_OTERM3809          ; U_core|U_nios_system|axi_ad9361_0|i_dev_if|i_rx|i_altlvds_rx|auto_generated|pll_sclk~PLL_OUTPUT_COUNTER|divclk ; U_core|U_nios_system|axi_ad9361_0|i_dev_if|i_rx|i_altlvds_rx|auto_generated|pll_sclk~PLL_OUTPUT_COUNTER|divclk ; 8.000        ; -0.102     ; 7.448      ;
; 0.441 ; bladerf_core:U_core|dwell_summary:\gen_sweep_analyzer:U_dwell_summary|dwell_peak[29]_OTERM2217~DUPLICATE ; bladerf_core:U_core|dwell_summary:\gen_sweep_analyzer:U_dwell_summary|LessThan4~8_OTERM3809          ; U_core|U_nios_system|axi_ad9361_0|i_dev_if|i_rx|i_altlvds_rx|auto_generated|pll_sclk~PLL_OUTPUT_COUNTER|divclk ; U_core|U_nios_system|axi_ad9361_0|i_dev_if|i_rx|i_altlvds_rx|auto_generated|pll_sclk~PLL_OUTPUT_COUNTER|divclk ; 8.000        ; -0.102     ; 7.387      ;
; 0.493 ; bladerf_core:U_core|dwell_summary:\gen_sweep_analyzer:U_dwell_summary|dwell_peak[29]_OTERM2217~DUPLICATE ; bladerf_core:U_core|dwell_summary:\gen_sweep_analyzer:U_dwell_summary|LessThan4~3_OTERM3797          ; U_core|U_nios_system|axi_ad9361_0|i_dev_if|i_rx|i_altlvds_rx|auto_generated|pll_sclk~PLL_OUTPUT_COUNTER|divclk ; U_core|U_nios_system|axi_ad9361_0|i_dev_if|i_rx|i_altlvds_rx|auto_generated|pll_sclk~PLL_OUTPUT_COUNTER|divclk ; 8.000        ; -0.143     ; 7.294      ;
; 0.496 ; bladerf_core:U_core|dwell_summary:\gen_sweep_analyzer:U_dwell_summary|dwell_peak[29]_OTERM2217~DUPLICATE ; bladerf_core:U_core|dwell_summary:\gen_sweep_analyzer:U_dwell_summary|LessThan4~0_RTM02762_OTERM3799 ; U_core|U_nios_system|axi_ad9361_0|i_dev_if|i_rx|i_altlvds_rx|auto_generated|pll_sclk~PLL_OUTPUT_COUNTER|divclk ; U_core|U_nios_system|axi_ad9361_0|i_dev_if|i_rx|i_altlvds_rx|auto_generated|pll_sclk~PLL_OUTPUT_COUNTER|divclk ; 8.000        ; -0.143     ; 7.291      ;
; 0.506 ; bladerf_core:U_core|dwell_summary:\gen_sweep_analyzer:U_dwell_summary|inst_energy[14]                    ; bladerf_core:U_core|dwell_summary:\gen_sweep_analyzer:U_dwell_summary|LessThan4~8_OTERM3809          ; U_core|U_nios_system|axi_ad9361_0|i_dev_if|i_rx|i_altlvds_rx|auto_generated|pll_sclk~PLL_OUTPUT_COUNTER|divclk ; U_core|U_nios_system|axi_ad9361_0|i_dev_if|i_rx|i_altlvds_rx|auto_generated|pll_sclk~PLL_OUTPUT_COUNTER|divclk ; 8.000        ; -0.123     ; 7.301      ;
; 0.511 ; bladerf_core:U_core|dwell_summary:\gen_sweep_analyzer:U_dwell_summary|dwell_peak[29]_OTERM2217~DUPLICATE ; bladerf_core:U_core|dwell_summary:\gen_sweep_analyzer:U_dwell_summary|LessThan4~8_OTERM3809          ; U_core|U_nios_system|axi_ad9361_0|i_dev_if|i_rx|i_altlvds_rx|auto_generated|pll_sclk~PLL_OUTPUT_COUNTER|divclk ; U_core|U_nios_system|axi_ad9361_0|i_dev_if|i_rx|i_altlvds_rx|auto_generated|pll_sclk~PLL_OUTPUT_COUNTER|divclk ; 8.000        ; -0.102     ; 7.317      ;
; 0.521 ; bladerf_core:U_core|dwell_summary:\gen_sweep_analyzer:U_dwell_summary|inst_energy[12]                    ; bladerf_core:U_core|dwell_summary:\gen_sweep_analyzer:U_dwell_summary|LessThan4~8_OTERM3809          ; U_core|U_nios_system|axi_ad9361_0|i_dev_if|i_rx|i_altlvds_rx|auto_generated|pll_sclk~PLL_OUTPUT_COUNTER|divclk ; U_core|U_nios_system|axi_ad9361_0|i_dev_if|i_rx|i_altlvds_rx|auto_generated|pll_sclk~PLL_OUTPUT_COUNTER|divclk ; 8.000        ; -0.114     ; 7.295      ;
; 0.531 ; bladerf_core:U_core|dwell_summary:\gen_sweep_analyzer:U_dwell_summary|dwell_peak[12]_NEW1106_OTERM2824   ; bladerf_core:U_core|dwell_summary:\gen_sweep_analyzer:U_dwell_summary|LessThan4~8_OTERM3809          ; U_core|U_nios_system|axi_ad9361_0|i_dev_if|i_rx|i_altlvds_rx|auto_generated|pll_sclk~PLL_OUTPUT_COUNTER|divclk ; U_core|U_nios_system|axi_ad9361_0|i_dev_if|i_rx|i_altlvds_rx|auto_generated|pll_sclk~PLL_OUTPUT_COUNTER|divclk ; 8.000        ; -0.114     ; 7.285      ;
; 0.540 ; bladerf_core:U_core|dwell_summary:\gen_sweep_analyzer:U_dwell_summary|dwell_peak[13]_NEW1126_OTERM2808   ; bladerf_core:U_core|dwell_summary:\gen_sweep_analyzer:U_dwell_summary|LessThan4~8_OTERM3809          ; U_core|U_nios_system|axi_ad9361_0|i_dev_if|i_rx|i_altlvds_rx|auto_generated|pll_sclk~PLL_OUTPUT_COUNTER|divclk ; U_core|U_nios_system|axi_ad9361_0|i_dev_if|i_rx|i_altlvds_rx|auto_generated|pll_sclk~PLL_OUTPUT_COUNTER|divclk ; 8.000        ; -0.123     ; 7.267      ;
; 0.567 ; bladerf_core:U_core|dwell_summary:\gen_sweep_analyzer:U_dwell_summary|inst_energy[14]                    ; bladerf_core:U_core|dwell_summary:\gen_sweep_analyzer:U_dwell_summary|LessThan4~8_OTERM3809          ; U_core|U_nios_system|axi_ad9361_0|i_dev_if|i_rx|i_altlvds_rx|auto_generated|pll_sclk~PLL_OUTPUT_COUNTER|divclk ; U_core|U_nios_system|axi_ad9361_0|i_dev_if|i_rx|i_altlvds_rx|auto_generated|pll_sclk~PLL_OUTPUT_COUNTER|divclk ; 8.000        ; -0.123     ; 7.240      ;
; 0.574 ; bladerf_core:U_core|dwell_summary:\gen_sweep_analyzer:U_dwell_summary|dwell_peak[29]_OTERM2217~DUPLICATE ; bladerf_core:U_core|dwell_summary:\gen_sweep_analyzer:U_dwell_summary|LessThan4~8_OTERM3809          ; U_core|U_nios_system|axi_ad9361_0|i_dev_if|i_rx|i_altlvds_rx|auto_generated|pll_sclk~PLL_OUTPUT_COUNTER|divclk ; U_core|U_nios_system|axi_ad9361_0|i_dev_if|i_rx|i_altlvds_rx|auto_generated|pll_sclk~PLL_OUTPUT_COUNTER|divclk ; 8.000        ; -0.102     ; 7.254      ;
; 0.582 ; bladerf_core:U_core|dwell_summary:\gen_sweep_analyzer:U_dwell_summary|dwell_peak[29]_OTERM2217~DUPLICATE ; bladerf_core:U_core|dwell_summary:\gen_sweep_analyzer:U_dwell_summary|LessThan4~8_OTERM3809          ; U_core|U_nios_system|axi_ad9361_0|i_dev_if|i_rx|i_altlvds_rx|auto_generated|pll_sclk~PLL_OUTPUT_COUNTER|divclk ; U_core|U_nios_system|axi_ad9361_0|i_dev_if|i_rx|i_altlvds_rx|auto_generated|pll_sclk~PLL_OUTPUT_COUNTER|divclk ; 8.000        ; -0.102     ; 7.246      ;
; 0.582 ; bladerf_core:U_core|dwell_summary:\gen_sweep_analyzer:U_dwell_summary|inst_energy[12]                    ; bladerf_core:U_core|dwell_summary:\gen_sweep_analyzer:U_dwell_summary|LessThan4~8_OTERM3809          ; U_core|U_nios_system|axi_ad9361_0|i_dev_if|i_rx|i_altlvds_rx|auto_generated|pll_sclk~PLL_OUTPUT_COUNTER|divclk ; U_core|U_nios_system|axi_ad9361_0|i_dev_if|i_rx|i_altlvds_rx|auto_generated|pll_sclk~PLL_OUTPUT_COUNTER|divclk ; 8.000        ; -0.114     ; 7.234      ;
; 0.592 ; bladerf_core:U_core|dwell_summary:\gen_sweep_analyzer:U_dwell_summary|dwell_peak[12]_NEW1106_OTERM2824   ; bladerf_core:U_core|dwell_summary:\gen_sweep_analyzer:U_dwell_summary|LessThan4~8_OTERM3809          ; U_core|U_nios_system|axi_ad9361_0|i_dev_if|i_rx|i_altlvds_rx|auto_generated|pll_sclk~PLL_OUTPUT_COUNTER|divclk ; U_core|U_nios_system|axi_ad9361_0|i_dev_if|i_rx|i_altlvds_rx|auto_generated|pll_sclk~PLL_OUTPUT_COUNTER|divclk ; 8.000        ; -0.114     ; 7.224      ;
; 0.601 ; bladerf_core:U_core|dwell_summary:\gen_sweep_analyzer:U_dwell_summary|dwell_peak[13]_NEW1126_OTERM2808   ; bladerf_core:U_core|dwell_summary:\gen_sweep_analyzer:U_dwell_summary|LessThan4~8_OTERM3809          ; U_core|U_nios_system|axi_ad9361_0|i_dev_if|i_rx|i_altlvds_rx|auto_generated|pll_sclk~PLL_OUTPUT_COUNTER|divclk ; U_core|U_nios_system|axi_ad9361_0|i_dev_if|i_rx|i_altlvds_rx|auto_generated|pll_sclk~PLL_OUTPUT_COUNTER|divclk ; 8.000        ; -0.123     ; 7.206      ;
; 0.606 ; bladerf_core:U_core|dwell_summary:\gen_sweep_analyzer:U_dwell_summary|dwell_peak[29]_OTERM2217~DUPLICATE ; bladerf_core:U_core|dwell_summary:\gen_sweep_analyzer:U_dwell_summary|LessThan4~3_OTERM3797          ; U_core|U_nios_system|axi_ad9361_0|i_dev_if|i_rx|i_altlvds_rx|auto_generated|pll_sclk~PLL_OUTPUT_COUNTER|divclk ; U_core|U_nios_system|axi_ad9361_0|i_dev_if|i_rx|i_altlvds_rx|auto_generated|pll_sclk~PLL_OUTPUT_COUNTER|divclk ; 8.000        ; -0.143     ; 7.181      ;
; 0.608 ; bladerf_core:U_core|dwell_summary:\gen_sweep_analyzer:U_dwell_summary|dwell_peak[29]_OTERM2217~DUPLICATE ; bladerf_core:U_core|dwell_summary:\gen_sweep_analyzer:U_dwell_summary|LessThan4~8_OTERM3809          ; U_core|U_nios_system|axi_ad9361_0|i_dev_if|i_rx|i_altlvds_rx|auto_generated|pll_sclk~PLL_OUTPUT_COUNTER|divclk ; U_core|U_nios_system|axi_ad9361_0|i_dev_if|i_rx|i_altlvds_rx|auto_generated|pll_sclk~PLL_OUTPUT_COUNTER|divclk ; 8.000        ; -0.102     ; 7.220      ;
; 0.609 ; bladerf_core:U_core|dwell_summary:\gen_sweep_analyzer:U_dwell_summary|dwell_peak[29]_OTERM2217~DUPLICATE ; bladerf_core:U_core|dwell_summary:\gen_sweep_analyzer:U_dwell_summary|LessThan4~0_RTM02762_OTERM3799 ; U_core|U_nios_system|axi_ad9361_0|i_dev_if|i_rx|i_altlvds_rx|auto_generated|pll_sclk~PLL_OUTPUT_COUNTER|divclk ; U_core|U_nios_system|axi_ad9361_0|i_dev_if|i_rx|i_altlvds_rx|auto_generated|pll_sclk~PLL_OUTPUT_COUNTER|divclk ; 8.000        ; -0.143     ; 7.178      ;
+-------+----------------------------------------------------------------------------------------------------------+------------------------------------------------------------------------------------------------------+----------------------------------------------------------------------------------------------------------------+----------------------------------------------------------------------------------------------------------------+--------------+------------+------------+

Path #1: Setup slack is 0.266 
===============================================================================
+-------------------------------------------------------------------------------------------------------------------------------------+
; Path Summary                                                                                                                        ;
+--------------------+----------------------------------------------------------------------------------------------------------------+
; Property           ; Value                                                                                                          ;
+--------------------+----------------------------------------------------------------------------------------------------------------+
; From Node          ; bladerf_core:U_core|dwell_summary:\gen_sweep_analyzer:U_dwell_summary|dwell_peak[29]_OTERM2217~DUPLICATE       ;
; To Node            ; bladerf_core:U_core|dwell_summary:\gen_sweep_analyzer:U_dwell_summary|LessThan4~8_OTERM3809                    ;
; Launch Clock       ; U_core|U_nios_system|axi_ad9361_0|i_dev_if|i_rx|i_altlvds_rx|auto_generated|pll_sclk~PLL_OUTPUT_COUNTER|divclk ;
; Latch Clock        ; U_core|U_nios_system|axi_ad9361_0|i_dev_if|i_rx|i_altlvds_rx|auto_generated|pll_sclk~PLL_OUTPUT_COUNTER|divclk ;
; Data Arrival Time  ; 20.826                                                                                                         ;
; Data Required Time ; 21.092                                                                                                         ;
; Slack              ; 0.266                                                                                                          ;
+--------------------+----------------------------------------------------------------------------------------------------------------+

+--------------------------------------------------------------------------------------+
; Statistics                                                                           ;
+------------------------+--------+-------+-------------+------------+--------+--------+
; Property               ; Value  ; Count ; Total Delay ; % of Total ; Min    ; Max    ;
+------------------------+--------+-------+-------------+------------+--------+--------+
; Setup Relationship     ; 8.000  ;       ;             ;            ;        ;        ;
; Clock Skew             ; -0.102 ;       ;             ;            ;        ;        ;
; Data Delay             ; 7.562  ;       ;             ;            ;        ;        ;
; Number of Logic Levels ;        ; 6     ;             ;            ;        ;        ;
; Physical Delays        ;        ;       ;             ;            ;        ;        ;
;  Arrival Path          ;        ;       ;             ;            ;        ;        ;
;   Clock                ;        ;       ;             ;            ;        ;        ;
;    IC                  ;        ; 6     ; 3.790       ; 48         ; 0.000  ; 2.044  ;
;    Cell                ;        ; 5     ; 4.077       ; 52         ; 0.378  ; 1.661  ;
;    PLL Compensation    ;        ; 1     ; -1.603      ; 0          ; -1.603 ; -1.603 ;
;   Data                 ;        ;       ;             ;            ;        ;        ;
;    IC                  ;        ; 7     ; 3.495       ; 46         ; 0.000  ; 1.100  ;
;    Cell                ;        ; 8     ; 4.067       ; 54         ; 0.000  ; 0.772  ;
;    uTco                ;        ; 1     ; 0.000       ; 0          ; 0.000  ; 0.000  ;
;  Required Path         ;        ;       ;             ;            ;        ;        ;
;   Clock                ;        ;       ;             ;            ;        ;        ;
;    IC                  ;        ; 6     ; 3.596       ; 49         ; 0.000  ; 1.954  ;
;    Cell                ;        ; 5     ; 3.716       ; 51         ; 0.355  ; 1.412  ;
;    PLL Compensation    ;        ; 1     ; -2.525      ; 0          ; -2.525 ; -2.525 ;
+------------------------+--------+-------+-------------+------------+--------+--------+
Note: Negative delays are omitted from totals when calculating percentages

+-------------------------------------------------------------------------------------------------------------------------------------------------------------------------------------------+
; Data Arrival Path                                                                                                                                                                         ;
+----------+----------+----+------+--------+----------------------------+-------------------------------------------------------------------------------------------------------------------+
; Total    ; Incr     ; RF ; Type ; Fanout ; Location                   ; Element                                                                                                           ;
+----------+----------+----+------+--------+----------------------------+-------------------------------------------------------------------------------------------------------------------+
; 7.000    ; 7.000    ;    ;      ;        ;                            ; launch edge time                                                                                                  ;
; 13.264   ; 6.264    ;    ;      ;        ;                            ; clock path                                                                                                        ;
;   7.000  ;   0.000  ;    ;      ;        ;                            ; source latency                                                                                                    ;
;   7.000  ;   0.000  ;    ;      ; 1      ; PIN_V15                    ; adi_rx_clock                                                                                                      ;
;   7.000  ;   0.000  ; RR ; IC   ; 1      ; IOIBUF_X38_Y0_N1           ; adi_rx_clock~input|i                                                                                              ;
;   8.010  ;   1.010  ; RR ; CELL ; 1      ; IOIBUF_X38_Y0_N1           ; adi_rx_clock~input|o                                                                                              ;
;   8.917  ;   0.907  ; RR ; IC   ; 1      ; PLLREFCLKSELECT_X54_Y7_N0  ; U_core|U_nios_system|axi_ad9361_0|i_dev_if|i_rx|i_altlvds_rx|auto_generated|pll_sclk~PLL_REFCLK_SELECT|clkin[0]   ;
;   9.295  ;   0.378  ; RR ; CELL ; 1      ; PLLREFCLKSELECT_X54_Y7_N0  ; U_core|U_nios_system|axi_ad9361_0|i_dev_if|i_rx|i_altlvds_rx|auto_generated|pll_sclk~PLL_REFCLK_SELECT|clkout     ;
;   9.295  ;   0.000  ; RR ; IC   ; 11     ; FRACTIONALPLL_X54_Y1_N0    ; U_core|U_nios_system|axi_ad9361_0|i_dev_if|i_rx|i_altlvds_rx|auto_generated|pll_sclk~FRACTIONAL_PLL|refclkin      ;
;   7.692  ;   -1.603 ; RR ; COMP ; 3      ; FRACTIONALPLL_X54_Y1_N0    ; U_core|U_nios_system|axi_ad9361_0|i_dev_if|i_rx|i_altlvds_rx|auto_generated|pll_sclk~FRACTIONAL_PLL|vcoph[0]      ;
;   7.692  ;   0.000  ; RR ; IC   ; 1      ; PLLOUTPUTCOUNTER_X54_Y2_N1 ; U_core|U_nios_system|axi_ad9361_0|i_dev_if|i_rx|i_altlvds_rx|auto_generated|pll_sclk~PLL_OUTPUT_COUNTER|vco0ph[0] ;
;   9.353  ;   1.661  ; RR ; CELL ; 1      ; PLLOUTPUTCOUNTER_X54_Y2_N1 ; U_core|U_nios_system|axi_ad9361_0|i_dev_if|i_rx|i_altlvds_rx|auto_generated|pll_sclk~PLL_OUTPUT_COUNTER|divclk    ;
;   10.192 ;   0.839  ; RR ; IC   ; 1      ; CLKCTRL_G10                ; U_core|U_nios_system|axi_ad9361_0|i_dev_if|i_tx|i_altlvds_tx|auto_generated|coreclk_buf|sd10|inclk                ;
;   10.592 ;   0.400  ; RR ; CELL ; 9044   ; CLKCTRL_G10                ; U_core|U_nios_system|axi_ad9361_0|i_dev_if|i_tx|i_altlvds_tx|auto_generated|coreclk_buf|sd10|outclk               ;
;   12.636 ;   2.044  ; RR ; IC   ; 1      ; FF_X4_Y24_N55              ; U_core|\gen_sweep_analyzer:U_dwell_summary|dwell_peak[29]_OTERM2217~DUPLICATE|clk                                 ;
;   13.264 ;   0.628  ; RR ; CELL ; 1      ; FF_X4_Y24_N55              ; bladerf_core:U_core|dwell_summary:\gen_sweep_analyzer:U_dwell_summary|dwell_peak[29]_OTERM2217~DUPLICATE          ;
; 20.826   ; 7.562    ;    ;      ;        ;                            ; data path                                                                                                         ;
;   13.264 ;   0.000  ;    ; uTco ; 1      ; FF_X4_Y24_N55              ; bladerf_core:U_core|dwell_summary:\gen_sweep_analyzer:U_dwell_summary|dwell_peak[29]_OTERM2217~DUPLICATE          ;
;   13.264 ;   0.000  ; RR ; CELL ; 9      ; FF_X4_Y24_N55              ; U_core|\gen_sweep_analyzer:U_dwell_summary|dwell_peak[29]_OTERM2217~DUPLICATE|q                                   ;
;   13.880 ;   0.616  ; RR ; IC   ; 1      ; LABCELL_X5_Y24_N39         ; U_core|\gen_sweep_analyzer:U_dwell_summary|dwell_peak[26]_NEW1070|datab                                           ;
;   14.606 ;   0.726  ; RF ; CELL ; 4      ; LABCELL_X5_Y24_N39         ; U_core|\gen_sweep_analyzer:U_dwell_summary|dwell_peak[26]_NEW1070|combout                                         ;
;   15.706 ;   1.100  ; FF ; IC   ; 1      ; MLABCELL_X4_Y28_N57        ; U_core|\gen_sweep_analyzer:U_dwell_summary|LessThan4~22|datab                                                     ;
;   16.453 ;   0.747  ; FR ; CELL ; 1      ; MLABCELL_X4_Y28_N57        ; U_core|\gen_sweep_analyzer:U_dwell_summary|LessThan4~22|combout                                                   ;
;   17.095 ;   0.642  ; RR ; IC   ; 1      ; LABCELL_X5_Y24_N18         ; U_core|\gen_sweep_analyzer:U_dwell_summary|LessThan4~23|dataf                                                     ;
;   17.205 ;   0.110  ; RR ; CELL ; 23     ; LABCELL_X5_Y24_N18         ; U_core|\gen_sweep_analyzer:U_dwell_summary|LessThan4~23|combout                                                   ;
;   17.576 ;   0.371  ; RR ; IC   ; 1      ; MLABCELL_X4_Y24_N24        ; U_core|\gen_sweep_analyzer:U_dwell_summary|dwell_peak[11]_NEW1064|datab                                           ;
;   18.348 ;   0.772  ; RF ; CELL ; 4      ; MLABCELL_X4_Y24_N24        ; U_core|\gen_sweep_analyzer:U_dwell_summary|dwell_peak[11]_NEW1064|combout                                         ;
;   18.929 ;   0.581  ; FF ; IC   ; 1      ; MLABCELL_X4_Y24_N45        ; U_core|\gen_sweep_analyzer:U_dwell_summary|LessThan4~4_RTM03749|datac                                             ;
;   19.563 ;   0.634  ; FF ; CELL ; 1      ; MLABCELL_X4_Y24_N45        ; U_core|\gen_sweep_analyzer:U_dwell_summary|LessThan4~4_RTM03749|combout                                           ;
;   19.748 ;   0.185  ; FF ; IC   ; 1      ; MLABCELL_X4_Y24_N48        ; U_core|\gen_sweep_analyzer:U_dwell_summary|LessThan4~8_RTM03811|datab                                             ;
;   20.510 ;   0.762  ; FR ; CELL ; 1      ; MLABCELL_X4_Y24_N48        ; U_core|\gen_sweep_analyzer:U_dwell_summary|LessThan4~8_RTM03811|combout                                           ;
;   20.510 ;   0.000  ; RR ; IC   ; 1      ; FF_X4_Y24_N49              ; U_core|\gen_sweep_analyzer:U_dwell_summary|LessThan4~8_NEW_REG3808|d                                              ;
;   20.826 ;   0.316  ; RR ; CELL ; 1      ; FF_X4_Y24_N49              ; bladerf_core:U_core|dwell_summary:\gen_sweep_analyzer:U_dwell_summary|LessThan4~8_OTERM3809                       ;
+----------+----------+----+------+--------+----------------------------+-------------------------------------------------------------------------------------------------------------------+

+-------------------------------------------------------------------------------------------------------------------------------------------------------------------------------------------+
; Data Required Path                                                                                                                                                                        ;
+----------+----------+----+------+--------+----------------------------+-------------------------------------------------------------------------------------------------------------------+
; Total    ; Incr     ; RF ; Type ; Fanout ; Location                   ; Element                                                                                                           ;
+----------+----------+----+------+--------+----------------------------+-------------------------------------------------------------------------------------------------------------------+
; 15.000   ; 15.000   ;    ;      ;        ;                            ; latch edge time                                                                                                   ;
; 21.162   ; 6.162    ;    ;      ;        ;                            ; clock path                                                                                                        ;
;   15.000 ;   0.000  ;    ;      ;        ;                            ; source latency                                                                                                    ;
;   15.000 ;   0.000  ;    ;      ; 1      ; PIN_V15                    ; adi_rx_clock                                                                                                      ;
;   15.000 ;   0.000  ; RR ; IC   ; 1      ; IOIBUF_X38_Y0_N1           ; adi_rx_clock~input|i                                                                                              ;
;   16.010 ;   1.010  ; RR ; CELL ; 1      ; IOIBUF_X38_Y0_N1           ; adi_rx_clock~input|o                                                                                              ;
;   16.876 ;   0.866  ; RR ; IC   ; 1      ; PLLREFCLKSELECT_X54_Y7_N0  ; U_core|U_nios_system|axi_ad9361_0|i_dev_if|i_rx|i_altlvds_rx|auto_generated|pll_sclk~PLL_REFCLK_SELECT|clkin[0]   ;
;   17.231 ;   0.355  ; RR ; CELL ; 1      ; PLLREFCLKSELECT_X54_Y7_N0  ; U_core|U_nios_system|axi_ad9361_0|i_dev_if|i_rx|i_altlvds_rx|auto_generated|pll_sclk~PLL_REFCLK_SELECT|clkout     ;
;   17.231 ;   0.000  ; RR ; IC   ; 11     ; FRACTIONALPLL_X54_Y1_N0    ; U_core|U_nios_system|axi_ad9361_0|i_dev_if|i_rx|i_altlvds_rx|auto_generated|pll_sclk~FRACTIONAL_PLL|refclkin      ;
;   14.706 ;   -2.525 ; RR ; COMP ; 3      ; FRACTIONALPLL_X54_Y1_N0    ; U_core|U_nios_system|axi_ad9361_0|i_dev_if|i_rx|i_altlvds_rx|auto_generated|pll_sclk~FRACTIONAL_PLL|vcoph[0]      ;
;   14.706 ;   0.000  ; RR ; IC   ; 1      ; PLLOUTPUTCOUNTER_X54_Y2_N1 ; U_core|U_nios_system|axi_ad9361_0|i_dev_if|i_rx|i_altlvds_rx|auto_generated|pll_sclk~PLL_OUTPUT_COUNTER|vco0ph[0] ;
;   16.118 ;   1.412  ; RR ; CELL ; 1      ; PLLOUTPUTCOUNTER_X54_Y2_N1 ; U_core|U_nios_system|axi_ad9361_0|i_dev_if|i_rx|i_altlvds_rx|auto_generated|pll_sclk~PLL_OUTPUT_COUNTER|divclk    ;
;   16.894 ;   0.776  ; RR ; IC   ; 1      ; CLKCTRL_G10                ; U_core|U_nios_system|axi_ad9361_0|i_dev_if|i_tx|i_altlvds_tx|auto_generated|coreclk_buf|sd10|inclk                ;
;   17.266 ;   0.372  ; RR ; CELL ; 9044   ; CLKCTRL_G10                ; U_core|U_nios_system|axi_ad9361_0|i_dev_if|i_tx|i_altlvds_tx|auto_generated|coreclk_buf|sd10|outclk               ;
;   19.220 ;   1.954  ; RR ; IC   ; 1      ; FF_X4_Y24_N49              ; U_core|\gen_sweep_analyzer:U_dwell_summary|LessThan4~8_NEW_REG3808|clk                                            ;
;   19.787 ;   0.567  ; RR ; CELL ; 1      ; FF_X4_Y24_N49              ; bladerf_core:U_core|dwell_summary:\gen_sweep_analyzer:U_dwell_summary|LessThan4~8_OTERM3809                       ;
;   21.162 ;   1.375  ;    ;      ;        ;                            ; clock pessimism removed                                                                                           ;
; 21.092   ; -0.070   ;    ;      ;        ;                            ; clock uncertainty                                                                                                 ;
; 21.092   ; 0.000    ;    ; uTsu ; 1      ; FF_X4_Y24_N49              ; bladerf_core:U_core|dwell_summary:\gen_sweep_analyzer:U_dwell_summary|LessThan4~8_OTERM3809                       ;
+----------+----------+----+------+--------+----------------------------+-------------------------------------------------------------------------------------------------------------------+

----------------------------
; Extra Fitter Information ;
----------------------------
HTML report is unavailable in plain text report export.


Path #2: Setup slack is 0.328 
===============================================================================
+-------------------------------------------------------------------------------------------------------------------------------------+
; Path Summary                                                                                                                        ;
+--------------------+----------------------------------------------------------------------------------------------------------------+
; Property           ; Value                                                                                                          ;
+--------------------+----------------------------------------------------------------------------------------------------------------+
; From Node          ; bladerf_core:U_core|dwell_summary:\gen_sweep_analyzer:U_dwell_summary|dwell_peak[29]_OTERM2217~DUPLICATE       ;
; To Node            ; bladerf_core:U_core|dwell_summary:\gen_sweep_analyzer:U_dwell_summary|LessThan4~8_OTERM3809                    ;
; Launch Clock       ; U_core|U_nios_system|axi_ad9361_0|i_dev_if|i_rx|i_altlvds_rx|auto_generated|pll_sclk~PLL_OUTPUT_COUNTER|divclk ;
; Latch Clock        ; U_core|U_nios_system|axi_ad9361_0|i_dev_if|i_rx|i_altlvds_rx|auto_generated|pll_sclk~PLL_OUTPUT_COUNTER|divclk ;
; Data Arrival Time  ; 20.764                                                                                                         ;
; Data Required Time ; 21.092                                                                                                         ;
; Slack              ; 0.328                                                                                                          ;
+--------------------+----------------------------------------------------------------------------------------------------------------+

+--------------------------------------------------------------------------------------+
; Statistics                                                                           ;
+------------------------+--------+-------+-------------+------------+--------+--------+
; Property               ; Value  ; Count ; Total Delay ; % of Total ; Min    ; Max    ;
+------------------------+--------+-------+-------------+------------+--------+--------+
; Setup Relationship     ; 8.000  ;       ;             ;            ;        ;        ;
; Clock Skew             ; -0.102 ;       ;             ;            ;        ;        ;
; Data Delay             ; 7.500  ;       ;             ;            ;        ;        ;
; Number of Logic Levels ;        ; 6     ;             ;            ;        ;        ;
; Physical Delays        ;        ;       ;             ;            ;        ;        ;
;  Arrival Path          ;        ;       ;             ;            ;        ;        ;
;   Clock                ;        ;       ;             ;            ;        ;        ;
;    IC                  ;        ; 6     ; 3.790       ; 48         ; 0.000  ; 2.044  ;
;    Cell                ;        ; 5     ; 4.077       ; 52         ; 0.378  ; 1.661  ;
;    PLL Compensation    ;        ; 1     ; -1.603      ; 0          ; -1.603 ; -1.603 ;
;   Data                 ;        ;       ;             ;            ;        ;        ;
;    IC                  ;        ; 7     ; 3.335       ; 44         ; 0.000  ; 1.100  ;
;    Cell                ;        ; 8     ; 4.165       ; 56         ; 0.000  ; 0.770  ;
;    uTco                ;        ; 1     ; 0.000       ; 0          ; 0.000  ; 0.000  ;
;  Required Path         ;        ;       ;             ;            ;        ;        ;
;   Clock                ;        ;       ;             ;            ;        ;        ;
;    IC                  ;        ; 6     ; 3.596       ; 49         ; 0.000  ; 1.954  ;
;    Cell                ;        ; 5     ; 3.716       ; 51         ; 0.355  ; 1.412  ;
;    PLL Compensation    ;        ; 1     ; -2.525      ; 0          ; -2.525 ; -2.525 ;
+------------------------+--------+-------+-------------+------------+--------+--------+
Note: Negative delays are omitted from totals when calculating percentages

+-------------------------------------------------------------------------------------------------------------------------------------------------------------------------------------------+
; Data Arrival Path                                                                                                                                                                         ;
+----------+----------+----+------+--------+----------------------------+-------------------------------------------------------------------------------------------------------------------+
; Total    ; Incr     ; RF ; Type ; Fanout ; Location                   ; Element                                                                                                           ;
+----------+----------+----+------+--------+----------------------------+-------------------------------------------------------------------------------------------------------------------+
; 7.000    ; 7.000    ;    ;      ;        ;                            ; launch edge time                                                                                                  ;
; 13.264   ; 6.264    ;    ;      ;        ;                            ; clock path                                                                                                        ;
;   7.000  ;   0.000  ;    ;      ;        ;                            ; source latency                                                                                                    ;
;   7.000  ;   0.000  ;    ;      ; 1      ; PIN_V15                    ; adi_rx_clock                                                                                                      ;
;   7.000  ;   0.000  ; RR ; IC   ; 1      ; IOIBUF_X38_Y0_N1           ; adi_rx_clock~input|i                                                                                              ;
;   8.010  ;   1.010  ; RR ; CELL ; 1      ; IOIBUF_X38_Y0_N1           ; adi_rx_clock~input|o                                                                                              ;
;   8.917  ;   0.907  ; RR ; IC   ; 1      ; PLLREFCLKSELECT_X54_Y7_N0  ; U_core|U_nios_system|axi_ad9361_0|i_dev_if|i_rx|i_altlvds_rx|auto_generated|pll_sclk~PLL_REFCLK_SELECT|clkin[0]   ;
;   9.295  ;   0.378  ; RR ; CELL ; 1      ; PLLREFCLKSELECT_X54_Y7_N0  ; U_core|U_nios_system|axi_ad9361_0|i_dev_if|i_rx|i_altlvds_rx|auto_generated|pll_sclk~PLL_REFCLK_SELECT|clkout     ;
;   9.295  ;   0.000  ; RR ; IC   ; 11     ; FRACTIONALPLL_X54_Y1_N0    ; U_core|U_nios_system|axi_ad9361_0|i_dev_if|i_rx|i_altlvds_rx|auto_generated|pll_sclk~FRACTIONAL_PLL|refclkin      ;
;   7.692  ;   -1.603 ; RR ; COMP ; 3      ; FRACTIONALPLL_X54_Y1_N0    ; U_core|U_nios_system|axi_ad9361_0|i_dev_if|i_rx|i_altlvds_rx|auto_generated|pll_sclk~FRACTIONAL_PLL|vcoph[0]      ;
;   7.692  ;   0.000  ; RR ; IC   ; 1      ; PLLOUTPUTCOUNTER_X54_Y2_N1 ; U_core|U_nios_system|axi_ad9361_0|i_dev_if|i_rx|i_altlvds_rx|auto_generated|pll_sclk~PLL_OUTPUT_COUNTER|vco0ph[0] ;
;   9.353  ;   1.661  ; RR ; CELL ; 1      ; PLLOUTPUTCOUNTER_X54_Y2_N1 ; U_core|U_nios_system|axi_ad9361_0|i_dev_if|i_rx|i_altlvds_rx|auto_generated|pll_sclk~PLL_OUTPUT_COUNTER|divclk    ;
;   10.192 ;   0.839  ; RR ; IC   ; 1      ; CLKCTRL_G10                ; U_core|U_nios_system|axi_ad9361_0|i_dev_if|i_tx|i_altlvds_tx|auto_generated|coreclk_buf|sd10|inclk                ;
;   10.592 ;   0.400  ; RR ; CELL ; 9044   ; CLKCTRL_G10                ; U_core|U_nios_system|axi_ad9361_0|i_dev_if|i_tx|i_altlvds_tx|auto_generated|coreclk_buf|sd10|outclk               ;
;   12.636 ;   2.044  ; RR ; IC   ; 1      ; FF_X4_Y24_N55              ; U_core|\gen_sweep_analyzer:U_dwell_summary|dwell_peak[29]_OTERM2217~DUPLICATE|clk                                 ;
;   13.264 ;   0.628  ; RR ; CELL ; 1      ; FF_X4_Y24_N55              ; bladerf_core:U_core|dwell_summary:\gen_sweep_analyzer:U_dwell_summary|dwell_peak[29]_OTERM2217~DUPLICATE          ;
; 20.764   ; 7.500    ;    ;      ;        ;                            ; data path                                                                                                         ;
;   13.264 ;   0.000  ;    ; uTco ; 1      ; FF_X4_Y24_N55              ; bladerf_core:U_core|dwell_summary:\gen_sweep_analyzer:U_dwell_summary|dwell_peak[29]_OTERM2217~DUPLICATE          ;
;   13.264 ;   0.000  ; RR ; CELL ; 9      ; FF_X4_Y24_N55              ; U_core|\gen_sweep_analyzer:U_dwell_summary|dwell_peak[29]_OTERM2217~DUPLICATE|q                                   ;
;   13.880 ;   0.616  ; RR ; IC   ; 1      ; LABCELL_X5_Y24_N39         ; U_core|\gen_sweep_analyzer:U_dwell_summary|dwell_peak[26]_NEW1070|datab                                           ;
;   14.606 ;   0.726  ; RF ; CELL ; 4      ; LABCELL_X5_Y24_N39         ; U_core|\gen_sweep_analyzer:U_dwell_summary|dwell_peak[26]_NEW1070|combout                                         ;
;   15.706 ;   1.100  ; FF ; IC   ; 1      ; MLABCELL_X4_Y28_N57        ; U_core|\gen_sweep_analyzer:U_dwell_summary|LessThan4~22|datab                                                     ;
;   16.447 ;   0.741  ; FF ; CELL ; 1      ; MLABCELL_X4_Y28_N57        ; U_core|\gen_sweep_analyzer:U_dwell_summary|LessThan4~22|combout                                                   ;
;   17.140 ;   0.693  ; FF ; IC   ; 1      ; LABCELL_X5_Y24_N18         ; U_core|\gen_sweep_analyzer:U_dwell_summary|LessThan4~23|dataf                                                     ;
;   17.239 ;   0.099  ; FF ; CELL ; 23     ; LABCELL_X5_Y24_N18         ; U_core|\gen_sweep_analyzer:U_dwell_summary|LessThan4~23|combout                                                   ;
;   17.602 ;   0.363  ; FF ; IC   ; 1      ; MLABCELL_X4_Y24_N27        ; U_core|\gen_sweep_analyzer:U_dwell_summary|dwell_peak[10]_NEW1086|datab                                           ;
;   18.372 ;   0.770  ; FR ; CELL ; 4      ; MLABCELL_X4_Y24_N27        ; U_core|\gen_sweep_analyzer:U_dwell_summary|dwell_peak[10]_NEW1086|combout                                         ;
;   18.708 ;   0.336  ; RR ; IC   ; 1      ; MLABCELL_X4_Y24_N45        ; U_core|\gen_sweep_analyzer:U_dwell_summary|LessThan4~4_RTM03749|datab                                             ;
;   19.457 ;   0.749  ; RR ; CELL ; 1      ; MLABCELL_X4_Y24_N45        ; U_core|\gen_sweep_analyzer:U_dwell_summary|LessThan4~4_RTM03749|combout                                           ;
;   19.684 ;   0.227  ; RR ; IC   ; 1      ; MLABCELL_X4_Y24_N48        ; U_core|\gen_sweep_analyzer:U_dwell_summary|LessThan4~8_RTM03811|datab                                             ;
;   20.447 ;   0.763  ; RF ; CELL ; 1      ; MLABCELL_X4_Y24_N48        ; U_core|\gen_sweep_analyzer:U_dwell_summary|LessThan4~8_RTM03811|combout                                           ;
;   20.447 ;   0.000  ; FF ; IC   ; 1      ; FF_X4_Y24_N49              ; U_core|\gen_sweep_analyzer:U_dwell_summary|LessThan4~8_NEW_REG3808|d                                              ;
;   20.764 ;   0.317  ; FF ; CELL ; 1      ; FF_X4_Y24_N49              ; bladerf_core:U_core|dwell_summary:\gen_sweep_analyzer:U_dwell_summary|LessThan4~8_OTERM3809                       ;
+----------+----------+----+------+--------+----------------------------+-------------------------------------------------------------------------------------------------------------------+

+-------------------------------------------------------------------------------------------------------------------------------------------------------------------------------------------+
; Data Required Path                                                                                                                                                                        ;
+----------+----------+----+------+--------+----------------------------+-------------------------------------------------------------------------------------------------------------------+
; Total    ; Incr     ; RF ; Type ; Fanout ; Location                   ; Element                                                                                                           ;
+----------+----------+----+------+--------+----------------------------+-------------------------------------------------------------------------------------------------------------------+
; 15.000   ; 15.000   ;    ;      ;        ;                            ; latch edge time                                                                                                   ;
; 21.162   ; 6.162    ;    ;      ;        ;                            ; clock path                                                                                                        ;
;   15.000 ;   0.000  ;    ;      ;        ;                            ; source latency                                                                                                    ;
;   15.000 ;   0.000  ;    ;      ; 1      ; PIN_V15                    ; adi_rx_clock                                                                                                      ;
;   15.000 ;   0.000  ; RR ; IC   ; 1      ; IOIBUF_X38_Y0_N1           ; adi_rx_clock~input|i                                                                                              ;
;   16.010 ;   1.010  ; RR ; CELL ; 1      ; IOIBUF_X38_Y0_N1           ; adi_rx_clock~input|o                                                                                              ;
;   16.876 ;   0.866  ; RR ; IC   ; 1      ; PLLREFCLKSELECT_X54_Y7_N0  ; U_core|U_nios_system|axi_ad9361_0|i_dev_if|i_rx|i_altlvds_rx|auto_generated|pll_sclk~PLL_REFCLK_SELECT|clkin[0]   ;
;   17.231 ;   0.355  ; RR ; CELL ; 1      ; PLLREFCLKSELECT_X54_Y7_N0  ; U_core|U_nios_system|axi_ad9361_0|i_dev_if|i_rx|i_altlvds_rx|auto_generated|pll_sclk~PLL_REFCLK_SELECT|clkout     ;
;   17.231 ;   0.000  ; RR ; IC   ; 11     ; FRACTIONALPLL_X54_Y1_N0    ; U_core|U_nios_system|axi_ad9361_0|i_dev_if|i_rx|i_altlvds_rx|auto_generated|pll_sclk~FRACTIONAL_PLL|refclkin      ;
;   14.706 ;   -2.525 ; RR ; COMP ; 3      ; FRACTIONALPLL_X54_Y1_N0    ; U_core|U_nios_system|axi_ad9361_0|i_dev_if|i_rx|i_altlvds_rx|auto_generated|pll_sclk~FRACTIONAL_PLL|vcoph[0]      ;
;   14.706 ;   0.000  ; RR ; IC   ; 1      ; PLLOUTPUTCOUNTER_X54_Y2_N1 ; U_core|U_nios_system|axi_ad9361_0|i_dev_if|i_rx|i_altlvds_rx|auto_generated|pll_sclk~PLL_OUTPUT_COUNTER|vco0ph[0] ;
;   16.118 ;   1.412  ; RR ; CELL ; 1      ; PLLOUTPUTCOUNTER_X54_Y2_N1 ; U_core|U_nios_system|axi_ad9361_0|i_dev_if|i_rx|i_altlvds_rx|auto_generated|pll_sclk~PLL_OUTPUT_COUNTER|divclk    ;
;   16.894 ;   0.776  ; RR ; IC   ; 1      ; CLKCTRL_G10                ; U_core|U_nios_system|axi_ad9361_0|i_dev_if|i_tx|i_altlvds_tx|auto_generated|coreclk_buf|sd10|inclk                ;
;   17.266 ;   0.372  ; RR ; CELL ; 9044   ; CLKCTRL_G10                ; U_core|U_nios_system|axi_ad9361_0|i_dev_if|i_tx|i_altlvds_tx|auto_generated|coreclk_buf|sd10|outclk               ;
;   19.220 ;   1.954  ; RR ; IC   ; 1      ; FF_X4_Y24_N49              ; U_core|\gen_sweep_analyzer:U_dwell_summary|LessThan4~8_NEW_REG3808|clk                                            ;
;   19.787 ;   0.567  ; RR ; CELL ; 1      ; FF_X4_Y24_N49              ; bladerf_core:U_core|dwell_summary:\gen_sweep_analyzer:U_dwell_summary|LessThan4~8_OTERM3809                       ;
;   21.162 ;   1.375  ;    ;      ;        ;                            ; clock pessimism removed                                                                                           ;
; 21.092   ; -0.070   ;    ;      ;        ;                            ; clock uncertainty                                                                                                 ;
; 21.092   ; 0.000    ;    ; uTsu ; 1      ; FF_X4_Y24_N49              ; bladerf_core:U_core|dwell_summary:\gen_sweep_analyzer:U_dwell_summary|LessThan4~8_OTERM3809                       ;
+----------+----------+----+------+--------+----------------------------+-------------------------------------------------------------------------------------------------------------------+

----------------------------
; Extra Fitter Information ;
----------------------------
HTML report is unavailable in plain text report export.


Path #3: Setup slack is 0.380 
===============================================================================
+-------------------------------------------------------------------------------------------------------------------------------------+
; Path Summary                                                                                                                        ;
+--------------------+----------------------------------------------------------------------------------------------------------------+
; Property           ; Value                                                                                                          ;
+--------------------+----------------------------------------------------------------------------------------------------------------+
; From Node          ; bladerf_core:U_core|dwell_summary:\gen_sweep_analyzer:U_dwell_summary|dwell_peak[29]_OTERM2217~DUPLICATE       ;
; To Node            ; bladerf_core:U_core|dwell_summary:\gen_sweep_analyzer:U_dwell_summary|LessThan4~8_OTERM3809                    ;
; Launch Clock       ; U_core|U_nios_system|axi_ad9361_0|i_dev_if|i_rx|i_altlvds_rx|auto_generated|pll_sclk~PLL_OUTPUT_COUNTER|divclk ;
; Latch Clock        ; U_core|U_nios_system|axi_ad9361_0|i_dev_if|i_rx|i_altlvds_rx|auto_generated|pll_sclk~PLL_OUTPUT_COUNTER|divclk ;
; Data Arrival Time  ; 20.712                                                                                                         ;
; Data Required Time ; 21.092                                                                                                         ;
; Slack              ; 0.380                                                                                                          ;
+--------------------+----------------------------------------------------------------------------------------------------------------+

+--------------------------------------------------------------------------------------+
; Statistics                                                                           ;
+------------------------+--------+-------+-------------+------------+--------+--------+
; Property               ; Value  ; Count ; Total Delay ; % of Total ; Min    ; Max    ;
+------------------------+--------+-------+-------------+------------+--------+--------+
; Setup Relationship     ; 8.000  ;       ;             ;            ;        ;        ;
; Clock Skew             ; -0.102 ;       ;             ;            ;        ;        ;
; Data Delay             ; 7.448  ;       ;             ;            ;        ;        ;
; Number of Logic Levels ;        ; 6     ;             ;            ;        ;        ;
; Physical Delays        ;        ;       ;             ;            ;        ;        ;
;  Arrival Path          ;        ;       ;             ;            ;        ;        ;
;   Clock                ;        ;       ;             ;            ;        ;        ;
;    IC                  ;        ; 6     ; 3.790       ; 48         ; 0.000  ; 2.044  ;
;    Cell                ;        ; 5     ; 4.077       ; 52         ; 0.378  ; 1.661  ;
;    PLL Compensation    ;        ; 1     ; -1.603      ; 0          ; -1.603 ; -1.603 ;
;   Data                 ;        ;       ;             ;            ;        ;        ;
;    IC                  ;        ; 7     ; 3.489       ; 47         ; 0.000  ; 1.102  ;
;    Cell                ;        ; 8     ; 3.959       ; 53         ; 0.000  ; 0.762  ;
;    uTco                ;        ; 1     ; 0.000       ; 0          ; 0.000  ; 0.000  ;
;  Required Path         ;        ;       ;             ;            ;        ;        ;
;   Clock                ;        ;       ;             ;            ;        ;        ;
;    IC                  ;        ; 6     ; 3.596       ; 49         ; 0.000  ; 1.954  ;
;    Cell                ;        ; 5     ; 3.716       ; 51         ; 0.355  ; 1.412  ;
;    PLL Compensation    ;        ; 1     ; -2.525      ; 0          ; -2.525 ; -2.525 ;
+------------------------+--------+-------+-------------+------------+--------+--------+
Note: Negative delays are omitted from totals when calculating percentages

+-------------------------------------------------------------------------------------------------------------------------------------------------------------------------------------------+
; Data Arrival Path                                                                                                                                                                         ;
+----------+----------+----+------+--------+----------------------------+-------------------------------------------------------------------------------------------------------------------+
; Total    ; Incr     ; RF ; Type ; Fanout ; Location                   ; Element                                                                                                           ;
+----------+----------+----+------+--------+----------------------------+-------------------------------------------------------------------------------------------------------------------+
; 7.000    ; 7.000    ;    ;      ;        ;                            ; launch edge time                                                                                                  ;
; 13.264   ; 6.264    ;    ;      ;        ;                            ; clock path                                                                                                        ;
;   7.000  ;   0.000  ;    ;      ;        ;                            ; source latency                                                                                                    ;
;   7.000  ;   0.000  ;    ;      ; 1      ; PIN_V15                    ; adi_rx_clock                                                                                                      ;
;   7.000  ;   0.000  ; RR ; IC   ; 1      ; IOIBUF_X38_Y0_N1           ; adi_rx_clock~input|i                                                                                              ;
;   8.010  ;   1.010  ; RR ; CELL ; 1      ; IOIBUF_X38_Y0_N1           ; adi_rx_clock~input|o                                                                                              ;
;   8.917  ;   0.907  ; RR ; IC   ; 1      ; PLLREFCLKSELECT_X54_Y7_N0  ; U_core|U_nios_system|axi_ad9361_0|i_dev_if|i_rx|i_altlvds_rx|auto_generated|pll_sclk~PLL_REFCLK_SELECT|clkin[0]   ;
;   9.295  ;   0.378  ; RR ; CELL ; 1      ; PLLREFCLKSELECT_X54_Y7_N0  ; U_core|U_nios_system|axi_ad9361_0|i_dev_if|i_rx|i_altlvds_rx|auto_generated|pll_sclk~PLL_REFCLK_SELECT|clkout     ;
;   9.295  ;   0.000  ; RR ; IC   ; 11     ; FRACTIONALPLL_X54_Y1_N0    ; U_core|U_nios_system|axi_ad9361_0|i_dev_if|i_rx|i_altlvds_rx|auto_generated|pll_sclk~FRACTIONAL_PLL|refclkin      ;
;   7.692  ;   -1.603 ; RR ; COMP ; 3      ; FRACTIONALPLL_X54_Y1_N0    ; U_core|U_nios_system|axi_ad9361_0|i_dev_if|i_rx|i_altlvds_rx|auto_generated|pll_sclk~FRACTIONAL_PLL|vcoph[0]      ;
;   7.692  ;   0.000  ; RR ; IC   ; 1      ; PLLOUTPUTCOUNTER_X54_Y2_N1 ; U_core|U_nios_system|axi_ad9361_0|i_dev_if|i_rx|i_altlvds_rx|auto_generated|pll_sclk~PLL_OUTPUT_COUNTER|vco0ph[0] ;
;   9.353  ;   1.661  ; RR ; CELL ; 1      ; PLLOUTPUTCOUNTER_X54_Y2_N1 ; U_core|U_nios_system|axi_ad9361_0|i_dev_if|i_rx|i_altlvds_rx|auto_generated|pll_sclk~PLL_OUTPUT_COUNTER|divclk    ;
;   10.192 ;   0.839  ; RR ; IC   ; 1      ; CLKCTRL_G10                ; U_core|U_nios_system|axi_ad9361_0|i_dev_if|i_tx|i_altlvds_tx|auto_generated|coreclk_buf|sd10|inclk                ;
;   10.592 ;   0.400  ; RR ; CELL ; 9044   ; CLKCTRL_G10                ; U_core|U_nios_system|axi_ad9361_0|i_dev_if|i_tx|i_altlvds_tx|auto_generated|coreclk_buf|sd10|outclk               ;
;   12.636 ;   2.044  ; RR ; IC   ; 1      ; FF_X4_Y24_N55              ; U_core|\gen_sweep_analyzer:U_dwell_summary|dwell_peak[29]_OTERM2217~DUPLICATE|clk                                 ;
;   13.264 ;   0.628  ; RR ; CELL ; 1      ; FF_X4_Y24_N55              ; bladerf_core:U_core|dwell_summary:\gen_sweep_analyzer:U_dwell_summary|dwell_peak[29]_OTERM2217~DUPLICATE          ;
; 20.712   ; 7.448    ;    ;      ;        ;                            ; data path                                                                                                         ;
;   13.264 ;   0.000  ;    ; uTco ; 1      ; FF_X4_Y24_N55              ; bladerf_core:U_core|dwell_summary:\gen_sweep_analyzer:U_dwell_summary|dwell_peak[29]_OTERM2217~DUPLICATE          ;
;   13.264 ;   0.000  ; FF ; CELL ; 9      ; FF_X4_Y24_N55              ; U_core|\gen_sweep_analyzer:U_dwell_summary|dwell_peak[29]_OTERM2217~DUPLICATE|q                                   ;
;   14.366 ;   1.102  ; FF ; IC   ; 1      ; MLABCELL_X4_Y28_N45        ; U_core|\gen_sweep_analyzer:U_dwell_summary|dwell_peak[28]_NEW1104|datab                                           ;
;   15.112 ;   0.746  ; FR ; CELL ; 4      ; MLABCELL_X4_Y28_N45        ; U_core|\gen_sweep_analyzer:U_dwell_summary|dwell_peak[28]_NEW1104|combout                                         ;
;   15.677 ;   0.565  ; RR ; IC   ; 1      ; MLABCELL_X4_Y28_N57        ; U_core|\gen_sweep_analyzer:U_dwell_summary|LessThan4~22|datad                                                     ;
;   16.334 ;   0.657  ; RF ; CELL ; 1      ; MLABCELL_X4_Y28_N57        ; U_core|\gen_sweep_analyzer:U_dwell_summary|LessThan4~22|combout                                                   ;
;   17.027 ;   0.693  ; FF ; IC   ; 1      ; LABCELL_X5_Y24_N18         ; U_core|\gen_sweep_analyzer:U_dwell_summary|LessThan4~23|dataf                                                     ;
;   17.126 ;   0.099  ; FF ; CELL ; 23     ; LABCELL_X5_Y24_N18         ; U_core|\gen_sweep_analyzer:U_dwell_summary|LessThan4~23|combout                                                   ;
;   17.489 ;   0.363  ; FF ; IC   ; 1      ; MLABCELL_X4_Y24_N24        ; U_core|\gen_sweep_analyzer:U_dwell_summary|dwell_peak[11]_NEW1064|datab                                           ;
;   18.234 ;   0.745  ; FF ; CELL ; 4      ; MLABCELL_X4_Y24_N24        ; U_core|\gen_sweep_analyzer:U_dwell_summary|dwell_peak[11]_NEW1064|combout                                         ;
;   18.815 ;   0.581  ; FF ; IC   ; 1      ; MLABCELL_X4_Y24_N45        ; U_core|\gen_sweep_analyzer:U_dwell_summary|LessThan4~4_RTM03749|datac                                             ;
;   19.449 ;   0.634  ; FF ; CELL ; 1      ; MLABCELL_X4_Y24_N45        ; U_core|\gen_sweep_analyzer:U_dwell_summary|LessThan4~4_RTM03749|combout                                           ;
;   19.634 ;   0.185  ; FF ; IC   ; 1      ; MLABCELL_X4_Y24_N48        ; U_core|\gen_sweep_analyzer:U_dwell_summary|LessThan4~8_RTM03811|datab                                             ;
;   20.396 ;   0.762  ; FR ; CELL ; 1      ; MLABCELL_X4_Y24_N48        ; U_core|\gen_sweep_analyzer:U_dwell_summary|LessThan4~8_RTM03811|combout                                           ;
;   20.396 ;   0.000  ; RR ; IC   ; 1      ; FF_X4_Y24_N49              ; U_core|\gen_sweep_analyzer:U_dwell_summary|LessThan4~8_NEW_REG3808|d                                              ;
;   20.712 ;   0.316  ; RR ; CELL ; 1      ; FF_X4_Y24_N49              ; bladerf_core:U_core|dwell_summary:\gen_sweep_analyzer:U_dwell_summary|LessThan4~8_OTERM3809                       ;
+----------+----------+----+------+--------+----------------------------+-------------------------------------------------------------------------------------------------------------------+

+-------------------------------------------------------------------------------------------------------------------------------------------------------------------------------------------+
; Data Required Path                                                                                                                                                                        ;
+----------+----------+----+------+--------+----------------------------+-------------------------------------------------------------------------------------------------------------------+
; Total    ; Incr     ; RF ; Type ; Fanout ; Location                   ; Element                                                                                                           ;
+----------+----------+----+------+--------+----------------------------+-------------------------------------------------------------------------------------------------------------------+
; 15.000   ; 15.000   ;    ;      ;        ;                            ; latch edge time                                                                                                   ;
; 21.162   ; 6.162    ;    ;      ;        ;                            ; clock path                                                                                                        ;
;   15.000 ;   0.000  ;    ;      ;        ;                            ; source latency                                                                                                    ;
;   15.000 ;   0.000  ;    ;      ; 1      ; PIN_V15                    ; adi_rx_clock                                                                                                      ;
;   15.000 ;   0.000  ; RR ; IC   ; 1      ; IOIBUF_X38_Y0_N1           ; adi_rx_clock~input|i                                                                                              ;
;   16.010 ;   1.010  ; RR ; CELL ; 1      ; IOIBUF_X38_Y0_N1           ; adi_rx_clock~input|o                                                                                              ;
;   16.876 ;   0.866  ; RR ; IC   ; 1      ; PLLREFCLKSELECT_X54_Y7_N0  ; U_core|U_nios_system|axi_ad9361_0|i_dev_if|i_rx|i_altlvds_rx|auto_generated|pll_sclk~PLL_REFCLK_SELECT|clkin[0]   ;
;   17.231 ;   0.355  ; RR ; CELL ; 1      ; PLLREFCLKSELECT_X54_Y7_N0  ; U_core|U_nios_system|axi_ad9361_0|i_dev_if|i_rx|i_altlvds_rx|auto_generated|pll_sclk~PLL_REFCLK_SELECT|clkout     ;
;   17.231 ;   0.000  ; RR ; IC   ; 11     ; FRACTIONALPLL_X54_Y1_N0    ; U_core|U_nios_system|axi_ad9361_0|i_dev_if|i_rx|i_altlvds_rx|auto_generated|pll_sclk~FRACTIONAL_PLL|refclkin      ;
;   14.706 ;   -2.525 ; RR ; COMP ; 3      ; FRACTIONALPLL_X54_Y1_N0    ; U_core|U_nios_system|axi_ad9361_0|i_dev_if|i_rx|i_altlvds_rx|auto_generated|pll_sclk~FRACTIONAL_PLL|vcoph[0]      ;
;   14.706 ;   0.000  ; RR ; IC   ; 1      ; PLLOUTPUTCOUNTER_X54_Y2_N1 ; U_core|U_nios_system|axi_ad9361_0|i_dev_if|i_rx|i_altlvds_rx|auto_generated|pll_sclk~PLL_OUTPUT_COUNTER|vco0ph[0] ;
;   16.118 ;   1.412  ; RR ; CELL ; 1      ; PLLOUTPUTCOUNTER_X54_Y2_N1 ; U_core|U_nios_system|axi_ad9361_0|i_dev_if|i_rx|i_altlvds_rx|auto_generated|pll_sclk~PLL_OUTPUT_COUNTER|divclk    ;
;   16.894 ;   0.776  ; RR ; IC   ; 1      ; CLKCTRL_G10                ; U_core|U_nios_system|axi_ad9361_0|i_dev_if|i_tx|i_altlvds_tx|auto_generated|coreclk_buf|sd10|inclk                ;
;   17.266 ;   0.372  ; RR ; CELL ; 9044   ; CLKCTRL_G10                ; U_core|U_nios_system|axi_ad9361_0|i_dev_if|i_tx|i_altlvds_tx|auto_generated|coreclk_buf|sd10|outclk               ;
;   19.220 ;   1.954  ; RR ; IC   ; 1      ; FF_X4_Y24_N49              ; U_core|\gen_sweep_analyzer:U_dwell_summary|LessThan4~8_NEW_REG3808|clk                                            ;
;   19.787 ;   0.567  ; RR ; CELL ; 1      ; FF_X4_Y24_N49              ; bladerf_core:U_core|dwell_summary:\gen_sweep_analyzer:U_dwell_summary|LessThan4~8_OTERM3809                       ;
;   21.162 ;   1.375  ;    ;      ;        ;                            ; clock pessimism removed                                                                                           ;
; 21.092   ; -0.070   ;    ;      ;        ;                            ; clock uncertainty                                                                                                 ;
; 21.092   ; 0.000    ;    ; uTsu ; 1      ; FF_X4_Y24_N49              ; bladerf_core:U_core|dwell_summary:\gen_sweep_analyzer:U_dwell_summary|LessThan4~8_OTERM3809                       ;
+----------+----------+----+------+--------+----------------------------+-------------------------------------------------------------------------------------------------------------------+

----------------------------
; Extra Fitter Information ;
----------------------------
HTML report is unavailable in plain text report export.


Path #4: Setup slack is 0.441 
===============================================================================
+-------------------------------------------------------------------------------------------------------------------------------------+
; Path Summary                                                                                                                        ;
+--------------------+----------------------------------------------------------------------------------------------------------------+
; Property           ; Value                                                                                                          ;
+--------------------+----------------------------------------------------------------------------------------------------------------+
; From Node          ; bladerf_core:U_core|dwell_summary:\gen_sweep_analyzer:U_dwell_summary|dwell_peak[29]_OTERM2217~DUPLICATE       ;
; To Node            ; bladerf_core:U_core|dwell_summary:\gen_sweep_analyzer:U_dwell_summary|LessThan4~8_OTERM3809                    ;
; Launch Clock       ; U_core|U_nios_system|axi_ad9361_0|i_dev_if|i_rx|i_altlvds_rx|auto_generated|pll_sclk~PLL_OUTPUT_COUNTER|divclk ;
; Latch Clock        ; U_core|U_nios_system|axi_ad9361_0|i_dev_if|i_rx|i_altlvds_rx|auto_generated|pll_sclk~PLL_OUTPUT_COUNTER|divclk ;
; Data Arrival Time  ; 20.651                                                                                                         ;
; Data Required Time ; 21.092                                                                                                         ;
; Slack              ; 0.441                                                                                                          ;
+--------------------+----------------------------------------------------------------------------------------------------------------+

+--------------------------------------------------------------------------------------+
; Statistics                                                                           ;
+------------------------+--------+-------+-------------+------------+--------+--------+
; Property               ; Value  ; Count ; Total Delay ; % of Total ; Min    ; Max    ;
+------------------------+--------+-------+-------------+------------+--------+--------+
; Setup Relationship     ; 8.000  ;       ;             ;            ;        ;        ;
; Clock Skew             ; -0.102 ;       ;             ;            ;        ;        ;
; Data Delay             ; 7.387  ;       ;             ;            ;        ;        ;
; Number of Logic Levels ;        ; 6     ;             ;            ;        ;        ;
; Physical Delays        ;        ;       ;             ;            ;        ;        ;
;  Arrival Path          ;        ;       ;             ;            ;        ;        ;
;   Clock                ;        ;       ;             ;            ;        ;        ;
;    IC                  ;        ; 6     ; 3.790       ; 48         ; 0.000  ; 2.044  ;
;    Cell                ;        ; 5     ; 4.077       ; 52         ; 0.378  ; 1.661  ;
;    PLL Compensation    ;        ; 1     ; -1.603      ; 0          ; -1.603 ; -1.603 ;
;   Data                 ;        ;       ;             ;            ;        ;        ;
;    IC                  ;        ; 7     ; 3.286       ; 44         ; 0.000  ; 1.102  ;
;    Cell                ;        ; 8     ; 4.101       ; 56         ; 0.000  ; 0.770  ;
;    uTco                ;        ; 1     ; 0.000       ; 0          ; 0.000  ; 0.000  ;
;  Required Path         ;        ;       ;             ;            ;        ;        ;
;   Clock                ;        ;       ;             ;            ;        ;        ;
;    IC                  ;        ; 6     ; 3.596       ; 49         ; 0.000  ; 1.954  ;
;    Cell                ;        ; 5     ; 3.716       ; 51         ; 0.355  ; 1.412  ;
;    PLL Compensation    ;        ; 1     ; -2.525      ; 0          ; -2.525 ; -2.525 ;
+------------------------+--------+-------+-------------+------------+--------+--------+
Note: Negative delays are omitted from totals when calculating percentages

+-------------------------------------------------------------------------------------------------------------------------------------------------------------------------------------------+
; Data Arrival Path                                                                                                                                                                         ;
+----------+----------+----+------+--------+----------------------------+-------------------------------------------------------------------------------------------------------------------+
; Total    ; Incr     ; RF ; Type ; Fanout ; Location                   ; Element                                                                                                           ;
+----------+----------+----+------+--------+----------------------------+-------------------------------------------------------------------------------------------------------------------+
; 7.000    ; 7.000    ;    ;      ;        ;                            ; launch edge time                                                                                                  ;
; 13.264   ; 6.264    ;    ;      ;        ;                            ; clock path                                                                                                        ;
;   7.000  ;   0.000  ;    ;      ;        ;                            ; source latency                                                                                                    ;
;   7.000  ;   0.000  ;    ;      ; 1      ; PIN_V15                    ; adi_rx_clock                                                                                                      ;
;   7.000  ;   0.000  ; RR ; IC   ; 1      ; IOIBUF_X38_Y0_N1           ; adi_rx_clock~input|i                                                                                              ;
;   8.010  ;   1.010  ; RR ; CELL ; 1      ; IOIBUF_X38_Y0_N1           ; adi_rx_clock~input|o                                                                                              ;
;   8.917  ;   0.907  ; RR ; IC   ; 1      ; PLLREFCLKSELECT_X54_Y7_N0  ; U_core|U_nios_system|axi_ad9361_0|i_dev_if|i_rx|i_altlvds_rx|auto_generated|pll_sclk~PLL_REFCLK_SELECT|clkin[0]   ;
;   9.295  ;   0.378  ; RR ; CELL ; 1      ; PLLREFCLKSELECT_X54_Y7_N0  ; U_core|U_nios_system|axi_ad9361_0|i_dev_if|i_rx|i_altlvds_rx|auto_generated|pll_sclk~PLL_REFCLK_SELECT|clkout     ;
;   9.295  ;   0.000  ; RR ; IC   ; 11     ; FRACTIONALPLL_X54_Y1_N0    ; U_core|U_nios_system|axi_ad9361_0|i_dev_if|i_rx|i_altlvds_rx|auto_generated|pll_sclk~FRACTIONAL_PLL|refclkin      ;
;   7.692  ;   -1.603 ; RR ; COMP ; 3      ; FRACTIONALPLL_X54_Y1_N0    ; U_core|U_nios_system|axi_ad9361_0|i_dev_if|i_rx|i_altlvds_rx|auto_generated|pll_sclk~FRACTIONAL_PLL|vcoph[0]      ;
;   7.692  ;   0.000  ; RR ; IC   ; 1      ; PLLOUTPUTCOUNTER_X54_Y2_N1 ; U_core|U_nios_system|axi_ad9361_0|i_dev_if|i_rx|i_altlvds_rx|auto_generated|pll_sclk~PLL_OUTPUT_COUNTER|vco0ph[0] ;
;   9.353  ;   1.661  ; RR ; CELL ; 1      ; PLLOUTPUTCOUNTER_X54_Y2_N1 ; U_core|U_nios_system|axi_ad9361_0|i_dev_if|i_rx|i_altlvds_rx|auto_generated|pll_sclk~PLL_OUTPUT_COUNTER|divclk    ;
;   10.192 ;   0.839  ; RR ; IC   ; 1      ; CLKCTRL_G10                ; U_core|U_nios_system|axi_ad9361_0|i_dev_if|i_tx|i_altlvds_tx|auto_generated|coreclk_buf|sd10|inclk                ;
;   10.592 ;   0.400  ; RR ; CELL ; 9044   ; CLKCTRL_G10                ; U_core|U_nios_system|axi_ad9361_0|i_dev_if|i_tx|i_altlvds_tx|auto_generated|coreclk_buf|sd10|outclk               ;
;   12.636 ;   2.044  ; RR ; IC   ; 1      ; FF_X4_Y24_N55              ; U_core|\gen_sweep_analyzer:U_dwell_summary|dwell_peak[29]_OTERM2217~DUPLICATE|clk                                 ;
;   13.264 ;   0.628  ; RR ; CELL ; 1      ; FF_X4_Y24_N55              ; bladerf_core:U_core|dwell_summary:\gen_sweep_analyzer:U_dwell_summary|dwell_peak[29]_OTERM2217~DUPLICATE          ;
; 20.651   ; 7.387    ;    ;      ;        ;                            ; data path                                                                                                         ;
;   13.264 ;   0.000  ;    ; uTco ; 1      ; FF_X4_Y24_N55              ; bladerf_core:U_core|dwell_summary:\gen_sweep_analyzer:U_dwell_summary|dwell_peak[29]_OTERM2217~DUPLICATE          ;
;   13.264 ;   0.000  ; FF ; CELL ; 9      ; FF_X4_Y24_N55              ; U_core|\gen_sweep_analyzer:U_dwell_summary|dwell_peak[29]_OTERM2217~DUPLICATE|q                                   ;
;   14.366 ;   1.102  ; FF ; IC   ; 1      ; MLABCELL_X4_Y28_N45        ; U_core|\gen_sweep_analyzer:U_dwell_summary|dwell_peak[28]_NEW1104|datab                                           ;
;   15.112 ;   0.746  ; FR ; CELL ; 4      ; MLABCELL_X4_Y28_N45        ; U_core|\gen_sweep_analyzer:U_dwell_summary|dwell_peak[28]_NEW1104|combout                                         ;
;   15.677 ;   0.565  ; RR ; IC   ; 1      ; MLABCELL_X4_Y28_N57        ; U_core|\gen_sweep_analyzer:U_dwell_summary|LessThan4~22|datad                                                     ;
;   16.334 ;   0.657  ; RF ; CELL ; 1      ; MLABCELL_X4_Y28_N57        ; U_core|\gen_sweep_analyzer:U_dwell_summary|LessThan4~22|combout                                                   ;
;   17.027 ;   0.693  ; FF ; IC   ; 1      ; LABCELL_X5_Y24_N18         ; U_core|\gen_sweep_analyzer:U_dwell_summary|LessThan4~23|dataf                                                     ;
;   17.126 ;   0.099  ; FF ; CELL ; 23     ; LABCELL_X5_Y24_N18         ; U_core|\gen_sweep_analyzer:U_dwell_summary|LessThan4~23|combout                                                   ;
;   17.489 ;   0.363  ; FF ; IC   ; 1      ; MLABCELL_X4_Y24_N27        ; U_core|\gen_sweep_analyzer:U_dwell_summary|dwell_peak[10]_NEW1086|datab                                           ;
;   18.259 ;   0.770  ; FR ; CELL ; 4      ; MLABCELL_X4_Y24_N27        ; U_core|\gen_sweep_analyzer:U_dwell_summary|dwell_peak[10]_NEW1086|combout                                         ;
;   18.595 ;   0.336  ; RR ; IC   ; 1      ; MLABCELL_X4_Y24_N45        ; U_core|\gen_sweep_analyzer:U_dwell_summary|LessThan4~4_RTM03749|datab                                             ;
;   19.344 ;   0.749  ; RR ; CELL ; 1      ; MLABCELL_X4_Y24_N45        ; U_core|\gen_sweep_analyzer:U_dwell_summary|LessThan4~4_RTM03749|combout                                           ;
;   19.571 ;   0.227  ; RR ; IC   ; 1      ; MLABCELL_X4_Y24_N48        ; U_core|\gen_sweep_analyzer:U_dwell_summary|LessThan4~8_RTM03811|datab                                             ;
;   20.334 ;   0.763  ; RF ; CELL ; 1      ; MLABCELL_X4_Y24_N48        ; U_core|\gen_sweep_analyzer:U_dwell_summary|LessThan4~8_RTM03811|combout                                           ;
;   20.334 ;   0.000  ; FF ; IC   ; 1      ; FF_X4_Y24_N49              ; U_core|\gen_sweep_analyzer:U_dwell_summary|LessThan4~8_NEW_REG3808|d                                              ;
;   20.651 ;   0.317  ; FF ; CELL ; 1      ; FF_X4_Y24_N49              ; bladerf_core:U_core|dwell_summary:\gen_sweep_analyzer:U_dwell_summary|LessThan4~8_OTERM3809                       ;
+----------+----------+----+------+--------+----------------------------+-------------------------------------------------------------------------------------------------------------------+

+-------------------------------------------------------------------------------------------------------------------------------------------------------------------------------------------+
; Data Required Path                                                                                                                                                                        ;
+----------+----------+----+------+--------+----------------------------+-------------------------------------------------------------------------------------------------------------------+
; Total    ; Incr     ; RF ; Type ; Fanout ; Location                   ; Element                                                                                                           ;
+----------+----------+----+------+--------+----------------------------+-------------------------------------------------------------------------------------------------------------------+
; 15.000   ; 15.000   ;    ;      ;        ;                            ; latch edge time                                                                                                   ;
; 21.162   ; 6.162    ;    ;      ;        ;                            ; clock path                                                                                                        ;
;   15.000 ;   0.000  ;    ;      ;        ;                            ; source latency                                                                                                    ;
;   15.000 ;   0.000  ;    ;      ; 1      ; PIN_V15                    ; adi_rx_clock                                                                                                      ;
;   15.000 ;   0.000  ; RR ; IC   ; 1      ; IOIBUF_X38_Y0_N1           ; adi_rx_clock~input|i                                                                                              ;
;   16.010 ;   1.010  ; RR ; CELL ; 1      ; IOIBUF_X38_Y0_N1           ; adi_rx_clock~input|o                                                                                              ;
;   16.876 ;   0.866  ; RR ; IC   ; 1      ; PLLREFCLKSELECT_X54_Y7_N0  ; U_core|U_nios_system|axi_ad9361_0|i_dev_if|i_rx|i_altlvds_rx|auto_generated|pll_sclk~PLL_REFCLK_SELECT|clkin[0]   ;
;   17.231 ;   0.355  ; RR ; CELL ; 1      ; PLLREFCLKSELECT_X54_Y7_N0  ; U_core|U_nios_system|axi_ad9361_0|i_dev_if|i_rx|i_altlvds_rx|auto_generated|pll_sclk~PLL_REFCLK_SELECT|clkout     ;
;   17.231 ;   0.000  ; RR ; IC   ; 11     ; FRACTIONALPLL_X54_Y1_N0    ; U_core|U_nios_system|axi_ad9361_0|i_dev_if|i_rx|i_altlvds_rx|auto_generated|pll_sclk~FRACTIONAL_PLL|refclkin      ;
;   14.706 ;   -2.525 ; RR ; COMP ; 3      ; FRACTIONALPLL_X54_Y1_N0    ; U_core|U_nios_system|axi_ad9361_0|i_dev_if|i_rx|i_altlvds_rx|auto_generated|pll_sclk~FRACTIONAL_PLL|vcoph[0]      ;
;   14.706 ;   0.000  ; RR ; IC   ; 1      ; PLLOUTPUTCOUNTER_X54_Y2_N1 ; U_core|U_nios_system|axi_ad9361_0|i_dev_if|i_rx|i_altlvds_rx|auto_generated|pll_sclk~PLL_OUTPUT_COUNTER|vco0ph[0] ;
;   16.118 ;   1.412  ; RR ; CELL ; 1      ; PLLOUTPUTCOUNTER_X54_Y2_N1 ; U_core|U_nios_system|axi_ad9361_0|i_dev_if|i_rx|i_altlvds_rx|auto_generated|pll_sclk~PLL_OUTPUT_COUNTER|divclk    ;
;   16.894 ;   0.776  ; RR ; IC   ; 1      ; CLKCTRL_G10                ; U_core|U_nios_system|axi_ad9361_0|i_dev_if|i_tx|i_altlvds_tx|auto_generated|coreclk_buf|sd10|inclk                ;
;   17.266 ;   0.372  ; RR ; CELL ; 9044   ; CLKCTRL_G10                ; U_core|U_nios_system|axi_ad9361_0|i_dev_if|i_tx|i_altlvds_tx|auto_generated|coreclk_buf|sd10|outclk               ;
;   19.220 ;   1.954  ; RR ; IC   ; 1      ; FF_X4_Y24_N49              ; U_core|\gen_sweep_analyzer:U_dwell_summary|LessThan4~8_NEW_REG3808|clk                                            ;
;   19.787 ;   0.567  ; RR ; CELL ; 1      ; FF_X4_Y24_N49              ; bladerf_core:U_core|dwell_summary:\gen_sweep_analyzer:U_dwell_summary|LessThan4~8_OTERM3809                       ;
;   21.162 ;   1.375  ;    ;      ;        ;                            ; clock pessimism removed                                                                                           ;
; 21.092   ; -0.070   ;    ;      ;        ;                            ; clock uncertainty                                                                                                 ;
; 21.092   ; 0.000    ;    ; uTsu ; 1      ; FF_X4_Y24_N49              ; bladerf_core:U_core|dwell_summary:\gen_sweep_analyzer:U_dwell_summary|LessThan4~8_OTERM3809                       ;
+----------+----------+----+------+--------+----------------------------+-------------------------------------------------------------------------------------------------------------------+

----------------------------
; Extra Fitter Information ;
----------------------------
HTML report is unavailable in plain text report export.


Path #5: Setup slack is 0.493 
===============================================================================
+-------------------------------------------------------------------------------------------------------------------------------------+
; Path Summary                                                                                                                        ;
+--------------------+----------------------------------------------------------------------------------------------------------------+
; Property           ; Value                                                                                                          ;
+--------------------+----------------------------------------------------------------------------------------------------------------+
; From Node          ; bladerf_core:U_core|dwell_summary:\gen_sweep_analyzer:U_dwell_summary|dwell_peak[29]_OTERM2217~DUPLICATE       ;
; To Node            ; bladerf_core:U_core|dwell_summary:\gen_sweep_analyzer:U_dwell_summary|LessThan4~3_OTERM3797                    ;
; Launch Clock       ; U_core|U_nios_system|axi_ad9361_0|i_dev_if|i_rx|i_altlvds_rx|auto_generated|pll_sclk~PLL_OUTPUT_COUNTER|divclk ;
; Latch Clock        ; U_core|U_nios_system|axi_ad9361_0|i_dev_if|i_rx|i_altlvds_rx|auto_generated|pll_sclk~PLL_OUTPUT_COUNTER|divclk ;
; Data Arrival Time  ; 20.558                                                                                                         ;
; Data Required Time ; 21.051                                                                                                         ;
; Slack              ; 0.493                                                                                                          ;
+--------------------+----------------------------------------------------------------------------------------------------------------+

+--------------------------------------------------------------------------------------+
; Statistics                                                                           ;
+------------------------+--------+-------+-------------+------------+--------+--------+
; Property               ; Value  ; Count ; Total Delay ; % of Total ; Min    ; Max    ;
+------------------------+--------+-------+-------------+------------+--------+--------+
; Setup Relationship     ; 8.000  ;       ;             ;            ;        ;        ;
; Clock Skew             ; -0.143 ;       ;             ;            ;        ;        ;
; Data Delay             ; 7.294  ;       ;             ;            ;        ;        ;
; Number of Logic Levels ;        ; 5     ;             ;            ;        ;        ;
; Physical Delays        ;        ;       ;             ;            ;        ;        ;
;  Arrival Path          ;        ;       ;             ;            ;        ;        ;
;   Clock                ;        ;       ;             ;            ;        ;        ;
;    IC                  ;        ; 6     ; 3.790       ; 48         ; 0.000  ; 2.044  ;
;    Cell                ;        ; 5     ; 4.077       ; 52         ; 0.378  ; 1.661  ;
;    PLL Compensation    ;        ; 1     ; -1.603      ; 0          ; -1.603 ; -1.603 ;
;   Data                 ;        ;       ;             ;            ;        ;        ;
;    IC                  ;        ; 6     ; 3.976       ; 55         ; 0.000  ; 1.100  ;
;    Cell                ;        ; 7     ; 3.318       ; 45         ; 0.000  ; 0.755  ;
;    uTco                ;        ; 1     ; 0.000       ; 0          ; 0.000  ; 0.000  ;
;  Required Path         ;        ;       ;             ;            ;        ;        ;
;   Clock                ;        ;       ;             ;            ;        ;        ;
;    IC                  ;        ; 6     ; 3.595       ; 49         ; 0.000  ; 1.953  ;
;    Cell                ;        ; 5     ; 3.703       ; 51         ; 0.355  ; 1.412  ;
;    PLL Compensation    ;        ; 1     ; -2.525      ; 0          ; -2.525 ; -2.525 ;
+------------------------+--------+-------+-------------+------------+--------+--------+
Note: Negative delays are omitted from totals when calculating percentages

+-------------------------------------------------------------------------------------------------------------------------------------------------------------------------------------------+
; Data Arrival Path                                                                                                                                                                         ;
+----------+----------+----+------+--------+----------------------------+-------------------------------------------------------------------------------------------------------------------+
; Total    ; Incr     ; RF ; Type ; Fanout ; Location                   ; Element                                                                                                           ;
+----------+----------+----+------+--------+----------------------------+-------------------------------------------------------------------------------------------------------------------+
; 7.000    ; 7.000    ;    ;      ;        ;                            ; launch edge time                                                                                                  ;
; 13.264   ; 6.264    ;    ;      ;        ;                            ; clock path                                                                                                        ;
;   7.000  ;   0.000  ;    ;      ;        ;                            ; source latency                                                                                                    ;
;   7.000  ;   0.000  ;    ;      ; 1      ; PIN_V15                    ; adi_rx_clock                                                                                                      ;
;   7.000  ;   0.000  ; RR ; IC   ; 1      ; IOIBUF_X38_Y0_N1           ; adi_rx_clock~input|i                                                                                              ;
;   8.010  ;   1.010  ; RR ; CELL ; 1      ; IOIBUF_X38_Y0_N1           ; adi_rx_clock~input|o                                                                                              ;
;   8.917  ;   0.907  ; RR ; IC   ; 1      ; PLLREFCLKSELECT_X54_Y7_N0  ; U_core|U_nios_system|axi_ad9361_0|i_dev_if|i_rx|i_altlvds_rx|auto_generated|pll_sclk~PLL_REFCLK_SELECT|clkin[0]   ;
;   9.295  ;   0.378  ; RR ; CELL ; 1      ; PLLREFCLKSELECT_X54_Y7_N0  ; U_core|U_nios_system|axi_ad9361_0|i_dev_if|i_rx|i_altlvds_rx|auto_generated|pll_sclk~PLL_REFCLK_SELECT|clkout     ;
;   9.295  ;   0.000  ; RR ; IC   ; 11     ; FRACTIONALPLL_X54_Y1_N0    ; U_core|U_nios_system|axi_ad9361_0|i_dev_if|i_rx|i_altlvds_rx|auto_generated|pll_sclk~FRACTIONAL_PLL|refclkin      ;
;   7.692  ;   -1.603 ; RR ; COMP ; 3      ; FRACTIONALPLL_X54_Y1_N0    ; U_core|U_nios_system|axi_ad9361_0|i_dev_if|i_rx|i_altlvds_rx|auto_generated|pll_sclk~FRACTIONAL_PLL|vcoph[0]      ;
;   7.692  ;   0.000  ; RR ; IC   ; 1      ; PLLOUTPUTCOUNTER_X54_Y2_N1 ; U_core|U_nios_system|axi_ad9361_0|i_dev_if|i_rx|i_altlvds_rx|auto_generated|pll_sclk~PLL_OUTPUT_COUNTER|vco0ph[0] ;
;   9.353  ;   1.661  ; RR ; CELL ; 1      ; PLLOUTPUTCOUNTER_X54_Y2_N1 ; U_core|U_nios_system|axi_ad9361_0|i_dev_if|i_rx|i_altlvds_rx|auto_generated|pll_sclk~PLL_OUTPUT_COUNTER|divclk    ;
;   10.192 ;   0.839  ; RR ; IC   ; 1      ; CLKCTRL_G10                ; U_core|U_nios_system|axi_ad9361_0|i_dev_if|i_tx|i_altlvds_tx|auto_generated|coreclk_buf|sd10|inclk                ;
;   10.592 ;   0.400  ; RR ; CELL ; 9044   ; CLKCTRL_G10                ; U_core|U_nios_system|axi_ad9361_0|i_dev_if|i_tx|i_altlvds_tx|auto_generated|coreclk_buf|sd10|outclk               ;
;   12.636 ;   2.044  ; RR ; IC   ; 1      ; FF_X4_Y24_N55              ; U_core|\gen_sweep_analyzer:U_dwell_summary|dwell_peak[29]_OTERM2217~DUPLICATE|clk                                 ;
;   13.264 ;   0.628  ; RR ; CELL ; 1      ; FF_X4_Y24_N55              ; bladerf_core:U_core|dwell_summary:\gen_sweep_analyzer:U_dwell_summary|dwell_peak[29]_OTERM2217~DUPLICATE          ;
; 20.558   ; 7.294    ;    ;      ;        ;                            ; data path                                                                                                         ;
;   13.264 ;   0.000  ;    ; uTco ; 1      ; FF_X4_Y24_N55              ; bladerf_core:U_core|dwell_summary:\gen_sweep_analyzer:U_dwell_summary|dwell_peak[29]_OTERM2217~DUPLICATE          ;
;   13.264 ;   0.000  ; RR ; CELL ; 9      ; FF_X4_Y24_N55              ; U_core|\gen_sweep_analyzer:U_dwell_summary|dwell_peak[29]_OTERM2217~DUPLICATE|q                                   ;
;   13.880 ;   0.616  ; RR ; IC   ; 1      ; LABCELL_X5_Y24_N39         ; U_core|\gen_sweep_analyzer:U_dwell_summary|dwell_peak[26]_NEW1070|datab                                           ;
;   14.606 ;   0.726  ; RF ; CELL ; 4      ; LABCELL_X5_Y24_N39         ; U_core|\gen_sweep_analyzer:U_dwell_summary|dwell_peak[26]_NEW1070|combout                                         ;
;   15.706 ;   1.100  ; FF ; IC   ; 1      ; MLABCELL_X4_Y28_N57        ; U_core|\gen_sweep_analyzer:U_dwell_summary|LessThan4~22|datab                                                     ;
;   16.447 ;   0.741  ; FF ; CELL ; 1      ; MLABCELL_X4_Y28_N57        ; U_core|\gen_sweep_analyzer:U_dwell_summary|LessThan4~22|combout                                                   ;
;   17.140 ;   0.693  ; FF ; IC   ; 1      ; LABCELL_X5_Y24_N18         ; U_core|\gen_sweep_analyzer:U_dwell_summary|LessThan4~23|dataf                                                     ;
;   17.239 ;   0.099  ; FF ; CELL ; 23     ; LABCELL_X5_Y24_N18         ; U_core|\gen_sweep_analyzer:U_dwell_summary|LessThan4~23|combout                                                   ;
;   18.116 ;   0.877  ; FF ; IC   ; 1      ; MLABCELL_X4_Y25_N45        ; U_core|\gen_sweep_analyzer:U_dwell_summary|dwell_peak[5]_NEW1124~_Duplicate|datac                                 ;
;   18.795 ;   0.679  ; FF ; CELL ; 2      ; MLABCELL_X4_Y25_N45        ; U_core|\gen_sweep_analyzer:U_dwell_summary|dwell_peak[5]_NEW1124~_Duplicate|combout                               ;
;   19.485 ;   0.690  ; FF ; IC   ; 1      ; LABCELL_X7_Y25_N30         ; U_core|\gen_sweep_analyzer:U_dwell_summary|LessThan4~3|dataa                                                      ;
;   20.240 ;   0.755  ; FR ; CELL ; 1      ; LABCELL_X7_Y25_N30         ; U_core|\gen_sweep_analyzer:U_dwell_summary|LessThan4~3|combout                                                    ;
;   20.240 ;   0.000  ; RR ; IC   ; 1      ; FF_X7_Y25_N32              ; U_core|\gen_sweep_analyzer:U_dwell_summary|LessThan4~3_NEW_REG3796|d                                              ;
;   20.558 ;   0.318  ; RR ; CELL ; 1      ; FF_X7_Y25_N32              ; bladerf_core:U_core|dwell_summary:\gen_sweep_analyzer:U_dwell_summary|LessThan4~3_OTERM3797                       ;
+----------+----------+----+------+--------+----------------------------+-------------------------------------------------------------------------------------------------------------------+

+-------------------------------------------------------------------------------------------------------------------------------------------------------------------------------------------+
; Data Required Path                                                                                                                                                                        ;
+----------+----------+----+------+--------+----------------------------+-------------------------------------------------------------------------------------------------------------------+
; Total    ; Incr     ; RF ; Type ; Fanout ; Location                   ; Element                                                                                                           ;
+----------+----------+----+------+--------+----------------------------+-------------------------------------------------------------------------------------------------------------------+
; 15.000   ; 15.000   ;    ;      ;        ;                            ; latch edge time                                                                                                   ;
; 21.121   ; 6.121    ;    ;      ;        ;                            ; clock path                                                                                                        ;
;   15.000 ;   0.000  ;    ;      ;        ;                            ; source latency                                                                                                    ;
;   15.000 ;   0.000  ;    ;      ; 1      ; PIN_V15                    ; adi_rx_clock                                                                                                      ;
;   15.000 ;   0.000  ; RR ; IC   ; 1      ; IOIBUF_X38_Y0_N1           ; adi_rx_clock~input|i                                                                                              ;
;   16.010 ;   1.010  ; RR ; CELL ; 1      ; IOIBUF_X38_Y0_N1           ; adi_rx_clock~input|o                                                                                              ;
;   16.876 ;   0.866  ; RR ; IC   ; 1      ; PLLREFCLKSELECT_X54_Y7_N0  ; U_core|U_nios_system|axi_ad9361_0|i_dev_if|i_rx|i_altlvds_rx|auto_generated|pll_sclk~PLL_REFCLK_SELECT|clkin[0]   ;
;   17.231 ;   0.355  ; RR ; CELL ; 1      ; PLLREFCLKSELECT_X54_Y7_N0  ; U_core|U_nios_system|axi_ad9361_0|i_dev_if|i_rx|i_altlvds_rx|auto_generated|pll_sclk~PLL_REFCLK_SELECT|clkout     ;
;   17.231 ;   0.000  ; RR ; IC   ; 11     ; FRACTIONALPLL_X54_Y1_N0    ; U_core|U_nios_system|axi_ad9361_0|i_dev_if|i_rx|i_altlvds_rx|auto_generated|pll_sclk~FRACTIONAL_PLL|refclkin      ;
;   14.706 ;   -2.525 ; RR ; COMP ; 3      ; FRACTIONALPLL_X54_Y1_N0    ; U_core|U_nios_system|axi_ad9361_0|i_dev_if|i_rx|i_altlvds_rx|auto_generated|pll_sclk~FRACTIONAL_PLL|vcoph[0]      ;
;   14.706 ;   0.000  ; RR ; IC   ; 1      ; PLLOUTPUTCOUNTER_X54_Y2_N1 ; U_core|U_nios_system|axi_ad9361_0|i_dev_if|i_rx|i_altlvds_rx|auto_generated|pll_sclk~PLL_OUTPUT_COUNTER|vco0ph[0] ;
;   16.118 ;   1.412  ; RR ; CELL ; 1      ; PLLOUTPUTCOUNTER_X54_Y2_N1 ; U_core|U_nios_system|axi_ad9361_0|i_dev_if|i_rx|i_altlvds_rx|auto_generated|pll_sclk~PLL_OUTPUT_COUNTER|divclk    ;
;   16.894 ;   0.776  ; RR ; IC   ; 1      ; CLKCTRL_G10                ; U_core|U_nios_system|axi_ad9361_0|i_dev_if|i_tx|i_altlvds_tx|auto_generated|coreclk_buf|sd10|inclk                ;
;   17.266 ;   0.372  ; RR ; CELL ; 9044   ; CLKCTRL_G10                ; U_core|U_nios_system|axi_ad9361_0|i_dev_if|i_tx|i_altlvds_tx|auto_generated|coreclk_buf|sd10|outclk               ;
;   19.219 ;   1.953  ; RR ; IC   ; 1      ; FF_X7_Y25_N32              ; U_core|\gen_sweep_analyzer:U_dwell_summary|LessThan4~3_NEW_REG3796|clk                                            ;
;   19.773 ;   0.554  ; RR ; CELL ; 1      ; FF_X7_Y25_N32              ; bladerf_core:U_core|dwell_summary:\gen_sweep_analyzer:U_dwell_summary|LessThan4~3_OTERM3797                       ;
;   21.121 ;   1.348  ;    ;      ;        ;                            ; clock pessimism removed                                                                                           ;
; 21.051   ; -0.070   ;    ;      ;        ;                            ; clock uncertainty                                                                                                 ;
; 21.051   ; 0.000    ;    ; uTsu ; 1      ; FF_X7_Y25_N32              ; bladerf_core:U_core|dwell_summary:\gen_sweep_analyzer:U_dwell_summary|LessThan4~3_OTERM3797                       ;
+----------+----------+----+------+--------+----------------------------+-------------------------------------------------------------------------------------------------------------------+

----------------------------
; Extra Fitter Information ;
----------------------------
HTML report is unavailable in plain text report export.


Path #6: Setup slack is 0.496 
===============================================================================
+-------------------------------------------------------------------------------------------------------------------------------------+
; Path Summary                                                                                                                        ;
+--------------------+----------------------------------------------------------------------------------------------------------------+
; Property           ; Value                                                                                                          ;
+--------------------+----------------------------------------------------------------------------------------------------------------+
; From Node          ; bladerf_core:U_core|dwell_summary:\gen_sweep_analyzer:U_dwell_summary|dwell_peak[29]_OTERM2217~DUPLICATE       ;
; To Node            ; bladerf_core:U_core|dwell_summary:\gen_sweep_analyzer:U_dwell_summary|LessThan4~0_RTM02762_OTERM3799           ;
; Launch Clock       ; U_core|U_nios_system|axi_ad9361_0|i_dev_if|i_rx|i_altlvds_rx|auto_generated|pll_sclk~PLL_OUTPUT_COUNTER|divclk ;
; Latch Clock        ; U_core|U_nios_system|axi_ad9361_0|i_dev_if|i_rx|i_altlvds_rx|auto_generated|pll_sclk~PLL_OUTPUT_COUNTER|divclk ;
; Data Arrival Time  ; 20.555                                                                                                         ;
; Data Required Time ; 21.051                                                                                                         ;
; Slack              ; 0.496                                                                                                          ;
+--------------------+----------------------------------------------------------------------------------------------------------------+

+--------------------------------------------------------------------------------------+
; Statistics                                                                           ;
+------------------------+--------+-------+-------------+------------+--------+--------+
; Property               ; Value  ; Count ; Total Delay ; % of Total ; Min    ; Max    ;
+------------------------+--------+-------+-------------+------------+--------+--------+
; Setup Relationship     ; 8.000  ;       ;             ;            ;        ;        ;
; Clock Skew             ; -0.143 ;       ;             ;            ;        ;        ;
; Data Delay             ; 7.291  ;       ;             ;            ;        ;        ;
; Number of Logic Levels ;        ; 5     ;             ;            ;        ;        ;
; Physical Delays        ;        ;       ;             ;            ;        ;        ;
;  Arrival Path          ;        ;       ;             ;            ;        ;        ;
;   Clock                ;        ;       ;             ;            ;        ;        ;
;    IC                  ;        ; 6     ; 3.790       ; 48         ; 0.000  ; 2.044  ;
;    Cell                ;        ; 5     ; 4.077       ; 52         ; 0.378  ; 1.661  ;
;    PLL Compensation    ;        ; 1     ; -1.603      ; 0          ; -1.603 ; -1.603 ;
;   Data                 ;        ;       ;             ;            ;        ;        ;
;    IC                  ;        ; 6     ; 3.973       ; 54         ; 0.000  ; 1.100  ;
;    Cell                ;        ; 7     ; 3.318       ; 46         ; 0.000  ; 0.755  ;
;    uTco                ;        ; 1     ; 0.000       ; 0          ; 0.000  ; 0.000  ;
;  Required Path         ;        ;       ;             ;            ;        ;        ;
;   Clock                ;        ;       ;             ;            ;        ;        ;
;    IC                  ;        ; 6     ; 3.595       ; 49         ; 0.000  ; 1.953  ;
;    Cell                ;        ; 5     ; 3.703       ; 51         ; 0.355  ; 1.412  ;
;    PLL Compensation    ;        ; 1     ; -2.525      ; 0          ; -2.525 ; -2.525 ;
+------------------------+--------+-------+-------------+------------+--------+--------+
Note: Negative delays are omitted from totals when calculating percentages

+-------------------------------------------------------------------------------------------------------------------------------------------------------------------------------------------+
; Data Arrival Path                                                                                                                                                                         ;
+----------+----------+----+------+--------+----------------------------+-------------------------------------------------------------------------------------------------------------------+
; Total    ; Incr     ; RF ; Type ; Fanout ; Location                   ; Element                                                                                                           ;
+----------+----------+----+------+--------+----------------------------+-------------------------------------------------------------------------------------------------------------------+
; 7.000    ; 7.000    ;    ;      ;        ;                            ; launch edge time                                                                                                  ;
; 13.264   ; 6.264    ;    ;      ;        ;                            ; clock path                                                                                                        ;
;   7.000  ;   0.000  ;    ;      ;        ;                            ; source latency                                                                                                    ;
;   7.000  ;   0.000  ;    ;      ; 1      ; PIN_V15                    ; adi_rx_clock                                                                                                      ;
;   7.000  ;   0.000  ; RR ; IC   ; 1      ; IOIBUF_X38_Y0_N1           ; adi_rx_clock~input|i                                                                                              ;
;   8.010  ;   1.010  ; RR ; CELL ; 1      ; IOIBUF_X38_Y0_N1           ; adi_rx_clock~input|o                                                                                              ;
;   8.917  ;   0.907  ; RR ; IC   ; 1      ; PLLREFCLKSELECT_X54_Y7_N0  ; U_core|U_nios_system|axi_ad9361_0|i_dev_if|i_rx|i_altlvds_rx|auto_generated|pll_sclk~PLL_REFCLK_SELECT|clkin[0]   ;
;   9.295  ;   0.378  ; RR ; CELL ; 1      ; PLLREFCLKSELECT_X54_Y7_N0  ; U_core|U_nios_system|axi_ad9361_0|i_dev_if|i_rx|i_altlvds_rx|auto_generated|pll_sclk~PLL_REFCLK_SELECT|clkout     ;
;   9.295  ;   0.000  ; RR ; IC   ; 11     ; FRACTIONALPLL_X54_Y1_N0    ; U_core|U_nios_system|axi_ad9361_0|i_dev_if|i_rx|i_altlvds_rx|auto_generated|pll_sclk~FRACTIONAL_PLL|refclkin      ;
;   7.692  ;   -1.603 ; RR ; COMP ; 3      ; FRACTIONALPLL_X54_Y1_N0    ; U_core|U_nios_system|axi_ad9361_0|i_dev_if|i_rx|i_altlvds_rx|auto_generated|pll_sclk~FRACTIONAL_PLL|vcoph[0]      ;
;   7.692  ;   0.000  ; RR ; IC   ; 1      ; PLLOUTPUTCOUNTER_X54_Y2_N1 ; U_core|U_nios_system|axi_ad9361_0|i_dev_if|i_rx|i_altlvds_rx|auto_generated|pll_sclk~PLL_OUTPUT_COUNTER|vco0ph[0] ;
;   9.353  ;   1.661  ; RR ; CELL ; 1      ; PLLOUTPUTCOUNTER_X54_Y2_N1 ; U_core|U_nios_system|axi_ad9361_0|i_dev_if|i_rx|i_altlvds_rx|auto_generated|pll_sclk~PLL_OUTPUT_COUNTER|divclk    ;
;   10.192 ;   0.839  ; RR ; IC   ; 1      ; CLKCTRL_G10                ; U_core|U_nios_system|axi_ad9361_0|i_dev_if|i_tx|i_altlvds_tx|auto_generated|coreclk_buf|sd10|inclk                ;
;   10.592 ;   0.400  ; RR ; CELL ; 9044   ; CLKCTRL_G10                ; U_core|U_nios_system|axi_ad9361_0|i_dev_if|i_tx|i_altlvds_tx|auto_generated|coreclk_buf|sd10|outclk               ;
;   12.636 ;   2.044  ; RR ; IC   ; 1      ; FF_X4_Y24_N55              ; U_core|\gen_sweep_analyzer:U_dwell_summary|dwell_peak[29]_OTERM2217~DUPLICATE|clk                                 ;
;   13.264 ;   0.628  ; RR ; CELL ; 1      ; FF_X4_Y24_N55              ; bladerf_core:U_core|dwell_summary:\gen_sweep_analyzer:U_dwell_summary|dwell_peak[29]_OTERM2217~DUPLICATE          ;
; 20.555   ; 7.291    ;    ;      ;        ;                            ; data path                                                                                                         ;
;   13.264 ;   0.000  ;    ; uTco ; 1      ; FF_X4_Y24_N55              ; bladerf_core:U_core|dwell_summary:\gen_sweep_analyzer:U_dwell_summary|dwell_peak[29]_OTERM2217~DUPLICATE          ;
;   13.264 ;   0.000  ; RR ; CELL ; 9      ; FF_X4_Y24_N55              ; U_core|\gen_sweep_analyzer:U_dwell_summary|dwell_peak[29]_OTERM2217~DUPLICATE|q                                   ;
;   13.880 ;   0.616  ; RR ; IC   ; 1      ; LABCELL_X5_Y24_N39         ; U_core|\gen_sweep_analyzer:U_dwell_summary|dwell_peak[26]_NEW1070|datab                                           ;
;   14.606 ;   0.726  ; RF ; CELL ; 4      ; LABCELL_X5_Y24_N39         ; U_core|\gen_sweep_analyzer:U_dwell_summary|dwell_peak[26]_NEW1070|combout                                         ;
;   15.706 ;   1.100  ; FF ; IC   ; 1      ; MLABCELL_X4_Y28_N57        ; U_core|\gen_sweep_analyzer:U_dwell_summary|LessThan4~22|datab                                                     ;
;   16.447 ;   0.741  ; FF ; CELL ; 1      ; MLABCELL_X4_Y28_N57        ; U_core|\gen_sweep_analyzer:U_dwell_summary|LessThan4~22|combout                                                   ;
;   17.140 ;   0.693  ; FF ; IC   ; 1      ; LABCELL_X5_Y24_N18         ; U_core|\gen_sweep_analyzer:U_dwell_summary|LessThan4~23|dataf                                                     ;
;   17.239 ;   0.099  ; FF ; CELL ; 23     ; LABCELL_X5_Y24_N18         ; U_core|\gen_sweep_analyzer:U_dwell_summary|LessThan4~23|combout                                                   ;
;   18.116 ;   0.877  ; FF ; IC   ; 1      ; MLABCELL_X4_Y25_N45        ; U_core|\gen_sweep_analyzer:U_dwell_summary|dwell_peak[5]_NEW1124~_Duplicate|datac                                 ;
;   18.795 ;   0.679  ; FF ; CELL ; 2      ; MLABCELL_X4_Y25_N45        ; U_core|\gen_sweep_analyzer:U_dwell_summary|dwell_peak[5]_NEW1124~_Duplicate|combout                               ;
;   19.482 ;   0.687  ; FF ; IC   ; 1      ; LABCELL_X7_Y25_N54         ; U_core|\gen_sweep_analyzer:U_dwell_summary|LessThan4~0_RTM02762|dataa                                             ;
;   20.237 ;   0.755  ; FR ; CELL ; 1      ; LABCELL_X7_Y25_N54         ; U_core|\gen_sweep_analyzer:U_dwell_summary|LessThan4~0_RTM02762|combout                                           ;
;   20.237 ;   0.000  ; RR ; IC   ; 1      ; FF_X7_Y25_N56              ; U_core|\gen_sweep_analyzer:U_dwell_summary|LessThan4~0_RTM02762_NEW_REG3798|d                                     ;
;   20.555 ;   0.318  ; RR ; CELL ; 1      ; FF_X7_Y25_N56              ; bladerf_core:U_core|dwell_summary:\gen_sweep_analyzer:U_dwell_summary|LessThan4~0_RTM02762_OTERM3799              ;
+----------+----------+----+------+--------+----------------------------+-------------------------------------------------------------------------------------------------------------------+

+-------------------------------------------------------------------------------------------------------------------------------------------------------------------------------------------+
; Data Required Path                                                                                                                                                                        ;
+----------+----------+----+------+--------+----------------------------+-------------------------------------------------------------------------------------------------------------------+
; Total    ; Incr     ; RF ; Type ; Fanout ; Location                   ; Element                                                                                                           ;
+----------+----------+----+------+--------+----------------------------+-------------------------------------------------------------------------------------------------------------------+
; 15.000   ; 15.000   ;    ;      ;        ;                            ; latch edge time                                                                                                   ;
; 21.121   ; 6.121    ;    ;      ;        ;                            ; clock path                                                                                                        ;
;   15.000 ;   0.000  ;    ;      ;        ;                            ; source latency                                                                                                    ;
;   15.000 ;   0.000  ;    ;      ; 1      ; PIN_V15                    ; adi_rx_clock                                                                                                      ;
;   15.000 ;   0.000  ; RR ; IC   ; 1      ; IOIBUF_X38_Y0_N1           ; adi_rx_clock~input|i                                                                                              ;
;   16.010 ;   1.010  ; RR ; CELL ; 1      ; IOIBUF_X38_Y0_N1           ; adi_rx_clock~input|o                                                                                              ;
;   16.876 ;   0.866  ; RR ; IC   ; 1      ; PLLREFCLKSELECT_X54_Y7_N0  ; U_core|U_nios_system|axi_ad9361_0|i_dev_if|i_rx|i_altlvds_rx|auto_generated|pll_sclk~PLL_REFCLK_SELECT|clkin[0]   ;
;   17.231 ;   0.355  ; RR ; CELL ; 1      ; PLLREFCLKSELECT_X54_Y7_N0  ; U_core|U_nios_system|axi_ad9361_0|i_dev_if|i_rx|i_altlvds_rx|auto_generated|pll_sclk~PLL_REFCLK_SELECT|clkout     ;
;   17.231 ;   0.000  ; RR ; IC   ; 11     ; FRACTIONALPLL_X54_Y1_N0    ; U_core|U_nios_system|axi_ad9361_0|i_dev_if|i_rx|i_altlvds_rx|auto_generated|pll_sclk~FRACTIONAL_PLL|refclkin      ;
;   14.706 ;   -2.525 ; RR ; COMP ; 3      ; FRACTIONALPLL_X54_Y1_N0    ; U_core|U_nios_system|axi_ad9361_0|i_dev_if|i_rx|i_altlvds_rx|auto_generated|pll_sclk~FRACTIONAL_PLL|vcoph[0]      ;
;   14.706 ;   0.000  ; RR ; IC   ; 1      ; PLLOUTPUTCOUNTER_X54_Y2_N1 ; U_core|U_nios_system|axi_ad9361_0|i_dev_if|i_rx|i_altlvds_rx|auto_generated|pll_sclk~PLL_OUTPUT_COUNTER|vco0ph[0] ;
;   16.118 ;   1.412  ; RR ; CELL ; 1      ; PLLOUTPUTCOUNTER_X54_Y2_N1 ; U_core|U_nios_system|axi_ad9361_0|i_dev_if|i_rx|i_altlvds_rx|auto_generated|pll_sclk~PLL_OUTPUT_COUNTER|divclk    ;
;   16.894 ;   0.776  ; RR ; IC   ; 1      ; CLKCTRL_G10                ; U_core|U_nios_system|axi_ad9361_0|i_dev_if|i_tx|i_altlvds_tx|auto_generated|coreclk_buf|sd10|inclk                ;
;   17.266 ;   0.372  ; RR ; CELL ; 9044   ; CLKCTRL_G10                ; U_core|U_nios_system|axi_ad9361_0|i_dev_if|i_tx|i_altlvds_tx|auto_generated|coreclk_buf|sd10|outclk               ;
;   19.219 ;   1.953  ; RR ; IC   ; 1      ; FF_X7_Y25_N56              ; U_core|\gen_sweep_analyzer:U_dwell_summary|LessThan4~0_RTM02762_NEW_REG3798|clk                                   ;
;   19.773 ;   0.554  ; RR ; CELL ; 1      ; FF_X7_Y25_N56              ; bladerf_core:U_core|dwell_summary:\gen_sweep_analyzer:U_dwell_summary|LessThan4~0_RTM02762_OTERM3799              ;
;   21.121 ;   1.348  ;    ;      ;        ;                            ; clock pessimism removed                                                                                           ;
; 21.051   ; -0.070   ;    ;      ;        ;                            ; clock uncertainty                                                                                                 ;
; 21.051   ; 0.000    ;    ; uTsu ; 1      ; FF_X7_Y25_N56              ; bladerf_core:U_core|dwell_summary:\gen_sweep_analyzer:U_dwell_summary|LessThan4~0_RTM02762_OTERM3799              ;
+----------+----------+----+------+--------+----------------------------+-------------------------------------------------------------------------------------------------------------------+

----------------------------
; Extra Fitter Information ;
----------------------------
HTML report is unavailable in plain text report export.


Path #7: Setup slack is 0.506 
===============================================================================
+-------------------------------------------------------------------------------------------------------------------------------------+
; Path Summary                                                                                                                        ;
+--------------------+----------------------------------------------------------------------------------------------------------------+
; Property           ; Value                                                                                                          ;
+--------------------+----------------------------------------------------------------------------------------------------------------+
; From Node          ; bladerf_core:U_core|dwell_summary:\gen_sweep_analyzer:U_dwell_summary|inst_energy[14]                          ;
; To Node            ; bladerf_core:U_core|dwell_summary:\gen_sweep_analyzer:U_dwell_summary|LessThan4~8_OTERM3809                    ;
; Launch Clock       ; U_core|U_nios_system|axi_ad9361_0|i_dev_if|i_rx|i_altlvds_rx|auto_generated|pll_sclk~PLL_OUTPUT_COUNTER|divclk ;
; Latch Clock        ; U_core|U_nios_system|axi_ad9361_0|i_dev_if|i_rx|i_altlvds_rx|auto_generated|pll_sclk~PLL_OUTPUT_COUNTER|divclk ;
; Data Arrival Time  ; 20.559                                                                                                         ;
; Data Required Time ; 21.065                                                                                                         ;
; Slack              ; 0.506                                                                                                          ;
+--------------------+----------------------------------------------------------------------------------------------------------------+

+--------------------------------------------------------------------------------------+
; Statistics                                                                           ;
+------------------------+--------+-------+-------------+------------+--------+--------+
; Property               ; Value  ; Count ; Total Delay ; % of Total ; Min    ; Max    ;
+------------------------+--------+-------+-------------+------------+--------+--------+
; Setup Relationship     ; 8.000  ;       ;             ;            ;        ;        ;
; Clock Skew             ; -0.123 ;       ;             ;            ;        ;        ;
; Data Delay             ; 7.301  ;       ;             ;            ;        ;        ;
; Number of Logic Levels ;        ; 6     ;             ;            ;        ;        ;
; Physical Delays        ;        ;       ;             ;            ;        ;        ;
;  Arrival Path          ;        ;       ;             ;            ;        ;        ;
;   Clock                ;        ;       ;             ;            ;        ;        ;
;    IC                  ;        ; 6     ; 3.789       ; 48         ; 0.000  ; 2.043  ;
;    Cell                ;        ; 5     ; 4.072       ; 52         ; 0.378  ; 1.661  ;
;    PLL Compensation    ;        ; 1     ; -1.603      ; 0          ; -1.603 ; -1.603 ;
;   Data                 ;        ;       ;             ;            ;        ;        ;
;    IC                  ;        ; 7     ; 2.910       ; 40         ; 0.000  ; 0.744  ;
;    Cell                ;        ; 8     ; 4.391       ; 60         ; 0.000  ; 0.779  ;
;    uTco                ;        ; 1     ; 0.000       ; 0          ; 0.000  ; 0.000  ;
;  Required Path         ;        ;       ;             ;            ;        ;        ;
;   Clock                ;        ;       ;             ;            ;        ;        ;
;    IC                  ;        ; 6     ; 3.596       ; 49         ; 0.000  ; 1.954  ;
;    Cell                ;        ; 5     ; 3.716       ; 51         ; 0.355  ; 1.412  ;
;    PLL Compensation    ;        ; 1     ; -2.525      ; 0          ; -2.525 ; -2.525 ;
+------------------------+--------+-------+-------------+------------+--------+--------+
Note: Negative delays are omitted from totals when calculating percentages

+-------------------------------------------------------------------------------------------------------------------------------------------------------------------------------------------+
; Data Arrival Path                                                                                                                                                                         ;
+----------+----------+----+------+--------+----------------------------+-------------------------------------------------------------------------------------------------------------------+
; Total    ; Incr     ; RF ; Type ; Fanout ; Location                   ; Element                                                                                                           ;
+----------+----------+----+------+--------+----------------------------+-------------------------------------------------------------------------------------------------------------------+
; 7.000    ; 7.000    ;    ;      ;        ;                            ; launch edge time                                                                                                  ;
; 13.258   ; 6.258    ;    ;      ;        ;                            ; clock path                                                                                                        ;
;   7.000  ;   0.000  ;    ;      ;        ;                            ; source latency                                                                                                    ;
;   7.000  ;   0.000  ;    ;      ; 1      ; PIN_V15                    ; adi_rx_clock                                                                                                      ;
;   7.000  ;   0.000  ; RR ; IC   ; 1      ; IOIBUF_X38_Y0_N1           ; adi_rx_clock~input|i                                                                                              ;
;   8.010  ;   1.010  ; RR ; CELL ; 1      ; IOIBUF_X38_Y0_N1           ; adi_rx_clock~input|o                                                                                              ;
;   8.917  ;   0.907  ; RR ; IC   ; 1      ; PLLREFCLKSELECT_X54_Y7_N0  ; U_core|U_nios_system|axi_ad9361_0|i_dev_if|i_rx|i_altlvds_rx|auto_generated|pll_sclk~PLL_REFCLK_SELECT|clkin[0]   ;
;   9.295  ;   0.378  ; RR ; CELL ; 1      ; PLLREFCLKSELECT_X54_Y7_N0  ; U_core|U_nios_system|axi_ad9361_0|i_dev_if|i_rx|i_altlvds_rx|auto_generated|pll_sclk~PLL_REFCLK_SELECT|clkout     ;
;   9.295  ;   0.000  ; RR ; IC   ; 11     ; FRACTIONALPLL_X54_Y1_N0    ; U_core|U_nios_system|axi_ad9361_0|i_dev_if|i_rx|i_altlvds_rx|auto_generated|pll_sclk~FRACTIONAL_PLL|refclkin      ;
;   7.692  ;   -1.603 ; RR ; COMP ; 3      ; FRACTIONALPLL_X54_Y1_N0    ; U_core|U_nios_system|axi_ad9361_0|i_dev_if|i_rx|i_altlvds_rx|auto_generated|pll_sclk~FRACTIONAL_PLL|vcoph[0]      ;
;   7.692  ;   0.000  ; RR ; IC   ; 1      ; PLLOUTPUTCOUNTER_X54_Y2_N1 ; U_core|U_nios_system|axi_ad9361_0|i_dev_if|i_rx|i_altlvds_rx|auto_generated|pll_sclk~PLL_OUTPUT_COUNTER|vco0ph[0] ;
;   9.353  ;   1.661  ; RR ; CELL ; 1      ; PLLOUTPUTCOUNTER_X54_Y2_N1 ; U_core|U_nios_system|axi_ad9361_0|i_dev_if|i_rx|i_altlvds_rx|auto_generated|pll_sclk~PLL_OUTPUT_COUNTER|divclk    ;
;   10.192 ;   0.839  ; RR ; IC   ; 1      ; CLKCTRL_G10                ; U_core|U_nios_system|axi_ad9361_0|i_dev_if|i_tx|i_altlvds_tx|auto_generated|coreclk_buf|sd10|inclk                ;
;   10.592 ;   0.400  ; RR ; CELL ; 9044   ; CLKCTRL_G10                ; U_core|U_nios_system|axi_ad9361_0|i_dev_if|i_tx|i_altlvds_tx|auto_generated|coreclk_buf|sd10|outclk               ;
;   12.635 ;   2.043  ; RR ; IC   ; 1      ; FF_X4_Y25_N35              ; U_core|\gen_sweep_analyzer:U_dwell_summary|inst_energy[14]|clk                                                    ;
;   13.258 ;   0.623  ; RR ; CELL ; 1      ; FF_X4_Y25_N35              ; bladerf_core:U_core|dwell_summary:\gen_sweep_analyzer:U_dwell_summary|inst_energy[14]                             ;
; 20.559   ; 7.301    ;    ;      ;        ;                            ; data path                                                                                                         ;
;   13.258 ;   0.000  ;    ; uTco ; 1      ; FF_X4_Y25_N35              ; bladerf_core:U_core|dwell_summary:\gen_sweep_analyzer:U_dwell_summary|inst_energy[14]                             ;
;   13.258 ;   0.000  ; RR ; CELL ; 4      ; FF_X4_Y25_N35              ; U_core|\gen_sweep_analyzer:U_dwell_summary|inst_energy[14]|q                                                      ;
;   13.589 ;   0.331  ; RR ; IC   ; 1      ; MLABCELL_X4_Y25_N48        ; U_core|\gen_sweep_analyzer:U_dwell_summary|LessThan4~9|dataa                                                      ;
;   14.368 ;   0.779  ; RF ; CELL ; 1      ; MLABCELL_X4_Y25_N48        ; U_core|\gen_sweep_analyzer:U_dwell_summary|LessThan4~9|combout                                                    ;
;   15.112 ;   0.744  ; FF ; IC   ; 1      ; LABCELL_X7_Y25_N12         ; U_core|\gen_sweep_analyzer:U_dwell_summary|LessThan4~15|dataa                                                     ;
;   15.871 ;   0.759  ; FR ; CELL ; 1      ; LABCELL_X7_Y25_N12         ; U_core|\gen_sweep_analyzer:U_dwell_summary|LessThan4~15|combout                                                   ;
;   16.577 ;   0.706  ; RR ; IC   ; 1      ; LABCELL_X5_Y24_N18         ; U_core|\gen_sweep_analyzer:U_dwell_summary|LessThan4~23|datae                                                     ;
;   16.973 ;   0.396  ; RF ; CELL ; 23     ; LABCELL_X5_Y24_N18         ; U_core|\gen_sweep_analyzer:U_dwell_summary|LessThan4~23|combout                                                   ;
;   17.336 ;   0.363  ; FF ; IC   ; 1      ; MLABCELL_X4_Y24_N24        ; U_core|\gen_sweep_analyzer:U_dwell_summary|dwell_peak[11]_NEW1064|datab                                           ;
;   18.081 ;   0.745  ; FF ; CELL ; 4      ; MLABCELL_X4_Y24_N24        ; U_core|\gen_sweep_analyzer:U_dwell_summary|dwell_peak[11]_NEW1064|combout                                         ;
;   18.662 ;   0.581  ; FF ; IC   ; 1      ; MLABCELL_X4_Y24_N45        ; U_core|\gen_sweep_analyzer:U_dwell_summary|LessThan4~4_RTM03749|datac                                             ;
;   19.296 ;   0.634  ; FF ; CELL ; 1      ; MLABCELL_X4_Y24_N45        ; U_core|\gen_sweep_analyzer:U_dwell_summary|LessThan4~4_RTM03749|combout                                           ;
;   19.481 ;   0.185  ; FF ; IC   ; 1      ; MLABCELL_X4_Y24_N48        ; U_core|\gen_sweep_analyzer:U_dwell_summary|LessThan4~8_RTM03811|datab                                             ;
;   20.243 ;   0.762  ; FR ; CELL ; 1      ; MLABCELL_X4_Y24_N48        ; U_core|\gen_sweep_analyzer:U_dwell_summary|LessThan4~8_RTM03811|combout                                           ;
;   20.243 ;   0.000  ; RR ; IC   ; 1      ; FF_X4_Y24_N49              ; U_core|\gen_sweep_analyzer:U_dwell_summary|LessThan4~8_NEW_REG3808|d                                              ;
;   20.559 ;   0.316  ; RR ; CELL ; 1      ; FF_X4_Y24_N49              ; bladerf_core:U_core|dwell_summary:\gen_sweep_analyzer:U_dwell_summary|LessThan4~8_OTERM3809                       ;
+----------+----------+----+------+--------+----------------------------+-------------------------------------------------------------------------------------------------------------------+

+-------------------------------------------------------------------------------------------------------------------------------------------------------------------------------------------+
; Data Required Path                                                                                                                                                                        ;
+----------+----------+----+------+--------+----------------------------+-------------------------------------------------------------------------------------------------------------------+
; Total    ; Incr     ; RF ; Type ; Fanout ; Location                   ; Element                                                                                                           ;
+----------+----------+----+------+--------+----------------------------+-------------------------------------------------------------------------------------------------------------------+
; 15.000   ; 15.000   ;    ;      ;        ;                            ; latch edge time                                                                                                   ;
; 21.135   ; 6.135    ;    ;      ;        ;                            ; clock path                                                                                                        ;
;   15.000 ;   0.000  ;    ;      ;        ;                            ; source latency                                                                                                    ;
;   15.000 ;   0.000  ;    ;      ; 1      ; PIN_V15                    ; adi_rx_clock                                                                                                      ;
;   15.000 ;   0.000  ; RR ; IC   ; 1      ; IOIBUF_X38_Y0_N1           ; adi_rx_clock~input|i                                                                                              ;
;   16.010 ;   1.010  ; RR ; CELL ; 1      ; IOIBUF_X38_Y0_N1           ; adi_rx_clock~input|o                                                                                              ;
;   16.876 ;   0.866  ; RR ; IC   ; 1      ; PLLREFCLKSELECT_X54_Y7_N0  ; U_core|U_nios_system|axi_ad9361_0|i_dev_if|i_rx|i_altlvds_rx|auto_generated|pll_sclk~PLL_REFCLK_SELECT|clkin[0]   ;
;   17.231 ;   0.355  ; RR ; CELL ; 1      ; PLLREFCLKSELECT_X54_Y7_N0  ; U_core|U_nios_system|axi_ad9361_0|i_dev_if|i_rx|i_altlvds_rx|auto_generated|pll_sclk~PLL_REFCLK_SELECT|clkout     ;
;   17.231 ;   0.000  ; RR ; IC   ; 11     ; FRACTIONALPLL_X54_Y1_N0    ; U_core|U_nios_system|axi_ad9361_0|i_dev_if|i_rx|i_altlvds_rx|auto_generated|pll_sclk~FRACTIONAL_PLL|refclkin      ;
;   14.706 ;   -2.525 ; RR ; COMP ; 3      ; FRACTIONALPLL_X54_Y1_N0    ; U_core|U_nios_system|axi_ad9361_0|i_dev_if|i_rx|i_altlvds_rx|auto_generated|pll_sclk~FRACTIONAL_PLL|vcoph[0]      ;
;   14.706 ;   0.000  ; RR ; IC   ; 1      ; PLLOUTPUTCOUNTER_X54_Y2_N1 ; U_core|U_nios_system|axi_ad9361_0|i_dev_if|i_rx|i_altlvds_rx|auto_generated|pll_sclk~PLL_OUTPUT_COUNTER|vco0ph[0] ;
;   16.118 ;   1.412  ; RR ; CELL ; 1      ; PLLOUTPUTCOUNTER_X54_Y2_N1 ; U_core|U_nios_system|axi_ad9361_0|i_dev_if|i_rx|i_altlvds_rx|auto_generated|pll_sclk~PLL_OUTPUT_COUNTER|divclk    ;
;   16.894 ;   0.776  ; RR ; IC   ; 1      ; CLKCTRL_G10                ; U_core|U_nios_system|axi_ad9361_0|i_dev_if|i_tx|i_altlvds_tx|auto_generated|coreclk_buf|sd10|inclk                ;
;   17.266 ;   0.372  ; RR ; CELL ; 9044   ; CLKCTRL_G10                ; U_core|U_nios_system|axi_ad9361_0|i_dev_if|i_tx|i_altlvds_tx|auto_generated|coreclk_buf|sd10|outclk               ;
;   19.220 ;   1.954  ; RR ; IC   ; 1      ; FF_X4_Y24_N49              ; U_core|\gen_sweep_analyzer:U_dwell_summary|LessThan4~8_NEW_REG3808|clk                                            ;
;   19.787 ;   0.567  ; RR ; CELL ; 1      ; FF_X4_Y24_N49              ; bladerf_core:U_core|dwell_summary:\gen_sweep_analyzer:U_dwell_summary|LessThan4~8_OTERM3809                       ;
;   21.135 ;   1.348  ;    ;      ;        ;                            ; clock pessimism removed                                                                                           ;
; 21.065   ; -0.070   ;    ;      ;        ;                            ; clock uncertainty                                                                                                 ;
; 21.065   ; 0.000    ;    ; uTsu ; 1      ; FF_X4_Y24_N49              ; bladerf_core:U_core|dwell_summary:\gen_sweep_analyzer:U_dwell_summary|LessThan4~8_OTERM3809                       ;
+----------+----------+----+------+--------+----------------------------+-------------------------------------------------------------------------------------------------------------------+

----------------------------
; Extra Fitter Information ;
----------------------------
HTML report is unavailable in plain text report export.


Path #8: Setup slack is 0.511 
===============================================================================
+-------------------------------------------------------------------------------------------------------------------------------------+
; Path Summary                                                                                                                        ;
+--------------------+----------------------------------------------------------------------------------------------------------------+
; Property           ; Value                                                                                                          ;
+--------------------+----------------------------------------------------------------------------------------------------------------+
; From Node          ; bladerf_core:U_core|dwell_summary:\gen_sweep_analyzer:U_dwell_summary|dwell_peak[29]_OTERM2217~DUPLICATE       ;
; To Node            ; bladerf_core:U_core|dwell_summary:\gen_sweep_analyzer:U_dwell_summary|LessThan4~8_OTERM3809                    ;
; Launch Clock       ; U_core|U_nios_system|axi_ad9361_0|i_dev_if|i_rx|i_altlvds_rx|auto_generated|pll_sclk~PLL_OUTPUT_COUNTER|divclk ;
; Latch Clock        ; U_core|U_nios_system|axi_ad9361_0|i_dev_if|i_rx|i_altlvds_rx|auto_generated|pll_sclk~PLL_OUTPUT_COUNTER|divclk ;
; Data Arrival Time  ; 20.581                                                                                                         ;
; Data Required Time ; 21.092                                                                                                         ;
; Slack              ; 0.511                                                                                                          ;
+--------------------+----------------------------------------------------------------------------------------------------------------+

+--------------------------------------------------------------------------------------+
; Statistics                                                                           ;
+------------------------+--------+-------+-------------+------------+--------+--------+
; Property               ; Value  ; Count ; Total Delay ; % of Total ; Min    ; Max    ;
+------------------------+--------+-------+-------------+------------+--------+--------+
; Setup Relationship     ; 8.000  ;       ;             ;            ;        ;        ;
; Clock Skew             ; -0.102 ;       ;             ;            ;        ;        ;
; Data Delay             ; 7.317  ;       ;             ;            ;        ;        ;
; Number of Logic Levels ;        ; 6     ;             ;            ;        ;        ;
; Physical Delays        ;        ;       ;             ;            ;        ;        ;
;  Arrival Path          ;        ;       ;             ;            ;        ;        ;
;   Clock                ;        ;       ;             ;            ;        ;        ;
;    IC                  ;        ; 6     ; 3.790       ; 48         ; 0.000  ; 2.044  ;
;    Cell                ;        ; 5     ; 4.077       ; 52         ; 0.378  ; 1.661  ;
;    PLL Compensation    ;        ; 1     ; -1.603      ; 0          ; -1.603 ; -1.603 ;
;   Data                 ;        ;       ;             ;            ;        ;        ;
;    IC                  ;        ; 7     ; 2.487       ; 34         ; 0.000  ; 0.712  ;
;    Cell                ;        ; 8     ; 4.830       ; 66         ; 0.000  ; 0.806  ;
;    uTco                ;        ; 1     ; 0.000       ; 0          ; 0.000  ; 0.000  ;
;  Required Path         ;        ;       ;             ;            ;        ;        ;
;   Clock                ;        ;       ;             ;            ;        ;        ;
;    IC                  ;        ; 6     ; 3.596       ; 49         ; 0.000  ; 1.954  ;
;    Cell                ;        ; 5     ; 3.716       ; 51         ; 0.355  ; 1.412  ;
;    PLL Compensation    ;        ; 1     ; -2.525      ; 0          ; -2.525 ; -2.525 ;
+------------------------+--------+-------+-------------+------------+--------+--------+
Note: Negative delays are omitted from totals when calculating percentages

+-------------------------------------------------------------------------------------------------------------------------------------------------------------------------------------------+
; Data Arrival Path                                                                                                                                                                         ;
+----------+----------+----+------+--------+----------------------------+-------------------------------------------------------------------------------------------------------------------+
; Total    ; Incr     ; RF ; Type ; Fanout ; Location                   ; Element                                                                                                           ;
+----------+----------+----+------+--------+----------------------------+-------------------------------------------------------------------------------------------------------------------+
; 7.000    ; 7.000    ;    ;      ;        ;                            ; launch edge time                                                                                                  ;
; 13.264   ; 6.264    ;    ;      ;        ;                            ; clock path                                                                                                        ;
;   7.000  ;   0.000  ;    ;      ;        ;                            ; source latency                                                                                                    ;
;   7.000  ;   0.000  ;    ;      ; 1      ; PIN_V15                    ; adi_rx_clock                                                                                                      ;
;   7.000  ;   0.000  ; RR ; IC   ; 1      ; IOIBUF_X38_Y0_N1           ; adi_rx_clock~input|i                                                                                              ;
;   8.010  ;   1.010  ; RR ; CELL ; 1      ; IOIBUF_X38_Y0_N1           ; adi_rx_clock~input|o                                                                                              ;
;   8.917  ;   0.907  ; RR ; IC   ; 1      ; PLLREFCLKSELECT_X54_Y7_N0  ; U_core|U_nios_system|axi_ad9361_0|i_dev_if|i_rx|i_altlvds_rx|auto_generated|pll_sclk~PLL_REFCLK_SELECT|clkin[0]   ;
;   9.295  ;   0.378  ; RR ; CELL ; 1      ; PLLREFCLKSELECT_X54_Y7_N0  ; U_core|U_nios_system|axi_ad9361_0|i_dev_if|i_rx|i_altlvds_rx|auto_generated|pll_sclk~PLL_REFCLK_SELECT|clkout     ;
;   9.295  ;   0.000  ; RR ; IC   ; 11     ; FRACTIONALPLL_X54_Y1_N0    ; U_core|U_nios_system|axi_ad9361_0|i_dev_if|i_rx|i_altlvds_rx|auto_generated|pll_sclk~FRACTIONAL_PLL|refclkin      ;
;   7.692  ;   -1.603 ; RR ; COMP ; 3      ; FRACTIONALPLL_X54_Y1_N0    ; U_core|U_nios_system|axi_ad9361_0|i_dev_if|i_rx|i_altlvds_rx|auto_generated|pll_sclk~FRACTIONAL_PLL|vcoph[0]      ;
;   7.692  ;   0.000  ; RR ; IC   ; 1      ; PLLOUTPUTCOUNTER_X54_Y2_N1 ; U_core|U_nios_system|axi_ad9361_0|i_dev_if|i_rx|i_altlvds_rx|auto_generated|pll_sclk~PLL_OUTPUT_COUNTER|vco0ph[0] ;
;   9.353  ;   1.661  ; RR ; CELL ; 1      ; PLLOUTPUTCOUNTER_X54_Y2_N1 ; U_core|U_nios_system|axi_ad9361_0|i_dev_if|i_rx|i_altlvds_rx|auto_generated|pll_sclk~PLL_OUTPUT_COUNTER|divclk    ;
;   10.192 ;   0.839  ; RR ; IC   ; 1      ; CLKCTRL_G10                ; U_core|U_nios_system|axi_ad9361_0|i_dev_if|i_tx|i_altlvds_tx|auto_generated|coreclk_buf|sd10|inclk                ;
;   10.592 ;   0.400  ; RR ; CELL ; 9044   ; CLKCTRL_G10                ; U_core|U_nios_system|axi_ad9361_0|i_dev_if|i_tx|i_altlvds_tx|auto_generated|coreclk_buf|sd10|outclk               ;
;   12.636 ;   2.044  ; RR ; IC   ; 1      ; FF_X4_Y24_N55              ; U_core|\gen_sweep_analyzer:U_dwell_summary|dwell_peak[29]_OTERM2217~DUPLICATE|clk                                 ;
;   13.264 ;   0.628  ; RR ; CELL ; 1      ; FF_X4_Y24_N55              ; bladerf_core:U_core|dwell_summary:\gen_sweep_analyzer:U_dwell_summary|dwell_peak[29]_OTERM2217~DUPLICATE          ;
; 20.581   ; 7.317    ;    ;      ;        ;                            ; data path                                                                                                         ;
;   13.264 ;   0.000  ;    ; uTco ; 1      ; FF_X4_Y24_N55              ; bladerf_core:U_core|dwell_summary:\gen_sweep_analyzer:U_dwell_summary|dwell_peak[29]_OTERM2217~DUPLICATE          ;
;   13.264 ;   0.000  ; RR ; CELL ; 9      ; FF_X4_Y24_N55              ; U_core|\gen_sweep_analyzer:U_dwell_summary|dwell_peak[29]_OTERM2217~DUPLICATE|q                                   ;
;   13.976 ;   0.712  ; RR ; IC   ; 1      ; LABCELL_X6_Y24_N54         ; U_core|\gen_sweep_analyzer:U_dwell_summary|dwell_peak[21]_NEW1122|dataa                                           ;
;   14.757 ;   0.781  ; RF ; CELL ; 4      ; LABCELL_X6_Y24_N54         ; U_core|\gen_sweep_analyzer:U_dwell_summary|dwell_peak[21]_NEW1122|combout                                         ;
;   15.015 ;   0.258  ; FF ; IC   ; 1      ; LABCELL_X6_Y24_N15         ; U_core|\gen_sweep_analyzer:U_dwell_summary|LessThan4~17|dataa                                                     ;
;   15.774 ;   0.759  ; FR ; CELL ; 1      ; LABCELL_X6_Y24_N15         ; U_core|\gen_sweep_analyzer:U_dwell_summary|LessThan4~17|combout                                                   ;
;   16.154 ;   0.380  ; RR ; IC   ; 1      ; LABCELL_X5_Y24_N18         ; U_core|\gen_sweep_analyzer:U_dwell_summary|LessThan4~23|dataa                                                     ;
;   16.960 ;   0.806  ; RR ; CELL ; 23     ; LABCELL_X5_Y24_N18         ; U_core|\gen_sweep_analyzer:U_dwell_summary|LessThan4~23|combout                                                   ;
;   17.331 ;   0.371  ; RR ; IC   ; 1      ; MLABCELL_X4_Y24_N24        ; U_core|\gen_sweep_analyzer:U_dwell_summary|dwell_peak[11]_NEW1064|datab                                           ;
;   18.103 ;   0.772  ; RF ; CELL ; 4      ; MLABCELL_X4_Y24_N24        ; U_core|\gen_sweep_analyzer:U_dwell_summary|dwell_peak[11]_NEW1064|combout                                         ;
;   18.684 ;   0.581  ; FF ; IC   ; 1      ; MLABCELL_X4_Y24_N45        ; U_core|\gen_sweep_analyzer:U_dwell_summary|LessThan4~4_RTM03749|datac                                             ;
;   19.318 ;   0.634  ; FF ; CELL ; 1      ; MLABCELL_X4_Y24_N45        ; U_core|\gen_sweep_analyzer:U_dwell_summary|LessThan4~4_RTM03749|combout                                           ;
;   19.503 ;   0.185  ; FF ; IC   ; 1      ; MLABCELL_X4_Y24_N48        ; U_core|\gen_sweep_analyzer:U_dwell_summary|LessThan4~8_RTM03811|datab                                             ;
;   20.265 ;   0.762  ; FR ; CELL ; 1      ; MLABCELL_X4_Y24_N48        ; U_core|\gen_sweep_analyzer:U_dwell_summary|LessThan4~8_RTM03811|combout                                           ;
;   20.265 ;   0.000  ; RR ; IC   ; 1      ; FF_X4_Y24_N49              ; U_core|\gen_sweep_analyzer:U_dwell_summary|LessThan4~8_NEW_REG3808|d                                              ;
;   20.581 ;   0.316  ; RR ; CELL ; 1      ; FF_X4_Y24_N49              ; bladerf_core:U_core|dwell_summary:\gen_sweep_analyzer:U_dwell_summary|LessThan4~8_OTERM3809                       ;
+----------+----------+----+------+--------+----------------------------+-------------------------------------------------------------------------------------------------------------------+

+-------------------------------------------------------------------------------------------------------------------------------------------------------------------------------------------+
; Data Required Path                                                                                                                                                                        ;
+----------+----------+----+------+--------+----------------------------+-------------------------------------------------------------------------------------------------------------------+
; Total    ; Incr     ; RF ; Type ; Fanout ; Location                   ; Element                                                                                                           ;
+----------+----------+----+------+--------+----------------------------+-------------------------------------------------------------------------------------------------------------------+
; 15.000   ; 15.000   ;    ;      ;        ;                            ; latch edge time                                                                                                   ;
; 21.162   ; 6.162    ;    ;      ;        ;                            ; clock path                                                                                                        ;
;   15.000 ;   0.000  ;    ;      ;        ;                            ; source latency                                                                                                    ;
;   15.000 ;   0.000  ;    ;      ; 1      ; PIN_V15                    ; adi_rx_clock                                                                                                      ;
;   15.000 ;   0.000  ; RR ; IC   ; 1      ; IOIBUF_X38_Y0_N1           ; adi_rx_clock~input|i                                                                                              ;
;   16.010 ;   1.010  ; RR ; CELL ; 1      ; IOIBUF_X38_Y0_N1           ; adi_rx_clock~input|o                                                                                              ;
;   16.876 ;   0.866  ; RR ; IC   ; 1      ; PLLREFCLKSELECT_X54_Y7_N0  ; U_core|U_nios_system|axi_ad9361_0|i_dev_if|i_rx|i_altlvds_rx|auto_generated|pll_sclk~PLL_REFCLK_SELECT|clkin[0]   ;
;   17.231 ;   0.355  ; RR ; CELL ; 1      ; PLLREFCLKSELECT_X54_Y7_N0  ; U_core|U_nios_system|axi_ad9361_0|i_dev_if|i_rx|i_altlvds_rx|auto_generated|pll_sclk~PLL_REFCLK_SELECT|clkout     ;
;   17.231 ;   0.000  ; RR ; IC   ; 11     ; FRACTIONALPLL_X54_Y1_N0    ; U_core|U_nios_system|axi_ad9361_0|i_dev_if|i_rx|i_altlvds_rx|auto_generated|pll_sclk~FRACTIONAL_PLL|refclkin      ;
;   14.706 ;   -2.525 ; RR ; COMP ; 3      ; FRACTIONALPLL_X54_Y1_N0    ; U_core|U_nios_system|axi_ad9361_0|i_dev_if|i_rx|i_altlvds_rx|auto_generated|pll_sclk~FRACTIONAL_PLL|vcoph[0]      ;
;   14.706 ;   0.000  ; RR ; IC   ; 1      ; PLLOUTPUTCOUNTER_X54_Y2_N1 ; U_core|U_nios_system|axi_ad9361_0|i_dev_if|i_rx|i_altlvds_rx|auto_generated|pll_sclk~PLL_OUTPUT_COUNTER|vco0ph[0] ;
;   16.118 ;   1.412  ; RR ; CELL ; 1      ; PLLOUTPUTCOUNTER_X54_Y2_N1 ; U_core|U_nios_system|axi_ad9361_0|i_dev_if|i_rx|i_altlvds_rx|auto_generated|pll_sclk~PLL_OUTPUT_COUNTER|divclk    ;
;   16.894 ;   0.776  ; RR ; IC   ; 1      ; CLKCTRL_G10                ; U_core|U_nios_system|axi_ad9361_0|i_dev_if|i_tx|i_altlvds_tx|auto_generated|coreclk_buf|sd10|inclk                ;
;   17.266 ;   0.372  ; RR ; CELL ; 9044   ; CLKCTRL_G10                ; U_core|U_nios_system|axi_ad9361_0|i_dev_if|i_tx|i_altlvds_tx|auto_generated|coreclk_buf|sd10|outclk               ;
;   19.220 ;   1.954  ; RR ; IC   ; 1      ; FF_X4_Y24_N49              ; U_core|\gen_sweep_analyzer:U_dwell_summary|LessThan4~8_NEW_REG3808|clk                                            ;
;   19.787 ;   0.567  ; RR ; CELL ; 1      ; FF_X4_Y24_N49              ; bladerf_core:U_core|dwell_summary:\gen_sweep_analyzer:U_dwell_summary|LessThan4~8_OTERM3809                       ;
;   21.162 ;   1.375  ;    ;      ;        ;                            ; clock pessimism removed                                                                                           ;
; 21.092   ; -0.070   ;    ;      ;        ;                            ; clock uncertainty                                                                                                 ;
; 21.092   ; 0.000    ;    ; uTsu ; 1      ; FF_X4_Y24_N49              ; bladerf_core:U_core|dwell_summary:\gen_sweep_analyzer:U_dwell_summary|LessThan4~8_OTERM3809                       ;
+----------+----------+----+------+--------+----------------------------+-------------------------------------------------------------------------------------------------------------------+

----------------------------
; Extra Fitter Information ;
----------------------------
HTML report is unavailable in plain text report export.


Path #9: Setup slack is 0.521 
===============================================================================
+-------------------------------------------------------------------------------------------------------------------------------------+
; Path Summary                                                                                                                        ;
+--------------------+----------------------------------------------------------------------------------------------------------------+
; Property           ; Value                                                                                                          ;
+--------------------+----------------------------------------------------------------------------------------------------------------+
; From Node          ; bladerf_core:U_core|dwell_summary:\gen_sweep_analyzer:U_dwell_summary|inst_energy[12]                          ;
; To Node            ; bladerf_core:U_core|dwell_summary:\gen_sweep_analyzer:U_dwell_summary|LessThan4~8_OTERM3809                    ;
; Launch Clock       ; U_core|U_nios_system|axi_ad9361_0|i_dev_if|i_rx|i_altlvds_rx|auto_generated|pll_sclk~PLL_OUTPUT_COUNTER|divclk ;
; Latch Clock        ; U_core|U_nios_system|axi_ad9361_0|i_dev_if|i_rx|i_altlvds_rx|auto_generated|pll_sclk~PLL_OUTPUT_COUNTER|divclk ;
; Data Arrival Time  ; 20.544                                                                                                         ;
; Data Required Time ; 21.065                                                                                                         ;
; Slack              ; 0.521                                                                                                          ;
+--------------------+----------------------------------------------------------------------------------------------------------------+

+--------------------------------------------------------------------------------------+
; Statistics                                                                           ;
+------------------------+--------+-------+-------------+------------+--------+--------+
; Property               ; Value  ; Count ; Total Delay ; % of Total ; Min    ; Max    ;
+------------------------+--------+-------+-------------+------------+--------+--------+
; Setup Relationship     ; 8.000  ;       ;             ;            ;        ;        ;
; Clock Skew             ; -0.114 ;       ;             ;            ;        ;        ;
; Data Delay             ; 7.295  ;       ;             ;            ;        ;        ;
; Number of Logic Levels ;        ; 6     ;             ;            ;        ;        ;
; Physical Delays        ;        ;       ;             ;            ;        ;        ;
;  Arrival Path          ;        ;       ;             ;            ;        ;        ;
;   Clock                ;        ;       ;             ;            ;        ;        ;
;    IC                  ;        ; 6     ; 3.789       ; 48         ; 0.000  ; 2.043  ;
;    Cell                ;        ; 5     ; 4.063       ; 52         ; 0.378  ; 1.661  ;
;    PLL Compensation    ;        ; 1     ; -1.603      ; 0          ; -1.603 ; -1.603 ;
;   Data                 ;        ;       ;             ;            ;        ;        ;
;    IC                  ;        ; 7     ; 3.292       ; 45         ; 0.000  ; 0.744  ;
;    Cell                ;        ; 8     ; 4.003       ; 55         ; 0.000  ; 0.762  ;
;    uTco                ;        ; 1     ; 0.000       ; 0          ; 0.000  ; 0.000  ;
;  Required Path         ;        ;       ;             ;            ;        ;        ;
;   Clock                ;        ;       ;             ;            ;        ;        ;
;    IC                  ;        ; 6     ; 3.596       ; 49         ; 0.000  ; 1.954  ;
;    Cell                ;        ; 5     ; 3.716       ; 51         ; 0.355  ; 1.412  ;
;    PLL Compensation    ;        ; 1     ; -2.525      ; 0          ; -2.525 ; -2.525 ;
+------------------------+--------+-------+-------------+------------+--------+--------+
Note: Negative delays are omitted from totals when calculating percentages

+-------------------------------------------------------------------------------------------------------------------------------------------------------------------------------------------+
; Data Arrival Path                                                                                                                                                                         ;
+----------+----------+----+------+--------+----------------------------+-------------------------------------------------------------------------------------------------------------------+
; Total    ; Incr     ; RF ; Type ; Fanout ; Location                   ; Element                                                                                                           ;
+----------+----------+----+------+--------+----------------------------+-------------------------------------------------------------------------------------------------------------------+
; 7.000    ; 7.000    ;    ;      ;        ;                            ; launch edge time                                                                                                  ;
; 13.249   ; 6.249    ;    ;      ;        ;                            ; clock path                                                                                                        ;
;   7.000  ;   0.000  ;    ;      ;        ;                            ; source latency                                                                                                    ;
;   7.000  ;   0.000  ;    ;      ; 1      ; PIN_V15                    ; adi_rx_clock                                                                                                      ;
;   7.000  ;   0.000  ; RR ; IC   ; 1      ; IOIBUF_X38_Y0_N1           ; adi_rx_clock~input|i                                                                                              ;
;   8.010  ;   1.010  ; RR ; CELL ; 1      ; IOIBUF_X38_Y0_N1           ; adi_rx_clock~input|o                                                                                              ;
;   8.917  ;   0.907  ; RR ; IC   ; 1      ; PLLREFCLKSELECT_X54_Y7_N0  ; U_core|U_nios_system|axi_ad9361_0|i_dev_if|i_rx|i_altlvds_rx|auto_generated|pll_sclk~PLL_REFCLK_SELECT|clkin[0]   ;
;   9.295  ;   0.378  ; RR ; CELL ; 1      ; PLLREFCLKSELECT_X54_Y7_N0  ; U_core|U_nios_system|axi_ad9361_0|i_dev_if|i_rx|i_altlvds_rx|auto_generated|pll_sclk~PLL_REFCLK_SELECT|clkout     ;
;   9.295  ;   0.000  ; RR ; IC   ; 11     ; FRACTIONALPLL_X54_Y1_N0    ; U_core|U_nios_system|axi_ad9361_0|i_dev_if|i_rx|i_altlvds_rx|auto_generated|pll_sclk~FRACTIONAL_PLL|refclkin      ;
;   7.692  ;   -1.603 ; RR ; COMP ; 3      ; FRACTIONALPLL_X54_Y1_N0    ; U_core|U_nios_system|axi_ad9361_0|i_dev_if|i_rx|i_altlvds_rx|auto_generated|pll_sclk~FRACTIONAL_PLL|vcoph[0]      ;
;   7.692  ;   0.000  ; RR ; IC   ; 1      ; PLLOUTPUTCOUNTER_X54_Y2_N1 ; U_core|U_nios_system|axi_ad9361_0|i_dev_if|i_rx|i_altlvds_rx|auto_generated|pll_sclk~PLL_OUTPUT_COUNTER|vco0ph[0] ;
;   9.353  ;   1.661  ; RR ; CELL ; 1      ; PLLOUTPUTCOUNTER_X54_Y2_N1 ; U_core|U_nios_system|axi_ad9361_0|i_dev_if|i_rx|i_altlvds_rx|auto_generated|pll_sclk~PLL_OUTPUT_COUNTER|divclk    ;
;   10.192 ;   0.839  ; RR ; IC   ; 1      ; CLKCTRL_G10                ; U_core|U_nios_system|axi_ad9361_0|i_dev_if|i_tx|i_altlvds_tx|auto_generated|coreclk_buf|sd10|inclk                ;
;   10.592 ;   0.400  ; RR ; CELL ; 9044   ; CLKCTRL_G10                ; U_core|U_nios_system|axi_ad9361_0|i_dev_if|i_tx|i_altlvds_tx|auto_generated|coreclk_buf|sd10|outclk               ;
;   12.635 ;   2.043  ; RR ; IC   ; 1      ; FF_X4_Y25_N26              ; U_core|\gen_sweep_analyzer:U_dwell_summary|inst_energy[12]|clk                                                    ;
;   13.249 ;   0.614  ; RR ; CELL ; 1      ; FF_X4_Y25_N26              ; bladerf_core:U_core|dwell_summary:\gen_sweep_analyzer:U_dwell_summary|inst_energy[12]                             ;
; 20.544   ; 7.295    ;    ;      ;        ;                            ; data path                                                                                                         ;
;   13.249 ;   0.000  ;    ; uTco ; 1      ; FF_X4_Y25_N26              ; bladerf_core:U_core|dwell_summary:\gen_sweep_analyzer:U_dwell_summary|inst_energy[12]                             ;
;   13.249 ;   0.000  ; RR ; CELL ; 4      ; FF_X4_Y25_N26              ; U_core|\gen_sweep_analyzer:U_dwell_summary|inst_energy[12]|q                                                      ;
;   13.962 ;   0.713  ; RR ; IC   ; 1      ; MLABCELL_X4_Y25_N48        ; U_core|\gen_sweep_analyzer:U_dwell_summary|LessThan4~9|datae                                                      ;
;   14.353 ;   0.391  ; RF ; CELL ; 1      ; MLABCELL_X4_Y25_N48        ; U_core|\gen_sweep_analyzer:U_dwell_summary|LessThan4~9|combout                                                    ;
;   15.097 ;   0.744  ; FF ; IC   ; 1      ; LABCELL_X7_Y25_N12         ; U_core|\gen_sweep_analyzer:U_dwell_summary|LessThan4~15|dataa                                                     ;
;   15.856 ;   0.759  ; FR ; CELL ; 1      ; LABCELL_X7_Y25_N12         ; U_core|\gen_sweep_analyzer:U_dwell_summary|LessThan4~15|combout                                                   ;
;   16.562 ;   0.706  ; RR ; IC   ; 1      ; LABCELL_X5_Y24_N18         ; U_core|\gen_sweep_analyzer:U_dwell_summary|LessThan4~23|datae                                                     ;
;   16.958 ;   0.396  ; RF ; CELL ; 23     ; LABCELL_X5_Y24_N18         ; U_core|\gen_sweep_analyzer:U_dwell_summary|LessThan4~23|combout                                                   ;
;   17.321 ;   0.363  ; FF ; IC   ; 1      ; MLABCELL_X4_Y24_N24        ; U_core|\gen_sweep_analyzer:U_dwell_summary|dwell_peak[11]_NEW1064|datab                                           ;
;   18.066 ;   0.745  ; FF ; CELL ; 4      ; MLABCELL_X4_Y24_N24        ; U_core|\gen_sweep_analyzer:U_dwell_summary|dwell_peak[11]_NEW1064|combout                                         ;
;   18.647 ;   0.581  ; FF ; IC   ; 1      ; MLABCELL_X4_Y24_N45        ; U_core|\gen_sweep_analyzer:U_dwell_summary|LessThan4~4_RTM03749|datac                                             ;
;   19.281 ;   0.634  ; FF ; CELL ; 1      ; MLABCELL_X4_Y24_N45        ; U_core|\gen_sweep_analyzer:U_dwell_summary|LessThan4~4_RTM03749|combout                                           ;
;   19.466 ;   0.185  ; FF ; IC   ; 1      ; MLABCELL_X4_Y24_N48        ; U_core|\gen_sweep_analyzer:U_dwell_summary|LessThan4~8_RTM03811|datab                                             ;
;   20.228 ;   0.762  ; FR ; CELL ; 1      ; MLABCELL_X4_Y24_N48        ; U_core|\gen_sweep_analyzer:U_dwell_summary|LessThan4~8_RTM03811|combout                                           ;
;   20.228 ;   0.000  ; RR ; IC   ; 1      ; FF_X4_Y24_N49              ; U_core|\gen_sweep_analyzer:U_dwell_summary|LessThan4~8_NEW_REG3808|d                                              ;
;   20.544 ;   0.316  ; RR ; CELL ; 1      ; FF_X4_Y24_N49              ; bladerf_core:U_core|dwell_summary:\gen_sweep_analyzer:U_dwell_summary|LessThan4~8_OTERM3809                       ;
+----------+----------+----+------+--------+----------------------------+-------------------------------------------------------------------------------------------------------------------+

+-------------------------------------------------------------------------------------------------------------------------------------------------------------------------------------------+
; Data Required Path                                                                                                                                                                        ;
+----------+----------+----+------+--------+----------------------------+-------------------------------------------------------------------------------------------------------------------+
; Total    ; Incr     ; RF ; Type ; Fanout ; Location                   ; Element                                                                                                           ;
+----------+----------+----+------+--------+----------------------------+-------------------------------------------------------------------------------------------------------------------+
; 15.000   ; 15.000   ;    ;      ;        ;                            ; latch edge time                                                                                                   ;
; 21.135   ; 6.135    ;    ;      ;        ;                            ; clock path                                                                                                        ;
;   15.000 ;   0.000  ;    ;      ;        ;                            ; source latency                                                                                                    ;
;   15.000 ;   0.000  ;    ;      ; 1      ; PIN_V15                    ; adi_rx_clock                                                                                                      ;
;   15.000 ;   0.000  ; RR ; IC   ; 1      ; IOIBUF_X38_Y0_N1           ; adi_rx_clock~input|i                                                                                              ;
;   16.010 ;   1.010  ; RR ; CELL ; 1      ; IOIBUF_X38_Y0_N1           ; adi_rx_clock~input|o                                                                                              ;
;   16.876 ;   0.866  ; RR ; IC   ; 1      ; PLLREFCLKSELECT_X54_Y7_N0  ; U_core|U_nios_system|axi_ad9361_0|i_dev_if|i_rx|i_altlvds_rx|auto_generated|pll_sclk~PLL_REFCLK_SELECT|clkin[0]   ;
;   17.231 ;   0.355  ; RR ; CELL ; 1      ; PLLREFCLKSELECT_X54_Y7_N0  ; U_core|U_nios_system|axi_ad9361_0|i_dev_if|i_rx|i_altlvds_rx|auto_generated|pll_sclk~PLL_REFCLK_SELECT|clkout     ;
;   17.231 ;   0.000  ; RR ; IC   ; 11     ; FRACTIONALPLL_X54_Y1_N0    ; U_core|U_nios_system|axi_ad9361_0|i_dev_if|i_rx|i_altlvds_rx|auto_generated|pll_sclk~FRACTIONAL_PLL|refclkin      ;
;   14.706 ;   -2.525 ; RR ; COMP ; 3      ; FRACTIONALPLL_X54_Y1_N0    ; U_core|U_nios_system|axi_ad9361_0|i_dev_if|i_rx|i_altlvds_rx|auto_generated|pll_sclk~FRACTIONAL_PLL|vcoph[0]      ;
;   14.706 ;   0.000  ; RR ; IC   ; 1      ; PLLOUTPUTCOUNTER_X54_Y2_N1 ; U_core|U_nios_system|axi_ad9361_0|i_dev_if|i_rx|i_altlvds_rx|auto_generated|pll_sclk~PLL_OUTPUT_COUNTER|vco0ph[0] ;
;   16.118 ;   1.412  ; RR ; CELL ; 1      ; PLLOUTPUTCOUNTER_X54_Y2_N1 ; U_core|U_nios_system|axi_ad9361_0|i_dev_if|i_rx|i_altlvds_rx|auto_generated|pll_sclk~PLL_OUTPUT_COUNTER|divclk    ;
;   16.894 ;   0.776  ; RR ; IC   ; 1      ; CLKCTRL_G10                ; U_core|U_nios_system|axi_ad9361_0|i_dev_if|i_tx|i_altlvds_tx|auto_generated|coreclk_buf|sd10|inclk                ;
;   17.266 ;   0.372  ; RR ; CELL ; 9044   ; CLKCTRL_G10                ; U_core|U_nios_system|axi_ad9361_0|i_dev_if|i_tx|i_altlvds_tx|auto_generated|coreclk_buf|sd10|outclk               ;
;   19.220 ;   1.954  ; RR ; IC   ; 1      ; FF_X4_Y24_N49              ; U_core|\gen_sweep_analyzer:U_dwell_summary|LessThan4~8_NEW_REG3808|clk                                            ;
;   19.787 ;   0.567  ; RR ; CELL ; 1      ; FF_X4_Y24_N49              ; bladerf_core:U_core|dwell_summary:\gen_sweep_analyzer:U_dwell_summary|LessThan4~8_OTERM3809                       ;
;   21.135 ;   1.348  ;    ;      ;        ;                            ; clock pessimism removed                                                                                           ;
; 21.065   ; -0.070   ;    ;      ;        ;                            ; clock uncertainty                                                                                                 ;
; 21.065   ; 0.000    ;    ; uTsu ; 1      ; FF_X4_Y24_N49              ; bladerf_core:U_core|dwell_summary:\gen_sweep_analyzer:U_dwell_summary|LessThan4~8_OTERM3809                       ;
+----------+----------+----+------+--------+----------------------------+-------------------------------------------------------------------------------------------------------------------+

----------------------------
; Extra Fitter Information ;
----------------------------
HTML report is unavailable in plain text report export.


Path #10: Setup slack is 0.531 
===============================================================================
+-------------------------------------------------------------------------------------------------------------------------------------+
; Path Summary                                                                                                                        ;
+--------------------+----------------------------------------------------------------------------------------------------------------+
; Property           ; Value                                                                                                          ;
+--------------------+----------------------------------------------------------------------------------------------------------------+
; From Node          ; bladerf_core:U_core|dwell_summary:\gen_sweep_analyzer:U_dwell_summary|dwell_peak[12]_NEW1106_OTERM2824         ;
; To Node            ; bladerf_core:U_core|dwell_summary:\gen_sweep_analyzer:U_dwell_summary|LessThan4~8_OTERM3809                    ;
; Launch Clock       ; U_core|U_nios_system|axi_ad9361_0|i_dev_if|i_rx|i_altlvds_rx|auto_generated|pll_sclk~PLL_OUTPUT_COUNTER|divclk ;
; Latch Clock        ; U_core|U_nios_system|axi_ad9361_0|i_dev_if|i_rx|i_altlvds_rx|auto_generated|pll_sclk~PLL_OUTPUT_COUNTER|divclk ;
; Data Arrival Time  ; 20.534                                                                                                         ;
; Data Required Time ; 21.065                                                                                                         ;
; Slack              ; 0.531                                                                                                          ;
+--------------------+----------------------------------------------------------------------------------------------------------------+

+--------------------------------------------------------------------------------------+
; Statistics                                                                           ;
+------------------------+--------+-------+-------------+------------+--------+--------+
; Property               ; Value  ; Count ; Total Delay ; % of Total ; Min    ; Max    ;
+------------------------+--------+-------+-------------+------------+--------+--------+
; Setup Relationship     ; 8.000  ;       ;             ;            ;        ;        ;
; Clock Skew             ; -0.114 ;       ;             ;            ;        ;        ;
; Data Delay             ; 7.285  ;       ;             ;            ;        ;        ;
; Number of Logic Levels ;        ; 6     ;             ;            ;        ;        ;
; Physical Delays        ;        ;       ;             ;            ;        ;        ;
;  Arrival Path          ;        ;       ;             ;            ;        ;        ;
;   Clock                ;        ;       ;             ;            ;        ;        ;
;    IC                  ;        ; 6     ; 3.789       ; 48         ; 0.000  ; 2.043  ;
;    Cell                ;        ; 5     ; 4.063       ; 52         ; 0.378  ; 1.661  ;
;    PLL Compensation    ;        ; 1     ; -1.603      ; 0          ; -1.603 ; -1.603 ;
;   Data                 ;        ;       ;             ;            ;        ;        ;
;    IC                  ;        ; 7     ; 3.008       ; 41         ; 0.000  ; 0.744  ;
;    Cell                ;        ; 8     ; 4.277       ; 59         ; 0.000  ; 0.762  ;
;    uTco                ;        ; 1     ; 0.000       ; 0          ; 0.000  ; 0.000  ;
;  Required Path         ;        ;       ;             ;            ;        ;        ;
;   Clock                ;        ;       ;             ;            ;        ;        ;
;    IC                  ;        ; 6     ; 3.596       ; 49         ; 0.000  ; 1.954  ;
;    Cell                ;        ; 5     ; 3.716       ; 51         ; 0.355  ; 1.412  ;
;    PLL Compensation    ;        ; 1     ; -2.525      ; 0          ; -2.525 ; -2.525 ;
+------------------------+--------+-------+-------------+------------+--------+--------+
Note: Negative delays are omitted from totals when calculating percentages

+-------------------------------------------------------------------------------------------------------------------------------------------------------------------------------------------+
; Data Arrival Path                                                                                                                                                                         ;
+----------+----------+----+------+--------+----------------------------+-------------------------------------------------------------------------------------------------------------------+
; Total    ; Incr     ; RF ; Type ; Fanout ; Location                   ; Element                                                                                                           ;
+----------+----------+----+------+--------+----------------------------+-------------------------------------------------------------------------------------------------------------------+
; 7.000    ; 7.000    ;    ;      ;        ;                            ; launch edge time                                                                                                  ;
; 13.249   ; 6.249    ;    ;      ;        ;                            ; clock path                                                                                                        ;
;   7.000  ;   0.000  ;    ;      ;        ;                            ; source latency                                                                                                    ;
;   7.000  ;   0.000  ;    ;      ; 1      ; PIN_V15                    ; adi_rx_clock                                                                                                      ;
;   7.000  ;   0.000  ; RR ; IC   ; 1      ; IOIBUF_X38_Y0_N1           ; adi_rx_clock~input|i                                                                                              ;
;   8.010  ;   1.010  ; RR ; CELL ; 1      ; IOIBUF_X38_Y0_N1           ; adi_rx_clock~input|o                                                                                              ;
;   8.917  ;   0.907  ; RR ; IC   ; 1      ; PLLREFCLKSELECT_X54_Y7_N0  ; U_core|U_nios_system|axi_ad9361_0|i_dev_if|i_rx|i_altlvds_rx|auto_generated|pll_sclk~PLL_REFCLK_SELECT|clkin[0]   ;
;   9.295  ;   0.378  ; RR ; CELL ; 1      ; PLLREFCLKSELECT_X54_Y7_N0  ; U_core|U_nios_system|axi_ad9361_0|i_dev_if|i_rx|i_altlvds_rx|auto_generated|pll_sclk~PLL_REFCLK_SELECT|clkout     ;
;   9.295  ;   0.000  ; RR ; IC   ; 11     ; FRACTIONALPLL_X54_Y1_N0    ; U_core|U_nios_system|axi_ad9361_0|i_dev_if|i_rx|i_altlvds_rx|auto_generated|pll_sclk~FRACTIONAL_PLL|refclkin      ;
;   7.692  ;   -1.603 ; RR ; COMP ; 3      ; FRACTIONALPLL_X54_Y1_N0    ; U_core|U_nios_system|axi_ad9361_0|i_dev_if|i_rx|i_altlvds_rx|auto_generated|pll_sclk~FRACTIONAL_PLL|vcoph[0]      ;
;   7.692  ;   0.000  ; RR ; IC   ; 1      ; PLLOUTPUTCOUNTER_X54_Y2_N1 ; U_core|U_nios_system|axi_ad9361_0|i_dev_if|i_rx|i_altlvds_rx|auto_generated|pll_sclk~PLL_OUTPUT_COUNTER|vco0ph[0] ;
;   9.353  ;   1.661  ; RR ; CELL ; 1      ; PLLOUTPUTCOUNTER_X54_Y2_N1 ; U_core|U_nios_system|axi_ad9361_0|i_dev_if|i_rx|i_altlvds_rx|auto_generated|pll_sclk~PLL_OUTPUT_COUNTER|divclk    ;
;   10.192 ;   0.839  ; RR ; IC   ; 1      ; CLKCTRL_G10                ; U_core|U_nios_system|axi_ad9361_0|i_dev_if|i_tx|i_altlvds_tx|auto_generated|coreclk_buf|sd10|inclk                ;
;   10.592 ;   0.400  ; RR ; CELL ; 9044   ; CLKCTRL_G10                ; U_core|U_nios_system|axi_ad9361_0|i_dev_if|i_tx|i_altlvds_tx|auto_generated|coreclk_buf|sd10|outclk               ;
;   12.635 ;   2.043  ; RR ; IC   ; 1      ; FF_X4_Y25_N8               ; U_core|\gen_sweep_analyzer:U_dwell_summary|dwell_peak[12]_NEW1106_NEW_REG2823|clk                                 ;
;   13.249 ;   0.614  ; RR ; CELL ; 1      ; FF_X4_Y25_N8               ; bladerf_core:U_core|dwell_summary:\gen_sweep_analyzer:U_dwell_summary|dwell_peak[12]_NEW1106_OTERM2824            ;
; 20.534   ; 7.285    ;    ;      ;        ;                            ; data path                                                                                                         ;
;   13.249 ;   0.000  ;    ; uTco ; 1      ; FF_X4_Y25_N8               ; bladerf_core:U_core|dwell_summary:\gen_sweep_analyzer:U_dwell_summary|dwell_peak[12]_NEW1106_OTERM2824            ;
;   13.249 ;   0.000  ; RR ; CELL ; 4      ; FF_X4_Y25_N8               ; U_core|\gen_sweep_analyzer:U_dwell_summary|dwell_peak[12]_NEW1106_NEW_REG2823|q                                   ;
;   13.678 ;   0.429  ; RR ; IC   ; 1      ; MLABCELL_X4_Y25_N48        ; U_core|\gen_sweep_analyzer:U_dwell_summary|LessThan4~9|datad                                                      ;
;   14.343 ;   0.665  ; RF ; CELL ; 1      ; MLABCELL_X4_Y25_N48        ; U_core|\gen_sweep_analyzer:U_dwell_summary|LessThan4~9|combout                                                    ;
;   15.087 ;   0.744  ; FF ; IC   ; 1      ; LABCELL_X7_Y25_N12         ; U_core|\gen_sweep_analyzer:U_dwell_summary|LessThan4~15|dataa                                                     ;
;   15.846 ;   0.759  ; FR ; CELL ; 1      ; LABCELL_X7_Y25_N12         ; U_core|\gen_sweep_analyzer:U_dwell_summary|LessThan4~15|combout                                                   ;
;   16.552 ;   0.706  ; RR ; IC   ; 1      ; LABCELL_X5_Y24_N18         ; U_core|\gen_sweep_analyzer:U_dwell_summary|LessThan4~23|datae                                                     ;
;   16.948 ;   0.396  ; RF ; CELL ; 23     ; LABCELL_X5_Y24_N18         ; U_core|\gen_sweep_analyzer:U_dwell_summary|LessThan4~23|combout                                                   ;
;   17.311 ;   0.363  ; FF ; IC   ; 1      ; MLABCELL_X4_Y24_N24        ; U_core|\gen_sweep_analyzer:U_dwell_summary|dwell_peak[11]_NEW1064|datab                                           ;
;   18.056 ;   0.745  ; FF ; CELL ; 4      ; MLABCELL_X4_Y24_N24        ; U_core|\gen_sweep_analyzer:U_dwell_summary|dwell_peak[11]_NEW1064|combout                                         ;
;   18.637 ;   0.581  ; FF ; IC   ; 1      ; MLABCELL_X4_Y24_N45        ; U_core|\gen_sweep_analyzer:U_dwell_summary|LessThan4~4_RTM03749|datac                                             ;
;   19.271 ;   0.634  ; FF ; CELL ; 1      ; MLABCELL_X4_Y24_N45        ; U_core|\gen_sweep_analyzer:U_dwell_summary|LessThan4~4_RTM03749|combout                                           ;
;   19.456 ;   0.185  ; FF ; IC   ; 1      ; MLABCELL_X4_Y24_N48        ; U_core|\gen_sweep_analyzer:U_dwell_summary|LessThan4~8_RTM03811|datab                                             ;
;   20.218 ;   0.762  ; FR ; CELL ; 1      ; MLABCELL_X4_Y24_N48        ; U_core|\gen_sweep_analyzer:U_dwell_summary|LessThan4~8_RTM03811|combout                                           ;
;   20.218 ;   0.000  ; RR ; IC   ; 1      ; FF_X4_Y24_N49              ; U_core|\gen_sweep_analyzer:U_dwell_summary|LessThan4~8_NEW_REG3808|d                                              ;
;   20.534 ;   0.316  ; RR ; CELL ; 1      ; FF_X4_Y24_N49              ; bladerf_core:U_core|dwell_summary:\gen_sweep_analyzer:U_dwell_summary|LessThan4~8_OTERM3809                       ;
+----------+----------+----+------+--------+----------------------------+-------------------------------------------------------------------------------------------------------------------+

+-------------------------------------------------------------------------------------------------------------------------------------------------------------------------------------------+
; Data Required Path                                                                                                                                                                        ;
+----------+----------+----+------+--------+----------------------------+-------------------------------------------------------------------------------------------------------------------+
; Total    ; Incr     ; RF ; Type ; Fanout ; Location                   ; Element                                                                                                           ;
+----------+----------+----+------+--------+----------------------------+-------------------------------------------------------------------------------------------------------------------+
; 15.000   ; 15.000   ;    ;      ;        ;                            ; latch edge time                                                                                                   ;
; 21.135   ; 6.135    ;    ;      ;        ;                            ; clock path                                                                                                        ;
;   15.000 ;   0.000  ;    ;      ;        ;                            ; source latency                                                                                                    ;
;   15.000 ;   0.000  ;    ;      ; 1      ; PIN_V15                    ; adi_rx_clock                                                                                                      ;
;   15.000 ;   0.000  ; RR ; IC   ; 1      ; IOIBUF_X38_Y0_N1           ; adi_rx_clock~input|i                                                                                              ;
;   16.010 ;   1.010  ; RR ; CELL ; 1      ; IOIBUF_X38_Y0_N1           ; adi_rx_clock~input|o                                                                                              ;
;   16.876 ;   0.866  ; RR ; IC   ; 1      ; PLLREFCLKSELECT_X54_Y7_N0  ; U_core|U_nios_system|axi_ad9361_0|i_dev_if|i_rx|i_altlvds_rx|auto_generated|pll_sclk~PLL_REFCLK_SELECT|clkin[0]   ;
;   17.231 ;   0.355  ; RR ; CELL ; 1      ; PLLREFCLKSELECT_X54_Y7_N0  ; U_core|U_nios_system|axi_ad9361_0|i_dev_if|i_rx|i_altlvds_rx|auto_generated|pll_sclk~PLL_REFCLK_SELECT|clkout     ;
;   17.231 ;   0.000  ; RR ; IC   ; 11     ; FRACTIONALPLL_X54_Y1_N0    ; U_core|U_nios_system|axi_ad9361_0|i_dev_if|i_rx|i_altlvds_rx|auto_generated|pll_sclk~FRACTIONAL_PLL|refclkin      ;
;   14.706 ;   -2.525 ; RR ; COMP ; 3      ; FRACTIONALPLL_X54_Y1_N0    ; U_core|U_nios_system|axi_ad9361_0|i_dev_if|i_rx|i_altlvds_rx|auto_generated|pll_sclk~FRACTIONAL_PLL|vcoph[0]      ;
;   14.706 ;   0.000  ; RR ; IC   ; 1      ; PLLOUTPUTCOUNTER_X54_Y2_N1 ; U_core|U_nios_system|axi_ad9361_0|i_dev_if|i_rx|i_altlvds_rx|auto_generated|pll_sclk~PLL_OUTPUT_COUNTER|vco0ph[0] ;
;   16.118 ;   1.412  ; RR ; CELL ; 1      ; PLLOUTPUTCOUNTER_X54_Y2_N1 ; U_core|U_nios_system|axi_ad9361_0|i_dev_if|i_rx|i_altlvds_rx|auto_generated|pll_sclk~PLL_OUTPUT_COUNTER|divclk    ;
;   16.894 ;   0.776  ; RR ; IC   ; 1      ; CLKCTRL_G10                ; U_core|U_nios_system|axi_ad9361_0|i_dev_if|i_tx|i_altlvds_tx|auto_generated|coreclk_buf|sd10|inclk                ;
;   17.266 ;   0.372  ; RR ; CELL ; 9044   ; CLKCTRL_G10                ; U_core|U_nios_system|axi_ad9361_0|i_dev_if|i_tx|i_altlvds_tx|auto_generated|coreclk_buf|sd10|outclk               ;
;   19.220 ;   1.954  ; RR ; IC   ; 1      ; FF_X4_Y24_N49              ; U_core|\gen_sweep_analyzer:U_dwell_summary|LessThan4~8_NEW_REG3808|clk                                            ;
;   19.787 ;   0.567  ; RR ; CELL ; 1      ; FF_X4_Y24_N49              ; bladerf_core:U_core|dwell_summary:\gen_sweep_analyzer:U_dwell_summary|LessThan4~8_OTERM3809                       ;
;   21.135 ;   1.348  ;    ;      ;        ;                            ; clock pessimism removed                                                                                           ;
; 21.065   ; -0.070   ;    ;      ;        ;                            ; clock uncertainty                                                                                                 ;
; 21.065   ; 0.000    ;    ; uTsu ; 1      ; FF_X4_Y24_N49              ; bladerf_core:U_core|dwell_summary:\gen_sweep_analyzer:U_dwell_summary|LessThan4~8_OTERM3809                       ;
+----------+----------+----+------+--------+----------------------------+-------------------------------------------------------------------------------------------------------------------+

----------------------------
; Extra Fitter Information ;
----------------------------
HTML report is unavailable in plain text report export.


Path #11: Setup slack is 0.540 
===============================================================================
+-------------------------------------------------------------------------------------------------------------------------------------+
; Path Summary                                                                                                                        ;
+--------------------+----------------------------------------------------------------------------------------------------------------+
; Property           ; Value                                                                                                          ;
+--------------------+----------------------------------------------------------------------------------------------------------------+
; From Node          ; bladerf_core:U_core|dwell_summary:\gen_sweep_analyzer:U_dwell_summary|dwell_peak[13]_NEW1126_OTERM2808         ;
; To Node            ; bladerf_core:U_core|dwell_summary:\gen_sweep_analyzer:U_dwell_summary|LessThan4~8_OTERM3809                    ;
; Launch Clock       ; U_core|U_nios_system|axi_ad9361_0|i_dev_if|i_rx|i_altlvds_rx|auto_generated|pll_sclk~PLL_OUTPUT_COUNTER|divclk ;
; Latch Clock        ; U_core|U_nios_system|axi_ad9361_0|i_dev_if|i_rx|i_altlvds_rx|auto_generated|pll_sclk~PLL_OUTPUT_COUNTER|divclk ;
; Data Arrival Time  ; 20.525                                                                                                         ;
; Data Required Time ; 21.065                                                                                                         ;
; Slack              ; 0.540                                                                                                          ;
+--------------------+----------------------------------------------------------------------------------------------------------------+

+--------------------------------------------------------------------------------------+
; Statistics                                                                           ;
+------------------------+--------+-------+-------------+------------+--------+--------+
; Property               ; Value  ; Count ; Total Delay ; % of Total ; Min    ; Max    ;
+------------------------+--------+-------+-------------+------------+--------+--------+
; Setup Relationship     ; 8.000  ;       ;             ;            ;        ;        ;
; Clock Skew             ; -0.123 ;       ;             ;            ;        ;        ;
; Data Delay             ; 7.267  ;       ;             ;            ;        ;        ;
; Number of Logic Levels ;        ; 6     ;             ;            ;        ;        ;
; Physical Delays        ;        ;       ;             ;            ;        ;        ;
;  Arrival Path          ;        ;       ;             ;            ;        ;        ;
;   Clock                ;        ;       ;             ;            ;        ;        ;
;    IC                  ;        ; 6     ; 3.789       ; 48         ; 0.000  ; 2.043  ;
;    Cell                ;        ; 5     ; 4.072       ; 52         ; 0.378  ; 1.661  ;
;    PLL Compensation    ;        ; 1     ; -1.603      ; 0          ; -1.603 ; -1.603 ;
;   Data                 ;        ;       ;             ;            ;        ;        ;
;    IC                  ;        ; 7     ; 2.888       ; 40         ; 0.000  ; 0.744  ;
;    Cell                ;        ; 8     ; 4.379       ; 60         ; 0.000  ; 0.767  ;
;    uTco                ;        ; 1     ; 0.000       ; 0          ; 0.000  ; 0.000  ;
;  Required Path         ;        ;       ;             ;            ;        ;        ;
;   Clock                ;        ;       ;             ;            ;        ;        ;
;    IC                  ;        ; 6     ; 3.596       ; 49         ; 0.000  ; 1.954  ;
;    Cell                ;        ; 5     ; 3.716       ; 51         ; 0.355  ; 1.412  ;
;    PLL Compensation    ;        ; 1     ; -2.525      ; 0          ; -2.525 ; -2.525 ;
+------------------------+--------+-------+-------------+------------+--------+--------+
Note: Negative delays are omitted from totals when calculating percentages

+-------------------------------------------------------------------------------------------------------------------------------------------------------------------------------------------+
; Data Arrival Path                                                                                                                                                                         ;
+----------+----------+----+------+--------+----------------------------+-------------------------------------------------------------------------------------------------------------------+
; Total    ; Incr     ; RF ; Type ; Fanout ; Location                   ; Element                                                                                                           ;
+----------+----------+----+------+--------+----------------------------+-------------------------------------------------------------------------------------------------------------------+
; 7.000    ; 7.000    ;    ;      ;        ;                            ; launch edge time                                                                                                  ;
; 13.258   ; 6.258    ;    ;      ;        ;                            ; clock path                                                                                                        ;
;   7.000  ;   0.000  ;    ;      ;        ;                            ; source latency                                                                                                    ;
;   7.000  ;   0.000  ;    ;      ; 1      ; PIN_V15                    ; adi_rx_clock                                                                                                      ;
;   7.000  ;   0.000  ; RR ; IC   ; 1      ; IOIBUF_X38_Y0_N1           ; adi_rx_clock~input|i                                                                                              ;
;   8.010  ;   1.010  ; RR ; CELL ; 1      ; IOIBUF_X38_Y0_N1           ; adi_rx_clock~input|o                                                                                              ;
;   8.917  ;   0.907  ; RR ; IC   ; 1      ; PLLREFCLKSELECT_X54_Y7_N0  ; U_core|U_nios_system|axi_ad9361_0|i_dev_if|i_rx|i_altlvds_rx|auto_generated|pll_sclk~PLL_REFCLK_SELECT|clkin[0]   ;
;   9.295  ;   0.378  ; RR ; CELL ; 1      ; PLLREFCLKSELECT_X54_Y7_N0  ; U_core|U_nios_system|axi_ad9361_0|i_dev_if|i_rx|i_altlvds_rx|auto_generated|pll_sclk~PLL_REFCLK_SELECT|clkout     ;
;   9.295  ;   0.000  ; RR ; IC   ; 11     ; FRACTIONALPLL_X54_Y1_N0    ; U_core|U_nios_system|axi_ad9361_0|i_dev_if|i_rx|i_altlvds_rx|auto_generated|pll_sclk~FRACTIONAL_PLL|refclkin      ;
;   7.692  ;   -1.603 ; RR ; COMP ; 3      ; FRACTIONALPLL_X54_Y1_N0    ; U_core|U_nios_system|axi_ad9361_0|i_dev_if|i_rx|i_altlvds_rx|auto_generated|pll_sclk~FRACTIONAL_PLL|vcoph[0]      ;
;   7.692  ;   0.000  ; RR ; IC   ; 1      ; PLLOUTPUTCOUNTER_X54_Y2_N1 ; U_core|U_nios_system|axi_ad9361_0|i_dev_if|i_rx|i_altlvds_rx|auto_generated|pll_sclk~PLL_OUTPUT_COUNTER|vco0ph[0] ;
;   9.353  ;   1.661  ; RR ; CELL ; 1      ; PLLOUTPUTCOUNTER_X54_Y2_N1 ; U_core|U_nios_system|axi_ad9361_0|i_dev_if|i_rx|i_altlvds_rx|auto_generated|pll_sclk~PLL_OUTPUT_COUNTER|divclk    ;
;   10.192 ;   0.839  ; RR ; IC   ; 1      ; CLKCTRL_G10                ; U_core|U_nios_system|axi_ad9361_0|i_dev_if|i_tx|i_altlvds_tx|auto_generated|coreclk_buf|sd10|inclk                ;
;   10.592 ;   0.400  ; RR ; CELL ; 9044   ; CLKCTRL_G10                ; U_core|U_nios_system|axi_ad9361_0|i_dev_if|i_tx|i_altlvds_tx|auto_generated|coreclk_buf|sd10|outclk               ;
;   12.635 ;   2.043  ; RR ; IC   ; 1      ; FF_X4_Y25_N59              ; U_core|\gen_sweep_analyzer:U_dwell_summary|dwell_peak[13]_NEW1126_NEW_REG2807|clk                                 ;
;   13.258 ;   0.623  ; RR ; CELL ; 1      ; FF_X4_Y25_N59              ; bladerf_core:U_core|dwell_summary:\gen_sweep_analyzer:U_dwell_summary|dwell_peak[13]_NEW1126_OTERM2808            ;
; 20.525   ; 7.267    ;    ;      ;        ;                            ; data path                                                                                                         ;
;   13.258 ;   0.000  ;    ; uTco ; 1      ; FF_X4_Y25_N59              ; bladerf_core:U_core|dwell_summary:\gen_sweep_analyzer:U_dwell_summary|dwell_peak[13]_NEW1126_OTERM2808            ;
;   13.258 ;   0.000  ; RR ; CELL ; 4      ; FF_X4_Y25_N59              ; U_core|\gen_sweep_analyzer:U_dwell_summary|dwell_peak[13]_NEW1126_NEW_REG2807|q                                   ;
;   13.567 ;   0.309  ; RR ; IC   ; 1      ; MLABCELL_X4_Y25_N48        ; U_core|\gen_sweep_analyzer:U_dwell_summary|LessThan4~9|datab                                                      ;
;   14.334 ;   0.767  ; RF ; CELL ; 1      ; MLABCELL_X4_Y25_N48        ; U_core|\gen_sweep_analyzer:U_dwell_summary|LessThan4~9|combout                                                    ;
;   15.078 ;   0.744  ; FF ; IC   ; 1      ; LABCELL_X7_Y25_N12         ; U_core|\gen_sweep_analyzer:U_dwell_summary|LessThan4~15|dataa                                                     ;
;   15.837 ;   0.759  ; FR ; CELL ; 1      ; LABCELL_X7_Y25_N12         ; U_core|\gen_sweep_analyzer:U_dwell_summary|LessThan4~15|combout                                                   ;
;   16.543 ;   0.706  ; RR ; IC   ; 1      ; LABCELL_X5_Y24_N18         ; U_core|\gen_sweep_analyzer:U_dwell_summary|LessThan4~23|datae                                                     ;
;   16.939 ;   0.396  ; RF ; CELL ; 23     ; LABCELL_X5_Y24_N18         ; U_core|\gen_sweep_analyzer:U_dwell_summary|LessThan4~23|combout                                                   ;
;   17.302 ;   0.363  ; FF ; IC   ; 1      ; MLABCELL_X4_Y24_N24        ; U_core|\gen_sweep_analyzer:U_dwell_summary|dwell_peak[11]_NEW1064|datab                                           ;
;   18.047 ;   0.745  ; FF ; CELL ; 4      ; MLABCELL_X4_Y24_N24        ; U_core|\gen_sweep_analyzer:U_dwell_summary|dwell_peak[11]_NEW1064|combout                                         ;
;   18.628 ;   0.581  ; FF ; IC   ; 1      ; MLABCELL_X4_Y24_N45        ; U_core|\gen_sweep_analyzer:U_dwell_summary|LessThan4~4_RTM03749|datac                                             ;
;   19.262 ;   0.634  ; FF ; CELL ; 1      ; MLABCELL_X4_Y24_N45        ; U_core|\gen_sweep_analyzer:U_dwell_summary|LessThan4~4_RTM03749|combout                                           ;
;   19.447 ;   0.185  ; FF ; IC   ; 1      ; MLABCELL_X4_Y24_N48        ; U_core|\gen_sweep_analyzer:U_dwell_summary|LessThan4~8_RTM03811|datab                                             ;
;   20.209 ;   0.762  ; FR ; CELL ; 1      ; MLABCELL_X4_Y24_N48        ; U_core|\gen_sweep_analyzer:U_dwell_summary|LessThan4~8_RTM03811|combout                                           ;
;   20.209 ;   0.000  ; RR ; IC   ; 1      ; FF_X4_Y24_N49              ; U_core|\gen_sweep_analyzer:U_dwell_summary|LessThan4~8_NEW_REG3808|d                                              ;
;   20.525 ;   0.316  ; RR ; CELL ; 1      ; FF_X4_Y24_N49              ; bladerf_core:U_core|dwell_summary:\gen_sweep_analyzer:U_dwell_summary|LessThan4~8_OTERM3809                       ;
+----------+----------+----+------+--------+----------------------------+-------------------------------------------------------------------------------------------------------------------+

+-------------------------------------------------------------------------------------------------------------------------------------------------------------------------------------------+
; Data Required Path                                                                                                                                                                        ;
+----------+----------+----+------+--------+----------------------------+-------------------------------------------------------------------------------------------------------------------+
; Total    ; Incr     ; RF ; Type ; Fanout ; Location                   ; Element                                                                                                           ;
+----------+----------+----+------+--------+----------------------------+-------------------------------------------------------------------------------------------------------------------+
; 15.000   ; 15.000   ;    ;      ;        ;                            ; latch edge time                                                                                                   ;
; 21.135   ; 6.135    ;    ;      ;        ;                            ; clock path                                                                                                        ;
;   15.000 ;   0.000  ;    ;      ;        ;                            ; source latency                                                                                                    ;
;   15.000 ;   0.000  ;    ;      ; 1      ; PIN_V15                    ; adi_rx_clock                                                                                                      ;
;   15.000 ;   0.000  ; RR ; IC   ; 1      ; IOIBUF_X38_Y0_N1           ; adi_rx_clock~input|i                                                                                              ;
;   16.010 ;   1.010  ; RR ; CELL ; 1      ; IOIBUF_X38_Y0_N1           ; adi_rx_clock~input|o                                                                                              ;
;   16.876 ;   0.866  ; RR ; IC   ; 1      ; PLLREFCLKSELECT_X54_Y7_N0  ; U_core|U_nios_system|axi_ad9361_0|i_dev_if|i_rx|i_altlvds_rx|auto_generated|pll_sclk~PLL_REFCLK_SELECT|clkin[0]   ;
;   17.231 ;   0.355  ; RR ; CELL ; 1      ; PLLREFCLKSELECT_X54_Y7_N0  ; U_core|U_nios_system|axi_ad9361_0|i_dev_if|i_rx|i_altlvds_rx|auto_generated|pll_sclk~PLL_REFCLK_SELECT|clkout     ;
;   17.231 ;   0.000  ; RR ; IC   ; 11     ; FRACTIONALPLL_X54_Y1_N0    ; U_core|U_nios_system|axi_ad9361_0|i_dev_if|i_rx|i_altlvds_rx|auto_generated|pll_sclk~FRACTIONAL_PLL|refclkin      ;
;   14.706 ;   -2.525 ; RR ; COMP ; 3      ; FRACTIONALPLL_X54_Y1_N0    ; U_core|U_nios_system|axi_ad9361_0|i_dev_if|i_rx|i_altlvds_rx|auto_generated|pll_sclk~FRACTIONAL_PLL|vcoph[0]      ;
;   14.706 ;   0.000  ; RR ; IC   ; 1      ; PLLOUTPUTCOUNTER_X54_Y2_N1 ; U_core|U_nios_system|axi_ad9361_0|i_dev_if|i_rx|i_altlvds_rx|auto_generated|pll_sclk~PLL_OUTPUT_COUNTER|vco0ph[0] ;
;   16.118 ;   1.412  ; RR ; CELL ; 1      ; PLLOUTPUTCOUNTER_X54_Y2_N1 ; U_core|U_nios_system|axi_ad9361_0|i_dev_if|i_rx|i_altlvds_rx|auto_generated|pll_sclk~PLL_OUTPUT_COUNTER|divclk    ;
;   16.894 ;   0.776  ; RR ; IC   ; 1      ; CLKCTRL_G10                ; U_core|U_nios_system|axi_ad9361_0|i_dev_if|i_tx|i_altlvds_tx|auto_generated|coreclk_buf|sd10|inclk                ;
;   17.266 ;   0.372  ; RR ; CELL ; 9044   ; CLKCTRL_G10                ; U_core|U_nios_system|axi_ad9361_0|i_dev_if|i_tx|i_altlvds_tx|auto_generated|coreclk_buf|sd10|outclk               ;
;   19.220 ;   1.954  ; RR ; IC   ; 1      ; FF_X4_Y24_N49              ; U_core|\gen_sweep_analyzer:U_dwell_summary|LessThan4~8_NEW_REG3808|clk                                            ;
;   19.787 ;   0.567  ; RR ; CELL ; 1      ; FF_X4_Y24_N49              ; bladerf_core:U_core|dwell_summary:\gen_sweep_analyzer:U_dwell_summary|LessThan4~8_OTERM3809                       ;
;   21.135 ;   1.348  ;    ;      ;        ;                            ; clock pessimism removed                                                                                           ;
; 21.065   ; -0.070   ;    ;      ;        ;                            ; clock uncertainty                                                                                                 ;
; 21.065   ; 0.000    ;    ; uTsu ; 1      ; FF_X4_Y24_N49              ; bladerf_core:U_core|dwell_summary:\gen_sweep_analyzer:U_dwell_summary|LessThan4~8_OTERM3809                       ;
+----------+----------+----+------+--------+----------------------------+-------------------------------------------------------------------------------------------------------------------+

----------------------------
; Extra Fitter Information ;
----------------------------
HTML report is unavailable in plain text report export.


Path #12: Setup slack is 0.567 
===============================================================================
+-------------------------------------------------------------------------------------------------------------------------------------+
; Path Summary                                                                                                                        ;
+--------------------+----------------------------------------------------------------------------------------------------------------+
; Property           ; Value                                                                                                          ;
+--------------------+----------------------------------------------------------------------------------------------------------------+
; From Node          ; bladerf_core:U_core|dwell_summary:\gen_sweep_analyzer:U_dwell_summary|inst_energy[14]                          ;
; To Node            ; bladerf_core:U_core|dwell_summary:\gen_sweep_analyzer:U_dwell_summary|LessThan4~8_OTERM3809                    ;
; Launch Clock       ; U_core|U_nios_system|axi_ad9361_0|i_dev_if|i_rx|i_altlvds_rx|auto_generated|pll_sclk~PLL_OUTPUT_COUNTER|divclk ;
; Latch Clock        ; U_core|U_nios_system|axi_ad9361_0|i_dev_if|i_rx|i_altlvds_rx|auto_generated|pll_sclk~PLL_OUTPUT_COUNTER|divclk ;
; Data Arrival Time  ; 20.498                                                                                                         ;
; Data Required Time ; 21.065                                                                                                         ;
; Slack              ; 0.567                                                                                                          ;
+--------------------+----------------------------------------------------------------------------------------------------------------+

+--------------------------------------------------------------------------------------+
; Statistics                                                                           ;
+------------------------+--------+-------+-------------+------------+--------+--------+
; Property               ; Value  ; Count ; Total Delay ; % of Total ; Min    ; Max    ;
+------------------------+--------+-------+-------------+------------+--------+--------+
; Setup Relationship     ; 8.000  ;       ;             ;            ;        ;        ;
; Clock Skew             ; -0.123 ;       ;             ;            ;        ;        ;
; Data Delay             ; 7.240  ;       ;             ;            ;        ;        ;
; Number of Logic Levels ;        ; 6     ;             ;            ;        ;        ;
; Physical Delays        ;        ;       ;             ;            ;        ;        ;
;  Arrival Path          ;        ;       ;             ;            ;        ;        ;
;   Clock                ;        ;       ;             ;            ;        ;        ;
;    IC                  ;        ; 6     ; 3.789       ; 48         ; 0.000  ; 2.043  ;
;    Cell                ;        ; 5     ; 4.072       ; 52         ; 0.378  ; 1.661  ;
;    PLL Compensation    ;        ; 1     ; -1.603      ; 0          ; -1.603 ; -1.603 ;
;   Data                 ;        ;       ;             ;            ;        ;        ;
;    IC                  ;        ; 7     ; 2.707       ; 37         ; 0.000  ; 0.744  ;
;    Cell                ;        ; 8     ; 4.533       ; 63         ; 0.000  ; 0.779  ;
;    uTco                ;        ; 1     ; 0.000       ; 0          ; 0.000  ; 0.000  ;
;  Required Path         ;        ;       ;             ;            ;        ;        ;
;   Clock                ;        ;       ;             ;            ;        ;        ;
;    IC                  ;        ; 6     ; 3.596       ; 49         ; 0.000  ; 1.954  ;
;    Cell                ;        ; 5     ; 3.716       ; 51         ; 0.355  ; 1.412  ;
;    PLL Compensation    ;        ; 1     ; -2.525      ; 0          ; -2.525 ; -2.525 ;
+------------------------+--------+-------+-------------+------------+--------+--------+
Note: Negative delays are omitted from totals when calculating percentages

+-------------------------------------------------------------------------------------------------------------------------------------------------------------------------------------------+
; Data Arrival Path                                                                                                                                                                         ;
+----------+----------+----+------+--------+----------------------------+-------------------------------------------------------------------------------------------------------------------+
; Total    ; Incr     ; RF ; Type ; Fanout ; Location                   ; Element                                                                                                           ;
+----------+----------+----+------+--------+----------------------------+-------------------------------------------------------------------------------------------------------------------+
; 7.000    ; 7.000    ;    ;      ;        ;                            ; launch edge time                                                                                                  ;
; 13.258   ; 6.258    ;    ;      ;        ;                            ; clock path                                                                                                        ;
;   7.000  ;   0.000  ;    ;      ;        ;                            ; source latency                                                                                                    ;
;   7.000  ;   0.000  ;    ;      ; 1      ; PIN_V15                    ; adi_rx_clock                                                                                                      ;
;   7.000  ;   0.000  ; RR ; IC   ; 1      ; IOIBUF_X38_Y0_N1           ; adi_rx_clock~input|i                                                                                              ;
;   8.010  ;   1.010  ; RR ; CELL ; 1      ; IOIBUF_X38_Y0_N1           ; adi_rx_clock~input|o                                                                                              ;
;   8.917  ;   0.907  ; RR ; IC   ; 1      ; PLLREFCLKSELECT_X54_Y7_N0  ; U_core|U_nios_system|axi_ad9361_0|i_dev_if|i_rx|i_altlvds_rx|auto_generated|pll_sclk~PLL_REFCLK_SELECT|clkin[0]   ;
;   9.295  ;   0.378  ; RR ; CELL ; 1      ; PLLREFCLKSELECT_X54_Y7_N0  ; U_core|U_nios_system|axi_ad9361_0|i_dev_if|i_rx|i_altlvds_rx|auto_generated|pll_sclk~PLL_REFCLK_SELECT|clkout     ;
;   9.295  ;   0.000  ; RR ; IC   ; 11     ; FRACTIONALPLL_X54_Y1_N0    ; U_core|U_nios_system|axi_ad9361_0|i_dev_if|i_rx|i_altlvds_rx|auto_generated|pll_sclk~FRACTIONAL_PLL|refclkin      ;
;   7.692  ;   -1.603 ; RR ; COMP ; 3      ; FRACTIONALPLL_X54_Y1_N0    ; U_core|U_nios_system|axi_ad9361_0|i_dev_if|i_rx|i_altlvds_rx|auto_generated|pll_sclk~FRACTIONAL_PLL|vcoph[0]      ;
;   7.692  ;   0.000  ; RR ; IC   ; 1      ; PLLOUTPUTCOUNTER_X54_Y2_N1 ; U_core|U_nios_system|axi_ad9361_0|i_dev_if|i_rx|i_altlvds_rx|auto_generated|pll_sclk~PLL_OUTPUT_COUNTER|vco0ph[0] ;
;   9.353  ;   1.661  ; RR ; CELL ; 1      ; PLLOUTPUTCOUNTER_X54_Y2_N1 ; U_core|U_nios_system|axi_ad9361_0|i_dev_if|i_rx|i_altlvds_rx|auto_generated|pll_sclk~PLL_OUTPUT_COUNTER|divclk    ;
;   10.192 ;   0.839  ; RR ; IC   ; 1      ; CLKCTRL_G10                ; U_core|U_nios_system|axi_ad9361_0|i_dev_if|i_tx|i_altlvds_tx|auto_generated|coreclk_buf|sd10|inclk                ;
;   10.592 ;   0.400  ; RR ; CELL ; 9044   ; CLKCTRL_G10                ; U_core|U_nios_system|axi_ad9361_0|i_dev_if|i_tx|i_altlvds_tx|auto_generated|coreclk_buf|sd10|outclk               ;
;   12.635 ;   2.043  ; RR ; IC   ; 1      ; FF_X4_Y25_N35              ; U_core|\gen_sweep_analyzer:U_dwell_summary|inst_energy[14]|clk                                                    ;
;   13.258 ;   0.623  ; RR ; CELL ; 1      ; FF_X4_Y25_N35              ; bladerf_core:U_core|dwell_summary:\gen_sweep_analyzer:U_dwell_summary|inst_energy[14]                             ;
; 20.498   ; 7.240    ;    ;      ;        ;                            ; data path                                                                                                         ;
;   13.258 ;   0.000  ;    ; uTco ; 1      ; FF_X4_Y25_N35              ; bladerf_core:U_core|dwell_summary:\gen_sweep_analyzer:U_dwell_summary|inst_energy[14]                             ;
;   13.258 ;   0.000  ; RR ; CELL ; 4      ; FF_X4_Y25_N35              ; U_core|\gen_sweep_analyzer:U_dwell_summary|inst_energy[14]|q                                                      ;
;   13.589 ;   0.331  ; RR ; IC   ; 1      ; MLABCELL_X4_Y25_N48        ; U_core|\gen_sweep_analyzer:U_dwell_summary|LessThan4~9|dataa                                                      ;
;   14.368 ;   0.779  ; RF ; CELL ; 1      ; MLABCELL_X4_Y25_N48        ; U_core|\gen_sweep_analyzer:U_dwell_summary|LessThan4~9|combout                                                    ;
;   15.112 ;   0.744  ; FF ; IC   ; 1      ; LABCELL_X7_Y25_N12         ; U_core|\gen_sweep_analyzer:U_dwell_summary|LessThan4~15|dataa                                                     ;
;   15.871 ;   0.759  ; FR ; CELL ; 1      ; LABCELL_X7_Y25_N12         ; U_core|\gen_sweep_analyzer:U_dwell_summary|LessThan4~15|combout                                                   ;
;   16.577 ;   0.706  ; RR ; IC   ; 1      ; LABCELL_X5_Y24_N18         ; U_core|\gen_sweep_analyzer:U_dwell_summary|LessThan4~23|datae                                                     ;
;   16.973 ;   0.396  ; RF ; CELL ; 23     ; LABCELL_X5_Y24_N18         ; U_core|\gen_sweep_analyzer:U_dwell_summary|LessThan4~23|combout                                                   ;
;   17.336 ;   0.363  ; FF ; IC   ; 1      ; MLABCELL_X4_Y24_N27        ; U_core|\gen_sweep_analyzer:U_dwell_summary|dwell_peak[10]_NEW1086|datab                                           ;
;   18.106 ;   0.770  ; FR ; CELL ; 4      ; MLABCELL_X4_Y24_N27        ; U_core|\gen_sweep_analyzer:U_dwell_summary|dwell_peak[10]_NEW1086|combout                                         ;
;   18.442 ;   0.336  ; RR ; IC   ; 1      ; MLABCELL_X4_Y24_N45        ; U_core|\gen_sweep_analyzer:U_dwell_summary|LessThan4~4_RTM03749|datab                                             ;
;   19.191 ;   0.749  ; RR ; CELL ; 1      ; MLABCELL_X4_Y24_N45        ; U_core|\gen_sweep_analyzer:U_dwell_summary|LessThan4~4_RTM03749|combout                                           ;
;   19.418 ;   0.227  ; RR ; IC   ; 1      ; MLABCELL_X4_Y24_N48        ; U_core|\gen_sweep_analyzer:U_dwell_summary|LessThan4~8_RTM03811|datab                                             ;
;   20.181 ;   0.763  ; RF ; CELL ; 1      ; MLABCELL_X4_Y24_N48        ; U_core|\gen_sweep_analyzer:U_dwell_summary|LessThan4~8_RTM03811|combout                                           ;
;   20.181 ;   0.000  ; FF ; IC   ; 1      ; FF_X4_Y24_N49              ; U_core|\gen_sweep_analyzer:U_dwell_summary|LessThan4~8_NEW_REG3808|d                                              ;
;   20.498 ;   0.317  ; FF ; CELL ; 1      ; FF_X4_Y24_N49              ; bladerf_core:U_core|dwell_summary:\gen_sweep_analyzer:U_dwell_summary|LessThan4~8_OTERM3809                       ;
+----------+----------+----+------+--------+----------------------------+-------------------------------------------------------------------------------------------------------------------+

+-------------------------------------------------------------------------------------------------------------------------------------------------------------------------------------------+
; Data Required Path                                                                                                                                                                        ;
+----------+----------+----+------+--------+----------------------------+-------------------------------------------------------------------------------------------------------------------+
; Total    ; Incr     ; RF ; Type ; Fanout ; Location                   ; Element                                                                                                           ;
+----------+----------+----+------+--------+----------------------------+-------------------------------------------------------------------------------------------------------------------+
; 15.000   ; 15.000   ;    ;      ;        ;                            ; latch edge time                                                                                                   ;
; 21.135   ; 6.135    ;    ;      ;        ;                            ; clock path                                                                                                        ;
;   15.000 ;   0.000  ;    ;      ;        ;                            ; source latency                                                                                                    ;
;   15.000 ;   0.000  ;    ;      ; 1      ; PIN_V15                    ; adi_rx_clock                                                                                                      ;
;   15.000 ;   0.000  ; RR ; IC   ; 1      ; IOIBUF_X38_Y0_N1           ; adi_rx_clock~input|i                                                                                              ;
;   16.010 ;   1.010  ; RR ; CELL ; 1      ; IOIBUF_X38_Y0_N1           ; adi_rx_clock~input|o                                                                                              ;
;   16.876 ;   0.866  ; RR ; IC   ; 1      ; PLLREFCLKSELECT_X54_Y7_N0  ; U_core|U_nios_system|axi_ad9361_0|i_dev_if|i_rx|i_altlvds_rx|auto_generated|pll_sclk~PLL_REFCLK_SELECT|clkin[0]   ;
;   17.231 ;   0.355  ; RR ; CELL ; 1      ; PLLREFCLKSELECT_X54_Y7_N0  ; U_core|U_nios_system|axi_ad9361_0|i_dev_if|i_rx|i_altlvds_rx|auto_generated|pll_sclk~PLL_REFCLK_SELECT|clkout     ;
;   17.231 ;   0.000  ; RR ; IC   ; 11     ; FRACTIONALPLL_X54_Y1_N0    ; U_core|U_nios_system|axi_ad9361_0|i_dev_if|i_rx|i_altlvds_rx|auto_generated|pll_sclk~FRACTIONAL_PLL|refclkin      ;
;   14.706 ;   -2.525 ; RR ; COMP ; 3      ; FRACTIONALPLL_X54_Y1_N0    ; U_core|U_nios_system|axi_ad9361_0|i_dev_if|i_rx|i_altlvds_rx|auto_generated|pll_sclk~FRACTIONAL_PLL|vcoph[0]      ;
;   14.706 ;   0.000  ; RR ; IC   ; 1      ; PLLOUTPUTCOUNTER_X54_Y2_N1 ; U_core|U_nios_system|axi_ad9361_0|i_dev_if|i_rx|i_altlvds_rx|auto_generated|pll_sclk~PLL_OUTPUT_COUNTER|vco0ph[0] ;
;   16.118 ;   1.412  ; RR ; CELL ; 1      ; PLLOUTPUTCOUNTER_X54_Y2_N1 ; U_core|U_nios_system|axi_ad9361_0|i_dev_if|i_rx|i_altlvds_rx|auto_generated|pll_sclk~PLL_OUTPUT_COUNTER|divclk    ;
;   16.894 ;   0.776  ; RR ; IC   ; 1      ; CLKCTRL_G10                ; U_core|U_nios_system|axi_ad9361_0|i_dev_if|i_tx|i_altlvds_tx|auto_generated|coreclk_buf|sd10|inclk                ;
;   17.266 ;   0.372  ; RR ; CELL ; 9044   ; CLKCTRL_G10                ; U_core|U_nios_system|axi_ad9361_0|i_dev_if|i_tx|i_altlvds_tx|auto_generated|coreclk_buf|sd10|outclk               ;
;   19.220 ;   1.954  ; RR ; IC   ; 1      ; FF_X4_Y24_N49              ; U_core|\gen_sweep_analyzer:U_dwell_summary|LessThan4~8_NEW_REG3808|clk                                            ;
;   19.787 ;   0.567  ; RR ; CELL ; 1      ; FF_X4_Y24_N49              ; bladerf_core:U_core|dwell_summary:\gen_sweep_analyzer:U_dwell_summary|LessThan4~8_OTERM3809                       ;
;   21.135 ;   1.348  ;    ;      ;        ;                            ; clock pessimism removed                                                                                           ;
; 21.065   ; -0.070   ;    ;      ;        ;                            ; clock uncertainty                                                                                                 ;
; 21.065   ; 0.000    ;    ; uTsu ; 1      ; FF_X4_Y24_N49              ; bladerf_core:U_core|dwell_summary:\gen_sweep_analyzer:U_dwell_summary|LessThan4~8_OTERM3809                       ;
+----------+----------+----+------+--------+----------------------------+-------------------------------------------------------------------------------------------------------------------+

----------------------------
; Extra Fitter Information ;
----------------------------
HTML report is unavailable in plain text report export.


Path #13: Setup slack is 0.574 
===============================================================================
+-------------------------------------------------------------------------------------------------------------------------------------+
; Path Summary                                                                                                                        ;
+--------------------+----------------------------------------------------------------------------------------------------------------+
; Property           ; Value                                                                                                          ;
+--------------------+----------------------------------------------------------------------------------------------------------------+
; From Node          ; bladerf_core:U_core|dwell_summary:\gen_sweep_analyzer:U_dwell_summary|dwell_peak[29]_OTERM2217~DUPLICATE       ;
; To Node            ; bladerf_core:U_core|dwell_summary:\gen_sweep_analyzer:U_dwell_summary|LessThan4~8_OTERM3809                    ;
; Launch Clock       ; U_core|U_nios_system|axi_ad9361_0|i_dev_if|i_rx|i_altlvds_rx|auto_generated|pll_sclk~PLL_OUTPUT_COUNTER|divclk ;
; Latch Clock        ; U_core|U_nios_system|axi_ad9361_0|i_dev_if|i_rx|i_altlvds_rx|auto_generated|pll_sclk~PLL_OUTPUT_COUNTER|divclk ;
; Data Arrival Time  ; 20.518                                                                                                         ;
; Data Required Time ; 21.092                                                                                                         ;
; Slack              ; 0.574                                                                                                          ;
+--------------------+----------------------------------------------------------------------------------------------------------------+

+--------------------------------------------------------------------------------------+
; Statistics                                                                           ;
+------------------------+--------+-------+-------------+------------+--------+--------+
; Property               ; Value  ; Count ; Total Delay ; % of Total ; Min    ; Max    ;
+------------------------+--------+-------+-------------+------------+--------+--------+
; Setup Relationship     ; 8.000  ;       ;             ;            ;        ;        ;
; Clock Skew             ; -0.102 ;       ;             ;            ;        ;        ;
; Data Delay             ; 7.254  ;       ;             ;            ;        ;        ;
; Number of Logic Levels ;        ; 6     ;             ;            ;        ;        ;
; Physical Delays        ;        ;       ;             ;            ;        ;        ;
;  Arrival Path          ;        ;       ;             ;            ;        ;        ;
;   Clock                ;        ;       ;             ;            ;        ;        ;
;    IC                  ;        ; 6     ; 3.790       ; 48         ; 0.000  ; 2.044  ;
;    Cell                ;        ; 5     ; 4.077       ; 52         ; 0.378  ; 1.661  ;
;    PLL Compensation    ;        ; 1     ; -1.603      ; 0          ; -1.603 ; -1.603 ;
;   Data                 ;        ;       ;             ;            ;        ;        ;
;    IC                  ;        ; 7     ; 2.322       ; 32         ; 0.000  ; 0.712  ;
;    Cell                ;        ; 8     ; 4.932       ; 68         ; 0.000  ; 0.804  ;
;    uTco                ;        ; 1     ; 0.000       ; 0          ; 0.000  ; 0.000  ;
;  Required Path         ;        ;       ;             ;            ;        ;        ;
;   Clock                ;        ;       ;             ;            ;        ;        ;
;    IC                  ;        ; 6     ; 3.596       ; 49         ; 0.000  ; 1.954  ;
;    Cell                ;        ; 5     ; 3.716       ; 51         ; 0.355  ; 1.412  ;
;    PLL Compensation    ;        ; 1     ; -2.525      ; 0          ; -2.525 ; -2.525 ;
+------------------------+--------+-------+-------------+------------+--------+--------+
Note: Negative delays are omitted from totals when calculating percentages

+-------------------------------------------------------------------------------------------------------------------------------------------------------------------------------------------+
; Data Arrival Path                                                                                                                                                                         ;
+----------+----------+----+------+--------+----------------------------+-------------------------------------------------------------------------------------------------------------------+
; Total    ; Incr     ; RF ; Type ; Fanout ; Location                   ; Element                                                                                                           ;
+----------+----------+----+------+--------+----------------------------+-------------------------------------------------------------------------------------------------------------------+
; 7.000    ; 7.000    ;    ;      ;        ;                            ; launch edge time                                                                                                  ;
; 13.264   ; 6.264    ;    ;      ;        ;                            ; clock path                                                                                                        ;
;   7.000  ;   0.000  ;    ;      ;        ;                            ; source latency                                                                                                    ;
;   7.000  ;   0.000  ;    ;      ; 1      ; PIN_V15                    ; adi_rx_clock                                                                                                      ;
;   7.000  ;   0.000  ; RR ; IC   ; 1      ; IOIBUF_X38_Y0_N1           ; adi_rx_clock~input|i                                                                                              ;
;   8.010  ;   1.010  ; RR ; CELL ; 1      ; IOIBUF_X38_Y0_N1           ; adi_rx_clock~input|o                                                                                              ;
;   8.917  ;   0.907  ; RR ; IC   ; 1      ; PLLREFCLKSELECT_X54_Y7_N0  ; U_core|U_nios_system|axi_ad9361_0|i_dev_if|i_rx|i_altlvds_rx|auto_generated|pll_sclk~PLL_REFCLK_SELECT|clkin[0]   ;
;   9.295  ;   0.378  ; RR ; CELL ; 1      ; PLLREFCLKSELECT_X54_Y7_N0  ; U_core|U_nios_system|axi_ad9361_0|i_dev_if|i_rx|i_altlvds_rx|auto_generated|pll_sclk~PLL_REFCLK_SELECT|clkout     ;
;   9.295  ;   0.000  ; RR ; IC   ; 11     ; FRACTIONALPLL_X54_Y1_N0    ; U_core|U_nios_system|axi_ad9361_0|i_dev_if|i_rx|i_altlvds_rx|auto_generated|pll_sclk~FRACTIONAL_PLL|refclkin      ;
;   7.692  ;   -1.603 ; RR ; COMP ; 3      ; FRACTIONALPLL_X54_Y1_N0    ; U_core|U_nios_system|axi_ad9361_0|i_dev_if|i_rx|i_altlvds_rx|auto_generated|pll_sclk~FRACTIONAL_PLL|vcoph[0]      ;
;   7.692  ;   0.000  ; RR ; IC   ; 1      ; PLLOUTPUTCOUNTER_X54_Y2_N1 ; U_core|U_nios_system|axi_ad9361_0|i_dev_if|i_rx|i_altlvds_rx|auto_generated|pll_sclk~PLL_OUTPUT_COUNTER|vco0ph[0] ;
;   9.353  ;   1.661  ; RR ; CELL ; 1      ; PLLOUTPUTCOUNTER_X54_Y2_N1 ; U_core|U_nios_system|axi_ad9361_0|i_dev_if|i_rx|i_altlvds_rx|auto_generated|pll_sclk~PLL_OUTPUT_COUNTER|divclk    ;
;   10.192 ;   0.839  ; RR ; IC   ; 1      ; CLKCTRL_G10                ; U_core|U_nios_system|axi_ad9361_0|i_dev_if|i_tx|i_altlvds_tx|auto_generated|coreclk_buf|sd10|inclk                ;
;   10.592 ;   0.400  ; RR ; CELL ; 9044   ; CLKCTRL_G10                ; U_core|U_nios_system|axi_ad9361_0|i_dev_if|i_tx|i_altlvds_tx|auto_generated|coreclk_buf|sd10|outclk               ;
;   12.636 ;   2.044  ; RR ; IC   ; 1      ; FF_X4_Y24_N55              ; U_core|\gen_sweep_analyzer:U_dwell_summary|dwell_peak[29]_OTERM2217~DUPLICATE|clk                                 ;
;   13.264 ;   0.628  ; RR ; CELL ; 1      ; FF_X4_Y24_N55              ; bladerf_core:U_core|dwell_summary:\gen_sweep_analyzer:U_dwell_summary|dwell_peak[29]_OTERM2217~DUPLICATE          ;
; 20.518   ; 7.254    ;    ;      ;        ;                            ; data path                                                                                                         ;
;   13.264 ;   0.000  ;    ; uTco ; 1      ; FF_X4_Y24_N55              ; bladerf_core:U_core|dwell_summary:\gen_sweep_analyzer:U_dwell_summary|dwell_peak[29]_OTERM2217~DUPLICATE          ;
;   13.264 ;   0.000  ; RR ; CELL ; 9      ; FF_X4_Y24_N55              ; U_core|\gen_sweep_analyzer:U_dwell_summary|dwell_peak[29]_OTERM2217~DUPLICATE|q                                   ;
;   13.976 ;   0.712  ; RR ; IC   ; 1      ; LABCELL_X6_Y24_N54         ; U_core|\gen_sweep_analyzer:U_dwell_summary|dwell_peak[21]_NEW1122|dataa                                           ;
;   14.780 ;   0.804  ; RR ; CELL ; 4      ; LABCELL_X6_Y24_N54         ; U_core|\gen_sweep_analyzer:U_dwell_summary|dwell_peak[21]_NEW1122|combout                                         ;
;   15.099 ;   0.319  ; RR ; IC   ; 1      ; LABCELL_X6_Y24_N15         ; U_core|\gen_sweep_analyzer:U_dwell_summary|LessThan4~17|dataa                                                     ;
;   15.877 ;   0.778  ; RF ; CELL ; 1      ; LABCELL_X6_Y24_N15         ; U_core|\gen_sweep_analyzer:U_dwell_summary|LessThan4~17|combout                                                   ;
;   16.242 ;   0.365  ; FF ; IC   ; 1      ; LABCELL_X5_Y24_N18         ; U_core|\gen_sweep_analyzer:U_dwell_summary|LessThan4~23|dataa                                                     ;
;   16.993 ;   0.751  ; FF ; CELL ; 23     ; LABCELL_X5_Y24_N18         ; U_core|\gen_sweep_analyzer:U_dwell_summary|LessThan4~23|combout                                                   ;
;   17.356 ;   0.363  ; FF ; IC   ; 1      ; MLABCELL_X4_Y24_N27        ; U_core|\gen_sweep_analyzer:U_dwell_summary|dwell_peak[10]_NEW1086|datab                                           ;
;   18.126 ;   0.770  ; FR ; CELL ; 4      ; MLABCELL_X4_Y24_N27        ; U_core|\gen_sweep_analyzer:U_dwell_summary|dwell_peak[10]_NEW1086|combout                                         ;
;   18.462 ;   0.336  ; RR ; IC   ; 1      ; MLABCELL_X4_Y24_N45        ; U_core|\gen_sweep_analyzer:U_dwell_summary|LessThan4~4_RTM03749|datab                                             ;
;   19.211 ;   0.749  ; RR ; CELL ; 1      ; MLABCELL_X4_Y24_N45        ; U_core|\gen_sweep_analyzer:U_dwell_summary|LessThan4~4_RTM03749|combout                                           ;
;   19.438 ;   0.227  ; RR ; IC   ; 1      ; MLABCELL_X4_Y24_N48        ; U_core|\gen_sweep_analyzer:U_dwell_summary|LessThan4~8_RTM03811|datab                                             ;
;   20.201 ;   0.763  ; RF ; CELL ; 1      ; MLABCELL_X4_Y24_N48        ; U_core|\gen_sweep_analyzer:U_dwell_summary|LessThan4~8_RTM03811|combout                                           ;
;   20.201 ;   0.000  ; FF ; IC   ; 1      ; FF_X4_Y24_N49              ; U_core|\gen_sweep_analyzer:U_dwell_summary|LessThan4~8_NEW_REG3808|d                                              ;
;   20.518 ;   0.317  ; FF ; CELL ; 1      ; FF_X4_Y24_N49              ; bladerf_core:U_core|dwell_summary:\gen_sweep_analyzer:U_dwell_summary|LessThan4~8_OTERM3809                       ;
+----------+----------+----+------+--------+----------------------------+-------------------------------------------------------------------------------------------------------------------+

+-------------------------------------------------------------------------------------------------------------------------------------------------------------------------------------------+
; Data Required Path                                                                                                                                                                        ;
+----------+----------+----+------+--------+----------------------------+-------------------------------------------------------------------------------------------------------------------+
; Total    ; Incr     ; RF ; Type ; Fanout ; Location                   ; Element                                                                                                           ;
+----------+----------+----+------+--------+----------------------------+-------------------------------------------------------------------------------------------------------------------+
; 15.000   ; 15.000   ;    ;      ;        ;                            ; latch edge time                                                                                                   ;
; 21.162   ; 6.162    ;    ;      ;        ;                            ; clock path                                                                                                        ;
;   15.000 ;   0.000  ;    ;      ;        ;                            ; source latency                                                                                                    ;
;   15.000 ;   0.000  ;    ;      ; 1      ; PIN_V15                    ; adi_rx_clock                                                                                                      ;
;   15.000 ;   0.000  ; RR ; IC   ; 1      ; IOIBUF_X38_Y0_N1           ; adi_rx_clock~input|i                                                                                              ;
;   16.010 ;   1.010  ; RR ; CELL ; 1      ; IOIBUF_X38_Y0_N1           ; adi_rx_clock~input|o                                                                                              ;
;   16.876 ;   0.866  ; RR ; IC   ; 1      ; PLLREFCLKSELECT_X54_Y7_N0  ; U_core|U_nios_system|axi_ad9361_0|i_dev_if|i_rx|i_altlvds_rx|auto_generated|pll_sclk~PLL_REFCLK_SELECT|clkin[0]   ;
;   17.231 ;   0.355  ; RR ; CELL ; 1      ; PLLREFCLKSELECT_X54_Y7_N0  ; U_core|U_nios_system|axi_ad9361_0|i_dev_if|i_rx|i_altlvds_rx|auto_generated|pll_sclk~PLL_REFCLK_SELECT|clkout     ;
;   17.231 ;   0.000  ; RR ; IC   ; 11     ; FRACTIONALPLL_X54_Y1_N0    ; U_core|U_nios_system|axi_ad9361_0|i_dev_if|i_rx|i_altlvds_rx|auto_generated|pll_sclk~FRACTIONAL_PLL|refclkin      ;
;   14.706 ;   -2.525 ; RR ; COMP ; 3      ; FRACTIONALPLL_X54_Y1_N0    ; U_core|U_nios_system|axi_ad9361_0|i_dev_if|i_rx|i_altlvds_rx|auto_generated|pll_sclk~FRACTIONAL_PLL|vcoph[0]      ;
;   14.706 ;   0.000  ; RR ; IC   ; 1      ; PLLOUTPUTCOUNTER_X54_Y2_N1 ; U_core|U_nios_system|axi_ad9361_0|i_dev_if|i_rx|i_altlvds_rx|auto_generated|pll_sclk~PLL_OUTPUT_COUNTER|vco0ph[0] ;
;   16.118 ;   1.412  ; RR ; CELL ; 1      ; PLLOUTPUTCOUNTER_X54_Y2_N1 ; U_core|U_nios_system|axi_ad9361_0|i_dev_if|i_rx|i_altlvds_rx|auto_generated|pll_sclk~PLL_OUTPUT_COUNTER|divclk    ;
;   16.894 ;   0.776  ; RR ; IC   ; 1      ; CLKCTRL_G10                ; U_core|U_nios_system|axi_ad9361_0|i_dev_if|i_tx|i_altlvds_tx|auto_generated|coreclk_buf|sd10|inclk                ;
;   17.266 ;   0.372  ; RR ; CELL ; 9044   ; CLKCTRL_G10                ; U_core|U_nios_system|axi_ad9361_0|i_dev_if|i_tx|i_altlvds_tx|auto_generated|coreclk_buf|sd10|outclk               ;
;   19.220 ;   1.954  ; RR ; IC   ; 1      ; FF_X4_Y24_N49              ; U_core|\gen_sweep_analyzer:U_dwell_summary|LessThan4~8_NEW_REG3808|clk                                            ;
;   19.787 ;   0.567  ; RR ; CELL ; 1      ; FF_X4_Y24_N49              ; bladerf_core:U_core|dwell_summary:\gen_sweep_analyzer:U_dwell_summary|LessThan4~8_OTERM3809                       ;
;   21.162 ;   1.375  ;    ;      ;        ;                            ; clock pessimism removed                                                                                           ;
; 21.092   ; -0.070   ;    ;      ;        ;                            ; clock uncertainty                                                                                                 ;
; 21.092   ; 0.000    ;    ; uTsu ; 1      ; FF_X4_Y24_N49              ; bladerf_core:U_core|dwell_summary:\gen_sweep_analyzer:U_dwell_summary|LessThan4~8_OTERM3809                       ;
+----------+----------+----+------+--------+----------------------------+-------------------------------------------------------------------------------------------------------------------+

----------------------------
; Extra Fitter Information ;
----------------------------
HTML report is unavailable in plain text report export.


Path #14: Setup slack is 0.582 
===============================================================================
+-------------------------------------------------------------------------------------------------------------------------------------+
; Path Summary                                                                                                                        ;
+--------------------+----------------------------------------------------------------------------------------------------------------+
; Property           ; Value                                                                                                          ;
+--------------------+----------------------------------------------------------------------------------------------------------------+
; From Node          ; bladerf_core:U_core|dwell_summary:\gen_sweep_analyzer:U_dwell_summary|dwell_peak[29]_OTERM2217~DUPLICATE       ;
; To Node            ; bladerf_core:U_core|dwell_summary:\gen_sweep_analyzer:U_dwell_summary|LessThan4~8_OTERM3809                    ;
; Launch Clock       ; U_core|U_nios_system|axi_ad9361_0|i_dev_if|i_rx|i_altlvds_rx|auto_generated|pll_sclk~PLL_OUTPUT_COUNTER|divclk ;
; Latch Clock        ; U_core|U_nios_system|axi_ad9361_0|i_dev_if|i_rx|i_altlvds_rx|auto_generated|pll_sclk~PLL_OUTPUT_COUNTER|divclk ;
; Data Arrival Time  ; 20.510                                                                                                         ;
; Data Required Time ; 21.092                                                                                                         ;
; Slack              ; 0.582                                                                                                          ;
+--------------------+----------------------------------------------------------------------------------------------------------------+

+--------------------------------------------------------------------------------------+
; Statistics                                                                           ;
+------------------------+--------+-------+-------------+------------+--------+--------+
; Property               ; Value  ; Count ; Total Delay ; % of Total ; Min    ; Max    ;
+------------------------+--------+-------+-------------+------------+--------+--------+
; Setup Relationship     ; 8.000  ;       ;             ;            ;        ;        ;
; Clock Skew             ; -0.102 ;       ;             ;            ;        ;        ;
; Data Delay             ; 7.246  ;       ;             ;            ;        ;        ;
; Number of Logic Levels ;        ; 5     ;             ;            ;        ;        ;
; Physical Delays        ;        ;       ;             ;            ;        ;        ;
;  Arrival Path          ;        ;       ;             ;            ;        ;        ;
;   Clock                ;        ;       ;             ;            ;        ;        ;
;    IC                  ;        ; 6     ; 3.790       ; 48         ; 0.000  ; 2.044  ;
;    Cell                ;        ; 5     ; 4.077       ; 52         ; 0.378  ; 1.661  ;
;    PLL Compensation    ;        ; 1     ; -1.603      ; 0          ; -1.603 ; -1.603 ;
;   Data                 ;        ;       ;             ;            ;        ;        ;
;    IC                  ;        ; 6     ; 3.340       ; 46         ; 0.000  ; 1.000  ;
;    Cell                ;        ; 7     ; 3.906       ; 54         ; 0.000  ; 0.770  ;
;    uTco                ;        ; 1     ; 0.000       ; 0          ; 0.000  ; 0.000  ;
;  Required Path         ;        ;       ;             ;            ;        ;        ;
;   Clock                ;        ;       ;             ;            ;        ;        ;
;    IC                  ;        ; 6     ; 3.596       ; 49         ; 0.000  ; 1.954  ;
;    Cell                ;        ; 5     ; 3.716       ; 51         ; 0.355  ; 1.412  ;
;    PLL Compensation    ;        ; 1     ; -2.525      ; 0          ; -2.525 ; -2.525 ;
+------------------------+--------+-------+-------------+------------+--------+--------+
Note: Negative delays are omitted from totals when calculating percentages

+-------------------------------------------------------------------------------------------------------------------------------------------------------------------------------------------+
; Data Arrival Path                                                                                                                                                                         ;
+----------+----------+----+------+--------+----------------------------+-------------------------------------------------------------------------------------------------------------------+
; Total    ; Incr     ; RF ; Type ; Fanout ; Location                   ; Element                                                                                                           ;
+----------+----------+----+------+--------+----------------------------+-------------------------------------------------------------------------------------------------------------------+
; 7.000    ; 7.000    ;    ;      ;        ;                            ; launch edge time                                                                                                  ;
; 13.264   ; 6.264    ;    ;      ;        ;                            ; clock path                                                                                                        ;
;   7.000  ;   0.000  ;    ;      ;        ;                            ; source latency                                                                                                    ;
;   7.000  ;   0.000  ;    ;      ; 1      ; PIN_V15                    ; adi_rx_clock                                                                                                      ;
;   7.000  ;   0.000  ; RR ; IC   ; 1      ; IOIBUF_X38_Y0_N1           ; adi_rx_clock~input|i                                                                                              ;
;   8.010  ;   1.010  ; RR ; CELL ; 1      ; IOIBUF_X38_Y0_N1           ; adi_rx_clock~input|o                                                                                              ;
;   8.917  ;   0.907  ; RR ; IC   ; 1      ; PLLREFCLKSELECT_X54_Y7_N0  ; U_core|U_nios_system|axi_ad9361_0|i_dev_if|i_rx|i_altlvds_rx|auto_generated|pll_sclk~PLL_REFCLK_SELECT|clkin[0]   ;
;   9.295  ;   0.378  ; RR ; CELL ; 1      ; PLLREFCLKSELECT_X54_Y7_N0  ; U_core|U_nios_system|axi_ad9361_0|i_dev_if|i_rx|i_altlvds_rx|auto_generated|pll_sclk~PLL_REFCLK_SELECT|clkout     ;
;   9.295  ;   0.000  ; RR ; IC   ; 11     ; FRACTIONALPLL_X54_Y1_N0    ; U_core|U_nios_system|axi_ad9361_0|i_dev_if|i_rx|i_altlvds_rx|auto_generated|pll_sclk~FRACTIONAL_PLL|refclkin      ;
;   7.692  ;   -1.603 ; RR ; COMP ; 3      ; FRACTIONALPLL_X54_Y1_N0    ; U_core|U_nios_system|axi_ad9361_0|i_dev_if|i_rx|i_altlvds_rx|auto_generated|pll_sclk~FRACTIONAL_PLL|vcoph[0]      ;
;   7.692  ;   0.000  ; RR ; IC   ; 1      ; PLLOUTPUTCOUNTER_X54_Y2_N1 ; U_core|U_nios_system|axi_ad9361_0|i_dev_if|i_rx|i_altlvds_rx|auto_generated|pll_sclk~PLL_OUTPUT_COUNTER|vco0ph[0] ;
;   9.353  ;   1.661  ; RR ; CELL ; 1      ; PLLOUTPUTCOUNTER_X54_Y2_N1 ; U_core|U_nios_system|axi_ad9361_0|i_dev_if|i_rx|i_altlvds_rx|auto_generated|pll_sclk~PLL_OUTPUT_COUNTER|divclk    ;
;   10.192 ;   0.839  ; RR ; IC   ; 1      ; CLKCTRL_G10                ; U_core|U_nios_system|axi_ad9361_0|i_dev_if|i_tx|i_altlvds_tx|auto_generated|coreclk_buf|sd10|inclk                ;
;   10.592 ;   0.400  ; RR ; CELL ; 9044   ; CLKCTRL_G10                ; U_core|U_nios_system|axi_ad9361_0|i_dev_if|i_tx|i_altlvds_tx|auto_generated|coreclk_buf|sd10|outclk               ;
;   12.636 ;   2.044  ; RR ; IC   ; 1      ; FF_X4_Y24_N55              ; U_core|\gen_sweep_analyzer:U_dwell_summary|dwell_peak[29]_OTERM2217~DUPLICATE|clk                                 ;
;   13.264 ;   0.628  ; RR ; CELL ; 1      ; FF_X4_Y24_N55              ; bladerf_core:U_core|dwell_summary:\gen_sweep_analyzer:U_dwell_summary|dwell_peak[29]_OTERM2217~DUPLICATE          ;
; 20.510   ; 7.246    ;    ;      ;        ;                            ; data path                                                                                                         ;
;   13.264 ;   0.000  ;    ; uTco ; 1      ; FF_X4_Y24_N55              ; bladerf_core:U_core|dwell_summary:\gen_sweep_analyzer:U_dwell_summary|dwell_peak[29]_OTERM2217~DUPLICATE          ;
;   13.264 ;   0.000  ; FF ; CELL ; 9      ; FF_X4_Y24_N55              ; U_core|\gen_sweep_analyzer:U_dwell_summary|dwell_peak[29]_OTERM2217~DUPLICATE|q                                   ;
;   13.900 ;   0.636  ; FF ; IC   ; 1      ; LABCELL_X5_Y24_N39         ; U_core|\gen_sweep_analyzer:U_dwell_summary|dwell_peak[26]_NEW1070|datab                                           ;
;   14.638 ;   0.738  ; FR ; CELL ; 4      ; LABCELL_X5_Y24_N39         ; U_core|\gen_sweep_analyzer:U_dwell_summary|dwell_peak[26]_NEW1070|combout                                         ;
;   15.576 ;   0.938  ; RR ; IC   ; 1      ; MLABCELL_X4_Y28_N51        ; U_core|\gen_sweep_analyzer:U_dwell_summary|LessThan4~24|datab                                                     ;
;   16.346 ;   0.770  ; RF ; CELL ; 23     ; MLABCELL_X4_Y28_N51        ; U_core|\gen_sweep_analyzer:U_dwell_summary|LessThan4~24|combout                                                   ;
;   17.346 ;   1.000  ; FF ; IC   ; 1      ; MLABCELL_X4_Y24_N24        ; U_core|\gen_sweep_analyzer:U_dwell_summary|dwell_peak[11]_NEW1064|datad                                           ;
;   18.032 ;   0.686  ; FF ; CELL ; 4      ; MLABCELL_X4_Y24_N24        ; U_core|\gen_sweep_analyzer:U_dwell_summary|dwell_peak[11]_NEW1064|combout                                         ;
;   18.613 ;   0.581  ; FF ; IC   ; 1      ; MLABCELL_X4_Y24_N45        ; U_core|\gen_sweep_analyzer:U_dwell_summary|LessThan4~4_RTM03749|datac                                             ;
;   19.247 ;   0.634  ; FF ; CELL ; 1      ; MLABCELL_X4_Y24_N45        ; U_core|\gen_sweep_analyzer:U_dwell_summary|LessThan4~4_RTM03749|combout                                           ;
;   19.432 ;   0.185  ; FF ; IC   ; 1      ; MLABCELL_X4_Y24_N48        ; U_core|\gen_sweep_analyzer:U_dwell_summary|LessThan4~8_RTM03811|datab                                             ;
;   20.194 ;   0.762  ; FR ; CELL ; 1      ; MLABCELL_X4_Y24_N48        ; U_core|\gen_sweep_analyzer:U_dwell_summary|LessThan4~8_RTM03811|combout                                           ;
;   20.194 ;   0.000  ; RR ; IC   ; 1      ; FF_X4_Y24_N49              ; U_core|\gen_sweep_analyzer:U_dwell_summary|LessThan4~8_NEW_REG3808|d                                              ;
;   20.510 ;   0.316  ; RR ; CELL ; 1      ; FF_X4_Y24_N49              ; bladerf_core:U_core|dwell_summary:\gen_sweep_analyzer:U_dwell_summary|LessThan4~8_OTERM3809                       ;
+----------+----------+----+------+--------+----------------------------+-------------------------------------------------------------------------------------------------------------------+

+-------------------------------------------------------------------------------------------------------------------------------------------------------------------------------------------+
; Data Required Path                                                                                                                                                                        ;
+----------+----------+----+------+--------+----------------------------+-------------------------------------------------------------------------------------------------------------------+
; Total    ; Incr     ; RF ; Type ; Fanout ; Location                   ; Element                                                                                                           ;
+----------+----------+----+------+--------+----------------------------+-------------------------------------------------------------------------------------------------------------------+
; 15.000   ; 15.000   ;    ;      ;        ;                            ; latch edge time                                                                                                   ;
; 21.162   ; 6.162    ;    ;      ;        ;                            ; clock path                                                                                                        ;
;   15.000 ;   0.000  ;    ;      ;        ;                            ; source latency                                                                                                    ;
;   15.000 ;   0.000  ;    ;      ; 1      ; PIN_V15                    ; adi_rx_clock                                                                                                      ;
;   15.000 ;   0.000  ; RR ; IC   ; 1      ; IOIBUF_X38_Y0_N1           ; adi_rx_clock~input|i                                                                                              ;
;   16.010 ;   1.010  ; RR ; CELL ; 1      ; IOIBUF_X38_Y0_N1           ; adi_rx_clock~input|o                                                                                              ;
;   16.876 ;   0.866  ; RR ; IC   ; 1      ; PLLREFCLKSELECT_X54_Y7_N0  ; U_core|U_nios_system|axi_ad9361_0|i_dev_if|i_rx|i_altlvds_rx|auto_generated|pll_sclk~PLL_REFCLK_SELECT|clkin[0]   ;
;   17.231 ;   0.355  ; RR ; CELL ; 1      ; PLLREFCLKSELECT_X54_Y7_N0  ; U_core|U_nios_system|axi_ad9361_0|i_dev_if|i_rx|i_altlvds_rx|auto_generated|pll_sclk~PLL_REFCLK_SELECT|clkout     ;
;   17.231 ;   0.000  ; RR ; IC   ; 11     ; FRACTIONALPLL_X54_Y1_N0    ; U_core|U_nios_system|axi_ad9361_0|i_dev_if|i_rx|i_altlvds_rx|auto_generated|pll_sclk~FRACTIONAL_PLL|refclkin      ;
;   14.706 ;   -2.525 ; RR ; COMP ; 3      ; FRACTIONALPLL_X54_Y1_N0    ; U_core|U_nios_system|axi_ad9361_0|i_dev_if|i_rx|i_altlvds_rx|auto_generated|pll_sclk~FRACTIONAL_PLL|vcoph[0]      ;
;   14.706 ;   0.000  ; RR ; IC   ; 1      ; PLLOUTPUTCOUNTER_X54_Y2_N1 ; U_core|U_nios_system|axi_ad9361_0|i_dev_if|i_rx|i_altlvds_rx|auto_generated|pll_sclk~PLL_OUTPUT_COUNTER|vco0ph[0] ;
;   16.118 ;   1.412  ; RR ; CELL ; 1      ; PLLOUTPUTCOUNTER_X54_Y2_N1 ; U_core|U_nios_system|axi_ad9361_0|i_dev_if|i_rx|i_altlvds_rx|auto_generated|pll_sclk~PLL_OUTPUT_COUNTER|divclk    ;
;   16.894 ;   0.776  ; RR ; IC   ; 1      ; CLKCTRL_G10                ; U_core|U_nios_system|axi_ad9361_0|i_dev_if|i_tx|i_altlvds_tx|auto_generated|coreclk_buf|sd10|inclk                ;
;   17.266 ;   0.372  ; RR ; CELL ; 9044   ; CLKCTRL_G10                ; U_core|U_nios_system|axi_ad9361_0|i_dev_if|i_tx|i_altlvds_tx|auto_generated|coreclk_buf|sd10|outclk               ;
;   19.220 ;   1.954  ; RR ; IC   ; 1      ; FF_X4_Y24_N49              ; U_core|\gen_sweep_analyzer:U_dwell_summary|LessThan4~8_NEW_REG3808|clk                                            ;
;   19.787 ;   0.567  ; RR ; CELL ; 1      ; FF_X4_Y24_N49              ; bladerf_core:U_core|dwell_summary:\gen_sweep_analyzer:U_dwell_summary|LessThan4~8_OTERM3809                       ;
;   21.162 ;   1.375  ;    ;      ;        ;                            ; clock pessimism removed                                                                                           ;
; 21.092   ; -0.070   ;    ;      ;        ;                            ; clock uncertainty                                                                                                 ;
; 21.092   ; 0.000    ;    ; uTsu ; 1      ; FF_X4_Y24_N49              ; bladerf_core:U_core|dwell_summary:\gen_sweep_analyzer:U_dwell_summary|LessThan4~8_OTERM3809                       ;
+----------+----------+----+------+--------+----------------------------+-------------------------------------------------------------------------------------------------------------------+

----------------------------
; Extra Fitter Information ;
----------------------------
HTML report is unavailable in plain text report export.


Path #15: Setup slack is 0.582 
===============================================================================
+-------------------------------------------------------------------------------------------------------------------------------------+
; Path Summary                                                                                                                        ;
+--------------------+----------------------------------------------------------------------------------------------------------------+
; Property           ; Value                                                                                                          ;
+--------------------+----------------------------------------------------------------------------------------------------------------+
; From Node          ; bladerf_core:U_core|dwell_summary:\gen_sweep_analyzer:U_dwell_summary|inst_energy[12]                          ;
; To Node            ; bladerf_core:U_core|dwell_summary:\gen_sweep_analyzer:U_dwell_summary|LessThan4~8_OTERM3809                    ;
; Launch Clock       ; U_core|U_nios_system|axi_ad9361_0|i_dev_if|i_rx|i_altlvds_rx|auto_generated|pll_sclk~PLL_OUTPUT_COUNTER|divclk ;
; Latch Clock        ; U_core|U_nios_system|axi_ad9361_0|i_dev_if|i_rx|i_altlvds_rx|auto_generated|pll_sclk~PLL_OUTPUT_COUNTER|divclk ;
; Data Arrival Time  ; 20.483                                                                                                         ;
; Data Required Time ; 21.065                                                                                                         ;
; Slack              ; 0.582                                                                                                          ;
+--------------------+----------------------------------------------------------------------------------------------------------------+

+--------------------------------------------------------------------------------------+
; Statistics                                                                           ;
+------------------------+--------+-------+-------------+------------+--------+--------+
; Property               ; Value  ; Count ; Total Delay ; % of Total ; Min    ; Max    ;
+------------------------+--------+-------+-------------+------------+--------+--------+
; Setup Relationship     ; 8.000  ;       ;             ;            ;        ;        ;
; Clock Skew             ; -0.114 ;       ;             ;            ;        ;        ;
; Data Delay             ; 7.234  ;       ;             ;            ;        ;        ;
; Number of Logic Levels ;        ; 6     ;             ;            ;        ;        ;
; Physical Delays        ;        ;       ;             ;            ;        ;        ;
;  Arrival Path          ;        ;       ;             ;            ;        ;        ;
;   Clock                ;        ;       ;             ;            ;        ;        ;
;    IC                  ;        ; 6     ; 3.789       ; 48         ; 0.000  ; 2.043  ;
;    Cell                ;        ; 5     ; 4.063       ; 52         ; 0.378  ; 1.661  ;
;    PLL Compensation    ;        ; 1     ; -1.603      ; 0          ; -1.603 ; -1.603 ;
;   Data                 ;        ;       ;             ;            ;        ;        ;
;    IC                  ;        ; 7     ; 3.089       ; 43         ; 0.000  ; 0.744  ;
;    Cell                ;        ; 8     ; 4.145       ; 57         ; 0.000  ; 0.770  ;
;    uTco                ;        ; 1     ; 0.000       ; 0          ; 0.000  ; 0.000  ;
;  Required Path         ;        ;       ;             ;            ;        ;        ;
;   Clock                ;        ;       ;             ;            ;        ;        ;
;    IC                  ;        ; 6     ; 3.596       ; 49         ; 0.000  ; 1.954  ;
;    Cell                ;        ; 5     ; 3.716       ; 51         ; 0.355  ; 1.412  ;
;    PLL Compensation    ;        ; 1     ; -2.525      ; 0          ; -2.525 ; -2.525 ;
+------------------------+--------+-------+-------------+------------+--------+--------+
Note: Negative delays are omitted from totals when calculating percentages

+-------------------------------------------------------------------------------------------------------------------------------------------------------------------------------------------+
; Data Arrival Path                                                                                                                                                                         ;
+----------+----------+----+------+--------+----------------------------+-------------------------------------------------------------------------------------------------------------------+
; Total    ; Incr     ; RF ; Type ; Fanout ; Location                   ; Element                                                                                                           ;
+----------+----------+----+------+--------+----------------------------+-------------------------------------------------------------------------------------------------------------------+
; 7.000    ; 7.000    ;    ;      ;        ;                            ; launch edge time                                                                                                  ;
; 13.249   ; 6.249    ;    ;      ;        ;                            ; clock path                                                                                                        ;
;   7.000  ;   0.000  ;    ;      ;        ;                            ; source latency                                                                                                    ;
;   7.000  ;   0.000  ;    ;      ; 1      ; PIN_V15                    ; adi_rx_clock                                                                                                      ;
;   7.000  ;   0.000  ; RR ; IC   ; 1      ; IOIBUF_X38_Y0_N1           ; adi_rx_clock~input|i                                                                                              ;
;   8.010  ;   1.010  ; RR ; CELL ; 1      ; IOIBUF_X38_Y0_N1           ; adi_rx_clock~input|o                                                                                              ;
;   8.917  ;   0.907  ; RR ; IC   ; 1      ; PLLREFCLKSELECT_X54_Y7_N0  ; U_core|U_nios_system|axi_ad9361_0|i_dev_if|i_rx|i_altlvds_rx|auto_generated|pll_sclk~PLL_REFCLK_SELECT|clkin[0]   ;
;   9.295  ;   0.378  ; RR ; CELL ; 1      ; PLLREFCLKSELECT_X54_Y7_N0  ; U_core|U_nios_system|axi_ad9361_0|i_dev_if|i_rx|i_altlvds_rx|auto_generated|pll_sclk~PLL_REFCLK_SELECT|clkout     ;
;   9.295  ;   0.000  ; RR ; IC   ; 11     ; FRACTIONALPLL_X54_Y1_N0    ; U_core|U_nios_system|axi_ad9361_0|i_dev_if|i_rx|i_altlvds_rx|auto_generated|pll_sclk~FRACTIONAL_PLL|refclkin      ;
;   7.692  ;   -1.603 ; RR ; COMP ; 3      ; FRACTIONALPLL_X54_Y1_N0    ; U_core|U_nios_system|axi_ad9361_0|i_dev_if|i_rx|i_altlvds_rx|auto_generated|pll_sclk~FRACTIONAL_PLL|vcoph[0]      ;
;   7.692  ;   0.000  ; RR ; IC   ; 1      ; PLLOUTPUTCOUNTER_X54_Y2_N1 ; U_core|U_nios_system|axi_ad9361_0|i_dev_if|i_rx|i_altlvds_rx|auto_generated|pll_sclk~PLL_OUTPUT_COUNTER|vco0ph[0] ;
;   9.353  ;   1.661  ; RR ; CELL ; 1      ; PLLOUTPUTCOUNTER_X54_Y2_N1 ; U_core|U_nios_system|axi_ad9361_0|i_dev_if|i_rx|i_altlvds_rx|auto_generated|pll_sclk~PLL_OUTPUT_COUNTER|divclk    ;
;   10.192 ;   0.839  ; RR ; IC   ; 1      ; CLKCTRL_G10                ; U_core|U_nios_system|axi_ad9361_0|i_dev_if|i_tx|i_altlvds_tx|auto_generated|coreclk_buf|sd10|inclk                ;
;   10.592 ;   0.400  ; RR ; CELL ; 9044   ; CLKCTRL_G10                ; U_core|U_nios_system|axi_ad9361_0|i_dev_if|i_tx|i_altlvds_tx|auto_generated|coreclk_buf|sd10|outclk               ;
;   12.635 ;   2.043  ; RR ; IC   ; 1      ; FF_X4_Y25_N26              ; U_core|\gen_sweep_analyzer:U_dwell_summary|inst_energy[12]|clk                                                    ;
;   13.249 ;   0.614  ; RR ; CELL ; 1      ; FF_X4_Y25_N26              ; bladerf_core:U_core|dwell_summary:\gen_sweep_analyzer:U_dwell_summary|inst_energy[12]                             ;
; 20.483   ; 7.234    ;    ;      ;        ;                            ; data path                                                                                                         ;
;   13.249 ;   0.000  ;    ; uTco ; 1      ; FF_X4_Y25_N26              ; bladerf_core:U_core|dwell_summary:\gen_sweep_analyzer:U_dwell_summary|inst_energy[12]                             ;
;   13.249 ;   0.000  ; RR ; CELL ; 4      ; FF_X4_Y25_N26              ; U_core|\gen_sweep_analyzer:U_dwell_summary|inst_energy[12]|q                                                      ;
;   13.962 ;   0.713  ; RR ; IC   ; 1      ; MLABCELL_X4_Y25_N48        ; U_core|\gen_sweep_analyzer:U_dwell_summary|LessThan4~9|datae                                                      ;
;   14.353 ;   0.391  ; RF ; CELL ; 1      ; MLABCELL_X4_Y25_N48        ; U_core|\gen_sweep_analyzer:U_dwell_summary|LessThan4~9|combout                                                    ;
;   15.097 ;   0.744  ; FF ; IC   ; 1      ; LABCELL_X7_Y25_N12         ; U_core|\gen_sweep_analyzer:U_dwell_summary|LessThan4~15|dataa                                                     ;
;   15.856 ;   0.759  ; FR ; CELL ; 1      ; LABCELL_X7_Y25_N12         ; U_core|\gen_sweep_analyzer:U_dwell_summary|LessThan4~15|combout                                                   ;
;   16.562 ;   0.706  ; RR ; IC   ; 1      ; LABCELL_X5_Y24_N18         ; U_core|\gen_sweep_analyzer:U_dwell_summary|LessThan4~23|datae                                                     ;
;   16.958 ;   0.396  ; RF ; CELL ; 23     ; LABCELL_X5_Y24_N18         ; U_core|\gen_sweep_analyzer:U_dwell_summary|LessThan4~23|combout                                                   ;
;   17.321 ;   0.363  ; FF ; IC   ; 1      ; MLABCELL_X4_Y24_N27        ; U_core|\gen_sweep_analyzer:U_dwell_summary|dwell_peak[10]_NEW1086|datab                                           ;
;   18.091 ;   0.770  ; FR ; CELL ; 4      ; MLABCELL_X4_Y24_N27        ; U_core|\gen_sweep_analyzer:U_dwell_summary|dwell_peak[10]_NEW1086|combout                                         ;
;   18.427 ;   0.336  ; RR ; IC   ; 1      ; MLABCELL_X4_Y24_N45        ; U_core|\gen_sweep_analyzer:U_dwell_summary|LessThan4~4_RTM03749|datab                                             ;
;   19.176 ;   0.749  ; RR ; CELL ; 1      ; MLABCELL_X4_Y24_N45        ; U_core|\gen_sweep_analyzer:U_dwell_summary|LessThan4~4_RTM03749|combout                                           ;
;   19.403 ;   0.227  ; RR ; IC   ; 1      ; MLABCELL_X4_Y24_N48        ; U_core|\gen_sweep_analyzer:U_dwell_summary|LessThan4~8_RTM03811|datab                                             ;
;   20.166 ;   0.763  ; RF ; CELL ; 1      ; MLABCELL_X4_Y24_N48        ; U_core|\gen_sweep_analyzer:U_dwell_summary|LessThan4~8_RTM03811|combout                                           ;
;   20.166 ;   0.000  ; FF ; IC   ; 1      ; FF_X4_Y24_N49              ; U_core|\gen_sweep_analyzer:U_dwell_summary|LessThan4~8_NEW_REG3808|d                                              ;
;   20.483 ;   0.317  ; FF ; CELL ; 1      ; FF_X4_Y24_N49              ; bladerf_core:U_core|dwell_summary:\gen_sweep_analyzer:U_dwell_summary|LessThan4~8_OTERM3809                       ;
+----------+----------+----+------+--------+----------------------------+-------------------------------------------------------------------------------------------------------------------+

+-------------------------------------------------------------------------------------------------------------------------------------------------------------------------------------------+
; Data Required Path                                                                                                                                                                        ;
+----------+----------+----+------+--------+----------------------------+-------------------------------------------------------------------------------------------------------------------+
; Total    ; Incr     ; RF ; Type ; Fanout ; Location                   ; Element                                                                                                           ;
+----------+----------+----+------+--------+----------------------------+-------------------------------------------------------------------------------------------------------------------+
; 15.000   ; 15.000   ;    ;      ;        ;                            ; latch edge time                                                                                                   ;
; 21.135   ; 6.135    ;    ;      ;        ;                            ; clock path                                                                                                        ;
;   15.000 ;   0.000  ;    ;      ;        ;                            ; source latency                                                                                                    ;
;   15.000 ;   0.000  ;    ;      ; 1      ; PIN_V15                    ; adi_rx_clock                                                                                                      ;
;   15.000 ;   0.000  ; RR ; IC   ; 1      ; IOIBUF_X38_Y0_N1           ; adi_rx_clock~input|i                                                                                              ;
;   16.010 ;   1.010  ; RR ; CELL ; 1      ; IOIBUF_X38_Y0_N1           ; adi_rx_clock~input|o                                                                                              ;
;   16.876 ;   0.866  ; RR ; IC   ; 1      ; PLLREFCLKSELECT_X54_Y7_N0  ; U_core|U_nios_system|axi_ad9361_0|i_dev_if|i_rx|i_altlvds_rx|auto_generated|pll_sclk~PLL_REFCLK_SELECT|clkin[0]   ;
;   17.231 ;   0.355  ; RR ; CELL ; 1      ; PLLREFCLKSELECT_X54_Y7_N0  ; U_core|U_nios_system|axi_ad9361_0|i_dev_if|i_rx|i_altlvds_rx|auto_generated|pll_sclk~PLL_REFCLK_SELECT|clkout     ;
;   17.231 ;   0.000  ; RR ; IC   ; 11     ; FRACTIONALPLL_X54_Y1_N0    ; U_core|U_nios_system|axi_ad9361_0|i_dev_if|i_rx|i_altlvds_rx|auto_generated|pll_sclk~FRACTIONAL_PLL|refclkin      ;
;   14.706 ;   -2.525 ; RR ; COMP ; 3      ; FRACTIONALPLL_X54_Y1_N0    ; U_core|U_nios_system|axi_ad9361_0|i_dev_if|i_rx|i_altlvds_rx|auto_generated|pll_sclk~FRACTIONAL_PLL|vcoph[0]      ;
;   14.706 ;   0.000  ; RR ; IC   ; 1      ; PLLOUTPUTCOUNTER_X54_Y2_N1 ; U_core|U_nios_system|axi_ad9361_0|i_dev_if|i_rx|i_altlvds_rx|auto_generated|pll_sclk~PLL_OUTPUT_COUNTER|vco0ph[0] ;
;   16.118 ;   1.412  ; RR ; CELL ; 1      ; PLLOUTPUTCOUNTER_X54_Y2_N1 ; U_core|U_nios_system|axi_ad9361_0|i_dev_if|i_rx|i_altlvds_rx|auto_generated|pll_sclk~PLL_OUTPUT_COUNTER|divclk    ;
;   16.894 ;   0.776  ; RR ; IC   ; 1      ; CLKCTRL_G10                ; U_core|U_nios_system|axi_ad9361_0|i_dev_if|i_tx|i_altlvds_tx|auto_generated|coreclk_buf|sd10|inclk                ;
;   17.266 ;   0.372  ; RR ; CELL ; 9044   ; CLKCTRL_G10                ; U_core|U_nios_system|axi_ad9361_0|i_dev_if|i_tx|i_altlvds_tx|auto_generated|coreclk_buf|sd10|outclk               ;
;   19.220 ;   1.954  ; RR ; IC   ; 1      ; FF_X4_Y24_N49              ; U_core|\gen_sweep_analyzer:U_dwell_summary|LessThan4~8_NEW_REG3808|clk                                            ;
;   19.787 ;   0.567  ; RR ; CELL ; 1      ; FF_X4_Y24_N49              ; bladerf_core:U_core|dwell_summary:\gen_sweep_analyzer:U_dwell_summary|LessThan4~8_OTERM3809                       ;
;   21.135 ;   1.348  ;    ;      ;        ;                            ; clock pessimism removed                                                                                           ;
; 21.065   ; -0.070   ;    ;      ;        ;                            ; clock uncertainty                                                                                                 ;
; 21.065   ; 0.000    ;    ; uTsu ; 1      ; FF_X4_Y24_N49              ; bladerf_core:U_core|dwell_summary:\gen_sweep_analyzer:U_dwell_summary|LessThan4~8_OTERM3809                       ;
+----------+----------+----+------+--------+----------------------------+-------------------------------------------------------------------------------------------------------------------+

----------------------------
; Extra Fitter Information ;
----------------------------
HTML report is unavailable in plain text report export.


Path #16: Setup slack is 0.592 
===============================================================================
+-------------------------------------------------------------------------------------------------------------------------------------+
; Path Summary                                                                                                                        ;
+--------------------+----------------------------------------------------------------------------------------------------------------+
; Property           ; Value                                                                                                          ;
+--------------------+----------------------------------------------------------------------------------------------------------------+
; From Node          ; bladerf_core:U_core|dwell_summary:\gen_sweep_analyzer:U_dwell_summary|dwell_peak[12]_NEW1106_OTERM2824         ;
; To Node            ; bladerf_core:U_core|dwell_summary:\gen_sweep_analyzer:U_dwell_summary|LessThan4~8_OTERM3809                    ;
; Launch Clock       ; U_core|U_nios_system|axi_ad9361_0|i_dev_if|i_rx|i_altlvds_rx|auto_generated|pll_sclk~PLL_OUTPUT_COUNTER|divclk ;
; Latch Clock        ; U_core|U_nios_system|axi_ad9361_0|i_dev_if|i_rx|i_altlvds_rx|auto_generated|pll_sclk~PLL_OUTPUT_COUNTER|divclk ;
; Data Arrival Time  ; 20.473                                                                                                         ;
; Data Required Time ; 21.065                                                                                                         ;
; Slack              ; 0.592                                                                                                          ;
+--------------------+----------------------------------------------------------------------------------------------------------------+

+--------------------------------------------------------------------------------------+
; Statistics                                                                           ;
+------------------------+--------+-------+-------------+------------+--------+--------+
; Property               ; Value  ; Count ; Total Delay ; % of Total ; Min    ; Max    ;
+------------------------+--------+-------+-------------+------------+--------+--------+
; Setup Relationship     ; 8.000  ;       ;             ;            ;        ;        ;
; Clock Skew             ; -0.114 ;       ;             ;            ;        ;        ;
; Data Delay             ; 7.224  ;       ;             ;            ;        ;        ;
; Number of Logic Levels ;        ; 6     ;             ;            ;        ;        ;
; Physical Delays        ;        ;       ;             ;            ;        ;        ;
;  Arrival Path          ;        ;       ;             ;            ;        ;        ;
;   Clock                ;        ;       ;             ;            ;        ;        ;
;    IC                  ;        ; 6     ; 3.789       ; 48         ; 0.000  ; 2.043  ;
;    Cell                ;        ; 5     ; 4.063       ; 52         ; 0.378  ; 1.661  ;
;    PLL Compensation    ;        ; 1     ; -1.603      ; 0          ; -1.603 ; -1.603 ;
;   Data                 ;        ;       ;             ;            ;        ;        ;
;    IC                  ;        ; 7     ; 2.805       ; 39         ; 0.000  ; 0.744  ;
;    Cell                ;        ; 8     ; 4.419       ; 61         ; 0.000  ; 0.770  ;
;    uTco                ;        ; 1     ; 0.000       ; 0          ; 0.000  ; 0.000  ;
;  Required Path         ;        ;       ;             ;            ;        ;        ;
;   Clock                ;        ;       ;             ;            ;        ;        ;
;    IC                  ;        ; 6     ; 3.596       ; 49         ; 0.000  ; 1.954  ;
;    Cell                ;        ; 5     ; 3.716       ; 51         ; 0.355  ; 1.412  ;
;    PLL Compensation    ;        ; 1     ; -2.525      ; 0          ; -2.525 ; -2.525 ;
+------------------------+--------+-------+-------------+------------+--------+--------+
Note: Negative delays are omitted from totals when calculating percentages

+-------------------------------------------------------------------------------------------------------------------------------------------------------------------------------------------+
; Data Arrival Path                                                                                                                                                                         ;
+----------+----------+----+------+--------+----------------------------+-------------------------------------------------------------------------------------------------------------------+
; Total    ; Incr     ; RF ; Type ; Fanout ; Location                   ; Element                                                                                                           ;
+----------+----------+----+------+--------+----------------------------+-------------------------------------------------------------------------------------------------------------------+
; 7.000    ; 7.000    ;    ;      ;        ;                            ; launch edge time                                                                                                  ;
; 13.249   ; 6.249    ;    ;      ;        ;                            ; clock path                                                                                                        ;
;   7.000  ;   0.000  ;    ;      ;        ;                            ; source latency                                                                                                    ;
;   7.000  ;   0.000  ;    ;      ; 1      ; PIN_V15                    ; adi_rx_clock                                                                                                      ;
;   7.000  ;   0.000  ; RR ; IC   ; 1      ; IOIBUF_X38_Y0_N1           ; adi_rx_clock~input|i                                                                                              ;
;   8.010  ;   1.010  ; RR ; CELL ; 1      ; IOIBUF_X38_Y0_N1           ; adi_rx_clock~input|o                                                                                              ;
;   8.917  ;   0.907  ; RR ; IC   ; 1      ; PLLREFCLKSELECT_X54_Y7_N0  ; U_core|U_nios_system|axi_ad9361_0|i_dev_if|i_rx|i_altlvds_rx|auto_generated|pll_sclk~PLL_REFCLK_SELECT|clkin[0]   ;
;   9.295  ;   0.378  ; RR ; CELL ; 1      ; PLLREFCLKSELECT_X54_Y7_N0  ; U_core|U_nios_system|axi_ad9361_0|i_dev_if|i_rx|i_altlvds_rx|auto_generated|pll_sclk~PLL_REFCLK_SELECT|clkout     ;
;   9.295  ;   0.000  ; RR ; IC   ; 11     ; FRACTIONALPLL_X54_Y1_N0    ; U_core|U_nios_system|axi_ad9361_0|i_dev_if|i_rx|i_altlvds_rx|auto_generated|pll_sclk~FRACTIONAL_PLL|refclkin      ;
;   7.692  ;   -1.603 ; RR ; COMP ; 3      ; FRACTIONALPLL_X54_Y1_N0    ; U_core|U_nios_system|axi_ad9361_0|i_dev_if|i_rx|i_altlvds_rx|auto_generated|pll_sclk~FRACTIONAL_PLL|vcoph[0]      ;
;   7.692  ;   0.000  ; RR ; IC   ; 1      ; PLLOUTPUTCOUNTER_X54_Y2_N1 ; U_core|U_nios_system|axi_ad9361_0|i_dev_if|i_rx|i_altlvds_rx|auto_generated|pll_sclk~PLL_OUTPUT_COUNTER|vco0ph[0] ;
;   9.353  ;   1.661  ; RR ; CELL ; 1      ; PLLOUTPUTCOUNTER_X54_Y2_N1 ; U_core|U_nios_system|axi_ad9361_0|i_dev_if|i_rx|i_altlvds_rx|auto_generated|pll_sclk~PLL_OUTPUT_COUNTER|divclk    ;
;   10.192 ;   0.839  ; RR ; IC   ; 1      ; CLKCTRL_G10                ; U_core|U_nios_system|axi_ad9361_0|i_dev_if|i_tx|i_altlvds_tx|auto_generated|coreclk_buf|sd10|inclk                ;
;   10.592 ;   0.400  ; RR ; CELL ; 9044   ; CLKCTRL_G10                ; U_core|U_nios_system|axi_ad9361_0|i_dev_if|i_tx|i_altlvds_tx|auto_generated|coreclk_buf|sd10|outclk               ;
;   12.635 ;   2.043  ; RR ; IC   ; 1      ; FF_X4_Y25_N8               ; U_core|\gen_sweep_analyzer:U_dwell_summary|dwell_peak[12]_NEW1106_NEW_REG2823|clk                                 ;
;   13.249 ;   0.614  ; RR ; CELL ; 1      ; FF_X4_Y25_N8               ; bladerf_core:U_core|dwell_summary:\gen_sweep_analyzer:U_dwell_summary|dwell_peak[12]_NEW1106_OTERM2824            ;
; 20.473   ; 7.224    ;    ;      ;        ;                            ; data path                                                                                                         ;
;   13.249 ;   0.000  ;    ; uTco ; 1      ; FF_X4_Y25_N8               ; bladerf_core:U_core|dwell_summary:\gen_sweep_analyzer:U_dwell_summary|dwell_peak[12]_NEW1106_OTERM2824            ;
;   13.249 ;   0.000  ; RR ; CELL ; 4      ; FF_X4_Y25_N8               ; U_core|\gen_sweep_analyzer:U_dwell_summary|dwell_peak[12]_NEW1106_NEW_REG2823|q                                   ;
;   13.678 ;   0.429  ; RR ; IC   ; 1      ; MLABCELL_X4_Y25_N48        ; U_core|\gen_sweep_analyzer:U_dwell_summary|LessThan4~9|datad                                                      ;
;   14.343 ;   0.665  ; RF ; CELL ; 1      ; MLABCELL_X4_Y25_N48        ; U_core|\gen_sweep_analyzer:U_dwell_summary|LessThan4~9|combout                                                    ;
;   15.087 ;   0.744  ; FF ; IC   ; 1      ; LABCELL_X7_Y25_N12         ; U_core|\gen_sweep_analyzer:U_dwell_summary|LessThan4~15|dataa                                                     ;
;   15.846 ;   0.759  ; FR ; CELL ; 1      ; LABCELL_X7_Y25_N12         ; U_core|\gen_sweep_analyzer:U_dwell_summary|LessThan4~15|combout                                                   ;
;   16.552 ;   0.706  ; RR ; IC   ; 1      ; LABCELL_X5_Y24_N18         ; U_core|\gen_sweep_analyzer:U_dwell_summary|LessThan4~23|datae                                                     ;
;   16.948 ;   0.396  ; RF ; CELL ; 23     ; LABCELL_X5_Y24_N18         ; U_core|\gen_sweep_analyzer:U_dwell_summary|LessThan4~23|combout                                                   ;
;   17.311 ;   0.363  ; FF ; IC   ; 1      ; MLABCELL_X4_Y24_N27        ; U_core|\gen_sweep_analyzer:U_dwell_summary|dwell_peak[10]_NEW1086|datab                                           ;
;   18.081 ;   0.770  ; FR ; CELL ; 4      ; MLABCELL_X4_Y24_N27        ; U_core|\gen_sweep_analyzer:U_dwell_summary|dwell_peak[10]_NEW1086|combout                                         ;
;   18.417 ;   0.336  ; RR ; IC   ; 1      ; MLABCELL_X4_Y24_N45        ; U_core|\gen_sweep_analyzer:U_dwell_summary|LessThan4~4_RTM03749|datab                                             ;
;   19.166 ;   0.749  ; RR ; CELL ; 1      ; MLABCELL_X4_Y24_N45        ; U_core|\gen_sweep_analyzer:U_dwell_summary|LessThan4~4_RTM03749|combout                                           ;
;   19.393 ;   0.227  ; RR ; IC   ; 1      ; MLABCELL_X4_Y24_N48        ; U_core|\gen_sweep_analyzer:U_dwell_summary|LessThan4~8_RTM03811|datab                                             ;
;   20.156 ;   0.763  ; RF ; CELL ; 1      ; MLABCELL_X4_Y24_N48        ; U_core|\gen_sweep_analyzer:U_dwell_summary|LessThan4~8_RTM03811|combout                                           ;
;   20.156 ;   0.000  ; FF ; IC   ; 1      ; FF_X4_Y24_N49              ; U_core|\gen_sweep_analyzer:U_dwell_summary|LessThan4~8_NEW_REG3808|d                                              ;
;   20.473 ;   0.317  ; FF ; CELL ; 1      ; FF_X4_Y24_N49              ; bladerf_core:U_core|dwell_summary:\gen_sweep_analyzer:U_dwell_summary|LessThan4~8_OTERM3809                       ;
+----------+----------+----+------+--------+----------------------------+-------------------------------------------------------------------------------------------------------------------+

+-------------------------------------------------------------------------------------------------------------------------------------------------------------------------------------------+
; Data Required Path                                                                                                                                                                        ;
+----------+----------+----+------+--------+----------------------------+-------------------------------------------------------------------------------------------------------------------+
; Total    ; Incr     ; RF ; Type ; Fanout ; Location                   ; Element                                                                                                           ;
+----------+----------+----+------+--------+----------------------------+-------------------------------------------------------------------------------------------------------------------+
; 15.000   ; 15.000   ;    ;      ;        ;                            ; latch edge time                                                                                                   ;
; 21.135   ; 6.135    ;    ;      ;        ;                            ; clock path                                                                                                        ;
;   15.000 ;   0.000  ;    ;      ;        ;                            ; source latency                                                                                                    ;
;   15.000 ;   0.000  ;    ;      ; 1      ; PIN_V15                    ; adi_rx_clock                                                                                                      ;
;   15.000 ;   0.000  ; RR ; IC   ; 1      ; IOIBUF_X38_Y0_N1           ; adi_rx_clock~input|i                                                                                              ;
;   16.010 ;   1.010  ; RR ; CELL ; 1      ; IOIBUF_X38_Y0_N1           ; adi_rx_clock~input|o                                                                                              ;
;   16.876 ;   0.866  ; RR ; IC   ; 1      ; PLLREFCLKSELECT_X54_Y7_N0  ; U_core|U_nios_system|axi_ad9361_0|i_dev_if|i_rx|i_altlvds_rx|auto_generated|pll_sclk~PLL_REFCLK_SELECT|clkin[0]   ;
;   17.231 ;   0.355  ; RR ; CELL ; 1      ; PLLREFCLKSELECT_X54_Y7_N0  ; U_core|U_nios_system|axi_ad9361_0|i_dev_if|i_rx|i_altlvds_rx|auto_generated|pll_sclk~PLL_REFCLK_SELECT|clkout     ;
;   17.231 ;   0.000  ; RR ; IC   ; 11     ; FRACTIONALPLL_X54_Y1_N0    ; U_core|U_nios_system|axi_ad9361_0|i_dev_if|i_rx|i_altlvds_rx|auto_generated|pll_sclk~FRACTIONAL_PLL|refclkin      ;
;   14.706 ;   -2.525 ; RR ; COMP ; 3      ; FRACTIONALPLL_X54_Y1_N0    ; U_core|U_nios_system|axi_ad9361_0|i_dev_if|i_rx|i_altlvds_rx|auto_generated|pll_sclk~FRACTIONAL_PLL|vcoph[0]      ;
;   14.706 ;   0.000  ; RR ; IC   ; 1      ; PLLOUTPUTCOUNTER_X54_Y2_N1 ; U_core|U_nios_system|axi_ad9361_0|i_dev_if|i_rx|i_altlvds_rx|auto_generated|pll_sclk~PLL_OUTPUT_COUNTER|vco0ph[0] ;
;   16.118 ;   1.412  ; RR ; CELL ; 1      ; PLLOUTPUTCOUNTER_X54_Y2_N1 ; U_core|U_nios_system|axi_ad9361_0|i_dev_if|i_rx|i_altlvds_rx|auto_generated|pll_sclk~PLL_OUTPUT_COUNTER|divclk    ;
;   16.894 ;   0.776  ; RR ; IC   ; 1      ; CLKCTRL_G10                ; U_core|U_nios_system|axi_ad9361_0|i_dev_if|i_tx|i_altlvds_tx|auto_generated|coreclk_buf|sd10|inclk                ;
;   17.266 ;   0.372  ; RR ; CELL ; 9044   ; CLKCTRL_G10                ; U_core|U_nios_system|axi_ad9361_0|i_dev_if|i_tx|i_altlvds_tx|auto_generated|coreclk_buf|sd10|outclk               ;
;   19.220 ;   1.954  ; RR ; IC   ; 1      ; FF_X4_Y24_N49              ; U_core|\gen_sweep_analyzer:U_dwell_summary|LessThan4~8_NEW_REG3808|clk                                            ;
;   19.787 ;   0.567  ; RR ; CELL ; 1      ; FF_X4_Y24_N49              ; bladerf_core:U_core|dwell_summary:\gen_sweep_analyzer:U_dwell_summary|LessThan4~8_OTERM3809                       ;
;   21.135 ;   1.348  ;    ;      ;        ;                            ; clock pessimism removed                                                                                           ;
; 21.065   ; -0.070   ;    ;      ;        ;                            ; clock uncertainty                                                                                                 ;
; 21.065   ; 0.000    ;    ; uTsu ; 1      ; FF_X4_Y24_N49              ; bladerf_core:U_core|dwell_summary:\gen_sweep_analyzer:U_dwell_summary|LessThan4~8_OTERM3809                       ;
+----------+----------+----+------+--------+----------------------------+-------------------------------------------------------------------------------------------------------------------+

----------------------------
; Extra Fitter Information ;
----------------------------
HTML report is unavailable in plain text report export.


Path #17: Setup slack is 0.601 
===============================================================================
+-------------------------------------------------------------------------------------------------------------------------------------+
; Path Summary                                                                                                                        ;
+--------------------+----------------------------------------------------------------------------------------------------------------+
; Property           ; Value                                                                                                          ;
+--------------------+----------------------------------------------------------------------------------------------------------------+
; From Node          ; bladerf_core:U_core|dwell_summary:\gen_sweep_analyzer:U_dwell_summary|dwell_peak[13]_NEW1126_OTERM2808         ;
; To Node            ; bladerf_core:U_core|dwell_summary:\gen_sweep_analyzer:U_dwell_summary|LessThan4~8_OTERM3809                    ;
; Launch Clock       ; U_core|U_nios_system|axi_ad9361_0|i_dev_if|i_rx|i_altlvds_rx|auto_generated|pll_sclk~PLL_OUTPUT_COUNTER|divclk ;
; Latch Clock        ; U_core|U_nios_system|axi_ad9361_0|i_dev_if|i_rx|i_altlvds_rx|auto_generated|pll_sclk~PLL_OUTPUT_COUNTER|divclk ;
; Data Arrival Time  ; 20.464                                                                                                         ;
; Data Required Time ; 21.065                                                                                                         ;
; Slack              ; 0.601                                                                                                          ;
+--------------------+----------------------------------------------------------------------------------------------------------------+

+--------------------------------------------------------------------------------------+
; Statistics                                                                           ;
+------------------------+--------+-------+-------------+------------+--------+--------+
; Property               ; Value  ; Count ; Total Delay ; % of Total ; Min    ; Max    ;
+------------------------+--------+-------+-------------+------------+--------+--------+
; Setup Relationship     ; 8.000  ;       ;             ;            ;        ;        ;
; Clock Skew             ; -0.123 ;       ;             ;            ;        ;        ;
; Data Delay             ; 7.206  ;       ;             ;            ;        ;        ;
; Number of Logic Levels ;        ; 6     ;             ;            ;        ;        ;
; Physical Delays        ;        ;       ;             ;            ;        ;        ;
;  Arrival Path          ;        ;       ;             ;            ;        ;        ;
;   Clock                ;        ;       ;             ;            ;        ;        ;
;    IC                  ;        ; 6     ; 3.789       ; 48         ; 0.000  ; 2.043  ;
;    Cell                ;        ; 5     ; 4.072       ; 52         ; 0.378  ; 1.661  ;
;    PLL Compensation    ;        ; 1     ; -1.603      ; 0          ; -1.603 ; -1.603 ;
;   Data                 ;        ;       ;             ;            ;        ;        ;
;    IC                  ;        ; 7     ; 2.685       ; 37         ; 0.000  ; 0.744  ;
;    Cell                ;        ; 8     ; 4.521       ; 63         ; 0.000  ; 0.770  ;
;    uTco                ;        ; 1     ; 0.000       ; 0          ; 0.000  ; 0.000  ;
;  Required Path         ;        ;       ;             ;            ;        ;        ;
;   Clock                ;        ;       ;             ;            ;        ;        ;
;    IC                  ;        ; 6     ; 3.596       ; 49         ; 0.000  ; 1.954  ;
;    Cell                ;        ; 5     ; 3.716       ; 51         ; 0.355  ; 1.412  ;
;    PLL Compensation    ;        ; 1     ; -2.525      ; 0          ; -2.525 ; -2.525 ;
+------------------------+--------+-------+-------------+------------+--------+--------+
Note: Negative delays are omitted from totals when calculating percentages

+-------------------------------------------------------------------------------------------------------------------------------------------------------------------------------------------+
; Data Arrival Path                                                                                                                                                                         ;
+----------+----------+----+------+--------+----------------------------+-------------------------------------------------------------------------------------------------------------------+
; Total    ; Incr     ; RF ; Type ; Fanout ; Location                   ; Element                                                                                                           ;
+----------+----------+----+------+--------+----------------------------+-------------------------------------------------------------------------------------------------------------------+
; 7.000    ; 7.000    ;    ;      ;        ;                            ; launch edge time                                                                                                  ;
; 13.258   ; 6.258    ;    ;      ;        ;                            ; clock path                                                                                                        ;
;   7.000  ;   0.000  ;    ;      ;        ;                            ; source latency                                                                                                    ;
;   7.000  ;   0.000  ;    ;      ; 1      ; PIN_V15                    ; adi_rx_clock                                                                                                      ;
;   7.000  ;   0.000  ; RR ; IC   ; 1      ; IOIBUF_X38_Y0_N1           ; adi_rx_clock~input|i                                                                                              ;
;   8.010  ;   1.010  ; RR ; CELL ; 1      ; IOIBUF_X38_Y0_N1           ; adi_rx_clock~input|o                                                                                              ;
;   8.917  ;   0.907  ; RR ; IC   ; 1      ; PLLREFCLKSELECT_X54_Y7_N0  ; U_core|U_nios_system|axi_ad9361_0|i_dev_if|i_rx|i_altlvds_rx|auto_generated|pll_sclk~PLL_REFCLK_SELECT|clkin[0]   ;
;   9.295  ;   0.378  ; RR ; CELL ; 1      ; PLLREFCLKSELECT_X54_Y7_N0  ; U_core|U_nios_system|axi_ad9361_0|i_dev_if|i_rx|i_altlvds_rx|auto_generated|pll_sclk~PLL_REFCLK_SELECT|clkout     ;
;   9.295  ;   0.000  ; RR ; IC   ; 11     ; FRACTIONALPLL_X54_Y1_N0    ; U_core|U_nios_system|axi_ad9361_0|i_dev_if|i_rx|i_altlvds_rx|auto_generated|pll_sclk~FRACTIONAL_PLL|refclkin      ;
;   7.692  ;   -1.603 ; RR ; COMP ; 3      ; FRACTIONALPLL_X54_Y1_N0    ; U_core|U_nios_system|axi_ad9361_0|i_dev_if|i_rx|i_altlvds_rx|auto_generated|pll_sclk~FRACTIONAL_PLL|vcoph[0]      ;
;   7.692  ;   0.000  ; RR ; IC   ; 1      ; PLLOUTPUTCOUNTER_X54_Y2_N1 ; U_core|U_nios_system|axi_ad9361_0|i_dev_if|i_rx|i_altlvds_rx|auto_generated|pll_sclk~PLL_OUTPUT_COUNTER|vco0ph[0] ;
;   9.353  ;   1.661  ; RR ; CELL ; 1      ; PLLOUTPUTCOUNTER_X54_Y2_N1 ; U_core|U_nios_system|axi_ad9361_0|i_dev_if|i_rx|i_altlvds_rx|auto_generated|pll_sclk~PLL_OUTPUT_COUNTER|divclk    ;
;   10.192 ;   0.839  ; RR ; IC   ; 1      ; CLKCTRL_G10                ; U_core|U_nios_system|axi_ad9361_0|i_dev_if|i_tx|i_altlvds_tx|auto_generated|coreclk_buf|sd10|inclk                ;
;   10.592 ;   0.400  ; RR ; CELL ; 9044   ; CLKCTRL_G10                ; U_core|U_nios_system|axi_ad9361_0|i_dev_if|i_tx|i_altlvds_tx|auto_generated|coreclk_buf|sd10|outclk               ;
;   12.635 ;   2.043  ; RR ; IC   ; 1      ; FF_X4_Y25_N59              ; U_core|\gen_sweep_analyzer:U_dwell_summary|dwell_peak[13]_NEW1126_NEW_REG2807|clk                                 ;
;   13.258 ;   0.623  ; RR ; CELL ; 1      ; FF_X4_Y25_N59              ; bladerf_core:U_core|dwell_summary:\gen_sweep_analyzer:U_dwell_summary|dwell_peak[13]_NEW1126_OTERM2808            ;
; 20.464   ; 7.206    ;    ;      ;        ;                            ; data path                                                                                                         ;
;   13.258 ;   0.000  ;    ; uTco ; 1      ; FF_X4_Y25_N59              ; bladerf_core:U_core|dwell_summary:\gen_sweep_analyzer:U_dwell_summary|dwell_peak[13]_NEW1126_OTERM2808            ;
;   13.258 ;   0.000  ; RR ; CELL ; 4      ; FF_X4_Y25_N59              ; U_core|\gen_sweep_analyzer:U_dwell_summary|dwell_peak[13]_NEW1126_NEW_REG2807|q                                   ;
;   13.567 ;   0.309  ; RR ; IC   ; 1      ; MLABCELL_X4_Y25_N48        ; U_core|\gen_sweep_analyzer:U_dwell_summary|LessThan4~9|datab                                                      ;
;   14.334 ;   0.767  ; RF ; CELL ; 1      ; MLABCELL_X4_Y25_N48        ; U_core|\gen_sweep_analyzer:U_dwell_summary|LessThan4~9|combout                                                    ;
;   15.078 ;   0.744  ; FF ; IC   ; 1      ; LABCELL_X7_Y25_N12         ; U_core|\gen_sweep_analyzer:U_dwell_summary|LessThan4~15|dataa                                                     ;
;   15.837 ;   0.759  ; FR ; CELL ; 1      ; LABCELL_X7_Y25_N12         ; U_core|\gen_sweep_analyzer:U_dwell_summary|LessThan4~15|combout                                                   ;
;   16.543 ;   0.706  ; RR ; IC   ; 1      ; LABCELL_X5_Y24_N18         ; U_core|\gen_sweep_analyzer:U_dwell_summary|LessThan4~23|datae                                                     ;
;   16.939 ;   0.396  ; RF ; CELL ; 23     ; LABCELL_X5_Y24_N18         ; U_core|\gen_sweep_analyzer:U_dwell_summary|LessThan4~23|combout                                                   ;
;   17.302 ;   0.363  ; FF ; IC   ; 1      ; MLABCELL_X4_Y24_N27        ; U_core|\gen_sweep_analyzer:U_dwell_summary|dwell_peak[10]_NEW1086|datab                                           ;
;   18.072 ;   0.770  ; FR ; CELL ; 4      ; MLABCELL_X4_Y24_N27        ; U_core|\gen_sweep_analyzer:U_dwell_summary|dwell_peak[10]_NEW1086|combout                                         ;
;   18.408 ;   0.336  ; RR ; IC   ; 1      ; MLABCELL_X4_Y24_N45        ; U_core|\gen_sweep_analyzer:U_dwell_summary|LessThan4~4_RTM03749|datab                                             ;
;   19.157 ;   0.749  ; RR ; CELL ; 1      ; MLABCELL_X4_Y24_N45        ; U_core|\gen_sweep_analyzer:U_dwell_summary|LessThan4~4_RTM03749|combout                                           ;
;   19.384 ;   0.227  ; RR ; IC   ; 1      ; MLABCELL_X4_Y24_N48        ; U_core|\gen_sweep_analyzer:U_dwell_summary|LessThan4~8_RTM03811|datab                                             ;
;   20.147 ;   0.763  ; RF ; CELL ; 1      ; MLABCELL_X4_Y24_N48        ; U_core|\gen_sweep_analyzer:U_dwell_summary|LessThan4~8_RTM03811|combout                                           ;
;   20.147 ;   0.000  ; FF ; IC   ; 1      ; FF_X4_Y24_N49              ; U_core|\gen_sweep_analyzer:U_dwell_summary|LessThan4~8_NEW_REG3808|d                                              ;
;   20.464 ;   0.317  ; FF ; CELL ; 1      ; FF_X4_Y24_N49              ; bladerf_core:U_core|dwell_summary:\gen_sweep_analyzer:U_dwell_summary|LessThan4~8_OTERM3809                       ;
+----------+----------+----+------+--------+----------------------------+-------------------------------------------------------------------------------------------------------------------+

+-------------------------------------------------------------------------------------------------------------------------------------------------------------------------------------------+
; Data Required Path                                                                                                                                                                        ;
+----------+----------+----+------+--------+----------------------------+-------------------------------------------------------------------------------------------------------------------+
; Total    ; Incr     ; RF ; Type ; Fanout ; Location                   ; Element                                                                                                           ;
+----------+----------+----+------+--------+----------------------------+-------------------------------------------------------------------------------------------------------------------+
; 15.000   ; 15.000   ;    ;      ;        ;                            ; latch edge time                                                                                                   ;
; 21.135   ; 6.135    ;    ;      ;        ;                            ; clock path                                                                                                        ;
;   15.000 ;   0.000  ;    ;      ;        ;                            ; source latency                                                                                                    ;
;   15.000 ;   0.000  ;    ;      ; 1      ; PIN_V15                    ; adi_rx_clock                                                                                                      ;
;   15.000 ;   0.000  ; RR ; IC   ; 1      ; IOIBUF_X38_Y0_N1           ; adi_rx_clock~input|i                                                                                              ;
;   16.010 ;   1.010  ; RR ; CELL ; 1      ; IOIBUF_X38_Y0_N1           ; adi_rx_clock~input|o                                                                                              ;
;   16.876 ;   0.866  ; RR ; IC   ; 1      ; PLLREFCLKSELECT_X54_Y7_N0  ; U_core|U_nios_system|axi_ad9361_0|i_dev_if|i_rx|i_altlvds_rx|auto_generated|pll_sclk~PLL_REFCLK_SELECT|clkin[0]   ;
;   17.231 ;   0.355  ; RR ; CELL ; 1      ; PLLREFCLKSELECT_X54_Y7_N0  ; U_core|U_nios_system|axi_ad9361_0|i_dev_if|i_rx|i_altlvds_rx|auto_generated|pll_sclk~PLL_REFCLK_SELECT|clkout     ;
;   17.231 ;   0.000  ; RR ; IC   ; 11     ; FRACTIONALPLL_X54_Y1_N0    ; U_core|U_nios_system|axi_ad9361_0|i_dev_if|i_rx|i_altlvds_rx|auto_generated|pll_sclk~FRACTIONAL_PLL|refclkin      ;
;   14.706 ;   -2.525 ; RR ; COMP ; 3      ; FRACTIONALPLL_X54_Y1_N0    ; U_core|U_nios_system|axi_ad9361_0|i_dev_if|i_rx|i_altlvds_rx|auto_generated|pll_sclk~FRACTIONAL_PLL|vcoph[0]      ;
;   14.706 ;   0.000  ; RR ; IC   ; 1      ; PLLOUTPUTCOUNTER_X54_Y2_N1 ; U_core|U_nios_system|axi_ad9361_0|i_dev_if|i_rx|i_altlvds_rx|auto_generated|pll_sclk~PLL_OUTPUT_COUNTER|vco0ph[0] ;
;   16.118 ;   1.412  ; RR ; CELL ; 1      ; PLLOUTPUTCOUNTER_X54_Y2_N1 ; U_core|U_nios_system|axi_ad9361_0|i_dev_if|i_rx|i_altlvds_rx|auto_generated|pll_sclk~PLL_OUTPUT_COUNTER|divclk    ;
;   16.894 ;   0.776  ; RR ; IC   ; 1      ; CLKCTRL_G10                ; U_core|U_nios_system|axi_ad9361_0|i_dev_if|i_tx|i_altlvds_tx|auto_generated|coreclk_buf|sd10|inclk                ;
;   17.266 ;   0.372  ; RR ; CELL ; 9044   ; CLKCTRL_G10                ; U_core|U_nios_system|axi_ad9361_0|i_dev_if|i_tx|i_altlvds_tx|auto_generated|coreclk_buf|sd10|outclk               ;
;   19.220 ;   1.954  ; RR ; IC   ; 1      ; FF_X4_Y24_N49              ; U_core|\gen_sweep_analyzer:U_dwell_summary|LessThan4~8_NEW_REG3808|clk                                            ;
;   19.787 ;   0.567  ; RR ; CELL ; 1      ; FF_X4_Y24_N49              ; bladerf_core:U_core|dwell_summary:\gen_sweep_analyzer:U_dwell_summary|LessThan4~8_OTERM3809                       ;
;   21.135 ;   1.348  ;    ;      ;        ;                            ; clock pessimism removed                                                                                           ;
; 21.065   ; -0.070   ;    ;      ;        ;                            ; clock uncertainty                                                                                                 ;
; 21.065   ; 0.000    ;    ; uTsu ; 1      ; FF_X4_Y24_N49              ; bladerf_core:U_core|dwell_summary:\gen_sweep_analyzer:U_dwell_summary|LessThan4~8_OTERM3809                       ;
+----------+----------+----+------+--------+----------------------------+-------------------------------------------------------------------------------------------------------------------+

----------------------------
; Extra Fitter Information ;
----------------------------
HTML report is unavailable in plain text report export.


Path #18: Setup slack is 0.606 
===============================================================================
+-------------------------------------------------------------------------------------------------------------------------------------+
; Path Summary                                                                                                                        ;
+--------------------+----------------------------------------------------------------------------------------------------------------+
; Property           ; Value                                                                                                          ;
+--------------------+----------------------------------------------------------------------------------------------------------------+
; From Node          ; bladerf_core:U_core|dwell_summary:\gen_sweep_analyzer:U_dwell_summary|dwell_peak[29]_OTERM2217~DUPLICATE       ;
; To Node            ; bladerf_core:U_core|dwell_summary:\gen_sweep_analyzer:U_dwell_summary|LessThan4~3_OTERM3797                    ;
; Launch Clock       ; U_core|U_nios_system|axi_ad9361_0|i_dev_if|i_rx|i_altlvds_rx|auto_generated|pll_sclk~PLL_OUTPUT_COUNTER|divclk ;
; Latch Clock        ; U_core|U_nios_system|axi_ad9361_0|i_dev_if|i_rx|i_altlvds_rx|auto_generated|pll_sclk~PLL_OUTPUT_COUNTER|divclk ;
; Data Arrival Time  ; 20.445                                                                                                         ;
; Data Required Time ; 21.051                                                                                                         ;
; Slack              ; 0.606                                                                                                          ;
+--------------------+----------------------------------------------------------------------------------------------------------------+

+--------------------------------------------------------------------------------------+
; Statistics                                                                           ;
+------------------------+--------+-------+-------------+------------+--------+--------+
; Property               ; Value  ; Count ; Total Delay ; % of Total ; Min    ; Max    ;
+------------------------+--------+-------+-------------+------------+--------+--------+
; Setup Relationship     ; 8.000  ;       ;             ;            ;        ;        ;
; Clock Skew             ; -0.143 ;       ;             ;            ;        ;        ;
; Data Delay             ; 7.181  ;       ;             ;            ;        ;        ;
; Number of Logic Levels ;        ; 5     ;             ;            ;        ;        ;
; Physical Delays        ;        ;       ;             ;            ;        ;        ;
;  Arrival Path          ;        ;       ;             ;            ;        ;        ;
;   Clock                ;        ;       ;             ;            ;        ;        ;
;    IC                  ;        ; 6     ; 3.790       ; 48         ; 0.000  ; 2.044  ;
;    Cell                ;        ; 5     ; 4.077       ; 52         ; 0.378  ; 1.661  ;
;    PLL Compensation    ;        ; 1     ; -1.603      ; 0          ; -1.603 ; -1.603 ;
;   Data                 ;        ;       ;             ;            ;        ;        ;
;    IC                  ;        ; 6     ; 3.927       ; 55         ; 0.000  ; 1.102  ;
;    Cell                ;        ; 7     ; 3.254       ; 45         ; 0.000  ; 0.755  ;
;    uTco                ;        ; 1     ; 0.000       ; 0          ; 0.000  ; 0.000  ;
;  Required Path         ;        ;       ;             ;            ;        ;        ;
;   Clock                ;        ;       ;             ;            ;        ;        ;
;    IC                  ;        ; 6     ; 3.595       ; 49         ; 0.000  ; 1.953  ;
;    Cell                ;        ; 5     ; 3.703       ; 51         ; 0.355  ; 1.412  ;
;    PLL Compensation    ;        ; 1     ; -2.525      ; 0          ; -2.525 ; -2.525 ;
+------------------------+--------+-------+-------------+------------+--------+--------+
Note: Negative delays are omitted from totals when calculating percentages

+-------------------------------------------------------------------------------------------------------------------------------------------------------------------------------------------+
; Data Arrival Path                                                                                                                                                                         ;
+----------+----------+----+------+--------+----------------------------+-------------------------------------------------------------------------------------------------------------------+
; Total    ; Incr     ; RF ; Type ; Fanout ; Location                   ; Element                                                                                                           ;
+----------+----------+----+------+--------+----------------------------+-------------------------------------------------------------------------------------------------------------------+
; 7.000    ; 7.000    ;    ;      ;        ;                            ; launch edge time                                                                                                  ;
; 13.264   ; 6.264    ;    ;      ;        ;                            ; clock path                                                                                                        ;
;   7.000  ;   0.000  ;    ;      ;        ;                            ; source latency                                                                                                    ;
;   7.000  ;   0.000  ;    ;      ; 1      ; PIN_V15                    ; adi_rx_clock                                                                                                      ;
;   7.000  ;   0.000  ; RR ; IC   ; 1      ; IOIBUF_X38_Y0_N1           ; adi_rx_clock~input|i                                                                                              ;
;   8.010  ;   1.010  ; RR ; CELL ; 1      ; IOIBUF_X38_Y0_N1           ; adi_rx_clock~input|o                                                                                              ;
;   8.917  ;   0.907  ; RR ; IC   ; 1      ; PLLREFCLKSELECT_X54_Y7_N0  ; U_core|U_nios_system|axi_ad9361_0|i_dev_if|i_rx|i_altlvds_rx|auto_generated|pll_sclk~PLL_REFCLK_SELECT|clkin[0]   ;
;   9.295  ;   0.378  ; RR ; CELL ; 1      ; PLLREFCLKSELECT_X54_Y7_N0  ; U_core|U_nios_system|axi_ad9361_0|i_dev_if|i_rx|i_altlvds_rx|auto_generated|pll_sclk~PLL_REFCLK_SELECT|clkout     ;
;   9.295  ;   0.000  ; RR ; IC   ; 11     ; FRACTIONALPLL_X54_Y1_N0    ; U_core|U_nios_system|axi_ad9361_0|i_dev_if|i_rx|i_altlvds_rx|auto_generated|pll_sclk~FRACTIONAL_PLL|refclkin      ;
;   7.692  ;   -1.603 ; RR ; COMP ; 3      ; FRACTIONALPLL_X54_Y1_N0    ; U_core|U_nios_system|axi_ad9361_0|i_dev_if|i_rx|i_altlvds_rx|auto_generated|pll_sclk~FRACTIONAL_PLL|vcoph[0]      ;
;   7.692  ;   0.000  ; RR ; IC   ; 1      ; PLLOUTPUTCOUNTER_X54_Y2_N1 ; U_core|U_nios_system|axi_ad9361_0|i_dev_if|i_rx|i_altlvds_rx|auto_generated|pll_sclk~PLL_OUTPUT_COUNTER|vco0ph[0] ;
;   9.353  ;   1.661  ; RR ; CELL ; 1      ; PLLOUTPUTCOUNTER_X54_Y2_N1 ; U_core|U_nios_system|axi_ad9361_0|i_dev_if|i_rx|i_altlvds_rx|auto_generated|pll_sclk~PLL_OUTPUT_COUNTER|divclk    ;
;   10.192 ;   0.839  ; RR ; IC   ; 1      ; CLKCTRL_G10                ; U_core|U_nios_system|axi_ad9361_0|i_dev_if|i_tx|i_altlvds_tx|auto_generated|coreclk_buf|sd10|inclk                ;
;   10.592 ;   0.400  ; RR ; CELL ; 9044   ; CLKCTRL_G10                ; U_core|U_nios_system|axi_ad9361_0|i_dev_if|i_tx|i_altlvds_tx|auto_generated|coreclk_buf|sd10|outclk               ;
;   12.636 ;   2.044  ; RR ; IC   ; 1      ; FF_X4_Y24_N55              ; U_core|\gen_sweep_analyzer:U_dwell_summary|dwell_peak[29]_OTERM2217~DUPLICATE|clk                                 ;
;   13.264 ;   0.628  ; RR ; CELL ; 1      ; FF_X4_Y24_N55              ; bladerf_core:U_core|dwell_summary:\gen_sweep_analyzer:U_dwell_summary|dwell_peak[29]_OTERM2217~DUPLICATE          ;
; 20.445   ; 7.181    ;    ;      ;        ;                            ; data path                                                                                                         ;
;   13.264 ;   0.000  ;    ; uTco ; 1      ; FF_X4_Y24_N55              ; bladerf_core:U_core|dwell_summary:\gen_sweep_analyzer:U_dwell_summary|dwell_peak[29]_OTERM2217~DUPLICATE          ;
;   13.264 ;   0.000  ; FF ; CELL ; 9      ; FF_X4_Y24_N55              ; U_core|\gen_sweep_analyzer:U_dwell_summary|dwell_peak[29]_OTERM2217~DUPLICATE|q                                   ;
;   14.366 ;   1.102  ; FF ; IC   ; 1      ; MLABCELL_X4_Y28_N45        ; U_core|\gen_sweep_analyzer:U_dwell_summary|dwell_peak[28]_NEW1104|datab                                           ;
;   15.112 ;   0.746  ; FR ; CELL ; 4      ; MLABCELL_X4_Y28_N45        ; U_core|\gen_sweep_analyzer:U_dwell_summary|dwell_peak[28]_NEW1104|combout                                         ;
;   15.677 ;   0.565  ; RR ; IC   ; 1      ; MLABCELL_X4_Y28_N57        ; U_core|\gen_sweep_analyzer:U_dwell_summary|LessThan4~22|datad                                                     ;
;   16.334 ;   0.657  ; RF ; CELL ; 1      ; MLABCELL_X4_Y28_N57        ; U_core|\gen_sweep_analyzer:U_dwell_summary|LessThan4~22|combout                                                   ;
;   17.027 ;   0.693  ; FF ; IC   ; 1      ; LABCELL_X5_Y24_N18         ; U_core|\gen_sweep_analyzer:U_dwell_summary|LessThan4~23|dataf                                                     ;
;   17.126 ;   0.099  ; FF ; CELL ; 23     ; LABCELL_X5_Y24_N18         ; U_core|\gen_sweep_analyzer:U_dwell_summary|LessThan4~23|combout                                                   ;
;   18.003 ;   0.877  ; FF ; IC   ; 1      ; MLABCELL_X4_Y25_N45        ; U_core|\gen_sweep_analyzer:U_dwell_summary|dwell_peak[5]_NEW1124~_Duplicate|datac                                 ;
;   18.682 ;   0.679  ; FF ; CELL ; 2      ; MLABCELL_X4_Y25_N45        ; U_core|\gen_sweep_analyzer:U_dwell_summary|dwell_peak[5]_NEW1124~_Duplicate|combout                               ;
;   19.372 ;   0.690  ; FF ; IC   ; 1      ; LABCELL_X7_Y25_N30         ; U_core|\gen_sweep_analyzer:U_dwell_summary|LessThan4~3|dataa                                                      ;
;   20.127 ;   0.755  ; FR ; CELL ; 1      ; LABCELL_X7_Y25_N30         ; U_core|\gen_sweep_analyzer:U_dwell_summary|LessThan4~3|combout                                                    ;
;   20.127 ;   0.000  ; RR ; IC   ; 1      ; FF_X7_Y25_N32              ; U_core|\gen_sweep_analyzer:U_dwell_summary|LessThan4~3_NEW_REG3796|d                                              ;
;   20.445 ;   0.318  ; RR ; CELL ; 1      ; FF_X7_Y25_N32              ; bladerf_core:U_core|dwell_summary:\gen_sweep_analyzer:U_dwell_summary|LessThan4~3_OTERM3797                       ;
+----------+----------+----+------+--------+----------------------------+-------------------------------------------------------------------------------------------------------------------+

+-------------------------------------------------------------------------------------------------------------------------------------------------------------------------------------------+
; Data Required Path                                                                                                                                                                        ;
+----------+----------+----+------+--------+----------------------------+-------------------------------------------------------------------------------------------------------------------+
; Total    ; Incr     ; RF ; Type ; Fanout ; Location                   ; Element                                                                                                           ;
+----------+----------+----+------+--------+----------------------------+-------------------------------------------------------------------------------------------------------------------+
; 15.000   ; 15.000   ;    ;      ;        ;                            ; latch edge time                                                                                                   ;
; 21.121   ; 6.121    ;    ;      ;        ;                            ; clock path                                                                                                        ;
;   15.000 ;   0.000  ;    ;      ;        ;                            ; source latency                                                                                                    ;
;   15.000 ;   0.000  ;    ;      ; 1      ; PIN_V15                    ; adi_rx_clock                                                                                                      ;
;   15.000 ;   0.000  ; RR ; IC   ; 1      ; IOIBUF_X38_Y0_N1           ; adi_rx_clock~input|i                                                                                              ;
;   16.010 ;   1.010  ; RR ; CELL ; 1      ; IOIBUF_X38_Y0_N1           ; adi_rx_clock~input|o                                                                                              ;
;   16.876 ;   0.866  ; RR ; IC   ; 1      ; PLLREFCLKSELECT_X54_Y7_N0  ; U_core|U_nios_system|axi_ad9361_0|i_dev_if|i_rx|i_altlvds_rx|auto_generated|pll_sclk~PLL_REFCLK_SELECT|clkin[0]   ;
;   17.231 ;   0.355  ; RR ; CELL ; 1      ; PLLREFCLKSELECT_X54_Y7_N0  ; U_core|U_nios_system|axi_ad9361_0|i_dev_if|i_rx|i_altlvds_rx|auto_generated|pll_sclk~PLL_REFCLK_SELECT|clkout     ;
;   17.231 ;   0.000  ; RR ; IC   ; 11     ; FRACTIONALPLL_X54_Y1_N0    ; U_core|U_nios_system|axi_ad9361_0|i_dev_if|i_rx|i_altlvds_rx|auto_generated|pll_sclk~FRACTIONAL_PLL|refclkin      ;
;   14.706 ;   -2.525 ; RR ; COMP ; 3      ; FRACTIONALPLL_X54_Y1_N0    ; U_core|U_nios_system|axi_ad9361_0|i_dev_if|i_rx|i_altlvds_rx|auto_generated|pll_sclk~FRACTIONAL_PLL|vcoph[0]      ;
;   14.706 ;   0.000  ; RR ; IC   ; 1      ; PLLOUTPUTCOUNTER_X54_Y2_N1 ; U_core|U_nios_system|axi_ad9361_0|i_dev_if|i_rx|i_altlvds_rx|auto_generated|pll_sclk~PLL_OUTPUT_COUNTER|vco0ph[0] ;
;   16.118 ;   1.412  ; RR ; CELL ; 1      ; PLLOUTPUTCOUNTER_X54_Y2_N1 ; U_core|U_nios_system|axi_ad9361_0|i_dev_if|i_rx|i_altlvds_rx|auto_generated|pll_sclk~PLL_OUTPUT_COUNTER|divclk    ;
;   16.894 ;   0.776  ; RR ; IC   ; 1      ; CLKCTRL_G10                ; U_core|U_nios_system|axi_ad9361_0|i_dev_if|i_tx|i_altlvds_tx|auto_generated|coreclk_buf|sd10|inclk                ;
;   17.266 ;   0.372  ; RR ; CELL ; 9044   ; CLKCTRL_G10                ; U_core|U_nios_system|axi_ad9361_0|i_dev_if|i_tx|i_altlvds_tx|auto_generated|coreclk_buf|sd10|outclk               ;
;   19.219 ;   1.953  ; RR ; IC   ; 1      ; FF_X7_Y25_N32              ; U_core|\gen_sweep_analyzer:U_dwell_summary|LessThan4~3_NEW_REG3796|clk                                            ;
;   19.773 ;   0.554  ; RR ; CELL ; 1      ; FF_X7_Y25_N32              ; bladerf_core:U_core|dwell_summary:\gen_sweep_analyzer:U_dwell_summary|LessThan4~3_OTERM3797                       ;
;   21.121 ;   1.348  ;    ;      ;        ;                            ; clock pessimism removed                                                                                           ;
; 21.051   ; -0.070   ;    ;      ;        ;                            ; clock uncertainty                                                                                                 ;
; 21.051   ; 0.000    ;    ; uTsu ; 1      ; FF_X7_Y25_N32              ; bladerf_core:U_core|dwell_summary:\gen_sweep_analyzer:U_dwell_summary|LessThan4~3_OTERM3797                       ;
+----------+----------+----+------+--------+----------------------------+-------------------------------------------------------------------------------------------------------------------+

----------------------------
; Extra Fitter Information ;
----------------------------
HTML report is unavailable in plain text report export.


Path #19: Setup slack is 0.608 
===============================================================================
+-------------------------------------------------------------------------------------------------------------------------------------+
; Path Summary                                                                                                                        ;
+--------------------+----------------------------------------------------------------------------------------------------------------+
; Property           ; Value                                                                                                          ;
+--------------------+----------------------------------------------------------------------------------------------------------------+
; From Node          ; bladerf_core:U_core|dwell_summary:\gen_sweep_analyzer:U_dwell_summary|dwell_peak[29]_OTERM2217~DUPLICATE       ;
; To Node            ; bladerf_core:U_core|dwell_summary:\gen_sweep_analyzer:U_dwell_summary|LessThan4~8_OTERM3809                    ;
; Launch Clock       ; U_core|U_nios_system|axi_ad9361_0|i_dev_if|i_rx|i_altlvds_rx|auto_generated|pll_sclk~PLL_OUTPUT_COUNTER|divclk ;
; Latch Clock        ; U_core|U_nios_system|axi_ad9361_0|i_dev_if|i_rx|i_altlvds_rx|auto_generated|pll_sclk~PLL_OUTPUT_COUNTER|divclk ;
; Data Arrival Time  ; 20.484                                                                                                         ;
; Data Required Time ; 21.092                                                                                                         ;
; Slack              ; 0.608                                                                                                          ;
+--------------------+----------------------------------------------------------------------------------------------------------------+

+--------------------------------------------------------------------------------------+
; Statistics                                                                           ;
+------------------------+--------+-------+-------------+------------+--------+--------+
; Property               ; Value  ; Count ; Total Delay ; % of Total ; Min    ; Max    ;
+------------------------+--------+-------+-------------+------------+--------+--------+
; Setup Relationship     ; 8.000  ;       ;             ;            ;        ;        ;
; Clock Skew             ; -0.102 ;       ;             ;            ;        ;        ;
; Data Delay             ; 7.220  ;       ;             ;            ;        ;        ;
; Number of Logic Levels ;        ; 5     ;             ;            ;        ;        ;
; Physical Delays        ;        ;       ;             ;            ;        ;        ;
;  Arrival Path          ;        ;       ;             ;            ;        ;        ;
;   Clock                ;        ;       ;             ;            ;        ;        ;
;    IC                  ;        ; 6     ; 3.790       ; 48         ; 0.000  ; 2.044  ;
;    Cell                ;        ; 5     ; 4.077       ; 52         ; 0.378  ; 1.661  ;
;    PLL Compensation    ;        ; 1     ; -1.603      ; 0          ; -1.603 ; -1.603 ;
;   Data                 ;        ;       ;             ;            ;        ;        ;
;    IC                  ;        ; 6     ; 3.436       ; 48         ; 0.000  ; 1.102  ;
;    Cell                ;        ; 7     ; 3.784       ; 52         ; 0.000  ; 0.762  ;
;    uTco                ;        ; 1     ; 0.000       ; 0          ; 0.000  ; 0.000  ;
;  Required Path         ;        ;       ;             ;            ;        ;        ;
;   Clock                ;        ;       ;             ;            ;        ;        ;
;    IC                  ;        ; 6     ; 3.596       ; 49         ; 0.000  ; 1.954  ;
;    Cell                ;        ; 5     ; 3.716       ; 51         ; 0.355  ; 1.412  ;
;    PLL Compensation    ;        ; 1     ; -2.525      ; 0          ; -2.525 ; -2.525 ;
+------------------------+--------+-------+-------------+------------+--------+--------+
Note: Negative delays are omitted from totals when calculating percentages

+-------------------------------------------------------------------------------------------------------------------------------------------------------------------------------------------+
; Data Arrival Path                                                                                                                                                                         ;
+----------+----------+----+------+--------+----------------------------+-------------------------------------------------------------------------------------------------------------------+
; Total    ; Incr     ; RF ; Type ; Fanout ; Location                   ; Element                                                                                                           ;
+----------+----------+----+------+--------+----------------------------+-------------------------------------------------------------------------------------------------------------------+
; 7.000    ; 7.000    ;    ;      ;        ;                            ; launch edge time                                                                                                  ;
; 13.264   ; 6.264    ;    ;      ;        ;                            ; clock path                                                                                                        ;
;   7.000  ;   0.000  ;    ;      ;        ;                            ; source latency                                                                                                    ;
;   7.000  ;   0.000  ;    ;      ; 1      ; PIN_V15                    ; adi_rx_clock                                                                                                      ;
;   7.000  ;   0.000  ; RR ; IC   ; 1      ; IOIBUF_X38_Y0_N1           ; adi_rx_clock~input|i                                                                                              ;
;   8.010  ;   1.010  ; RR ; CELL ; 1      ; IOIBUF_X38_Y0_N1           ; adi_rx_clock~input|o                                                                                              ;
;   8.917  ;   0.907  ; RR ; IC   ; 1      ; PLLREFCLKSELECT_X54_Y7_N0  ; U_core|U_nios_system|axi_ad9361_0|i_dev_if|i_rx|i_altlvds_rx|auto_generated|pll_sclk~PLL_REFCLK_SELECT|clkin[0]   ;
;   9.295  ;   0.378  ; RR ; CELL ; 1      ; PLLREFCLKSELECT_X54_Y7_N0  ; U_core|U_nios_system|axi_ad9361_0|i_dev_if|i_rx|i_altlvds_rx|auto_generated|pll_sclk~PLL_REFCLK_SELECT|clkout     ;
;   9.295  ;   0.000  ; RR ; IC   ; 11     ; FRACTIONALPLL_X54_Y1_N0    ; U_core|U_nios_system|axi_ad9361_0|i_dev_if|i_rx|i_altlvds_rx|auto_generated|pll_sclk~FRACTIONAL_PLL|refclkin      ;
;   7.692  ;   -1.603 ; RR ; COMP ; 3      ; FRACTIONALPLL_X54_Y1_N0    ; U_core|U_nios_system|axi_ad9361_0|i_dev_if|i_rx|i_altlvds_rx|auto_generated|pll_sclk~FRACTIONAL_PLL|vcoph[0]      ;
;   7.692  ;   0.000  ; RR ; IC   ; 1      ; PLLOUTPUTCOUNTER_X54_Y2_N1 ; U_core|U_nios_system|axi_ad9361_0|i_dev_if|i_rx|i_altlvds_rx|auto_generated|pll_sclk~PLL_OUTPUT_COUNTER|vco0ph[0] ;
;   9.353  ;   1.661  ; RR ; CELL ; 1      ; PLLOUTPUTCOUNTER_X54_Y2_N1 ; U_core|U_nios_system|axi_ad9361_0|i_dev_if|i_rx|i_altlvds_rx|auto_generated|pll_sclk~PLL_OUTPUT_COUNTER|divclk    ;
;   10.192 ;   0.839  ; RR ; IC   ; 1      ; CLKCTRL_G10                ; U_core|U_nios_system|axi_ad9361_0|i_dev_if|i_tx|i_altlvds_tx|auto_generated|coreclk_buf|sd10|inclk                ;
;   10.592 ;   0.400  ; RR ; CELL ; 9044   ; CLKCTRL_G10                ; U_core|U_nios_system|axi_ad9361_0|i_dev_if|i_tx|i_altlvds_tx|auto_generated|coreclk_buf|sd10|outclk               ;
;   12.636 ;   2.044  ; RR ; IC   ; 1      ; FF_X4_Y24_N55              ; U_core|\gen_sweep_analyzer:U_dwell_summary|dwell_peak[29]_OTERM2217~DUPLICATE|clk                                 ;
;   13.264 ;   0.628  ; RR ; CELL ; 1      ; FF_X4_Y24_N55              ; bladerf_core:U_core|dwell_summary:\gen_sweep_analyzer:U_dwell_summary|dwell_peak[29]_OTERM2217~DUPLICATE          ;
; 20.484   ; 7.220    ;    ;      ;        ;                            ; data path                                                                                                         ;
;   13.264 ;   0.000  ;    ; uTco ; 1      ; FF_X4_Y24_N55              ; bladerf_core:U_core|dwell_summary:\gen_sweep_analyzer:U_dwell_summary|dwell_peak[29]_OTERM2217~DUPLICATE          ;
;   13.264 ;   0.000  ; FF ; CELL ; 9      ; FF_X4_Y24_N55              ; U_core|\gen_sweep_analyzer:U_dwell_summary|dwell_peak[29]_OTERM2217~DUPLICATE|q                                   ;
;   14.366 ;   1.102  ; FF ; IC   ; 1      ; MLABCELL_X4_Y28_N42        ; U_core|\gen_sweep_analyzer:U_dwell_summary|dwell_peak[27]_NEW1068|datab                                           ;
;   15.094 ;   0.728  ; FR ; CELL ; 4      ; MLABCELL_X4_Y28_N42        ; U_core|\gen_sweep_analyzer:U_dwell_summary|dwell_peak[27]_NEW1068|combout                                         ;
;   15.662 ;   0.568  ; RR ; IC   ; 1      ; MLABCELL_X4_Y28_N51        ; U_core|\gen_sweep_analyzer:U_dwell_summary|LessThan4~24|datad                                                     ;
;   16.320 ;   0.658  ; RF ; CELL ; 23     ; MLABCELL_X4_Y28_N51        ; U_core|\gen_sweep_analyzer:U_dwell_summary|LessThan4~24|combout                                                   ;
;   17.320 ;   1.000  ; FF ; IC   ; 1      ; MLABCELL_X4_Y24_N24        ; U_core|\gen_sweep_analyzer:U_dwell_summary|dwell_peak[11]_NEW1064|datad                                           ;
;   18.006 ;   0.686  ; FF ; CELL ; 4      ; MLABCELL_X4_Y24_N24        ; U_core|\gen_sweep_analyzer:U_dwell_summary|dwell_peak[11]_NEW1064|combout                                         ;
;   18.587 ;   0.581  ; FF ; IC   ; 1      ; MLABCELL_X4_Y24_N45        ; U_core|\gen_sweep_analyzer:U_dwell_summary|LessThan4~4_RTM03749|datac                                             ;
;   19.221 ;   0.634  ; FF ; CELL ; 1      ; MLABCELL_X4_Y24_N45        ; U_core|\gen_sweep_analyzer:U_dwell_summary|LessThan4~4_RTM03749|combout                                           ;
;   19.406 ;   0.185  ; FF ; IC   ; 1      ; MLABCELL_X4_Y24_N48        ; U_core|\gen_sweep_analyzer:U_dwell_summary|LessThan4~8_RTM03811|datab                                             ;
;   20.168 ;   0.762  ; FR ; CELL ; 1      ; MLABCELL_X4_Y24_N48        ; U_core|\gen_sweep_analyzer:U_dwell_summary|LessThan4~8_RTM03811|combout                                           ;
;   20.168 ;   0.000  ; RR ; IC   ; 1      ; FF_X4_Y24_N49              ; U_core|\gen_sweep_analyzer:U_dwell_summary|LessThan4~8_NEW_REG3808|d                                              ;
;   20.484 ;   0.316  ; RR ; CELL ; 1      ; FF_X4_Y24_N49              ; bladerf_core:U_core|dwell_summary:\gen_sweep_analyzer:U_dwell_summary|LessThan4~8_OTERM3809                       ;
+----------+----------+----+------+--------+----------------------------+-------------------------------------------------------------------------------------------------------------------+

+-------------------------------------------------------------------------------------------------------------------------------------------------------------------------------------------+
; Data Required Path                                                                                                                                                                        ;
+----------+----------+----+------+--------+----------------------------+-------------------------------------------------------------------------------------------------------------------+
; Total    ; Incr     ; RF ; Type ; Fanout ; Location                   ; Element                                                                                                           ;
+----------+----------+----+------+--------+----------------------------+-------------------------------------------------------------------------------------------------------------------+
; 15.000   ; 15.000   ;    ;      ;        ;                            ; latch edge time                                                                                                   ;
; 21.162   ; 6.162    ;    ;      ;        ;                            ; clock path                                                                                                        ;
;   15.000 ;   0.000  ;    ;      ;        ;                            ; source latency                                                                                                    ;
;   15.000 ;   0.000  ;    ;      ; 1      ; PIN_V15                    ; adi_rx_clock                                                                                                      ;
;   15.000 ;   0.000  ; RR ; IC   ; 1      ; IOIBUF_X38_Y0_N1           ; adi_rx_clock~input|i                                                                                              ;
;   16.010 ;   1.010  ; RR ; CELL ; 1      ; IOIBUF_X38_Y0_N1           ; adi_rx_clock~input|o                                                                                              ;
;   16.876 ;   0.866  ; RR ; IC   ; 1      ; PLLREFCLKSELECT_X54_Y7_N0  ; U_core|U_nios_system|axi_ad9361_0|i_dev_if|i_rx|i_altlvds_rx|auto_generated|pll_sclk~PLL_REFCLK_SELECT|clkin[0]   ;
;   17.231 ;   0.355  ; RR ; CELL ; 1      ; PLLREFCLKSELECT_X54_Y7_N0  ; U_core|U_nios_system|axi_ad9361_0|i_dev_if|i_rx|i_altlvds_rx|auto_generated|pll_sclk~PLL_REFCLK_SELECT|clkout     ;
;   17.231 ;   0.000  ; RR ; IC   ; 11     ; FRACTIONALPLL_X54_Y1_N0    ; U_core|U_nios_system|axi_ad9361_0|i_dev_if|i_rx|i_altlvds_rx|auto_generated|pll_sclk~FRACTIONAL_PLL|refclkin      ;
;   14.706 ;   -2.525 ; RR ; COMP ; 3      ; FRACTIONALPLL_X54_Y1_N0    ; U_core|U_nios_system|axi_ad9361_0|i_dev_if|i_rx|i_altlvds_rx|auto_generated|pll_sclk~FRACTIONAL_PLL|vcoph[0]      ;
;   14.706 ;   0.000  ; RR ; IC   ; 1      ; PLLOUTPUTCOUNTER_X54_Y2_N1 ; U_core|U_nios_system|axi_ad9361_0|i_dev_if|i_rx|i_altlvds_rx|auto_generated|pll_sclk~PLL_OUTPUT_COUNTER|vco0ph[0] ;
;   16.118 ;   1.412  ; RR ; CELL ; 1      ; PLLOUTPUTCOUNTER_X54_Y2_N1 ; U_core|U_nios_system|axi_ad9361_0|i_dev_if|i_rx|i_altlvds_rx|auto_generated|pll_sclk~PLL_OUTPUT_COUNTER|divclk    ;
;   16.894 ;   0.776  ; RR ; IC   ; 1      ; CLKCTRL_G10                ; U_core|U_nios_system|axi_ad9361_0|i_dev_if|i_tx|i_altlvds_tx|auto_generated|coreclk_buf|sd10|inclk                ;
;   17.266 ;   0.372  ; RR ; CELL ; 9044   ; CLKCTRL_G10                ; U_core|U_nios_system|axi_ad9361_0|i_dev_if|i_tx|i_altlvds_tx|auto_generated|coreclk_buf|sd10|outclk               ;
;   19.220 ;   1.954  ; RR ; IC   ; 1      ; FF_X4_Y24_N49              ; U_core|\gen_sweep_analyzer:U_dwell_summary|LessThan4~8_NEW_REG3808|clk                                            ;
;   19.787 ;   0.567  ; RR ; CELL ; 1      ; FF_X4_Y24_N49              ; bladerf_core:U_core|dwell_summary:\gen_sweep_analyzer:U_dwell_summary|LessThan4~8_OTERM3809                       ;
;   21.162 ;   1.375  ;    ;      ;        ;                            ; clock pessimism removed                                                                                           ;
; 21.092   ; -0.070   ;    ;      ;        ;                            ; clock uncertainty                                                                                                 ;
; 21.092   ; 0.000    ;    ; uTsu ; 1      ; FF_X4_Y24_N49              ; bladerf_core:U_core|dwell_summary:\gen_sweep_analyzer:U_dwell_summary|LessThan4~8_OTERM3809                       ;
+----------+----------+----+------+--------+----------------------------+-------------------------------------------------------------------------------------------------------------------+

----------------------------
; Extra Fitter Information ;
----------------------------
HTML report is unavailable in plain text report export.


Path #20: Setup slack is 0.609 
===============================================================================
+-------------------------------------------------------------------------------------------------------------------------------------+
; Path Summary                                                                                                                        ;
+--------------------+----------------------------------------------------------------------------------------------------------------+
; Property           ; Value                                                                                                          ;
+--------------------+----------------------------------------------------------------------------------------------------------------+
; From Node          ; bladerf_core:U_core|dwell_summary:\gen_sweep_analyzer:U_dwell_summary|dwell_peak[29]_OTERM2217~DUPLICATE       ;
; To Node            ; bladerf_core:U_core|dwell_summary:\gen_sweep_analyzer:U_dwell_summary|LessThan4~0_RTM02762_OTERM3799           ;
; Launch Clock       ; U_core|U_nios_system|axi_ad9361_0|i_dev_if|i_rx|i_altlvds_rx|auto_generated|pll_sclk~PLL_OUTPUT_COUNTER|divclk ;
; Latch Clock        ; U_core|U_nios_system|axi_ad9361_0|i_dev_if|i_rx|i_altlvds_rx|auto_generated|pll_sclk~PLL_OUTPUT_COUNTER|divclk ;
; Data Arrival Time  ; 20.442                                                                                                         ;
; Data Required Time ; 21.051                                                                                                         ;
; Slack              ; 0.609                                                                                                          ;
+--------------------+----------------------------------------------------------------------------------------------------------------+

+--------------------------------------------------------------------------------------+
; Statistics                                                                           ;
+------------------------+--------+-------+-------------+------------+--------+--------+
; Property               ; Value  ; Count ; Total Delay ; % of Total ; Min    ; Max    ;
+------------------------+--------+-------+-------------+------------+--------+--------+
; Setup Relationship     ; 8.000  ;       ;             ;            ;        ;        ;
; Clock Skew             ; -0.143 ;       ;             ;            ;        ;        ;
; Data Delay             ; 7.178  ;       ;             ;            ;        ;        ;
; Number of Logic Levels ;        ; 5     ;             ;            ;        ;        ;
; Physical Delays        ;        ;       ;             ;            ;        ;        ;
;  Arrival Path          ;        ;       ;             ;            ;        ;        ;
;   Clock                ;        ;       ;             ;            ;        ;        ;
;    IC                  ;        ; 6     ; 3.790       ; 48         ; 0.000  ; 2.044  ;
;    Cell                ;        ; 5     ; 4.077       ; 52         ; 0.378  ; 1.661  ;
;    PLL Compensation    ;        ; 1     ; -1.603      ; 0          ; -1.603 ; -1.603 ;
;   Data                 ;        ;       ;             ;            ;        ;        ;
;    IC                  ;        ; 6     ; 3.924       ; 55         ; 0.000  ; 1.102  ;
;    Cell                ;        ; 7     ; 3.254       ; 45         ; 0.000  ; 0.755  ;
;    uTco                ;        ; 1     ; 0.000       ; 0          ; 0.000  ; 0.000  ;
;  Required Path         ;        ;       ;             ;            ;        ;        ;
;   Clock                ;        ;       ;             ;            ;        ;        ;
;    IC                  ;        ; 6     ; 3.595       ; 49         ; 0.000  ; 1.953  ;
;    Cell                ;        ; 5     ; 3.703       ; 51         ; 0.355  ; 1.412  ;
;    PLL Compensation    ;        ; 1     ; -2.525      ; 0          ; -2.525 ; -2.525 ;
+------------------------+--------+-------+-------------+------------+--------+--------+
Note: Negative delays are omitted from totals when calculating percentages

+-------------------------------------------------------------------------------------------------------------------------------------------------------------------------------------------+
; Data Arrival Path                                                                                                                                                                         ;
+----------+----------+----+------+--------+----------------------------+-------------------------------------------------------------------------------------------------------------------+
; Total    ; Incr     ; RF ; Type ; Fanout ; Location                   ; Element                                                                                                           ;
+----------+----------+----+------+--------+----------------------------+-------------------------------------------------------------------------------------------------------------------+
; 7.000    ; 7.000    ;    ;      ;        ;                            ; launch edge time                                                                                                  ;
; 13.264   ; 6.264    ;    ;      ;        ;                            ; clock path                                                                                                        ;
;   7.000  ;   0.000  ;    ;      ;        ;                            ; source latency                                                                                                    ;
;   7.000  ;   0.000  ;    ;      ; 1      ; PIN_V15                    ; adi_rx_clock                                                                                                      ;
;   7.000  ;   0.000  ; RR ; IC   ; 1      ; IOIBUF_X38_Y0_N1           ; adi_rx_clock~input|i                                                                                              ;
;   8.010  ;   1.010  ; RR ; CELL ; 1      ; IOIBUF_X38_Y0_N1           ; adi_rx_clock~input|o                                                                                              ;
;   8.917  ;   0.907  ; RR ; IC   ; 1      ; PLLREFCLKSELECT_X54_Y7_N0  ; U_core|U_nios_system|axi_ad9361_0|i_dev_if|i_rx|i_altlvds_rx|auto_generated|pll_sclk~PLL_REFCLK_SELECT|clkin[0]   ;
;   9.295  ;   0.378  ; RR ; CELL ; 1      ; PLLREFCLKSELECT_X54_Y7_N0  ; U_core|U_nios_system|axi_ad9361_0|i_dev_if|i_rx|i_altlvds_rx|auto_generated|pll_sclk~PLL_REFCLK_SELECT|clkout     ;
;   9.295  ;   0.000  ; RR ; IC   ; 11     ; FRACTIONALPLL_X54_Y1_N0    ; U_core|U_nios_system|axi_ad9361_0|i_dev_if|i_rx|i_altlvds_rx|auto_generated|pll_sclk~FRACTIONAL_PLL|refclkin      ;
;   7.692  ;   -1.603 ; RR ; COMP ; 3      ; FRACTIONALPLL_X54_Y1_N0    ; U_core|U_nios_system|axi_ad9361_0|i_dev_if|i_rx|i_altlvds_rx|auto_generated|pll_sclk~FRACTIONAL_PLL|vcoph[0]      ;
;   7.692  ;   0.000  ; RR ; IC   ; 1      ; PLLOUTPUTCOUNTER_X54_Y2_N1 ; U_core|U_nios_system|axi_ad9361_0|i_dev_if|i_rx|i_altlvds_rx|auto_generated|pll_sclk~PLL_OUTPUT_COUNTER|vco0ph[0] ;
;   9.353  ;   1.661  ; RR ; CELL ; 1      ; PLLOUTPUTCOUNTER_X54_Y2_N1 ; U_core|U_nios_system|axi_ad9361_0|i_dev_if|i_rx|i_altlvds_rx|auto_generated|pll_sclk~PLL_OUTPUT_COUNTER|divclk    ;
;   10.192 ;   0.839  ; RR ; IC   ; 1      ; CLKCTRL_G10                ; U_core|U_nios_system|axi_ad9361_0|i_dev_if|i_tx|i_altlvds_tx|auto_generated|coreclk_buf|sd10|inclk                ;
;   10.592 ;   0.400  ; RR ; CELL ; 9044   ; CLKCTRL_G10                ; U_core|U_nios_system|axi_ad9361_0|i_dev_if|i_tx|i_altlvds_tx|auto_generated|coreclk_buf|sd10|outclk               ;
;   12.636 ;   2.044  ; RR ; IC   ; 1      ; FF_X4_Y24_N55              ; U_core|\gen_sweep_analyzer:U_dwell_summary|dwell_peak[29]_OTERM2217~DUPLICATE|clk                                 ;
;   13.264 ;   0.628  ; RR ; CELL ; 1      ; FF_X4_Y24_N55              ; bladerf_core:U_core|dwell_summary:\gen_sweep_analyzer:U_dwell_summary|dwell_peak[29]_OTERM2217~DUPLICATE          ;
; 20.442   ; 7.178    ;    ;      ;        ;                            ; data path                                                                                                         ;
;   13.264 ;   0.000  ;    ; uTco ; 1      ; FF_X4_Y24_N55              ; bladerf_core:U_core|dwell_summary:\gen_sweep_analyzer:U_dwell_summary|dwell_peak[29]_OTERM2217~DUPLICATE          ;
;   13.264 ;   0.000  ; FF ; CELL ; 9      ; FF_X4_Y24_N55              ; U_core|\gen_sweep_analyzer:U_dwell_summary|dwell_peak[29]_OTERM2217~DUPLICATE|q                                   ;
;   14.366 ;   1.102  ; FF ; IC   ; 1      ; MLABCELL_X4_Y28_N45        ; U_core|\gen_sweep_analyzer:U_dwell_summary|dwell_peak[28]_NEW1104|datab                                           ;
;   15.112 ;   0.746  ; FR ; CELL ; 4      ; MLABCELL_X4_Y28_N45        ; U_core|\gen_sweep_analyzer:U_dwell_summary|dwell_peak[28]_NEW1104|combout                                         ;
;   15.677 ;   0.565  ; RR ; IC   ; 1      ; MLABCELL_X4_Y28_N57        ; U_core|\gen_sweep_analyzer:U_dwell_summary|LessThan4~22|datad                                                     ;
;   16.334 ;   0.657  ; RF ; CELL ; 1      ; MLABCELL_X4_Y28_N57        ; U_core|\gen_sweep_analyzer:U_dwell_summary|LessThan4~22|combout                                                   ;
;   17.027 ;   0.693  ; FF ; IC   ; 1      ; LABCELL_X5_Y24_N18         ; U_core|\gen_sweep_analyzer:U_dwell_summary|LessThan4~23|dataf                                                     ;
;   17.126 ;   0.099  ; FF ; CELL ; 23     ; LABCELL_X5_Y24_N18         ; U_core|\gen_sweep_analyzer:U_dwell_summary|LessThan4~23|combout                                                   ;
;   18.003 ;   0.877  ; FF ; IC   ; 1      ; MLABCELL_X4_Y25_N45        ; U_core|\gen_sweep_analyzer:U_dwell_summary|dwell_peak[5]_NEW1124~_Duplicate|datac                                 ;
;   18.682 ;   0.679  ; FF ; CELL ; 2      ; MLABCELL_X4_Y25_N45        ; U_core|\gen_sweep_analyzer:U_dwell_summary|dwell_peak[5]_NEW1124~_Duplicate|combout                               ;
;   19.369 ;   0.687  ; FF ; IC   ; 1      ; LABCELL_X7_Y25_N54         ; U_core|\gen_sweep_analyzer:U_dwell_summary|LessThan4~0_RTM02762|dataa                                             ;
;   20.124 ;   0.755  ; FR ; CELL ; 1      ; LABCELL_X7_Y25_N54         ; U_core|\gen_sweep_analyzer:U_dwell_summary|LessThan4~0_RTM02762|combout                                           ;
;   20.124 ;   0.000  ; RR ; IC   ; 1      ; FF_X7_Y25_N56              ; U_core|\gen_sweep_analyzer:U_dwell_summary|LessThan4~0_RTM02762_NEW_REG3798|d                                     ;
;   20.442 ;   0.318  ; RR ; CELL ; 1      ; FF_X7_Y25_N56              ; bladerf_core:U_core|dwell_summary:\gen_sweep_analyzer:U_dwell_summary|LessThan4~0_RTM02762_OTERM3799              ;
+----------+----------+----+------+--------+----------------------------+-------------------------------------------------------------------------------------------------------------------+

+-------------------------------------------------------------------------------------------------------------------------------------------------------------------------------------------+
; Data Required Path                                                                                                                                                                        ;
+----------+----------+----+------+--------+----------------------------+-------------------------------------------------------------------------------------------------------------------+
; Total    ; Incr     ; RF ; Type ; Fanout ; Location                   ; Element                                                                                                           ;
+----------+----------+----+------+--------+----------------------------+-------------------------------------------------------------------------------------------------------------------+
; 15.000   ; 15.000   ;    ;      ;        ;                            ; latch edge time                                                                                                   ;
; 21.121   ; 6.121    ;    ;      ;        ;                            ; clock path                                                                                                        ;
;   15.000 ;   0.000  ;    ;      ;        ;                            ; source latency                                                                                                    ;
;   15.000 ;   0.000  ;    ;      ; 1      ; PIN_V15                    ; adi_rx_clock                                                                                                      ;
;   15.000 ;   0.000  ; RR ; IC   ; 1      ; IOIBUF_X38_Y0_N1           ; adi_rx_clock~input|i                                                                                              ;
;   16.010 ;   1.010  ; RR ; CELL ; 1      ; IOIBUF_X38_Y0_N1           ; adi_rx_clock~input|o                                                                                              ;
;   16.876 ;   0.866  ; RR ; IC   ; 1      ; PLLREFCLKSELECT_X54_Y7_N0  ; U_core|U_nios_system|axi_ad9361_0|i_dev_if|i_rx|i_altlvds_rx|auto_generated|pll_sclk~PLL_REFCLK_SELECT|clkin[0]   ;
;   17.231 ;   0.355  ; RR ; CELL ; 1      ; PLLREFCLKSELECT_X54_Y7_N0  ; U_core|U_nios_system|axi_ad9361_0|i_dev_if|i_rx|i_altlvds_rx|auto_generated|pll_sclk~PLL_REFCLK_SELECT|clkout     ;
;   17.231 ;   0.000  ; RR ; IC   ; 11     ; FRACTIONALPLL_X54_Y1_N0    ; U_core|U_nios_system|axi_ad9361_0|i_dev_if|i_rx|i_altlvds_rx|auto_generated|pll_sclk~FRACTIONAL_PLL|refclkin      ;
;   14.706 ;   -2.525 ; RR ; COMP ; 3      ; FRACTIONALPLL_X54_Y1_N0    ; U_core|U_nios_system|axi_ad9361_0|i_dev_if|i_rx|i_altlvds_rx|auto_generated|pll_sclk~FRACTIONAL_PLL|vcoph[0]      ;
;   14.706 ;   0.000  ; RR ; IC   ; 1      ; PLLOUTPUTCOUNTER_X54_Y2_N1 ; U_core|U_nios_system|axi_ad9361_0|i_dev_if|i_rx|i_altlvds_rx|auto_generated|pll_sclk~PLL_OUTPUT_COUNTER|vco0ph[0] ;
;   16.118 ;   1.412  ; RR ; CELL ; 1      ; PLLOUTPUTCOUNTER_X54_Y2_N1 ; U_core|U_nios_system|axi_ad9361_0|i_dev_if|i_rx|i_altlvds_rx|auto_generated|pll_sclk~PLL_OUTPUT_COUNTER|divclk    ;
;   16.894 ;   0.776  ; RR ; IC   ; 1      ; CLKCTRL_G10                ; U_core|U_nios_system|axi_ad9361_0|i_dev_if|i_tx|i_altlvds_tx|auto_generated|coreclk_buf|sd10|inclk                ;
;   17.266 ;   0.372  ; RR ; CELL ; 9044   ; CLKCTRL_G10                ; U_core|U_nios_system|axi_ad9361_0|i_dev_if|i_tx|i_altlvds_tx|auto_generated|coreclk_buf|sd10|outclk               ;
;   19.219 ;   1.953  ; RR ; IC   ; 1      ; FF_X7_Y25_N56              ; U_core|\gen_sweep_analyzer:U_dwell_summary|LessThan4~0_RTM02762_NEW_REG3798|clk                                   ;
;   19.773 ;   0.554  ; RR ; CELL ; 1      ; FF_X7_Y25_N56              ; bladerf_core:U_core|dwell_summary:\gen_sweep_analyzer:U_dwell_summary|LessThan4~0_RTM02762_OTERM3799              ;
;   21.121 ;   1.348  ;    ;      ;        ;                            ; clock pessimism removed                                                                                           ;
; 21.051   ; -0.070   ;    ;      ;        ;                            ; clock uncertainty                                                                                                 ;
; 21.051   ; 0.000    ;    ; uTsu ; 1      ; FF_X7_Y25_N56              ; bladerf_core:U_core|dwell_summary:\gen_sweep_analyzer:U_dwell_summary|LessThan4~0_RTM02762_OTERM3799              ;
+----------+----------+----+------+--------+----------------------------+-------------------------------------------------------------------------------------------------------------------+

----------------------------
; Extra Fitter Information ;
----------------------------
HTML report is unavailable in plain text report export.


