Info: *******************************************************************
Info: Running Quartus Prime Timing Analyzer
    Info: Version 25.1std.0 Build 1129 10/21/2025 SC Standard Edition
    Info: Copyright (C) 2025  Altera Corporation. All rights reserved.
    Info: Your use of Altera Corporation's design tools, logic functions 
    Info: and other software and tools, and any partner logic 
    Info: functions, and any output files from any of the foregoing 
    Info: (including device programming or simulation files), and any 
    Info: associated documentation or information are expressly subject 
    Info: to the terms and conditions of the Altera Program License 
    Info: Subscription Agreement, the Altera Quartus Prime License Agreement,
    Info: the Altera IP License Agreement, or other applicable license
    Info: agreement, including, without limitation, that your use is for
    Info: the sole purpose of programming logic devices manufactured by
    Info: Altera and sold by Altera or its authorized distributors.  Please
    Info: refer to the Altera Software License Subscription Agreements 
    Info: on the Quartus Prime software download page.
    Info: Processing started: Thu Oct  8 01:41:30 2026
Info: Command: quartus_sta --64bit -t ../../report_adc_xfer_cdc.tcl
Info (20030): Parallel compilation is enabled and will use 4 of the 4 processors detected
Info (21076): High junction temperature operating condition is not set. Assuming a default value of '85'.
Info (21076): Low junction temperature operating condition is not set. Assuming a default value of '0'.
Info (332164): Evaluating HDL-embedded SDC commands
    Info (332165): Entity alt_jtag_atlantic
        Info (332166): set_false_path -from [get_registers {*|alt_jtag_atlantic:*|jupdate}] -to [get_registers {*|alt_jtag_atlantic:*|jupdate1*}] 
        Info (332166): set_false_path -from [get_registers {*|alt_jtag_atlantic:*|rdata[*]}] -to [get_registers {*|alt_jtag_atlantic*|td_shift[*]}]
        Info (332166): set_false_path -from [get_registers {*|alt_jtag_atlantic:*|rdata[*]}] -to [get_registers {*|alt_jtag_atlantic*|td_shift[*]}]
        Info (332166): set_false_path -from [get_registers {*|alt_jtag_atlantic:*|rdata[*]}] -to [get_registers {*|alt_jtag_atlantic*|td_shift[*]}]
        Info (332166): set_false_path -from [get_registers {*|alt_jtag_atlantic:*|rdata[*]}] -to [get_registers {*|alt_jtag_atlantic*|td_shift[*]}]
        Info (332166): set_false_path -from [get_registers {*|alt_jtag_atlantic:*|rdata[*]}] -to [get_registers {*|alt_jtag_atlantic*|td_shift[*]}]
        Info (332166): set_false_path -from [get_registers {*|alt_jtag_atlantic:*|rdata[*]}] -to [get_registers {*|alt_jtag_atlantic*|td_shift[*]}]
        Info (332166): set_false_path -from [get_registers {*|alt_jtag_atlantic:*|rdata[*]}] -to [get_registers {*|alt_jtag_atlantic*|td_shift[*]}]
        Info (332166): set_false_path -from [get_registers {*|alt_jtag_atlantic:*|rdata[*]}] -to [get_registers {*|alt_jtag_atlantic*|td_shift[*]}]
        Info (332166): set_false_path -from [get_registers {*|alt_jtag_atlantic:*|read}] -to [get_registers {*|alt_jtag_atlantic:*|read1*}] 
        Info (332166): set_false_path -from [get_registers {*|alt_jtag_atlantic:*|read_req}]
        Info (332166): set_false_path -from [get_registers {*|alt_jtag_atlantic:*|rvalid}] -to [get_registers {*|alt_jtag_atlantic*|td_shift[*]}]
        Info (332166): set_false_path -from [get_registers {*|t_dav}] -to [get_registers {*|alt_jtag_atlantic:*|tck_t_dav}]
        Info (332166): set_false_path -from [get_registers {*|alt_jtag_atlantic:*|user_saw_rvalid}] -to [get_registers {*|alt_jtag_atlantic:*|rvalid0*}]
        Info (332166): set_false_path -from [get_registers {*|alt_jtag_atlantic:*|wdata[*]}] -to [get_registers {*}]
        Info (332166): set_false_path -from [get_registers {*|alt_jtag_atlantic:*|wdata[*]}] -to [get_registers {*}]
        Info (332166): set_false_path -from [get_registers {*|alt_jtag_atlantic:*|wdata[*]}] -to [get_registers {*}]
        Info (332166): set_false_path -from [get_registers {*|alt_jtag_atlantic:*|wdata[*]}] -to [get_registers {*}]
        Info (332166): set_false_path -from [get_registers {*|alt_jtag_atlantic:*|wdata[*]}] -to [get_registers {*}]
        Info (332166): set_false_path -from [get_registers {*|alt_jtag_atlantic:*|wdata[*]}] -to [get_registers {*}]
        Info (332166): set_false_path -from [get_registers {*|alt_jtag_atlantic:*|wdata[*]}] -to [get_registers {*}]
        Info (332166): set_false_path -from [get_registers {*|alt_jtag_atlantic:*|wdata[*]}] -to [get_registers {*}]
        Info (332166): set_false_path -from [get_registers {*|alt_jtag_atlantic:*|write}] -to [get_registers {*|alt_jtag_atlantic:*|write1*}] 
        Info (332166): set_false_path -from [get_registers {*|alt_jtag_atlantic:*|write_stalled}] -to [get_registers {*|alt_jtag_atlantic:*|t_ena*}]
        Info (332166): set_false_path -from [get_registers {*|alt_jtag_atlantic:*|write_stalled}] -to [get_registers {*|alt_jtag_atlantic:*|t_pause*}]
        Info (332166): set_false_path -from [get_registers {*|alt_jtag_atlantic:*|write_valid}]
    Info (332165): Entity altera_std_synchronizer
        Info (332166): set_false_path -to [get_keepers {*altera_std_synchronizer:*|din_s1}]
    Info (332165): Entity common_dcfifo
        Info (332166): set_false_path -to [get_registers {*fifo_gen:U_dcfifo_mixed_widths|dcfifo_*:auto_generated|dffpipe_*:wraclr|dffe*a[0]}] 
    Info (332165): Entity dcfifo_0p92
        Info (332166): set_false_path -from *rdptr_g* -to *ws_dgrp|dffpipe_6f9:dffpipe12|dffe13a* 
        Info (332166): set_false_path -from *delayed_wrptr_g* -to *rs_dgwp|dffpipe_5f9:dffpipe9|dffe10a* 
    Info (332165): Entity dcfifo_bt92
        Info (332166): set_false_path -from *rdptr_g* -to *ws_dgrp|dffpipe_ve9:dffpipe17|dffe18a* 
        Info (332166): set_false_path -from *delayed_wrptr_g* -to *rs_dgwp|dffpipe_pe9:dffpipe13|dffe14a* 
    Info (332165): Entity dcfifo_ct92
        Info (332166): set_false_path -from *rdptr_g* -to *ws_dgrp|dffpipe_ue9:dffpipe19|dffe20a* 
        Info (332166): set_false_path -from *delayed_wrptr_g* -to *rs_dgwp|dffpipe_se9:dffpipe15|dffe16a* 
    Info (332165): Entity dcfifo_et92
        Info (332166): set_false_path -from *rdptr_g* -to *ws_dgrp|dffpipe_2f9:dffpipe18|dffe19a* 
        Info (332166): set_false_path -from *delayed_wrptr_g* -to *rs_dgwp|dffpipe_1f9:dffpipe15|dffe16a* 
    Info (332165): Entity dcfifo_mu92
        Info (332166): set_false_path -from *rdptr_g* -to *ws_dgrp|dffpipe_4f9:dffpipe15|dffe16a* 
        Info (332166): set_false_path -from *delayed_wrptr_g* -to *rs_dgwp|dffpipe_3f9:dffpipe12|dffe13a* 
    Info (332165): Entity reset_synchronizer
        Info (332166): set_false_path -to [get_pins -compatibility_mode -nowarn {*reset_synchronizer:*|*|clrn}] 
    Info (332165): Entity sld_hub
        Info (332166): create_clock -name altera_reserved_tck [get_ports {altera_reserved_tck}] -period 30MHz   
        Info (332166): if { [string equal quartus_fit $::TimeQuestInfo(nameofexecutable)] } { set_max_delay -to [get_ports { altera_reserved_tdo } ] 0 }
        Info (332166): set_clock_groups -asynchronous -group {altera_reserved_tck}
    Info (332165): Entity synchronizer
        Info (332166): set_false_path -to [get_registers {*synchronizer:*|reg0}] 
Info (332104): Reading SDC File: '../../../fpga/platforms/bladerf-micro/constraints/bladerf.sdc'
Info (332110): Deriving PLL clocks
    Info (332110): create_generated_clock -source {U_core|U_system_pll|altera_pll_i|general[0].gpll~FRACTIONAL_PLL|refclkin} -divide_by 6 -multiply_by 50 -duty_cycle 50.00 -name {U_core|U_system_pll|altera_pll_i|general[0].gpll~FRACTIONAL_PLL|vcoph[0]} {U_core|U_system_pll|altera_pll_i|general[0].gpll~FRACTIONAL_PLL|vcoph[0]}
    Info (332110): create_generated_clock -source {U_core|U_system_pll|altera_pll_i|general[0].gpll~PLL_OUTPUT_COUNTER|vco0ph[0]} -divide_by 4 -duty_cycle 50.00 -name {U_core|U_system_pll|altera_pll_i|general[0].gpll~PLL_OUTPUT_COUNTER|divclk} {U_core|U_system_pll|altera_pll_i|general[0].gpll~PLL_OUTPUT_COUNTER|divclk}
    Info (332110): create_generated_clock -source {U_core|U_nios_system|axi_ad9361_0|i_dev_if|i_rx|i_altlvds_rx|auto_generated|pll_sclk~FRACTIONAL_PLL|refclkin} -divide_by 2 -multiply_by 4 -duty_cycle 50.00 -name {U_core|U_nios_system|axi_ad9361_0|i_dev_if|i_rx|i_altlvds_rx|auto_generated|pll_sclk~FRACTIONAL_PLL|vcoph[0]} {U_core|U_nios_system|axi_ad9361_0|i_dev_if|i_rx|i_altlvds_rx|auto_generated|pll_sclk~FRACTIONAL_PLL|vcoph[0]}
    Info (332110): create_generated_clock -source {U_core|U_nios_system|axi_ad9361_0|i_dev_if|i_rx|i_altlvds_rx|auto_generated|pll_sclk~PLL_OUTPUT_COUNTER|vco0ph[0]} -divide_by 4 -phase 315.00 -duty_cycle 50.00 -name {U_core|U_nios_system|axi_ad9361_0|i_dev_if|i_rx|i_altlvds_rx|auto_generated|pll_sclk~PLL_OUTPUT_COUNTER|divclk} {U_core|U_nios_system|axi_ad9361_0|i_dev_if|i_rx|i_altlvds_rx|auto_generated|pll_sclk~PLL_OUTPUT_COUNTER|divclk}
    Info (332110): create_generated_clock -source {U_core|U_nios_system|axi_ad9361_0|i_dev_if|i_rx|i_altlvds_rx|auto_generated|pll_ena~PLL_OUTPUT_COUNTER|vco0ph[0]} -divide_by 4 -phase 180.00 -duty_cycle 25.00 -name {U_core|U_nios_system|axi_ad9361_0|i_dev_if|i_rx|i_altlvds_rx|auto_generated|pll_ena~PLL_OUTPUT_COUNTER|divclk} {U_core|U_nios_system|axi_ad9361_0|i_dev_if|i_rx|i_altlvds_rx|auto_generated|pll_ena~PLL_OUTPUT_COUNTER|divclk}
    Info (332110): create_generated_clock -source {U_core|U_nios_system|axi_ad9361_0|i_dev_if|i_rx|i_altlvds_rx|auto_generated|pll_fclk~PLL_OUTPUT_COUNTER|vco0ph[0]} -phase 180.00 -duty_cycle 50.00 -name {U_core|U_nios_system|axi_ad9361_0|i_dev_if|i_rx|i_altlvds_rx|auto_generated|pll_fclk~PLL_OUTPUT_COUNTER|divclk} {U_core|U_nios_system|axi_ad9361_0|i_dev_if|i_rx|i_altlvds_rx|auto_generated|pll_fclk~PLL_OUTPUT_COUNTER|divclk}
    Info (332110): create_generated_clock -source {U_core|U_fx3_pll|altera_pll_i|general[0].gpll~FRACTIONAL_PLL|refclkin} -divide_by 2 -multiply_by 8 -duty_cycle 50.00 -name {U_core|U_fx3_pll|altera_pll_i|general[0].gpll~FRACTIONAL_PLL|vcoph[0]} {U_core|U_fx3_pll|altera_pll_i|general[0].gpll~FRACTIONAL_PLL|vcoph[0]}
    Info (332110): create_generated_clock -source {U_core|U_fx3_pll|altera_pll_i|general[0].gpll~PLL_OUTPUT_COUNTER|vco0ph[0]} -divide_by 4 -phase -123.73 -duty_cycle 50.00 -name {U_core|U_fx3_pll|altera_pll_i|general[0].gpll~PLL_OUTPUT_COUNTER|divclk} {U_core|U_fx3_pll|altera_pll_i|general[0].gpll~PLL_OUTPUT_COUNTER|divclk}
    Info (332110): set_false_path -to [get_pins { U_core|U_nios_system|axi_ad9361_0|i_dev_if|i_rx|i_altlvds_rx|auto_generated|sd1|dinfiforx[0]}]
    Info (332110): set_multicycle_path -setup -end 3 -to [get_pins { U_core|U_nios_system|axi_ad9361_0|i_dev_if|i_tx|i_altlvds_tx|auto_generated|lvds_outclk_tx_serialiser|txin[2]}]
    Info (332110): set_multicycle_path -hold -end 3 -to [get_pins { U_core|U_nios_system|axi_ad9361_0|i_dev_if|i_tx|i_altlvds_tx|auto_generated|lvds_outclk_tx_serialiser|txin[2]}]
    Info (332110): set_multicycle_path -setup -end 3 -to [get_pins { U_core|U_nios_system|axi_ad9361_0|i_dev_if|i_tx|i_altlvds_tx|auto_generated|lvds_outclk_tx_serialiser|txin[0]}]
    Info (332110): set_multicycle_path -hold -end 3 -to [get_pins { U_core|U_nios_system|axi_ad9361_0|i_dev_if|i_tx|i_altlvds_tx|auto_generated|lvds_outclk_tx_serialiser|txin[0]}]
    Info (332110): set_false_path -to [get_pins { U_core|U_nios_system|axi_ad9361_0|i_dev_if|i_rx|i_altlvds_rx|auto_generated|sd3|dinfiforx[0]}]
    Info (332110): set_false_path -from [get_pins { U_core|U_nios_system|axi_ad9361_0|i_dev_if|i_tx|i_altlvds_tx|auto_generated|sd1|writeclk}]
    Info (332110): set_multicycle_path -setup -end 3 -to [get_pins { U_core|U_nios_system|axi_ad9361_0|i_dev_if|i_tx|i_altlvds_tx|auto_generated|sd1|txin[3]}]
    Info (332110): set_multicycle_path -hold -end 3 -to [get_pins { U_core|U_nios_system|axi_ad9361_0|i_dev_if|i_tx|i_altlvds_tx|auto_generated|sd1|txin[3]}]
    Info (332110): set_multicycle_path -setup -end 3 -to [get_pins { U_core|U_nios_system|axi_ad9361_0|i_dev_if|i_tx|i_altlvds_tx|auto_generated|sd1|txin[2]}]
    Info (332110): set_multicycle_path -hold -end 3 -to [get_pins { U_core|U_nios_system|axi_ad9361_0|i_dev_if|i_tx|i_altlvds_tx|auto_generated|sd1|txin[2]}]
    Info (332110): set_multicycle_path -setup -end 3 -to [get_pins { U_core|U_nios_system|axi_ad9361_0|i_dev_if|i_tx|i_altlvds_tx|auto_generated|sd1|txin[1]}]
    Info (332110): set_multicycle_path -hold -end 3 -to [get_pins { U_core|U_nios_system|axi_ad9361_0|i_dev_if|i_tx|i_altlvds_tx|auto_generated|sd1|txin[1]}]
    Info (332110): set_multicycle_path -setup -end 3 -to [get_pins { U_core|U_nios_system|axi_ad9361_0|i_dev_if|i_tx|i_altlvds_tx|auto_generated|sd1|txin[0]}]
    Info (332110): set_multicycle_path -hold -end 3 -to [get_pins { U_core|U_nios_system|axi_ad9361_0|i_dev_if|i_tx|i_altlvds_tx|auto_generated|sd1|txin[0]}]
    Info (332110): set_multicycle_path -setup -start 4 -from [get_pins { U_core|U_nios_system|axi_ad9361_0|i_dev_if|i_rx|i_altlvds_rx|auto_generated|sd2|writeclk}]
    Info (332110): set_multicycle_path -hold -start 3 -from [get_pins { U_core|U_nios_system|axi_ad9361_0|i_dev_if|i_rx|i_altlvds_rx|auto_generated|sd2|writeclk}]
    Info (332110): set_multicycle_path -setup -start 4 -from [get_pins { U_core|U_nios_system|axi_ad9361_0|i_dev_if|i_rx|i_altlvds_rx|auto_generated|sd10|writeclk}]
    Info (332110): set_multicycle_path -hold -start 3 -from [get_pins { U_core|U_nios_system|axi_ad9361_0|i_dev_if|i_rx|i_altlvds_rx|auto_generated|sd10|writeclk}]
    Info (332110): set_multicycle_path -setup -start 4 -from [get_pins { U_core|U_nios_system|axi_ad9361_0|i_dev_if|i_rx|i_altlvds_rx|auto_generated|sd12|writeclk}]
    Info (332110): set_multicycle_path -hold -start 3 -from [get_pins { U_core|U_nios_system|axi_ad9361_0|i_dev_if|i_rx|i_altlvds_rx|auto_generated|sd12|writeclk}]
    Info (332110): set_multicycle_path -setup -start 4 -from [get_pins { U_core|U_nios_system|axi_ad9361_0|i_dev_if|i_rx|i_altlvds_rx|auto_generated|sd14|writeclk}]
    Info (332110): set_multicycle_path -hold -start 3 -from [get_pins { U_core|U_nios_system|axi_ad9361_0|i_dev_if|i_rx|i_altlvds_rx|auto_generated|sd14|writeclk}]
    Info (332110): set_false_path -to [get_pins { U_core|U_nios_system|axi_ad9361_0|i_dev_if|i_rx|i_altlvds_rx|auto_generated|sd5|dinfiforx[0]}]
    Info (332110): set_false_path -to [get_pins { U_core|U_nios_system|axi_ad9361_0|i_dev_if|i_rx|i_altlvds_rx|auto_generated|sd13|dinfiforx[0]}]
    Info (332110): set_multicycle_path -setup -start 4 -from [get_pins { U_core|U_nios_system|axi_ad9361_0|i_dev_if|i_rx|i_altlvds_rx|auto_generated|sd6|writeclk}]
    Info (332110): set_multicycle_path -hold -start 3 -from [get_pins { U_core|U_nios_system|axi_ad9361_0|i_dev_if|i_rx|i_altlvds_rx|auto_generated|sd6|writeclk}]
    Info (332110): set_false_path -to [get_pins { U_core|U_nios_system|axi_ad9361_0|i_dev_if|i_rx|i_altlvds_rx|auto_generated|sd9|dinfiforx[0]}]
    Info (332110): set_false_path -to [get_pins { U_core|U_nios_system|axi_ad9361_0|i_dev_if|i_rx|i_altlvds_rx|auto_generated|sd11|dinfiforx[0]}]
    Info (332110): set_multicycle_path -setup -start 4 -from [get_pins { U_core|U_nios_system|axi_ad9361_0|i_dev_if|i_rx|i_altlvds_rx|auto_generated|sd8|writeclk}]
    Info (332110): set_multicycle_path -hold -start 3 -from [get_pins { U_core|U_nios_system|axi_ad9361_0|i_dev_if|i_rx|i_altlvds_rx|auto_generated|sd8|writeclk}]
    Info (332110): set_false_path -from [get_pins { U_core|U_nios_system|axi_ad9361_0|i_dev_if|i_tx|i_altlvds_tx|auto_generated|sd2|writeclk}]
    Info (332110): set_multicycle_path -setup -end 3 -to [get_pins { U_core|U_nios_system|axi_ad9361_0|i_dev_if|i_tx|i_altlvds_tx|auto_generated|sd2|txin[3]}]
    Info (332110): set_multicycle_path -hold -end 3 -to [get_pins { U_core|U_nios_system|axi_ad9361_0|i_dev_if|i_tx|i_altlvds_tx|auto_generated|sd2|txin[3]}]
    Info (332110): set_multicycle_path -setup -end 3 -to [get_pins { U_core|U_nios_system|axi_ad9361_0|i_dev_if|i_tx|i_altlvds_tx|auto_generated|sd2|txin[2]}]
    Info (332110): set_multicycle_path -hold -end 3 -to [get_pins { U_core|U_nios_system|axi_ad9361_0|i_dev_if|i_tx|i_altlvds_tx|auto_generated|sd2|txin[2]}]
    Info (332110): set_multicycle_path -setup -end 3 -to [get_pins { U_core|U_nios_system|axi_ad9361_0|i_dev_if|i_tx|i_altlvds_tx|auto_generated|sd2|txin[1]}]
    Info (332110): set_multicycle_path -hold -end 3 -to [get_pins { U_core|U_nios_system|axi_ad9361_0|i_dev_if|i_tx|i_altlvds_tx|auto_generated|sd2|txin[1]}]
    Info (332110): set_multicycle_path -setup -end 3 -to [get_pins { U_core|U_nios_system|axi_ad9361_0|i_dev_if|i_tx|i_altlvds_tx|auto_generated|sd2|txin[0]}]
    Info (332110): set_multicycle_path -hold -end 3 -to [get_pins { U_core|U_nios_system|axi_ad9361_0|i_dev_if|i_tx|i_altlvds_tx|auto_generated|sd2|txin[0]}]
    Info (332110): set_multicycle_path -setup -start 4 -from [get_pins { U_core|U_nios_system|axi_ad9361_0|i_dev_if|i_rx|i_altlvds_rx|auto_generated|sd4|writeclk}]
    Info (332110): set_multicycle_path -hold -start 3 -from [get_pins { U_core|U_nios_system|axi_ad9361_0|i_dev_if|i_rx|i_altlvds_rx|auto_generated|sd4|writeclk}]
    Info (332110): set_false_path -to [get_pins { U_core|U_nios_system|axi_ad9361_0|i_dev_if|i_rx|i_altlvds_rx|auto_generated|sd7|dinfiforx[0]}]
    Info (332110): set_false_path -from [get_pins { U_core|U_nios_system|axi_ad9361_0|i_dev_if|i_tx|i_altlvds_tx|auto_generated|sd3|writeclk}]
    Info (332110): set_multicycle_path -setup -end 3 -to [get_pins { U_core|U_nios_system|axi_ad9361_0|i_dev_if|i_tx|i_altlvds_tx|auto_generated|sd3|txin[3]}]
    Info (332110): set_multicycle_path -hold -end 3 -to [get_pins { U_core|U_nios_system|axi_ad9361_0|i_dev_if|i_tx|i_altlvds_tx|auto_generated|sd3|txin[3]}]
    Info (332110): set_multicycle_path -setup -end 3 -to [get_pins { U_core|U_nios_system|axi_ad9361_0|i_dev_if|i_tx|i_altlvds_tx|auto_generated|sd3|txin[2]}]
    Info (332110): set_multicycle_path -hold -end 3 -to [get_pins { U_core|U_nios_system|axi_ad9361_0|i_dev_if|i_tx|i_altlvds_tx|auto_generated|sd3|txin[2]}]
    Info (332110): set_multicycle_path -setup -end 3 -to [get_pins { U_core|U_nios_system|axi_ad9361_0|i_dev_if|i_tx|i_altlvds_tx|auto_generated|sd3|txin[1]}]
    Info (332110): set_multicycle_path -hold -end 3 -to [get_pins { U_core|U_nios_system|axi_ad9361_0|i_dev_if|i_tx|i_altlvds_tx|auto_generated|sd3|txin[1]}]
    Info (332110): set_multicycle_path -setup -end 3 -to [get_pins { U_core|U_nios_system|axi_ad9361_0|i_dev_if|i_tx|i_altlvds_tx|auto_generated|sd3|txin[0]}]
    Info (332110): set_multicycle_path -hold -end 3 -to [get_pins { U_core|U_nios_system|axi_ad9361_0|i_dev_if|i_tx|i_altlvds_tx|auto_generated|sd3|txin[0]}]
    Info (332110): set_false_path -from [get_pins { U_core|U_nios_system|axi_ad9361_0|i_dev_if|i_tx|i_altlvds_tx|auto_generated|sd4|writeclk}]
    Info (332110): set_multicycle_path -setup -end 3 -to [get_pins { U_core|U_nios_system|axi_ad9361_0|i_dev_if|i_tx|i_altlvds_tx|auto_generated|sd4|txin[3]}]
    Info (332110): set_multicycle_path -hold -end 3 -to [get_pins { U_core|U_nios_system|axi_ad9361_0|i_dev_if|i_tx|i_altlvds_tx|auto_generated|sd4|txin[3]}]
    Info (332110): set_multicycle_path -setup -end 3 -to [get_pins { U_core|U_nios_system|axi_ad9361_0|i_dev_if|i_tx|i_altlvds_tx|auto_generated|sd4|txin[2]}]
    Info (332110): set_multicycle_path -hold -end 3 -to [get_pins { U_core|U_nios_system|axi_ad9361_0|i_dev_if|i_tx|i_altlvds_tx|auto_generated|sd4|txin[2]}]
    Info (332110): set_multicycle_path -setup -end 3 -to [get_pins { U_core|U_nios_system|axi_ad9361_0|i_dev_if|i_tx|i_altlvds_tx|auto_generated|sd4|txin[1]}]
    Info (332110): set_multicycle_path -hold -end 3 -to [get_pins { U_core|U_nios_system|axi_ad9361_0|i_dev_if|i_tx|i_altlvds_tx|auto_generated|sd4|txin[1]}]
    Info (332110): set_multicycle_path -setup -end 3 -to [get_pins { U_core|U_nios_system|axi_ad9361_0|i_dev_if|i_tx|i_altlvds_tx|auto_generated|sd4|txin[0]}]
    Info (332110): set_multicycle_path -hold -end 3 -to [get_pins { U_core|U_nios_system|axi_ad9361_0|i_dev_if|i_tx|i_altlvds_tx|auto_generated|sd4|txin[0]}]
    Info (332110): set_false_path -from [get_pins { U_core|U_nios_system|axi_ad9361_0|i_dev_if|i_tx|i_altlvds_tx|auto_generated|sd5|writeclk}]
    Info (332110): set_multicycle_path -setup -end 3 -to [get_pins { U_core|U_nios_system|axi_ad9361_0|i_dev_if|i_tx|i_altlvds_tx|auto_generated|sd5|txin[3]}]
    Info (332110): set_multicycle_path -hold -end 3 -to [get_pins { U_core|U_nios_system|axi_ad9361_0|i_dev_if|i_tx|i_altlvds_tx|auto_generated|sd5|txin[3]}]
    Info (332110): set_multicycle_path -setup -end 3 -to [get_pins { U_core|U_nios_system|axi_ad9361_0|i_dev_if|i_tx|i_altlvds_tx|auto_generated|sd5|txin[2]}]
    Info (332110): set_multicycle_path -hold -end 3 -to [get_pins { U_core|U_nios_system|axi_ad9361_0|i_dev_if|i_tx|i_altlvds_tx|auto_generated|sd5|txin[2]}]
    Info (332110): set_multicycle_path -setup -end 3 -to [get_pins { U_core|U_nios_system|axi_ad9361_0|i_dev_if|i_tx|i_altlvds_tx|auto_generated|sd5|txin[1]}]
    Info (332110): set_multicycle_path -hold -end 3 -to [get_pins { U_core|U_nios_system|axi_ad9361_0|i_dev_if|i_tx|i_altlvds_tx|auto_generated|sd5|txin[1]}]
    Info (332110): set_multicycle_path -setup -end 3 -to [get_pins { U_core|U_nios_system|axi_ad9361_0|i_dev_if|i_tx|i_altlvds_tx|auto_generated|sd5|txin[0]}]
    Info (332110): set_multicycle_path -hold -end 3 -to [get_pins { U_core|U_nios_system|axi_ad9361_0|i_dev_if|i_tx|i_altlvds_tx|auto_generated|sd5|txin[0]}]
    Info (332110): set_false_path -from [get_pins { U_core|U_nios_system|axi_ad9361_0|i_dev_if|i_tx|i_altlvds_tx|auto_generated|sd6|writeclk}]
    Info (332110): set_multicycle_path -setup -end 3 -to [get_pins { U_core|U_nios_system|axi_ad9361_0|i_dev_if|i_tx|i_altlvds_tx|auto_generated|sd6|txin[3]}]
    Info (332110): set_multicycle_path -hold -end 3 -to [get_pins { U_core|U_nios_system|axi_ad9361_0|i_dev_if|i_tx|i_altlvds_tx|auto_generated|sd6|txin[3]}]
    Info (332110): set_multicycle_path -setup -end 3 -to [get_pins { U_core|U_nios_system|axi_ad9361_0|i_dev_if|i_tx|i_altlvds_tx|auto_generated|sd6|txin[2]}]
    Info (332110): set_multicycle_path -hold -end 3 -to [get_pins { U_core|U_nios_system|axi_ad9361_0|i_dev_if|i_tx|i_altlvds_tx|auto_generated|sd6|txin[2]}]
    Info (332110): set_multicycle_path -setup -end 3 -to [get_pins { U_core|U_nios_system|axi_ad9361_0|i_dev_if|i_tx|i_altlvds_tx|auto_generated|sd6|txin[1]}]
    Info (332110): set_multicycle_path -hold -end 3 -to [get_pins { U_core|U_nios_system|axi_ad9361_0|i_dev_if|i_tx|i_altlvds_tx|auto_generated|sd6|txin[1]}]
    Info (332110): set_multicycle_path -setup -end 3 -to [get_pins { U_core|U_nios_system|axi_ad9361_0|i_dev_if|i_tx|i_altlvds_tx|auto_generated|sd6|txin[0]}]
    Info (332110): set_multicycle_path -hold -end 3 -to [get_pins { U_core|U_nios_system|axi_ad9361_0|i_dev_if|i_tx|i_altlvds_tx|auto_generated|sd6|txin[0]}]
    Info (332110): set_false_path -from [get_pins { U_core|U_nios_system|axi_ad9361_0|i_dev_if|i_tx|i_altlvds_tx|auto_generated|sd7|writeclk}]
    Info (332110): set_multicycle_path -setup -end 3 -to [get_pins { U_core|U_nios_system|axi_ad9361_0|i_dev_if|i_tx|i_altlvds_tx|auto_generated|sd7|txin[3]}]
    Info (332110): set_multicycle_path -hold -end 3 -to [get_pins { U_core|U_nios_system|axi_ad9361_0|i_dev_if|i_tx|i_altlvds_tx|auto_generated|sd7|txin[3]}]
    Info (332110): set_multicycle_path -setup -end 3 -to [get_pins { U_core|U_nios_system|axi_ad9361_0|i_dev_if|i_tx|i_altlvds_tx|auto_generated|sd7|txin[2]}]
    Info (332110): set_multicycle_path -hold -end 3 -to [get_pins { U_core|U_nios_system|axi_ad9361_0|i_dev_if|i_tx|i_altlvds_tx|auto_generated|sd7|txin[2]}]
    Info (332110): set_multicycle_path -setup -end 3 -to [get_pins { U_core|U_nios_system|axi_ad9361_0|i_dev_if|i_tx|i_altlvds_tx|auto_generated|sd7|txin[1]}]
    Info (332110): set_multicycle_path -hold -end 3 -to [get_pins { U_core|U_nios_system|axi_ad9361_0|i_dev_if|i_tx|i_altlvds_tx|auto_generated|sd7|txin[1]}]
    Info (332110): set_multicycle_path -setup -end 3 -to [get_pins { U_core|U_nios_system|axi_ad9361_0|i_dev_if|i_tx|i_altlvds_tx|auto_generated|sd7|txin[0]}]
    Info (332110): set_multicycle_path -hold -end 3 -to [get_pins { U_core|U_nios_system|axi_ad9361_0|i_dev_if|i_tx|i_altlvds_tx|auto_generated|sd7|txin[0]}]
Info (332151): Clock uncertainty is not calculated until you update the timing netlist.
Info: tamer hold_time crossing constrained on 2 instance(s)
Info: dcfifo pointer crossings constrained on 10 instance(s)
Info: handshake crossings constrained: 15
Info: ADC up_xfer bundled crossings constrained: 4
Warning: async clock groups NOT applied (set BLADERF_ASYNC_CLOCK_GROUPS=1 to enable)
Info: readout crossings cut: 2
Info (332104): Reading SDC File: '../../../fpga/platforms/bladerf-micro/constraints/i2c.sdc'
Warning (332049): Ignored create_generated_clock at i2c.sdc(27): Argument -source is a collection that is not of port, pin, reg, kpr, net, comb or node type File: /home/bonho/projects/bladerf/hdl/fpga/platforms/bladerf-micro/constraints/i2c.sdc Line: 27
    Info (332050): create_generated_clock -name i2c_scl_reg -source [get_clocks $system_clock] -divide_by $pwr_scl_divisor [get_registers {*bit_controller|scl_oen}] File: /home/bonho/projects/bladerf/hdl/fpga/platforms/bladerf-micro/constraints/i2c.sdc Line: 27
Info (332104): Reading SDC File: '../../../fpga/platforms/bladerf-micro/constraints/spi.sdc'
Warning (332049): Ignored create_generated_clock at spi.sdc(36): Argument -source is a collection that is not of port, pin, reg, kpr, net, comb or node type File: /home/bonho/projects/bladerf/hdl/fpga/platforms/bladerf-micro/constraints/spi.sdc Line: 36
    Info (332050): create_generated_clock -name peri_sclk_reg -source [get_clocks $system_clock] -divide_by $peri_sclk_divisor [get_registers {*peripheral_spi|SCLK_reg}] File: /home/bonho/projects/bladerf/hdl/fpga/platforms/bladerf-micro/constraints/spi.sdc Line: 36
Info (332104): Reading SDC File: '../../../fpga/ip/analogdevicesinc/hdl/library/common/ad_axi_ip_constr.sdc'
Info (332104): Reading SDC File: '../../../fpga/platforms/common/bladerf/constraints/ad9361.sdc'
Warning (332049): Ignored create_generated_clock at ad9361.sdc(44): Argument -source is a collection that is not of port, pin, reg, kpr, net, comb or node type File: /home/bonho/projects/bladerf/hdl/fpga/platforms/common/bladerf/constraints/ad9361.sdc Line: 44
    Info (332050): create_generated_clock -name adi_sclk_reg -source [get_clocks $system_clock] -divide_by $adi_sclk_divisor [get_registers {*rffe_spi|SCLK_reg}] File: /home/bonho/projects/bladerf/hdl/fpga/platforms/common/bladerf/constraints/ad9361.sdc Line: 44
Info (332104): Reading SDC File: '../../../fpga/platforms/common/bladerf/constraints/fx3.sdc'
Info (332104): Reading SDC File: 'nios_system/synthesis/submodules/altera_reset_controller.sdc'
Info (332104): Reading SDC File: 'nios_system/synthesis/submodules/nios_system_nios2_cpu.sdc'
Warning (332087): The master clock for this clock assignment could not be derived.  Clock: pwr_scl_pin was not created.
    Warning (332035): No clocks found on or feeding the specified source node: bladerf_core:U_core|nios_system:U_nios_system|i2c_master_top:opencores_i2c|i2c_master_byte_ctrl:byte_controller|i2c_master_bit_ctrl:bit_controller|scl_oen
Warning (332087): The master clock for this clock assignment could not be derived.  Clock: adf_sclk_pin was not created.
    Warning (332035): No clocks found on or feeding the specified source node: bladerf_core:U_core|nios_system:U_nios_system|nios_system_peripheral_spi:peripheral_spi|SCLK_reg
Warning (332087): The master clock for this clock assignment could not be derived.  Clock: dac_sclk_pin was not created.
    Warning (332035): No clocks found on or feeding the specified source node: bladerf_core:U_core|nios_system:U_nios_system|nios_system_peripheral_spi:peripheral_spi|SCLK_reg
Warning (332087): The master clock for this clock assignment could not be derived.  Clock: adi_sclk_pin was not created.
    Warning (332035): No clocks found on or feeding the specified source node: bladerf_core:U_core|nios_system:U_nios_system|nios_system_rffe_spi:rffe_spi|SCLK_reg
Info (332097): The following timing edges are non-unate.  The Timing Analyzer will assume pos-unate behavior for these edges in the clock network.
    Info (332098): Cell: U_core|U_fx3_pll|altera_pll_i|general[0].gpll~FRACTIONAL_PLL  from: refclkin  to: fbclk
    Info (332098): Cell: U_core|U_fx3_pll|altera_pll_i|general[0].gpll~PLL_OUTPUT_COUNTER  from: vco0ph[0]  to: divclk
    Info (332098): Cell: U_core|U_fx3_pll|altera_pll_i|general[0].gpll~PLL_REFCLK_SELECT  from: clkin[1]  to: clkout
    Info (332098): Cell: U_core|U_nios_system|axi_ad9361_0|i_dev_if|i_rx|i_altlvds_rx|auto_generated|pll_ena~PLL_LVDS_OUTPUT  from: ccout[0]  to: lvdsclk
    Info (332098): Cell: U_core|U_nios_system|axi_ad9361_0|i_dev_if|i_rx|i_altlvds_rx|auto_generated|pll_ena~PLL_OUTPUT_COUNTER  from: vco0ph[0]  to: divclk
    Info (332098): Cell: U_core|U_nios_system|axi_ad9361_0|i_dev_if|i_rx|i_altlvds_rx|auto_generated|pll_fclk~PLL_OUTPUT_COUNTER  from: vco0ph[0]  to: divclk
    Info (332098): Cell: U_core|U_nios_system|axi_ad9361_0|i_dev_if|i_rx|i_altlvds_rx|auto_generated|pll_sclk~FRACTIONAL_PLL  from: refclkin  to: fbclk
    Info (332098): Cell: U_core|U_nios_system|axi_ad9361_0|i_dev_if|i_rx|i_altlvds_rx|auto_generated|pll_sclk~PLL_OUTPUT_COUNTER  from: vco0ph[0]  to: divclk
    Info (332098): Cell: U_core|U_nios_system|axi_ad9361_0|i_dev_if|i_rx|i_altlvds_rx|auto_generated|pll_sclk~PLL_REFCLK_SELECT  from: clkin[0]  to: clkout
    Info (332098): From: U_core|U_nios_system|nios2|cpu|the_nios_system_nios2_cpu_nios2_oci|the_nios_system_nios2_cpu_nios2_ocimem|nios_system_nios2_cpu_ociram_sp_ram|the_altsyncram|auto_generated|ram_block1a8|clk0  to: bladerf_core:U_core|nios_system:U_nios_system|nios_system_nios2:nios2|nios_system_nios2_cpu:cpu|nios_system_nios2_cpu_nios2_oci:the_nios_system_nios2_cpu_nios2_oci|nios_system_nios2_cpu_nios2_ocimem:the_nios_system_nios2_cpu_nios2_ocimem|nios_system_nios2_cpu_ociram_sp_ram_module:nios_system_nios2_cpu_ociram_sp_ram|altsyncram:the_altsyncram|altsyncram_qid1:auto_generated|ram_block1a8~CLOCK1_ENABLE1_0
    Info (332098): Cell: U_core|U_system_pll|altera_pll_i|general[0].gpll~FRACTIONAL_PLL  from: refclkin  to: fbclk
    Info (332098): Cell: U_core|U_system_pll|altera_pll_i|general[0].gpll~PLL_OUTPUT_COUNTER  from: vco0ph[0]  to: divclk
    Info (332098): Cell: U_core|U_system_pll|altera_pll_i|general[0].gpll~PLL_REFCLK_SELECT  from: clkin[0]  to: clkout
Info (332123): Deriving Clock Uncertainty. Please refer to report_sdc in the Timing Analyzer to see clock uncertainties.
ADC_XFER channel=0 source_bits=61 destination_bits=61
ADC_XFER channel=1 source_bits=61 destination_bits=61
ADC_XFER channel=2 source_bits=61 destination_bits=61
ADC_XFER channel=3 source_bits=61 destination_bits=61
Warning (332182): No path is found satisfying assignment "set_max_skew -from [get_clocks {pwr_scl_pin}] -to [get_ports {pwr_scl}] 0.200 ". This assignment will be ignored.
Warning (332182): No path is found satisfying assignment "set_max_skew -from [get_clocks {adf_sclk_pin}] -to [get_ports {adf_sclk}] 0.200 ". This assignment will be ignored.
Warning (332182): No path is found satisfying assignment "set_max_skew -from [get_clocks {dac_sclk_pin}] -to [get_ports {dac_sclk}] 0.200 ". This assignment will be ignored.
Warning (332182): No path is found satisfying assignment "set_max_skew -from [get_clocks {adi_sclk_pin}] -to [get_ports {adi_spi_sclk}] 0.200 ". This assignment will be ignored.
Info (332181): Report Max Skew: Found 168 paths (5 violated).  Worst case slack is -1.356
    Info (332181):  -detail path_only
    Info (332181):  -npaths 4
    Info (332181):  -stdout
Info (332115): Worst-case slack is -1.356 for "set_max_skew -from [get_keepers {*U_handshake_timestamp|source_holding[*]}] -to [get_keepers {*fx3_gpif:*|current.tx_ts_plus32[*]}] 6.400 "
    Info (332181): Skew for the Latest Arrival
        Info (332181): Path #1: Slack is -1.356 (VIOLATED)
            Info (332181): Latest Path Arrival
                Info (332115): From Node          : bladerf_core:U_core|handshake:U_handshake_timestamp|source_holding[5]
                Info (332115): To Node            : bladerf_core:U_core|fx3_gpif:U_fx3_gpif|current.tx_ts_plus32[5]
                Info (332115): Launch Clock       : U_core|U_nios_system|axi_ad9361_0|i_dev_if|i_rx|i_altlvds_rx|auto_generated|pll_sclk~PLL_OUTPUT_COUNTER|divclk
                Info (332115): Latch Clock        : U_core|U_fx3_pll|altera_pll_i|general[0].gpll~PLL_OUTPUT_COUNTER|divclk
                Info (332115): Data Arrival Time  : 14.389
                Info (332115): Clock Arrival Time : 3.529
                Info (332115): Relative Delay     : 10.860
                Info (332115): Data Arrival Path:
                Info (332115): Total (ns)  Incr (ns)     Type  Element
                Info (332115): ==========  ========= ==  ====  ===================================
                Info (332115):      6.342      6.342  R        clock network delay
                Info (332115):      6.342      0.000     uTco  bladerf_core:U_core|handshake:U_handshake_timestamp|source_holding[5]
                Info (332115):      6.342      0.000 FF  CELL  U_core|U_handshake_timestamp|source_holding[5]|q
                Info (332115):     13.983      7.641 FF    IC  U_core|U_fx3_gpif|current.tx_ts_plus32[5]~0|dataf
                Info (332115):     14.083      0.100 FR  CELL  U_core|U_fx3_gpif|current.tx_ts_plus32[5]~0|combout
                Info (332115):     14.083      0.000 RR    IC  U_core|U_fx3_gpif|current.tx_ts_plus32[5]|d
                Info (332115):     14.389      0.306 RR  CELL  bladerf_core:U_core|fx3_gpif:U_fx3_gpif|current.tx_ts_plus32[5]
                Info (332115): Clock Arrival Path:
                Info (332115): Total (ns)  Incr (ns)     Type  Element
                Info (332115): ==========  ========= ==  ====  ===================================
                Info (332115):      3.649      3.649  R        clock network delay
                Info (332115):      3.529     -0.120           clock uncertainty
                Info (332115):      3.529      0.000     uTsu  bladerf_core:U_core|fx3_gpif:U_fx3_gpif|current.tx_ts_plus32[5]
            Info (332181): Earliest Path Arrival
                Info (332115): From Node          : bladerf_core:U_core|handshake:U_handshake_timestamp|source_holding[6]
                Info (332115): To Node            : bladerf_core:U_core|fx3_gpif:U_fx3_gpif|current.tx_ts_plus32[6]
                Info (332115): Launch Clock       : U_core|U_nios_system|axi_ad9361_0|i_dev_if|i_rx|i_altlvds_rx|auto_generated|pll_sclk~PLL_OUTPUT_COUNTER|divclk
                Info (332115): Latch Clock        : U_core|U_fx3_pll|altera_pll_i|general[0].gpll~PLL_OUTPUT_COUNTER|divclk
                Info (332115): Data Arrival Time  : 5.512
                Info (332115): Clock Arrival Time : 5.222
                Info (332115): Relative Delay     : 0.290
                Info (332115): Data Arrival Path:
                Info (332115): Total (ns)  Incr (ns)     Type  Element
                Info (332115): ==========  ========= ==  ====  ===================================
                Info (332115):      4.753      4.753  R        clock network delay
                Info (332115):      4.753      0.000     uTco  bladerf_core:U_core|handshake:U_handshake_timestamp|source_holding[6]
                Info (332115):      4.753      0.000 FF  CELL  U_core|U_handshake_timestamp|source_holding[6]|q
                Info (332115):      5.163      0.410 FF    IC  U_core|U_fx3_gpif|Add1~5|datac
                Info (332115):      5.429      0.266 FR  CELL  U_core|U_fx3_gpif|Add1~5|sumout
                Info (332115):      5.429      0.000 RR    IC  U_core|U_fx3_gpif|current.tx_ts_plus32[6]|d
                Info (332115):      5.512      0.083 RR  CELL  bladerf_core:U_core|fx3_gpif:U_fx3_gpif|current.tx_ts_plus32[6]
                Info (332115): Clock Arrival Path:
                Info (332115): Total (ns)  Incr (ns)     Type  Element
                Info (332115): ==========  ========= ==  ====  ===================================
                Info (332115):      5.102      5.102  R        clock network delay
                Info (332115):      5.222      0.120           clock uncertainty
                Info (332115):      5.222      0.000      uTh  bladerf_core:U_core|fx3_gpif:U_fx3_gpif|current.tx_ts_plus32[6]
            Info (332181): Cross Path Clock Pessimism Removed : 2.814
            Info (332181): Required Skew   : 6.400
            Info (332181): Actual Skew     : 7.756
            Info (332181): Slack           : -1.356
        Info (332181): Path #2: Slack is 0.705 
            Info (332181): Latest Path Arrival
                Info (332115): From Node          : bladerf_core:U_core|handshake:U_handshake_timestamp|source_holding[0]
                Info (332115): To Node            : bladerf_core:U_core|fx3_gpif:U_fx3_gpif|current.tx_ts_plus32[0]
                Info (332115): Launch Clock       : U_core|U_nios_system|axi_ad9361_0|i_dev_if|i_rx|i_altlvds_rx|auto_generated|pll_sclk~PLL_OUTPUT_COUNTER|divclk
                Info (332115): Latch Clock        : U_core|U_fx3_pll|altera_pll_i|general[0].gpll~PLL_OUTPUT_COUNTER|divclk
                Info (332115): Data Arrival Time  : 12.321
                Info (332115): Clock Arrival Time : 3.546
                Info (332115): Relative Delay     : 8.775
                Info (332115): Data Arrival Path:
                Info (332115): Total (ns)  Incr (ns)     Type  Element
                Info (332115): ==========  ========= ==  ====  ===================================
                Info (332115):      6.350      6.350  R        clock network delay
                Info (332115):      6.350      0.000     uTco  bladerf_core:U_core|handshake:U_handshake_timestamp|source_holding[0]
                Info (332115):      6.350      0.000 FF  CELL  U_core|U_handshake_timestamp|source_holding[0]|q
                Info (332115):     11.928      5.578 FF    IC  U_core|U_fx3_gpif|current.tx_ts_plus32[0]~feeder|dataf
                Info (332115):     12.014      0.086 FF  CELL  U_core|U_fx3_gpif|current.tx_ts_plus32[0]~feeder|combout
                Info (332115):     12.014      0.000 FF    IC  U_core|U_fx3_gpif|current.tx_ts_plus32[0]|d
                Info (332115):     12.321      0.307 FF  CELL  bladerf_core:U_core|fx3_gpif:U_fx3_gpif|current.tx_ts_plus32[0]
                Info (332115): Clock Arrival Path:
                Info (332115): Total (ns)  Incr (ns)     Type  Element
                Info (332115): ==========  ========= ==  ====  ===================================
                Info (332115):      3.666      3.666  R        clock network delay
                Info (332115):      3.546     -0.120           clock uncertainty
                Info (332115):      3.546      0.000     uTsu  bladerf_core:U_core|fx3_gpif:U_fx3_gpif|current.tx_ts_plus32[0]
            Info (332181): Earliest Path Arrival
                Info (332115): From Node          : bladerf_core:U_core|handshake:U_handshake_timestamp|source_holding[6]
                Info (332115): To Node            : bladerf_core:U_core|fx3_gpif:U_fx3_gpif|current.tx_ts_plus32[6]
                Info (332115): Launch Clock       : U_core|U_nios_system|axi_ad9361_0|i_dev_if|i_rx|i_altlvds_rx|auto_generated|pll_sclk~PLL_OUTPUT_COUNTER|divclk
                Info (332115): Latch Clock        : U_core|U_fx3_pll|altera_pll_i|general[0].gpll~PLL_OUTPUT_COUNTER|divclk
                Info (332115): Data Arrival Time  : 5.512
                Info (332115): Clock Arrival Time : 5.222
                Info (332115): Relative Delay     : 0.290
                Info (332115): Data Arrival Path:
                Info (332115): Total (ns)  Incr (ns)     Type  Element
                Info (332115): ==========  ========= ==  ====  ===================================
                Info (332115):      4.753      4.753  R        clock network delay
                Info (332115):      4.753      0.000     uTco  bladerf_core:U_core|handshake:U_handshake_timestamp|source_holding[6]
                Info (332115):      4.753      0.000 FF  CELL  U_core|U_handshake_timestamp|source_holding[6]|q
                Info (332115):      5.163      0.410 FF    IC  U_core|U_fx3_gpif|Add1~5|datac
                Info (332115):      5.429      0.266 FR  CELL  U_core|U_fx3_gpif|Add1~5|sumout
                Info (332115):      5.429      0.000 RR    IC  U_core|U_fx3_gpif|current.tx_ts_plus32[6]|d
                Info (332115):      5.512      0.083 RR  CELL  bladerf_core:U_core|fx3_gpif:U_fx3_gpif|current.tx_ts_plus32[6]
                Info (332115): Clock Arrival Path:
                Info (332115): Total (ns)  Incr (ns)     Type  Element
                Info (332115): ==========  ========= ==  ====  ===================================
                Info (332115):      5.102      5.102  R        clock network delay
                Info (332115):      5.222      0.120           clock uncertainty
                Info (332115):      5.222      0.000      uTh  bladerf_core:U_core|fx3_gpif:U_fx3_gpif|current.tx_ts_plus32[6]
            Info (332181): Cross Path Clock Pessimism Removed : 2.790
            Info (332181): Required Skew   : 6.400
            Info (332181): Actual Skew     : 5.695
            Info (332181): Slack           : 0.705
        Info (332181): Path #3: Slack is 0.718 
            Info (332181): Latest Path Arrival
                Info (332115): From Node          : bladerf_core:U_core|handshake:U_handshake_timestamp|source_holding[3]
                Info (332115): To Node            : bladerf_core:U_core|fx3_gpif:U_fx3_gpif|current.tx_ts_plus32[3]
                Info (332115): Launch Clock       : U_core|U_nios_system|axi_ad9361_0|i_dev_if|i_rx|i_altlvds_rx|auto_generated|pll_sclk~PLL_OUTPUT_COUNTER|divclk
                Info (332115): Latch Clock        : U_core|U_fx3_pll|altera_pll_i|general[0].gpll~PLL_OUTPUT_COUNTER|divclk
                Info (332115): Data Arrival Time  : 12.320
                Info (332115): Clock Arrival Time : 3.558
                Info (332115): Relative Delay     : 8.762
                Info (332115): Data Arrival Path:
                Info (332115): Total (ns)  Incr (ns)     Type  Element
                Info (332115): ==========  ========= ==  ====  ===================================
                Info (332115):      6.346      6.346  R        clock network delay
                Info (332115):      6.346      0.000     uTco  bladerf_core:U_core|handshake:U_handshake_timestamp|source_holding[3]
                Info (332115):      6.346      0.000 FF  CELL  U_core|U_handshake_timestamp|source_holding[3]|q
                Info (332115):     11.929      5.583 FF    IC  U_core|U_fx3_gpif|current.tx_ts_plus32[3]~feeder|dataf
                Info (332115):     12.015      0.086 FF  CELL  U_core|U_fx3_gpif|current.tx_ts_plus32[3]~feeder|combout
                Info (332115):     12.015      0.000 FF    IC  U_core|U_fx3_gpif|current.tx_ts_plus32[3]|d
                Info (332115):     12.320      0.305 FF  CELL  bladerf_core:U_core|fx3_gpif:U_fx3_gpif|current.tx_ts_plus32[3]
                Info (332115): Clock Arrival Path:
                Info (332115): Total (ns)  Incr (ns)     Type  Element
                Info (332115): ==========  ========= ==  ====  ===================================
                Info (332115):      3.678      3.678  R        clock network delay
                Info (332115):      3.558     -0.120           clock uncertainty
                Info (332115):      3.558      0.000     uTsu  bladerf_core:U_core|fx3_gpif:U_fx3_gpif|current.tx_ts_plus32[3]
            Info (332181): Earliest Path Arrival
                Info (332115): From Node          : bladerf_core:U_core|handshake:U_handshake_timestamp|source_holding[6]
                Info (332115): To Node            : bladerf_core:U_core|fx3_gpif:U_fx3_gpif|current.tx_ts_plus32[6]
                Info (332115): Launch Clock       : U_core|U_nios_system|axi_ad9361_0|i_dev_if|i_rx|i_altlvds_rx|auto_generated|pll_sclk~PLL_OUTPUT_COUNTER|divclk
                Info (332115): Latch Clock        : U_core|U_fx3_pll|altera_pll_i|general[0].gpll~PLL_OUTPUT_COUNTER|divclk
                Info (332115): Data Arrival Time  : 5.512
                Info (332115): Clock Arrival Time : 5.222
                Info (332115): Relative Delay     : 0.290
                Info (332115): Data Arrival Path:
                Info (332115): Total (ns)  Incr (ns)     Type  Element
                Info (332115): ==========  ========= ==  ====  ===================================
                Info (332115):      4.753      4.753  R        clock network delay
                Info (332115):      4.753      0.000     uTco  bladerf_core:U_core|handshake:U_handshake_timestamp|source_holding[6]
                Info (332115):      4.753      0.000 FF  CELL  U_core|U_handshake_timestamp|source_holding[6]|q
                Info (332115):      5.163      0.410 FF    IC  U_core|U_fx3_gpif|Add1~5|datac
                Info (332115):      5.429      0.266 FR  CELL  U_core|U_fx3_gpif|Add1~5|sumout
                Info (332115):      5.429      0.000 RR    IC  U_core|U_fx3_gpif|current.tx_ts_plus32[6]|d
                Info (332115):      5.512      0.083 RR  CELL  bladerf_core:U_core|fx3_gpif:U_fx3_gpif|current.tx_ts_plus32[6]
                Info (332115): Clock Arrival Path:
                Info (332115): Total (ns)  Incr (ns)     Type  Element
                Info (332115): ==========  ========= ==  ====  ===================================
                Info (332115):      5.102      5.102  R        clock network delay
                Info (332115):      5.222      0.120           clock uncertainty
                Info (332115):      5.222      0.000      uTh  bladerf_core:U_core|fx3_gpif:U_fx3_gpif|current.tx_ts_plus32[6]
            Info (332181): Cross Path Clock Pessimism Removed : 2.790
            Info (332181): Required Skew   : 6.400
            Info (332181): Actual Skew     : 5.682
            Info (332181): Slack           : 0.718
        Info (332181): Path #4: Slack is 0.762 
            Info (332181): Latest Path Arrival
                Info (332115): From Node          : bladerf_core:U_core|handshake:U_handshake_timestamp|source_holding[1]
                Info (332115): To Node            : bladerf_core:U_core|fx3_gpif:U_fx3_gpif|current.tx_ts_plus32[1]
                Info (332115): Launch Clock       : U_core|U_nios_system|axi_ad9361_0|i_dev_if|i_rx|i_altlvds_rx|auto_generated|pll_sclk~PLL_OUTPUT_COUNTER|divclk
                Info (332115): Latch Clock        : U_core|U_fx3_pll|altera_pll_i|general[0].gpll~PLL_OUTPUT_COUNTER|divclk
                Info (332115): Data Arrival Time  : 12.270
                Info (332115): Clock Arrival Time : 3.552
                Info (332115): Relative Delay     : 8.718
                Info (332115): Data Arrival Path:
                Info (332115): Total (ns)  Incr (ns)     Type  Element
                Info (332115): ==========  ========= ==  ====  ===================================
                Info (332115):      6.346      6.346  R        clock network delay
                Info (332115):      6.346      0.000     uTco  bladerf_core:U_core|handshake:U_handshake_timestamp|source_holding[1]
                Info (332115):      6.346      0.000 FF  CELL  U_core|U_handshake_timestamp|source_holding[1]|q
                Info (332115):     11.606      5.260 FF    IC  U_core|U_fx3_gpif|current.tx_ts_plus32[1]|asdata
                Info (332115):     12.270      0.664 FF  CELL  bladerf_core:U_core|fx3_gpif:U_fx3_gpif|current.tx_ts_plus32[1]
                Info (332115): Clock Arrival Path:
                Info (332115): Total (ns)  Incr (ns)     Type  Element
                Info (332115): ==========  ========= ==  ====  ===================================
                Info (332115):      3.672      3.672  R        clock network delay
                Info (332115):      3.552     -0.120           clock uncertainty
                Info (332115):      3.552      0.000     uTsu  bladerf_core:U_core|fx3_gpif:U_fx3_gpif|current.tx_ts_plus32[1]
            Info (332181): Earliest Path Arrival
                Info (332115): From Node          : bladerf_core:U_core|handshake:U_handshake_timestamp|source_holding[6]
                Info (332115): To Node            : bladerf_core:U_core|fx3_gpif:U_fx3_gpif|current.tx_ts_plus32[6]
                Info (332115): Launch Clock       : U_core|U_nios_system|axi_ad9361_0|i_dev_if|i_rx|i_altlvds_rx|auto_generated|pll_sclk~PLL_OUTPUT_COUNTER|divclk
                Info (332115): Latch Clock        : U_core|U_fx3_pll|altera_pll_i|general[0].gpll~PLL_OUTPUT_COUNTER|divclk
                Info (332115): Data Arrival Time  : 5.512
                Info (332115): Clock Arrival Time : 5.222
                Info (332115): Relative Delay     : 0.290
                Info (332115): Data Arrival Path:
                Info (332115): Total (ns)  Incr (ns)     Type  Element
                Info (332115): ==========  ========= ==  ====  ===================================
                Info (332115):      4.753      4.753  R        clock network delay
                Info (332115):      4.753      0.000     uTco  bladerf_core:U_core|handshake:U_handshake_timestamp|source_holding[6]
                Info (332115):      4.753      0.000 FF  CELL  U_core|U_handshake_timestamp|source_holding[6]|q
                Info (332115):      5.163      0.410 FF    IC  U_core|U_fx3_gpif|Add1~5|datac
                Info (332115):      5.429      0.266 FR  CELL  U_core|U_fx3_gpif|Add1~5|sumout
                Info (332115):      5.429      0.000 RR    IC  U_core|U_fx3_gpif|current.tx_ts_plus32[6]|d
                Info (332115):      5.512      0.083 RR  CELL  bladerf_core:U_core|fx3_gpif:U_fx3_gpif|current.tx_ts_plus32[6]
                Info (332115): Clock Arrival Path:
                Info (332115): Total (ns)  Incr (ns)     Type  Element
                Info (332115): ==========  ========= ==  ====  ===================================
                Info (332115):      5.102      5.102  R        clock network delay
                Info (332115):      5.222      0.120           clock uncertainty
                Info (332115):      5.222      0.000      uTh  bladerf_core:U_core|fx3_gpif:U_fx3_gpif|current.tx_ts_plus32[6]
            Info (332181): Cross Path Clock Pessimism Removed : 2.790
            Info (332181): Required Skew   : 6.400
            Info (332181): Actual Skew     : 5.638
            Info (332181): Slack           : 0.762
    Info (332181): Skew for the Earliest Arrival
        Info (332181): Path #5: Slack is -1.356 (VIOLATED)
            Info (332181): Latest Path Arrival
                Info (332115): From Node          : bladerf_core:U_core|handshake:U_handshake_timestamp|source_holding[5]
                Info (332115): To Node            : bladerf_core:U_core|fx3_gpif:U_fx3_gpif|current.tx_ts_plus32[5]
                Info (332115): Launch Clock       : U_core|U_nios_system|axi_ad9361_0|i_dev_if|i_rx|i_altlvds_rx|auto_generated|pll_sclk~PLL_OUTPUT_COUNTER|divclk
                Info (332115): Latch Clock        : U_core|U_fx3_pll|altera_pll_i|general[0].gpll~PLL_OUTPUT_COUNTER|divclk
                Info (332115): Data Arrival Time  : 14.389
                Info (332115): Clock Arrival Time : 3.529
                Info (332115): Relative Delay     : 10.860
                Info (332115): Data Arrival Path:
                Info (332115): Total (ns)  Incr (ns)     Type  Element
                Info (332115): ==========  ========= ==  ====  ===================================
                Info (332115):      6.342      6.342  R        clock network delay
                Info (332115):      6.342      0.000     uTco  bladerf_core:U_core|handshake:U_handshake_timestamp|source_holding[5]
                Info (332115):      6.342      0.000 FF  CELL  U_core|U_handshake_timestamp|source_holding[5]|q
                Info (332115):     13.983      7.641 FF    IC  U_core|U_fx3_gpif|current.tx_ts_plus32[5]~0|dataf
                Info (332115):     14.083      0.100 FR  CELL  U_core|U_fx3_gpif|current.tx_ts_plus32[5]~0|combout
                Info (332115):     14.083      0.000 RR    IC  U_core|U_fx3_gpif|current.tx_ts_plus32[5]|d
                Info (332115):     14.389      0.306 RR  CELL  bladerf_core:U_core|fx3_gpif:U_fx3_gpif|current.tx_ts_plus32[5]
                Info (332115): Clock Arrival Path:
                Info (332115): Total (ns)  Incr (ns)     Type  Element
                Info (332115): ==========  ========= ==  ====  ===================================
                Info (332115):      3.649      3.649  R        clock network delay
                Info (332115):      3.529     -0.120           clock uncertainty
                Info (332115):      3.529      0.000     uTsu  bladerf_core:U_core|fx3_gpif:U_fx3_gpif|current.tx_ts_plus32[5]
            Info (332181): Earliest Path Arrival
                Info (332115): From Node          : bladerf_core:U_core|handshake:U_handshake_timestamp|source_holding[6]
                Info (332115): To Node            : bladerf_core:U_core|fx3_gpif:U_fx3_gpif|current.tx_ts_plus32[6]
                Info (332115): Launch Clock       : U_core|U_nios_system|axi_ad9361_0|i_dev_if|i_rx|i_altlvds_rx|auto_generated|pll_sclk~PLL_OUTPUT_COUNTER|divclk
                Info (332115): Latch Clock        : U_core|U_fx3_pll|altera_pll_i|general[0].gpll~PLL_OUTPUT_COUNTER|divclk
                Info (332115): Data Arrival Time  : 5.512
                Info (332115): Clock Arrival Time : 5.222
                Info (332115): Relative Delay     : 0.290
                Info (332115): Data Arrival Path:
                Info (332115): Total (ns)  Incr (ns)     Type  Element
                Info (332115): ==========  ========= ==  ====  ===================================
                Info (332115):      4.753      4.753  R        clock network delay
                Info (332115):      4.753      0.000     uTco  bladerf_core:U_core|handshake:U_handshake_timestamp|source_holding[6]
                Info (332115):      4.753      0.000 FF  CELL  U_core|U_handshake_timestamp|source_holding[6]|q
                Info (332115):      5.163      0.410 FF    IC  U_core|U_fx3_gpif|Add1~5|datac
                Info (332115):      5.429      0.266 FR  CELL  U_core|U_fx3_gpif|Add1~5|sumout
                Info (332115):      5.429      0.000 RR    IC  U_core|U_fx3_gpif|current.tx_ts_plus32[6]|d
                Info (332115):      5.512      0.083 RR  CELL  bladerf_core:U_core|fx3_gpif:U_fx3_gpif|current.tx_ts_plus32[6]
                Info (332115): Clock Arrival Path:
                Info (332115): Total (ns)  Incr (ns)     Type  Element
                Info (332115): ==========  ========= ==  ====  ===================================
                Info (332115):      5.102      5.102  R        clock network delay
                Info (332115):      5.222      0.120           clock uncertainty
                Info (332115):      5.222      0.000      uTh  bladerf_core:U_core|fx3_gpif:U_fx3_gpif|current.tx_ts_plus32[6]
            Info (332181): Cross Path Clock Pessimism Removed : 2.814
            Info (332181): Required Skew   : 6.400
            Info (332181): Actual Skew     : 7.756
            Info (332181): Slack           : -1.356
        Info (332181): Path #6: Slack is -1.332 (VIOLATED)
            Info (332181): Latest Path Arrival
                Info (332115): From Node          : bladerf_core:U_core|handshake:U_handshake_timestamp|source_holding[5]
                Info (332115): To Node            : bladerf_core:U_core|fx3_gpif:U_fx3_gpif|current.tx_ts_plus32[5]
                Info (332115): Launch Clock       : U_core|U_nios_system|axi_ad9361_0|i_dev_if|i_rx|i_altlvds_rx|auto_generated|pll_sclk~PLL_OUTPUT_COUNTER|divclk
                Info (332115): Latch Clock        : U_core|U_fx3_pll|altera_pll_i|general[0].gpll~PLL_OUTPUT_COUNTER|divclk
                Info (332115): Data Arrival Time  : 14.389
                Info (332115): Clock Arrival Time : 3.529
                Info (332115): Relative Delay     : 10.860
                Info (332115): Data Arrival Path:
                Info (332115): Total (ns)  Incr (ns)     Type  Element
                Info (332115): ==========  ========= ==  ====  ===================================
                Info (332115):      6.342      6.342  R        clock network delay
                Info (332115):      6.342      0.000     uTco  bladerf_core:U_core|handshake:U_handshake_timestamp|source_holding[5]
                Info (332115):      6.342      0.000 FF  CELL  U_core|U_handshake_timestamp|source_holding[5]|q
                Info (332115):     13.983      7.641 FF    IC  U_core|U_fx3_gpif|current.tx_ts_plus32[5]~0|dataf
                Info (332115):     14.083      0.100 FR  CELL  U_core|U_fx3_gpif|current.tx_ts_plus32[5]~0|combout
                Info (332115):     14.083      0.000 RR    IC  U_core|U_fx3_gpif|current.tx_ts_plus32[5]|d
                Info (332115):     14.389      0.306 RR  CELL  bladerf_core:U_core|fx3_gpif:U_fx3_gpif|current.tx_ts_plus32[5]
                Info (332115): Clock Arrival Path:
                Info (332115): Total (ns)  Incr (ns)     Type  Element
                Info (332115): ==========  ========= ==  ====  ===================================
                Info (332115):      3.649      3.649  R        clock network delay
                Info (332115):      3.529     -0.120           clock uncertainty
                Info (332115):      3.529      0.000     uTsu  bladerf_core:U_core|fx3_gpif:U_fx3_gpif|current.tx_ts_plus32[5]
            Info (332181): Earliest Path Arrival
                Info (332115): From Node          : bladerf_core:U_core|handshake:U_handshake_timestamp|source_holding[57]
                Info (332115): To Node            : bladerf_core:U_core|fx3_gpif:U_fx3_gpif|current.tx_ts_plus32[57]
                Info (332115): Launch Clock       : U_core|U_nios_system|axi_ad9361_0|i_dev_if|i_rx|i_altlvds_rx|auto_generated|pll_sclk~PLL_OUTPUT_COUNTER|divclk
                Info (332115): Latch Clock        : U_core|U_fx3_pll|altera_pll_i|general[0].gpll~PLL_OUTPUT_COUNTER|divclk
                Info (332115): Data Arrival Time  : 5.595
                Info (332115): Clock Arrival Time : 5.232
                Info (332115): Relative Delay     : 0.363
                Info (332115): Data Arrival Path:
                Info (332115): Total (ns)  Incr (ns)     Type  Element
                Info (332115): ==========  ========= ==  ====  ===================================
                Info (332115):      4.769      4.769  R        clock network delay
                Info (332115):      4.769      0.000     uTco  bladerf_core:U_core|handshake:U_handshake_timestamp|source_holding[57]
                Info (332115):      4.769      0.000 FF  CELL  U_core|U_handshake_timestamp|source_holding[57]|q
                Info (332115):      5.009      0.240 FF    IC  U_core|U_fx3_gpif|Add1~209|dataa
                Info (332115):      5.512      0.503 FF  CELL  U_core|U_fx3_gpif|Add1~209|sumout
                Info (332115):      5.512      0.000 FF    IC  U_core|U_fx3_gpif|current.tx_ts_plus32[57]|d
                Info (332115):      5.595      0.083 FF  CELL  bladerf_core:U_core|fx3_gpif:U_fx3_gpif|current.tx_ts_plus32[57]
                Info (332115): Clock Arrival Path:
                Info (332115): Total (ns)  Incr (ns)     Type  Element
                Info (332115): ==========  ========= ==  ====  ===================================
                Info (332115):      5.112      5.112  R        clock network delay
                Info (332115):      5.232      0.120           clock uncertainty
                Info (332115):      5.232      0.000      uTh  bladerf_core:U_core|fx3_gpif:U_fx3_gpif|current.tx_ts_plus32[57]
            Info (332181): Cross Path Clock Pessimism Removed : 2.765
            Info (332181): Required Skew   : 6.400
            Info (332181): Actual Skew     : 7.732
            Info (332181): Slack           : -1.332
        Info (332181): Path #7: Slack is -1.246 (VIOLATED)
            Info (332181): Latest Path Arrival
                Info (332115): From Node          : bladerf_core:U_core|handshake:U_handshake_timestamp|source_holding[5]
                Info (332115): To Node            : bladerf_core:U_core|fx3_gpif:U_fx3_gpif|current.tx_ts_plus32[5]
                Info (332115): Launch Clock       : U_core|U_nios_system|axi_ad9361_0|i_dev_if|i_rx|i_altlvds_rx|auto_generated|pll_sclk~PLL_OUTPUT_COUNTER|divclk
                Info (332115): Latch Clock        : U_core|U_fx3_pll|altera_pll_i|general[0].gpll~PLL_OUTPUT_COUNTER|divclk
                Info (332115): Data Arrival Time  : 14.389
                Info (332115): Clock Arrival Time : 3.529
                Info (332115): Relative Delay     : 10.860
                Info (332115): Data Arrival Path:
                Info (332115): Total (ns)  Incr (ns)     Type  Element
                Info (332115): ==========  ========= ==  ====  ===================================
                Info (332115):      6.342      6.342  R        clock network delay
                Info (332115):      6.342      0.000     uTco  bladerf_core:U_core|handshake:U_handshake_timestamp|source_holding[5]
                Info (332115):      6.342      0.000 FF  CELL  U_core|U_handshake_timestamp|source_holding[5]|q
                Info (332115):     13.983      7.641 FF    IC  U_core|U_fx3_gpif|current.tx_ts_plus32[5]~0|dataf
                Info (332115):     14.083      0.100 FR  CELL  U_core|U_fx3_gpif|current.tx_ts_plus32[5]~0|combout
                Info (332115):     14.083      0.000 RR    IC  U_core|U_fx3_gpif|current.tx_ts_plus32[5]|d
                Info (332115):     14.389      0.306 RR  CELL  bladerf_core:U_core|fx3_gpif:U_fx3_gpif|current.tx_ts_plus32[5]
                Info (332115): Clock Arrival Path:
                Info (332115): Total (ns)  Incr (ns)     Type  Element
                Info (332115): ==========  ========= ==  ====  ===================================
                Info (332115):      3.649      3.649  R        clock network delay
                Info (332115):      3.529     -0.120           clock uncertainty
                Info (332115):      3.529      0.000     uTsu  bladerf_core:U_core|fx3_gpif:U_fx3_gpif|current.tx_ts_plus32[5]
            Info (332181): Earliest Path Arrival
                Info (332115): From Node          : bladerf_core:U_core|handshake:U_handshake_timestamp|source_holding[55]
                Info (332115): To Node            : bladerf_core:U_core|fx3_gpif:U_fx3_gpif|current.tx_ts_plus32[55]
                Info (332115): Launch Clock       : U_core|U_nios_system|axi_ad9361_0|i_dev_if|i_rx|i_altlvds_rx|auto_generated|pll_sclk~PLL_OUTPUT_COUNTER|divclk
                Info (332115): Latch Clock        : U_core|U_fx3_pll|altera_pll_i|general[0].gpll~PLL_OUTPUT_COUNTER|divclk
                Info (332115): Data Arrival Time  : 5.681
                Info (332115): Clock Arrival Time : 5.232
                Info (332115): Relative Delay     : 0.449
                Info (332115): Data Arrival Path:
                Info (332115): Total (ns)  Incr (ns)     Type  Element
                Info (332115): ==========  ========= ==  ====  ===================================
                Info (332115):      4.768      4.768  R        clock network delay
                Info (332115):      4.768      0.000     uTco  bladerf_core:U_core|handshake:U_handshake_timestamp|source_holding[55]
                Info (332115):      4.768      0.000 FF  CELL  U_core|U_handshake_timestamp|source_holding[55]|q
                Info (332115):      5.095      0.327 FF    IC  U_core|U_fx3_gpif|Add1~185|dataa
                Info (332115):      5.598      0.503 FF  CELL  U_core|U_fx3_gpif|Add1~185|sumout
                Info (332115):      5.598      0.000 FF    IC  U_core|U_fx3_gpif|current.tx_ts_plus32[55]|d
                Info (332115):      5.681      0.083 FF  CELL  bladerf_core:U_core|fx3_gpif:U_fx3_gpif|current.tx_ts_plus32[55]
                Info (332115): Clock Arrival Path:
                Info (332115): Total (ns)  Incr (ns)     Type  Element
                Info (332115): ==========  ========= ==  ====  ===================================
                Info (332115):      5.112      5.112  R        clock network delay
                Info (332115):      5.232      0.120           clock uncertainty
                Info (332115):      5.232      0.000      uTh  bladerf_core:U_core|fx3_gpif:U_fx3_gpif|current.tx_ts_plus32[55]
            Info (332181): Cross Path Clock Pessimism Removed : 2.765
            Info (332181): Required Skew   : 6.400
            Info (332181): Actual Skew     : 7.646
            Info (332181): Slack           : -1.246
        Info (332181): Path #8: Slack is -1.238 (VIOLATED)
            Info (332181): Latest Path Arrival
                Info (332115): From Node          : bladerf_core:U_core|handshake:U_handshake_timestamp|source_holding[5]
                Info (332115): To Node            : bladerf_core:U_core|fx3_gpif:U_fx3_gpif|current.tx_ts_plus32[5]
                Info (332115): Launch Clock       : U_core|U_nios_system|axi_ad9361_0|i_dev_if|i_rx|i_altlvds_rx|auto_generated|pll_sclk~PLL_OUTPUT_COUNTER|divclk
                Info (332115): Latch Clock        : U_core|U_fx3_pll|altera_pll_i|general[0].gpll~PLL_OUTPUT_COUNTER|divclk
                Info (332115): Data Arrival Time  : 14.389
                Info (332115): Clock Arrival Time : 3.529
                Info (332115): Relative Delay     : 10.860
                Info (332115): Data Arrival Path:
                Info (332115): Total (ns)  Incr (ns)     Type  Element
                Info (332115): ==========  ========= ==  ====  ===================================
                Info (332115):      6.342      6.342  R        clock network delay
                Info (332115):      6.342      0.000     uTco  bladerf_core:U_core|handshake:U_handshake_timestamp|source_holding[5]
                Info (332115):      6.342      0.000 FF  CELL  U_core|U_handshake_timestamp|source_holding[5]|q
                Info (332115):     13.983      7.641 FF    IC  U_core|U_fx3_gpif|current.tx_ts_plus32[5]~0|dataf
                Info (332115):     14.083      0.100 FR  CELL  U_core|U_fx3_gpif|current.tx_ts_plus32[5]~0|combout
                Info (332115):     14.083      0.000 RR    IC  U_core|U_fx3_gpif|current.tx_ts_plus32[5]|d
                Info (332115):     14.389      0.306 RR  CELL  bladerf_core:U_core|fx3_gpif:U_fx3_gpif|current.tx_ts_plus32[5]
                Info (332115): Clock Arrival Path:
                Info (332115): Total (ns)  Incr (ns)     Type  Element
                Info (332115): ==========  ========= ==  ====  ===================================
                Info (332115):      3.649      3.649  R        clock network delay
                Info (332115):      3.529     -0.120           clock uncertainty
                Info (332115):      3.529      0.000     uTsu  bladerf_core:U_core|fx3_gpif:U_fx3_gpif|current.tx_ts_plus32[5]
            Info (332181): Earliest Path Arrival
                Info (332115): From Node          : bladerf_core:U_core|handshake:U_handshake_timestamp|source_holding[28]
                Info (332115): To Node            : bladerf_core:U_core|fx3_gpif:U_fx3_gpif|current.tx_ts_plus32[28]
                Info (332115): Launch Clock       : U_core|U_nios_system|axi_ad9361_0|i_dev_if|i_rx|i_altlvds_rx|auto_generated|pll_sclk~PLL_OUTPUT_COUNTER|divclk
                Info (332115): Latch Clock        : U_core|U_fx3_pll|altera_pll_i|general[0].gpll~PLL_OUTPUT_COUNTER|divclk
                Info (332115): Data Arrival Time  : 5.680
                Info (332115): Clock Arrival Time : 5.223
                Info (332115): Relative Delay     : 0.457
                Info (332115): Data Arrival Path:
                Info (332115): Total (ns)  Incr (ns)     Type  Element
                Info (332115): ==========  ========= ==  ====  ===================================
                Info (332115):      4.762      4.762  R        clock network delay
                Info (332115):      4.762      0.000     uTco  bladerf_core:U_core|handshake:U_handshake_timestamp|source_holding[28]
                Info (332115):      4.762      0.000 FF  CELL  U_core|U_handshake_timestamp|source_holding[28]|q
                Info (332115):      5.331      0.569 FF    IC  U_core|U_fx3_gpif|Add1~69|datac
                Info (332115):      5.597      0.266 FR  CELL  U_core|U_fx3_gpif|Add1~69|sumout
                Info (332115):      5.597      0.000 RR    IC  U_core|U_fx3_gpif|current.tx_ts_plus32[28]|d
                Info (332115):      5.680      0.083 RR  CELL  bladerf_core:U_core|fx3_gpif:U_fx3_gpif|current.tx_ts_plus32[28]
                Info (332115): Clock Arrival Path:
                Info (332115): Total (ns)  Incr (ns)     Type  Element
                Info (332115): ==========  ========= ==  ====  ===================================
                Info (332115):      5.103      5.103  R        clock network delay
                Info (332115):      5.223      0.120           clock uncertainty
                Info (332115):      5.223      0.000      uTh  bladerf_core:U_core|fx3_gpif:U_fx3_gpif|current.tx_ts_plus32[28]
            Info (332181): Cross Path Clock Pessimism Removed : 2.765
            Info (332181): Required Skew   : 6.400
            Info (332181): Actual Skew     : 7.638
            Info (332181): Slack           : -1.238
Info (332115): Worst-case slack is 3.808 for "set_max_skew -from [get_keepers {*time_tamer:tx_tamer|handshake:U_snap|source_holding[*]}] -to [get_keepers {*time_tamer:tx_tamer|dout[*]}] 6.400 "
    Info (332181): Skew for the Latest Arrival
        Info (332181): Path #9: Slack is 3.808 
            Info (332181): Latest Path Arrival
                Info (332115): From Node          : bladerf_core:U_core|nios_system:U_nios_system|time_tamer:tx_tamer|handshake:U_snap|source_holding[39]
                Info (332115): To Node            : bladerf_core:U_core|nios_system:U_nios_system|time_tamer:tx_tamer|dout[7]
                Info (332115): Launch Clock       : U_core|U_nios_system|axi_ad9361_0|i_dev_if|i_rx|i_altlvds_rx|auto_generated|pll_sclk~PLL_OUTPUT_COUNTER|divclk
                Info (332115): Latch Clock        : U_core|U_system_pll|altera_pll_i|general[0].gpll~PLL_OUTPUT_COUNTER|divclk
                Info (332115): Data Arrival Time  : 8.955
                Info (332115): Clock Arrival Time : 1.628
                Info (332115): Relative Delay     : 7.327
                Info (332115): Data Arrival Path:
                Info (332115): Total (ns)  Incr (ns)     Type  Element
                Info (332115): ==========  ========= ==  ====  ===================================
                Info (332115):      6.343      6.343  R        clock network delay
                Info (332115):      6.343      0.000     uTco  bladerf_core:U_core|nios_system:U_nios_system|time_tamer:tx_tamer|handshake:U_snap|source_holding[39]
                Info (332115):      6.343      0.000 FF  CELL  U_core|U_nios_system|tx_tamer|U_snap|source_holding[39]|q
                Info (332115):      6.648      0.305 FF    IC  U_core|U_nios_system|tx_tamer|Mux0~0|datad
                Info (332115):      7.244      0.596 FF  CELL  U_core|U_nios_system|tx_tamer|Mux0~0|combout
                Info (332115):      8.057      0.813 FF    IC  U_core|U_nios_system|tx_tamer|Mux0~2|datad
                Info (332115):      8.648      0.591 FF  CELL  U_core|U_nios_system|tx_tamer|Mux0~2|combout
                Info (332115):      8.648      0.000 FF    IC  U_core|U_nios_system|tx_tamer|dout[7]|d
                Info (332115):      8.955      0.307 FF  CELL  bladerf_core:U_core|nios_system:U_nios_system|time_tamer:tx_tamer|dout[7]
                Info (332115): Clock Arrival Path:
                Info (332115): Total (ns)  Incr (ns)     Type  Element
                Info (332115): ==========  ========= ==  ====  ===================================
                Info (332115):      1.788      1.788  R        clock network delay
                Info (332115):      1.628     -0.160           clock uncertainty
                Info (332115):      1.628      0.000     uTsu  bladerf_core:U_core|nios_system:U_nios_system|time_tamer:tx_tamer|dout[7]
            Info (332181): Earliest Path Arrival
                Info (332115): From Node          : bladerf_core:U_core|nios_system:U_nios_system|time_tamer:tx_tamer|handshake:U_snap|source_holding[22]
                Info (332115): To Node            : bladerf_core:U_core|nios_system:U_nios_system|time_tamer:tx_tamer|dout[6]
                Info (332115): Launch Clock       : U_core|U_nios_system|axi_ad9361_0|i_dev_if|i_rx|i_altlvds_rx|auto_generated|pll_sclk~PLL_OUTPUT_COUNTER|divclk
                Info (332115): Latch Clock        : U_core|U_system_pll|altera_pll_i|general[0].gpll~PLL_OUTPUT_COUNTER|divclk
                Info (332115): Data Arrival Time  : 5.322
                Info (332115): Clock Arrival Time : 3.466
                Info (332115): Relative Delay     : 1.856
                Info (332115): Data Arrival Path:
                Info (332115): Total (ns)  Incr (ns)     Type  Element
                Info (332115): ==========  ========= ==  ====  ===================================
                Info (332115):      4.749      4.749  R        clock network delay
                Info (332115):      4.749      0.000     uTco  bladerf_core:U_core|nios_system:U_nios_system|time_tamer:tx_tamer|handshake:U_snap|source_holding[22]
                Info (332115):      4.749      0.000 FF  CELL  U_core|U_nios_system|tx_tamer|U_snap|source_holding[22]|q
                Info (332115):      5.184      0.435 FF    IC  U_core|U_nios_system|tx_tamer|Mux1~2|dataf
                Info (332115):      5.239      0.055 FF  CELL  U_core|U_nios_system|tx_tamer|Mux1~2|combout
                Info (332115):      5.239      0.000 FF    IC  U_core|U_nios_system|tx_tamer|dout[6]|d
                Info (332115):      5.322      0.083 FF  CELL  bladerf_core:U_core|nios_system:U_nios_system|time_tamer:tx_tamer|dout[6]
                Info (332115): Clock Arrival Path:
                Info (332115): Total (ns)  Incr (ns)     Type  Element
                Info (332115): ==========  ========= ==  ====  ===================================
                Info (332115):      3.306      3.306  R        clock network delay
                Info (332115):      3.466      0.160           clock uncertainty
                Info (332115):      3.466      0.000      uTh  bladerf_core:U_core|nios_system:U_nios_system|time_tamer:tx_tamer|dout[6]
            Info (332181): Cross Path Clock Pessimism Removed : 2.879
            Info (332181): Required Skew   : 6.400
            Info (332181): Actual Skew     : 2.592
            Info (332181): Slack           : 3.808
        Info (332181): Path #10: Slack is 3.809 
            Info (332181): Latest Path Arrival
                Info (332115): From Node          : bladerf_core:U_core|nios_system:U_nios_system|time_tamer:tx_tamer|handshake:U_snap|source_holding[47]
                Info (332115): To Node            : bladerf_core:U_core|nios_system:U_nios_system|time_tamer:tx_tamer|dout[7]
                Info (332115): Launch Clock       : U_core|U_nios_system|axi_ad9361_0|i_dev_if|i_rx|i_altlvds_rx|auto_generated|pll_sclk~PLL_OUTPUT_COUNTER|divclk
                Info (332115): Latch Clock        : U_core|U_system_pll|altera_pll_i|general[0].gpll~PLL_OUTPUT_COUNTER|divclk
                Info (332115): Data Arrival Time  : 8.954
                Info (332115): Clock Arrival Time : 1.628
                Info (332115): Relative Delay     : 7.326
                Info (332115): Data Arrival Path:
                Info (332115): Total (ns)  Incr (ns)     Type  Element
                Info (332115): ==========  ========= ==  ====  ===================================
                Info (332115):      6.343      6.343  R        clock network delay
                Info (332115):      6.343      0.000     uTco  bladerf_core:U_core|nios_system:U_nios_system|time_tamer:tx_tamer|handshake:U_snap|source_holding[47]
                Info (332115):      6.343      0.000 FF  CELL  U_core|U_nios_system|tx_tamer|U_snap|source_holding[47]|q
                Info (332115):      6.667      0.324 FF    IC  U_core|U_nios_system|tx_tamer|Mux0~0|datac
                Info (332115):      7.243      0.576 FF  CELL  U_core|U_nios_system|tx_tamer|Mux0~0|combout
                Info (332115):      8.056      0.813 FF    IC  U_core|U_nios_system|tx_tamer|Mux0~2|datad
                Info (332115):      8.647      0.591 FF  CELL  U_core|U_nios_system|tx_tamer|Mux0~2|combout
                Info (332115):      8.647      0.000 FF    IC  U_core|U_nios_system|tx_tamer|dout[7]|d
                Info (332115):      8.954      0.307 FF  CELL  bladerf_core:U_core|nios_system:U_nios_system|time_tamer:tx_tamer|dout[7]
                Info (332115): Clock Arrival Path:
                Info (332115): Total (ns)  Incr (ns)     Type  Element
                Info (332115): ==========  ========= ==  ====  ===================================
                Info (332115):      1.788      1.788  R        clock network delay
                Info (332115):      1.628     -0.160           clock uncertainty
                Info (332115):      1.628      0.000     uTsu  bladerf_core:U_core|nios_system:U_nios_system|time_tamer:tx_tamer|dout[7]
            Info (332181): Earliest Path Arrival
                Info (332115): From Node          : bladerf_core:U_core|nios_system:U_nios_system|time_tamer:tx_tamer|handshake:U_snap|source_holding[22]
                Info (332115): To Node            : bladerf_core:U_core|nios_system:U_nios_system|time_tamer:tx_tamer|dout[6]
                Info (332115): Launch Clock       : U_core|U_nios_system|axi_ad9361_0|i_dev_if|i_rx|i_altlvds_rx|auto_generated|pll_sclk~PLL_OUTPUT_COUNTER|divclk
                Info (332115): Latch Clock        : U_core|U_system_pll|altera_pll_i|general[0].gpll~PLL_OUTPUT_COUNTER|divclk
                Info (332115): Data Arrival Time  : 5.322
                Info (332115): Clock Arrival Time : 3.466
                Info (332115): Relative Delay     : 1.856
                Info (332115): Data Arrival Path:
                Info (332115): Total (ns)  Incr (ns)     Type  Element
                Info (332115): ==========  ========= ==  ====  ===================================
                Info (332115):      4.749      4.749  R        clock network delay
                Info (332115):      4.749      0.000     uTco  bladerf_core:U_core|nios_system:U_nios_system|time_tamer:tx_tamer|handshake:U_snap|source_holding[22]
                Info (332115):      4.749      0.000 FF  CELL  U_core|U_nios_system|tx_tamer|U_snap|source_holding[22]|q
                Info (332115):      5.184      0.435 FF    IC  U_core|U_nios_system|tx_tamer|Mux1~2|dataf
                Info (332115):      5.239      0.055 FF  CELL  U_core|U_nios_system|tx_tamer|Mux1~2|combout
                Info (332115):      5.239      0.000 FF    IC  U_core|U_nios_system|tx_tamer|dout[6]|d
                Info (332115):      5.322      0.083 FF  CELL  bladerf_core:U_core|nios_system:U_nios_system|time_tamer:tx_tamer|dout[6]
                Info (332115): Clock Arrival Path:
                Info (332115): Total (ns)  Incr (ns)     Type  Element
                Info (332115): ==========  ========= ==  ====  ===================================
                Info (332115):      3.306      3.306  R        clock network delay
                Info (332115):      3.466      0.160           clock uncertainty
                Info (332115):      3.466      0.000      uTh  bladerf_core:U_core|nios_system:U_nios_system|time_tamer:tx_tamer|dout[6]
            Info (332181): Cross Path Clock Pessimism Removed : 2.879
            Info (332181): Required Skew   : 6.400
            Info (332181): Actual Skew     : 2.591
            Info (332181): Slack           : 3.809
        Info (332181): Path #11: Slack is 3.874 
            Info (332181): Latest Path Arrival
                Info (332115): From Node          : bladerf_core:U_core|nios_system:U_nios_system|time_tamer:tx_tamer|handshake:U_snap|source_holding[2]
                Info (332115): To Node            : bladerf_core:U_core|nios_system:U_nios_system|time_tamer:tx_tamer|dout[2]
                Info (332115): Launch Clock       : U_core|U_nios_system|axi_ad9361_0|i_dev_if|i_rx|i_altlvds_rx|auto_generated|pll_sclk~PLL_OUTPUT_COUNTER|divclk
                Info (332115): Latch Clock        : U_core|U_system_pll|altera_pll_i|general[0].gpll~PLL_OUTPUT_COUNTER|divclk
                Info (332115): Data Arrival Time  : 8.865
                Info (332115): Clock Arrival Time : 1.628
                Info (332115): Relative Delay     : 7.237
                Info (332115): Data Arrival Path:
                Info (332115): Total (ns)  Incr (ns)     Type  Element
                Info (332115): ==========  ========= ==  ====  ===================================
                Info (332115):      6.337      6.337  R        clock network delay
                Info (332115):      6.337      0.000     uTco  bladerf_core:U_core|nios_system:U_nios_system|time_tamer:tx_tamer|handshake:U_snap|source_holding[2]
                Info (332115):      6.337      0.000 RR  CELL  U_core|U_nios_system|tx_tamer|U_snap|source_holding[2]|q
                Info (332115):      6.692      0.355 RR    IC  U_core|U_nios_system|tx_tamer|Mux5~1|dataa
                Info (332115):      7.401      0.709 RR  CELL  U_core|U_nios_system|tx_tamer|Mux5~1|combout
                Info (332115):      8.465      1.064 RR    IC  U_core|U_nios_system|tx_tamer|Mux5~2|dataf
                Info (332115):      8.559      0.094 RR  CELL  U_core|U_nios_system|tx_tamer|Mux5~2|combout
                Info (332115):      8.559      0.000 RR    IC  U_core|U_nios_system|tx_tamer|dout[2]|d
                Info (332115):      8.865      0.306 RR  CELL  bladerf_core:U_core|nios_system:U_nios_system|time_tamer:tx_tamer|dout[2]
                Info (332115): Clock Arrival Path:
                Info (332115): Total (ns)  Incr (ns)     Type  Element
                Info (332115): ==========  ========= ==  ====  ===================================
                Info (332115):      1.788      1.788  R        clock network delay
                Info (332115):      1.628     -0.160           clock uncertainty
                Info (332115):      1.628      0.000     uTsu  bladerf_core:U_core|nios_system:U_nios_system|time_tamer:tx_tamer|dout[2]
            Info (332181): Earliest Path Arrival
                Info (332115): From Node          : bladerf_core:U_core|nios_system:U_nios_system|time_tamer:tx_tamer|handshake:U_snap|source_holding[22]
                Info (332115): To Node            : bladerf_core:U_core|nios_system:U_nios_system|time_tamer:tx_tamer|dout[6]
                Info (332115): Launch Clock       : U_core|U_nios_system|axi_ad9361_0|i_dev_if|i_rx|i_altlvds_rx|auto_generated|pll_sclk~PLL_OUTPUT_COUNTER|divclk
                Info (332115): Latch Clock        : U_core|U_system_pll|altera_pll_i|general[0].gpll~PLL_OUTPUT_COUNTER|divclk
                Info (332115): Data Arrival Time  : 5.322
                Info (332115): Clock Arrival Time : 3.466
                Info (332115): Relative Delay     : 1.856
                Info (332115): Data Arrival Path:
                Info (332115): Total (ns)  Incr (ns)     Type  Element
                Info (332115): ==========  ========= ==  ====  ===================================
                Info (332115):      4.749      4.749  R        clock network delay
                Info (332115):      4.749      0.000     uTco  bladerf_core:U_core|nios_system:U_nios_system|time_tamer:tx_tamer|handshake:U_snap|source_holding[22]
                Info (332115):      4.749      0.000 FF  CELL  U_core|U_nios_system|tx_tamer|U_snap|source_holding[22]|q
                Info (332115):      5.184      0.435 FF    IC  U_core|U_nios_system|tx_tamer|Mux1~2|dataf
                Info (332115):      5.239      0.055 FF  CELL  U_core|U_nios_system|tx_tamer|Mux1~2|combout
                Info (332115):      5.239      0.000 FF    IC  U_core|U_nios_system|tx_tamer|dout[6]|d
                Info (332115):      5.322      0.083 FF  CELL  bladerf_core:U_core|nios_system:U_nios_system|time_tamer:tx_tamer|dout[6]
                Info (332115): Clock Arrival Path:
                Info (332115): Total (ns)  Incr (ns)     Type  Element
                Info (332115): ==========  ========= ==  ====  ===================================
                Info (332115):      3.306      3.306  R        clock network delay
                Info (332115):      3.466      0.160           clock uncertainty
                Info (332115):      3.466      0.000      uTh  bladerf_core:U_core|nios_system:U_nios_system|time_tamer:tx_tamer|dout[6]
            Info (332181): Cross Path Clock Pessimism Removed : 2.855
            Info (332181): Required Skew   : 6.400
            Info (332181): Actual Skew     : 2.526
            Info (332181): Slack           : 3.874
        Info (332181): Path #12: Slack is 3.939 
            Info (332181): Latest Path Arrival
                Info (332115): From Node          : bladerf_core:U_core|nios_system:U_nios_system|time_tamer:tx_tamer|handshake:U_snap|source_holding[43]
                Info (332115): To Node            : bladerf_core:U_core|nios_system:U_nios_system|time_tamer:tx_tamer|dout[3]
                Info (332115): Launch Clock       : U_core|U_nios_system|axi_ad9361_0|i_dev_if|i_rx|i_altlvds_rx|auto_generated|pll_sclk~PLL_OUTPUT_COUNTER|divclk
                Info (332115): Latch Clock        : U_core|U_system_pll|altera_pll_i|general[0].gpll~PLL_OUTPUT_COUNTER|divclk
                Info (332115): Data Arrival Time  : 8.824
                Info (332115): Clock Arrival Time : 1.628
                Info (332115): Relative Delay     : 7.196
                Info (332115): Data Arrival Path:
                Info (332115): Total (ns)  Incr (ns)     Type  Element
                Info (332115): ==========  ========= ==  ====  ===================================
                Info (332115):      6.342      6.342  R        clock network delay
                Info (332115):      6.342      0.000     uTco  bladerf_core:U_core|nios_system:U_nios_system|time_tamer:tx_tamer|handshake:U_snap|source_holding[43]
                Info (332115):      6.342      0.000 FF  CELL  U_core|U_nios_system|tx_tamer|U_snap|source_holding[43]|q
                Info (332115):      6.651      0.309 FF    IC  U_core|U_nios_system|tx_tamer|Mux4~0|datad
                Info (332115):      7.247      0.596 FF  CELL  U_core|U_nios_system|tx_tamer|Mux4~0|combout
                Info (332115):      7.926      0.679 FF    IC  U_core|U_nios_system|tx_tamer|Mux4~2|datad
                Info (332115):      8.517      0.591 FF  CELL  U_core|U_nios_system|tx_tamer|Mux4~2|combout
                Info (332115):      8.517      0.000 FF    IC  U_core|U_nios_system|tx_tamer|dout[3]|d
                Info (332115):      8.824      0.307 FF  CELL  bladerf_core:U_core|nios_system:U_nios_system|time_tamer:tx_tamer|dout[3]
                Info (332115): Clock Arrival Path:
                Info (332115): Total (ns)  Incr (ns)     Type  Element
                Info (332115): ==========  ========= ==  ====  ===================================
                Info (332115):      1.788      1.788  R        clock network delay
                Info (332115):      1.628     -0.160           clock uncertainty
                Info (332115):      1.628      0.000     uTsu  bladerf_core:U_core|nios_system:U_nios_system|time_tamer:tx_tamer|dout[3]
            Info (332181): Earliest Path Arrival
                Info (332115): From Node          : bladerf_core:U_core|nios_system:U_nios_system|time_tamer:tx_tamer|handshake:U_snap|source_holding[22]
                Info (332115): To Node            : bladerf_core:U_core|nios_system:U_nios_system|time_tamer:tx_tamer|dout[6]
                Info (332115): Launch Clock       : U_core|U_nios_system|axi_ad9361_0|i_dev_if|i_rx|i_altlvds_rx|auto_generated|pll_sclk~PLL_OUTPUT_COUNTER|divclk
                Info (332115): Latch Clock        : U_core|U_system_pll|altera_pll_i|general[0].gpll~PLL_OUTPUT_COUNTER|divclk
                Info (332115): Data Arrival Time  : 5.322
                Info (332115): Clock Arrival Time : 3.466
                Info (332115): Relative Delay     : 1.856
                Info (332115): Data Arrival Path:
                Info (332115): Total (ns)  Incr (ns)     Type  Element
                Info (332115): ==========  ========= ==  ====  ===================================
                Info (332115):      4.749      4.749  R        clock network delay
                Info (332115):      4.749      0.000     uTco  bladerf_core:U_core|nios_system:U_nios_system|time_tamer:tx_tamer|handshake:U_snap|source_holding[22]
                Info (332115):      4.749      0.000 FF  CELL  U_core|U_nios_system|tx_tamer|U_snap|source_holding[22]|q
                Info (332115):      5.184      0.435 FF    IC  U_core|U_nios_system|tx_tamer|Mux1~2|dataf
                Info (332115):      5.239      0.055 FF  CELL  U_core|U_nios_system|tx_tamer|Mux1~2|combout
                Info (332115):      5.239      0.000 FF    IC  U_core|U_nios_system|tx_tamer|dout[6]|d
                Info (332115):      5.322      0.083 FF  CELL  bladerf_core:U_core|nios_system:U_nios_system|time_tamer:tx_tamer|dout[6]
                Info (332115): Clock Arrival Path:
                Info (332115): Total (ns)  Incr (ns)     Type  Element
                Info (332115): ==========  ========= ==  ====  ===================================
                Info (332115):      3.306      3.306  R        clock network delay
                Info (332115):      3.466      0.160           clock uncertainty
                Info (332115):      3.466      0.000      uTh  bladerf_core:U_core|nios_system:U_nios_system|time_tamer:tx_tamer|dout[6]
            Info (332181): Cross Path Clock Pessimism Removed : 2.879
            Info (332181): Required Skew   : 6.400
            Info (332181): Actual Skew     : 2.461
            Info (332181): Slack           : 3.939
    Info (332181): Skew for the Earliest Arrival
        Info (332181): Path #13: Slack is 3.808 
            Info (332181): Latest Path Arrival
                Info (332115): From Node          : bladerf_core:U_core|nios_system:U_nios_system|time_tamer:tx_tamer|handshake:U_snap|source_holding[39]
                Info (332115): To Node            : bladerf_core:U_core|nios_system:U_nios_system|time_tamer:tx_tamer|dout[7]
                Info (332115): Launch Clock       : U_core|U_nios_system|axi_ad9361_0|i_dev_if|i_rx|i_altlvds_rx|auto_generated|pll_sclk~PLL_OUTPUT_COUNTER|divclk
                Info (332115): Latch Clock        : U_core|U_system_pll|altera_pll_i|general[0].gpll~PLL_OUTPUT_COUNTER|divclk
                Info (332115): Data Arrival Time  : 8.955
                Info (332115): Clock Arrival Time : 1.628
                Info (332115): Relative Delay     : 7.327
                Info (332115): Data Arrival Path:
                Info (332115): Total (ns)  Incr (ns)     Type  Element
                Info (332115): ==========  ========= ==  ====  ===================================
                Info (332115):      6.343      6.343  R        clock network delay
                Info (332115):      6.343      0.000     uTco  bladerf_core:U_core|nios_system:U_nios_system|time_tamer:tx_tamer|handshake:U_snap|source_holding[39]
                Info (332115):      6.343      0.000 FF  CELL  U_core|U_nios_system|tx_tamer|U_snap|source_holding[39]|q
                Info (332115):      6.648      0.305 FF    IC  U_core|U_nios_system|tx_tamer|Mux0~0|datad
                Info (332115):      7.244      0.596 FF  CELL  U_core|U_nios_system|tx_tamer|Mux0~0|combout
                Info (332115):      8.057      0.813 FF    IC  U_core|U_nios_system|tx_tamer|Mux0~2|datad
                Info (332115):      8.648      0.591 FF  CELL  U_core|U_nios_system|tx_tamer|Mux0~2|combout
                Info (332115):      8.648      0.000 FF    IC  U_core|U_nios_system|tx_tamer|dout[7]|d
                Info (332115):      8.955      0.307 FF  CELL  bladerf_core:U_core|nios_system:U_nios_system|time_tamer:tx_tamer|dout[7]
                Info (332115): Clock Arrival Path:
                Info (332115): Total (ns)  Incr (ns)     Type  Element
                Info (332115): ==========  ========= ==  ====  ===================================
                Info (332115):      1.788      1.788  R        clock network delay
                Info (332115):      1.628     -0.160           clock uncertainty
                Info (332115):      1.628      0.000     uTsu  bladerf_core:U_core|nios_system:U_nios_system|time_tamer:tx_tamer|dout[7]
            Info (332181): Earliest Path Arrival
                Info (332115): From Node          : bladerf_core:U_core|nios_system:U_nios_system|time_tamer:tx_tamer|handshake:U_snap|source_holding[22]
                Info (332115): To Node            : bladerf_core:U_core|nios_system:U_nios_system|time_tamer:tx_tamer|dout[6]
                Info (332115): Launch Clock       : U_core|U_nios_system|axi_ad9361_0|i_dev_if|i_rx|i_altlvds_rx|auto_generated|pll_sclk~PLL_OUTPUT_COUNTER|divclk
                Info (332115): Latch Clock        : U_core|U_system_pll|altera_pll_i|general[0].gpll~PLL_OUTPUT_COUNTER|divclk
                Info (332115): Data Arrival Time  : 5.322
                Info (332115): Clock Arrival Time : 3.466
                Info (332115): Relative Delay     : 1.856
                Info (332115): Data Arrival Path:
                Info (332115): Total (ns)  Incr (ns)     Type  Element
                Info (332115): ==========  ========= ==  ====  ===================================
                Info (332115):      4.749      4.749  R        clock network delay
                Info (332115):      4.749      0.000     uTco  bladerf_core:U_core|nios_system:U_nios_system|time_tamer:tx_tamer|handshake:U_snap|source_holding[22]
                Info (332115):      4.749      0.000 FF  CELL  U_core|U_nios_system|tx_tamer|U_snap|source_holding[22]|q
                Info (332115):      5.184      0.435 FF    IC  U_core|U_nios_system|tx_tamer|Mux1~2|dataf
                Info (332115):      5.239      0.055 FF  CELL  U_core|U_nios_system|tx_tamer|Mux1~2|combout
                Info (332115):      5.239      0.000 FF    IC  U_core|U_nios_system|tx_tamer|dout[6]|d
                Info (332115):      5.322      0.083 FF  CELL  bladerf_core:U_core|nios_system:U_nios_system|time_tamer:tx_tamer|dout[6]
                Info (332115): Clock Arrival Path:
                Info (332115): Total (ns)  Incr (ns)     Type  Element
                Info (332115): ==========  ========= ==  ====  ===================================
                Info (332115):      3.306      3.306  R        clock network delay
                Info (332115):      3.466      0.160           clock uncertainty
                Info (332115):      3.466      0.000      uTh  bladerf_core:U_core|nios_system:U_nios_system|time_tamer:tx_tamer|dout[6]
            Info (332181): Cross Path Clock Pessimism Removed : 2.879
            Info (332181): Required Skew   : 6.400
            Info (332181): Actual Skew     : 2.592
            Info (332181): Slack           : 3.808
        Info (332181): Path #14: Slack is 3.886 
            Info (332181): Latest Path Arrival
                Info (332115): From Node          : bladerf_core:U_core|nios_system:U_nios_system|time_tamer:tx_tamer|handshake:U_snap|source_holding[39]
                Info (332115): To Node            : bladerf_core:U_core|nios_system:U_nios_system|time_tamer:tx_tamer|dout[7]
                Info (332115): Launch Clock       : U_core|U_nios_system|axi_ad9361_0|i_dev_if|i_rx|i_altlvds_rx|auto_generated|pll_sclk~PLL_OUTPUT_COUNTER|divclk
                Info (332115): Latch Clock        : U_core|U_system_pll|altera_pll_i|general[0].gpll~PLL_OUTPUT_COUNTER|divclk
                Info (332115): Data Arrival Time  : 8.955
                Info (332115): Clock Arrival Time : 1.628
                Info (332115): Relative Delay     : 7.327
                Info (332115): Data Arrival Path:
                Info (332115): Total (ns)  Incr (ns)     Type  Element
                Info (332115): ==========  ========= ==  ====  ===================================
                Info (332115):      6.343      6.343  R        clock network delay
                Info (332115):      6.343      0.000     uTco  bladerf_core:U_core|nios_system:U_nios_system|time_tamer:tx_tamer|handshake:U_snap|source_holding[39]
                Info (332115):      6.343      0.000 FF  CELL  U_core|U_nios_system|tx_tamer|U_snap|source_holding[39]|q
                Info (332115):      6.648      0.305 FF    IC  U_core|U_nios_system|tx_tamer|Mux0~0|datad
                Info (332115):      7.244      0.596 FF  CELL  U_core|U_nios_system|tx_tamer|Mux0~0|combout
                Info (332115):      8.057      0.813 FF    IC  U_core|U_nios_system|tx_tamer|Mux0~2|datad
                Info (332115):      8.648      0.591 FF  CELL  U_core|U_nios_system|tx_tamer|Mux0~2|combout
                Info (332115):      8.648      0.000 FF    IC  U_core|U_nios_system|tx_tamer|dout[7]|d
                Info (332115):      8.955      0.307 FF  CELL  bladerf_core:U_core|nios_system:U_nios_system|time_tamer:tx_tamer|dout[7]
                Info (332115): Clock Arrival Path:
                Info (332115): Total (ns)  Incr (ns)     Type  Element
                Info (332115): ==========  ========= ==  ====  ===================================
                Info (332115):      1.788      1.788  R        clock network delay
                Info (332115):      1.628     -0.160           clock uncertainty
                Info (332115):      1.628      0.000     uTsu  bladerf_core:U_core|nios_system:U_nios_system|time_tamer:tx_tamer|dout[7]
            Info (332181): Earliest Path Arrival
                Info (332115): From Node          : bladerf_core:U_core|nios_system:U_nios_system|time_tamer:tx_tamer|handshake:U_snap|source_holding[21]
                Info (332115): To Node            : bladerf_core:U_core|nios_system:U_nios_system|time_tamer:tx_tamer|dout[5]
                Info (332115): Launch Clock       : U_core|U_nios_system|axi_ad9361_0|i_dev_if|i_rx|i_altlvds_rx|auto_generated|pll_sclk~PLL_OUTPUT_COUNTER|divclk
                Info (332115): Latch Clock        : U_core|U_system_pll|altera_pll_i|general[0].gpll~PLL_OUTPUT_COUNTER|divclk
                Info (332115): Data Arrival Time  : 5.400
                Info (332115): Clock Arrival Time : 3.466
                Info (332115): Relative Delay     : 1.934
                Info (332115): Data Arrival Path:
                Info (332115): Total (ns)  Incr (ns)     Type  Element
                Info (332115): ==========  ========= ==  ====  ===================================
                Info (332115):      4.748      4.748  R        clock network delay
                Info (332115):      4.748      0.000     uTco  bladerf_core:U_core|nios_system:U_nios_system|time_tamer:tx_tamer|handshake:U_snap|source_holding[21]
                Info (332115):      4.748      0.000 FF  CELL  U_core|U_nios_system|tx_tamer|U_snap|source_holding[21]|q
                Info (332115):      5.262      0.514 FF    IC  U_core|U_nios_system|tx_tamer|Mux2~2|dataf
                Info (332115):      5.317      0.055 FF  CELL  U_core|U_nios_system|tx_tamer|Mux2~2|combout
                Info (332115):      5.317      0.000 FF    IC  U_core|U_nios_system|tx_tamer|dout[5]|d
                Info (332115):      5.400      0.083 FF  CELL  bladerf_core:U_core|nios_system:U_nios_system|time_tamer:tx_tamer|dout[5]
                Info (332115): Clock Arrival Path:
                Info (332115): Total (ns)  Incr (ns)     Type  Element
                Info (332115): ==========  ========= ==  ====  ===================================
                Info (332115):      3.306      3.306  R        clock network delay
                Info (332115):      3.466      0.160           clock uncertainty
                Info (332115):      3.466      0.000      uTh  bladerf_core:U_core|nios_system:U_nios_system|time_tamer:tx_tamer|dout[5]
            Info (332181): Cross Path Clock Pessimism Removed : 2.879
            Info (332181): Required Skew   : 6.400
            Info (332181): Actual Skew     : 2.514
            Info (332181): Slack           : 3.886
        Info (332181): Path #15: Slack is 3.924 
            Info (332181): Latest Path Arrival
                Info (332115): From Node          : bladerf_core:U_core|nios_system:U_nios_system|time_tamer:tx_tamer|handshake:U_snap|source_holding[39]
                Info (332115): To Node            : bladerf_core:U_core|nios_system:U_nios_system|time_tamer:tx_tamer|dout[7]
                Info (332115): Launch Clock       : U_core|U_nios_system|axi_ad9361_0|i_dev_if|i_rx|i_altlvds_rx|auto_generated|pll_sclk~PLL_OUTPUT_COUNTER|divclk
                Info (332115): Latch Clock        : U_core|U_system_pll|altera_pll_i|general[0].gpll~PLL_OUTPUT_COUNTER|divclk
                Info (332115): Data Arrival Time  : 8.955
                Info (332115): Clock Arrival Time : 1.628
                Info (332115): Relative Delay     : 7.327
                Info (332115): Data Arrival Path:
                Info (332115): Total (ns)  Incr (ns)     Type  Element
                Info (332115): ==========  ========= ==  ====  ===================================
                Info (332115):      6.343      6.343  R        clock network delay
                Info (332115):      6.343      0.000     uTco  bladerf_core:U_core|nios_system:U_nios_system|time_tamer:tx_tamer|handshake:U_snap|source_holding[39]
                Info (332115):      6.343      0.000 FF  CELL  U_core|U_nios_system|tx_tamer|U_snap|source_holding[39]|q
                Info (332115):      6.648      0.305 FF    IC  U_core|U_nios_system|tx_tamer|Mux0~0|datad
                Info (332115):      7.244      0.596 FF  CELL  U_core|U_nios_system|tx_tamer|Mux0~0|combout
                Info (332115):      8.057      0.813 FF    IC  U_core|U_nios_system|tx_tamer|Mux0~2|datad
                Info (332115):      8.648      0.591 FF  CELL  U_core|U_nios_system|tx_tamer|Mux0~2|combout
                Info (332115):      8.648      0.000 FF    IC  U_core|U_nios_system|tx_tamer|dout[7]|d
                Info (332115):      8.955      0.307 FF  CELL  bladerf_core:U_core|nios_system:U_nios_system|time_tamer:tx_tamer|dout[7]
                Info (332115): Clock Arrival Path:
                Info (332115): Total (ns)  Incr (ns)     Type  Element
                Info (332115): ==========  ========= ==  ====  ===================================
                Info (332115):      1.788      1.788  R        clock network delay
                Info (332115):      1.628     -0.160           clock uncertainty
                Info (332115):      1.628      0.000     uTsu  bladerf_core:U_core|nios_system:U_nios_system|time_tamer:tx_tamer|dout[7]
            Info (332181): Earliest Path Arrival
                Info (332115): From Node          : bladerf_core:U_core|nios_system:U_nios_system|time_tamer:tx_tamer|handshake:U_snap|source_holding[18]
                Info (332115): To Node            : bladerf_core:U_core|nios_system:U_nios_system|time_tamer:tx_tamer|dout[2]
                Info (332115): Launch Clock       : U_core|U_nios_system|axi_ad9361_0|i_dev_if|i_rx|i_altlvds_rx|auto_generated|pll_sclk~PLL_OUTPUT_COUNTER|divclk
                Info (332115): Latch Clock        : U_core|U_system_pll|altera_pll_i|general[0].gpll~PLL_OUTPUT_COUNTER|divclk
                Info (332115): Data Arrival Time  : 5.438
                Info (332115): Clock Arrival Time : 3.466
                Info (332115): Relative Delay     : 1.972
                Info (332115): Data Arrival Path:
                Info (332115): Total (ns)  Incr (ns)     Type  Element
                Info (332115): ==========  ========= ==  ====  ===================================
                Info (332115):      4.749      4.749  R        clock network delay
                Info (332115):      4.749      0.000     uTco  bladerf_core:U_core|nios_system:U_nios_system|time_tamer:tx_tamer|handshake:U_snap|source_holding[18]
                Info (332115):      4.749      0.000 RR  CELL  U_core|U_nios_system|tx_tamer|U_snap|source_holding[18]|q
                Info (332115):      5.166      0.417 RR    IC  U_core|U_nios_system|tx_tamer|Mux5~2|datae
                Info (332115):      5.356      0.190 RR  CELL  U_core|U_nios_system|tx_tamer|Mux5~2|combout
                Info (332115):      5.356      0.000 RR    IC  U_core|U_nios_system|tx_tamer|dout[2]|d
                Info (332115):      5.438      0.082 RR  CELL  bladerf_core:U_core|nios_system:U_nios_system|time_tamer:tx_tamer|dout[2]
                Info (332115): Clock Arrival Path:
                Info (332115): Total (ns)  Incr (ns)     Type  Element
                Info (332115): ==========  ========= ==  ====  ===================================
                Info (332115):      3.306      3.306  R        clock network delay
                Info (332115):      3.466      0.160           clock uncertainty
                Info (332115):      3.466      0.000      uTh  bladerf_core:U_core|nios_system:U_nios_system|time_tamer:tx_tamer|dout[2]
            Info (332181): Cross Path Clock Pessimism Removed : 2.879
            Info (332181): Required Skew   : 6.400
            Info (332181): Actual Skew     : 2.476
            Info (332181): Slack           : 3.924
        Info (332181): Path #16: Slack is 3.936 
            Info (332181): Latest Path Arrival
                Info (332115): From Node          : bladerf_core:U_core|nios_system:U_nios_system|time_tamer:tx_tamer|handshake:U_snap|source_holding[39]
                Info (332115): To Node            : bladerf_core:U_core|nios_system:U_nios_system|time_tamer:tx_tamer|dout[7]
                Info (332115): Launch Clock       : U_core|U_nios_system|axi_ad9361_0|i_dev_if|i_rx|i_altlvds_rx|auto_generated|pll_sclk~PLL_OUTPUT_COUNTER|divclk
                Info (332115): Latch Clock        : U_core|U_system_pll|altera_pll_i|general[0].gpll~PLL_OUTPUT_COUNTER|divclk
                Info (332115): Data Arrival Time  : 8.955
                Info (332115): Clock Arrival Time : 1.628
                Info (332115): Relative Delay     : 7.327
                Info (332115): Data Arrival Path:
                Info (332115): Total (ns)  Incr (ns)     Type  Element
                Info (332115): ==========  ========= ==  ====  ===================================
                Info (332115):      6.343      6.343  R        clock network delay
                Info (332115):      6.343      0.000     uTco  bladerf_core:U_core|nios_system:U_nios_system|time_tamer:tx_tamer|handshake:U_snap|source_holding[39]
                Info (332115):      6.343      0.000 FF  CELL  U_core|U_nios_system|tx_tamer|U_snap|source_holding[39]|q
                Info (332115):      6.648      0.305 FF    IC  U_core|U_nios_system|tx_tamer|Mux0~0|datad
                Info (332115):      7.244      0.596 FF  CELL  U_core|U_nios_system|tx_tamer|Mux0~0|combout
                Info (332115):      8.057      0.813 FF    IC  U_core|U_nios_system|tx_tamer|Mux0~2|datad
                Info (332115):      8.648      0.591 FF  CELL  U_core|U_nios_system|tx_tamer|Mux0~2|combout
                Info (332115):      8.648      0.000 FF    IC  U_core|U_nios_system|tx_tamer|dout[7]|d
                Info (332115):      8.955      0.307 FF  CELL  bladerf_core:U_core|nios_system:U_nios_system|time_tamer:tx_tamer|dout[7]
                Info (332115): Clock Arrival Path:
                Info (332115): Total (ns)  Incr (ns)     Type  Element
                Info (332115): ==========  ========= ==  ====  ===================================
                Info (332115):      1.788      1.788  R        clock network delay
                Info (332115):      1.628     -0.160           clock uncertainty
                Info (332115):      1.628      0.000     uTsu  bladerf_core:U_core|nios_system:U_nios_system|time_tamer:tx_tamer|dout[7]
            Info (332181): Earliest Path Arrival
                Info (332115): From Node          : bladerf_core:U_core|nios_system:U_nios_system|time_tamer:tx_tamer|handshake:U_snap|source_holding[19]
                Info (332115): To Node            : bladerf_core:U_core|nios_system:U_nios_system|time_tamer:tx_tamer|dout[3]
                Info (332115): Launch Clock       : U_core|U_nios_system|axi_ad9361_0|i_dev_if|i_rx|i_altlvds_rx|auto_generated|pll_sclk~PLL_OUTPUT_COUNTER|divclk
                Info (332115): Latch Clock        : U_core|U_system_pll|altera_pll_i|general[0].gpll~PLL_OUTPUT_COUNTER|divclk
                Info (332115): Data Arrival Time  : 5.450
                Info (332115): Clock Arrival Time : 3.466
                Info (332115): Relative Delay     : 1.984
                Info (332115): Data Arrival Path:
                Info (332115): Total (ns)  Incr (ns)     Type  Element
                Info (332115): ==========  ========= ==  ====  ===================================
                Info (332115):      4.742      4.742  R        clock network delay
                Info (332115):      4.742      0.000     uTco  bladerf_core:U_core|nios_system:U_nios_system|time_tamer:tx_tamer|handshake:U_snap|source_holding[19]
                Info (332115):      4.742      0.000 RR  CELL  U_core|U_nios_system|tx_tamer|U_snap|source_holding[19]|q
                Info (332115):      5.178      0.436 RR    IC  U_core|U_nios_system|tx_tamer|Mux4~2|datae
                Info (332115):      5.368      0.190 RR  CELL  U_core|U_nios_system|tx_tamer|Mux4~2|combout
                Info (332115):      5.368      0.000 RR    IC  U_core|U_nios_system|tx_tamer|dout[3]|d
                Info (332115):      5.450      0.082 RR  CELL  bladerf_core:U_core|nios_system:U_nios_system|time_tamer:tx_tamer|dout[3]
                Info (332115): Clock Arrival Path:
                Info (332115): Total (ns)  Incr (ns)     Type  Element
                Info (332115): ==========  ========= ==  ====  ===================================
                Info (332115):      3.306      3.306  R        clock network delay
                Info (332115):      3.466      0.160           clock uncertainty
                Info (332115):      3.466      0.000      uTh  bladerf_core:U_core|nios_system:U_nios_system|time_tamer:tx_tamer|dout[3]
            Info (332181): Cross Path Clock Pessimism Removed : 2.879
            Info (332181): Required Skew   : 6.400
            Info (332181): Actual Skew     : 2.464
            Info (332181): Slack           : 3.936
Info (332115): Worst-case slack is 3.902 for "set_max_skew -from [get_keepers {*time_tamer:rx_tamer|handshake:U_snap|source_holding[*]}] -to [get_keepers {*time_tamer:rx_tamer|dout[*]}] 6.400 "
    Info (332181): Skew for the Latest Arrival
        Info (332181): Path #17: Slack is 3.902 
            Info (332181): Latest Path Arrival
                Info (332115): From Node          : bladerf_core:U_core|nios_system:U_nios_system|time_tamer:rx_tamer|handshake:U_snap|source_holding[56]
                Info (332115): To Node            : bladerf_core:U_core|nios_system:U_nios_system|time_tamer:rx_tamer|dout[0]
                Info (332115): Launch Clock       : U_core|U_nios_system|axi_ad9361_0|i_dev_if|i_rx|i_altlvds_rx|auto_generated|pll_sclk~PLL_OUTPUT_COUNTER|divclk
                Info (332115): Latch Clock        : U_core|U_system_pll|altera_pll_i|general[0].gpll~PLL_OUTPUT_COUNTER|divclk
                Info (332115): Data Arrival Time  : 8.806
                Info (332115): Clock Arrival Time : 1.649
                Info (332115): Relative Delay     : 7.157
                Info (332115): Data Arrival Path:
                Info (332115): Total (ns)  Incr (ns)     Type  Element
                Info (332115): ==========  ========= ==  ====  ===================================
                Info (332115):      6.371      6.371  R        clock network delay
                Info (332115):      6.371      0.000     uTco  bladerf_core:U_core|nios_system:U_nios_system|time_tamer:rx_tamer|handshake:U_snap|source_holding[56]
                Info (332115):      6.371      0.000 FF  CELL  U_core|U_nios_system|rx_tamer|U_snap|source_holding[56]|q
                Info (332115):      6.686      0.315 FF    IC  U_core|U_nios_system|rx_tamer|Mux7~0|datad
                Info (332115):      7.282      0.596 FF  CELL  U_core|U_nios_system|rx_tamer|Mux7~0|combout
                Info (332115):      7.939      0.657 FF    IC  U_core|U_nios_system|rx_tamer|Mux7~2|datac
                Info (332115):      8.499      0.560 FF  CELL  U_core|U_nios_system|rx_tamer|Mux7~2|combout
                Info (332115):      8.499      0.000 FF    IC  U_core|U_nios_system|rx_tamer|dout[0]|d
                Info (332115):      8.806      0.307 FF  CELL  bladerf_core:U_core|nios_system:U_nios_system|time_tamer:rx_tamer|dout[0]
                Info (332115): Clock Arrival Path:
                Info (332115): Total (ns)  Incr (ns)     Type  Element
                Info (332115): ==========  ========= ==  ====  ===================================
                Info (332115):      1.809      1.809  R        clock network delay
                Info (332115):      1.649     -0.160           clock uncertainty
                Info (332115):      1.649      0.000     uTsu  bladerf_core:U_core|nios_system:U_nios_system|time_tamer:rx_tamer|dout[0]
            Info (332181): Earliest Path Arrival
                Info (332115): From Node          : bladerf_core:U_core|nios_system:U_nios_system|time_tamer:rx_tamer|handshake:U_snap|source_holding[20]
                Info (332115): To Node            : bladerf_core:U_core|nios_system:U_nios_system|time_tamer:rx_tamer|dout[4]
                Info (332115): Launch Clock       : U_core|U_nios_system|axi_ad9361_0|i_dev_if|i_rx|i_altlvds_rx|auto_generated|pll_sclk~PLL_OUTPUT_COUNTER|divclk
                Info (332115): Latch Clock        : U_core|U_system_pll|altera_pll_i|general[0].gpll~PLL_OUTPUT_COUNTER|divclk
                Info (332115): Data Arrival Time  : 5.266
                Info (332115): Clock Arrival Time : 3.483
                Info (332115): Relative Delay     : 1.783
                Info (332115): Data Arrival Path:
                Info (332115): Total (ns)  Incr (ns)     Type  Element
                Info (332115): ==========  ========= ==  ====  ===================================
                Info (332115):      4.769      4.769  R        clock network delay
                Info (332115):      4.769      0.000     uTco  bladerf_core:U_core|nios_system:U_nios_system|time_tamer:rx_tamer|handshake:U_snap|source_holding[20]
                Info (332115):      4.769      0.000 FF  CELL  U_core|U_nios_system|rx_tamer|U_snap|source_holding[20]|q
                Info (332115):      5.128      0.359 FF    IC  U_core|U_nios_system|rx_tamer|Mux3~2|dataf
                Info (332115):      5.183      0.055 FF  CELL  U_core|U_nios_system|rx_tamer|Mux3~2|combout
                Info (332115):      5.183      0.000 FF    IC  U_core|U_nios_system|rx_tamer|dout[4]|d
                Info (332115):      5.266      0.083 FF  CELL  bladerf_core:U_core|nios_system:U_nios_system|time_tamer:rx_tamer|dout[4]
                Info (332115): Clock Arrival Path:
                Info (332115): Total (ns)  Incr (ns)     Type  Element
                Info (332115): ==========  ========= ==  ====  ===================================
                Info (332115):      3.323      3.323  R        clock network delay
                Info (332115):      3.483      0.160           clock uncertainty
                Info (332115):      3.483      0.000      uTh  bladerf_core:U_core|nios_system:U_nios_system|time_tamer:rx_tamer|dout[4]
            Info (332181): Cross Path Clock Pessimism Removed : 2.876
            Info (332181): Required Skew   : 6.400
            Info (332181): Actual Skew     : 2.498
            Info (332181): Slack           : 3.902
        Info (332181): Path #18: Slack is 3.931 
            Info (332181): Latest Path Arrival
                Info (332115): From Node          : bladerf_core:U_core|nios_system:U_nios_system|time_tamer:rx_tamer|handshake:U_snap|source_holding[40]
                Info (332115): To Node            : bladerf_core:U_core|nios_system:U_nios_system|time_tamer:rx_tamer|dout[0]
                Info (332115): Launch Clock       : U_core|U_nios_system|axi_ad9361_0|i_dev_if|i_rx|i_altlvds_rx|auto_generated|pll_sclk~PLL_OUTPUT_COUNTER|divclk
                Info (332115): Latch Clock        : U_core|U_system_pll|altera_pll_i|general[0].gpll~PLL_OUTPUT_COUNTER|divclk
                Info (332115): Data Arrival Time  : 8.777
                Info (332115): Clock Arrival Time : 1.649
                Info (332115): Relative Delay     : 7.128
                Info (332115): Data Arrival Path:
                Info (332115): Total (ns)  Incr (ns)     Type  Element
                Info (332115): ==========  ========= ==  ====  ===================================
                Info (332115):      6.371      6.371  R        clock network delay
                Info (332115):      6.371      0.000     uTco  bladerf_core:U_core|nios_system:U_nios_system|time_tamer:rx_tamer|handshake:U_snap|source_holding[40]
                Info (332115):      6.371      0.000 FF  CELL  U_core|U_nios_system|rx_tamer|U_snap|source_holding[40]|q
                Info (332115):      6.678      0.307 FF    IC  U_core|U_nios_system|rx_tamer|Mux7~0|datac
                Info (332115):      7.253      0.575 FF  CELL  U_core|U_nios_system|rx_tamer|Mux7~0|combout
                Info (332115):      7.910      0.657 FF    IC  U_core|U_nios_system|rx_tamer|Mux7~2|datac
                Info (332115):      8.470      0.560 FF  CELL  U_core|U_nios_system|rx_tamer|Mux7~2|combout
                Info (332115):      8.470      0.000 FF    IC  U_core|U_nios_system|rx_tamer|dout[0]|d
                Info (332115):      8.777      0.307 FF  CELL  bladerf_core:U_core|nios_system:U_nios_system|time_tamer:rx_tamer|dout[0]
                Info (332115): Clock Arrival Path:
                Info (332115): Total (ns)  Incr (ns)     Type  Element
                Info (332115): ==========  ========= ==  ====  ===================================
                Info (332115):      1.809      1.809  R        clock network delay
                Info (332115):      1.649     -0.160           clock uncertainty
                Info (332115):      1.649      0.000     uTsu  bladerf_core:U_core|nios_system:U_nios_system|time_tamer:rx_tamer|dout[0]
            Info (332181): Earliest Path Arrival
                Info (332115): From Node          : bladerf_core:U_core|nios_system:U_nios_system|time_tamer:rx_tamer|handshake:U_snap|source_holding[20]
                Info (332115): To Node            : bladerf_core:U_core|nios_system:U_nios_system|time_tamer:rx_tamer|dout[4]
                Info (332115): Launch Clock       : U_core|U_nios_system|axi_ad9361_0|i_dev_if|i_rx|i_altlvds_rx|auto_generated|pll_sclk~PLL_OUTPUT_COUNTER|divclk
                Info (332115): Latch Clock        : U_core|U_system_pll|altera_pll_i|general[0].gpll~PLL_OUTPUT_COUNTER|divclk
                Info (332115): Data Arrival Time  : 5.266
                Info (332115): Clock Arrival Time : 3.483
                Info (332115): Relative Delay     : 1.783
                Info (332115): Data Arrival Path:
                Info (332115): Total (ns)  Incr (ns)     Type  Element
                Info (332115): ==========  ========= ==  ====  ===================================
                Info (332115):      4.769      4.769  R        clock network delay
                Info (332115):      4.769      0.000     uTco  bladerf_core:U_core|nios_system:U_nios_system|time_tamer:rx_tamer|handshake:U_snap|source_holding[20]
                Info (332115):      4.769      0.000 FF  CELL  U_core|U_nios_system|rx_tamer|U_snap|source_holding[20]|q
                Info (332115):      5.128      0.359 FF    IC  U_core|U_nios_system|rx_tamer|Mux3~2|dataf
                Info (332115):      5.183      0.055 FF  CELL  U_core|U_nios_system|rx_tamer|Mux3~2|combout
                Info (332115):      5.183      0.000 FF    IC  U_core|U_nios_system|rx_tamer|dout[4]|d
                Info (332115):      5.266      0.083 FF  CELL  bladerf_core:U_core|nios_system:U_nios_system|time_tamer:rx_tamer|dout[4]
                Info (332115): Clock Arrival Path:
                Info (332115): Total (ns)  Incr (ns)     Type  Element
                Info (332115): ==========  ========= ==  ====  ===================================
                Info (332115):      3.323      3.323  R        clock network delay
                Info (332115):      3.483      0.160           clock uncertainty
                Info (332115):      3.483      0.000      uTh  bladerf_core:U_core|nios_system:U_nios_system|time_tamer:rx_tamer|dout[4]
            Info (332181): Cross Path Clock Pessimism Removed : 2.876
            Info (332181): Required Skew   : 6.400
            Info (332181): Actual Skew     : 2.469
            Info (332181): Slack           : 3.931
        Info (332181): Path #19: Slack is 3.952 
            Info (332181): Latest Path Arrival
                Info (332115): From Node          : bladerf_core:U_core|nios_system:U_nios_system|time_tamer:rx_tamer|handshake:U_snap|source_holding[28]
                Info (332115): To Node            : bladerf_core:U_core|nios_system:U_nios_system|time_tamer:rx_tamer|dout[4]
                Info (332115): Launch Clock       : U_core|U_nios_system|axi_ad9361_0|i_dev_if|i_rx|i_altlvds_rx|auto_generated|pll_sclk~PLL_OUTPUT_COUNTER|divclk
                Info (332115): Latch Clock        : U_core|U_system_pll|altera_pll_i|general[0].gpll~PLL_OUTPUT_COUNTER|divclk
                Info (332115): Data Arrival Time  : 8.857
                Info (332115): Clock Arrival Time : 1.646
                Info (332115): Relative Delay     : 7.211
                Info (332115): Data Arrival Path:
                Info (332115): Total (ns)  Incr (ns)     Type  Element
                Info (332115): ==========  ========= ==  ====  ===================================
                Info (332115):      6.369      6.369  R        clock network delay
                Info (332115):      6.369      0.000     uTco  bladerf_core:U_core|nios_system:U_nios_system|time_tamer:rx_tamer|handshake:U_snap|source_holding[28]
                Info (332115):      6.369      0.000 RR  CELL  U_core|U_nios_system|rx_tamer|U_snap|source_holding[28]|q
                Info (332115):      6.797      0.428 RR    IC  U_core|U_nios_system|rx_tamer|Mux3~1|datab
                Info (332115):      7.483      0.686 RR  CELL  U_core|U_nios_system|rx_tamer|Mux3~1|combout
                Info (332115):      7.869      0.386 RR    IC  U_core|U_nios_system|rx_tamer|Mux3~2|datab
                Info (332115):      8.551      0.682 RR  CELL  U_core|U_nios_system|rx_tamer|Mux3~2|combout
                Info (332115):      8.551      0.000 RR    IC  U_core|U_nios_system|rx_tamer|dout[4]|d
                Info (332115):      8.857      0.306 RR  CELL  bladerf_core:U_core|nios_system:U_nios_system|time_tamer:rx_tamer|dout[4]
                Info (332115): Clock Arrival Path:
                Info (332115): Total (ns)  Incr (ns)     Type  Element
                Info (332115): ==========  ========= ==  ====  ===================================
                Info (332115):      1.806      1.806  R        clock network delay
                Info (332115):      1.646     -0.160           clock uncertainty
                Info (332115):      1.646      0.000     uTsu  bladerf_core:U_core|nios_system:U_nios_system|time_tamer:rx_tamer|dout[4]
            Info (332181): Earliest Path Arrival
                Info (332115): From Node          : bladerf_core:U_core|nios_system:U_nios_system|time_tamer:rx_tamer|handshake:U_snap|source_holding[20]
                Info (332115): To Node            : bladerf_core:U_core|nios_system:U_nios_system|time_tamer:rx_tamer|dout[4]
                Info (332115): Launch Clock       : U_core|U_nios_system|axi_ad9361_0|i_dev_if|i_rx|i_altlvds_rx|auto_generated|pll_sclk~PLL_OUTPUT_COUNTER|divclk
                Info (332115): Latch Clock        : U_core|U_system_pll|altera_pll_i|general[0].gpll~PLL_OUTPUT_COUNTER|divclk
                Info (332115): Data Arrival Time  : 5.266
                Info (332115): Clock Arrival Time : 3.483
                Info (332115): Relative Delay     : 1.783
                Info (332115): Data Arrival Path:
                Info (332115): Total (ns)  Incr (ns)     Type  Element
                Info (332115): ==========  ========= ==  ====  ===================================
                Info (332115):      4.769      4.769  R        clock network delay
                Info (332115):      4.769      0.000     uTco  bladerf_core:U_core|nios_system:U_nios_system|time_tamer:rx_tamer|handshake:U_snap|source_holding[20]
                Info (332115):      4.769      0.000 FF  CELL  U_core|U_nios_system|rx_tamer|U_snap|source_holding[20]|q
                Info (332115):      5.128      0.359 FF    IC  U_core|U_nios_system|rx_tamer|Mux3~2|dataf
                Info (332115):      5.183      0.055 FF  CELL  U_core|U_nios_system|rx_tamer|Mux3~2|combout
                Info (332115):      5.183      0.000 FF    IC  U_core|U_nios_system|rx_tamer|dout[4]|d
                Info (332115):      5.266      0.083 FF  CELL  bladerf_core:U_core|nios_system:U_nios_system|time_tamer:rx_tamer|dout[4]
                Info (332115): Clock Arrival Path:
                Info (332115): Total (ns)  Incr (ns)     Type  Element
                Info (332115): ==========  ========= ==  ====  ===================================
                Info (332115):      3.323      3.323  R        clock network delay
                Info (332115):      3.483      0.160           clock uncertainty
                Info (332115):      3.483      0.000      uTh  bladerf_core:U_core|nios_system:U_nios_system|time_tamer:rx_tamer|dout[4]
            Info (332181): Cross Path Clock Pessimism Removed : 2.980
            Info (332181): Required Skew   : 6.400
            Info (332181): Actual Skew     : 2.448
            Info (332181): Slack           : 3.952
        Info (332181): Path #20: Slack is 3.965 
            Info (332181): Latest Path Arrival
                Info (332115): From Node          : bladerf_core:U_core|nios_system:U_nios_system|time_tamer:rx_tamer|handshake:U_snap|source_holding[45]
                Info (332115): To Node            : bladerf_core:U_core|nios_system:U_nios_system|time_tamer:rx_tamer|dout[5]
                Info (332115): Launch Clock       : U_core|U_nios_system|axi_ad9361_0|i_dev_if|i_rx|i_altlvds_rx|auto_generated|pll_sclk~PLL_OUTPUT_COUNTER|divclk
                Info (332115): Latch Clock        : U_core|U_system_pll|altera_pll_i|general[0].gpll~PLL_OUTPUT_COUNTER|divclk
                Info (332115): Data Arrival Time  : 8.759
                Info (332115): Clock Arrival Time : 1.665
                Info (332115): Relative Delay     : 7.094
                Info (332115): Data Arrival Path:
                Info (332115): Total (ns)  Incr (ns)     Type  Element
                Info (332115): ==========  ========= ==  ====  ===================================
                Info (332115):      6.363      6.363  R        clock network delay
                Info (332115):      6.363      0.000     uTco  bladerf_core:U_core|nios_system:U_nios_system|time_tamer:rx_tamer|handshake:U_snap|source_holding[45]
                Info (332115):      6.363      0.000 FF  CELL  U_core|U_nios_system|rx_tamer|U_snap|source_holding[45]|q
                Info (332115):      6.822      0.459 FF    IC  U_core|U_nios_system|rx_tamer|Mux2~0|datac
                Info (332115):      7.500      0.678 FF  CELL  U_core|U_nios_system|rx_tamer|Mux2~0|combout
                Info (332115):      7.781      0.281 FF    IC  U_core|U_nios_system|rx_tamer|Mux2~2|datac
                Info (332115):      8.452      0.671 FF  CELL  U_core|U_nios_system|rx_tamer|Mux2~2|combout
                Info (332115):      8.452      0.000 FF    IC  U_core|U_nios_system|rx_tamer|dout[5]|d
                Info (332115):      8.759      0.307 FF  CELL  bladerf_core:U_core|nios_system:U_nios_system|time_tamer:rx_tamer|dout[5]
                Info (332115): Clock Arrival Path:
                Info (332115): Total (ns)  Incr (ns)     Type  Element
                Info (332115): ==========  ========= ==  ====  ===================================
                Info (332115):      1.825      1.825  R        clock network delay
                Info (332115):      1.665     -0.160           clock uncertainty
                Info (332115):      1.665      0.000     uTsu  bladerf_core:U_core|nios_system:U_nios_system|time_tamer:rx_tamer|dout[5]
            Info (332181): Earliest Path Arrival
                Info (332115): From Node          : bladerf_core:U_core|nios_system:U_nios_system|time_tamer:rx_tamer|handshake:U_snap|source_holding[20]
                Info (332115): To Node            : bladerf_core:U_core|nios_system:U_nios_system|time_tamer:rx_tamer|dout[4]
                Info (332115): Launch Clock       : U_core|U_nios_system|axi_ad9361_0|i_dev_if|i_rx|i_altlvds_rx|auto_generated|pll_sclk~PLL_OUTPUT_COUNTER|divclk
                Info (332115): Latch Clock        : U_core|U_system_pll|altera_pll_i|general[0].gpll~PLL_OUTPUT_COUNTER|divclk
                Info (332115): Data Arrival Time  : 5.266
                Info (332115): Clock Arrival Time : 3.483
                Info (332115): Relative Delay     : 1.783
                Info (332115): Data Arrival Path:
                Info (332115): Total (ns)  Incr (ns)     Type  Element
                Info (332115): ==========  ========= ==  ====  ===================================
                Info (332115):      4.769      4.769  R        clock network delay
                Info (332115):      4.769      0.000     uTco  bladerf_core:U_core|nios_system:U_nios_system|time_tamer:rx_tamer|handshake:U_snap|source_holding[20]
                Info (332115):      4.769      0.000 FF  CELL  U_core|U_nios_system|rx_tamer|U_snap|source_holding[20]|q
                Info (332115):      5.128      0.359 FF    IC  U_core|U_nios_system|rx_tamer|Mux3~2|dataf
                Info (332115):      5.183      0.055 FF  CELL  U_core|U_nios_system|rx_tamer|Mux3~2|combout
                Info (332115):      5.183      0.000 FF    IC  U_core|U_nios_system|rx_tamer|dout[4]|d
                Info (332115):      5.266      0.083 FF  CELL  bladerf_core:U_core|nios_system:U_nios_system|time_tamer:rx_tamer|dout[4]
                Info (332115): Clock Arrival Path:
                Info (332115): Total (ns)  Incr (ns)     Type  Element
                Info (332115): ==========  ========= ==  ====  ===================================
                Info (332115):      3.323      3.323  R        clock network delay
                Info (332115):      3.483      0.160           clock uncertainty
                Info (332115):      3.483      0.000      uTh  bladerf_core:U_core|nios_system:U_nios_system|time_tamer:rx_tamer|dout[4]
            Info (332181): Cross Path Clock Pessimism Removed : 2.876
            Info (332181): Required Skew   : 6.400
            Info (332181): Actual Skew     : 2.435
            Info (332181): Slack           : 3.965
    Info (332181): Skew for the Earliest Arrival
        Info (332181): Path #21: Slack is 3.902 
            Info (332181): Latest Path Arrival
                Info (332115): From Node          : bladerf_core:U_core|nios_system:U_nios_system|time_tamer:rx_tamer|handshake:U_snap|source_holding[56]
                Info (332115): To Node            : bladerf_core:U_core|nios_system:U_nios_system|time_tamer:rx_tamer|dout[0]
                Info (332115): Launch Clock       : U_core|U_nios_system|axi_ad9361_0|i_dev_if|i_rx|i_altlvds_rx|auto_generated|pll_sclk~PLL_OUTPUT_COUNTER|divclk
                Info (332115): Latch Clock        : U_core|U_system_pll|altera_pll_i|general[0].gpll~PLL_OUTPUT_COUNTER|divclk
                Info (332115): Data Arrival Time  : 8.806
                Info (332115): Clock Arrival Time : 1.649
                Info (332115): Relative Delay     : 7.157
                Info (332115): Data Arrival Path:
                Info (332115): Total (ns)  Incr (ns)     Type  Element
                Info (332115): ==========  ========= ==  ====  ===================================
                Info (332115):      6.371      6.371  R        clock network delay
                Info (332115):      6.371      0.000     uTco  bladerf_core:U_core|nios_system:U_nios_system|time_tamer:rx_tamer|handshake:U_snap|source_holding[56]
                Info (332115):      6.371      0.000 FF  CELL  U_core|U_nios_system|rx_tamer|U_snap|source_holding[56]|q
                Info (332115):      6.686      0.315 FF    IC  U_core|U_nios_system|rx_tamer|Mux7~0|datad
                Info (332115):      7.282      0.596 FF  CELL  U_core|U_nios_system|rx_tamer|Mux7~0|combout
                Info (332115):      7.939      0.657 FF    IC  U_core|U_nios_system|rx_tamer|Mux7~2|datac
                Info (332115):      8.499      0.560 FF  CELL  U_core|U_nios_system|rx_tamer|Mux7~2|combout
                Info (332115):      8.499      0.000 FF    IC  U_core|U_nios_system|rx_tamer|dout[0]|d
                Info (332115):      8.806      0.307 FF  CELL  bladerf_core:U_core|nios_system:U_nios_system|time_tamer:rx_tamer|dout[0]
                Info (332115): Clock Arrival Path:
                Info (332115): Total (ns)  Incr (ns)     Type  Element
                Info (332115): ==========  ========= ==  ====  ===================================
                Info (332115):      1.809      1.809  R        clock network delay
                Info (332115):      1.649     -0.160           clock uncertainty
                Info (332115):      1.649      0.000     uTsu  bladerf_core:U_core|nios_system:U_nios_system|time_tamer:rx_tamer|dout[0]
            Info (332181): Earliest Path Arrival
                Info (332115): From Node          : bladerf_core:U_core|nios_system:U_nios_system|time_tamer:rx_tamer|handshake:U_snap|source_holding[20]
                Info (332115): To Node            : bladerf_core:U_core|nios_system:U_nios_system|time_tamer:rx_tamer|dout[4]
                Info (332115): Launch Clock       : U_core|U_nios_system|axi_ad9361_0|i_dev_if|i_rx|i_altlvds_rx|auto_generated|pll_sclk~PLL_OUTPUT_COUNTER|divclk
                Info (332115): Latch Clock        : U_core|U_system_pll|altera_pll_i|general[0].gpll~PLL_OUTPUT_COUNTER|divclk
                Info (332115): Data Arrival Time  : 5.266
                Info (332115): Clock Arrival Time : 3.483
                Info (332115): Relative Delay     : 1.783
                Info (332115): Data Arrival Path:
                Info (332115): Total (ns)  Incr (ns)     Type  Element
                Info (332115): ==========  ========= ==  ====  ===================================
                Info (332115):      4.769      4.769  R        clock network delay
                Info (332115):      4.769      0.000     uTco  bladerf_core:U_core|nios_system:U_nios_system|time_tamer:rx_tamer|handshake:U_snap|source_holding[20]
                Info (332115):      4.769      0.000 FF  CELL  U_core|U_nios_system|rx_tamer|U_snap|source_holding[20]|q
                Info (332115):      5.128      0.359 FF    IC  U_core|U_nios_system|rx_tamer|Mux3~2|dataf
                Info (332115):      5.183      0.055 FF  CELL  U_core|U_nios_system|rx_tamer|Mux3~2|combout
                Info (332115):      5.183      0.000 FF    IC  U_core|U_nios_system|rx_tamer|dout[4]|d
                Info (332115):      5.266      0.083 FF  CELL  bladerf_core:U_core|nios_system:U_nios_system|time_tamer:rx_tamer|dout[4]
                Info (332115): Clock Arrival Path:
                Info (332115): Total (ns)  Incr (ns)     Type  Element
                Info (332115): ==========  ========= ==  ====  ===================================
                Info (332115):      3.323      3.323  R        clock network delay
                Info (332115):      3.483      0.160           clock uncertainty
                Info (332115):      3.483      0.000      uTh  bladerf_core:U_core|nios_system:U_nios_system|time_tamer:rx_tamer|dout[4]
            Info (332181): Cross Path Clock Pessimism Removed : 2.876
            Info (332181): Required Skew   : 6.400
            Info (332181): Actual Skew     : 2.498
            Info (332181): Slack           : 3.902
        Info (332181): Path #22: Slack is 3.976 
            Info (332181): Latest Path Arrival
                Info (332115): From Node          : bladerf_core:U_core|nios_system:U_nios_system|time_tamer:rx_tamer|handshake:U_snap|source_holding[28]
                Info (332115): To Node            : bladerf_core:U_core|nios_system:U_nios_system|time_tamer:rx_tamer|dout[4]
                Info (332115): Launch Clock       : U_core|U_nios_system|axi_ad9361_0|i_dev_if|i_rx|i_altlvds_rx|auto_generated|pll_sclk~PLL_OUTPUT_COUNTER|divclk
                Info (332115): Latch Clock        : U_core|U_system_pll|altera_pll_i|general[0].gpll~PLL_OUTPUT_COUNTER|divclk
                Info (332115): Data Arrival Time  : 8.857
                Info (332115): Clock Arrival Time : 1.646
                Info (332115): Relative Delay     : 7.211
                Info (332115): Data Arrival Path:
                Info (332115): Total (ns)  Incr (ns)     Type  Element
                Info (332115): ==========  ========= ==  ====  ===================================
                Info (332115):      6.369      6.369  R        clock network delay
                Info (332115):      6.369      0.000     uTco  bladerf_core:U_core|nios_system:U_nios_system|time_tamer:rx_tamer|handshake:U_snap|source_holding[28]
                Info (332115):      6.369      0.000 RR  CELL  U_core|U_nios_system|rx_tamer|U_snap|source_holding[28]|q
                Info (332115):      6.797      0.428 RR    IC  U_core|U_nios_system|rx_tamer|Mux3~1|datab
                Info (332115):      7.483      0.686 RR  CELL  U_core|U_nios_system|rx_tamer|Mux3~1|combout
                Info (332115):      7.869      0.386 RR    IC  U_core|U_nios_system|rx_tamer|Mux3~2|datab
                Info (332115):      8.551      0.682 RR  CELL  U_core|U_nios_system|rx_tamer|Mux3~2|combout
                Info (332115):      8.551      0.000 RR    IC  U_core|U_nios_system|rx_tamer|dout[4]|d
                Info (332115):      8.857      0.306 RR  CELL  bladerf_core:U_core|nios_system:U_nios_system|time_tamer:rx_tamer|dout[4]
                Info (332115): Clock Arrival Path:
                Info (332115): Total (ns)  Incr (ns)     Type  Element
                Info (332115): ==========  ========= ==  ====  ===================================
                Info (332115):      1.806      1.806  R        clock network delay
                Info (332115):      1.646     -0.160           clock uncertainty
                Info (332115):      1.646      0.000     uTsu  bladerf_core:U_core|nios_system:U_nios_system|time_tamer:rx_tamer|dout[4]
            Info (332181): Earliest Path Arrival
                Info (332115): From Node          : bladerf_core:U_core|nios_system:U_nios_system|time_tamer:rx_tamer|handshake:U_snap|source_holding[17]
                Info (332115): To Node            : bladerf_core:U_core|nios_system:U_nios_system|time_tamer:rx_tamer|dout[1]
                Info (332115): Launch Clock       : U_core|U_nios_system|axi_ad9361_0|i_dev_if|i_rx|i_altlvds_rx|auto_generated|pll_sclk~PLL_OUTPUT_COUNTER|divclk
                Info (332115): Latch Clock        : U_core|U_system_pll|altera_pll_i|general[0].gpll~PLL_OUTPUT_COUNTER|divclk
                Info (332115): Data Arrival Time  : 5.394
                Info (332115): Clock Arrival Time : 3.483
                Info (332115): Relative Delay     : 1.911
                Info (332115): Data Arrival Path:
                Info (332115): Total (ns)  Incr (ns)     Type  Element
                Info (332115): ==========  ========= ==  ====  ===================================
                Info (332115):      4.752      4.752  R        clock network delay
                Info (332115):      4.752      0.000     uTco  bladerf_core:U_core|nios_system:U_nios_system|time_tamer:rx_tamer|handshake:U_snap|source_holding[17]
                Info (332115):      4.752      0.000 FF  CELL  U_core|U_nios_system|rx_tamer|U_snap|source_holding[17]|q
                Info (332115):      5.085      0.333 FF    IC  U_core|U_nios_system|rx_tamer|Mux6~3|datae
                Info (332115):      5.311      0.226 FF  CELL  U_core|U_nios_system|rx_tamer|Mux6~3|combout
                Info (332115):      5.311      0.000 FF    IC  U_core|U_nios_system|rx_tamer|dout[1]|d
                Info (332115):      5.394      0.083 FF  CELL  bladerf_core:U_core|nios_system:U_nios_system|time_tamer:rx_tamer|dout[1]
                Info (332115): Clock Arrival Path:
                Info (332115): Total (ns)  Incr (ns)     Type  Element
                Info (332115): ==========  ========= ==  ====  ===================================
                Info (332115):      3.323      3.323  R        clock network delay
                Info (332115):      3.483      0.160           clock uncertainty
                Info (332115):      3.483      0.000      uTh  bladerf_core:U_core|nios_system:U_nios_system|time_tamer:rx_tamer|dout[1]
            Info (332181): Cross Path Clock Pessimism Removed : 2.876
            Info (332181): Required Skew   : 6.400
            Info (332181): Actual Skew     : 2.424
            Info (332181): Slack           : 3.976
        Info (332181): Path #23: Slack is 3.989 
            Info (332181): Latest Path Arrival
                Info (332115): From Node          : bladerf_core:U_core|nios_system:U_nios_system|time_tamer:rx_tamer|handshake:U_snap|source_holding[28]
                Info (332115): To Node            : bladerf_core:U_core|nios_system:U_nios_system|time_tamer:rx_tamer|dout[4]
                Info (332115): Launch Clock       : U_core|U_nios_system|axi_ad9361_0|i_dev_if|i_rx|i_altlvds_rx|auto_generated|pll_sclk~PLL_OUTPUT_COUNTER|divclk
                Info (332115): Latch Clock        : U_core|U_system_pll|altera_pll_i|general[0].gpll~PLL_OUTPUT_COUNTER|divclk
                Info (332115): Data Arrival Time  : 8.857
                Info (332115): Clock Arrival Time : 1.646
                Info (332115): Relative Delay     : 7.211
                Info (332115): Data Arrival Path:
                Info (332115): Total (ns)  Incr (ns)     Type  Element
                Info (332115): ==========  ========= ==  ====  ===================================
                Info (332115):      6.369      6.369  R        clock network delay
                Info (332115):      6.369      0.000     uTco  bladerf_core:U_core|nios_system:U_nios_system|time_tamer:rx_tamer|handshake:U_snap|source_holding[28]
                Info (332115):      6.369      0.000 RR  CELL  U_core|U_nios_system|rx_tamer|U_snap|source_holding[28]|q
                Info (332115):      6.797      0.428 RR    IC  U_core|U_nios_system|rx_tamer|Mux3~1|datab
                Info (332115):      7.483      0.686 RR  CELL  U_core|U_nios_system|rx_tamer|Mux3~1|combout
                Info (332115):      7.869      0.386 RR    IC  U_core|U_nios_system|rx_tamer|Mux3~2|datab
                Info (332115):      8.551      0.682 RR  CELL  U_core|U_nios_system|rx_tamer|Mux3~2|combout
                Info (332115):      8.551      0.000 RR    IC  U_core|U_nios_system|rx_tamer|dout[4]|d
                Info (332115):      8.857      0.306 RR  CELL  bladerf_core:U_core|nios_system:U_nios_system|time_tamer:rx_tamer|dout[4]
                Info (332115): Clock Arrival Path:
                Info (332115): Total (ns)  Incr (ns)     Type  Element
                Info (332115): ==========  ========= ==  ====  ===================================
                Info (332115):      1.806      1.806  R        clock network delay
                Info (332115):      1.646     -0.160           clock uncertainty
                Info (332115):      1.646      0.000     uTsu  bladerf_core:U_core|nios_system:U_nios_system|time_tamer:rx_tamer|dout[4]
            Info (332181): Earliest Path Arrival
                Info (332115): From Node          : bladerf_core:U_core|nios_system:U_nios_system|time_tamer:rx_tamer|handshake:U_snap|source_holding[21]
                Info (332115): To Node            : bladerf_core:U_core|nios_system:U_nios_system|time_tamer:rx_tamer|dout[5]
                Info (332115): Launch Clock       : U_core|U_nios_system|axi_ad9361_0|i_dev_if|i_rx|i_altlvds_rx|auto_generated|pll_sclk~PLL_OUTPUT_COUNTER|divclk
                Info (332115): Latch Clock        : U_core|U_system_pll|altera_pll_i|general[0].gpll~PLL_OUTPUT_COUNTER|divclk
                Info (332115): Data Arrival Time  : 5.428
                Info (332115): Clock Arrival Time : 3.504
                Info (332115): Relative Delay     : 1.924
                Info (332115): Data Arrival Path:
                Info (332115): Total (ns)  Incr (ns)     Type  Element
                Info (332115): ==========  ========= ==  ====  ===================================
                Info (332115):      4.754      4.754  R        clock network delay
                Info (332115):      4.754      0.000     uTco  bladerf_core:U_core|nios_system:U_nios_system|time_tamer:rx_tamer|handshake:U_snap|source_holding[21]
                Info (332115):      4.754      0.000 FF  CELL  U_core|U_nios_system|rx_tamer|U_snap|source_holding[21]|q
                Info (332115):      5.299      0.545 FF    IC  U_core|U_nios_system|rx_tamer|Mux2~2|dataf
                Info (332115):      5.353      0.054 FF  CELL  U_core|U_nios_system|rx_tamer|Mux2~2|combout
                Info (332115):      5.353      0.000 FF    IC  U_core|U_nios_system|rx_tamer|dout[5]|d
                Info (332115):      5.428      0.075 FF  CELL  bladerf_core:U_core|nios_system:U_nios_system|time_tamer:rx_tamer|dout[5]
                Info (332115): Clock Arrival Path:
                Info (332115): Total (ns)  Incr (ns)     Type  Element
                Info (332115): ==========  ========= ==  ====  ===================================
                Info (332115):      3.344      3.344  R        clock network delay
                Info (332115):      3.504      0.160           clock uncertainty
                Info (332115):      3.504      0.000      uTh  bladerf_core:U_core|nios_system:U_nios_system|time_tamer:rx_tamer|dout[5]
            Info (332181): Cross Path Clock Pessimism Removed : 2.876
            Info (332181): Required Skew   : 6.400
            Info (332181): Actual Skew     : 2.411
            Info (332181): Slack           : 3.989
        Info (332181): Path #24: Slack is 4.031 
            Info (332181): Latest Path Arrival
                Info (332115): From Node          : bladerf_core:U_core|nios_system:U_nios_system|time_tamer:rx_tamer|handshake:U_snap|source_holding[28]
                Info (332115): To Node            : bladerf_core:U_core|nios_system:U_nios_system|time_tamer:rx_tamer|dout[4]
                Info (332115): Launch Clock       : U_core|U_nios_system|axi_ad9361_0|i_dev_if|i_rx|i_altlvds_rx|auto_generated|pll_sclk~PLL_OUTPUT_COUNTER|divclk
                Info (332115): Latch Clock        : U_core|U_system_pll|altera_pll_i|general[0].gpll~PLL_OUTPUT_COUNTER|divclk
                Info (332115): Data Arrival Time  : 8.857
                Info (332115): Clock Arrival Time : 1.646
                Info (332115): Relative Delay     : 7.211
                Info (332115): Data Arrival Path:
                Info (332115): Total (ns)  Incr (ns)     Type  Element
                Info (332115): ==========  ========= ==  ====  ===================================
                Info (332115):      6.369      6.369  R        clock network delay
                Info (332115):      6.369      0.000     uTco  bladerf_core:U_core|nios_system:U_nios_system|time_tamer:rx_tamer|handshake:U_snap|source_holding[28]
                Info (332115):      6.369      0.000 RR  CELL  U_core|U_nios_system|rx_tamer|U_snap|source_holding[28]|q
                Info (332115):      6.797      0.428 RR    IC  U_core|U_nios_system|rx_tamer|Mux3~1|datab
                Info (332115):      7.483      0.686 RR  CELL  U_core|U_nios_system|rx_tamer|Mux3~1|combout
                Info (332115):      7.869      0.386 RR    IC  U_core|U_nios_system|rx_tamer|Mux3~2|datab
                Info (332115):      8.551      0.682 RR  CELL  U_core|U_nios_system|rx_tamer|Mux3~2|combout
                Info (332115):      8.551      0.000 RR    IC  U_core|U_nios_system|rx_tamer|dout[4]|d
                Info (332115):      8.857      0.306 RR  CELL  bladerf_core:U_core|nios_system:U_nios_system|time_tamer:rx_tamer|dout[4]
                Info (332115): Clock Arrival Path:
                Info (332115): Total (ns)  Incr (ns)     Type  Element
                Info (332115): ==========  ========= ==  ====  ===================================
                Info (332115):      1.806      1.806  R        clock network delay
                Info (332115):      1.646     -0.160           clock uncertainty
                Info (332115):      1.646      0.000     uTsu  bladerf_core:U_core|nios_system:U_nios_system|time_tamer:rx_tamer|dout[4]
            Info (332181): Earliest Path Arrival
                Info (332115): From Node          : bladerf_core:U_core|nios_system:U_nios_system|time_tamer:rx_tamer|handshake:U_snap|source_holding[23]
                Info (332115): To Node            : bladerf_core:U_core|nios_system:U_nios_system|time_tamer:rx_tamer|dout[7]
                Info (332115): Launch Clock       : U_core|U_nios_system|axi_ad9361_0|i_dev_if|i_rx|i_altlvds_rx|auto_generated|pll_sclk~PLL_OUTPUT_COUNTER|divclk
                Info (332115): Latch Clock        : U_core|U_system_pll|altera_pll_i|general[0].gpll~PLL_OUTPUT_COUNTER|divclk
                Info (332115): Data Arrival Time  : 5.454
                Info (332115): Clock Arrival Time : 3.488
                Info (332115): Relative Delay     : 1.966
                Info (332115): Data Arrival Path:
                Info (332115): Total (ns)  Incr (ns)     Type  Element
                Info (332115): ==========  ========= ==  ====  ===================================
                Info (332115):      4.760      4.760  R        clock network delay
                Info (332115):      4.760      0.000     uTco  bladerf_core:U_core|nios_system:U_nios_system|time_tamer:rx_tamer|handshake:U_snap|source_holding[23]
                Info (332115):      4.760      0.000 RR  CELL  U_core|U_nios_system|rx_tamer|U_snap|source_holding[23]|q
                Info (332115):      5.096      0.336 RR    IC  U_core|U_nios_system|rx_tamer|Mux0~2|datad
                Info (332115):      5.372      0.276 RR  CELL  U_core|U_nios_system|rx_tamer|Mux0~2|combout
                Info (332115):      5.372      0.000 RR    IC  U_core|U_nios_system|rx_tamer|dout[7]|d
                Info (332115):      5.454      0.082 RR  CELL  bladerf_core:U_core|nios_system:U_nios_system|time_tamer:rx_tamer|dout[7]
                Info (332115): Clock Arrival Path:
                Info (332115): Total (ns)  Incr (ns)     Type  Element
                Info (332115): ==========  ========= ==  ====  ===================================
                Info (332115):      3.328      3.328  R        clock network delay
                Info (332115):      3.488      0.160           clock uncertainty
                Info (332115):      3.488      0.000      uTh  bladerf_core:U_core|nios_system:U_nios_system|time_tamer:rx_tamer|dout[7]
            Info (332181): Cross Path Clock Pessimism Removed : 2.876
            Info (332181): Required Skew   : 6.400
            Info (332181): Actual Skew     : 2.369
            Info (332181): Slack           : 4.031
Info (332115): Worst-case slack is 4.368 for "set_max_skew -from [get_keepers {*time_tamer:rx_tamer|hold_time[*]}] -to [get_keepers {*time_tamer:rx_tamer|compare_time[*]}] -get_skew_value_from_clock_period dst_clock_period -skew_value_multiplier 0.800 "
    Info (332181): Skew for the Latest Arrival
        Info (332181): Path #25: Slack is 4.368 
            Info (332181): Latest Path Arrival
                Info (332115): From Node          : bladerf_core:U_core|nios_system:U_nios_system|time_tamer:rx_tamer|hold_time[37]
                Info (332115): To Node            : bladerf_core:U_core|nios_system:U_nios_system|time_tamer:rx_tamer|compare_time[37]
                Info (332115): Launch Clock       : U_core|U_system_pll|altera_pll_i|general[0].gpll~PLL_OUTPUT_COUNTER|divclk
                Info (332115): Latch Clock        : U_core|U_nios_system|axi_ad9361_0|i_dev_if|i_rx|i_altlvds_rx|auto_generated|pll_sclk~PLL_OUTPUT_COUNTER|divclk
                Info (332115): Data Arrival Time  : 5.466
                Info (332115): Clock Arrival Time : 4.589
                Info (332115): Relative Delay     : 0.877
                Info (332115): Data Arrival Path:
                Info (332115): Total (ns)  Incr (ns)     Type  Element
                Info (332115): ==========  ========= ==  ====  ===================================
                Info (332115):      3.343      3.343  R        clock network delay
                Info (332115):      3.343      0.000     uTco  bladerf_core:U_core|nios_system:U_nios_system|time_tamer:rx_tamer|hold_time[37]
                Info (332115):      3.343      0.000 FF  CELL  U_core|U_nios_system|rx_tamer|hold_time[37]|q
                Info (332115):      4.740      1.397 FF    IC  U_core|U_nios_system|rx_tamer|compare_time[37]|asdata
                Info (332115):      5.466      0.726 FF  CELL  bladerf_core:U_core|nios_system:U_nios_system|time_tamer:rx_tamer|compare_time[37]
                Info (332115): Clock Arrival Path:
                Info (332115): Total (ns)  Incr (ns)     Type  Element
                Info (332115): ==========  ========= ==  ====  ===================================
                Info (332115):      4.749      4.749  R        clock network delay
                Info (332115):      4.589     -0.160           clock uncertainty
                Info (332115):      4.589      0.000     uTsu  bladerf_core:U_core|nios_system:U_nios_system|time_tamer:rx_tamer|compare_time[37]
            Info (332181): Earliest Path Arrival
                Info (332115): From Node          : bladerf_core:U_core|nios_system:U_nios_system|time_tamer:rx_tamer|hold_time[14]
                Info (332115): To Node            : bladerf_core:U_core|nios_system:U_nios_system|time_tamer:rx_tamer|compare_time[14]
                Info (332115): Launch Clock       : U_core|U_system_pll|altera_pll_i|general[0].gpll~PLL_OUTPUT_COUNTER|divclk
                Info (332115): Latch Clock        : U_core|U_nios_system|axi_ad9361_0|i_dev_if|i_rx|i_altlvds_rx|auto_generated|pll_sclk~PLL_OUTPUT_COUNTER|divclk
                Info (332115): Data Arrival Time  : 2.539
                Info (332115): Clock Arrival Time : 6.523
                Info (332115): Relative Delay     : -3.984
                Info (332115): Data Arrival Path:
                Info (332115): Total (ns)  Incr (ns)     Type  Element
                Info (332115): ==========  ========= ==  ====  ===================================
                Info (332115):      1.800      1.800  R        clock network delay
                Info (332115):      1.800      0.000     uTco  bladerf_core:U_core|nios_system:U_nios_system|time_tamer:rx_tamer|hold_time[14]
                Info (332115):      1.800      0.000 FF  CELL  U_core|U_nios_system|rx_tamer|hold_time[14]|q
                Info (332115):      2.064      0.264 FF    IC  U_core|U_nios_system|rx_tamer|compare_time[14]~feeder|datac
                Info (332115):      2.455      0.391 FF  CELL  U_core|U_nios_system|rx_tamer|compare_time[14]~feeder|combout
                Info (332115):      2.455      0.000 FF    IC  U_core|U_nios_system|rx_tamer|compare_time[14]|d
                Info (332115):      2.539      0.084 FF  CELL  bladerf_core:U_core|nios_system:U_nios_system|time_tamer:rx_tamer|compare_time[14]
                Info (332115): Clock Arrival Path:
                Info (332115): Total (ns)  Incr (ns)     Type  Element
                Info (332115): ==========  ========= ==  ====  ===================================
                Info (332115):      6.363      6.363  R        clock network delay
                Info (332115):      6.523      0.160           clock uncertainty
                Info (332115):      6.523      0.000      uTh  bladerf_core:U_core|nios_system:U_nios_system|time_tamer:rx_tamer|compare_time[14]
            Info (332181): Cross Path Clock Pessimism Removed : 2.829
            Info (332181): Required Skew   : 6.400
            Info (332181): Actual Skew     : 2.032
            Info (332181): Slack           : 4.368
        Info (332181): Path #26: Slack is 4.576 
            Info (332181): Latest Path Arrival
                Info (332115): From Node          : bladerf_core:U_core|nios_system:U_nios_system|time_tamer:rx_tamer|hold_time[5]
                Info (332115): To Node            : bladerf_core:U_core|nios_system:U_nios_system|time_tamer:rx_tamer|compare_time[5]
                Info (332115): Launch Clock       : U_core|U_system_pll|altera_pll_i|general[0].gpll~PLL_OUTPUT_COUNTER|divclk
                Info (332115): Latch Clock        : U_core|U_nios_system|axi_ad9361_0|i_dev_if|i_rx|i_altlvds_rx|auto_generated|pll_sclk~PLL_OUTPUT_COUNTER|divclk
                Info (332115): Data Arrival Time  : 5.260
                Info (332115): Clock Arrival Time : 4.591
                Info (332115): Relative Delay     : 0.669
                Info (332115): Data Arrival Path:
                Info (332115): Total (ns)  Incr (ns)     Type  Element
                Info (332115): ==========  ========= ==  ====  ===================================
                Info (332115):      3.348      3.348  R        clock network delay
                Info (332115):      3.348      0.000     uTco  bladerf_core:U_core|nios_system:U_nios_system|time_tamer:rx_tamer|hold_time[5]
                Info (332115):      3.348      0.000 FF  CELL  U_core|U_nios_system|rx_tamer|hold_time[5]|q
                Info (332115):      4.531      1.183 FF    IC  U_core|U_nios_system|rx_tamer|compare_time[5]|asdata
                Info (332115):      5.260      0.729 FF  CELL  bladerf_core:U_core|nios_system:U_nios_system|time_tamer:rx_tamer|compare_time[5]
                Info (332115): Clock Arrival Path:
                Info (332115): Total (ns)  Incr (ns)     Type  Element
                Info (332115): ==========  ========= ==  ====  ===================================
                Info (332115):      4.751      4.751  R        clock network delay
                Info (332115):      4.591     -0.160           clock uncertainty
                Info (332115):      4.591      0.000     uTsu  bladerf_core:U_core|nios_system:U_nios_system|time_tamer:rx_tamer|compare_time[5]
            Info (332181): Earliest Path Arrival
                Info (332115): From Node          : bladerf_core:U_core|nios_system:U_nios_system|time_tamer:rx_tamer|hold_time[14]
                Info (332115): To Node            : bladerf_core:U_core|nios_system:U_nios_system|time_tamer:rx_tamer|compare_time[14]
                Info (332115): Launch Clock       : U_core|U_system_pll|altera_pll_i|general[0].gpll~PLL_OUTPUT_COUNTER|divclk
                Info (332115): Latch Clock        : U_core|U_nios_system|axi_ad9361_0|i_dev_if|i_rx|i_altlvds_rx|auto_generated|pll_sclk~PLL_OUTPUT_COUNTER|divclk
                Info (332115): Data Arrival Time  : 2.539
                Info (332115): Clock Arrival Time : 6.523
                Info (332115): Relative Delay     : -3.984
                Info (332115): Data Arrival Path:
                Info (332115): Total (ns)  Incr (ns)     Type  Element
                Info (332115): ==========  ========= ==  ====  ===================================
                Info (332115):      1.800      1.800  R        clock network delay
                Info (332115):      1.800      0.000     uTco  bladerf_core:U_core|nios_system:U_nios_system|time_tamer:rx_tamer|hold_time[14]
                Info (332115):      1.800      0.000 FF  CELL  U_core|U_nios_system|rx_tamer|hold_time[14]|q
                Info (332115):      2.064      0.264 FF    IC  U_core|U_nios_system|rx_tamer|compare_time[14]~feeder|datac
                Info (332115):      2.455      0.391 FF  CELL  U_core|U_nios_system|rx_tamer|compare_time[14]~feeder|combout
                Info (332115):      2.455      0.000 FF    IC  U_core|U_nios_system|rx_tamer|compare_time[14]|d
                Info (332115):      2.539      0.084 FF  CELL  bladerf_core:U_core|nios_system:U_nios_system|time_tamer:rx_tamer|compare_time[14]
                Info (332115): Clock Arrival Path:
                Info (332115): Total (ns)  Incr (ns)     Type  Element
                Info (332115): ==========  ========= ==  ====  ===================================
                Info (332115):      6.363      6.363  R        clock network delay
                Info (332115):      6.523      0.160           clock uncertainty
                Info (332115):      6.523      0.000      uTh  bladerf_core:U_core|nios_system:U_nios_system|time_tamer:rx_tamer|compare_time[14]
            Info (332181): Cross Path Clock Pessimism Removed : 2.829
            Info (332181): Required Skew   : 6.400
            Info (332181): Actual Skew     : 1.824
            Info (332181): Slack           : 4.576
        Info (332181): Path #27: Slack is 4.632 
            Info (332181): Latest Path Arrival
                Info (332115): From Node          : bladerf_core:U_core|nios_system:U_nios_system|time_tamer:rx_tamer|hold_time[58]
                Info (332115): To Node            : bladerf_core:U_core|nios_system:U_nios_system|time_tamer:rx_tamer|compare_time[58]
                Info (332115): Launch Clock       : U_core|U_system_pll|altera_pll_i|general[0].gpll~PLL_OUTPUT_COUNTER|divclk
                Info (332115): Latch Clock        : U_core|U_nios_system|axi_ad9361_0|i_dev_if|i_rx|i_altlvds_rx|auto_generated|pll_sclk~PLL_OUTPUT_COUNTER|divclk
                Info (332115): Data Arrival Time  : 5.188
                Info (332115): Clock Arrival Time : 4.575
                Info (332115): Relative Delay     : 0.613
                Info (332115): Data Arrival Path:
                Info (332115): Total (ns)  Incr (ns)     Type  Element
                Info (332115): ==========  ========= ==  ====  ===================================
                Info (332115):      3.325      3.325  R        clock network delay
                Info (332115):      3.325      0.000     uTco  bladerf_core:U_core|nios_system:U_nios_system|time_tamer:rx_tamer|hold_time[58]
                Info (332115):      3.325      0.000 FF  CELL  U_core|U_nios_system|rx_tamer|hold_time[58]|q
                Info (332115):      4.459      1.134 FF    IC  U_core|U_nios_system|rx_tamer|compare_time[58]|asdata
                Info (332115):      5.188      0.729 FF  CELL  bladerf_core:U_core|nios_system:U_nios_system|time_tamer:rx_tamer|compare_time[58]
                Info (332115): Clock Arrival Path:
                Info (332115): Total (ns)  Incr (ns)     Type  Element
                Info (332115): ==========  ========= ==  ====  ===================================
                Info (332115):      4.735      4.735  R        clock network delay
                Info (332115):      4.575     -0.160           clock uncertainty
                Info (332115):      4.575      0.000     uTsu  bladerf_core:U_core|nios_system:U_nios_system|time_tamer:rx_tamer|compare_time[58]
            Info (332181): Earliest Path Arrival
                Info (332115): From Node          : bladerf_core:U_core|nios_system:U_nios_system|time_tamer:rx_tamer|hold_time[14]
                Info (332115): To Node            : bladerf_core:U_core|nios_system:U_nios_system|time_tamer:rx_tamer|compare_time[14]
                Info (332115): Launch Clock       : U_core|U_system_pll|altera_pll_i|general[0].gpll~PLL_OUTPUT_COUNTER|divclk
                Info (332115): Latch Clock        : U_core|U_nios_system|axi_ad9361_0|i_dev_if|i_rx|i_altlvds_rx|auto_generated|pll_sclk~PLL_OUTPUT_COUNTER|divclk
                Info (332115): Data Arrival Time  : 2.539
                Info (332115): Clock Arrival Time : 6.523
                Info (332115): Relative Delay     : -3.984
                Info (332115): Data Arrival Path:
                Info (332115): Total (ns)  Incr (ns)     Type  Element
                Info (332115): ==========  ========= ==  ====  ===================================
                Info (332115):      1.800      1.800  R        clock network delay
                Info (332115):      1.800      0.000     uTco  bladerf_core:U_core|nios_system:U_nios_system|time_tamer:rx_tamer|hold_time[14]
                Info (332115):      1.800      0.000 FF  CELL  U_core|U_nios_system|rx_tamer|hold_time[14]|q
                Info (332115):      2.064      0.264 FF    IC  U_core|U_nios_system|rx_tamer|compare_time[14]~feeder|datac
                Info (332115):      2.455      0.391 FF  CELL  U_core|U_nios_system|rx_tamer|compare_time[14]~feeder|combout
                Info (332115):      2.455      0.000 FF    IC  U_core|U_nios_system|rx_tamer|compare_time[14]|d
                Info (332115):      2.539      0.084 FF  CELL  bladerf_core:U_core|nios_system:U_nios_system|time_tamer:rx_tamer|compare_time[14]
                Info (332115): Clock Arrival Path:
                Info (332115): Total (ns)  Incr (ns)     Type  Element
                Info (332115): ==========  ========= ==  ====  ===================================
                Info (332115):      6.363      6.363  R        clock network delay
                Info (332115):      6.523      0.160           clock uncertainty
                Info (332115):      6.523      0.000      uTh  bladerf_core:U_core|nios_system:U_nios_system|time_tamer:rx_tamer|compare_time[14]
            Info (332181): Cross Path Clock Pessimism Removed : 2.829
            Info (332181): Required Skew   : 6.400
            Info (332181): Actual Skew     : 1.768
            Info (332181): Slack           : 4.632
        Info (332181): Path #28: Slack is 4.639 
            Info (332181): Latest Path Arrival
                Info (332115): From Node          : bladerf_core:U_core|nios_system:U_nios_system|time_tamer:rx_tamer|hold_time[38]~DUPLICATE
                Info (332115): To Node            : bladerf_core:U_core|nios_system:U_nios_system|time_tamer:rx_tamer|compare_time[38]
                Info (332115): Launch Clock       : U_core|U_system_pll|altera_pll_i|general[0].gpll~PLL_OUTPUT_COUNTER|divclk
                Info (332115): Latch Clock        : U_core|U_nios_system|axi_ad9361_0|i_dev_if|i_rx|i_altlvds_rx|auto_generated|pll_sclk~PLL_OUTPUT_COUNTER|divclk
                Info (332115): Data Arrival Time  : 5.201
                Info (332115): Clock Arrival Time : 4.595
                Info (332115): Relative Delay     : 0.606
                Info (332115): Data Arrival Path:
                Info (332115): Total (ns)  Incr (ns)     Type  Element
                Info (332115): ==========  ========= ==  ====  ===================================
                Info (332115):      3.349      3.349  R        clock network delay
                Info (332115):      3.349      0.000     uTco  bladerf_core:U_core|nios_system:U_nios_system|time_tamer:rx_tamer|hold_time[38]~DUPLICATE
                Info (332115):      3.349      0.000 FF  CELL  U_core|U_nios_system|rx_tamer|hold_time[38]~DUPLICATE|q
                Info (332115):      4.472      1.123 FF    IC  U_core|U_nios_system|rx_tamer|compare_time[38]|asdata
                Info (332115):      5.201      0.729 FF  CELL  bladerf_core:U_core|nios_system:U_nios_system|time_tamer:rx_tamer|compare_time[38]
                Info (332115): Clock Arrival Path:
                Info (332115): Total (ns)  Incr (ns)     Type  Element
                Info (332115): ==========  ========= ==  ====  ===================================
                Info (332115):      4.755      4.755  R        clock network delay
                Info (332115):      4.595     -0.160           clock uncertainty
                Info (332115):      4.595      0.000     uTsu  bladerf_core:U_core|nios_system:U_nios_system|time_tamer:rx_tamer|compare_time[38]
            Info (332181): Earliest Path Arrival
                Info (332115): From Node          : bladerf_core:U_core|nios_system:U_nios_system|time_tamer:rx_tamer|hold_time[14]
                Info (332115): To Node            : bladerf_core:U_core|nios_system:U_nios_system|time_tamer:rx_tamer|compare_time[14]
                Info (332115): Launch Clock       : U_core|U_system_pll|altera_pll_i|general[0].gpll~PLL_OUTPUT_COUNTER|divclk
                Info (332115): Latch Clock        : U_core|U_nios_system|axi_ad9361_0|i_dev_if|i_rx|i_altlvds_rx|auto_generated|pll_sclk~PLL_OUTPUT_COUNTER|divclk
                Info (332115): Data Arrival Time  : 2.539
                Info (332115): Clock Arrival Time : 6.523
                Info (332115): Relative Delay     : -3.984
                Info (332115): Data Arrival Path:
                Info (332115): Total (ns)  Incr (ns)     Type  Element
                Info (332115): ==========  ========= ==  ====  ===================================
                Info (332115):      1.800      1.800  R        clock network delay
                Info (332115):      1.800      0.000     uTco  bladerf_core:U_core|nios_system:U_nios_system|time_tamer:rx_tamer|hold_time[14]
                Info (332115):      1.800      0.000 FF  CELL  U_core|U_nios_system|rx_tamer|hold_time[14]|q
                Info (332115):      2.064      0.264 FF    IC  U_core|U_nios_system|rx_tamer|compare_time[14]~feeder|datac
                Info (332115):      2.455      0.391 FF  CELL  U_core|U_nios_system|rx_tamer|compare_time[14]~feeder|combout
                Info (332115):      2.455      0.000 FF    IC  U_core|U_nios_system|rx_tamer|compare_time[14]|d
                Info (332115):      2.539      0.084 FF  CELL  bladerf_core:U_core|nios_system:U_nios_system|time_tamer:rx_tamer|compare_time[14]
                Info (332115): Clock Arrival Path:
                Info (332115): Total (ns)  Incr (ns)     Type  Element
                Info (332115): ==========  ========= ==  ====  ===================================
                Info (332115):      6.363      6.363  R        clock network delay
                Info (332115):      6.523      0.160           clock uncertainty
                Info (332115):      6.523      0.000      uTh  bladerf_core:U_core|nios_system:U_nios_system|time_tamer:rx_tamer|compare_time[14]
            Info (332181): Cross Path Clock Pessimism Removed : 2.829
            Info (332181): Required Skew   : 6.400
            Info (332181): Actual Skew     : 1.761
            Info (332181): Slack           : 4.639
    Info (332181): Skew for the Earliest Arrival
        Info (332181): Path #29: Slack is 4.368 
            Info (332181): Latest Path Arrival
                Info (332115): From Node          : bladerf_core:U_core|nios_system:U_nios_system|time_tamer:rx_tamer|hold_time[37]
                Info (332115): To Node            : bladerf_core:U_core|nios_system:U_nios_system|time_tamer:rx_tamer|compare_time[37]
                Info (332115): Launch Clock       : U_core|U_system_pll|altera_pll_i|general[0].gpll~PLL_OUTPUT_COUNTER|divclk
                Info (332115): Latch Clock        : U_core|U_nios_system|axi_ad9361_0|i_dev_if|i_rx|i_altlvds_rx|auto_generated|pll_sclk~PLL_OUTPUT_COUNTER|divclk
                Info (332115): Data Arrival Time  : 5.466
                Info (332115): Clock Arrival Time : 4.589
                Info (332115): Relative Delay     : 0.877
                Info (332115): Data Arrival Path:
                Info (332115): Total (ns)  Incr (ns)     Type  Element
                Info (332115): ==========  ========= ==  ====  ===================================
                Info (332115):      3.343      3.343  R        clock network delay
                Info (332115):      3.343      0.000     uTco  bladerf_core:U_core|nios_system:U_nios_system|time_tamer:rx_tamer|hold_time[37]
                Info (332115):      3.343      0.000 FF  CELL  U_core|U_nios_system|rx_tamer|hold_time[37]|q
                Info (332115):      4.740      1.397 FF    IC  U_core|U_nios_system|rx_tamer|compare_time[37]|asdata
                Info (332115):      5.466      0.726 FF  CELL  bladerf_core:U_core|nios_system:U_nios_system|time_tamer:rx_tamer|compare_time[37]
                Info (332115): Clock Arrival Path:
                Info (332115): Total (ns)  Incr (ns)     Type  Element
                Info (332115): ==========  ========= ==  ====  ===================================
                Info (332115):      4.749      4.749  R        clock network delay
                Info (332115):      4.589     -0.160           clock uncertainty
                Info (332115):      4.589      0.000     uTsu  bladerf_core:U_core|nios_system:U_nios_system|time_tamer:rx_tamer|compare_time[37]
            Info (332181): Earliest Path Arrival
                Info (332115): From Node          : bladerf_core:U_core|nios_system:U_nios_system|time_tamer:rx_tamer|hold_time[14]
                Info (332115): To Node            : bladerf_core:U_core|nios_system:U_nios_system|time_tamer:rx_tamer|compare_time[14]
                Info (332115): Launch Clock       : U_core|U_system_pll|altera_pll_i|general[0].gpll~PLL_OUTPUT_COUNTER|divclk
                Info (332115): Latch Clock        : U_core|U_nios_system|axi_ad9361_0|i_dev_if|i_rx|i_altlvds_rx|auto_generated|pll_sclk~PLL_OUTPUT_COUNTER|divclk
                Info (332115): Data Arrival Time  : 2.539
                Info (332115): Clock Arrival Time : 6.523
                Info (332115): Relative Delay     : -3.984
                Info (332115): Data Arrival Path:
                Info (332115): Total (ns)  Incr (ns)     Type  Element
                Info (332115): ==========  ========= ==  ====  ===================================
                Info (332115):      1.800      1.800  R        clock network delay
                Info (332115):      1.800      0.000     uTco  bladerf_core:U_core|nios_system:U_nios_system|time_tamer:rx_tamer|hold_time[14]
                Info (332115):      1.800      0.000 FF  CELL  U_core|U_nios_system|rx_tamer|hold_time[14]|q
                Info (332115):      2.064      0.264 FF    IC  U_core|U_nios_system|rx_tamer|compare_time[14]~feeder|datac
                Info (332115):      2.455      0.391 FF  CELL  U_core|U_nios_system|rx_tamer|compare_time[14]~feeder|combout
                Info (332115):      2.455      0.000 FF    IC  U_core|U_nios_system|rx_tamer|compare_time[14]|d
                Info (332115):      2.539      0.084 FF  CELL  bladerf_core:U_core|nios_system:U_nios_system|time_tamer:rx_tamer|compare_time[14]
                Info (332115): Clock Arrival Path:
                Info (332115): Total (ns)  Incr (ns)     Type  Element
                Info (332115): ==========  ========= ==  ====  ===================================
                Info (332115):      6.363      6.363  R        clock network delay
                Info (332115):      6.523      0.160           clock uncertainty
                Info (332115):      6.523      0.000      uTh  bladerf_core:U_core|nios_system:U_nios_system|time_tamer:rx_tamer|compare_time[14]
            Info (332181): Cross Path Clock Pessimism Removed : 2.829
            Info (332181): Required Skew   : 6.400
            Info (332181): Actual Skew     : 2.032
            Info (332181): Slack           : 4.368
        Info (332181): Path #30: Slack is 4.374 
            Info (332181): Latest Path Arrival
                Info (332115): From Node          : bladerf_core:U_core|nios_system:U_nios_system|time_tamer:rx_tamer|hold_time[37]
                Info (332115): To Node            : bladerf_core:U_core|nios_system:U_nios_system|time_tamer:rx_tamer|compare_time[37]
                Info (332115): Launch Clock       : U_core|U_system_pll|altera_pll_i|general[0].gpll~PLL_OUTPUT_COUNTER|divclk
                Info (332115): Latch Clock        : U_core|U_nios_system|axi_ad9361_0|i_dev_if|i_rx|i_altlvds_rx|auto_generated|pll_sclk~PLL_OUTPUT_COUNTER|divclk
                Info (332115): Data Arrival Time  : 5.466
                Info (332115): Clock Arrival Time : 4.589
                Info (332115): Relative Delay     : 0.877
                Info (332115): Data Arrival Path:
                Info (332115): Total (ns)  Incr (ns)     Type  Element
                Info (332115): ==========  ========= ==  ====  ===================================
                Info (332115):      3.343      3.343  R        clock network delay
                Info (332115):      3.343      0.000     uTco  bladerf_core:U_core|nios_system:U_nios_system|time_tamer:rx_tamer|hold_time[37]
                Info (332115):      3.343      0.000 FF  CELL  U_core|U_nios_system|rx_tamer|hold_time[37]|q
                Info (332115):      4.740      1.397 FF    IC  U_core|U_nios_system|rx_tamer|compare_time[37]|asdata
                Info (332115):      5.466      0.726 FF  CELL  bladerf_core:U_core|nios_system:U_nios_system|time_tamer:rx_tamer|compare_time[37]
                Info (332115): Clock Arrival Path:
                Info (332115): Total (ns)  Incr (ns)     Type  Element
                Info (332115): ==========  ========= ==  ====  ===================================
                Info (332115):      4.749      4.749  R        clock network delay
                Info (332115):      4.589     -0.160           clock uncertainty
                Info (332115):      4.589      0.000     uTsu  bladerf_core:U_core|nios_system:U_nios_system|time_tamer:rx_tamer|compare_time[37]
            Info (332181): Earliest Path Arrival
                Info (332115): From Node          : bladerf_core:U_core|nios_system:U_nios_system|time_tamer:rx_tamer|hold_time[11]
                Info (332115): To Node            : bladerf_core:U_core|nios_system:U_nios_system|time_tamer:rx_tamer|compare_time[11]
                Info (332115): Launch Clock       : U_core|U_system_pll|altera_pll_i|general[0].gpll~PLL_OUTPUT_COUNTER|divclk
                Info (332115): Latch Clock        : U_core|U_nios_system|axi_ad9361_0|i_dev_if|i_rx|i_altlvds_rx|auto_generated|pll_sclk~PLL_OUTPUT_COUNTER|divclk
                Info (332115): Data Arrival Time  : 2.550
                Info (332115): Clock Arrival Time : 6.528
                Info (332115): Relative Delay     : -3.978
                Info (332115): Data Arrival Path:
                Info (332115): Total (ns)  Incr (ns)     Type  Element
                Info (332115): ==========  ========= ==  ====  ===================================
                Info (332115):      1.793      1.793  R        clock network delay
                Info (332115):      1.793      0.000     uTco  bladerf_core:U_core|nios_system:U_nios_system|time_tamer:rx_tamer|hold_time[11]
                Info (332115):      1.793      0.000 FF  CELL  U_core|U_nios_system|rx_tamer|hold_time[11]|q
                Info (332115):      2.077      0.284 FF    IC  U_core|U_nios_system|rx_tamer|compare_time[11]~feeder|datac
                Info (332115):      2.468      0.391 FF  CELL  U_core|U_nios_system|rx_tamer|compare_time[11]~feeder|combout
                Info (332115):      2.468      0.000 FF    IC  U_core|U_nios_system|rx_tamer|compare_time[11]|d
                Info (332115):      2.550      0.082 FF  CELL  bladerf_core:U_core|nios_system:U_nios_system|time_tamer:rx_tamer|compare_time[11]
                Info (332115): Clock Arrival Path:
                Info (332115): Total (ns)  Incr (ns)     Type  Element
                Info (332115): ==========  ========= ==  ====  ===================================
                Info (332115):      6.368      6.368  R        clock network delay
                Info (332115):      6.528      0.160           clock uncertainty
                Info (332115):      6.528      0.000      uTh  bladerf_core:U_core|nios_system:U_nios_system|time_tamer:rx_tamer|compare_time[11]
            Info (332181): Cross Path Clock Pessimism Removed : 2.829
            Info (332181): Required Skew   : 6.400
            Info (332181): Actual Skew     : 2.026
            Info (332181): Slack           : 4.374
        Info (332181): Path #31: Slack is 4.384 
            Info (332181): Latest Path Arrival
                Info (332115): From Node          : bladerf_core:U_core|nios_system:U_nios_system|time_tamer:rx_tamer|hold_time[37]
                Info (332115): To Node            : bladerf_core:U_core|nios_system:U_nios_system|time_tamer:rx_tamer|compare_time[37]
                Info (332115): Launch Clock       : U_core|U_system_pll|altera_pll_i|general[0].gpll~PLL_OUTPUT_COUNTER|divclk
                Info (332115): Latch Clock        : U_core|U_nios_system|axi_ad9361_0|i_dev_if|i_rx|i_altlvds_rx|auto_generated|pll_sclk~PLL_OUTPUT_COUNTER|divclk
                Info (332115): Data Arrival Time  : 5.466
                Info (332115): Clock Arrival Time : 4.589
                Info (332115): Relative Delay     : 0.877
                Info (332115): Data Arrival Path:
                Info (332115): Total (ns)  Incr (ns)     Type  Element
                Info (332115): ==========  ========= ==  ====  ===================================
                Info (332115):      3.343      3.343  R        clock network delay
                Info (332115):      3.343      0.000     uTco  bladerf_core:U_core|nios_system:U_nios_system|time_tamer:rx_tamer|hold_time[37]
                Info (332115):      3.343      0.000 FF  CELL  U_core|U_nios_system|rx_tamer|hold_time[37]|q
                Info (332115):      4.740      1.397 FF    IC  U_core|U_nios_system|rx_tamer|compare_time[37]|asdata
                Info (332115):      5.466      0.726 FF  CELL  bladerf_core:U_core|nios_system:U_nios_system|time_tamer:rx_tamer|compare_time[37]
                Info (332115): Clock Arrival Path:
                Info (332115): Total (ns)  Incr (ns)     Type  Element
                Info (332115): ==========  ========= ==  ====  ===================================
                Info (332115):      4.749      4.749  R        clock network delay
                Info (332115):      4.589     -0.160           clock uncertainty
                Info (332115):      4.589      0.000     uTsu  bladerf_core:U_core|nios_system:U_nios_system|time_tamer:rx_tamer|compare_time[37]
            Info (332181): Earliest Path Arrival
                Info (332115): From Node          : bladerf_core:U_core|nios_system:U_nios_system|time_tamer:rx_tamer|hold_time[30]~DUPLICATE
                Info (332115): To Node            : bladerf_core:U_core|nios_system:U_nios_system|time_tamer:rx_tamer|compare_time[30]
                Info (332115): Launch Clock       : U_core|U_system_pll|altera_pll_i|general[0].gpll~PLL_OUTPUT_COUNTER|divclk
                Info (332115): Latch Clock        : U_core|U_nios_system|axi_ad9361_0|i_dev_if|i_rx|i_altlvds_rx|auto_generated|pll_sclk~PLL_OUTPUT_COUNTER|divclk
                Info (332115): Data Arrival Time  : 2.559
                Info (332115): Clock Arrival Time : 6.527
                Info (332115): Relative Delay     : -3.968
                Info (332115): Data Arrival Path:
                Info (332115): Total (ns)  Incr (ns)     Type  Element
                Info (332115): ==========  ========= ==  ====  ===================================
                Info (332115):      1.816      1.816  R        clock network delay
                Info (332115):      1.816      0.000     uTco  bladerf_core:U_core|nios_system:U_nios_system|time_tamer:rx_tamer|hold_time[30]~DUPLICATE
                Info (332115):      1.816      0.000 FF  CELL  U_core|U_nios_system|rx_tamer|hold_time[30]~DUPLICATE|q
                Info (332115):      2.086      0.270 FF    IC  U_core|U_nios_system|rx_tamer|compare_time[30]~feeder|datac
                Info (332115):      2.477      0.391 FF  CELL  U_core|U_nios_system|rx_tamer|compare_time[30]~feeder|combout
                Info (332115):      2.477      0.000 FF    IC  U_core|U_nios_system|rx_tamer|compare_time[30]|d
                Info (332115):      2.559      0.082 FF  CELL  bladerf_core:U_core|nios_system:U_nios_system|time_tamer:rx_tamer|compare_time[30]
                Info (332115): Clock Arrival Path:
                Info (332115): Total (ns)  Incr (ns)     Type  Element
                Info (332115): ==========  ========= ==  ====  ===================================
                Info (332115):      6.367      6.367  R        clock network delay
                Info (332115):      6.527      0.160           clock uncertainty
                Info (332115):      6.527      0.000      uTh  bladerf_core:U_core|nios_system:U_nios_system|time_tamer:rx_tamer|compare_time[30]
            Info (332181): Cross Path Clock Pessimism Removed : 2.829
            Info (332181): Required Skew   : 6.400
            Info (332181): Actual Skew     : 2.016
            Info (332181): Slack           : 4.384
        Info (332181): Path #32: Slack is 4.398 
            Info (332181): Latest Path Arrival
                Info (332115): From Node          : bladerf_core:U_core|nios_system:U_nios_system|time_tamer:rx_tamer|hold_time[37]
                Info (332115): To Node            : bladerf_core:U_core|nios_system:U_nios_system|time_tamer:rx_tamer|compare_time[37]
                Info (332115): Launch Clock       : U_core|U_system_pll|altera_pll_i|general[0].gpll~PLL_OUTPUT_COUNTER|divclk
                Info (332115): Latch Clock        : U_core|U_nios_system|axi_ad9361_0|i_dev_if|i_rx|i_altlvds_rx|auto_generated|pll_sclk~PLL_OUTPUT_COUNTER|divclk
                Info (332115): Data Arrival Time  : 5.466
                Info (332115): Clock Arrival Time : 4.589
                Info (332115): Relative Delay     : 0.877
                Info (332115): Data Arrival Path:
                Info (332115): Total (ns)  Incr (ns)     Type  Element
                Info (332115): ==========  ========= ==  ====  ===================================
                Info (332115):      3.343      3.343  R        clock network delay
                Info (332115):      3.343      0.000     uTco  bladerf_core:U_core|nios_system:U_nios_system|time_tamer:rx_tamer|hold_time[37]
                Info (332115):      3.343      0.000 FF  CELL  U_core|U_nios_system|rx_tamer|hold_time[37]|q
                Info (332115):      4.740      1.397 FF    IC  U_core|U_nios_system|rx_tamer|compare_time[37]|asdata
                Info (332115):      5.466      0.726 FF  CELL  bladerf_core:U_core|nios_system:U_nios_system|time_tamer:rx_tamer|compare_time[37]
                Info (332115): Clock Arrival Path:
                Info (332115): Total (ns)  Incr (ns)     Type  Element
                Info (332115): ==========  ========= ==  ====  ===================================
                Info (332115):      4.749      4.749  R        clock network delay
                Info (332115):      4.589     -0.160           clock uncertainty
                Info (332115):      4.589      0.000     uTsu  bladerf_core:U_core|nios_system:U_nios_system|time_tamer:rx_tamer|compare_time[37]
            Info (332181): Earliest Path Arrival
                Info (332115): From Node          : bladerf_core:U_core|nios_system:U_nios_system|time_tamer:rx_tamer|hold_time[20]
                Info (332115): To Node            : bladerf_core:U_core|nios_system:U_nios_system|time_tamer:rx_tamer|compare_time[20]
                Info (332115): Launch Clock       : U_core|U_system_pll|altera_pll_i|general[0].gpll~PLL_OUTPUT_COUNTER|divclk
                Info (332115): Latch Clock        : U_core|U_nios_system|axi_ad9361_0|i_dev_if|i_rx|i_altlvds_rx|auto_generated|pll_sclk~PLL_OUTPUT_COUNTER|divclk
                Info (332115): Data Arrival Time  : 2.556
                Info (332115): Clock Arrival Time : 6.510
                Info (332115): Relative Delay     : -3.954
                Info (332115): Data Arrival Path:
                Info (332115): Total (ns)  Incr (ns)     Type  Element
                Info (332115): ==========  ========= ==  ====  ===================================
                Info (332115):      1.823      1.823  R        clock network delay
                Info (332115):      1.823      0.000     uTco  bladerf_core:U_core|nios_system:U_nios_system|time_tamer:rx_tamer|hold_time[20]
                Info (332115):      1.823      0.000 RR  CELL  U_core|U_nios_system|rx_tamer|hold_time[20]|q
                Info (332115):      2.221      0.398 RR    IC  U_core|U_nios_system|rx_tamer|compare_time[20]|asdata
                Info (332115):      2.556      0.335 RR  CELL  bladerf_core:U_core|nios_system:U_nios_system|time_tamer:rx_tamer|compare_time[20]
                Info (332115): Clock Arrival Path:
                Info (332115): Total (ns)  Incr (ns)     Type  Element
                Info (332115): ==========  ========= ==  ====  ===================================
                Info (332115):      6.350      6.350  R        clock network delay
                Info (332115):      6.510      0.160           clock uncertainty
                Info (332115):      6.510      0.000      uTh  bladerf_core:U_core|nios_system:U_nios_system|time_tamer:rx_tamer|compare_time[20]
            Info (332181): Cross Path Clock Pessimism Removed : 2.829
            Info (332181): Required Skew   : 6.400
            Info (332181): Actual Skew     : 2.002
            Info (332181): Slack           : 4.398
Info (332115): Worst-case slack is 4.408 for "set_max_skew -from [get_keepers {*U_rx_epoch_ts_hi_handshake|source_holding[*]}] -to [get_keepers {*bladerf_core:*|rx_epoch_ts_hi_sys[*]}] 6.400 "
    Info (332181): Skew for the Latest Arrival
        Info (332181): Path #33: Slack is 4.408 
            Info (332181): Latest Path Arrival
                Info (332115): From Node          : bladerf_core:U_core|handshake:U_rx_epoch_ts_hi_handshake|source_holding[13]
                Info (332115): To Node            : bladerf_core:U_core|rx_epoch_ts_hi_sys[13]
                Info (332115): Launch Clock       : U_core|U_nios_system|axi_ad9361_0|i_dev_if|i_rx|i_altlvds_rx|auto_generated|pll_sclk~PLL_OUTPUT_COUNTER|divclk
                Info (332115): Latch Clock        : U_core|U_system_pll|altera_pll_i|general[0].gpll~PLL_OUTPUT_COUNTER|divclk
                Info (332115): Data Arrival Time  : 8.470
                Info (332115): Clock Arrival Time : 1.616
                Info (332115): Relative Delay     : 6.854
                Info (332115): Data Arrival Path:
                Info (332115): Total (ns)  Incr (ns)     Type  Element
                Info (332115): ==========  ========= ==  ====  ===================================
                Info (332115):      6.368      6.368  R        clock network delay
                Info (332115):      6.368      0.000     uTco  bladerf_core:U_core|handshake:U_rx_epoch_ts_hi_handshake|source_holding[13]
                Info (332115):      6.368      0.000 FF  CELL  U_core|U_rx_epoch_ts_hi_handshake|source_holding[13]|q
                Info (332115):      7.769      1.401 FF    IC  U_core|rx_epoch_ts_hi_sys[13]|asdata
                Info (332115):      8.470      0.701 FF  CELL  bladerf_core:U_core|rx_epoch_ts_hi_sys[13]
                Info (332115): Clock Arrival Path:
                Info (332115): Total (ns)  Incr (ns)     Type  Element
                Info (332115): ==========  ========= ==  ====  ===================================
                Info (332115):      1.776      1.776  R        clock network delay
                Info (332115):      1.616     -0.160           clock uncertainty
                Info (332115):      1.616      0.000     uTsu  bladerf_core:U_core|rx_epoch_ts_hi_sys[13]
            Info (332181): Earliest Path Arrival
                Info (332115): From Node          : bladerf_core:U_core|handshake:U_rx_epoch_ts_hi_handshake|source_holding[7]
                Info (332115): To Node            : bladerf_core:U_core|rx_epoch_ts_hi_sys[7]
                Info (332115): Launch Clock       : U_core|U_nios_system|axi_ad9361_0|i_dev_if|i_rx|i_altlvds_rx|auto_generated|pll_sclk~PLL_OUTPUT_COUNTER|divclk
                Info (332115): Latch Clock        : U_core|U_system_pll|altera_pll_i|general[0].gpll~PLL_OUTPUT_COUNTER|divclk
                Info (332115): Data Arrival Time  : 5.537
                Info (332115): Clock Arrival Time : 3.504
                Info (332115): Relative Delay     : 2.033
                Info (332115): Data Arrival Path:
                Info (332115): Total (ns)  Incr (ns)     Type  Element
                Info (332115): ==========  ========= ==  ====  ===================================
                Info (332115):      4.757      4.757  R        clock network delay
                Info (332115):      4.757      0.000     uTco  bladerf_core:U_core|handshake:U_rx_epoch_ts_hi_handshake|source_holding[7]
                Info (332115):      4.757      0.000 FF  CELL  U_core|U_rx_epoch_ts_hi_handshake|source_holding[7]|q
                Info (332115):      5.399      0.642 FF    IC  U_core|rx_epoch_ts_hi_sys[7]~feeder|dataf
                Info (332115):      5.454      0.055 FF  CELL  U_core|rx_epoch_ts_hi_sys[7]~feeder|combout
                Info (332115):      5.454      0.000 FF    IC  U_core|rx_epoch_ts_hi_sys[7]|d
                Info (332115):      5.537      0.083 FF  CELL  bladerf_core:U_core|rx_epoch_ts_hi_sys[7]
                Info (332115): Clock Arrival Path:
                Info (332115): Total (ns)  Incr (ns)     Type  Element
                Info (332115): ==========  ========= ==  ====  ===================================
                Info (332115):      3.344      3.344  R        clock network delay
                Info (332115):      3.504      0.160           clock uncertainty
                Info (332115):      3.504      0.000      uTh  bladerf_core:U_core|rx_epoch_ts_hi_sys[7]
            Info (332181): Cross Path Clock Pessimism Removed : 2.829
            Info (332181): Required Skew   : 6.400
            Info (332181): Actual Skew     : 1.992
            Info (332181): Slack           : 4.408
        Info (332181): Path #34: Slack is 4.509 
            Info (332181): Latest Path Arrival
                Info (332115): From Node          : bladerf_core:U_core|handshake:U_rx_epoch_ts_hi_handshake|source_holding[29]
                Info (332115): To Node            : bladerf_core:U_core|rx_epoch_ts_hi_sys[29]
                Info (332115): Launch Clock       : U_core|U_nios_system|axi_ad9361_0|i_dev_if|i_rx|i_altlvds_rx|auto_generated|pll_sclk~PLL_OUTPUT_COUNTER|divclk
                Info (332115): Latch Clock        : U_core|U_system_pll|altera_pll_i|general[0].gpll~PLL_OUTPUT_COUNTER|divclk
                Info (332115): Data Arrival Time  : 8.374
                Info (332115): Clock Arrival Time : 1.621
                Info (332115): Relative Delay     : 6.753
                Info (332115): Data Arrival Path:
                Info (332115): Total (ns)  Incr (ns)     Type  Element
                Info (332115): ==========  ========= ==  ====  ===================================
                Info (332115):      6.366      6.366  R        clock network delay
                Info (332115):      6.366      0.000     uTco  bladerf_core:U_core|handshake:U_rx_epoch_ts_hi_handshake|source_holding[29]
                Info (332115):      6.366      0.000 FF  CELL  U_core|U_rx_epoch_ts_hi_handshake|source_holding[29]|q
                Info (332115):      7.717      1.351 FF    IC  U_core|rx_epoch_ts_hi_sys[29]|asdata
                Info (332115):      8.374      0.657 FF  CELL  bladerf_core:U_core|rx_epoch_ts_hi_sys[29]
                Info (332115): Clock Arrival Path:
                Info (332115): Total (ns)  Incr (ns)     Type  Element
                Info (332115): ==========  ========= ==  ====  ===================================
                Info (332115):      1.781      1.781  R        clock network delay
                Info (332115):      1.621     -0.160           clock uncertainty
                Info (332115):      1.621      0.000     uTsu  bladerf_core:U_core|rx_epoch_ts_hi_sys[29]
            Info (332181): Earliest Path Arrival
                Info (332115): From Node          : bladerf_core:U_core|handshake:U_rx_epoch_ts_hi_handshake|source_holding[7]
                Info (332115): To Node            : bladerf_core:U_core|rx_epoch_ts_hi_sys[7]
                Info (332115): Launch Clock       : U_core|U_nios_system|axi_ad9361_0|i_dev_if|i_rx|i_altlvds_rx|auto_generated|pll_sclk~PLL_OUTPUT_COUNTER|divclk
                Info (332115): Latch Clock        : U_core|U_system_pll|altera_pll_i|general[0].gpll~PLL_OUTPUT_COUNTER|divclk
                Info (332115): Data Arrival Time  : 5.537
                Info (332115): Clock Arrival Time : 3.504
                Info (332115): Relative Delay     : 2.033
                Info (332115): Data Arrival Path:
                Info (332115): Total (ns)  Incr (ns)     Type  Element
                Info (332115): ==========  ========= ==  ====  ===================================
                Info (332115):      4.757      4.757  R        clock network delay
                Info (332115):      4.757      0.000     uTco  bladerf_core:U_core|handshake:U_rx_epoch_ts_hi_handshake|source_holding[7]
                Info (332115):      4.757      0.000 FF  CELL  U_core|U_rx_epoch_ts_hi_handshake|source_holding[7]|q
                Info (332115):      5.399      0.642 FF    IC  U_core|rx_epoch_ts_hi_sys[7]~feeder|dataf
                Info (332115):      5.454      0.055 FF  CELL  U_core|rx_epoch_ts_hi_sys[7]~feeder|combout
                Info (332115):      5.454      0.000 FF    IC  U_core|rx_epoch_ts_hi_sys[7]|d
                Info (332115):      5.537      0.083 FF  CELL  bladerf_core:U_core|rx_epoch_ts_hi_sys[7]
                Info (332115): Clock Arrival Path:
                Info (332115): Total (ns)  Incr (ns)     Type  Element
                Info (332115): ==========  ========= ==  ====  ===================================
                Info (332115):      3.344      3.344  R        clock network delay
                Info (332115):      3.504      0.160           clock uncertainty
                Info (332115):      3.504      0.000      uTh  bladerf_core:U_core|rx_epoch_ts_hi_sys[7]
            Info (332181): Cross Path Clock Pessimism Removed : 2.829
            Info (332181): Required Skew   : 6.400
            Info (332181): Actual Skew     : 1.891
            Info (332181): Slack           : 4.509
        Info (332181): Path #35: Slack is 4.626 
            Info (332181): Latest Path Arrival
                Info (332115): From Node          : bladerf_core:U_core|handshake:U_rx_epoch_ts_hi_handshake|source_holding[8]
                Info (332115): To Node            : bladerf_core:U_core|rx_epoch_ts_hi_sys[8]
                Info (332115): Launch Clock       : U_core|U_nios_system|axi_ad9361_0|i_dev_if|i_rx|i_altlvds_rx|auto_generated|pll_sclk~PLL_OUTPUT_COUNTER|divclk
                Info (332115): Latch Clock        : U_core|U_system_pll|altera_pll_i|general[0].gpll~PLL_OUTPUT_COUNTER|divclk
                Info (332115): Data Arrival Time  : 8.273
                Info (332115): Clock Arrival Time : 1.637
                Info (332115): Relative Delay     : 6.636
                Info (332115): Data Arrival Path:
                Info (332115): Total (ns)  Incr (ns)     Type  Element
                Info (332115): ==========  ========= ==  ====  ===================================
                Info (332115):      6.332      6.332  R        clock network delay
                Info (332115):      6.332      0.000     uTco  bladerf_core:U_core|handshake:U_rx_epoch_ts_hi_handshake|source_holding[8]
                Info (332115):      6.332      0.000 FF  CELL  U_core|U_rx_epoch_ts_hi_handshake|source_holding[8]|q
                Info (332115):      7.626      1.294 FF    IC  U_core|rx_epoch_ts_hi_sys[8]|asdata
                Info (332115):      8.273      0.647 FF  CELL  bladerf_core:U_core|rx_epoch_ts_hi_sys[8]
                Info (332115): Clock Arrival Path:
                Info (332115): Total (ns)  Incr (ns)     Type  Element
                Info (332115): ==========  ========= ==  ====  ===================================
                Info (332115):      1.797      1.797  R        clock network delay
                Info (332115):      1.637     -0.160           clock uncertainty
                Info (332115):      1.637      0.000     uTsu  bladerf_core:U_core|rx_epoch_ts_hi_sys[8]
            Info (332181): Earliest Path Arrival
                Info (332115): From Node          : bladerf_core:U_core|handshake:U_rx_epoch_ts_hi_handshake|source_holding[7]
                Info (332115): To Node            : bladerf_core:U_core|rx_epoch_ts_hi_sys[7]
                Info (332115): Launch Clock       : U_core|U_nios_system|axi_ad9361_0|i_dev_if|i_rx|i_altlvds_rx|auto_generated|pll_sclk~PLL_OUTPUT_COUNTER|divclk
                Info (332115): Latch Clock        : U_core|U_system_pll|altera_pll_i|general[0].gpll~PLL_OUTPUT_COUNTER|divclk
                Info (332115): Data Arrival Time  : 5.537
                Info (332115): Clock Arrival Time : 3.504
                Info (332115): Relative Delay     : 2.033
                Info (332115): Data Arrival Path:
                Info (332115): Total (ns)  Incr (ns)     Type  Element
                Info (332115): ==========  ========= ==  ====  ===================================
                Info (332115):      4.757      4.757  R        clock network delay
                Info (332115):      4.757      0.000     uTco  bladerf_core:U_core|handshake:U_rx_epoch_ts_hi_handshake|source_holding[7]
                Info (332115):      4.757      0.000 FF  CELL  U_core|U_rx_epoch_ts_hi_handshake|source_holding[7]|q
                Info (332115):      5.399      0.642 FF    IC  U_core|rx_epoch_ts_hi_sys[7]~feeder|dataf
                Info (332115):      5.454      0.055 FF  CELL  U_core|rx_epoch_ts_hi_sys[7]~feeder|combout
                Info (332115):      5.454      0.000 FF    IC  U_core|rx_epoch_ts_hi_sys[7]|d
                Info (332115):      5.537      0.083 FF  CELL  bladerf_core:U_core|rx_epoch_ts_hi_sys[7]
                Info (332115): Clock Arrival Path:
                Info (332115): Total (ns)  Incr (ns)     Type  Element
                Info (332115): ==========  ========= ==  ====  ===================================
                Info (332115):      3.344      3.344  R        clock network delay
                Info (332115):      3.504      0.160           clock uncertainty
                Info (332115):      3.504      0.000      uTh  bladerf_core:U_core|rx_epoch_ts_hi_sys[7]
            Info (332181): Cross Path Clock Pessimism Removed : 2.829
            Info (332181): Required Skew   : 6.400
            Info (332181): Actual Skew     : 1.774
            Info (332181): Slack           : 4.626
        Info (332181): Path #36: Slack is 4.643 
            Info (332181): Latest Path Arrival
                Info (332115): From Node          : bladerf_core:U_core|handshake:U_rx_epoch_ts_hi_handshake|source_holding[30]
                Info (332115): To Node            : bladerf_core:U_core|rx_epoch_ts_hi_sys[30]
                Info (332115): Launch Clock       : U_core|U_nios_system|axi_ad9361_0|i_dev_if|i_rx|i_altlvds_rx|auto_generated|pll_sclk~PLL_OUTPUT_COUNTER|divclk
                Info (332115): Latch Clock        : U_core|U_system_pll|altera_pll_i|general[0].gpll~PLL_OUTPUT_COUNTER|divclk
                Info (332115): Data Arrival Time  : 8.242
                Info (332115): Clock Arrival Time : 1.623
                Info (332115): Relative Delay     : 6.619
                Info (332115): Data Arrival Path:
                Info (332115): Total (ns)  Incr (ns)     Type  Element
                Info (332115): ==========  ========= ==  ====  ===================================
                Info (332115):      6.366      6.366  R        clock network delay
                Info (332115):      6.366      0.000     uTco  bladerf_core:U_core|handshake:U_rx_epoch_ts_hi_handshake|source_holding[30]
                Info (332115):      6.366      0.000 FF  CELL  U_core|U_rx_epoch_ts_hi_handshake|source_holding[30]|q
                Info (332115):      7.539      1.173 FF    IC  U_core|rx_epoch_ts_hi_sys[30]|asdata
                Info (332115):      8.242      0.703 FF  CELL  bladerf_core:U_core|rx_epoch_ts_hi_sys[30]
                Info (332115): Clock Arrival Path:
                Info (332115): Total (ns)  Incr (ns)     Type  Element
                Info (332115): ==========  ========= ==  ====  ===================================
                Info (332115):      1.783      1.783  R        clock network delay
                Info (332115):      1.623     -0.160           clock uncertainty
                Info (332115):      1.623      0.000     uTsu  bladerf_core:U_core|rx_epoch_ts_hi_sys[30]
            Info (332181): Earliest Path Arrival
                Info (332115): From Node          : bladerf_core:U_core|handshake:U_rx_epoch_ts_hi_handshake|source_holding[7]
                Info (332115): To Node            : bladerf_core:U_core|rx_epoch_ts_hi_sys[7]
                Info (332115): Launch Clock       : U_core|U_nios_system|axi_ad9361_0|i_dev_if|i_rx|i_altlvds_rx|auto_generated|pll_sclk~PLL_OUTPUT_COUNTER|divclk
                Info (332115): Latch Clock        : U_core|U_system_pll|altera_pll_i|general[0].gpll~PLL_OUTPUT_COUNTER|divclk
                Info (332115): Data Arrival Time  : 5.537
                Info (332115): Clock Arrival Time : 3.504
                Info (332115): Relative Delay     : 2.033
                Info (332115): Data Arrival Path:
                Info (332115): Total (ns)  Incr (ns)     Type  Element
                Info (332115): ==========  ========= ==  ====  ===================================
                Info (332115):      4.757      4.757  R        clock network delay
                Info (332115):      4.757      0.000     uTco  bladerf_core:U_core|handshake:U_rx_epoch_ts_hi_handshake|source_holding[7]
                Info (332115):      4.757      0.000 FF  CELL  U_core|U_rx_epoch_ts_hi_handshake|source_holding[7]|q
                Info (332115):      5.399      0.642 FF    IC  U_core|rx_epoch_ts_hi_sys[7]~feeder|dataf
                Info (332115):      5.454      0.055 FF  CELL  U_core|rx_epoch_ts_hi_sys[7]~feeder|combout
                Info (332115):      5.454      0.000 FF    IC  U_core|rx_epoch_ts_hi_sys[7]|d
                Info (332115):      5.537      0.083 FF  CELL  bladerf_core:U_core|rx_epoch_ts_hi_sys[7]
                Info (332115): Clock Arrival Path:
                Info (332115): Total (ns)  Incr (ns)     Type  Element
                Info (332115): ==========  ========= ==  ====  ===================================
                Info (332115):      3.344      3.344  R        clock network delay
                Info (332115):      3.504      0.160           clock uncertainty
                Info (332115):      3.504      0.000      uTh  bladerf_core:U_core|rx_epoch_ts_hi_sys[7]
            Info (332181): Cross Path Clock Pessimism Removed : 2.829
            Info (332181): Required Skew   : 6.400
            Info (332181): Actual Skew     : 1.757
            Info (332181): Slack           : 4.643
    Info (332181): Skew for the Earliest Arrival
        Info (332181): Path #37: Slack is 4.408 
            Info (332181): Latest Path Arrival
                Info (332115): From Node          : bladerf_core:U_core|handshake:U_rx_epoch_ts_hi_handshake|source_holding[13]
                Info (332115): To Node            : bladerf_core:U_core|rx_epoch_ts_hi_sys[13]
                Info (332115): Launch Clock       : U_core|U_nios_system|axi_ad9361_0|i_dev_if|i_rx|i_altlvds_rx|auto_generated|pll_sclk~PLL_OUTPUT_COUNTER|divclk
                Info (332115): Latch Clock        : U_core|U_system_pll|altera_pll_i|general[0].gpll~PLL_OUTPUT_COUNTER|divclk
                Info (332115): Data Arrival Time  : 8.470
                Info (332115): Clock Arrival Time : 1.616
                Info (332115): Relative Delay     : 6.854
                Info (332115): Data Arrival Path:
                Info (332115): Total (ns)  Incr (ns)     Type  Element
                Info (332115): ==========  ========= ==  ====  ===================================
                Info (332115):      6.368      6.368  R        clock network delay
                Info (332115):      6.368      0.000     uTco  bladerf_core:U_core|handshake:U_rx_epoch_ts_hi_handshake|source_holding[13]
                Info (332115):      6.368      0.000 FF  CELL  U_core|U_rx_epoch_ts_hi_handshake|source_holding[13]|q
                Info (332115):      7.769      1.401 FF    IC  U_core|rx_epoch_ts_hi_sys[13]|asdata
                Info (332115):      8.470      0.701 FF  CELL  bladerf_core:U_core|rx_epoch_ts_hi_sys[13]
                Info (332115): Clock Arrival Path:
                Info (332115): Total (ns)  Incr (ns)     Type  Element
                Info (332115): ==========  ========= ==  ====  ===================================
                Info (332115):      1.776      1.776  R        clock network delay
                Info (332115):      1.616     -0.160           clock uncertainty
                Info (332115):      1.616      0.000     uTsu  bladerf_core:U_core|rx_epoch_ts_hi_sys[13]
            Info (332181): Earliest Path Arrival
                Info (332115): From Node          : bladerf_core:U_core|handshake:U_rx_epoch_ts_hi_handshake|source_holding[7]
                Info (332115): To Node            : bladerf_core:U_core|rx_epoch_ts_hi_sys[7]
                Info (332115): Launch Clock       : U_core|U_nios_system|axi_ad9361_0|i_dev_if|i_rx|i_altlvds_rx|auto_generated|pll_sclk~PLL_OUTPUT_COUNTER|divclk
                Info (332115): Latch Clock        : U_core|U_system_pll|altera_pll_i|general[0].gpll~PLL_OUTPUT_COUNTER|divclk
                Info (332115): Data Arrival Time  : 5.537
                Info (332115): Clock Arrival Time : 3.504
                Info (332115): Relative Delay     : 2.033
                Info (332115): Data Arrival Path:
                Info (332115): Total (ns)  Incr (ns)     Type  Element
                Info (332115): ==========  ========= ==  ====  ===================================
                Info (332115):      4.757      4.757  R        clock network delay
                Info (332115):      4.757      0.000     uTco  bladerf_core:U_core|handshake:U_rx_epoch_ts_hi_handshake|source_holding[7]
                Info (332115):      4.757      0.000 FF  CELL  U_core|U_rx_epoch_ts_hi_handshake|source_holding[7]|q
                Info (332115):      5.399      0.642 FF    IC  U_core|rx_epoch_ts_hi_sys[7]~feeder|dataf
                Info (332115):      5.454      0.055 FF  CELL  U_core|rx_epoch_ts_hi_sys[7]~feeder|combout
                Info (332115):      5.454      0.000 FF    IC  U_core|rx_epoch_ts_hi_sys[7]|d
                Info (332115):      5.537      0.083 FF  CELL  bladerf_core:U_core|rx_epoch_ts_hi_sys[7]
                Info (332115): Clock Arrival Path:
                Info (332115): Total (ns)  Incr (ns)     Type  Element
                Info (332115): ==========  ========= ==  ====  ===================================
                Info (332115):      3.344      3.344  R        clock network delay
                Info (332115):      3.504      0.160           clock uncertainty
                Info (332115):      3.504      0.000      uTh  bladerf_core:U_core|rx_epoch_ts_hi_sys[7]
            Info (332181): Cross Path Clock Pessimism Removed : 2.829
            Info (332181): Required Skew   : 6.400
            Info (332181): Actual Skew     : 1.992
            Info (332181): Slack           : 4.408
        Info (332181): Path #38: Slack is 4.416 
            Info (332181): Latest Path Arrival
                Info (332115): From Node          : bladerf_core:U_core|handshake:U_rx_epoch_ts_hi_handshake|source_holding[13]
                Info (332115): To Node            : bladerf_core:U_core|rx_epoch_ts_hi_sys[13]
                Info (332115): Launch Clock       : U_core|U_nios_system|axi_ad9361_0|i_dev_if|i_rx|i_altlvds_rx|auto_generated|pll_sclk~PLL_OUTPUT_COUNTER|divclk
                Info (332115): Latch Clock        : U_core|U_system_pll|altera_pll_i|general[0].gpll~PLL_OUTPUT_COUNTER|divclk
                Info (332115): Data Arrival Time  : 8.470
                Info (332115): Clock Arrival Time : 1.616
                Info (332115): Relative Delay     : 6.854
                Info (332115): Data Arrival Path:
                Info (332115): Total (ns)  Incr (ns)     Type  Element
                Info (332115): ==========  ========= ==  ====  ===================================
                Info (332115):      6.368      6.368  R        clock network delay
                Info (332115):      6.368      0.000     uTco  bladerf_core:U_core|handshake:U_rx_epoch_ts_hi_handshake|source_holding[13]
                Info (332115):      6.368      0.000 FF  CELL  U_core|U_rx_epoch_ts_hi_handshake|source_holding[13]|q
                Info (332115):      7.769      1.401 FF    IC  U_core|rx_epoch_ts_hi_sys[13]|asdata
                Info (332115):      8.470      0.701 FF  CELL  bladerf_core:U_core|rx_epoch_ts_hi_sys[13]
                Info (332115): Clock Arrival Path:
                Info (332115): Total (ns)  Incr (ns)     Type  Element
                Info (332115): ==========  ========= ==  ====  ===================================
                Info (332115):      1.776      1.776  R        clock network delay
                Info (332115):      1.616     -0.160           clock uncertainty
                Info (332115):      1.616      0.000     uTsu  bladerf_core:U_core|rx_epoch_ts_hi_sys[13]
            Info (332181): Earliest Path Arrival
                Info (332115): From Node          : bladerf_core:U_core|handshake:U_rx_epoch_ts_hi_handshake|source_holding[1]
                Info (332115): To Node            : bladerf_core:U_core|rx_epoch_ts_hi_sys[1]
                Info (332115): Launch Clock       : U_core|U_nios_system|axi_ad9361_0|i_dev_if|i_rx|i_altlvds_rx|auto_generated|pll_sclk~PLL_OUTPUT_COUNTER|divclk
                Info (332115): Latch Clock        : U_core|U_system_pll|altera_pll_i|general[0].gpll~PLL_OUTPUT_COUNTER|divclk
                Info (332115): Data Arrival Time  : 5.551
                Info (332115): Clock Arrival Time : 3.510
                Info (332115): Relative Delay     : 2.041
                Info (332115): Data Arrival Path:
                Info (332115): Total (ns)  Incr (ns)     Type  Element
                Info (332115): ==========  ========= ==  ====  ===================================
                Info (332115):      4.757      4.757  R        clock network delay
                Info (332115):      4.757      0.000     uTco  bladerf_core:U_core|handshake:U_rx_epoch_ts_hi_handshake|source_holding[1]
                Info (332115):      4.757      0.000 FF  CELL  U_core|U_rx_epoch_ts_hi_handshake|source_holding[1]|q
                Info (332115):      5.414      0.657 FF    IC  U_core|rx_epoch_ts_hi_sys[1]~feeder|dataf
                Info (332115):      5.468      0.054 FF  CELL  U_core|rx_epoch_ts_hi_sys[1]~feeder|combout
                Info (332115):      5.468      0.000 FF    IC  U_core|rx_epoch_ts_hi_sys[1]|d
                Info (332115):      5.551      0.083 FF  CELL  bladerf_core:U_core|rx_epoch_ts_hi_sys[1]
                Info (332115): Clock Arrival Path:
                Info (332115): Total (ns)  Incr (ns)     Type  Element
                Info (332115): ==========  ========= ==  ====  ===================================
                Info (332115):      3.350      3.350  R        clock network delay
                Info (332115):      3.510      0.160           clock uncertainty
                Info (332115):      3.510      0.000      uTh  bladerf_core:U_core|rx_epoch_ts_hi_sys[1]
            Info (332181): Cross Path Clock Pessimism Removed : 2.829
            Info (332181): Required Skew   : 6.400
            Info (332181): Actual Skew     : 1.984
            Info (332181): Slack           : 4.416
        Info (332181): Path #39: Slack is 4.505 
            Info (332181): Latest Path Arrival
                Info (332115): From Node          : bladerf_core:U_core|handshake:U_rx_epoch_ts_hi_handshake|source_holding[13]
                Info (332115): To Node            : bladerf_core:U_core|rx_epoch_ts_hi_sys[13]
                Info (332115): Launch Clock       : U_core|U_nios_system|axi_ad9361_0|i_dev_if|i_rx|i_altlvds_rx|auto_generated|pll_sclk~PLL_OUTPUT_COUNTER|divclk
                Info (332115): Latch Clock        : U_core|U_system_pll|altera_pll_i|general[0].gpll~PLL_OUTPUT_COUNTER|divclk
                Info (332115): Data Arrival Time  : 8.470
                Info (332115): Clock Arrival Time : 1.616
                Info (332115): Relative Delay     : 6.854
                Info (332115): Data Arrival Path:
                Info (332115): Total (ns)  Incr (ns)     Type  Element
                Info (332115): ==========  ========= ==  ====  ===================================
                Info (332115):      6.368      6.368  R        clock network delay
                Info (332115):      6.368      0.000     uTco  bladerf_core:U_core|handshake:U_rx_epoch_ts_hi_handshake|source_holding[13]
                Info (332115):      6.368      0.000 FF  CELL  U_core|U_rx_epoch_ts_hi_handshake|source_holding[13]|q
                Info (332115):      7.769      1.401 FF    IC  U_core|rx_epoch_ts_hi_sys[13]|asdata
                Info (332115):      8.470      0.701 FF  CELL  bladerf_core:U_core|rx_epoch_ts_hi_sys[13]
                Info (332115): Clock Arrival Path:
                Info (332115): Total (ns)  Incr (ns)     Type  Element
                Info (332115): ==========  ========= ==  ====  ===================================
                Info (332115):      1.776      1.776  R        clock network delay
                Info (332115):      1.616     -0.160           clock uncertainty
                Info (332115):      1.616      0.000     uTsu  bladerf_core:U_core|rx_epoch_ts_hi_sys[13]
            Info (332181): Earliest Path Arrival
                Info (332115): From Node          : bladerf_core:U_core|handshake:U_rx_epoch_ts_hi_handshake|source_holding[27]
                Info (332115): To Node            : bladerf_core:U_core|rx_epoch_ts_hi_sys[27]
                Info (332115): Launch Clock       : U_core|U_nios_system|axi_ad9361_0|i_dev_if|i_rx|i_altlvds_rx|auto_generated|pll_sclk~PLL_OUTPUT_COUNTER|divclk
                Info (332115): Latch Clock        : U_core|U_system_pll|altera_pll_i|general[0].gpll~PLL_OUTPUT_COUNTER|divclk
                Info (332115): Data Arrival Time  : 5.616
                Info (332115): Clock Arrival Time : 3.486
                Info (332115): Relative Delay     : 2.130
                Info (332115): Data Arrival Path:
                Info (332115): Total (ns)  Incr (ns)     Type  Element
                Info (332115): ==========  ========= ==  ====  ===================================
                Info (332115):      4.739      4.739  R        clock network delay
                Info (332115):      4.739      0.000     uTco  bladerf_core:U_core|handshake:U_rx_epoch_ts_hi_handshake|source_holding[27]
                Info (332115):      4.739      0.000 FF  CELL  U_core|U_rx_epoch_ts_hi_handshake|source_holding[27]|q
                Info (332115):      5.142      0.403 FF    IC  U_core|rx_epoch_ts_hi_sys[27]~feeder|datac
                Info (332115):      5.533      0.391 FF  CELL  U_core|rx_epoch_ts_hi_sys[27]~feeder|combout
                Info (332115):      5.533      0.000 FF    IC  U_core|rx_epoch_ts_hi_sys[27]|d
                Info (332115):      5.616      0.083 FF  CELL  bladerf_core:U_core|rx_epoch_ts_hi_sys[27]
                Info (332115): Clock Arrival Path:
                Info (332115): Total (ns)  Incr (ns)     Type  Element
                Info (332115): ==========  ========= ==  ====  ===================================
                Info (332115):      3.326      3.326  R        clock network delay
                Info (332115):      3.486      0.160           clock uncertainty
                Info (332115):      3.486      0.000      uTh  bladerf_core:U_core|rx_epoch_ts_hi_sys[27]
            Info (332181): Cross Path Clock Pessimism Removed : 2.829
            Info (332181): Required Skew   : 6.400
            Info (332181): Actual Skew     : 1.895
            Info (332181): Slack           : 4.505
        Info (332181): Path #40: Slack is 4.514 
            Info (332181): Latest Path Arrival
                Info (332115): From Node          : bladerf_core:U_core|handshake:U_rx_epoch_ts_hi_handshake|source_holding[13]
                Info (332115): To Node            : bladerf_core:U_core|rx_epoch_ts_hi_sys[13]
                Info (332115): Launch Clock       : U_core|U_nios_system|axi_ad9361_0|i_dev_if|i_rx|i_altlvds_rx|auto_generated|pll_sclk~PLL_OUTPUT_COUNTER|divclk
                Info (332115): Latch Clock        : U_core|U_system_pll|altera_pll_i|general[0].gpll~PLL_OUTPUT_COUNTER|divclk
                Info (332115): Data Arrival Time  : 8.470
                Info (332115): Clock Arrival Time : 1.616
                Info (332115): Relative Delay     : 6.854
                Info (332115): Data Arrival Path:
                Info (332115): Total (ns)  Incr (ns)     Type  Element
                Info (332115): ==========  ========= ==  ====  ===================================
                Info (332115):      6.368      6.368  R        clock network delay
                Info (332115):      6.368      0.000     uTco  bladerf_core:U_core|handshake:U_rx_epoch_ts_hi_handshake|source_holding[13]
                Info (332115):      6.368      0.000 FF  CELL  U_core|U_rx_epoch_ts_hi_handshake|source_holding[13]|q
                Info (332115):      7.769      1.401 FF    IC  U_core|rx_epoch_ts_hi_sys[13]|asdata
                Info (332115):      8.470      0.701 FF  CELL  bladerf_core:U_core|rx_epoch_ts_hi_sys[13]
                Info (332115): Clock Arrival Path:
                Info (332115): Total (ns)  Incr (ns)     Type  Element
                Info (332115): ==========  ========= ==  ====  ===================================
                Info (332115):      1.776      1.776  R        clock network delay
                Info (332115):      1.616     -0.160           clock uncertainty
                Info (332115):      1.616      0.000     uTsu  bladerf_core:U_core|rx_epoch_ts_hi_sys[13]
            Info (332181): Earliest Path Arrival
                Info (332115): From Node          : bladerf_core:U_core|handshake:U_rx_epoch_ts_hi_handshake|source_holding[22]
                Info (332115): To Node            : bladerf_core:U_core|rx_epoch_ts_hi_sys[22]
                Info (332115): Launch Clock       : U_core|U_nios_system|axi_ad9361_0|i_dev_if|i_rx|i_altlvds_rx|auto_generated|pll_sclk~PLL_OUTPUT_COUNTER|divclk
                Info (332115): Latch Clock        : U_core|U_system_pll|altera_pll_i|general[0].gpll~PLL_OUTPUT_COUNTER|divclk
                Info (332115): Data Arrival Time  : 5.619
                Info (332115): Clock Arrival Time : 3.480
                Info (332115): Relative Delay     : 2.139
                Info (332115): Data Arrival Path:
                Info (332115): Total (ns)  Incr (ns)     Type  Element
                Info (332115): ==========  ========= ==  ====  ===================================
                Info (332115):      4.739      4.739  R        clock network delay
                Info (332115):      4.739      0.000     uTco  bladerf_core:U_core|handshake:U_rx_epoch_ts_hi_handshake|source_holding[22]
                Info (332115):      4.739      0.000 FF  CELL  U_core|U_rx_epoch_ts_hi_handshake|source_holding[22]|q
                Info (332115):      5.144      0.405 FF    IC  U_core|rx_epoch_ts_hi_sys[22]~feeder|datac
                Info (332115):      5.535      0.391 FF  CELL  U_core|rx_epoch_ts_hi_sys[22]~feeder|combout
                Info (332115):      5.535      0.000 FF    IC  U_core|rx_epoch_ts_hi_sys[22]|d
                Info (332115):      5.619      0.084 FF  CELL  bladerf_core:U_core|rx_epoch_ts_hi_sys[22]
                Info (332115): Clock Arrival Path:
                Info (332115): Total (ns)  Incr (ns)     Type  Element
                Info (332115): ==========  ========= ==  ====  ===================================
                Info (332115):      3.320      3.320  R        clock network delay
                Info (332115):      3.480      0.160           clock uncertainty
                Info (332115):      3.480      0.000      uTh  bladerf_core:U_core|rx_epoch_ts_hi_sys[22]
            Info (332181): Cross Path Clock Pessimism Removed : 2.829
            Info (332181): Required Skew   : 6.400
            Info (332181): Actual Skew     : 1.886
            Info (332181): Slack           : 4.514
Info (332115): Worst-case slack is 4.481 for "set_max_skew -from [get_keepers {*U_handshake_tx_underflow|source_holding[*]}] -to [get_keepers {*bladerf_core:*|tx_unf_sys_q[*]}] 6.400 "
    Info (332181): Skew for the Latest Arrival
        Info (332181): Path #41: Slack is 4.481 
            Info (332181): Latest Path Arrival
                Info (332115): From Node          : bladerf_core:U_core|handshake:U_handshake_tx_underflow|source_holding[51]
                Info (332115): To Node            : bladerf_core:U_core|tx_unf_sys_q[51]
                Info (332115): Launch Clock       : U_core|U_nios_system|axi_ad9361_0|i_dev_if|i_rx|i_altlvds_rx|auto_generated|pll_sclk~PLL_OUTPUT_COUNTER|divclk
                Info (332115): Latch Clock        : U_core|U_system_pll|altera_pll_i|general[0].gpll~PLL_OUTPUT_COUNTER|divclk
                Info (332115): Data Arrival Time  : 8.277
                Info (332115): Clock Arrival Time : 1.612
                Info (332115): Relative Delay     : 6.665
                Info (332115): Data Arrival Path:
                Info (332115): Total (ns)  Incr (ns)     Type  Element
                Info (332115): ==========  ========= ==  ====  ===================================
                Info (332115):      6.338      6.338  R        clock network delay
                Info (332115):      6.338      0.000     uTco  bladerf_core:U_core|handshake:U_handshake_tx_underflow|source_holding[51]
                Info (332115):      6.338      0.000 FF  CELL  U_core|U_handshake_tx_underflow|source_holding[51]|q
                Info (332115):      7.632      1.294 FF    IC  U_core|tx_unf_sys_q[51]|asdata
                Info (332115):      8.277      0.645 FF  CELL  bladerf_core:U_core|tx_unf_sys_q[51]
                Info (332115): Clock Arrival Path:
                Info (332115): Total (ns)  Incr (ns)     Type  Element
                Info (332115): ==========  ========= ==  ====  ===================================
                Info (332115):      1.772      1.772  R        clock network delay
                Info (332115):      1.612     -0.160           clock uncertainty
                Info (332115):      1.612      0.000     uTsu  bladerf_core:U_core|tx_unf_sys_q[51]
            Info (332181): Earliest Path Arrival
                Info (332115): From Node          : bladerf_core:U_core|handshake:U_handshake_tx_underflow|source_holding[6]
                Info (332115): To Node            : bladerf_core:U_core|tx_unf_sys_q[6]
                Info (332115): Launch Clock       : U_core|U_nios_system|axi_ad9361_0|i_dev_if|i_rx|i_altlvds_rx|auto_generated|pll_sclk~PLL_OUTPUT_COUNTER|divclk
                Info (332115): Latch Clock        : U_core|U_system_pll|altera_pll_i|general[0].gpll~PLL_OUTPUT_COUNTER|divclk
                Info (332115): Data Arrival Time  : 5.407
                Info (332115): Clock Arrival Time : 3.490
                Info (332115): Relative Delay     : 1.917
                Info (332115): Data Arrival Path:
                Info (332115): Total (ns)  Incr (ns)     Type  Element
                Info (332115): ==========  ========= ==  ====  ===================================
                Info (332115):      4.740      4.740  R        clock network delay
                Info (332115):      4.740      0.000     uTco  bladerf_core:U_core|handshake:U_handshake_tx_underflow|source_holding[6]
                Info (332115):      4.740      0.000 FF  CELL  U_core|U_handshake_tx_underflow|source_holding[6]|q
                Info (332115):      5.269      0.529 FF    IC  U_core|tx_unf_sys_q[6]~feeder|dataf
                Info (332115):      5.324      0.055 FF  CELL  U_core|tx_unf_sys_q[6]~feeder|combout
                Info (332115):      5.324      0.000 FF    IC  U_core|tx_unf_sys_q[6]|d
                Info (332115):      5.407      0.083 FF  CELL  bladerf_core:U_core|tx_unf_sys_q[6]
                Info (332115): Clock Arrival Path:
                Info (332115): Total (ns)  Incr (ns)     Type  Element
                Info (332115): ==========  ========= ==  ====  ===================================
                Info (332115):      3.330      3.330  R        clock network delay
                Info (332115):      3.490      0.160           clock uncertainty
                Info (332115):      3.490      0.000      uTh  bladerf_core:U_core|tx_unf_sys_q[6]
            Info (332181): Cross Path Clock Pessimism Removed : 2.829
            Info (332181): Required Skew   : 6.400
            Info (332181): Actual Skew     : 1.919
            Info (332181): Slack           : 4.481
        Info (332181): Path #42: Slack is 4.515 
            Info (332181): Latest Path Arrival
                Info (332115): From Node          : bladerf_core:U_core|handshake:U_handshake_tx_underflow|source_holding[63]
                Info (332115): To Node            : bladerf_core:U_core|tx_unf_sys_q[63]
                Info (332115): Launch Clock       : U_core|U_nios_system|axi_ad9361_0|i_dev_if|i_rx|i_altlvds_rx|auto_generated|pll_sclk~PLL_OUTPUT_COUNTER|divclk
                Info (332115): Latch Clock        : U_core|U_system_pll|altera_pll_i|general[0].gpll~PLL_OUTPUT_COUNTER|divclk
                Info (332115): Data Arrival Time  : 8.250
                Info (332115): Clock Arrival Time : 1.619
                Info (332115): Relative Delay     : 6.631
                Info (332115): Data Arrival Path:
                Info (332115): Total (ns)  Incr (ns)     Type  Element
                Info (332115): ==========  ========= ==  ====  ===================================
                Info (332115):      6.338      6.338  R        clock network delay
                Info (332115):      6.338      0.000     uTco  bladerf_core:U_core|handshake:U_handshake_tx_underflow|source_holding[63]
                Info (332115):      6.338      0.000 FF  CELL  U_core|U_handshake_tx_underflow|source_holding[63]|q
                Info (332115):      7.603      1.265 FF    IC  U_core|tx_unf_sys_q[63]|asdata
                Info (332115):      8.250      0.647 FF  CELL  bladerf_core:U_core|tx_unf_sys_q[63]
                Info (332115): Clock Arrival Path:
                Info (332115): Total (ns)  Incr (ns)     Type  Element
                Info (332115): ==========  ========= ==  ====  ===================================
                Info (332115):      1.779      1.779  R        clock network delay
                Info (332115):      1.619     -0.160           clock uncertainty
                Info (332115):      1.619      0.000     uTsu  bladerf_core:U_core|tx_unf_sys_q[63]
            Info (332181): Earliest Path Arrival
                Info (332115): From Node          : bladerf_core:U_core|handshake:U_handshake_tx_underflow|source_holding[6]
                Info (332115): To Node            : bladerf_core:U_core|tx_unf_sys_q[6]
                Info (332115): Launch Clock       : U_core|U_nios_system|axi_ad9361_0|i_dev_if|i_rx|i_altlvds_rx|auto_generated|pll_sclk~PLL_OUTPUT_COUNTER|divclk
                Info (332115): Latch Clock        : U_core|U_system_pll|altera_pll_i|general[0].gpll~PLL_OUTPUT_COUNTER|divclk
                Info (332115): Data Arrival Time  : 5.407
                Info (332115): Clock Arrival Time : 3.490
                Info (332115): Relative Delay     : 1.917
                Info (332115): Data Arrival Path:
                Info (332115): Total (ns)  Incr (ns)     Type  Element
                Info (332115): ==========  ========= ==  ====  ===================================
                Info (332115):      4.740      4.740  R        clock network delay
                Info (332115):      4.740      0.000     uTco  bladerf_core:U_core|handshake:U_handshake_tx_underflow|source_holding[6]
                Info (332115):      4.740      0.000 FF  CELL  U_core|U_handshake_tx_underflow|source_holding[6]|q
                Info (332115):      5.269      0.529 FF    IC  U_core|tx_unf_sys_q[6]~feeder|dataf
                Info (332115):      5.324      0.055 FF  CELL  U_core|tx_unf_sys_q[6]~feeder|combout
                Info (332115):      5.324      0.000 FF    IC  U_core|tx_unf_sys_q[6]|d
                Info (332115):      5.407      0.083 FF  CELL  bladerf_core:U_core|tx_unf_sys_q[6]
                Info (332115): Clock Arrival Path:
                Info (332115): Total (ns)  Incr (ns)     Type  Element
                Info (332115): ==========  ========= ==  ====  ===================================
                Info (332115):      3.330      3.330  R        clock network delay
                Info (332115):      3.490      0.160           clock uncertainty
                Info (332115):      3.490      0.000      uTh  bladerf_core:U_core|tx_unf_sys_q[6]
            Info (332181): Cross Path Clock Pessimism Removed : 2.829
            Info (332181): Required Skew   : 6.400
            Info (332181): Actual Skew     : 1.885
            Info (332181): Slack           : 4.515
        Info (332181): Path #43: Slack is 4.553 
            Info (332181): Latest Path Arrival
                Info (332115): From Node          : bladerf_core:U_core|handshake:U_handshake_tx_underflow|source_holding[50]
                Info (332115): To Node            : bladerf_core:U_core|tx_unf_sys_q[50]
                Info (332115): Launch Clock       : U_core|U_nios_system|axi_ad9361_0|i_dev_if|i_rx|i_altlvds_rx|auto_generated|pll_sclk~PLL_OUTPUT_COUNTER|divclk
                Info (332115): Latch Clock        : U_core|U_system_pll|altera_pll_i|general[0].gpll~PLL_OUTPUT_COUNTER|divclk
                Info (332115): Data Arrival Time  : 8.217
                Info (332115): Clock Arrival Time : 1.624
                Info (332115): Relative Delay     : 6.593
                Info (332115): Data Arrival Path:
                Info (332115): Total (ns)  Incr (ns)     Type  Element
                Info (332115): ==========  ========= ==  ====  ===================================
                Info (332115):      6.339      6.339  R        clock network delay
                Info (332115):      6.339      0.000     uTco  bladerf_core:U_core|handshake:U_handshake_tx_underflow|source_holding[50]
                Info (332115):      6.339      0.000 FF  CELL  U_core|U_handshake_tx_underflow|source_holding[50]|q
                Info (332115):      7.824      1.485 FF    IC  U_core|tx_unf_sys_q[50]~feeder|dataf
                Info (332115):      7.910      0.086 FF  CELL  U_core|tx_unf_sys_q[50]~feeder|combout
                Info (332115):      7.910      0.000 FF    IC  U_core|tx_unf_sys_q[50]|d
                Info (332115):      8.217      0.307 FF  CELL  bladerf_core:U_core|tx_unf_sys_q[50]
                Info (332115): Clock Arrival Path:
                Info (332115): Total (ns)  Incr (ns)     Type  Element
                Info (332115): ==========  ========= ==  ====  ===================================
                Info (332115):      1.784      1.784  R        clock network delay
                Info (332115):      1.624     -0.160           clock uncertainty
                Info (332115):      1.624      0.000     uTsu  bladerf_core:U_core|tx_unf_sys_q[50]
            Info (332181): Earliest Path Arrival
                Info (332115): From Node          : bladerf_core:U_core|handshake:U_handshake_tx_underflow|source_holding[6]
                Info (332115): To Node            : bladerf_core:U_core|tx_unf_sys_q[6]
                Info (332115): Launch Clock       : U_core|U_nios_system|axi_ad9361_0|i_dev_if|i_rx|i_altlvds_rx|auto_generated|pll_sclk~PLL_OUTPUT_COUNTER|divclk
                Info (332115): Latch Clock        : U_core|U_system_pll|altera_pll_i|general[0].gpll~PLL_OUTPUT_COUNTER|divclk
                Info (332115): Data Arrival Time  : 5.407
                Info (332115): Clock Arrival Time : 3.490
                Info (332115): Relative Delay     : 1.917
                Info (332115): Data Arrival Path:
                Info (332115): Total (ns)  Incr (ns)     Type  Element
                Info (332115): ==========  ========= ==  ====  ===================================
                Info (332115):      4.740      4.740  R        clock network delay
                Info (332115):      4.740      0.000     uTco  bladerf_core:U_core|handshake:U_handshake_tx_underflow|source_holding[6]
                Info (332115):      4.740      0.000 FF  CELL  U_core|U_handshake_tx_underflow|source_holding[6]|q
                Info (332115):      5.269      0.529 FF    IC  U_core|tx_unf_sys_q[6]~feeder|dataf
                Info (332115):      5.324      0.055 FF  CELL  U_core|tx_unf_sys_q[6]~feeder|combout
                Info (332115):      5.324      0.000 FF    IC  U_core|tx_unf_sys_q[6]|d
                Info (332115):      5.407      0.083 FF  CELL  bladerf_core:U_core|tx_unf_sys_q[6]
                Info (332115): Clock Arrival Path:
                Info (332115): Total (ns)  Incr (ns)     Type  Element
                Info (332115): ==========  ========= ==  ====  ===================================
                Info (332115):      3.330      3.330  R        clock network delay
                Info (332115):      3.490      0.160           clock uncertainty
                Info (332115):      3.490      0.000      uTh  bladerf_core:U_core|tx_unf_sys_q[6]
            Info (332181): Cross Path Clock Pessimism Removed : 2.829
            Info (332181): Required Skew   : 6.400
            Info (332181): Actual Skew     : 1.847
            Info (332181): Slack           : 4.553
        Info (332181): Path #44: Slack is 4.560 
            Info (332181): Latest Path Arrival
                Info (332115): From Node          : bladerf_core:U_core|handshake:U_handshake_tx_underflow|source_holding[60]
                Info (332115): To Node            : bladerf_core:U_core|tx_unf_sys_q[60]
                Info (332115): Launch Clock       : U_core|U_nios_system|axi_ad9361_0|i_dev_if|i_rx|i_altlvds_rx|auto_generated|pll_sclk~PLL_OUTPUT_COUNTER|divclk
                Info (332115): Latch Clock        : U_core|U_system_pll|altera_pll_i|general[0].gpll~PLL_OUTPUT_COUNTER|divclk
                Info (332115): Data Arrival Time  : 8.210
                Info (332115): Clock Arrival Time : 1.624
                Info (332115): Relative Delay     : 6.586
                Info (332115): Data Arrival Path:
                Info (332115): Total (ns)  Incr (ns)     Type  Element
                Info (332115): ==========  ========= ==  ====  ===================================
                Info (332115):      6.341      6.341  R        clock network delay
                Info (332115):      6.341      0.000     uTco  bladerf_core:U_core|handshake:U_handshake_tx_underflow|source_holding[60]
                Info (332115):      6.341      0.000 FF  CELL  U_core|U_handshake_tx_underflow|source_holding[60]|q
                Info (332115):      7.484      1.143 FF    IC  U_core|tx_unf_sys_q[60]|asdata
                Info (332115):      8.210      0.726 FF  CELL  bladerf_core:U_core|tx_unf_sys_q[60]
                Info (332115): Clock Arrival Path:
                Info (332115): Total (ns)  Incr (ns)     Type  Element
                Info (332115): ==========  ========= ==  ====  ===================================
                Info (332115):      1.784      1.784  R        clock network delay
                Info (332115):      1.624     -0.160           clock uncertainty
                Info (332115):      1.624      0.000     uTsu  bladerf_core:U_core|tx_unf_sys_q[60]
            Info (332181): Earliest Path Arrival
                Info (332115): From Node          : bladerf_core:U_core|handshake:U_handshake_tx_underflow|source_holding[6]
                Info (332115): To Node            : bladerf_core:U_core|tx_unf_sys_q[6]
                Info (332115): Launch Clock       : U_core|U_nios_system|axi_ad9361_0|i_dev_if|i_rx|i_altlvds_rx|auto_generated|pll_sclk~PLL_OUTPUT_COUNTER|divclk
                Info (332115): Latch Clock        : U_core|U_system_pll|altera_pll_i|general[0].gpll~PLL_OUTPUT_COUNTER|divclk
                Info (332115): Data Arrival Time  : 5.407
                Info (332115): Clock Arrival Time : 3.490
                Info (332115): Relative Delay     : 1.917
                Info (332115): Data Arrival Path:
                Info (332115): Total (ns)  Incr (ns)     Type  Element
                Info (332115): ==========  ========= ==  ====  ===================================
                Info (332115):      4.740      4.740  R        clock network delay
                Info (332115):      4.740      0.000     uTco  bladerf_core:U_core|handshake:U_handshake_tx_underflow|source_holding[6]
                Info (332115):      4.740      0.000 FF  CELL  U_core|U_handshake_tx_underflow|source_holding[6]|q
                Info (332115):      5.269      0.529 FF    IC  U_core|tx_unf_sys_q[6]~feeder|dataf
                Info (332115):      5.324      0.055 FF  CELL  U_core|tx_unf_sys_q[6]~feeder|combout
                Info (332115):      5.324      0.000 FF    IC  U_core|tx_unf_sys_q[6]|d
                Info (332115):      5.407      0.083 FF  CELL  bladerf_core:U_core|tx_unf_sys_q[6]
                Info (332115): Clock Arrival Path:
                Info (332115): Total (ns)  Incr (ns)     Type  Element
                Info (332115): ==========  ========= ==  ====  ===================================
                Info (332115):      3.330      3.330  R        clock network delay
                Info (332115):      3.490      0.160           clock uncertainty
                Info (332115):      3.490      0.000      uTh  bladerf_core:U_core|tx_unf_sys_q[6]
            Info (332181): Cross Path Clock Pessimism Removed : 2.829
            Info (332181): Required Skew   : 6.400
            Info (332181): Actual Skew     : 1.840
            Info (332181): Slack           : 4.560
    Info (332181): Skew for the Earliest Arrival
        Info (332181): Path #45: Slack is 4.481 
            Info (332181): Latest Path Arrival
                Info (332115): From Node          : bladerf_core:U_core|handshake:U_handshake_tx_underflow|source_holding[51]
                Info (332115): To Node            : bladerf_core:U_core|tx_unf_sys_q[51]
                Info (332115): Launch Clock       : U_core|U_nios_system|axi_ad9361_0|i_dev_if|i_rx|i_altlvds_rx|auto_generated|pll_sclk~PLL_OUTPUT_COUNTER|divclk
                Info (332115): Latch Clock        : U_core|U_system_pll|altera_pll_i|general[0].gpll~PLL_OUTPUT_COUNTER|divclk
                Info (332115): Data Arrival Time  : 8.277
                Info (332115): Clock Arrival Time : 1.612
                Info (332115): Relative Delay     : 6.665
                Info (332115): Data Arrival Path:
                Info (332115): Total (ns)  Incr (ns)     Type  Element
                Info (332115): ==========  ========= ==  ====  ===================================
                Info (332115):      6.338      6.338  R        clock network delay
                Info (332115):      6.338      0.000     uTco  bladerf_core:U_core|handshake:U_handshake_tx_underflow|source_holding[51]
                Info (332115):      6.338      0.000 FF  CELL  U_core|U_handshake_tx_underflow|source_holding[51]|q
                Info (332115):      7.632      1.294 FF    IC  U_core|tx_unf_sys_q[51]|asdata
                Info (332115):      8.277      0.645 FF  CELL  bladerf_core:U_core|tx_unf_sys_q[51]
                Info (332115): Clock Arrival Path:
                Info (332115): Total (ns)  Incr (ns)     Type  Element
                Info (332115): ==========  ========= ==  ====  ===================================
                Info (332115):      1.772      1.772  R        clock network delay
                Info (332115):      1.612     -0.160           clock uncertainty
                Info (332115):      1.612      0.000     uTsu  bladerf_core:U_core|tx_unf_sys_q[51]
            Info (332181): Earliest Path Arrival
                Info (332115): From Node          : bladerf_core:U_core|handshake:U_handshake_tx_underflow|source_holding[6]
                Info (332115): To Node            : bladerf_core:U_core|tx_unf_sys_q[6]
                Info (332115): Launch Clock       : U_core|U_nios_system|axi_ad9361_0|i_dev_if|i_rx|i_altlvds_rx|auto_generated|pll_sclk~PLL_OUTPUT_COUNTER|divclk
                Info (332115): Latch Clock        : U_core|U_system_pll|altera_pll_i|general[0].gpll~PLL_OUTPUT_COUNTER|divclk
                Info (332115): Data Arrival Time  : 5.407
                Info (332115): Clock Arrival Time : 3.490
                Info (332115): Relative Delay     : 1.917
                Info (332115): Data Arrival Path:
                Info (332115): Total (ns)  Incr (ns)     Type  Element
                Info (332115): ==========  ========= ==  ====  ===================================
                Info (332115):      4.740      4.740  R        clock network delay
                Info (332115):      4.740      0.000     uTco  bladerf_core:U_core|handshake:U_handshake_tx_underflow|source_holding[6]
                Info (332115):      4.740      0.000 FF  CELL  U_core|U_handshake_tx_underflow|source_holding[6]|q
                Info (332115):      5.269      0.529 FF    IC  U_core|tx_unf_sys_q[6]~feeder|dataf
                Info (332115):      5.324      0.055 FF  CELL  U_core|tx_unf_sys_q[6]~feeder|combout
                Info (332115):      5.324      0.000 FF    IC  U_core|tx_unf_sys_q[6]|d
                Info (332115):      5.407      0.083 FF  CELL  bladerf_core:U_core|tx_unf_sys_q[6]
                Info (332115): Clock Arrival Path:
                Info (332115): Total (ns)  Incr (ns)     Type  Element
                Info (332115): ==========  ========= ==  ====  ===================================
                Info (332115):      3.330      3.330  R        clock network delay
                Info (332115):      3.490      0.160           clock uncertainty
                Info (332115):      3.490      0.000      uTh  bladerf_core:U_core|tx_unf_sys_q[6]
            Info (332181): Cross Path Clock Pessimism Removed : 2.829
            Info (332181): Required Skew   : 6.400
            Info (332181): Actual Skew     : 1.919
            Info (332181): Slack           : 4.481
        Info (332181): Path #46: Slack is 4.569 
            Info (332181): Latest Path Arrival
                Info (332115): From Node          : bladerf_core:U_core|handshake:U_handshake_tx_underflow|source_holding[51]
                Info (332115): To Node            : bladerf_core:U_core|tx_unf_sys_q[51]
                Info (332115): Launch Clock       : U_core|U_nios_system|axi_ad9361_0|i_dev_if|i_rx|i_altlvds_rx|auto_generated|pll_sclk~PLL_OUTPUT_COUNTER|divclk
                Info (332115): Latch Clock        : U_core|U_system_pll|altera_pll_i|general[0].gpll~PLL_OUTPUT_COUNTER|divclk
                Info (332115): Data Arrival Time  : 8.277
                Info (332115): Clock Arrival Time : 1.612
                Info (332115): Relative Delay     : 6.665
                Info (332115): Data Arrival Path:
                Info (332115): Total (ns)  Incr (ns)     Type  Element
                Info (332115): ==========  ========= ==  ====  ===================================
                Info (332115):      6.338      6.338  R        clock network delay
                Info (332115):      6.338      0.000     uTco  bladerf_core:U_core|handshake:U_handshake_tx_underflow|source_holding[51]
                Info (332115):      6.338      0.000 FF  CELL  U_core|U_handshake_tx_underflow|source_holding[51]|q
                Info (332115):      7.632      1.294 FF    IC  U_core|tx_unf_sys_q[51]|asdata
                Info (332115):      8.277      0.645 FF  CELL  bladerf_core:U_core|tx_unf_sys_q[51]
                Info (332115): Clock Arrival Path:
                Info (332115): Total (ns)  Incr (ns)     Type  Element
                Info (332115): ==========  ========= ==  ====  ===================================
                Info (332115):      1.772      1.772  R        clock network delay
                Info (332115):      1.612     -0.160           clock uncertainty
                Info (332115):      1.612      0.000     uTsu  bladerf_core:U_core|tx_unf_sys_q[51]
            Info (332181): Earliest Path Arrival
                Info (332115): From Node          : bladerf_core:U_core|handshake:U_handshake_tx_underflow|source_holding[10]
                Info (332115): To Node            : bladerf_core:U_core|tx_unf_sys_q[10]
                Info (332115): Launch Clock       : U_core|U_nios_system|axi_ad9361_0|i_dev_if|i_rx|i_altlvds_rx|auto_generated|pll_sclk~PLL_OUTPUT_COUNTER|divclk
                Info (332115): Latch Clock        : U_core|U_system_pll|altera_pll_i|general[0].gpll~PLL_OUTPUT_COUNTER|divclk
                Info (332115): Data Arrival Time  : 5.502
                Info (332115): Clock Arrival Time : 3.497
                Info (332115): Relative Delay     : 2.005
                Info (332115): Data Arrival Path:
                Info (332115): Total (ns)  Incr (ns)     Type  Element
                Info (332115): ==========  ========= ==  ====  ===================================
                Info (332115):      4.740      4.740  R        clock network delay
                Info (332115):      4.740      0.000     uTco  bladerf_core:U_core|handshake:U_handshake_tx_underflow|source_holding[10]
                Info (332115):      4.740      0.000 FF  CELL  U_core|U_handshake_tx_underflow|source_holding[10]|q
                Info (332115):      5.365      0.625 FF    IC  U_core|tx_unf_sys_q[10]~feeder|dataf
                Info (332115):      5.419      0.054 FF  CELL  U_core|tx_unf_sys_q[10]~feeder|combout
                Info (332115):      5.419      0.000 FF    IC  U_core|tx_unf_sys_q[10]|d
                Info (332115):      5.502      0.083 FF  CELL  bladerf_core:U_core|tx_unf_sys_q[10]
                Info (332115): Clock Arrival Path:
                Info (332115): Total (ns)  Incr (ns)     Type  Element
                Info (332115): ==========  ========= ==  ====  ===================================
                Info (332115):      3.337      3.337  R        clock network delay
                Info (332115):      3.497      0.160           clock uncertainty
                Info (332115):      3.497      0.000      uTh  bladerf_core:U_core|tx_unf_sys_q[10]
            Info (332181): Cross Path Clock Pessimism Removed : 2.829
            Info (332181): Required Skew   : 6.400
            Info (332181): Actual Skew     : 1.831
            Info (332181): Slack           : 4.569
        Info (332181): Path #47: Slack is 4.582 
            Info (332181): Latest Path Arrival
                Info (332115): From Node          : bladerf_core:U_core|handshake:U_handshake_tx_underflow|source_holding[51]
                Info (332115): To Node            : bladerf_core:U_core|tx_unf_sys_q[51]
                Info (332115): Launch Clock       : U_core|U_nios_system|axi_ad9361_0|i_dev_if|i_rx|i_altlvds_rx|auto_generated|pll_sclk~PLL_OUTPUT_COUNTER|divclk
                Info (332115): Latch Clock        : U_core|U_system_pll|altera_pll_i|general[0].gpll~PLL_OUTPUT_COUNTER|divclk
                Info (332115): Data Arrival Time  : 8.277
                Info (332115): Clock Arrival Time : 1.612
                Info (332115): Relative Delay     : 6.665
                Info (332115): Data Arrival Path:
                Info (332115): Total (ns)  Incr (ns)     Type  Element
                Info (332115): ==========  ========= ==  ====  ===================================
                Info (332115):      6.338      6.338  R        clock network delay
                Info (332115):      6.338      0.000     uTco  bladerf_core:U_core|handshake:U_handshake_tx_underflow|source_holding[51]
                Info (332115):      6.338      0.000 FF  CELL  U_core|U_handshake_tx_underflow|source_holding[51]|q
                Info (332115):      7.632      1.294 FF    IC  U_core|tx_unf_sys_q[51]|asdata
                Info (332115):      8.277      0.645 FF  CELL  bladerf_core:U_core|tx_unf_sys_q[51]
                Info (332115): Clock Arrival Path:
                Info (332115): Total (ns)  Incr (ns)     Type  Element
                Info (332115): ==========  ========= ==  ====  ===================================
                Info (332115):      1.772      1.772  R        clock network delay
                Info (332115):      1.612     -0.160           clock uncertainty
                Info (332115):      1.612      0.000     uTsu  bladerf_core:U_core|tx_unf_sys_q[51]
            Info (332181): Earliest Path Arrival
                Info (332115): From Node          : bladerf_core:U_core|handshake:U_handshake_tx_underflow|source_holding[55]
                Info (332115): To Node            : bladerf_core:U_core|tx_unf_sys_q[55]
                Info (332115): Launch Clock       : U_core|U_nios_system|axi_ad9361_0|i_dev_if|i_rx|i_altlvds_rx|auto_generated|pll_sclk~PLL_OUTPUT_COUNTER|divclk
                Info (332115): Latch Clock        : U_core|U_system_pll|altera_pll_i|general[0].gpll~PLL_OUTPUT_COUNTER|divclk
                Info (332115): Data Arrival Time  : 5.533
                Info (332115): Clock Arrival Time : 3.515
                Info (332115): Relative Delay     : 2.018
                Info (332115): Data Arrival Path:
                Info (332115): Total (ns)  Incr (ns)     Type  Element
                Info (332115): ==========  ========= ==  ====  ===================================
                Info (332115):      4.742      4.742  R        clock network delay
                Info (332115):      4.742      0.000     uTco  bladerf_core:U_core|handshake:U_handshake_tx_underflow|source_holding[55]
                Info (332115):      4.742      0.000 FF  CELL  U_core|U_handshake_tx_underflow|source_holding[55]|q
                Info (332115):      5.398      0.656 FF    IC  U_core|tx_unf_sys_q[55]~feeder|dataf
                Info (332115):      5.452      0.054 FF  CELL  U_core|tx_unf_sys_q[55]~feeder|combout
                Info (332115):      5.452      0.000 FF    IC  U_core|tx_unf_sys_q[55]|d
                Info (332115):      5.533      0.081 FF  CELL  bladerf_core:U_core|tx_unf_sys_q[55]
                Info (332115): Clock Arrival Path:
                Info (332115): Total (ns)  Incr (ns)     Type  Element
                Info (332115): ==========  ========= ==  ====  ===================================
                Info (332115):      3.355      3.355  R        clock network delay
                Info (332115):      3.515      0.160           clock uncertainty
                Info (332115):      3.515      0.000      uTh  bladerf_core:U_core|tx_unf_sys_q[55]
            Info (332181): Cross Path Clock Pessimism Removed : 2.829
            Info (332181): Required Skew   : 6.400
            Info (332181): Actual Skew     : 1.818
            Info (332181): Slack           : 4.582
        Info (332181): Path #48: Slack is 4.595 
            Info (332181): Latest Path Arrival
                Info (332115): From Node          : bladerf_core:U_core|handshake:U_handshake_tx_underflow|source_holding[51]
                Info (332115): To Node            : bladerf_core:U_core|tx_unf_sys_q[51]
                Info (332115): Launch Clock       : U_core|U_nios_system|axi_ad9361_0|i_dev_if|i_rx|i_altlvds_rx|auto_generated|pll_sclk~PLL_OUTPUT_COUNTER|divclk
                Info (332115): Latch Clock        : U_core|U_system_pll|altera_pll_i|general[0].gpll~PLL_OUTPUT_COUNTER|divclk
                Info (332115): Data Arrival Time  : 8.277
                Info (332115): Clock Arrival Time : 1.612
                Info (332115): Relative Delay     : 6.665
                Info (332115): Data Arrival Path:
                Info (332115): Total (ns)  Incr (ns)     Type  Element
                Info (332115): ==========  ========= ==  ====  ===================================
                Info (332115):      6.338      6.338  R        clock network delay
                Info (332115):      6.338      0.000     uTco  bladerf_core:U_core|handshake:U_handshake_tx_underflow|source_holding[51]
                Info (332115):      6.338      0.000 FF  CELL  U_core|U_handshake_tx_underflow|source_holding[51]|q
                Info (332115):      7.632      1.294 FF    IC  U_core|tx_unf_sys_q[51]|asdata
                Info (332115):      8.277      0.645 FF  CELL  bladerf_core:U_core|tx_unf_sys_q[51]
                Info (332115): Clock Arrival Path:
                Info (332115): Total (ns)  Incr (ns)     Type  Element
                Info (332115): ==========  ========= ==  ====  ===================================
                Info (332115):      1.772      1.772  R        clock network delay
                Info (332115):      1.612     -0.160           clock uncertainty
                Info (332115):      1.612      0.000     uTsu  bladerf_core:U_core|tx_unf_sys_q[51]
            Info (332181): Earliest Path Arrival
                Info (332115): From Node          : bladerf_core:U_core|handshake:U_handshake_tx_underflow|source_holding[39]
                Info (332115): To Node            : bladerf_core:U_core|tx_unf_sys_q[39]
                Info (332115): Launch Clock       : U_core|U_nios_system|axi_ad9361_0|i_dev_if|i_rx|i_altlvds_rx|auto_generated|pll_sclk~PLL_OUTPUT_COUNTER|divclk
                Info (332115): Latch Clock        : U_core|U_system_pll|altera_pll_i|general[0].gpll~PLL_OUTPUT_COUNTER|divclk
                Info (332115): Data Arrival Time  : 5.552
                Info (332115): Clock Arrival Time : 3.521
                Info (332115): Relative Delay     : 2.031
                Info (332115): Data Arrival Path:
                Info (332115): Total (ns)  Incr (ns)     Type  Element
                Info (332115): ==========  ========= ==  ====  ===================================
                Info (332115):      4.757      4.757  R        clock network delay
                Info (332115):      4.757      0.000     uTco  bladerf_core:U_core|handshake:U_handshake_tx_underflow|source_holding[39]
                Info (332115):      4.757      0.000 FF  CELL  U_core|U_handshake_tx_underflow|source_holding[39]|q
                Info (332115):      5.415      0.658 FF    IC  U_core|tx_unf_sys_q[39]~feeder|dataf
                Info (332115):      5.470      0.055 FF  CELL  U_core|tx_unf_sys_q[39]~feeder|combout
                Info (332115):      5.470      0.000 FF    IC  U_core|tx_unf_sys_q[39]|d
                Info (332115):      5.552      0.082 FF  CELL  bladerf_core:U_core|tx_unf_sys_q[39]
                Info (332115): Clock Arrival Path:
                Info (332115): Total (ns)  Incr (ns)     Type  Element
                Info (332115): ==========  ========= ==  ====  ===================================
                Info (332115):      3.361      3.361  R        clock network delay
                Info (332115):      3.521      0.160           clock uncertainty
                Info (332115):      3.521      0.000      uTh  bladerf_core:U_core|tx_unf_sys_q[39]
            Info (332181): Cross Path Clock Pessimism Removed : 2.829
            Info (332181): Required Skew   : 6.400
            Info (332181): Actual Skew     : 1.805
            Info (332181): Slack           : 4.595
Info (332115): Worst-case slack is 4.530 for "set_max_skew -from [get_keepers {*axi_ad9361_rx_channel:i_rx_channel_1|up_adc_channel:i_up_adc_channel|up_xfer_cntrl:i_xfer_cntrl|up_xfer_data[*]}] -to [get_keepers {*axi_ad9361_rx_channel:i_rx_channel_1|up_adc_channel:i_up_adc_channel|up_xfer_cntrl:i_xfer_cntrl|d_data_cntrl[*]}] 6.400 "
    Info (332181): Skew for the Latest Arrival
        Info (332181): Path #49: Slack is 4.530 
            Info (332181): Latest Path Arrival
                Info (332115): From Node          : bladerf_core:U_core|nios_system:U_nios_system|axi_ad9361:axi_ad9361_0|axi_ad9361_rx:i_rx|axi_ad9361_rx_channel:i_rx_channel_1|up_adc_channel:i_up_adc_channel|up_xfer_cntrl:i_xfer_cntrl|up_xfer_data[22]
                Info (332115): To Node            : bladerf_core:U_core|nios_system:U_nios_system|axi_ad9361:axi_ad9361_0|axi_ad9361_rx:i_rx|axi_ad9361_rx_channel:i_rx_channel_1|up_adc_channel:i_up_adc_channel|up_xfer_cntrl:i_xfer_cntrl|d_data_cntrl[22]
                Info (332115): Launch Clock       : U_core|U_system_pll|altera_pll_i|general[0].gpll~PLL_OUTPUT_COUNTER|divclk
                Info (332115): Latch Clock        : U_core|U_nios_system|axi_ad9361_0|i_dev_if|i_rx|i_altlvds_rx|auto_generated|pll_sclk~PLL_OUTPUT_COUNTER|divclk
                Info (332115): Data Arrival Time  : 5.152
                Info (332115): Clock Arrival Time : 4.611
                Info (332115): Relative Delay     : 0.541
                Info (332115): Data Arrival Path:
                Info (332115): Total (ns)  Incr (ns)     Type  Element
                Info (332115): ==========  ========= ==  ====  ===================================
                Info (332115):      3.312      3.312  R        clock network delay
                Info (332115):      3.312      0.000     uTco  bladerf_core:U_core|nios_system:U_nios_system|axi_ad9361:axi_ad9361_0|axi_ad9361_rx:i_rx|axi_ad9361_rx_channel:i_rx_channel_1|up_adc_channel:i_up_adc_channel|up_xfer_cntrl:i_xfer_cntrl|up_xfer_data[22]
                Info (332115):      3.312      0.000 FF  CELL  U_core|U_nios_system|axi_ad9361_0|i_rx|i_rx_channel_1|i_up_adc_channel|i_xfer_cntrl|up_xfer_data[22]|q
                Info (332115):      4.759      1.447 FF    IC  U_core|U_nios_system|axi_ad9361_0|i_rx|i_rx_channel_1|i_up_adc_channel|i_xfer_cntrl|d_data_cntrl[22]~feeder|dataf
                Info (332115):      4.845      0.086 FF  CELL  U_core|U_nios_system|axi_ad9361_0|i_rx|i_rx_channel_1|i_up_adc_channel|i_xfer_cntrl|d_data_cntrl[22]~feeder|combout
                Info (332115):      4.845      0.000 FF    IC  U_core|U_nios_system|axi_ad9361_0|i_rx|i_rx_channel_1|i_up_adc_channel|i_xfer_cntrl|d_data_cntrl[22]|d
                Info (332115):      5.152      0.307 FF  CELL  bladerf_core:U_core|nios_system:U_nios_system|axi_ad9361:axi_ad9361_0|axi_ad9361_rx:i_rx|axi_ad9361_rx_channel:i_rx_channel_1|up_adc_channel:i_up_adc_channel|up_xfer_cntrl:i_xfer_cntrl|d_data_cntrl[22]
                Info (332115): Clock Arrival Path:
                Info (332115): Total (ns)  Incr (ns)     Type  Element
                Info (332115): ==========  ========= ==  ====  ===================================
                Info (332115):      4.771      4.771  R        clock network delay
                Info (332115):      4.611     -0.160           clock uncertainty
                Info (332115):      4.611      0.000     uTsu  bladerf_core:U_core|nios_system:U_nios_system|axi_ad9361:axi_ad9361_0|axi_ad9361_rx:i_rx|axi_ad9361_rx_channel:i_rx_channel_1|up_adc_channel:i_up_adc_channel|up_xfer_cntrl:i_xfer_cntrl|d_data_cntrl[22]
            Info (332181): Earliest Path Arrival
                Info (332115): From Node          : bladerf_core:U_core|nios_system:U_nios_system|axi_ad9361:axi_ad9361_0|axi_ad9361_rx:i_rx|axi_ad9361_rx_channel:i_rx_channel_1|up_adc_channel:i_up_adc_channel|up_xfer_cntrl:i_xfer_cntrl|up_xfer_data[56]
                Info (332115): To Node            : bladerf_core:U_core|nios_system:U_nios_system|axi_ad9361:axi_ad9361_0|axi_ad9361_rx:i_rx|axi_ad9361_rx_channel:i_rx_channel_1|up_adc_channel:i_up_adc_channel|up_xfer_cntrl:i_xfer_cntrl|d_data_cntrl[56]
                Info (332115): Launch Clock       : U_core|U_system_pll|altera_pll_i|general[0].gpll~PLL_OUTPUT_COUNTER|divclk
                Info (332115): Latch Clock        : U_core|U_nios_system|axi_ad9361_0|i_dev_if|i_rx|i_altlvds_rx|auto_generated|pll_sclk~PLL_OUTPUT_COUNTER|divclk
                Info (332115): Data Arrival Time  : 2.432
                Info (332115): Clock Arrival Time : 6.532
                Info (332115): Relative Delay     : -4.100
                Info (332115): Data Arrival Path:
                Info (332115): Total (ns)  Incr (ns)     Type  Element
                Info (332115): ==========  ========= ==  ====  ===================================
                Info (332115):      1.787      1.787  R        clock network delay
                Info (332115):      1.787      0.000     uTco  bladerf_core:U_core|nios_system:U_nios_system|axi_ad9361:axi_ad9361_0|axi_ad9361_rx:i_rx|axi_ad9361_rx_channel:i_rx_channel_1|up_adc_channel:i_up_adc_channel|up_xfer_cntrl:i_xfer_cntrl|up_xfer_data[56]
                Info (332115):      1.787      0.000 FF  CELL  U_core|U_nios_system|axi_ad9361_0|i_rx|i_rx_channel_1|i_up_adc_channel|i_xfer_cntrl|up_xfer_data[56]|q
                Info (332115):      2.064      0.277 FF    IC  U_core|U_nios_system|axi_ad9361_0|i_rx|i_rx_channel_1|i_up_adc_channel|i_xfer_cntrl|d_data_cntrl[56]|asdata
                Info (332115):      2.432      0.368 FF  CELL  bladerf_core:U_core|nios_system:U_nios_system|axi_ad9361:axi_ad9361_0|axi_ad9361_rx:i_rx|axi_ad9361_rx_channel:i_rx_channel_1|up_adc_channel:i_up_adc_channel|up_xfer_cntrl:i_xfer_cntrl|d_data_cntrl[56]
                Info (332115): Clock Arrival Path:
                Info (332115): Total (ns)  Incr (ns)     Type  Element
                Info (332115): ==========  ========= ==  ====  ===================================
                Info (332115):      6.372      6.372  R        clock network delay
                Info (332115):      6.532      0.160           clock uncertainty
                Info (332115):      6.532      0.000      uTh  bladerf_core:U_core|nios_system:U_nios_system|axi_ad9361:axi_ad9361_0|axi_ad9361_rx:i_rx|axi_ad9361_rx_channel:i_rx_channel_1|up_adc_channel:i_up_adc_channel|up_xfer_cntrl:i_xfer_cntrl|d_data_cntrl[56]
            Info (332181): Cross Path Clock Pessimism Removed : 2.771
            Info (332181): Required Skew   : 6.400
            Info (332181): Actual Skew     : 1.870
            Info (332181): Slack           : 4.530
        Info (332181): Path #50: Slack is 4.680 
            Info (332181): Latest Path Arrival
                Info (332115): From Node          : bladerf_core:U_core|nios_system:U_nios_system|axi_ad9361:axi_ad9361_0|axi_ad9361_rx:i_rx|axi_ad9361_rx_channel:i_rx_channel_1|up_adc_channel:i_up_adc_channel|up_xfer_cntrl:i_xfer_cntrl|up_xfer_data[75]
                Info (332115): To Node            : bladerf_core:U_core|nios_system:U_nios_system|axi_ad9361:axi_ad9361_0|axi_ad9361_rx:i_rx|axi_ad9361_rx_channel:i_rx_channel_1|up_adc_channel:i_up_adc_channel|up_xfer_cntrl:i_xfer_cntrl|d_data_cntrl[75]
                Info (332115): Launch Clock       : U_core|U_system_pll|altera_pll_i|general[0].gpll~PLL_OUTPUT_COUNTER|divclk
                Info (332115): Latch Clock        : U_core|U_nios_system|axi_ad9361_0|i_dev_if|i_rx|i_altlvds_rx|auto_generated|pll_sclk~PLL_OUTPUT_COUNTER|divclk
                Info (332115): Data Arrival Time  : 5.001
                Info (332115): Clock Arrival Time : 4.610
                Info (332115): Relative Delay     : 0.391
                Info (332115): Data Arrival Path:
                Info (332115): Total (ns)  Incr (ns)     Type  Element
                Info (332115): ==========  ========= ==  ====  ===================================
                Info (332115):      3.333      3.333  R        clock network delay
                Info (332115):      3.333      0.000     uTco  bladerf_core:U_core|nios_system:U_nios_system|axi_ad9361:axi_ad9361_0|axi_ad9361_rx:i_rx|axi_ad9361_rx_channel:i_rx_channel_1|up_adc_channel:i_up_adc_channel|up_xfer_cntrl:i_xfer_cntrl|up_xfer_data[75]
                Info (332115):      3.333      0.000 FF  CELL  U_core|U_nios_system|axi_ad9361_0|i_rx|i_rx_channel_1|i_up_adc_channel|i_xfer_cntrl|up_xfer_data[75]|q
                Info (332115):      4.613      1.280 FF    IC  U_core|U_nios_system|axi_ad9361_0|i_rx|i_rx_channel_1|i_up_adc_channel|i_xfer_cntrl|d_data_cntrl[75]~feeder|dataf
                Info (332115):      4.697      0.084 FF  CELL  U_core|U_nios_system|axi_ad9361_0|i_rx|i_rx_channel_1|i_up_adc_channel|i_xfer_cntrl|d_data_cntrl[75]~feeder|combout
                Info (332115):      4.697      0.000 FF    IC  U_core|U_nios_system|axi_ad9361_0|i_rx|i_rx_channel_1|i_up_adc_channel|i_xfer_cntrl|d_data_cntrl[75]|d
                Info (332115):      5.001      0.304 FF  CELL  bladerf_core:U_core|nios_system:U_nios_system|axi_ad9361:axi_ad9361_0|axi_ad9361_rx:i_rx|axi_ad9361_rx_channel:i_rx_channel_1|up_adc_channel:i_up_adc_channel|up_xfer_cntrl:i_xfer_cntrl|d_data_cntrl[75]
                Info (332115): Clock Arrival Path:
                Info (332115): Total (ns)  Incr (ns)     Type  Element
                Info (332115): ==========  ========= ==  ====  ===================================
                Info (332115):      4.770      4.770  R        clock network delay
                Info (332115):      4.610     -0.160           clock uncertainty
                Info (332115):      4.610      0.000     uTsu  bladerf_core:U_core|nios_system:U_nios_system|axi_ad9361:axi_ad9361_0|axi_ad9361_rx:i_rx|axi_ad9361_rx_channel:i_rx_channel_1|up_adc_channel:i_up_adc_channel|up_xfer_cntrl:i_xfer_cntrl|d_data_cntrl[75]
            Info (332181): Earliest Path Arrival
                Info (332115): From Node          : bladerf_core:U_core|nios_system:U_nios_system|axi_ad9361:axi_ad9361_0|axi_ad9361_rx:i_rx|axi_ad9361_rx_channel:i_rx_channel_1|up_adc_channel:i_up_adc_channel|up_xfer_cntrl:i_xfer_cntrl|up_xfer_data[56]
                Info (332115): To Node            : bladerf_core:U_core|nios_system:U_nios_system|axi_ad9361:axi_ad9361_0|axi_ad9361_rx:i_rx|axi_ad9361_rx_channel:i_rx_channel_1|up_adc_channel:i_up_adc_channel|up_xfer_cntrl:i_xfer_cntrl|d_data_cntrl[56]
                Info (332115): Launch Clock       : U_core|U_system_pll|altera_pll_i|general[0].gpll~PLL_OUTPUT_COUNTER|divclk
                Info (332115): Latch Clock        : U_core|U_nios_system|axi_ad9361_0|i_dev_if|i_rx|i_altlvds_rx|auto_generated|pll_sclk~PLL_OUTPUT_COUNTER|divclk
                Info (332115): Data Arrival Time  : 2.432
                Info (332115): Clock Arrival Time : 6.532
                Info (332115): Relative Delay     : -4.100
                Info (332115): Data Arrival Path:
                Info (332115): Total (ns)  Incr (ns)     Type  Element
                Info (332115): ==========  ========= ==  ====  ===================================
                Info (332115):      1.787      1.787  R        clock network delay
                Info (332115):      1.787      0.000     uTco  bladerf_core:U_core|nios_system:U_nios_system|axi_ad9361:axi_ad9361_0|axi_ad9361_rx:i_rx|axi_ad9361_rx_channel:i_rx_channel_1|up_adc_channel:i_up_adc_channel|up_xfer_cntrl:i_xfer_cntrl|up_xfer_data[56]
                Info (332115):      1.787      0.000 FF  CELL  U_core|U_nios_system|axi_ad9361_0|i_rx|i_rx_channel_1|i_up_adc_channel|i_xfer_cntrl|up_xfer_data[56]|q
                Info (332115):      2.064      0.277 FF    IC  U_core|U_nios_system|axi_ad9361_0|i_rx|i_rx_channel_1|i_up_adc_channel|i_xfer_cntrl|d_data_cntrl[56]|asdata
                Info (332115):      2.432      0.368 FF  CELL  bladerf_core:U_core|nios_system:U_nios_system|axi_ad9361:axi_ad9361_0|axi_ad9361_rx:i_rx|axi_ad9361_rx_channel:i_rx_channel_1|up_adc_channel:i_up_adc_channel|up_xfer_cntrl:i_xfer_cntrl|d_data_cntrl[56]
                Info (332115): Clock Arrival Path:
                Info (332115): Total (ns)  Incr (ns)     Type  Element
                Info (332115): ==========  ========= ==  ====  ===================================
                Info (332115):      6.372      6.372  R        clock network delay
                Info (332115):      6.532      0.160           clock uncertainty
                Info (332115):      6.532      0.000      uTh  bladerf_core:U_core|nios_system:U_nios_system|axi_ad9361:axi_ad9361_0|axi_ad9361_rx:i_rx|axi_ad9361_rx_channel:i_rx_channel_1|up_adc_channel:i_up_adc_channel|up_xfer_cntrl:i_xfer_cntrl|d_data_cntrl[56]
            Info (332181): Cross Path Clock Pessimism Removed : 2.771
            Info (332181): Required Skew   : 6.400
            Info (332181): Actual Skew     : 1.720
            Info (332181): Slack           : 4.680
        Info (332181): Path #51: Slack is 4.706 
            Info (332181): Latest Path Arrival
                Info (332115): From Node          : bladerf_core:U_core|nios_system:U_nios_system|axi_ad9361:axi_ad9361_0|axi_ad9361_rx:i_rx|axi_ad9361_rx_channel:i_rx_channel_1|up_adc_channel:i_up_adc_channel|up_xfer_cntrl:i_xfer_cntrl|up_xfer_data[77]
                Info (332115): To Node            : bladerf_core:U_core|nios_system:U_nios_system|axi_ad9361:axi_ad9361_0|axi_ad9361_rx:i_rx|axi_ad9361_rx_channel:i_rx_channel_1|up_adc_channel:i_up_adc_channel|up_xfer_cntrl:i_xfer_cntrl|d_data_cntrl[77]
                Info (332115): Launch Clock       : U_core|U_system_pll|altera_pll_i|general[0].gpll~PLL_OUTPUT_COUNTER|divclk
                Info (332115): Latch Clock        : U_core|U_nios_system|axi_ad9361_0|i_dev_if|i_rx|i_altlvds_rx|auto_generated|pll_sclk~PLL_OUTPUT_COUNTER|divclk
                Info (332115): Data Arrival Time  : 4.976
                Info (332115): Clock Arrival Time : 4.611
                Info (332115): Relative Delay     : 0.365
                Info (332115): Data Arrival Path:
                Info (332115): Total (ns)  Incr (ns)     Type  Element
                Info (332115): ==========  ========= ==  ====  ===================================
                Info (332115):      3.331      3.331  R        clock network delay
                Info (332115):      3.331      0.000     uTco  bladerf_core:U_core|nios_system:U_nios_system|axi_ad9361:axi_ad9361_0|axi_ad9361_rx:i_rx|axi_ad9361_rx_channel:i_rx_channel_1|up_adc_channel:i_up_adc_channel|up_xfer_cntrl:i_xfer_cntrl|up_xfer_data[77]
                Info (332115):      3.331      0.000 FF  CELL  U_core|U_nios_system|axi_ad9361_0|i_rx|i_rx_channel_1|i_up_adc_channel|i_xfer_cntrl|up_xfer_data[77]|q
                Info (332115):      4.583      1.252 FF    IC  U_core|U_nios_system|axi_ad9361_0|i_rx|i_rx_channel_1|i_up_adc_channel|i_xfer_cntrl|d_data_cntrl[77]~feeder|dataf
                Info (332115):      4.669      0.086 FF  CELL  U_core|U_nios_system|axi_ad9361_0|i_rx|i_rx_channel_1|i_up_adc_channel|i_xfer_cntrl|d_data_cntrl[77]~feeder|combout
                Info (332115):      4.669      0.000 FF    IC  U_core|U_nios_system|axi_ad9361_0|i_rx|i_rx_channel_1|i_up_adc_channel|i_xfer_cntrl|d_data_cntrl[77]|d
                Info (332115):      4.976      0.307 FF  CELL  bladerf_core:U_core|nios_system:U_nios_system|axi_ad9361:axi_ad9361_0|axi_ad9361_rx:i_rx|axi_ad9361_rx_channel:i_rx_channel_1|up_adc_channel:i_up_adc_channel|up_xfer_cntrl:i_xfer_cntrl|d_data_cntrl[77]
                Info (332115): Clock Arrival Path:
                Info (332115): Total (ns)  Incr (ns)     Type  Element
                Info (332115): ==========  ========= ==  ====  ===================================
                Info (332115):      4.771      4.771  R        clock network delay
                Info (332115):      4.611     -0.160           clock uncertainty
                Info (332115):      4.611      0.000     uTsu  bladerf_core:U_core|nios_system:U_nios_system|axi_ad9361:axi_ad9361_0|axi_ad9361_rx:i_rx|axi_ad9361_rx_channel:i_rx_channel_1|up_adc_channel:i_up_adc_channel|up_xfer_cntrl:i_xfer_cntrl|d_data_cntrl[77]
            Info (332181): Earliest Path Arrival
                Info (332115): From Node          : bladerf_core:U_core|nios_system:U_nios_system|axi_ad9361:axi_ad9361_0|axi_ad9361_rx:i_rx|axi_ad9361_rx_channel:i_rx_channel_1|up_adc_channel:i_up_adc_channel|up_xfer_cntrl:i_xfer_cntrl|up_xfer_data[56]
                Info (332115): To Node            : bladerf_core:U_core|nios_system:U_nios_system|axi_ad9361:axi_ad9361_0|axi_ad9361_rx:i_rx|axi_ad9361_rx_channel:i_rx_channel_1|up_adc_channel:i_up_adc_channel|up_xfer_cntrl:i_xfer_cntrl|d_data_cntrl[56]
                Info (332115): Launch Clock       : U_core|U_system_pll|altera_pll_i|general[0].gpll~PLL_OUTPUT_COUNTER|divclk
                Info (332115): Latch Clock        : U_core|U_nios_system|axi_ad9361_0|i_dev_if|i_rx|i_altlvds_rx|auto_generated|pll_sclk~PLL_OUTPUT_COUNTER|divclk
                Info (332115): Data Arrival Time  : 2.432
                Info (332115): Clock Arrival Time : 6.532
                Info (332115): Relative Delay     : -4.100
                Info (332115): Data Arrival Path:
                Info (332115): Total (ns)  Incr (ns)     Type  Element
                Info (332115): ==========  ========= ==  ====  ===================================
                Info (332115):      1.787      1.787  R        clock network delay
                Info (332115):      1.787      0.000     uTco  bladerf_core:U_core|nios_system:U_nios_system|axi_ad9361:axi_ad9361_0|axi_ad9361_rx:i_rx|axi_ad9361_rx_channel:i_rx_channel_1|up_adc_channel:i_up_adc_channel|up_xfer_cntrl:i_xfer_cntrl|up_xfer_data[56]
                Info (332115):      1.787      0.000 FF  CELL  U_core|U_nios_system|axi_ad9361_0|i_rx|i_rx_channel_1|i_up_adc_channel|i_xfer_cntrl|up_xfer_data[56]|q
                Info (332115):      2.064      0.277 FF    IC  U_core|U_nios_system|axi_ad9361_0|i_rx|i_rx_channel_1|i_up_adc_channel|i_xfer_cntrl|d_data_cntrl[56]|asdata
                Info (332115):      2.432      0.368 FF  CELL  bladerf_core:U_core|nios_system:U_nios_system|axi_ad9361:axi_ad9361_0|axi_ad9361_rx:i_rx|axi_ad9361_rx_channel:i_rx_channel_1|up_adc_channel:i_up_adc_channel|up_xfer_cntrl:i_xfer_cntrl|d_data_cntrl[56]
                Info (332115): Clock Arrival Path:
                Info (332115): Total (ns)  Incr (ns)     Type  Element
                Info (332115): ==========  ========= ==  ====  ===================================
                Info (332115):      6.372      6.372  R        clock network delay
                Info (332115):      6.532      0.160           clock uncertainty
                Info (332115):      6.532      0.000      uTh  bladerf_core:U_core|nios_system:U_nios_system|axi_ad9361:axi_ad9361_0|axi_ad9361_rx:i_rx|axi_ad9361_rx_channel:i_rx_channel_1|up_adc_channel:i_up_adc_channel|up_xfer_cntrl:i_xfer_cntrl|d_data_cntrl[56]
            Info (332181): Cross Path Clock Pessimism Removed : 2.771
            Info (332181): Required Skew   : 6.400
            Info (332181): Actual Skew     : 1.694
            Info (332181): Slack           : 4.706
        Info (332181): Path #52: Slack is 4.721 
            Info (332181): Latest Path Arrival
                Info (332115): From Node          : bladerf_core:U_core|nios_system:U_nios_system|axi_ad9361:axi_ad9361_0|axi_ad9361_rx:i_rx|axi_ad9361_rx_channel:i_rx_channel_1|up_adc_channel:i_up_adc_channel|up_xfer_cntrl:i_xfer_cntrl|up_xfer_data[73]
                Info (332115): To Node            : bladerf_core:U_core|nios_system:U_nios_system|axi_ad9361:axi_ad9361_0|axi_ad9361_rx:i_rx|axi_ad9361_rx_channel:i_rx_channel_1|up_adc_channel:i_up_adc_channel|up_xfer_cntrl:i_xfer_cntrl|d_data_cntrl[73]
                Info (332115): Launch Clock       : U_core|U_system_pll|altera_pll_i|general[0].gpll~PLL_OUTPUT_COUNTER|divclk
                Info (332115): Latch Clock        : U_core|U_nios_system|axi_ad9361_0|i_dev_if|i_rx|i_altlvds_rx|auto_generated|pll_sclk~PLL_OUTPUT_COUNTER|divclk
                Info (332115): Data Arrival Time  : 4.961
                Info (332115): Clock Arrival Time : 4.611
                Info (332115): Relative Delay     : 0.350
                Info (332115): Data Arrival Path:
                Info (332115): Total (ns)  Incr (ns)     Type  Element
                Info (332115): ==========  ========= ==  ====  ===================================
                Info (332115):      3.333      3.333  R        clock network delay
                Info (332115):      3.333      0.000     uTco  bladerf_core:U_core|nios_system:U_nios_system|axi_ad9361:axi_ad9361_0|axi_ad9361_rx:i_rx|axi_ad9361_rx_channel:i_rx_channel_1|up_adc_channel:i_up_adc_channel|up_xfer_cntrl:i_xfer_cntrl|up_xfer_data[73]
                Info (332115):      3.333      0.000 FF  CELL  U_core|U_nios_system|axi_ad9361_0|i_rx|i_rx_channel_1|i_up_adc_channel|i_xfer_cntrl|up_xfer_data[73]|q
                Info (332115):      4.568      1.235 FF    IC  U_core|U_nios_system|axi_ad9361_0|i_rx|i_rx_channel_1|i_up_adc_channel|i_xfer_cntrl|d_data_cntrl[73]~feeder|dataf
                Info (332115):      4.654      0.086 FF  CELL  U_core|U_nios_system|axi_ad9361_0|i_rx|i_rx_channel_1|i_up_adc_channel|i_xfer_cntrl|d_data_cntrl[73]~feeder|combout
                Info (332115):      4.654      0.000 FF    IC  U_core|U_nios_system|axi_ad9361_0|i_rx|i_rx_channel_1|i_up_adc_channel|i_xfer_cntrl|d_data_cntrl[73]|d
                Info (332115):      4.961      0.307 FF  CELL  bladerf_core:U_core|nios_system:U_nios_system|axi_ad9361:axi_ad9361_0|axi_ad9361_rx:i_rx|axi_ad9361_rx_channel:i_rx_channel_1|up_adc_channel:i_up_adc_channel|up_xfer_cntrl:i_xfer_cntrl|d_data_cntrl[73]
                Info (332115): Clock Arrival Path:
                Info (332115): Total (ns)  Incr (ns)     Type  Element
                Info (332115): ==========  ========= ==  ====  ===================================
                Info (332115):      4.771      4.771  R        clock network delay
                Info (332115):      4.611     -0.160           clock uncertainty
                Info (332115):      4.611      0.000     uTsu  bladerf_core:U_core|nios_system:U_nios_system|axi_ad9361:axi_ad9361_0|axi_ad9361_rx:i_rx|axi_ad9361_rx_channel:i_rx_channel_1|up_adc_channel:i_up_adc_channel|up_xfer_cntrl:i_xfer_cntrl|d_data_cntrl[73]
            Info (332181): Earliest Path Arrival
                Info (332115): From Node          : bladerf_core:U_core|nios_system:U_nios_system|axi_ad9361:axi_ad9361_0|axi_ad9361_rx:i_rx|axi_ad9361_rx_channel:i_rx_channel_1|up_adc_channel:i_up_adc_channel|up_xfer_cntrl:i_xfer_cntrl|up_xfer_data[56]
                Info (332115): To Node            : bladerf_core:U_core|nios_system:U_nios_system|axi_ad9361:axi_ad9361_0|axi_ad9361_rx:i_rx|axi_ad9361_rx_channel:i_rx_channel_1|up_adc_channel:i_up_adc_channel|up_xfer_cntrl:i_xfer_cntrl|d_data_cntrl[56]
                Info (332115): Launch Clock       : U_core|U_system_pll|altera_pll_i|general[0].gpll~PLL_OUTPUT_COUNTER|divclk
                Info (332115): Latch Clock        : U_core|U_nios_system|axi_ad9361_0|i_dev_if|i_rx|i_altlvds_rx|auto_generated|pll_sclk~PLL_OUTPUT_COUNTER|divclk
                Info (332115): Data Arrival Time  : 2.432
                Info (332115): Clock Arrival Time : 6.532
                Info (332115): Relative Delay     : -4.100
                Info (332115): Data Arrival Path:
                Info (332115): Total (ns)  Incr (ns)     Type  Element
                Info (332115): ==========  ========= ==  ====  ===================================
                Info (332115):      1.787      1.787  R        clock network delay
                Info (332115):      1.787      0.000     uTco  bladerf_core:U_core|nios_system:U_nios_system|axi_ad9361:axi_ad9361_0|axi_ad9361_rx:i_rx|axi_ad9361_rx_channel:i_rx_channel_1|up_adc_channel:i_up_adc_channel|up_xfer_cntrl:i_xfer_cntrl|up_xfer_data[56]
                Info (332115):      1.787      0.000 FF  CELL  U_core|U_nios_system|axi_ad9361_0|i_rx|i_rx_channel_1|i_up_adc_channel|i_xfer_cntrl|up_xfer_data[56]|q
                Info (332115):      2.064      0.277 FF    IC  U_core|U_nios_system|axi_ad9361_0|i_rx|i_rx_channel_1|i_up_adc_channel|i_xfer_cntrl|d_data_cntrl[56]|asdata
                Info (332115):      2.432      0.368 FF  CELL  bladerf_core:U_core|nios_system:U_nios_system|axi_ad9361:axi_ad9361_0|axi_ad9361_rx:i_rx|axi_ad9361_rx_channel:i_rx_channel_1|up_adc_channel:i_up_adc_channel|up_xfer_cntrl:i_xfer_cntrl|d_data_cntrl[56]
                Info (332115): Clock Arrival Path:
                Info (332115): Total (ns)  Incr (ns)     Type  Element
                Info (332115): ==========  ========= ==  ====  ===================================
                Info (332115):      6.372      6.372  R        clock network delay
                Info (332115):      6.532      0.160           clock uncertainty
                Info (332115):      6.532      0.000      uTh  bladerf_core:U_core|nios_system:U_nios_system|axi_ad9361:axi_ad9361_0|axi_ad9361_rx:i_rx|axi_ad9361_rx_channel:i_rx_channel_1|up_adc_channel:i_up_adc_channel|up_xfer_cntrl:i_xfer_cntrl|d_data_cntrl[56]
            Info (332181): Cross Path Clock Pessimism Removed : 2.771
            Info (332181): Required Skew   : 6.400
            Info (332181): Actual Skew     : 1.679
            Info (332181): Slack           : 4.721
    Info (332181): Skew for the Earliest Arrival
        Info (332181): Path #53: Slack is 4.530 
            Info (332181): Latest Path Arrival
                Info (332115): From Node          : bladerf_core:U_core|nios_system:U_nios_system|axi_ad9361:axi_ad9361_0|axi_ad9361_rx:i_rx|axi_ad9361_rx_channel:i_rx_channel_1|up_adc_channel:i_up_adc_channel|up_xfer_cntrl:i_xfer_cntrl|up_xfer_data[22]
                Info (332115): To Node            : bladerf_core:U_core|nios_system:U_nios_system|axi_ad9361:axi_ad9361_0|axi_ad9361_rx:i_rx|axi_ad9361_rx_channel:i_rx_channel_1|up_adc_channel:i_up_adc_channel|up_xfer_cntrl:i_xfer_cntrl|d_data_cntrl[22]
                Info (332115): Launch Clock       : U_core|U_system_pll|altera_pll_i|general[0].gpll~PLL_OUTPUT_COUNTER|divclk
                Info (332115): Latch Clock        : U_core|U_nios_system|axi_ad9361_0|i_dev_if|i_rx|i_altlvds_rx|auto_generated|pll_sclk~PLL_OUTPUT_COUNTER|divclk
                Info (332115): Data Arrival Time  : 5.152
                Info (332115): Clock Arrival Time : 4.611
                Info (332115): Relative Delay     : 0.541
                Info (332115): Data Arrival Path:
                Info (332115): Total (ns)  Incr (ns)     Type  Element
                Info (332115): ==========  ========= ==  ====  ===================================
                Info (332115):      3.312      3.312  R        clock network delay
                Info (332115):      3.312      0.000     uTco  bladerf_core:U_core|nios_system:U_nios_system|axi_ad9361:axi_ad9361_0|axi_ad9361_rx:i_rx|axi_ad9361_rx_channel:i_rx_channel_1|up_adc_channel:i_up_adc_channel|up_xfer_cntrl:i_xfer_cntrl|up_xfer_data[22]
                Info (332115):      3.312      0.000 FF  CELL  U_core|U_nios_system|axi_ad9361_0|i_rx|i_rx_channel_1|i_up_adc_channel|i_xfer_cntrl|up_xfer_data[22]|q
                Info (332115):      4.759      1.447 FF    IC  U_core|U_nios_system|axi_ad9361_0|i_rx|i_rx_channel_1|i_up_adc_channel|i_xfer_cntrl|d_data_cntrl[22]~feeder|dataf
                Info (332115):      4.845      0.086 FF  CELL  U_core|U_nios_system|axi_ad9361_0|i_rx|i_rx_channel_1|i_up_adc_channel|i_xfer_cntrl|d_data_cntrl[22]~feeder|combout
                Info (332115):      4.845      0.000 FF    IC  U_core|U_nios_system|axi_ad9361_0|i_rx|i_rx_channel_1|i_up_adc_channel|i_xfer_cntrl|d_data_cntrl[22]|d
                Info (332115):      5.152      0.307 FF  CELL  bladerf_core:U_core|nios_system:U_nios_system|axi_ad9361:axi_ad9361_0|axi_ad9361_rx:i_rx|axi_ad9361_rx_channel:i_rx_channel_1|up_adc_channel:i_up_adc_channel|up_xfer_cntrl:i_xfer_cntrl|d_data_cntrl[22]
                Info (332115): Clock Arrival Path:
                Info (332115): Total (ns)  Incr (ns)     Type  Element
                Info (332115): ==========  ========= ==  ====  ===================================
                Info (332115):      4.771      4.771  R        clock network delay
                Info (332115):      4.611     -0.160           clock uncertainty
                Info (332115):      4.611      0.000     uTsu  bladerf_core:U_core|nios_system:U_nios_system|axi_ad9361:axi_ad9361_0|axi_ad9361_rx:i_rx|axi_ad9361_rx_channel:i_rx_channel_1|up_adc_channel:i_up_adc_channel|up_xfer_cntrl:i_xfer_cntrl|d_data_cntrl[22]
            Info (332181): Earliest Path Arrival
                Info (332115): From Node          : bladerf_core:U_core|nios_system:U_nios_system|axi_ad9361:axi_ad9361_0|axi_ad9361_rx:i_rx|axi_ad9361_rx_channel:i_rx_channel_1|up_adc_channel:i_up_adc_channel|up_xfer_cntrl:i_xfer_cntrl|up_xfer_data[56]
                Info (332115): To Node            : bladerf_core:U_core|nios_system:U_nios_system|axi_ad9361:axi_ad9361_0|axi_ad9361_rx:i_rx|axi_ad9361_rx_channel:i_rx_channel_1|up_adc_channel:i_up_adc_channel|up_xfer_cntrl:i_xfer_cntrl|d_data_cntrl[56]
                Info (332115): Launch Clock       : U_core|U_system_pll|altera_pll_i|general[0].gpll~PLL_OUTPUT_COUNTER|divclk
                Info (332115): Latch Clock        : U_core|U_nios_system|axi_ad9361_0|i_dev_if|i_rx|i_altlvds_rx|auto_generated|pll_sclk~PLL_OUTPUT_COUNTER|divclk
                Info (332115): Data Arrival Time  : 2.432
                Info (332115): Clock Arrival Time : 6.532
                Info (332115): Relative Delay     : -4.100
                Info (332115): Data Arrival Path:
                Info (332115): Total (ns)  Incr (ns)     Type  Element
                Info (332115): ==========  ========= ==  ====  ===================================
                Info (332115):      1.787      1.787  R        clock network delay
                Info (332115):      1.787      0.000     uTco  bladerf_core:U_core|nios_system:U_nios_system|axi_ad9361:axi_ad9361_0|axi_ad9361_rx:i_rx|axi_ad9361_rx_channel:i_rx_channel_1|up_adc_channel:i_up_adc_channel|up_xfer_cntrl:i_xfer_cntrl|up_xfer_data[56]
                Info (332115):      1.787      0.000 FF  CELL  U_core|U_nios_system|axi_ad9361_0|i_rx|i_rx_channel_1|i_up_adc_channel|i_xfer_cntrl|up_xfer_data[56]|q
                Info (332115):      2.064      0.277 FF    IC  U_core|U_nios_system|axi_ad9361_0|i_rx|i_rx_channel_1|i_up_adc_channel|i_xfer_cntrl|d_data_cntrl[56]|asdata
                Info (332115):      2.432      0.368 FF  CELL  bladerf_core:U_core|nios_system:U_nios_system|axi_ad9361:axi_ad9361_0|axi_ad9361_rx:i_rx|axi_ad9361_rx_channel:i_rx_channel_1|up_adc_channel:i_up_adc_channel|up_xfer_cntrl:i_xfer_cntrl|d_data_cntrl[56]
                Info (332115): Clock Arrival Path:
                Info (332115): Total (ns)  Incr (ns)     Type  Element
                Info (332115): ==========  ========= ==  ====  ===================================
                Info (332115):      6.372      6.372  R        clock network delay
                Info (332115):      6.532      0.160           clock uncertainty
                Info (332115):      6.532      0.000      uTh  bladerf_core:U_core|nios_system:U_nios_system|axi_ad9361:axi_ad9361_0|axi_ad9361_rx:i_rx|axi_ad9361_rx_channel:i_rx_channel_1|up_adc_channel:i_up_adc_channel|up_xfer_cntrl:i_xfer_cntrl|d_data_cntrl[56]
            Info (332181): Cross Path Clock Pessimism Removed : 2.771
            Info (332181): Required Skew   : 6.400
            Info (332181): Actual Skew     : 1.870
            Info (332181): Slack           : 4.530
        Info (332181): Path #54: Slack is 4.562 
            Info (332181): Latest Path Arrival
                Info (332115): From Node          : bladerf_core:U_core|nios_system:U_nios_system|axi_ad9361:axi_ad9361_0|axi_ad9361_rx:i_rx|axi_ad9361_rx_channel:i_rx_channel_1|up_adc_channel:i_up_adc_channel|up_xfer_cntrl:i_xfer_cntrl|up_xfer_data[22]
                Info (332115): To Node            : bladerf_core:U_core|nios_system:U_nios_system|axi_ad9361:axi_ad9361_0|axi_ad9361_rx:i_rx|axi_ad9361_rx_channel:i_rx_channel_1|up_adc_channel:i_up_adc_channel|up_xfer_cntrl:i_xfer_cntrl|d_data_cntrl[22]
                Info (332115): Launch Clock       : U_core|U_system_pll|altera_pll_i|general[0].gpll~PLL_OUTPUT_COUNTER|divclk
                Info (332115): Latch Clock        : U_core|U_nios_system|axi_ad9361_0|i_dev_if|i_rx|i_altlvds_rx|auto_generated|pll_sclk~PLL_OUTPUT_COUNTER|divclk
                Info (332115): Data Arrival Time  : 5.152
                Info (332115): Clock Arrival Time : 4.611
                Info (332115): Relative Delay     : 0.541
                Info (332115): Data Arrival Path:
                Info (332115): Total (ns)  Incr (ns)     Type  Element
                Info (332115): ==========  ========= ==  ====  ===================================
                Info (332115):      3.312      3.312  R        clock network delay
                Info (332115):      3.312      0.000     uTco  bladerf_core:U_core|nios_system:U_nios_system|axi_ad9361:axi_ad9361_0|axi_ad9361_rx:i_rx|axi_ad9361_rx_channel:i_rx_channel_1|up_adc_channel:i_up_adc_channel|up_xfer_cntrl:i_xfer_cntrl|up_xfer_data[22]
                Info (332115):      3.312      0.000 FF  CELL  U_core|U_nios_system|axi_ad9361_0|i_rx|i_rx_channel_1|i_up_adc_channel|i_xfer_cntrl|up_xfer_data[22]|q
                Info (332115):      4.759      1.447 FF    IC  U_core|U_nios_system|axi_ad9361_0|i_rx|i_rx_channel_1|i_up_adc_channel|i_xfer_cntrl|d_data_cntrl[22]~feeder|dataf
                Info (332115):      4.845      0.086 FF  CELL  U_core|U_nios_system|axi_ad9361_0|i_rx|i_rx_channel_1|i_up_adc_channel|i_xfer_cntrl|d_data_cntrl[22]~feeder|combout
                Info (332115):      4.845      0.000 FF    IC  U_core|U_nios_system|axi_ad9361_0|i_rx|i_rx_channel_1|i_up_adc_channel|i_xfer_cntrl|d_data_cntrl[22]|d
                Info (332115):      5.152      0.307 FF  CELL  bladerf_core:U_core|nios_system:U_nios_system|axi_ad9361:axi_ad9361_0|axi_ad9361_rx:i_rx|axi_ad9361_rx_channel:i_rx_channel_1|up_adc_channel:i_up_adc_channel|up_xfer_cntrl:i_xfer_cntrl|d_data_cntrl[22]
                Info (332115): Clock Arrival Path:
                Info (332115): Total (ns)  Incr (ns)     Type  Element
                Info (332115): ==========  ========= ==  ====  ===================================
                Info (332115):      4.771      4.771  R        clock network delay
                Info (332115):      4.611     -0.160           clock uncertainty
                Info (332115):      4.611      0.000     uTsu  bladerf_core:U_core|nios_system:U_nios_system|axi_ad9361:axi_ad9361_0|axi_ad9361_rx:i_rx|axi_ad9361_rx_channel:i_rx_channel_1|up_adc_channel:i_up_adc_channel|up_xfer_cntrl:i_xfer_cntrl|d_data_cntrl[22]
            Info (332181): Earliest Path Arrival
                Info (332115): From Node          : bladerf_core:U_core|nios_system:U_nios_system|axi_ad9361:axi_ad9361_0|axi_ad9361_rx:i_rx|axi_ad9361_rx_channel:i_rx_channel_1|up_adc_channel:i_up_adc_channel|up_xfer_cntrl:i_xfer_cntrl|up_xfer_data[11]
                Info (332115): To Node            : bladerf_core:U_core|nios_system:U_nios_system|axi_ad9361:axi_ad9361_0|axi_ad9361_rx:i_rx|axi_ad9361_rx_channel:i_rx_channel_1|up_adc_channel:i_up_adc_channel|up_xfer_cntrl:i_xfer_cntrl|d_data_cntrl[11]
                Info (332115): Launch Clock       : U_core|U_system_pll|altera_pll_i|general[0].gpll~PLL_OUTPUT_COUNTER|divclk
                Info (332115): Latch Clock        : U_core|U_nios_system|axi_ad9361_0|i_dev_if|i_rx|i_altlvds_rx|auto_generated|pll_sclk~PLL_OUTPUT_COUNTER|divclk
                Info (332115): Data Arrival Time  : 2.402
                Info (332115): Clock Arrival Time : 6.529
                Info (332115): Relative Delay     : -4.127
                Info (332115): Data Arrival Path:
                Info (332115): Total (ns)  Incr (ns)     Type  Element
                Info (332115): ==========  ========= ==  ====  ===================================
                Info (332115):      1.756      1.756  R        clock network delay
                Info (332115):      1.756      0.000     uTco  bladerf_core:U_core|nios_system:U_nios_system|axi_ad9361:axi_ad9361_0|axi_ad9361_rx:i_rx|axi_ad9361_rx_channel:i_rx_channel_1|up_adc_channel:i_up_adc_channel|up_xfer_cntrl:i_xfer_cntrl|up_xfer_data[11]
                Info (332115):      1.756      0.000 FF  CELL  U_core|U_nios_system|axi_ad9361_0|i_rx|i_rx_channel_1|i_up_adc_channel|i_xfer_cntrl|up_xfer_data[11]|q
                Info (332115):      2.265      0.509 FF    IC  U_core|U_nios_system|axi_ad9361_0|i_rx|i_rx_channel_1|i_up_adc_channel|i_xfer_cntrl|d_data_cntrl[11]~feeder|dataf
                Info (332115):      2.320      0.055 FF  CELL  U_core|U_nios_system|axi_ad9361_0|i_rx|i_rx_channel_1|i_up_adc_channel|i_xfer_cntrl|d_data_cntrl[11]~feeder|combout
                Info (332115):      2.320      0.000 FF    IC  U_core|U_nios_system|axi_ad9361_0|i_rx|i_rx_channel_1|i_up_adc_channel|i_xfer_cntrl|d_data_cntrl[11]|d
                Info (332115):      2.402      0.082 FF  CELL  bladerf_core:U_core|nios_system:U_nios_system|axi_ad9361:axi_ad9361_0|axi_ad9361_rx:i_rx|axi_ad9361_rx_channel:i_rx_channel_1|up_adc_channel:i_up_adc_channel|up_xfer_cntrl:i_xfer_cntrl|d_data_cntrl[11]
                Info (332115): Clock Arrival Path:
                Info (332115): Total (ns)  Incr (ns)     Type  Element
                Info (332115): ==========  ========= ==  ====  ===================================
                Info (332115):      6.369      6.369  R        clock network delay
                Info (332115):      6.529      0.160           clock uncertainty
                Info (332115):      6.529      0.000      uTh  bladerf_core:U_core|nios_system:U_nios_system|axi_ad9361:axi_ad9361_0|axi_ad9361_rx:i_rx|axi_ad9361_rx_channel:i_rx_channel_1|up_adc_channel:i_up_adc_channel|up_xfer_cntrl:i_xfer_cntrl|d_data_cntrl[11]
            Info (332181): Cross Path Clock Pessimism Removed : 2.830
            Info (332181): Required Skew   : 6.400
            Info (332181): Actual Skew     : 1.838
            Info (332181): Slack           : 4.562
        Info (332181): Path #55: Slack is 4.564 
            Info (332181): Latest Path Arrival
                Info (332115): From Node          : bladerf_core:U_core|nios_system:U_nios_system|axi_ad9361:axi_ad9361_0|axi_ad9361_rx:i_rx|axi_ad9361_rx_channel:i_rx_channel_1|up_adc_channel:i_up_adc_channel|up_xfer_cntrl:i_xfer_cntrl|up_xfer_data[22]
                Info (332115): To Node            : bladerf_core:U_core|nios_system:U_nios_system|axi_ad9361:axi_ad9361_0|axi_ad9361_rx:i_rx|axi_ad9361_rx_channel:i_rx_channel_1|up_adc_channel:i_up_adc_channel|up_xfer_cntrl:i_xfer_cntrl|d_data_cntrl[22]
                Info (332115): Launch Clock       : U_core|U_system_pll|altera_pll_i|general[0].gpll~PLL_OUTPUT_COUNTER|divclk
                Info (332115): Latch Clock        : U_core|U_nios_system|axi_ad9361_0|i_dev_if|i_rx|i_altlvds_rx|auto_generated|pll_sclk~PLL_OUTPUT_COUNTER|divclk
                Info (332115): Data Arrival Time  : 5.152
                Info (332115): Clock Arrival Time : 4.611
                Info (332115): Relative Delay     : 0.541
                Info (332115): Data Arrival Path:
                Info (332115): Total (ns)  Incr (ns)     Type  Element
                Info (332115): ==========  ========= ==  ====  ===================================
                Info (332115):      3.312      3.312  R        clock network delay
                Info (332115):      3.312      0.000     uTco  bladerf_core:U_core|nios_system:U_nios_system|axi_ad9361:axi_ad9361_0|axi_ad9361_rx:i_rx|axi_ad9361_rx_channel:i_rx_channel_1|up_adc_channel:i_up_adc_channel|up_xfer_cntrl:i_xfer_cntrl|up_xfer_data[22]
                Info (332115):      3.312      0.000 FF  CELL  U_core|U_nios_system|axi_ad9361_0|i_rx|i_rx_channel_1|i_up_adc_channel|i_xfer_cntrl|up_xfer_data[22]|q
                Info (332115):      4.759      1.447 FF    IC  U_core|U_nios_system|axi_ad9361_0|i_rx|i_rx_channel_1|i_up_adc_channel|i_xfer_cntrl|d_data_cntrl[22]~feeder|dataf
                Info (332115):      4.845      0.086 FF  CELL  U_core|U_nios_system|axi_ad9361_0|i_rx|i_rx_channel_1|i_up_adc_channel|i_xfer_cntrl|d_data_cntrl[22]~feeder|combout
                Info (332115):      4.845      0.000 FF    IC  U_core|U_nios_system|axi_ad9361_0|i_rx|i_rx_channel_1|i_up_adc_channel|i_xfer_cntrl|d_data_cntrl[22]|d
                Info (332115):      5.152      0.307 FF  CELL  bladerf_core:U_core|nios_system:U_nios_system|axi_ad9361:axi_ad9361_0|axi_ad9361_rx:i_rx|axi_ad9361_rx_channel:i_rx_channel_1|up_adc_channel:i_up_adc_channel|up_xfer_cntrl:i_xfer_cntrl|d_data_cntrl[22]
                Info (332115): Clock Arrival Path:
                Info (332115): Total (ns)  Incr (ns)     Type  Element
                Info (332115): ==========  ========= ==  ====  ===================================
                Info (332115):      4.771      4.771  R        clock network delay
                Info (332115):      4.611     -0.160           clock uncertainty
                Info (332115):      4.611      0.000     uTsu  bladerf_core:U_core|nios_system:U_nios_system|axi_ad9361:axi_ad9361_0|axi_ad9361_rx:i_rx|axi_ad9361_rx_channel:i_rx_channel_1|up_adc_channel:i_up_adc_channel|up_xfer_cntrl:i_xfer_cntrl|d_data_cntrl[22]
            Info (332181): Earliest Path Arrival
                Info (332115): From Node          : bladerf_core:U_core|nios_system:U_nios_system|axi_ad9361:axi_ad9361_0|axi_ad9361_rx:i_rx|axi_ad9361_rx_channel:i_rx_channel_1|up_adc_channel:i_up_adc_channel|up_xfer_cntrl:i_xfer_cntrl|up_xfer_data[32]
                Info (332115): To Node            : bladerf_core:U_core|nios_system:U_nios_system|axi_ad9361:axi_ad9361_0|axi_ad9361_rx:i_rx|axi_ad9361_rx_channel:i_rx_channel_1|up_adc_channel:i_up_adc_channel|up_xfer_cntrl:i_xfer_cntrl|d_data_cntrl[32]
                Info (332115): Launch Clock       : U_core|U_system_pll|altera_pll_i|general[0].gpll~PLL_OUTPUT_COUNTER|divclk
                Info (332115): Latch Clock        : U_core|U_nios_system|axi_ad9361_0|i_dev_if|i_rx|i_altlvds_rx|auto_generated|pll_sclk~PLL_OUTPUT_COUNTER|divclk
                Info (332115): Data Arrival Time  : 2.404
                Info (332115): Clock Arrival Time : 6.529
                Info (332115): Relative Delay     : -4.125
                Info (332115): Data Arrival Path:
                Info (332115): Total (ns)  Incr (ns)     Type  Element
                Info (332115): ==========  ========= ==  ====  ===================================
                Info (332115):      1.758      1.758  R        clock network delay
                Info (332115):      1.758      0.000     uTco  bladerf_core:U_core|nios_system:U_nios_system|axi_ad9361:axi_ad9361_0|axi_ad9361_rx:i_rx|axi_ad9361_rx_channel:i_rx_channel_1|up_adc_channel:i_up_adc_channel|up_xfer_cntrl:i_xfer_cntrl|up_xfer_data[32]
                Info (332115):      1.758      0.000 FF  CELL  U_core|U_nios_system|axi_ad9361_0|i_rx|i_rx_channel_1|i_up_adc_channel|i_xfer_cntrl|up_xfer_data[32]|q
                Info (332115):      2.036      0.278 FF    IC  U_core|U_nios_system|axi_ad9361_0|i_rx|i_rx_channel_1|i_up_adc_channel|i_xfer_cntrl|d_data_cntrl[32]|asdata
                Info (332115):      2.404      0.368 FF  CELL  bladerf_core:U_core|nios_system:U_nios_system|axi_ad9361:axi_ad9361_0|axi_ad9361_rx:i_rx|axi_ad9361_rx_channel:i_rx_channel_1|up_adc_channel:i_up_adc_channel|up_xfer_cntrl:i_xfer_cntrl|d_data_cntrl[32]
                Info (332115): Clock Arrival Path:
                Info (332115): Total (ns)  Incr (ns)     Type  Element
                Info (332115): ==========  ========= ==  ====  ===================================
                Info (332115):      6.369      6.369  R        clock network delay
                Info (332115):      6.529      0.160           clock uncertainty
                Info (332115):      6.529      0.000      uTh  bladerf_core:U_core|nios_system:U_nios_system|axi_ad9361:axi_ad9361_0|axi_ad9361_rx:i_rx|axi_ad9361_rx_channel:i_rx_channel_1|up_adc_channel:i_up_adc_channel|up_xfer_cntrl:i_xfer_cntrl|d_data_cntrl[32]
            Info (332181): Cross Path Clock Pessimism Removed : 2.830
            Info (332181): Required Skew   : 6.400
            Info (332181): Actual Skew     : 1.836
            Info (332181): Slack           : 4.564
        Info (332181): Path #56: Slack is 4.571 
            Info (332181): Latest Path Arrival
                Info (332115): From Node          : bladerf_core:U_core|nios_system:U_nios_system|axi_ad9361:axi_ad9361_0|axi_ad9361_rx:i_rx|axi_ad9361_rx_channel:i_rx_channel_1|up_adc_channel:i_up_adc_channel|up_xfer_cntrl:i_xfer_cntrl|up_xfer_data[22]
                Info (332115): To Node            : bladerf_core:U_core|nios_system:U_nios_system|axi_ad9361:axi_ad9361_0|axi_ad9361_rx:i_rx|axi_ad9361_rx_channel:i_rx_channel_1|up_adc_channel:i_up_adc_channel|up_xfer_cntrl:i_xfer_cntrl|d_data_cntrl[22]
                Info (332115): Launch Clock       : U_core|U_system_pll|altera_pll_i|general[0].gpll~PLL_OUTPUT_COUNTER|divclk
                Info (332115): Latch Clock        : U_core|U_nios_system|axi_ad9361_0|i_dev_if|i_rx|i_altlvds_rx|auto_generated|pll_sclk~PLL_OUTPUT_COUNTER|divclk
                Info (332115): Data Arrival Time  : 5.152
                Info (332115): Clock Arrival Time : 4.611
                Info (332115): Relative Delay     : 0.541
                Info (332115): Data Arrival Path:
                Info (332115): Total (ns)  Incr (ns)     Type  Element
                Info (332115): ==========  ========= ==  ====  ===================================
                Info (332115):      3.312      3.312  R        clock network delay
                Info (332115):      3.312      0.000     uTco  bladerf_core:U_core|nios_system:U_nios_system|axi_ad9361:axi_ad9361_0|axi_ad9361_rx:i_rx|axi_ad9361_rx_channel:i_rx_channel_1|up_adc_channel:i_up_adc_channel|up_xfer_cntrl:i_xfer_cntrl|up_xfer_data[22]
                Info (332115):      3.312      0.000 FF  CELL  U_core|U_nios_system|axi_ad9361_0|i_rx|i_rx_channel_1|i_up_adc_channel|i_xfer_cntrl|up_xfer_data[22]|q
                Info (332115):      4.759      1.447 FF    IC  U_core|U_nios_system|axi_ad9361_0|i_rx|i_rx_channel_1|i_up_adc_channel|i_xfer_cntrl|d_data_cntrl[22]~feeder|dataf
                Info (332115):      4.845      0.086 FF  CELL  U_core|U_nios_system|axi_ad9361_0|i_rx|i_rx_channel_1|i_up_adc_channel|i_xfer_cntrl|d_data_cntrl[22]~feeder|combout
                Info (332115):      4.845      0.000 FF    IC  U_core|U_nios_system|axi_ad9361_0|i_rx|i_rx_channel_1|i_up_adc_channel|i_xfer_cntrl|d_data_cntrl[22]|d
                Info (332115):      5.152      0.307 FF  CELL  bladerf_core:U_core|nios_system:U_nios_system|axi_ad9361:axi_ad9361_0|axi_ad9361_rx:i_rx|axi_ad9361_rx_channel:i_rx_channel_1|up_adc_channel:i_up_adc_channel|up_xfer_cntrl:i_xfer_cntrl|d_data_cntrl[22]
                Info (332115): Clock Arrival Path:
                Info (332115): Total (ns)  Incr (ns)     Type  Element
                Info (332115): ==========  ========= ==  ====  ===================================
                Info (332115):      4.771      4.771  R        clock network delay
                Info (332115):      4.611     -0.160           clock uncertainty
                Info (332115):      4.611      0.000     uTsu  bladerf_core:U_core|nios_system:U_nios_system|axi_ad9361:axi_ad9361_0|axi_ad9361_rx:i_rx|axi_ad9361_rx_channel:i_rx_channel_1|up_adc_channel:i_up_adc_channel|up_xfer_cntrl:i_xfer_cntrl|d_data_cntrl[22]
            Info (332181): Earliest Path Arrival
                Info (332115): From Node          : bladerf_core:U_core|nios_system:U_nios_system|axi_ad9361:axi_ad9361_0|axi_ad9361_rx:i_rx|axi_ad9361_rx_channel:i_rx_channel_1|up_adc_channel:i_up_adc_channel|up_xfer_cntrl:i_xfer_cntrl|up_xfer_data[38]
                Info (332115): To Node            : bladerf_core:U_core|nios_system:U_nios_system|axi_ad9361:axi_ad9361_0|axi_ad9361_rx:i_rx|axi_ad9361_rx_channel:i_rx_channel_1|up_adc_channel:i_up_adc_channel|up_xfer_cntrl:i_xfer_cntrl|d_data_cntrl[38]
                Info (332115): Launch Clock       : U_core|U_system_pll|altera_pll_i|general[0].gpll~PLL_OUTPUT_COUNTER|divclk
                Info (332115): Latch Clock        : U_core|U_nios_system|axi_ad9361_0|i_dev_if|i_rx|i_altlvds_rx|auto_generated|pll_sclk~PLL_OUTPUT_COUNTER|divclk
                Info (332115): Data Arrival Time  : 2.405
                Info (332115): Clock Arrival Time : 6.523
                Info (332115): Relative Delay     : -4.118
                Info (332115): Data Arrival Path:
                Info (332115): Total (ns)  Incr (ns)     Type  Element
                Info (332115): ==========  ========= ==  ====  ===================================
                Info (332115):      1.752      1.752  R        clock network delay
                Info (332115):      1.752      0.000     uTco  bladerf_core:U_core|nios_system:U_nios_system|axi_ad9361:axi_ad9361_0|axi_ad9361_rx:i_rx|axi_ad9361_rx_channel:i_rx_channel_1|up_adc_channel:i_up_adc_channel|up_xfer_cntrl:i_xfer_cntrl|up_xfer_data[38]
                Info (332115):      1.752      0.000 FF  CELL  U_core|U_nios_system|axi_ad9361_0|i_rx|i_rx_channel_1|i_up_adc_channel|i_xfer_cntrl|up_xfer_data[38]|q
                Info (332115):      2.036      0.284 FF    IC  U_core|U_nios_system|axi_ad9361_0|i_rx|i_rx_channel_1|i_up_adc_channel|i_xfer_cntrl|d_data_cntrl[38]|asdata
                Info (332115):      2.405      0.369 FF  CELL  bladerf_core:U_core|nios_system:U_nios_system|axi_ad9361:axi_ad9361_0|axi_ad9361_rx:i_rx|axi_ad9361_rx_channel:i_rx_channel_1|up_adc_channel:i_up_adc_channel|up_xfer_cntrl:i_xfer_cntrl|d_data_cntrl[38]
                Info (332115): Clock Arrival Path:
                Info (332115): Total (ns)  Incr (ns)     Type  Element
                Info (332115): ==========  ========= ==  ====  ===================================
                Info (332115):      6.363      6.363  R        clock network delay
                Info (332115):      6.523      0.160           clock uncertainty
                Info (332115):      6.523      0.000      uTh  bladerf_core:U_core|nios_system:U_nios_system|axi_ad9361:axi_ad9361_0|axi_ad9361_rx:i_rx|axi_ad9361_rx_channel:i_rx_channel_1|up_adc_channel:i_up_adc_channel|up_xfer_cntrl:i_xfer_cntrl|d_data_cntrl[38]
            Info (332181): Cross Path Clock Pessimism Removed : 2.830
            Info (332181): Required Skew   : 6.400
            Info (332181): Actual Skew     : 1.829
            Info (332181): Slack           : 4.571
Info (332115): Worst-case slack is 4.544 for "set_max_skew -from [get_keepers {*time_tamer:tx_tamer|hold_time[*]}] -to [get_keepers {*time_tamer:tx_tamer|compare_time[*]}] -get_skew_value_from_clock_period dst_clock_period -skew_value_multiplier 0.800 "
    Info (332181): Skew for the Latest Arrival
        Info (332181): Path #57: Slack is 4.544 
            Info (332181): Latest Path Arrival
                Info (332115): From Node          : bladerf_core:U_core|nios_system:U_nios_system|time_tamer:tx_tamer|hold_time[29]~DUPLICATE
                Info (332115): To Node            : bladerf_core:U_core|nios_system:U_nios_system|time_tamer:tx_tamer|compare_time[29]
                Info (332115): Launch Clock       : U_core|U_system_pll|altera_pll_i|general[0].gpll~PLL_OUTPUT_COUNTER|divclk
                Info (332115): Latch Clock        : U_core|U_nios_system|axi_ad9361_0|i_dev_if|i_rx|i_altlvds_rx|auto_generated|pll_sclk~PLL_OUTPUT_COUNTER|divclk
                Info (332115): Data Arrival Time  : 5.240
                Info (332115): Clock Arrival Time : 4.576
                Info (332115): Relative Delay     : 0.664
                Info (332115): Data Arrival Path:
                Info (332115): Total (ns)  Incr (ns)     Type  Element
                Info (332115): ==========  ========= ==  ====  ===================================
                Info (332115):      3.343      3.343  R        clock network delay
                Info (332115):      3.343      0.000     uTco  bladerf_core:U_core|nios_system:U_nios_system|time_tamer:tx_tamer|hold_time[29]~DUPLICATE
                Info (332115):      3.343      0.000 FF  CELL  U_core|U_nios_system|tx_tamer|hold_time[29]~DUPLICATE|q
                Info (332115):      4.514      1.171 FF    IC  U_core|U_nios_system|tx_tamer|compare_time[29]|asdata
                Info (332115):      5.240      0.726 FF  CELL  bladerf_core:U_core|nios_system:U_nios_system|time_tamer:tx_tamer|compare_time[29]
                Info (332115): Clock Arrival Path:
                Info (332115): Total (ns)  Incr (ns)     Type  Element
                Info (332115): ==========  ========= ==  ====  ===================================
                Info (332115):      4.736      4.736  R        clock network delay
                Info (332115):      4.576     -0.160           clock uncertainty
                Info (332115):      4.576      0.000     uTsu  bladerf_core:U_core|nios_system:U_nios_system|time_tamer:tx_tamer|compare_time[29]
            Info (332181): Earliest Path Arrival
                Info (332115): From Node          : bladerf_core:U_core|nios_system:U_nios_system|time_tamer:tx_tamer|hold_time[19]
                Info (332115): To Node            : bladerf_core:U_core|nios_system:U_nios_system|time_tamer:tx_tamer|compare_time[19]
                Info (332115): Launch Clock       : U_core|U_system_pll|altera_pll_i|general[0].gpll~PLL_OUTPUT_COUNTER|divclk
                Info (332115): Latch Clock        : U_core|U_nios_system|axi_ad9361_0|i_dev_if|i_rx|i_altlvds_rx|auto_generated|pll_sclk~PLL_OUTPUT_COUNTER|divclk
                Info (332115): Data Arrival Time  : 2.469
                Info (332115): Clock Arrival Time : 6.491
                Info (332115): Relative Delay     : -4.022
                Info (332115): Data Arrival Path:
                Info (332115): Total (ns)  Incr (ns)     Type  Element
                Info (332115): ==========  ========= ==  ====  ===================================
                Info (332115):      1.789      1.789  R        clock network delay
                Info (332115):      1.789      0.000     uTco  bladerf_core:U_core|nios_system:U_nios_system|time_tamer:tx_tamer|hold_time[19]
                Info (332115):      1.789      0.000 FF  CELL  U_core|U_nios_system|tx_tamer|hold_time[19]|q
                Info (332115):      2.332      0.543 FF    IC  U_core|U_nios_system|tx_tamer|compare_time[19]~feeder|dataf
                Info (332115):      2.386      0.054 FF  CELL  U_core|U_nios_system|tx_tamer|compare_time[19]~feeder|combout
                Info (332115):      2.386      0.000 FF    IC  U_core|U_nios_system|tx_tamer|compare_time[19]|d
                Info (332115):      2.469      0.083 FF  CELL  bladerf_core:U_core|nios_system:U_nios_system|time_tamer:tx_tamer|compare_time[19]
                Info (332115): Clock Arrival Path:
                Info (332115): Total (ns)  Incr (ns)     Type  Element
                Info (332115): ==========  ========= ==  ====  ===================================
                Info (332115):      6.331      6.331  R        clock network delay
                Info (332115):      6.491      0.160           clock uncertainty
                Info (332115):      6.491      0.000      uTh  bladerf_core:U_core|nios_system:U_nios_system|time_tamer:tx_tamer|compare_time[19]
            Info (332181): Cross Path Clock Pessimism Removed : 2.830
            Info (332181): Required Skew   : 6.400
            Info (332181): Actual Skew     : 1.856
            Info (332181): Slack           : 4.544
        Info (332181): Path #58: Slack is 4.603 
            Info (332181): Latest Path Arrival
                Info (332115): From Node          : bladerf_core:U_core|nios_system:U_nios_system|time_tamer:tx_tamer|hold_time[28]
                Info (332115): To Node            : bladerf_core:U_core|nios_system:U_nios_system|time_tamer:tx_tamer|compare_time[28]
                Info (332115): Launch Clock       : U_core|U_system_pll|altera_pll_i|general[0].gpll~PLL_OUTPUT_COUNTER|divclk
                Info (332115): Latch Clock        : U_core|U_nios_system|axi_ad9361_0|i_dev_if|i_rx|i_altlvds_rx|auto_generated|pll_sclk~PLL_OUTPUT_COUNTER|divclk
                Info (332115): Data Arrival Time  : 5.181
                Info (332115): Clock Arrival Time : 4.576
                Info (332115): Relative Delay     : 0.605
                Info (332115): Data Arrival Path:
                Info (332115): Total (ns)  Incr (ns)     Type  Element
                Info (332115): ==========  ========= ==  ====  ===================================
                Info (332115):      3.336      3.336  R        clock network delay
                Info (332115):      3.336      0.000     uTco  bladerf_core:U_core|nios_system:U_nios_system|time_tamer:tx_tamer|hold_time[28]
                Info (332115):      3.336      0.000 FF  CELL  U_core|U_nios_system|tx_tamer|hold_time[28]|q
                Info (332115):      4.455      1.119 FF    IC  U_core|U_nios_system|tx_tamer|compare_time[28]|asdata
                Info (332115):      5.181      0.726 FF  CELL  bladerf_core:U_core|nios_system:U_nios_system|time_tamer:tx_tamer|compare_time[28]
                Info (332115): Clock Arrival Path:
                Info (332115): Total (ns)  Incr (ns)     Type  Element
                Info (332115): ==========  ========= ==  ====  ===================================
                Info (332115):      4.736      4.736  R        clock network delay
                Info (332115):      4.576     -0.160           clock uncertainty
                Info (332115):      4.576      0.000     uTsu  bladerf_core:U_core|nios_system:U_nios_system|time_tamer:tx_tamer|compare_time[28]
            Info (332181): Earliest Path Arrival
                Info (332115): From Node          : bladerf_core:U_core|nios_system:U_nios_system|time_tamer:tx_tamer|hold_time[19]
                Info (332115): To Node            : bladerf_core:U_core|nios_system:U_nios_system|time_tamer:tx_tamer|compare_time[19]
                Info (332115): Launch Clock       : U_core|U_system_pll|altera_pll_i|general[0].gpll~PLL_OUTPUT_COUNTER|divclk
                Info (332115): Latch Clock        : U_core|U_nios_system|axi_ad9361_0|i_dev_if|i_rx|i_altlvds_rx|auto_generated|pll_sclk~PLL_OUTPUT_COUNTER|divclk
                Info (332115): Data Arrival Time  : 2.469
                Info (332115): Clock Arrival Time : 6.491
                Info (332115): Relative Delay     : -4.022
                Info (332115): Data Arrival Path:
                Info (332115): Total (ns)  Incr (ns)     Type  Element
                Info (332115): ==========  ========= ==  ====  ===================================
                Info (332115):      1.789      1.789  R        clock network delay
                Info (332115):      1.789      0.000     uTco  bladerf_core:U_core|nios_system:U_nios_system|time_tamer:tx_tamer|hold_time[19]
                Info (332115):      1.789      0.000 FF  CELL  U_core|U_nios_system|tx_tamer|hold_time[19]|q
                Info (332115):      2.332      0.543 FF    IC  U_core|U_nios_system|tx_tamer|compare_time[19]~feeder|dataf
                Info (332115):      2.386      0.054 FF  CELL  U_core|U_nios_system|tx_tamer|compare_time[19]~feeder|combout
                Info (332115):      2.386      0.000 FF    IC  U_core|U_nios_system|tx_tamer|compare_time[19]|d
                Info (332115):      2.469      0.083 FF  CELL  bladerf_core:U_core|nios_system:U_nios_system|time_tamer:tx_tamer|compare_time[19]
                Info (332115): Clock Arrival Path:
                Info (332115): Total (ns)  Incr (ns)     Type  Element
                Info (332115): ==========  ========= ==  ====  ===================================
                Info (332115):      6.331      6.331  R        clock network delay
                Info (332115):      6.491      0.160           clock uncertainty
                Info (332115):      6.491      0.000      uTh  bladerf_core:U_core|nios_system:U_nios_system|time_tamer:tx_tamer|compare_time[19]
            Info (332181): Cross Path Clock Pessimism Removed : 2.830
            Info (332181): Required Skew   : 6.400
            Info (332181): Actual Skew     : 1.797
            Info (332181): Slack           : 4.603
        Info (332181): Path #59: Slack is 4.707 
            Info (332181): Latest Path Arrival
                Info (332115): From Node          : bladerf_core:U_core|nios_system:U_nios_system|time_tamer:tx_tamer|hold_time[27]
                Info (332115): To Node            : bladerf_core:U_core|nios_system:U_nios_system|time_tamer:tx_tamer|compare_time[27]
                Info (332115): Launch Clock       : U_core|U_system_pll|altera_pll_i|general[0].gpll~PLL_OUTPUT_COUNTER|divclk
                Info (332115): Latch Clock        : U_core|U_nios_system|axi_ad9361_0|i_dev_if|i_rx|i_altlvds_rx|auto_generated|pll_sclk~PLL_OUTPUT_COUNTER|divclk
                Info (332115): Data Arrival Time  : 5.083
                Info (332115): Clock Arrival Time : 4.582
                Info (332115): Relative Delay     : 0.501
                Info (332115): Data Arrival Path:
                Info (332115): Total (ns)  Incr (ns)     Type  Element
                Info (332115): ==========  ========= ==  ====  ===================================
                Info (332115):      3.343      3.343  R        clock network delay
                Info (332115):      3.343      0.000     uTco  bladerf_core:U_core|nios_system:U_nios_system|time_tamer:tx_tamer|hold_time[27]
                Info (332115):      3.343      0.000 FF  CELL  U_core|U_nios_system|tx_tamer|hold_time[27]|q
                Info (332115):      4.354      1.011 FF    IC  U_core|U_nios_system|tx_tamer|compare_time[27]|asdata
                Info (332115):      5.083      0.729 FF  CELL  bladerf_core:U_core|nios_system:U_nios_system|time_tamer:tx_tamer|compare_time[27]
                Info (332115): Clock Arrival Path:
                Info (332115): Total (ns)  Incr (ns)     Type  Element
                Info (332115): ==========  ========= ==  ====  ===================================
                Info (332115):      4.742      4.742  R        clock network delay
                Info (332115):      4.582     -0.160           clock uncertainty
                Info (332115):      4.582      0.000     uTsu  bladerf_core:U_core|nios_system:U_nios_system|time_tamer:tx_tamer|compare_time[27]
            Info (332181): Earliest Path Arrival
                Info (332115): From Node          : bladerf_core:U_core|nios_system:U_nios_system|time_tamer:tx_tamer|hold_time[19]
                Info (332115): To Node            : bladerf_core:U_core|nios_system:U_nios_system|time_tamer:tx_tamer|compare_time[19]
                Info (332115): Launch Clock       : U_core|U_system_pll|altera_pll_i|general[0].gpll~PLL_OUTPUT_COUNTER|divclk
                Info (332115): Latch Clock        : U_core|U_nios_system|axi_ad9361_0|i_dev_if|i_rx|i_altlvds_rx|auto_generated|pll_sclk~PLL_OUTPUT_COUNTER|divclk
                Info (332115): Data Arrival Time  : 2.469
                Info (332115): Clock Arrival Time : 6.491
                Info (332115): Relative Delay     : -4.022
                Info (332115): Data Arrival Path:
                Info (332115): Total (ns)  Incr (ns)     Type  Element
                Info (332115): ==========  ========= ==  ====  ===================================
                Info (332115):      1.789      1.789  R        clock network delay
                Info (332115):      1.789      0.000     uTco  bladerf_core:U_core|nios_system:U_nios_system|time_tamer:tx_tamer|hold_time[19]
                Info (332115):      1.789      0.000 FF  CELL  U_core|U_nios_system|tx_tamer|hold_time[19]|q
                Info (332115):      2.332      0.543 FF    IC  U_core|U_nios_system|tx_tamer|compare_time[19]~feeder|dataf
                Info (332115):      2.386      0.054 FF  CELL  U_core|U_nios_system|tx_tamer|compare_time[19]~feeder|combout
                Info (332115):      2.386      0.000 FF    IC  U_core|U_nios_system|tx_tamer|compare_time[19]|d
                Info (332115):      2.469      0.083 FF  CELL  bladerf_core:U_core|nios_system:U_nios_system|time_tamer:tx_tamer|compare_time[19]
                Info (332115): Clock Arrival Path:
                Info (332115): Total (ns)  Incr (ns)     Type  Element
                Info (332115): ==========  ========= ==  ====  ===================================
                Info (332115):      6.331      6.331  R        clock network delay
                Info (332115):      6.491      0.160           clock uncertainty
                Info (332115):      6.491      0.000      uTh  bladerf_core:U_core|nios_system:U_nios_system|time_tamer:tx_tamer|compare_time[19]
            Info (332181): Cross Path Clock Pessimism Removed : 2.830
            Info (332181): Required Skew   : 6.400
            Info (332181): Actual Skew     : 1.693
            Info (332181): Slack           : 4.707
        Info (332181): Path #60: Slack is 4.724 
            Info (332181): Latest Path Arrival
                Info (332115): From Node          : bladerf_core:U_core|nios_system:U_nios_system|time_tamer:tx_tamer|hold_time[51]
                Info (332115): To Node            : bladerf_core:U_core|nios_system:U_nios_system|time_tamer:tx_tamer|compare_time[51]
                Info (332115): Launch Clock       : U_core|U_system_pll|altera_pll_i|general[0].gpll~PLL_OUTPUT_COUNTER|divclk
                Info (332115): Latch Clock        : U_core|U_nios_system|axi_ad9361_0|i_dev_if|i_rx|i_altlvds_rx|auto_generated|pll_sclk~PLL_OUTPUT_COUNTER|divclk
                Info (332115): Data Arrival Time  : 5.066
                Info (332115): Clock Arrival Time : 4.582
                Info (332115): Relative Delay     : 0.484
                Info (332115): Data Arrival Path:
                Info (332115): Total (ns)  Incr (ns)     Type  Element
                Info (332115): ==========  ========= ==  ====  ===================================
                Info (332115):      3.310      3.310  R        clock network delay
                Info (332115):      3.310      0.000     uTco  bladerf_core:U_core|nios_system:U_nios_system|time_tamer:tx_tamer|hold_time[51]
                Info (332115):      3.310      0.000 FF  CELL  U_core|U_nios_system|tx_tamer|hold_time[51]|q
                Info (332115):      4.208      0.898 FF    IC  U_core|U_nios_system|tx_tamer|compare_time[51]~feeder|datac
                Info (332115):      4.760      0.552 FF  CELL  U_core|U_nios_system|tx_tamer|compare_time[51]~feeder|combout
                Info (332115):      4.760      0.000 FF    IC  U_core|U_nios_system|tx_tamer|compare_time[51]|d
                Info (332115):      5.066      0.306 FF  CELL  bladerf_core:U_core|nios_system:U_nios_system|time_tamer:tx_tamer|compare_time[51]
                Info (332115): Clock Arrival Path:
                Info (332115): Total (ns)  Incr (ns)     Type  Element
                Info (332115): ==========  ========= ==  ====  ===================================
                Info (332115):      4.742      4.742  R        clock network delay
                Info (332115):      4.582     -0.160           clock uncertainty
                Info (332115):      4.582      0.000     uTsu  bladerf_core:U_core|nios_system:U_nios_system|time_tamer:tx_tamer|compare_time[51]
            Info (332181): Earliest Path Arrival
                Info (332115): From Node          : bladerf_core:U_core|nios_system:U_nios_system|time_tamer:tx_tamer|hold_time[19]
                Info (332115): To Node            : bladerf_core:U_core|nios_system:U_nios_system|time_tamer:tx_tamer|compare_time[19]
                Info (332115): Launch Clock       : U_core|U_system_pll|altera_pll_i|general[0].gpll~PLL_OUTPUT_COUNTER|divclk
                Info (332115): Latch Clock        : U_core|U_nios_system|axi_ad9361_0|i_dev_if|i_rx|i_altlvds_rx|auto_generated|pll_sclk~PLL_OUTPUT_COUNTER|divclk
                Info (332115): Data Arrival Time  : 2.469
                Info (332115): Clock Arrival Time : 6.491
                Info (332115): Relative Delay     : -4.022
                Info (332115): Data Arrival Path:
                Info (332115): Total (ns)  Incr (ns)     Type  Element
                Info (332115): ==========  ========= ==  ====  ===================================
                Info (332115):      1.789      1.789  R        clock network delay
                Info (332115):      1.789      0.000     uTco  bladerf_core:U_core|nios_system:U_nios_system|time_tamer:tx_tamer|hold_time[19]
                Info (332115):      1.789      0.000 FF  CELL  U_core|U_nios_system|tx_tamer|hold_time[19]|q
                Info (332115):      2.332      0.543 FF    IC  U_core|U_nios_system|tx_tamer|compare_time[19]~feeder|dataf
                Info (332115):      2.386      0.054 FF  CELL  U_core|U_nios_system|tx_tamer|compare_time[19]~feeder|combout
                Info (332115):      2.386      0.000 FF    IC  U_core|U_nios_system|tx_tamer|compare_time[19]|d
                Info (332115):      2.469      0.083 FF  CELL  bladerf_core:U_core|nios_system:U_nios_system|time_tamer:tx_tamer|compare_time[19]
                Info (332115): Clock Arrival Path:
                Info (332115): Total (ns)  Incr (ns)     Type  Element
                Info (332115): ==========  ========= ==  ====  ===================================
                Info (332115):      6.331      6.331  R        clock network delay
                Info (332115):      6.491      0.160           clock uncertainty
                Info (332115):      6.491      0.000      uTh  bladerf_core:U_core|nios_system:U_nios_system|time_tamer:tx_tamer|compare_time[19]
            Info (332181): Cross Path Clock Pessimism Removed : 2.830
            Info (332181): Required Skew   : 6.400
            Info (332181): Actual Skew     : 1.676
            Info (332181): Slack           : 4.724
    Info (332181): Skew for the Earliest Arrival
        Info (332181): Path #61: Slack is 4.544 
            Info (332181): Latest Path Arrival
                Info (332115): From Node          : bladerf_core:U_core|nios_system:U_nios_system|time_tamer:tx_tamer|hold_time[29]~DUPLICATE
                Info (332115): To Node            : bladerf_core:U_core|nios_system:U_nios_system|time_tamer:tx_tamer|compare_time[29]
                Info (332115): Launch Clock       : U_core|U_system_pll|altera_pll_i|general[0].gpll~PLL_OUTPUT_COUNTER|divclk
                Info (332115): Latch Clock        : U_core|U_nios_system|axi_ad9361_0|i_dev_if|i_rx|i_altlvds_rx|auto_generated|pll_sclk~PLL_OUTPUT_COUNTER|divclk
                Info (332115): Data Arrival Time  : 5.240
                Info (332115): Clock Arrival Time : 4.576
                Info (332115): Relative Delay     : 0.664
                Info (332115): Data Arrival Path:
                Info (332115): Total (ns)  Incr (ns)     Type  Element
                Info (332115): ==========  ========= ==  ====  ===================================
                Info (332115):      3.343      3.343  R        clock network delay
                Info (332115):      3.343      0.000     uTco  bladerf_core:U_core|nios_system:U_nios_system|time_tamer:tx_tamer|hold_time[29]~DUPLICATE
                Info (332115):      3.343      0.000 FF  CELL  U_core|U_nios_system|tx_tamer|hold_time[29]~DUPLICATE|q
                Info (332115):      4.514      1.171 FF    IC  U_core|U_nios_system|tx_tamer|compare_time[29]|asdata
                Info (332115):      5.240      0.726 FF  CELL  bladerf_core:U_core|nios_system:U_nios_system|time_tamer:tx_tamer|compare_time[29]
                Info (332115): Clock Arrival Path:
                Info (332115): Total (ns)  Incr (ns)     Type  Element
                Info (332115): ==========  ========= ==  ====  ===================================
                Info (332115):      4.736      4.736  R        clock network delay
                Info (332115):      4.576     -0.160           clock uncertainty
                Info (332115):      4.576      0.000     uTsu  bladerf_core:U_core|nios_system:U_nios_system|time_tamer:tx_tamer|compare_time[29]
            Info (332181): Earliest Path Arrival
                Info (332115): From Node          : bladerf_core:U_core|nios_system:U_nios_system|time_tamer:tx_tamer|hold_time[19]
                Info (332115): To Node            : bladerf_core:U_core|nios_system:U_nios_system|time_tamer:tx_tamer|compare_time[19]
                Info (332115): Launch Clock       : U_core|U_system_pll|altera_pll_i|general[0].gpll~PLL_OUTPUT_COUNTER|divclk
                Info (332115): Latch Clock        : U_core|U_nios_system|axi_ad9361_0|i_dev_if|i_rx|i_altlvds_rx|auto_generated|pll_sclk~PLL_OUTPUT_COUNTER|divclk
                Info (332115): Data Arrival Time  : 2.469
                Info (332115): Clock Arrival Time : 6.491
                Info (332115): Relative Delay     : -4.022
                Info (332115): Data Arrival Path:
                Info (332115): Total (ns)  Incr (ns)     Type  Element
                Info (332115): ==========  ========= ==  ====  ===================================
                Info (332115):      1.789      1.789  R        clock network delay
                Info (332115):      1.789      0.000     uTco  bladerf_core:U_core|nios_system:U_nios_system|time_tamer:tx_tamer|hold_time[19]
                Info (332115):      1.789      0.000 FF  CELL  U_core|U_nios_system|tx_tamer|hold_time[19]|q
                Info (332115):      2.332      0.543 FF    IC  U_core|U_nios_system|tx_tamer|compare_time[19]~feeder|dataf
                Info (332115):      2.386      0.054 FF  CELL  U_core|U_nios_system|tx_tamer|compare_time[19]~feeder|combout
                Info (332115):      2.386      0.000 FF    IC  U_core|U_nios_system|tx_tamer|compare_time[19]|d
                Info (332115):      2.469      0.083 FF  CELL  bladerf_core:U_core|nios_system:U_nios_system|time_tamer:tx_tamer|compare_time[19]
                Info (332115): Clock Arrival Path:
                Info (332115): Total (ns)  Incr (ns)     Type  Element
                Info (332115): ==========  ========= ==  ====  ===================================
                Info (332115):      6.331      6.331  R        clock network delay
                Info (332115):      6.491      0.160           clock uncertainty
                Info (332115):      6.491      0.000      uTh  bladerf_core:U_core|nios_system:U_nios_system|time_tamer:tx_tamer|compare_time[19]
            Info (332181): Cross Path Clock Pessimism Removed : 2.830
            Info (332181): Required Skew   : 6.400
            Info (332181): Actual Skew     : 1.856
            Info (332181): Slack           : 4.544
        Info (332181): Path #62: Slack is 4.589 
            Info (332181): Latest Path Arrival
                Info (332115): From Node          : bladerf_core:U_core|nios_system:U_nios_system|time_tamer:tx_tamer|hold_time[29]~DUPLICATE
                Info (332115): To Node            : bladerf_core:U_core|nios_system:U_nios_system|time_tamer:tx_tamer|compare_time[29]
                Info (332115): Launch Clock       : U_core|U_system_pll|altera_pll_i|general[0].gpll~PLL_OUTPUT_COUNTER|divclk
                Info (332115): Latch Clock        : U_core|U_nios_system|axi_ad9361_0|i_dev_if|i_rx|i_altlvds_rx|auto_generated|pll_sclk~PLL_OUTPUT_COUNTER|divclk
                Info (332115): Data Arrival Time  : 5.240
                Info (332115): Clock Arrival Time : 4.576
                Info (332115): Relative Delay     : 0.664
                Info (332115): Data Arrival Path:
                Info (332115): Total (ns)  Incr (ns)     Type  Element
                Info (332115): ==========  ========= ==  ====  ===================================
                Info (332115):      3.343      3.343  R        clock network delay
                Info (332115):      3.343      0.000     uTco  bladerf_core:U_core|nios_system:U_nios_system|time_tamer:tx_tamer|hold_time[29]~DUPLICATE
                Info (332115):      3.343      0.000 FF  CELL  U_core|U_nios_system|tx_tamer|hold_time[29]~DUPLICATE|q
                Info (332115):      4.514      1.171 FF    IC  U_core|U_nios_system|tx_tamer|compare_time[29]|asdata
                Info (332115):      5.240      0.726 FF  CELL  bladerf_core:U_core|nios_system:U_nios_system|time_tamer:tx_tamer|compare_time[29]
                Info (332115): Clock Arrival Path:
                Info (332115): Total (ns)  Incr (ns)     Type  Element
                Info (332115): ==========  ========= ==  ====  ===================================
                Info (332115):      4.736      4.736  R        clock network delay
                Info (332115):      4.576     -0.160           clock uncertainty
                Info (332115):      4.576      0.000     uTsu  bladerf_core:U_core|nios_system:U_nios_system|time_tamer:tx_tamer|compare_time[29]
            Info (332181): Earliest Path Arrival
                Info (332115): From Node          : bladerf_core:U_core|nios_system:U_nios_system|time_tamer:tx_tamer|hold_time[52]
                Info (332115): To Node            : bladerf_core:U_core|nios_system:U_nios_system|time_tamer:tx_tamer|compare_time[52]
                Info (332115): Launch Clock       : U_core|U_system_pll|altera_pll_i|general[0].gpll~PLL_OUTPUT_COUNTER|divclk
                Info (332115): Latch Clock        : U_core|U_nios_system|axi_ad9361_0|i_dev_if|i_rx|i_altlvds_rx|auto_generated|pll_sclk~PLL_OUTPUT_COUNTER|divclk
                Info (332115): Data Arrival Time  : 2.461
                Info (332115): Clock Arrival Time : 6.488
                Info (332115): Relative Delay     : -4.027
                Info (332115): Data Arrival Path:
                Info (332115): Total (ns)  Incr (ns)     Type  Element
                Info (332115): ==========  ========= ==  ====  ===================================
                Info (332115):      1.779      1.779  R        clock network delay
                Info (332115):      1.779      0.000     uTco  bladerf_core:U_core|nios_system:U_nios_system|time_tamer:tx_tamer|hold_time[52]
                Info (332115):      1.779      0.000 FF  CELL  U_core|U_nios_system|tx_tamer|hold_time[52]|q
                Info (332115):      2.092      0.313 FF    IC  U_core|U_nios_system|tx_tamer|compare_time[52]|asdata
                Info (332115):      2.461      0.369 FF  CELL  bladerf_core:U_core|nios_system:U_nios_system|time_tamer:tx_tamer|compare_time[52]
                Info (332115): Clock Arrival Path:
                Info (332115): Total (ns)  Incr (ns)     Type  Element
                Info (332115): ==========  ========= ==  ====  ===================================
                Info (332115):      6.328      6.328  R        clock network delay
                Info (332115):      6.488      0.160           clock uncertainty
                Info (332115):      6.488      0.000      uTh  bladerf_core:U_core|nios_system:U_nios_system|time_tamer:tx_tamer|compare_time[52]
            Info (332181): Cross Path Clock Pessimism Removed : 2.880
            Info (332181): Required Skew   : 6.400
            Info (332181): Actual Skew     : 1.811
            Info (332181): Slack           : 4.589
        Info (332181): Path #63: Slack is 4.600 
            Info (332181): Latest Path Arrival
                Info (332115): From Node          : bladerf_core:U_core|nios_system:U_nios_system|time_tamer:tx_tamer|hold_time[29]~DUPLICATE
                Info (332115): To Node            : bladerf_core:U_core|nios_system:U_nios_system|time_tamer:tx_tamer|compare_time[29]
                Info (332115): Launch Clock       : U_core|U_system_pll|altera_pll_i|general[0].gpll~PLL_OUTPUT_COUNTER|divclk
                Info (332115): Latch Clock        : U_core|U_nios_system|axi_ad9361_0|i_dev_if|i_rx|i_altlvds_rx|auto_generated|pll_sclk~PLL_OUTPUT_COUNTER|divclk
                Info (332115): Data Arrival Time  : 5.240
                Info (332115): Clock Arrival Time : 4.576
                Info (332115): Relative Delay     : 0.664
                Info (332115): Data Arrival Path:
                Info (332115): Total (ns)  Incr (ns)     Type  Element
                Info (332115): ==========  ========= ==  ====  ===================================
                Info (332115):      3.343      3.343  R        clock network delay
                Info (332115):      3.343      0.000     uTco  bladerf_core:U_core|nios_system:U_nios_system|time_tamer:tx_tamer|hold_time[29]~DUPLICATE
                Info (332115):      3.343      0.000 FF  CELL  U_core|U_nios_system|tx_tamer|hold_time[29]~DUPLICATE|q
                Info (332115):      4.514      1.171 FF    IC  U_core|U_nios_system|tx_tamer|compare_time[29]|asdata
                Info (332115):      5.240      0.726 FF  CELL  bladerf_core:U_core|nios_system:U_nios_system|time_tamer:tx_tamer|compare_time[29]
                Info (332115): Clock Arrival Path:
                Info (332115): Total (ns)  Incr (ns)     Type  Element
                Info (332115): ==========  ========= ==  ====  ===================================
                Info (332115):      4.736      4.736  R        clock network delay
                Info (332115):      4.576     -0.160           clock uncertainty
                Info (332115):      4.576      0.000     uTsu  bladerf_core:U_core|nios_system:U_nios_system|time_tamer:tx_tamer|compare_time[29]
            Info (332181): Earliest Path Arrival
                Info (332115): From Node          : bladerf_core:U_core|nios_system:U_nios_system|time_tamer:tx_tamer|hold_time[17]~DUPLICATE
                Info (332115): To Node            : bladerf_core:U_core|nios_system:U_nios_system|time_tamer:tx_tamer|compare_time[17]
                Info (332115): Launch Clock       : U_core|U_system_pll|altera_pll_i|general[0].gpll~PLL_OUTPUT_COUNTER|divclk
                Info (332115): Latch Clock        : U_core|U_nios_system|axi_ad9361_0|i_dev_if|i_rx|i_altlvds_rx|auto_generated|pll_sclk~PLL_OUTPUT_COUNTER|divclk
                Info (332115): Data Arrival Time  : 2.527
                Info (332115): Clock Arrival Time : 6.493
                Info (332115): Relative Delay     : -3.966
                Info (332115): Data Arrival Path:
                Info (332115): Total (ns)  Incr (ns)     Type  Element
                Info (332115): ==========  ========= ==  ====  ===================================
                Info (332115):      1.782      1.782  R        clock network delay
                Info (332115):      1.782      0.000     uTco  bladerf_core:U_core|nios_system:U_nios_system|time_tamer:tx_tamer|hold_time[17]~DUPLICATE
                Info (332115):      1.782      0.000 FF  CELL  U_core|U_nios_system|tx_tamer|hold_time[17]~DUPLICATE|q
                Info (332115):      2.053      0.271 FF    IC  U_core|U_nios_system|tx_tamer|compare_time[17]~feeder|datac
                Info (332115):      2.444      0.391 FF  CELL  U_core|U_nios_system|tx_tamer|compare_time[17]~feeder|combout
                Info (332115):      2.444      0.000 FF    IC  U_core|U_nios_system|tx_tamer|compare_time[17]|d
                Info (332115):      2.527      0.083 FF  CELL  bladerf_core:U_core|nios_system:U_nios_system|time_tamer:tx_tamer|compare_time[17]
                Info (332115): Clock Arrival Path:
                Info (332115): Total (ns)  Incr (ns)     Type  Element
                Info (332115): ==========  ========= ==  ====  ===================================
                Info (332115):      6.333      6.333  R        clock network delay
                Info (332115):      6.493      0.160           clock uncertainty
                Info (332115):      6.493      0.000      uTh  bladerf_core:U_core|nios_system:U_nios_system|time_tamer:tx_tamer|compare_time[17]
            Info (332181): Cross Path Clock Pessimism Removed : 2.830
            Info (332181): Required Skew   : 6.400
            Info (332181): Actual Skew     : 1.800
            Info (332181): Slack           : 4.600
        Info (332181): Path #64: Slack is 4.612 
            Info (332181): Latest Path Arrival
                Info (332115): From Node          : bladerf_core:U_core|nios_system:U_nios_system|time_tamer:tx_tamer|hold_time[29]~DUPLICATE
                Info (332115): To Node            : bladerf_core:U_core|nios_system:U_nios_system|time_tamer:tx_tamer|compare_time[29]
                Info (332115): Launch Clock       : U_core|U_system_pll|altera_pll_i|general[0].gpll~PLL_OUTPUT_COUNTER|divclk
                Info (332115): Latch Clock        : U_core|U_nios_system|axi_ad9361_0|i_dev_if|i_rx|i_altlvds_rx|auto_generated|pll_sclk~PLL_OUTPUT_COUNTER|divclk
                Info (332115): Data Arrival Time  : 5.240
                Info (332115): Clock Arrival Time : 4.576
                Info (332115): Relative Delay     : 0.664
                Info (332115): Data Arrival Path:
                Info (332115): Total (ns)  Incr (ns)     Type  Element
                Info (332115): ==========  ========= ==  ====  ===================================
                Info (332115):      3.343      3.343  R        clock network delay
                Info (332115):      3.343      0.000     uTco  bladerf_core:U_core|nios_system:U_nios_system|time_tamer:tx_tamer|hold_time[29]~DUPLICATE
                Info (332115):      3.343      0.000 FF  CELL  U_core|U_nios_system|tx_tamer|hold_time[29]~DUPLICATE|q
                Info (332115):      4.514      1.171 FF    IC  U_core|U_nios_system|tx_tamer|compare_time[29]|asdata
                Info (332115):      5.240      0.726 FF  CELL  bladerf_core:U_core|nios_system:U_nios_system|time_tamer:tx_tamer|compare_time[29]
                Info (332115): Clock Arrival Path:
                Info (332115): Total (ns)  Incr (ns)     Type  Element
                Info (332115): ==========  ========= ==  ====  ===================================
                Info (332115):      4.736      4.736  R        clock network delay
                Info (332115):      4.576     -0.160           clock uncertainty
                Info (332115):      4.576      0.000     uTsu  bladerf_core:U_core|nios_system:U_nios_system|time_tamer:tx_tamer|compare_time[29]
            Info (332181): Earliest Path Arrival
                Info (332115): From Node          : bladerf_core:U_core|nios_system:U_nios_system|time_tamer:tx_tamer|hold_time[56]
                Info (332115): To Node            : bladerf_core:U_core|nios_system:U_nios_system|time_tamer:tx_tamer|compare_time[56]
                Info (332115): Launch Clock       : U_core|U_system_pll|altera_pll_i|general[0].gpll~PLL_OUTPUT_COUNTER|divclk
                Info (332115): Latch Clock        : U_core|U_nios_system|axi_ad9361_0|i_dev_if|i_rx|i_altlvds_rx|auto_generated|pll_sclk~PLL_OUTPUT_COUNTER|divclk
                Info (332115): Data Arrival Time  : 2.533
                Info (332115): Clock Arrival Time : 6.487
                Info (332115): Relative Delay     : -3.954
                Info (332115): Data Arrival Path:
                Info (332115): Total (ns)  Incr (ns)     Type  Element
                Info (332115): ==========  ========= ==  ====  ===================================
                Info (332115):      1.781      1.781  R        clock network delay
                Info (332115):      1.781      0.000     uTco  bladerf_core:U_core|nios_system:U_nios_system|time_tamer:tx_tamer|hold_time[56]
                Info (332115):      1.781      0.000 FF  CELL  U_core|U_nios_system|tx_tamer|hold_time[56]|q
                Info (332115):      2.164      0.383 FF    IC  U_core|U_nios_system|tx_tamer|compare_time[56]|asdata
                Info (332115):      2.533      0.369 FF  CELL  bladerf_core:U_core|nios_system:U_nios_system|time_tamer:tx_tamer|compare_time[56]
                Info (332115): Clock Arrival Path:
                Info (332115): Total (ns)  Incr (ns)     Type  Element
                Info (332115): ==========  ========= ==  ====  ===================================
                Info (332115):      6.327      6.327  R        clock network delay
                Info (332115):      6.487      0.160           clock uncertainty
                Info (332115):      6.487      0.000      uTh  bladerf_core:U_core|nios_system:U_nios_system|time_tamer:tx_tamer|compare_time[56]
            Info (332181): Cross Path Clock Pessimism Removed : 2.830
            Info (332181): Required Skew   : 6.400
            Info (332181): Actual Skew     : 1.788
            Info (332181): Slack           : 4.612
Info (332115): Worst-case slack is 4.564 for "set_max_skew -from [get_keepers {*rx_epoch_controller:U_rx_epoch_controller|handshake:transfer|source_holding[*]}] -to [get_keepers {*rx_epoch_controller:U_rx_epoch_controller|control_rx[*]}] 6.400 "
    Info (332181): Skew for the Latest Arrival
        Info (332181): Path #65: Slack is 4.564 
            Info (332181): Latest Path Arrival
                Info (332115): From Node          : bladerf_core:U_core|rx_epoch_controller:U_rx_epoch_controller|handshake:transfer|source_holding[9]
                Info (332115): To Node            : bladerf_core:U_core|rx_epoch_controller:U_rx_epoch_controller|control_rx[9]
                Info (332115): Launch Clock       : U_core|U_system_pll|altera_pll_i|general[0].gpll~PLL_OUTPUT_COUNTER|divclk
                Info (332115): Latch Clock        : U_core|U_nios_system|axi_ad9361_0|i_dev_if|i_rx|i_altlvds_rx|auto_generated|pll_sclk~PLL_OUTPUT_COUNTER|divclk
                Info (332115): Data Arrival Time  : 5.348
                Info (332115): Clock Arrival Time : 4.600
                Info (332115): Relative Delay     : 0.748
                Info (332115): Data Arrival Path:
                Info (332115): Total (ns)  Incr (ns)     Type  Element
                Info (332115): ==========  ========= ==  ====  ===================================
                Info (332115):      3.331      3.331  R        clock network delay
                Info (332115):      3.331      0.000     uTco  bladerf_core:U_core|rx_epoch_controller:U_rx_epoch_controller|handshake:transfer|source_holding[9]
                Info (332115):      3.331      0.000 FF  CELL  U_core|U_rx_epoch_controller|transfer|source_holding[9]|q
                Info (332115):      4.600      1.269 FF    IC  U_core|U_rx_epoch_controller|control_rx[9]|asdata
                Info (332115):      5.348      0.748 FF  CELL  bladerf_core:U_core|rx_epoch_controller:U_rx_epoch_controller|control_rx[9]
                Info (332115): Clock Arrival Path:
                Info (332115): Total (ns)  Incr (ns)     Type  Element
                Info (332115): ==========  ========= ==  ====  ===================================
                Info (332115):      4.760      4.760  R        clock network delay
                Info (332115):      4.600     -0.160           clock uncertainty
                Info (332115):      4.600      0.000     uTsu  bladerf_core:U_core|rx_epoch_controller:U_rx_epoch_controller|control_rx[9]
            Info (332181): Earliest Path Arrival
                Info (332115): From Node          : bladerf_core:U_core|rx_epoch_controller:U_rx_epoch_controller|handshake:transfer|source_holding[13]
                Info (332115): To Node            : bladerf_core:U_core|rx_epoch_controller:U_rx_epoch_controller|control_rx[13]
                Info (332115): Launch Clock       : U_core|U_system_pll|altera_pll_i|general[0].gpll~PLL_OUTPUT_COUNTER|divclk
                Info (332115): Latch Clock        : U_core|U_nios_system|axi_ad9361_0|i_dev_if|i_rx|i_altlvds_rx|auto_generated|pll_sclk~PLL_OUTPUT_COUNTER|divclk
                Info (332115): Data Arrival Time  : 2.572
                Info (332115): Clock Arrival Time : 6.513
                Info (332115): Relative Delay     : -3.941
                Info (332115): Data Arrival Path:
                Info (332115): Total (ns)  Incr (ns)     Type  Element
                Info (332115): ==========  ========= ==  ====  ===================================
                Info (332115):      1.790      1.790  R        clock network delay
                Info (332115):      1.790      0.000     uTco  bladerf_core:U_core|rx_epoch_controller:U_rx_epoch_controller|handshake:transfer|source_holding[13]
                Info (332115):      1.790      0.000 FF  CELL  U_core|U_rx_epoch_controller|transfer|source_holding[13]|q
                Info (332115):      2.435      0.645 FF    IC  U_core|U_rx_epoch_controller|control_rx[13]~feeder|dataf
                Info (332115):      2.489      0.054 FF  CELL  U_core|U_rx_epoch_controller|control_rx[13]~feeder|combout
                Info (332115):      2.489      0.000 FF    IC  U_core|U_rx_epoch_controller|control_rx[13]|d
                Info (332115):      2.572      0.083 FF  CELL  bladerf_core:U_core|rx_epoch_controller:U_rx_epoch_controller|control_rx[13]
                Info (332115): Clock Arrival Path:
                Info (332115): Total (ns)  Incr (ns)     Type  Element
                Info (332115): ==========  ========= ==  ====  ===================================
                Info (332115):      6.353      6.353  R        clock network delay
                Info (332115):      6.513      0.160           clock uncertainty
                Info (332115):      6.513      0.000      uTh  bladerf_core:U_core|rx_epoch_controller:U_rx_epoch_controller|control_rx[13]
            Info (332181): Cross Path Clock Pessimism Removed : 2.853
            Info (332181): Required Skew   : 6.400
            Info (332181): Actual Skew     : 1.836
            Info (332181): Slack           : 4.564
        Info (332181): Path #66: Slack is 5.141 
            Info (332181): Latest Path Arrival
                Info (332115): From Node          : bladerf_core:U_core|rx_epoch_controller:U_rx_epoch_controller|handshake:transfer|source_holding[10]
                Info (332115): To Node            : bladerf_core:U_core|rx_epoch_controller:U_rx_epoch_controller|control_rx[10]
                Info (332115): Launch Clock       : U_core|U_system_pll|altera_pll_i|general[0].gpll~PLL_OUTPUT_COUNTER|divclk
                Info (332115): Latch Clock        : U_core|U_nios_system|axi_ad9361_0|i_dev_if|i_rx|i_altlvds_rx|auto_generated|pll_sclk~PLL_OUTPUT_COUNTER|divclk
                Info (332115): Data Arrival Time  : 4.789
                Info (332115): Clock Arrival Time : 4.595
                Info (332115): Relative Delay     : 0.194
                Info (332115): Data Arrival Path:
                Info (332115): Total (ns)  Incr (ns)     Type  Element
                Info (332115): ==========  ========= ==  ====  ===================================
                Info (332115):      3.325      3.325  R        clock network delay
                Info (332115):      3.325      0.000     uTco  bladerf_core:U_core|rx_epoch_controller:U_rx_epoch_controller|handshake:transfer|source_holding[10]
                Info (332115):      3.325      0.000 RR  CELL  U_core|U_rx_epoch_controller|transfer|source_holding[10]|q
                Info (332115):      4.066      0.741 RR    IC  U_core|U_rx_epoch_controller|control_rx[10]|asdata
                Info (332115):      4.789      0.723 RR  CELL  bladerf_core:U_core|rx_epoch_controller:U_rx_epoch_controller|control_rx[10]
                Info (332115): Clock Arrival Path:
                Info (332115): Total (ns)  Incr (ns)     Type  Element
                Info (332115): ==========  ========= ==  ====  ===================================
                Info (332115):      4.755      4.755  R        clock network delay
                Info (332115):      4.595     -0.160           clock uncertainty
                Info (332115):      4.595      0.000     uTsu  bladerf_core:U_core|rx_epoch_controller:U_rx_epoch_controller|control_rx[10]
            Info (332181): Earliest Path Arrival
                Info (332115): From Node          : bladerf_core:U_core|rx_epoch_controller:U_rx_epoch_controller|handshake:transfer|source_holding[13]
                Info (332115): To Node            : bladerf_core:U_core|rx_epoch_controller:U_rx_epoch_controller|control_rx[13]
                Info (332115): Launch Clock       : U_core|U_system_pll|altera_pll_i|general[0].gpll~PLL_OUTPUT_COUNTER|divclk
                Info (332115): Latch Clock        : U_core|U_nios_system|axi_ad9361_0|i_dev_if|i_rx|i_altlvds_rx|auto_generated|pll_sclk~PLL_OUTPUT_COUNTER|divclk
                Info (332115): Data Arrival Time  : 2.572
                Info (332115): Clock Arrival Time : 6.513
                Info (332115): Relative Delay     : -3.941
                Info (332115): Data Arrival Path:
                Info (332115): Total (ns)  Incr (ns)     Type  Element
                Info (332115): ==========  ========= ==  ====  ===================================
                Info (332115):      1.790      1.790  R        clock network delay
                Info (332115):      1.790      0.000     uTco  bladerf_core:U_core|rx_epoch_controller:U_rx_epoch_controller|handshake:transfer|source_holding[13]
                Info (332115):      1.790      0.000 FF  CELL  U_core|U_rx_epoch_controller|transfer|source_holding[13]|q
                Info (332115):      2.435      0.645 FF    IC  U_core|U_rx_epoch_controller|control_rx[13]~feeder|dataf
                Info (332115):      2.489      0.054 FF  CELL  U_core|U_rx_epoch_controller|control_rx[13]~feeder|combout
                Info (332115):      2.489      0.000 FF    IC  U_core|U_rx_epoch_controller|control_rx[13]|d
                Info (332115):      2.572      0.083 FF  CELL  bladerf_core:U_core|rx_epoch_controller:U_rx_epoch_controller|control_rx[13]
                Info (332115): Clock Arrival Path:
                Info (332115): Total (ns)  Incr (ns)     Type  Element
                Info (332115): ==========  ========= ==  ====  ===================================
                Info (332115):      6.353      6.353  R        clock network delay
                Info (332115):      6.513      0.160           clock uncertainty
                Info (332115):      6.513      0.000      uTh  bladerf_core:U_core|rx_epoch_controller:U_rx_epoch_controller|control_rx[13]
            Info (332181): Cross Path Clock Pessimism Removed : 2.876
            Info (332181): Required Skew   : 6.400
            Info (332181): Actual Skew     : 1.259
            Info (332181): Slack           : 5.141
        Info (332181): Path #67: Slack is 5.145 
            Info (332181): Latest Path Arrival
                Info (332115): From Node          : bladerf_core:U_core|rx_epoch_controller:U_rx_epoch_controller|handshake:transfer|source_holding[12]
                Info (332115): To Node            : bladerf_core:U_core|rx_epoch_controller:U_rx_epoch_controller|control_rx[12]
                Info (332115): Launch Clock       : U_core|U_system_pll|altera_pll_i|general[0].gpll~PLL_OUTPUT_COUNTER|divclk
                Info (332115): Latch Clock        : U_core|U_nios_system|axi_ad9361_0|i_dev_if|i_rx|i_altlvds_rx|auto_generated|pll_sclk~PLL_OUTPUT_COUNTER|divclk
                Info (332115): Data Arrival Time  : 4.791
                Info (332115): Clock Arrival Time : 4.601
                Info (332115): Relative Delay     : 0.190
                Info (332115): Data Arrival Path:
                Info (332115): Total (ns)  Incr (ns)     Type  Element
                Info (332115): ==========  ========= ==  ====  ===================================
                Info (332115):      3.325      3.325  R        clock network delay
                Info (332115):      3.325      0.000     uTco  bladerf_core:U_core|rx_epoch_controller:U_rx_epoch_controller|handshake:transfer|source_holding[12]
                Info (332115):      3.325      0.000 FF  CELL  U_core|U_rx_epoch_controller|transfer|source_holding[12]|q
                Info (332115):      4.062      0.737 FF    IC  U_core|U_rx_epoch_controller|control_rx[12]|asdata
                Info (332115):      4.791      0.729 FF  CELL  bladerf_core:U_core|rx_epoch_controller:U_rx_epoch_controller|control_rx[12]
                Info (332115): Clock Arrival Path:
                Info (332115): Total (ns)  Incr (ns)     Type  Element
                Info (332115): ==========  ========= ==  ====  ===================================
                Info (332115):      4.761      4.761  R        clock network delay
                Info (332115):      4.601     -0.160           clock uncertainty
                Info (332115):      4.601      0.000     uTsu  bladerf_core:U_core|rx_epoch_controller:U_rx_epoch_controller|control_rx[12]
            Info (332181): Earliest Path Arrival
                Info (332115): From Node          : bladerf_core:U_core|rx_epoch_controller:U_rx_epoch_controller|handshake:transfer|source_holding[13]
                Info (332115): To Node            : bladerf_core:U_core|rx_epoch_controller:U_rx_epoch_controller|control_rx[13]
                Info (332115): Launch Clock       : U_core|U_system_pll|altera_pll_i|general[0].gpll~PLL_OUTPUT_COUNTER|divclk
                Info (332115): Latch Clock        : U_core|U_nios_system|axi_ad9361_0|i_dev_if|i_rx|i_altlvds_rx|auto_generated|pll_sclk~PLL_OUTPUT_COUNTER|divclk
                Info (332115): Data Arrival Time  : 2.572
                Info (332115): Clock Arrival Time : 6.513
                Info (332115): Relative Delay     : -3.941
                Info (332115): Data Arrival Path:
                Info (332115): Total (ns)  Incr (ns)     Type  Element
                Info (332115): ==========  ========= ==  ====  ===================================
                Info (332115):      1.790      1.790  R        clock network delay
                Info (332115):      1.790      0.000     uTco  bladerf_core:U_core|rx_epoch_controller:U_rx_epoch_controller|handshake:transfer|source_holding[13]
                Info (332115):      1.790      0.000 FF  CELL  U_core|U_rx_epoch_controller|transfer|source_holding[13]|q
                Info (332115):      2.435      0.645 FF    IC  U_core|U_rx_epoch_controller|control_rx[13]~feeder|dataf
                Info (332115):      2.489      0.054 FF  CELL  U_core|U_rx_epoch_controller|control_rx[13]~feeder|combout
                Info (332115):      2.489      0.000 FF    IC  U_core|U_rx_epoch_controller|control_rx[13]|d
                Info (332115):      2.572      0.083 FF  CELL  bladerf_core:U_core|rx_epoch_controller:U_rx_epoch_controller|control_rx[13]
                Info (332115): Clock Arrival Path:
                Info (332115): Total (ns)  Incr (ns)     Type  Element
                Info (332115): ==========  ========= ==  ====  ===================================
                Info (332115):      6.353      6.353  R        clock network delay
                Info (332115):      6.513      0.160           clock uncertainty
                Info (332115):      6.513      0.000      uTh  bladerf_core:U_core|rx_epoch_controller:U_rx_epoch_controller|control_rx[13]
            Info (332181): Cross Path Clock Pessimism Removed : 2.876
            Info (332181): Required Skew   : 6.400
            Info (332181): Actual Skew     : 1.255
            Info (332181): Slack           : 5.145
        Info (332181): Path #68: Slack is 5.150 
            Info (332181): Latest Path Arrival
                Info (332115): From Node          : bladerf_core:U_core|rx_epoch_controller:U_rx_epoch_controller|handshake:transfer|source_holding[2]
                Info (332115): To Node            : bladerf_core:U_core|rx_epoch_controller:U_rx_epoch_controller|control_rx[2]
                Info (332115): Launch Clock       : U_core|U_system_pll|altera_pll_i|general[0].gpll~PLL_OUTPUT_COUNTER|divclk
                Info (332115): Latch Clock        : U_core|U_nios_system|axi_ad9361_0|i_dev_if|i_rx|i_altlvds_rx|auto_generated|pll_sclk~PLL_OUTPUT_COUNTER|divclk
                Info (332115): Data Arrival Time  : 4.786
                Info (332115): Clock Arrival Time : 4.601
                Info (332115): Relative Delay     : 0.185
                Info (332115): Data Arrival Path:
                Info (332115): Total (ns)  Incr (ns)     Type  Element
                Info (332115): ==========  ========= ==  ====  ===================================
                Info (332115):      3.325      3.325  R        clock network delay
                Info (332115):      3.325      0.000     uTco  bladerf_core:U_core|rx_epoch_controller:U_rx_epoch_controller|handshake:transfer|source_holding[2]
                Info (332115):      3.325      0.000 FF  CELL  U_core|U_rx_epoch_controller|transfer|source_holding[2]|q
                Info (332115):      4.057      0.732 FF    IC  U_core|U_rx_epoch_controller|control_rx[2]|asdata
                Info (332115):      4.786      0.729 FF  CELL  bladerf_core:U_core|rx_epoch_controller:U_rx_epoch_controller|control_rx[2]
                Info (332115): Clock Arrival Path:
                Info (332115): Total (ns)  Incr (ns)     Type  Element
                Info (332115): ==========  ========= ==  ====  ===================================
                Info (332115):      4.761      4.761  R        clock network delay
                Info (332115):      4.601     -0.160           clock uncertainty
                Info (332115):      4.601      0.000     uTsu  bladerf_core:U_core|rx_epoch_controller:U_rx_epoch_controller|control_rx[2]
            Info (332181): Earliest Path Arrival
                Info (332115): From Node          : bladerf_core:U_core|rx_epoch_controller:U_rx_epoch_controller|handshake:transfer|source_holding[13]
                Info (332115): To Node            : bladerf_core:U_core|rx_epoch_controller:U_rx_epoch_controller|control_rx[13]
                Info (332115): Launch Clock       : U_core|U_system_pll|altera_pll_i|general[0].gpll~PLL_OUTPUT_COUNTER|divclk
                Info (332115): Latch Clock        : U_core|U_nios_system|axi_ad9361_0|i_dev_if|i_rx|i_altlvds_rx|auto_generated|pll_sclk~PLL_OUTPUT_COUNTER|divclk
                Info (332115): Data Arrival Time  : 2.572
                Info (332115): Clock Arrival Time : 6.513
                Info (332115): Relative Delay     : -3.941
                Info (332115): Data Arrival Path:
                Info (332115): Total (ns)  Incr (ns)     Type  Element
                Info (332115): ==========  ========= ==  ====  ===================================
                Info (332115):      1.790      1.790  R        clock network delay
                Info (332115):      1.790      0.000     uTco  bladerf_core:U_core|rx_epoch_controller:U_rx_epoch_controller|handshake:transfer|source_holding[13]
                Info (332115):      1.790      0.000 FF  CELL  U_core|U_rx_epoch_controller|transfer|source_holding[13]|q
                Info (332115):      2.435      0.645 FF    IC  U_core|U_rx_epoch_controller|control_rx[13]~feeder|dataf
                Info (332115):      2.489      0.054 FF  CELL  U_core|U_rx_epoch_controller|control_rx[13]~feeder|combout
                Info (332115):      2.489      0.000 FF    IC  U_core|U_rx_epoch_controller|control_rx[13]|d
                Info (332115):      2.572      0.083 FF  CELL  bladerf_core:U_core|rx_epoch_controller:U_rx_epoch_controller|control_rx[13]
                Info (332115): Clock Arrival Path:
                Info (332115): Total (ns)  Incr (ns)     Type  Element
                Info (332115): ==========  ========= ==  ====  ===================================
                Info (332115):      6.353      6.353  R        clock network delay
                Info (332115):      6.513      0.160           clock uncertainty
                Info (332115):      6.513      0.000      uTh  bladerf_core:U_core|rx_epoch_controller:U_rx_epoch_controller|control_rx[13]
            Info (332181): Cross Path Clock Pessimism Removed : 2.876
            Info (332181): Required Skew   : 6.400
            Info (332181): Actual Skew     : 1.250
            Info (332181): Slack           : 5.150
    Info (332181): Skew for the Earliest Arrival
        Info (332181): Path #69: Slack is 4.564 
            Info (332181): Latest Path Arrival
                Info (332115): From Node          : bladerf_core:U_core|rx_epoch_controller:U_rx_epoch_controller|handshake:transfer|source_holding[9]
                Info (332115): To Node            : bladerf_core:U_core|rx_epoch_controller:U_rx_epoch_controller|control_rx[9]
                Info (332115): Launch Clock       : U_core|U_system_pll|altera_pll_i|general[0].gpll~PLL_OUTPUT_COUNTER|divclk
                Info (332115): Latch Clock        : U_core|U_nios_system|axi_ad9361_0|i_dev_if|i_rx|i_altlvds_rx|auto_generated|pll_sclk~PLL_OUTPUT_COUNTER|divclk
                Info (332115): Data Arrival Time  : 5.348
                Info (332115): Clock Arrival Time : 4.600
                Info (332115): Relative Delay     : 0.748
                Info (332115): Data Arrival Path:
                Info (332115): Total (ns)  Incr (ns)     Type  Element
                Info (332115): ==========  ========= ==  ====  ===================================
                Info (332115):      3.331      3.331  R        clock network delay
                Info (332115):      3.331      0.000     uTco  bladerf_core:U_core|rx_epoch_controller:U_rx_epoch_controller|handshake:transfer|source_holding[9]
                Info (332115):      3.331      0.000 FF  CELL  U_core|U_rx_epoch_controller|transfer|source_holding[9]|q
                Info (332115):      4.600      1.269 FF    IC  U_core|U_rx_epoch_controller|control_rx[9]|asdata
                Info (332115):      5.348      0.748 FF  CELL  bladerf_core:U_core|rx_epoch_controller:U_rx_epoch_controller|control_rx[9]
                Info (332115): Clock Arrival Path:
                Info (332115): Total (ns)  Incr (ns)     Type  Element
                Info (332115): ==========  ========= ==  ====  ===================================
                Info (332115):      4.760      4.760  R        clock network delay
                Info (332115):      4.600     -0.160           clock uncertainty
                Info (332115):      4.600      0.000     uTsu  bladerf_core:U_core|rx_epoch_controller:U_rx_epoch_controller|control_rx[9]
            Info (332181): Earliest Path Arrival
                Info (332115): From Node          : bladerf_core:U_core|rx_epoch_controller:U_rx_epoch_controller|handshake:transfer|source_holding[13]
                Info (332115): To Node            : bladerf_core:U_core|rx_epoch_controller:U_rx_epoch_controller|control_rx[13]
                Info (332115): Launch Clock       : U_core|U_system_pll|altera_pll_i|general[0].gpll~PLL_OUTPUT_COUNTER|divclk
                Info (332115): Latch Clock        : U_core|U_nios_system|axi_ad9361_0|i_dev_if|i_rx|i_altlvds_rx|auto_generated|pll_sclk~PLL_OUTPUT_COUNTER|divclk
                Info (332115): Data Arrival Time  : 2.572
                Info (332115): Clock Arrival Time : 6.513
                Info (332115): Relative Delay     : -3.941
                Info (332115): Data Arrival Path:
                Info (332115): Total (ns)  Incr (ns)     Type  Element
                Info (332115): ==========  ========= ==  ====  ===================================
                Info (332115):      1.790      1.790  R        clock network delay
                Info (332115):      1.790      0.000     uTco  bladerf_core:U_core|rx_epoch_controller:U_rx_epoch_controller|handshake:transfer|source_holding[13]
                Info (332115):      1.790      0.000 FF  CELL  U_core|U_rx_epoch_controller|transfer|source_holding[13]|q
                Info (332115):      2.435      0.645 FF    IC  U_core|U_rx_epoch_controller|control_rx[13]~feeder|dataf
                Info (332115):      2.489      0.054 FF  CELL  U_core|U_rx_epoch_controller|control_rx[13]~feeder|combout
                Info (332115):      2.489      0.000 FF    IC  U_core|U_rx_epoch_controller|control_rx[13]|d
                Info (332115):      2.572      0.083 FF  CELL  bladerf_core:U_core|rx_epoch_controller:U_rx_epoch_controller|control_rx[13]
                Info (332115): Clock Arrival Path:
                Info (332115): Total (ns)  Incr (ns)     Type  Element
                Info (332115): ==========  ========= ==  ====  ===================================
                Info (332115):      6.353      6.353  R        clock network delay
                Info (332115):      6.513      0.160           clock uncertainty
                Info (332115):      6.513      0.000      uTh  bladerf_core:U_core|rx_epoch_controller:U_rx_epoch_controller|control_rx[13]
            Info (332181): Cross Path Clock Pessimism Removed : 2.853
            Info (332181): Required Skew   : 6.400
            Info (332181): Actual Skew     : 1.836
            Info (332181): Slack           : 4.564
        Info (332181): Path #70: Slack is 4.568 
            Info (332181): Latest Path Arrival
                Info (332115): From Node          : bladerf_core:U_core|rx_epoch_controller:U_rx_epoch_controller|handshake:transfer|source_holding[9]
                Info (332115): To Node            : bladerf_core:U_core|rx_epoch_controller:U_rx_epoch_controller|control_rx[9]
                Info (332115): Launch Clock       : U_core|U_system_pll|altera_pll_i|general[0].gpll~PLL_OUTPUT_COUNTER|divclk
                Info (332115): Latch Clock        : U_core|U_nios_system|axi_ad9361_0|i_dev_if|i_rx|i_altlvds_rx|auto_generated|pll_sclk~PLL_OUTPUT_COUNTER|divclk
                Info (332115): Data Arrival Time  : 5.348
                Info (332115): Clock Arrival Time : 4.600
                Info (332115): Relative Delay     : 0.748
                Info (332115): Data Arrival Path:
                Info (332115): Total (ns)  Incr (ns)     Type  Element
                Info (332115): ==========  ========= ==  ====  ===================================
                Info (332115):      3.331      3.331  R        clock network delay
                Info (332115):      3.331      0.000     uTco  bladerf_core:U_core|rx_epoch_controller:U_rx_epoch_controller|handshake:transfer|source_holding[9]
                Info (332115):      3.331      0.000 FF  CELL  U_core|U_rx_epoch_controller|transfer|source_holding[9]|q
                Info (332115):      4.600      1.269 FF    IC  U_core|U_rx_epoch_controller|control_rx[9]|asdata
                Info (332115):      5.348      0.748 FF  CELL  bladerf_core:U_core|rx_epoch_controller:U_rx_epoch_controller|control_rx[9]
                Info (332115): Clock Arrival Path:
                Info (332115): Total (ns)  Incr (ns)     Type  Element
                Info (332115): ==========  ========= ==  ====  ===================================
                Info (332115):      4.760      4.760  R        clock network delay
                Info (332115):      4.600     -0.160           clock uncertainty
                Info (332115):      4.600      0.000     uTsu  bladerf_core:U_core|rx_epoch_controller:U_rx_epoch_controller|control_rx[9]
            Info (332181): Earliest Path Arrival
                Info (332115): From Node          : bladerf_core:U_core|rx_epoch_controller:U_rx_epoch_controller|handshake:transfer|source_holding[1]
                Info (332115): To Node            : bladerf_core:U_core|rx_epoch_controller:U_rx_epoch_controller|control_rx[1]
                Info (332115): Launch Clock       : U_core|U_system_pll|altera_pll_i|general[0].gpll~PLL_OUTPUT_COUNTER|divclk
                Info (332115): Latch Clock        : U_core|U_nios_system|axi_ad9361_0|i_dev_if|i_rx|i_altlvds_rx|auto_generated|pll_sclk~PLL_OUTPUT_COUNTER|divclk
                Info (332115): Data Arrival Time  : 2.568
                Info (332115): Clock Arrival Time : 6.505
                Info (332115): Relative Delay     : -3.937
                Info (332115): Data Arrival Path:
                Info (332115): Total (ns)  Incr (ns)     Type  Element
                Info (332115): ==========  ========= ==  ====  ===================================
                Info (332115):      1.790      1.790  R        clock network delay
                Info (332115):      1.790      0.000     uTco  bladerf_core:U_core|rx_epoch_controller:U_rx_epoch_controller|handshake:transfer|source_holding[1]
                Info (332115):      1.790      0.000 FF  CELL  U_core|U_rx_epoch_controller|transfer|source_holding[1]|q
                Info (332115):      2.433      0.643 FF    IC  U_core|U_rx_epoch_controller|control_rx[1]~feeder|dataf
                Info (332115):      2.487      0.054 FF  CELL  U_core|U_rx_epoch_controller|control_rx[1]~feeder|combout
                Info (332115):      2.487      0.000 FF    IC  U_core|U_rx_epoch_controller|control_rx[1]|d
                Info (332115):      2.568      0.081 FF  CELL  bladerf_core:U_core|rx_epoch_controller:U_rx_epoch_controller|control_rx[1]
                Info (332115): Clock Arrival Path:
                Info (332115): Total (ns)  Incr (ns)     Type  Element
                Info (332115): ==========  ========= ==  ====  ===================================
                Info (332115):      6.345      6.345  R        clock network delay
                Info (332115):      6.505      0.160           clock uncertainty
                Info (332115):      6.505      0.000      uTh  bladerf_core:U_core|rx_epoch_controller:U_rx_epoch_controller|control_rx[1]
            Info (332181): Cross Path Clock Pessimism Removed : 2.853
            Info (332181): Required Skew   : 6.400
            Info (332181): Actual Skew     : 1.832
            Info (332181): Slack           : 4.568
        Info (332181): Path #71: Slack is 4.580 
            Info (332181): Latest Path Arrival
                Info (332115): From Node          : bladerf_core:U_core|rx_epoch_controller:U_rx_epoch_controller|handshake:transfer|source_holding[9]
                Info (332115): To Node            : bladerf_core:U_core|rx_epoch_controller:U_rx_epoch_controller|control_rx[9]
                Info (332115): Launch Clock       : U_core|U_system_pll|altera_pll_i|general[0].gpll~PLL_OUTPUT_COUNTER|divclk
                Info (332115): Latch Clock        : U_core|U_nios_system|axi_ad9361_0|i_dev_if|i_rx|i_altlvds_rx|auto_generated|pll_sclk~PLL_OUTPUT_COUNTER|divclk
                Info (332115): Data Arrival Time  : 5.348
                Info (332115): Clock Arrival Time : 4.600
                Info (332115): Relative Delay     : 0.748
                Info (332115): Data Arrival Path:
                Info (332115): Total (ns)  Incr (ns)     Type  Element
                Info (332115): ==========  ========= ==  ====  ===================================
                Info (332115):      3.331      3.331  R        clock network delay
                Info (332115):      3.331      0.000     uTco  bladerf_core:U_core|rx_epoch_controller:U_rx_epoch_controller|handshake:transfer|source_holding[9]
                Info (332115):      3.331      0.000 FF  CELL  U_core|U_rx_epoch_controller|transfer|source_holding[9]|q
                Info (332115):      4.600      1.269 FF    IC  U_core|U_rx_epoch_controller|control_rx[9]|asdata
                Info (332115):      5.348      0.748 FF  CELL  bladerf_core:U_core|rx_epoch_controller:U_rx_epoch_controller|control_rx[9]
                Info (332115): Clock Arrival Path:
                Info (332115): Total (ns)  Incr (ns)     Type  Element
                Info (332115): ==========  ========= ==  ====  ===================================
                Info (332115):      4.760      4.760  R        clock network delay
                Info (332115):      4.600     -0.160           clock uncertainty
                Info (332115):      4.600      0.000     uTsu  bladerf_core:U_core|rx_epoch_controller:U_rx_epoch_controller|control_rx[9]
            Info (332181): Earliest Path Arrival
                Info (332115): From Node          : bladerf_core:U_core|rx_epoch_controller:U_rx_epoch_controller|handshake:transfer|source_holding[16]
                Info (332115): To Node            : bladerf_core:U_core|rx_epoch_controller:U_rx_epoch_controller|control_rx[16]
                Info (332115): Launch Clock       : U_core|U_system_pll|altera_pll_i|general[0].gpll~PLL_OUTPUT_COUNTER|divclk
                Info (332115): Latch Clock        : U_core|U_nios_system|axi_ad9361_0|i_dev_if|i_rx|i_altlvds_rx|auto_generated|pll_sclk~PLL_OUTPUT_COUNTER|divclk
                Info (332115): Data Arrival Time  : 2.586
                Info (332115): Clock Arrival Time : 6.511
                Info (332115): Relative Delay     : -3.925
                Info (332115): Data Arrival Path:
                Info (332115): Total (ns)  Incr (ns)     Type  Element
                Info (332115): ==========  ========= ==  ====  ===================================
                Info (332115):      1.790      1.790  R        clock network delay
                Info (332115):      1.790      0.000     uTco  bladerf_core:U_core|rx_epoch_controller:U_rx_epoch_controller|handshake:transfer|source_holding[16]
                Info (332115):      1.790      0.000 FF  CELL  U_core|U_rx_epoch_controller|transfer|source_holding[16]|q
                Info (332115):      2.449      0.659 FF    IC  U_core|U_rx_epoch_controller|control_rx[16]~feeder|dataf
                Info (332115):      2.504      0.055 FF  CELL  U_core|U_rx_epoch_controller|control_rx[16]~feeder|combout
                Info (332115):      2.504      0.000 FF    IC  U_core|U_rx_epoch_controller|control_rx[16]|d
                Info (332115):      2.586      0.082 FF  CELL  bladerf_core:U_core|rx_epoch_controller:U_rx_epoch_controller|control_rx[16]
                Info (332115): Clock Arrival Path:
                Info (332115): Total (ns)  Incr (ns)     Type  Element
                Info (332115): ==========  ========= ==  ====  ===================================
                Info (332115):      6.351      6.351  R        clock network delay
                Info (332115):      6.511      0.160           clock uncertainty
                Info (332115):      6.511      0.000      uTh  bladerf_core:U_core|rx_epoch_controller:U_rx_epoch_controller|control_rx[16]
            Info (332181): Cross Path Clock Pessimism Removed : 2.853
            Info (332181): Required Skew   : 6.400
            Info (332181): Actual Skew     : 1.820
            Info (332181): Slack           : 4.580
        Info (332181): Path #72: Slack is 4.585 
            Info (332181): Latest Path Arrival
                Info (332115): From Node          : bladerf_core:U_core|rx_epoch_controller:U_rx_epoch_controller|handshake:transfer|source_holding[9]
                Info (332115): To Node            : bladerf_core:U_core|rx_epoch_controller:U_rx_epoch_controller|control_rx[9]
                Info (332115): Launch Clock       : U_core|U_system_pll|altera_pll_i|general[0].gpll~PLL_OUTPUT_COUNTER|divclk
                Info (332115): Latch Clock        : U_core|U_nios_system|axi_ad9361_0|i_dev_if|i_rx|i_altlvds_rx|auto_generated|pll_sclk~PLL_OUTPUT_COUNTER|divclk
                Info (332115): Data Arrival Time  : 5.348
                Info (332115): Clock Arrival Time : 4.600
                Info (332115): Relative Delay     : 0.748
                Info (332115): Data Arrival Path:
                Info (332115): Total (ns)  Incr (ns)     Type  Element
                Info (332115): ==========  ========= ==  ====  ===================================
                Info (332115):      3.331      3.331  R        clock network delay
                Info (332115):      3.331      0.000     uTco  bladerf_core:U_core|rx_epoch_controller:U_rx_epoch_controller|handshake:transfer|source_holding[9]
                Info (332115):      3.331      0.000 FF  CELL  U_core|U_rx_epoch_controller|transfer|source_holding[9]|q
                Info (332115):      4.600      1.269 FF    IC  U_core|U_rx_epoch_controller|control_rx[9]|asdata
                Info (332115):      5.348      0.748 FF  CELL  bladerf_core:U_core|rx_epoch_controller:U_rx_epoch_controller|control_rx[9]
                Info (332115): Clock Arrival Path:
                Info (332115): Total (ns)  Incr (ns)     Type  Element
                Info (332115): ==========  ========= ==  ====  ===================================
                Info (332115):      4.760      4.760  R        clock network delay
                Info (332115):      4.600     -0.160           clock uncertainty
                Info (332115):      4.600      0.000     uTsu  bladerf_core:U_core|rx_epoch_controller:U_rx_epoch_controller|control_rx[9]
            Info (332181): Earliest Path Arrival
                Info (332115): From Node          : bladerf_core:U_core|rx_epoch_controller:U_rx_epoch_controller|handshake:transfer|source_holding[14]
                Info (332115): To Node            : bladerf_core:U_core|rx_epoch_controller:U_rx_epoch_controller|control_rx[14]
                Info (332115): Launch Clock       : U_core|U_system_pll|altera_pll_i|general[0].gpll~PLL_OUTPUT_COUNTER|divclk
                Info (332115): Latch Clock        : U_core|U_nios_system|axi_ad9361_0|i_dev_if|i_rx|i_altlvds_rx|auto_generated|pll_sclk~PLL_OUTPUT_COUNTER|divclk
                Info (332115): Data Arrival Time  : 2.585
                Info (332115): Clock Arrival Time : 6.505
                Info (332115): Relative Delay     : -3.920
                Info (332115): Data Arrival Path:
                Info (332115): Total (ns)  Incr (ns)     Type  Element
                Info (332115): ==========  ========= ==  ====  ===================================
                Info (332115):      1.790      1.790  R        clock network delay
                Info (332115):      1.790      0.000     uTco  bladerf_core:U_core|rx_epoch_controller:U_rx_epoch_controller|handshake:transfer|source_holding[14]
                Info (332115):      1.790      0.000 RR  CELL  U_core|U_rx_epoch_controller|transfer|source_holding[14]|q
                Info (332115):      2.443      0.653 RR    IC  U_core|U_rx_epoch_controller|control_rx[14]~feeder|dataf
                Info (332115):      2.504      0.061 RR  CELL  U_core|U_rx_epoch_controller|control_rx[14]~feeder|combout
                Info (332115):      2.504      0.000 RR    IC  U_core|U_rx_epoch_controller|control_rx[14]|d
                Info (332115):      2.585      0.081 RR  CELL  bladerf_core:U_core|rx_epoch_controller:U_rx_epoch_controller|control_rx[14]
                Info (332115): Clock Arrival Path:
                Info (332115): Total (ns)  Incr (ns)     Type  Element
                Info (332115): ==========  ========= ==  ====  ===================================
                Info (332115):      6.345      6.345  R        clock network delay
                Info (332115):      6.505      0.160           clock uncertainty
                Info (332115):      6.505      0.000      uTh  bladerf_core:U_core|rx_epoch_controller:U_rx_epoch_controller|control_rx[14]
            Info (332181): Cross Path Clock Pessimism Removed : 2.853
            Info (332181): Required Skew   : 6.400
            Info (332181): Actual Skew     : 1.815
            Info (332181): Slack           : 4.585
Info (332115): Worst-case slack is 4.578 for "set_max_skew -from [get_keepers {*U_handshake_rx_overflow|source_holding[*]}] -to [get_keepers {*bladerf_core:*|rx_ovf_sys_q[*]}] 6.400 "
    Info (332181): Skew for the Latest Arrival
        Info (332181): Path #73: Slack is 4.578 
            Info (332181): Latest Path Arrival
                Info (332115): From Node          : bladerf_core:U_core|handshake:U_handshake_rx_overflow|source_holding[60]
                Info (332115): To Node            : bladerf_core:U_core|rx_ovf_sys_q[60]
                Info (332115): Launch Clock       : U_core|U_nios_system|axi_ad9361_0|i_dev_if|i_rx|i_altlvds_rx|auto_generated|pll_sclk~PLL_OUTPUT_COUNTER|divclk
                Info (332115): Latch Clock        : U_core|U_system_pll|altera_pll_i|general[0].gpll~PLL_OUTPUT_COUNTER|divclk
                Info (332115): Data Arrival Time  : 8.312
                Info (332115): Clock Arrival Time : 1.631
                Info (332115): Relative Delay     : 6.681
                Info (332115): Data Arrival Path:
                Info (332115): Total (ns)  Incr (ns)     Type  Element
                Info (332115): ==========  ========= ==  ====  ===================================
                Info (332115):      6.354      6.354  R        clock network delay
                Info (332115):      6.354      0.000     uTco  bladerf_core:U_core|handshake:U_handshake_rx_overflow|source_holding[60]
                Info (332115):      6.354      0.000 FF  CELL  U_core|U_handshake_rx_overflow|source_holding[60]|q
                Info (332115):      7.586      1.232 FF    IC  U_core|rx_ovf_sys_q[60]|asdata
                Info (332115):      8.312      0.726 FF  CELL  bladerf_core:U_core|rx_ovf_sys_q[60]
                Info (332115): Clock Arrival Path:
                Info (332115): Total (ns)  Incr (ns)     Type  Element
                Info (332115): ==========  ========= ==  ====  ===================================
                Info (332115):      1.791      1.791  R        clock network delay
                Info (332115):      1.631     -0.160           clock uncertainty
                Info (332115):      1.631      0.000     uTsu  bladerf_core:U_core|rx_ovf_sys_q[60]
            Info (332181): Earliest Path Arrival
                Info (332115): From Node          : bladerf_core:U_core|handshake:U_handshake_rx_overflow|source_holding[10]
                Info (332115): To Node            : bladerf_core:U_core|rx_ovf_sys_q[10]
                Info (332115): Launch Clock       : U_core|U_nios_system|axi_ad9361_0|i_dev_if|i_rx|i_altlvds_rx|auto_generated|pll_sclk~PLL_OUTPUT_COUNTER|divclk
                Info (332115): Latch Clock        : U_core|U_system_pll|altera_pll_i|general[0].gpll~PLL_OUTPUT_COUNTER|divclk
                Info (332115): Data Arrival Time  : 5.503
                Info (332115): Clock Arrival Time : 3.498
                Info (332115): Relative Delay     : 2.005
                Info (332115): Data Arrival Path:
                Info (332115): Total (ns)  Incr (ns)     Type  Element
                Info (332115): ==========  ========= ==  ====  ===================================
                Info (332115):      4.765      4.765  R        clock network delay
                Info (332115):      4.765      0.000     uTco  bladerf_core:U_core|handshake:U_handshake_rx_overflow|source_holding[10]
                Info (332115):      4.765      0.000 FF  CELL  U_core|U_handshake_rx_overflow|source_holding[10]|q
                Info (332115):      5.366      0.601 FF    IC  U_core|rx_ovf_sys_q[10]~feeder|dataf
                Info (332115):      5.421      0.055 FF  CELL  U_core|rx_ovf_sys_q[10]~feeder|combout
                Info (332115):      5.421      0.000 FF    IC  U_core|rx_ovf_sys_q[10]|d
                Info (332115):      5.503      0.082 FF  CELL  bladerf_core:U_core|rx_ovf_sys_q[10]
                Info (332115): Clock Arrival Path:
                Info (332115): Total (ns)  Incr (ns)     Type  Element
                Info (332115): ==========  ========= ==  ====  ===================================
                Info (332115):      3.338      3.338  R        clock network delay
                Info (332115):      3.498      0.160           clock uncertainty
                Info (332115):      3.498      0.000      uTh  bladerf_core:U_core|rx_ovf_sys_q[10]
            Info (332181): Cross Path Clock Pessimism Removed : 2.854
            Info (332181): Required Skew   : 6.400
            Info (332181): Actual Skew     : 1.822
            Info (332181): Slack           : 4.578
        Info (332181): Path #74: Slack is 4.720 
            Info (332181): Latest Path Arrival
                Info (332115): From Node          : bladerf_core:U_core|handshake:U_handshake_rx_overflow|source_holding[56]
                Info (332115): To Node            : bladerf_core:U_core|rx_ovf_sys_q[56]
                Info (332115): Launch Clock       : U_core|U_nios_system|axi_ad9361_0|i_dev_if|i_rx|i_altlvds_rx|auto_generated|pll_sclk~PLL_OUTPUT_COUNTER|divclk
                Info (332115): Latch Clock        : U_core|U_system_pll|altera_pll_i|general[0].gpll~PLL_OUTPUT_COUNTER|divclk
                Info (332115): Data Arrival Time  : 8.178
                Info (332115): Clock Arrival Time : 1.639
                Info (332115): Relative Delay     : 6.539
                Info (332115): Data Arrival Path:
                Info (332115): Total (ns)  Incr (ns)     Type  Element
                Info (332115): ==========  ========= ==  ====  ===================================
                Info (332115):      6.364      6.364  R        clock network delay
                Info (332115):      6.364      0.000     uTco  bladerf_core:U_core|handshake:U_handshake_rx_overflow|source_holding[56]
                Info (332115):      6.364      0.000 FF  CELL  U_core|U_handshake_rx_overflow|source_holding[56]|q
                Info (332115):      7.788      1.424 FF    IC  U_core|rx_ovf_sys_q[56]~feeder|dataf
                Info (332115):      7.872      0.084 FF  CELL  U_core|rx_ovf_sys_q[56]~feeder|combout
                Info (332115):      7.872      0.000 FF    IC  U_core|rx_ovf_sys_q[56]|d
                Info (332115):      8.178      0.306 FF  CELL  bladerf_core:U_core|rx_ovf_sys_q[56]
                Info (332115): Clock Arrival Path:
                Info (332115): Total (ns)  Incr (ns)     Type  Element
                Info (332115): ==========  ========= ==  ====  ===================================
                Info (332115):      1.799      1.799  R        clock network delay
                Info (332115):      1.639     -0.160           clock uncertainty
                Info (332115):      1.639      0.000     uTsu  bladerf_core:U_core|rx_ovf_sys_q[56]
            Info (332181): Earliest Path Arrival
                Info (332115): From Node          : bladerf_core:U_core|handshake:U_handshake_rx_overflow|source_holding[10]
                Info (332115): To Node            : bladerf_core:U_core|rx_ovf_sys_q[10]
                Info (332115): Launch Clock       : U_core|U_nios_system|axi_ad9361_0|i_dev_if|i_rx|i_altlvds_rx|auto_generated|pll_sclk~PLL_OUTPUT_COUNTER|divclk
                Info (332115): Latch Clock        : U_core|U_system_pll|altera_pll_i|general[0].gpll~PLL_OUTPUT_COUNTER|divclk
                Info (332115): Data Arrival Time  : 5.503
                Info (332115): Clock Arrival Time : 3.498
                Info (332115): Relative Delay     : 2.005
                Info (332115): Data Arrival Path:
                Info (332115): Total (ns)  Incr (ns)     Type  Element
                Info (332115): ==========  ========= ==  ====  ===================================
                Info (332115):      4.765      4.765  R        clock network delay
                Info (332115):      4.765      0.000     uTco  bladerf_core:U_core|handshake:U_handshake_rx_overflow|source_holding[10]
                Info (332115):      4.765      0.000 FF  CELL  U_core|U_handshake_rx_overflow|source_holding[10]|q
                Info (332115):      5.366      0.601 FF    IC  U_core|rx_ovf_sys_q[10]~feeder|dataf
                Info (332115):      5.421      0.055 FF  CELL  U_core|rx_ovf_sys_q[10]~feeder|combout
                Info (332115):      5.421      0.000 FF    IC  U_core|rx_ovf_sys_q[10]|d
                Info (332115):      5.503      0.082 FF  CELL  bladerf_core:U_core|rx_ovf_sys_q[10]
                Info (332115): Clock Arrival Path:
                Info (332115): Total (ns)  Incr (ns)     Type  Element
                Info (332115): ==========  ========= ==  ====  ===================================
                Info (332115):      3.338      3.338  R        clock network delay
                Info (332115):      3.498      0.160           clock uncertainty
                Info (332115):      3.498      0.000      uTh  bladerf_core:U_core|rx_ovf_sys_q[10]
            Info (332181): Cross Path Clock Pessimism Removed : 2.854
            Info (332181): Required Skew   : 6.400
            Info (332181): Actual Skew     : 1.680
            Info (332181): Slack           : 4.720
        Info (332181): Path #75: Slack is 4.790 
            Info (332181): Latest Path Arrival
                Info (332115): From Node          : bladerf_core:U_core|handshake:U_handshake_rx_overflow|source_holding[58]
                Info (332115): To Node            : bladerf_core:U_core|rx_ovf_sys_q[58]
                Info (332115): Launch Clock       : U_core|U_nios_system|axi_ad9361_0|i_dev_if|i_rx|i_altlvds_rx|auto_generated|pll_sclk~PLL_OUTPUT_COUNTER|divclk
                Info (332115): Latch Clock        : U_core|U_system_pll|altera_pll_i|general[0].gpll~PLL_OUTPUT_COUNTER|divclk
                Info (332115): Data Arrival Time  : 8.109
                Info (332115): Clock Arrival Time : 1.640
                Info (332115): Relative Delay     : 6.469
                Info (332115): Data Arrival Path:
                Info (332115): Total (ns)  Incr (ns)     Type  Element
                Info (332115): ==========  ========= ==  ====  ===================================
                Info (332115):      6.357      6.357  R        clock network delay
                Info (332115):      6.357      0.000     uTco  bladerf_core:U_core|handshake:U_handshake_rx_overflow|source_holding[58]
                Info (332115):      6.357      0.000 FF  CELL  U_core|U_handshake_rx_overflow|source_holding[58]|q
                Info (332115):      7.406      1.049 FF    IC  U_core|rx_ovf_sys_q[58]|asdata
                Info (332115):      8.109      0.703 FF  CELL  bladerf_core:U_core|rx_ovf_sys_q[58]
                Info (332115): Clock Arrival Path:
                Info (332115): Total (ns)  Incr (ns)     Type  Element
                Info (332115): ==========  ========= ==  ====  ===================================
                Info (332115):      1.800      1.800  R        clock network delay
                Info (332115):      1.640     -0.160           clock uncertainty
                Info (332115):      1.640      0.000     uTsu  bladerf_core:U_core|rx_ovf_sys_q[58]
            Info (332181): Earliest Path Arrival
                Info (332115): From Node          : bladerf_core:U_core|handshake:U_handshake_rx_overflow|source_holding[10]
                Info (332115): To Node            : bladerf_core:U_core|rx_ovf_sys_q[10]
                Info (332115): Launch Clock       : U_core|U_nios_system|axi_ad9361_0|i_dev_if|i_rx|i_altlvds_rx|auto_generated|pll_sclk~PLL_OUTPUT_COUNTER|divclk
                Info (332115): Latch Clock        : U_core|U_system_pll|altera_pll_i|general[0].gpll~PLL_OUTPUT_COUNTER|divclk
                Info (332115): Data Arrival Time  : 5.503
                Info (332115): Clock Arrival Time : 3.498
                Info (332115): Relative Delay     : 2.005
                Info (332115): Data Arrival Path:
                Info (332115): Total (ns)  Incr (ns)     Type  Element
                Info (332115): ==========  ========= ==  ====  ===================================
                Info (332115):      4.765      4.765  R        clock network delay
                Info (332115):      4.765      0.000     uTco  bladerf_core:U_core|handshake:U_handshake_rx_overflow|source_holding[10]
                Info (332115):      4.765      0.000 FF  CELL  U_core|U_handshake_rx_overflow|source_holding[10]|q
                Info (332115):      5.366      0.601 FF    IC  U_core|rx_ovf_sys_q[10]~feeder|dataf
                Info (332115):      5.421      0.055 FF  CELL  U_core|rx_ovf_sys_q[10]~feeder|combout
                Info (332115):      5.421      0.000 FF    IC  U_core|rx_ovf_sys_q[10]|d
                Info (332115):      5.503      0.082 FF  CELL  bladerf_core:U_core|rx_ovf_sys_q[10]
                Info (332115): Clock Arrival Path:
                Info (332115): Total (ns)  Incr (ns)     Type  Element
                Info (332115): ==========  ========= ==  ====  ===================================
                Info (332115):      3.338      3.338  R        clock network delay
                Info (332115):      3.498      0.160           clock uncertainty
                Info (332115):      3.498      0.000      uTh  bladerf_core:U_core|rx_ovf_sys_q[10]
            Info (332181): Cross Path Clock Pessimism Removed : 2.854
            Info (332181): Required Skew   : 6.400
            Info (332181): Actual Skew     : 1.610
            Info (332181): Slack           : 4.790
        Info (332181): Path #76: Slack is 4.798 
            Info (332181): Latest Path Arrival
                Info (332115): From Node          : bladerf_core:U_core|handshake:U_handshake_rx_overflow|source_holding[23]
                Info (332115): To Node            : bladerf_core:U_core|rx_ovf_sys_q[23]
                Info (332115): Launch Clock       : U_core|U_nios_system|axi_ad9361_0|i_dev_if|i_rx|i_altlvds_rx|auto_generated|pll_sclk~PLL_OUTPUT_COUNTER|divclk
                Info (332115): Latch Clock        : U_core|U_system_pll|altera_pll_i|general[0].gpll~PLL_OUTPUT_COUNTER|divclk
                Info (332115): Data Arrival Time  : 8.088
                Info (332115): Clock Arrival Time : 1.652
                Info (332115): Relative Delay     : 6.436
                Info (332115): Data Arrival Path:
                Info (332115): Total (ns)  Incr (ns)     Type  Element
                Info (332115): ==========  ========= ==  ====  ===================================
                Info (332115):      6.354      6.354  R        clock network delay
                Info (332115):      6.354      0.000     uTco  bladerf_core:U_core|handshake:U_handshake_rx_overflow|source_holding[23]
                Info (332115):      6.354      0.000 FF  CELL  U_core|U_handshake_rx_overflow|source_holding[23]|q
                Info (332115):      7.364      1.010 FF    IC  U_core|rx_ovf_sys_q[23]|asdata
                Info (332115):      8.088      0.724 FF  CELL  bladerf_core:U_core|rx_ovf_sys_q[23]
                Info (332115): Clock Arrival Path:
                Info (332115): Total (ns)  Incr (ns)     Type  Element
                Info (332115): ==========  ========= ==  ====  ===================================
                Info (332115):      1.812      1.812  R        clock network delay
                Info (332115):      1.652     -0.160           clock uncertainty
                Info (332115):      1.652      0.000     uTsu  bladerf_core:U_core|rx_ovf_sys_q[23]
            Info (332181): Earliest Path Arrival
                Info (332115): From Node          : bladerf_core:U_core|handshake:U_handshake_rx_overflow|source_holding[10]
                Info (332115): To Node            : bladerf_core:U_core|rx_ovf_sys_q[10]
                Info (332115): Launch Clock       : U_core|U_nios_system|axi_ad9361_0|i_dev_if|i_rx|i_altlvds_rx|auto_generated|pll_sclk~PLL_OUTPUT_COUNTER|divclk
                Info (332115): Latch Clock        : U_core|U_system_pll|altera_pll_i|general[0].gpll~PLL_OUTPUT_COUNTER|divclk
                Info (332115): Data Arrival Time  : 5.503
                Info (332115): Clock Arrival Time : 3.498
                Info (332115): Relative Delay     : 2.005
                Info (332115): Data Arrival Path:
                Info (332115): Total (ns)  Incr (ns)     Type  Element
                Info (332115): ==========  ========= ==  ====  ===================================
                Info (332115):      4.765      4.765  R        clock network delay
                Info (332115):      4.765      0.000     uTco  bladerf_core:U_core|handshake:U_handshake_rx_overflow|source_holding[10]
                Info (332115):      4.765      0.000 FF  CELL  U_core|U_handshake_rx_overflow|source_holding[10]|q
                Info (332115):      5.366      0.601 FF    IC  U_core|rx_ovf_sys_q[10]~feeder|dataf
                Info (332115):      5.421      0.055 FF  CELL  U_core|rx_ovf_sys_q[10]~feeder|combout
                Info (332115):      5.421      0.000 FF    IC  U_core|rx_ovf_sys_q[10]|d
                Info (332115):      5.503      0.082 FF  CELL  bladerf_core:U_core|rx_ovf_sys_q[10]
                Info (332115): Clock Arrival Path:
                Info (332115): Total (ns)  Incr (ns)     Type  Element
                Info (332115): ==========  ========= ==  ====  ===================================
                Info (332115):      3.338      3.338  R        clock network delay
                Info (332115):      3.498      0.160           clock uncertainty
                Info (332115):      3.498      0.000      uTh  bladerf_core:U_core|rx_ovf_sys_q[10]
            Info (332181): Cross Path Clock Pessimism Removed : 2.829
            Info (332181): Required Skew   : 6.400
            Info (332181): Actual Skew     : 1.602
            Info (332181): Slack           : 4.798
    Info (332181): Skew for the Earliest Arrival
        Info (332181): Path #77: Slack is 4.578 
            Info (332181): Latest Path Arrival
                Info (332115): From Node          : bladerf_core:U_core|handshake:U_handshake_rx_overflow|source_holding[60]
                Info (332115): To Node            : bladerf_core:U_core|rx_ovf_sys_q[60]
                Info (332115): Launch Clock       : U_core|U_nios_system|axi_ad9361_0|i_dev_if|i_rx|i_altlvds_rx|auto_generated|pll_sclk~PLL_OUTPUT_COUNTER|divclk
                Info (332115): Latch Clock        : U_core|U_system_pll|altera_pll_i|general[0].gpll~PLL_OUTPUT_COUNTER|divclk
                Info (332115): Data Arrival Time  : 8.312
                Info (332115): Clock Arrival Time : 1.631
                Info (332115): Relative Delay     : 6.681
                Info (332115): Data Arrival Path:
                Info (332115): Total (ns)  Incr (ns)     Type  Element
                Info (332115): ==========  ========= ==  ====  ===================================
                Info (332115):      6.354      6.354  R        clock network delay
                Info (332115):      6.354      0.000     uTco  bladerf_core:U_core|handshake:U_handshake_rx_overflow|source_holding[60]
                Info (332115):      6.354      0.000 FF  CELL  U_core|U_handshake_rx_overflow|source_holding[60]|q
                Info (332115):      7.586      1.232 FF    IC  U_core|rx_ovf_sys_q[60]|asdata
                Info (332115):      8.312      0.726 FF  CELL  bladerf_core:U_core|rx_ovf_sys_q[60]
                Info (332115): Clock Arrival Path:
                Info (332115): Total (ns)  Incr (ns)     Type  Element
                Info (332115): ==========  ========= ==  ====  ===================================
                Info (332115):      1.791      1.791  R        clock network delay
                Info (332115):      1.631     -0.160           clock uncertainty
                Info (332115):      1.631      0.000     uTsu  bladerf_core:U_core|rx_ovf_sys_q[60]
            Info (332181): Earliest Path Arrival
                Info (332115): From Node          : bladerf_core:U_core|handshake:U_handshake_rx_overflow|source_holding[10]
                Info (332115): To Node            : bladerf_core:U_core|rx_ovf_sys_q[10]
                Info (332115): Launch Clock       : U_core|U_nios_system|axi_ad9361_0|i_dev_if|i_rx|i_altlvds_rx|auto_generated|pll_sclk~PLL_OUTPUT_COUNTER|divclk
                Info (332115): Latch Clock        : U_core|U_system_pll|altera_pll_i|general[0].gpll~PLL_OUTPUT_COUNTER|divclk
                Info (332115): Data Arrival Time  : 5.503
                Info (332115): Clock Arrival Time : 3.498
                Info (332115): Relative Delay     : 2.005
                Info (332115): Data Arrival Path:
                Info (332115): Total (ns)  Incr (ns)     Type  Element
                Info (332115): ==========  ========= ==  ====  ===================================
                Info (332115):      4.765      4.765  R        clock network delay
                Info (332115):      4.765      0.000     uTco  bladerf_core:U_core|handshake:U_handshake_rx_overflow|source_holding[10]
                Info (332115):      4.765      0.000 FF  CELL  U_core|U_handshake_rx_overflow|source_holding[10]|q
                Info (332115):      5.366      0.601 FF    IC  U_core|rx_ovf_sys_q[10]~feeder|dataf
                Info (332115):      5.421      0.055 FF  CELL  U_core|rx_ovf_sys_q[10]~feeder|combout
                Info (332115):      5.421      0.000 FF    IC  U_core|rx_ovf_sys_q[10]|d
                Info (332115):      5.503      0.082 FF  CELL  bladerf_core:U_core|rx_ovf_sys_q[10]
                Info (332115): Clock Arrival Path:
                Info (332115): Total (ns)  Incr (ns)     Type  Element
                Info (332115): ==========  ========= ==  ====  ===================================
                Info (332115):      3.338      3.338  R        clock network delay
                Info (332115):      3.498      0.160           clock uncertainty
                Info (332115):      3.498      0.000      uTh  bladerf_core:U_core|rx_ovf_sys_q[10]
            Info (332181): Cross Path Clock Pessimism Removed : 2.854
            Info (332181): Required Skew   : 6.400
            Info (332181): Actual Skew     : 1.822
            Info (332181): Slack           : 4.578
        Info (332181): Path #78: Slack is 4.596 
            Info (332181): Latest Path Arrival
                Info (332115): From Node          : bladerf_core:U_core|handshake:U_handshake_rx_overflow|source_holding[60]
                Info (332115): To Node            : bladerf_core:U_core|rx_ovf_sys_q[60]
                Info (332115): Launch Clock       : U_core|U_nios_system|axi_ad9361_0|i_dev_if|i_rx|i_altlvds_rx|auto_generated|pll_sclk~PLL_OUTPUT_COUNTER|divclk
                Info (332115): Latch Clock        : U_core|U_system_pll|altera_pll_i|general[0].gpll~PLL_OUTPUT_COUNTER|divclk
                Info (332115): Data Arrival Time  : 8.312
                Info (332115): Clock Arrival Time : 1.631
                Info (332115): Relative Delay     : 6.681
                Info (332115): Data Arrival Path:
                Info (332115): Total (ns)  Incr (ns)     Type  Element
                Info (332115): ==========  ========= ==  ====  ===================================
                Info (332115):      6.354      6.354  R        clock network delay
                Info (332115):      6.354      0.000     uTco  bladerf_core:U_core|handshake:U_handshake_rx_overflow|source_holding[60]
                Info (332115):      6.354      0.000 FF  CELL  U_core|U_handshake_rx_overflow|source_holding[60]|q
                Info (332115):      7.586      1.232 FF    IC  U_core|rx_ovf_sys_q[60]|asdata
                Info (332115):      8.312      0.726 FF  CELL  bladerf_core:U_core|rx_ovf_sys_q[60]
                Info (332115): Clock Arrival Path:
                Info (332115): Total (ns)  Incr (ns)     Type  Element
                Info (332115): ==========  ========= ==  ====  ===================================
                Info (332115):      1.791      1.791  R        clock network delay
                Info (332115):      1.631     -0.160           clock uncertainty
                Info (332115):      1.631      0.000     uTsu  bladerf_core:U_core|rx_ovf_sys_q[60]
            Info (332181): Earliest Path Arrival
                Info (332115): From Node          : bladerf_core:U_core|handshake:U_handshake_rx_overflow|source_holding[8]
                Info (332115): To Node            : bladerf_core:U_core|rx_ovf_sys_q[8]
                Info (332115): Launch Clock       : U_core|U_nios_system|axi_ad9361_0|i_dev_if|i_rx|i_altlvds_rx|auto_generated|pll_sclk~PLL_OUTPUT_COUNTER|divclk
                Info (332115): Latch Clock        : U_core|U_system_pll|altera_pll_i|general[0].gpll~PLL_OUTPUT_COUNTER|divclk
                Info (332115): Data Arrival Time  : 5.523
                Info (332115): Clock Arrival Time : 3.500
                Info (332115): Relative Delay     : 2.023
                Info (332115): Data Arrival Path:
                Info (332115): Total (ns)  Incr (ns)     Type  Element
                Info (332115): ==========  ========= ==  ====  ===================================
                Info (332115):      4.765      4.765  R        clock network delay
                Info (332115):      4.765      0.000     uTco  bladerf_core:U_core|handshake:U_handshake_rx_overflow|source_holding[8]
                Info (332115):      4.765      0.000 FF  CELL  U_core|U_handshake_rx_overflow|source_holding[8]|q
                Info (332115):      5.386      0.621 FF    IC  U_core|rx_ovf_sys_q[8]~feeder|dataf
                Info (332115):      5.440      0.054 FF  CELL  U_core|rx_ovf_sys_q[8]~feeder|combout
                Info (332115):      5.440      0.000 FF    IC  U_core|rx_ovf_sys_q[8]|d
                Info (332115):      5.523      0.083 FF  CELL  bladerf_core:U_core|rx_ovf_sys_q[8]
                Info (332115): Clock Arrival Path:
                Info (332115): Total (ns)  Incr (ns)     Type  Element
                Info (332115): ==========  ========= ==  ====  ===================================
                Info (332115):      3.340      3.340  R        clock network delay
                Info (332115):      3.500      0.160           clock uncertainty
                Info (332115):      3.500      0.000      uTh  bladerf_core:U_core|rx_ovf_sys_q[8]
            Info (332181): Cross Path Clock Pessimism Removed : 2.854
            Info (332181): Required Skew   : 6.400
            Info (332181): Actual Skew     : 1.804
            Info (332181): Slack           : 4.596
        Info (332181): Path #79: Slack is 4.724 
            Info (332181): Latest Path Arrival
                Info (332115): From Node          : bladerf_core:U_core|handshake:U_handshake_rx_overflow|source_holding[60]
                Info (332115): To Node            : bladerf_core:U_core|rx_ovf_sys_q[60]
                Info (332115): Launch Clock       : U_core|U_nios_system|axi_ad9361_0|i_dev_if|i_rx|i_altlvds_rx|auto_generated|pll_sclk~PLL_OUTPUT_COUNTER|divclk
                Info (332115): Latch Clock        : U_core|U_system_pll|altera_pll_i|general[0].gpll~PLL_OUTPUT_COUNTER|divclk
                Info (332115): Data Arrival Time  : 8.312
                Info (332115): Clock Arrival Time : 1.631
                Info (332115): Relative Delay     : 6.681
                Info (332115): Data Arrival Path:
                Info (332115): Total (ns)  Incr (ns)     Type  Element
                Info (332115): ==========  ========= ==  ====  ===================================
                Info (332115):      6.354      6.354  R        clock network delay
                Info (332115):      6.354      0.000     uTco  bladerf_core:U_core|handshake:U_handshake_rx_overflow|source_holding[60]
                Info (332115):      6.354      0.000 FF  CELL  U_core|U_handshake_rx_overflow|source_holding[60]|q
                Info (332115):      7.586      1.232 FF    IC  U_core|rx_ovf_sys_q[60]|asdata
                Info (332115):      8.312      0.726 FF  CELL  bladerf_core:U_core|rx_ovf_sys_q[60]
                Info (332115): Clock Arrival Path:
                Info (332115): Total (ns)  Incr (ns)     Type  Element
                Info (332115): ==========  ========= ==  ====  ===================================
                Info (332115):      1.791      1.791  R        clock network delay
                Info (332115):      1.631     -0.160           clock uncertainty
                Info (332115):      1.631      0.000     uTsu  bladerf_core:U_core|rx_ovf_sys_q[60]
            Info (332181): Earliest Path Arrival
                Info (332115): From Node          : bladerf_core:U_core|handshake:U_handshake_rx_overflow|source_holding[1]
                Info (332115): To Node            : bladerf_core:U_core|rx_ovf_sys_q[1]
                Info (332115): Launch Clock       : U_core|U_nios_system|axi_ad9361_0|i_dev_if|i_rx|i_altlvds_rx|auto_generated|pll_sclk~PLL_OUTPUT_COUNTER|divclk
                Info (332115): Latch Clock        : U_core|U_system_pll|altera_pll_i|general[0].gpll~PLL_OUTPUT_COUNTER|divclk
                Info (332115): Data Arrival Time  : 5.651
                Info (332115): Clock Arrival Time : 3.500
                Info (332115): Relative Delay     : 2.151
                Info (332115): Data Arrival Path:
                Info (332115): Total (ns)  Incr (ns)     Type  Element
                Info (332115): ==========  ========= ==  ====  ===================================
                Info (332115):      4.765      4.765  R        clock network delay
                Info (332115):      4.765      0.000     uTco  bladerf_core:U_core|handshake:U_handshake_rx_overflow|source_holding[1]
                Info (332115):      4.765      0.000 FF  CELL  U_core|U_handshake_rx_overflow|source_holding[1]|q
                Info (332115):      5.177      0.412 FF    IC  U_core|rx_ovf_sys_q[1]~feeder|datac
                Info (332115):      5.568      0.391 FF  CELL  U_core|rx_ovf_sys_q[1]~feeder|combout
                Info (332115):      5.568      0.000 FF    IC  U_core|rx_ovf_sys_q[1]|d
                Info (332115):      5.651      0.083 FF  CELL  bladerf_core:U_core|rx_ovf_sys_q[1]
                Info (332115): Clock Arrival Path:
                Info (332115): Total (ns)  Incr (ns)     Type  Element
                Info (332115): ==========  ========= ==  ====  ===================================
                Info (332115):      3.340      3.340  R        clock network delay
                Info (332115):      3.500      0.160           clock uncertainty
                Info (332115):      3.500      0.000      uTh  bladerf_core:U_core|rx_ovf_sys_q[1]
            Info (332181): Cross Path Clock Pessimism Removed : 2.854
            Info (332181): Required Skew   : 6.400
            Info (332181): Actual Skew     : 1.676
            Info (332181): Slack           : 4.724
        Info (332181): Path #80: Slack is 4.725 
            Info (332181): Latest Path Arrival
                Info (332115): From Node          : bladerf_core:U_core|handshake:U_handshake_rx_overflow|source_holding[60]
                Info (332115): To Node            : bladerf_core:U_core|rx_ovf_sys_q[60]
                Info (332115): Launch Clock       : U_core|U_nios_system|axi_ad9361_0|i_dev_if|i_rx|i_altlvds_rx|auto_generated|pll_sclk~PLL_OUTPUT_COUNTER|divclk
                Info (332115): Latch Clock        : U_core|U_system_pll|altera_pll_i|general[0].gpll~PLL_OUTPUT_COUNTER|divclk
                Info (332115): Data Arrival Time  : 8.312
                Info (332115): Clock Arrival Time : 1.631
                Info (332115): Relative Delay     : 6.681
                Info (332115): Data Arrival Path:
                Info (332115): Total (ns)  Incr (ns)     Type  Element
                Info (332115): ==========  ========= ==  ====  ===================================
                Info (332115):      6.354      6.354  R        clock network delay
                Info (332115):      6.354      0.000     uTco  bladerf_core:U_core|handshake:U_handshake_rx_overflow|source_holding[60]
                Info (332115):      6.354      0.000 FF  CELL  U_core|U_handshake_rx_overflow|source_holding[60]|q
                Info (332115):      7.586      1.232 FF    IC  U_core|rx_ovf_sys_q[60]|asdata
                Info (332115):      8.312      0.726 FF  CELL  bladerf_core:U_core|rx_ovf_sys_q[60]
                Info (332115): Clock Arrival Path:
                Info (332115): Total (ns)  Incr (ns)     Type  Element
                Info (332115): ==========  ========= ==  ====  ===================================
                Info (332115):      1.791      1.791  R        clock network delay
                Info (332115):      1.631     -0.160           clock uncertainty
                Info (332115):      1.631      0.000     uTsu  bladerf_core:U_core|rx_ovf_sys_q[60]
            Info (332181): Earliest Path Arrival
                Info (332115): From Node          : bladerf_core:U_core|handshake:U_handshake_rx_overflow|source_holding[61]
                Info (332115): To Node            : bladerf_core:U_core|rx_ovf_sys_q[61]
                Info (332115): Launch Clock       : U_core|U_nios_system|axi_ad9361_0|i_dev_if|i_rx|i_altlvds_rx|auto_generated|pll_sclk~PLL_OUTPUT_COUNTER|divclk
                Info (332115): Latch Clock        : U_core|U_system_pll|altera_pll_i|general[0].gpll~PLL_OUTPUT_COUNTER|divclk
                Info (332115): Data Arrival Time  : 5.645
                Info (332115): Clock Arrival Time : 3.493
                Info (332115): Relative Delay     : 2.152
                Info (332115): Data Arrival Path:
                Info (332115): Total (ns)  Incr (ns)     Type  Element
                Info (332115): ==========  ========= ==  ====  ===================================
                Info (332115):      4.772      4.772  R        clock network delay
                Info (332115):      4.772      0.000     uTco  bladerf_core:U_core|handshake:U_handshake_rx_overflow|source_holding[61]
                Info (332115):      4.772      0.000 FF  CELL  U_core|U_handshake_rx_overflow|source_holding[61]|q
                Info (332115):      5.170      0.398 FF    IC  U_core|rx_ovf_sys_q[61]~feeder|datac
                Info (332115):      5.561      0.391 FF  CELL  U_core|rx_ovf_sys_q[61]~feeder|combout
                Info (332115):      5.561      0.000 FF    IC  U_core|rx_ovf_sys_q[61]|d
                Info (332115):      5.645      0.084 FF  CELL  bladerf_core:U_core|rx_ovf_sys_q[61]
                Info (332115): Clock Arrival Path:
                Info (332115): Total (ns)  Incr (ns)     Type  Element
                Info (332115): ==========  ========= ==  ====  ===================================
                Info (332115):      3.333      3.333  R        clock network delay
                Info (332115):      3.493      0.160           clock uncertainty
                Info (332115):      3.493      0.000      uTh  bladerf_core:U_core|rx_ovf_sys_q[61]
            Info (332181): Cross Path Clock Pessimism Removed : 2.854
            Info (332181): Required Skew   : 6.400
            Info (332181): Actual Skew     : 1.675
            Info (332181): Slack           : 4.725
Info (332115): Worst-case slack is 4.649 for "set_max_skew -from [get_keepers {*axi_ad9361_rx_channel:i_rx_channel_2|up_adc_channel:i_up_adc_channel|up_xfer_cntrl:i_xfer_cntrl|up_xfer_data[*]}] -to [get_keepers {*axi_ad9361_rx_channel:i_rx_channel_2|up_adc_channel:i_up_adc_channel|up_xfer_cntrl:i_xfer_cntrl|d_data_cntrl[*]}] 6.400 "
    Info (332181): Skew for the Latest Arrival
        Info (332181): Path #81: Slack is 4.649 
            Info (332181): Latest Path Arrival
                Info (332115): From Node          : bladerf_core:U_core|nios_system:U_nios_system|axi_ad9361:axi_ad9361_0|axi_ad9361_rx:i_rx|axi_ad9361_rx_channel:i_rx_channel_2|up_adc_channel:i_up_adc_channel|up_xfer_cntrl:i_xfer_cntrl|up_xfer_data[28]
                Info (332115): To Node            : bladerf_core:U_core|nios_system:U_nios_system|axi_ad9361:axi_ad9361_0|axi_ad9361_rx:i_rx|axi_ad9361_rx_channel:i_rx_channel_2|up_adc_channel:i_up_adc_channel|up_xfer_cntrl:i_xfer_cntrl|d_data_cntrl[28]
                Info (332115): Launch Clock       : U_core|U_system_pll|altera_pll_i|general[0].gpll~PLL_OUTPUT_COUNTER|divclk
                Info (332115): Latch Clock        : U_core|U_nios_system|axi_ad9361_0|i_dev_if|i_rx|i_altlvds_rx|auto_generated|pll_sclk~PLL_OUTPUT_COUNTER|divclk
                Info (332115): Data Arrival Time  : 5.026
                Info (332115): Clock Arrival Time : 4.594
                Info (332115): Relative Delay     : 0.432
                Info (332115): Data Arrival Path:
                Info (332115): Total (ns)  Incr (ns)     Type  Element
                Info (332115): ==========  ========= ==  ====  ===================================
                Info (332115):      3.291      3.291  R        clock network delay
                Info (332115):      3.291      0.000     uTco  bladerf_core:U_core|nios_system:U_nios_system|axi_ad9361:axi_ad9361_0|axi_ad9361_rx:i_rx|axi_ad9361_rx_channel:i_rx_channel_2|up_adc_channel:i_up_adc_channel|up_xfer_cntrl:i_xfer_cntrl|up_xfer_data[28]
                Info (332115):      3.291      0.000 RR  CELL  U_core|U_nios_system|axi_ad9361_0|i_rx|i_rx_channel_2|i_up_adc_channel|i_xfer_cntrl|up_xfer_data[28]|q
                Info (332115):      4.297      1.006 RR    IC  U_core|U_nios_system|axi_ad9361_0|i_rx|i_rx_channel_2|i_up_adc_channel|i_xfer_cntrl|d_data_cntrl[28]|asdata
                Info (332115):      5.026      0.729 RR  CELL  bladerf_core:U_core|nios_system:U_nios_system|axi_ad9361:axi_ad9361_0|axi_ad9361_rx:i_rx|axi_ad9361_rx_channel:i_rx_channel_2|up_adc_channel:i_up_adc_channel|up_xfer_cntrl:i_xfer_cntrl|d_data_cntrl[28]
                Info (332115): Clock Arrival Path:
                Info (332115): Total (ns)  Incr (ns)     Type  Element
                Info (332115): ==========  ========= ==  ====  ===================================
                Info (332115):      4.754      4.754  R        clock network delay
                Info (332115):      4.594     -0.160           clock uncertainty
                Info (332115):      4.594      0.000     uTsu  bladerf_core:U_core|nios_system:U_nios_system|axi_ad9361:axi_ad9361_0|axi_ad9361_rx:i_rx|axi_ad9361_rx_channel:i_rx_channel_2|up_adc_channel:i_up_adc_channel|up_xfer_cntrl:i_xfer_cntrl|d_data_cntrl[28]
            Info (332181): Earliest Path Arrival
                Info (332115): From Node          : bladerf_core:U_core|nios_system:U_nios_system|axi_ad9361:axi_ad9361_0|axi_ad9361_rx:i_rx|axi_ad9361_rx_channel:i_rx_channel_2|up_adc_channel:i_up_adc_channel|up_xfer_cntrl:i_xfer_cntrl|up_xfer_data[74]
                Info (332115): To Node            : bladerf_core:U_core|nios_system:U_nios_system|axi_ad9361:axi_ad9361_0|axi_ad9361_rx:i_rx|axi_ad9361_rx_channel:i_rx_channel_2|up_adc_channel:i_up_adc_channel|up_xfer_cntrl:i_xfer_cntrl|d_data_cntrl[74]
                Info (332115): Launch Clock       : U_core|U_system_pll|altera_pll_i|general[0].gpll~PLL_OUTPUT_COUNTER|divclk
                Info (332115): Latch Clock        : U_core|U_nios_system|axi_ad9361_0|i_dev_if|i_rx|i_altlvds_rx|auto_generated|pll_sclk~PLL_OUTPUT_COUNTER|divclk
                Info (332115): Data Arrival Time  : 2.392
                Info (332115): Clock Arrival Time : 6.511
                Info (332115): Relative Delay     : -4.119
                Info (332115): Data Arrival Path:
                Info (332115): Total (ns)  Incr (ns)     Type  Element
                Info (332115): ==========  ========= ==  ====  ===================================
                Info (332115):      1.739      1.739  R        clock network delay
                Info (332115):      1.739      0.000     uTco  bladerf_core:U_core|nios_system:U_nios_system|axi_ad9361:axi_ad9361_0|axi_ad9361_rx:i_rx|axi_ad9361_rx_channel:i_rx_channel_2|up_adc_channel:i_up_adc_channel|up_xfer_cntrl:i_xfer_cntrl|up_xfer_data[74]
                Info (332115):      1.739      0.000 FF  CELL  U_core|U_nios_system|axi_ad9361_0|i_rx|i_rx_channel_2|i_up_adc_channel|i_xfer_cntrl|up_xfer_data[74]|q
                Info (332115):      2.024      0.285 FF    IC  U_core|U_nios_system|axi_ad9361_0|i_rx|i_rx_channel_2|i_up_adc_channel|i_xfer_cntrl|d_data_cntrl[74]|asdata
                Info (332115):      2.392      0.368 FF  CELL  bladerf_core:U_core|nios_system:U_nios_system|axi_ad9361:axi_ad9361_0|axi_ad9361_rx:i_rx|axi_ad9361_rx_channel:i_rx_channel_2|up_adc_channel:i_up_adc_channel|up_xfer_cntrl:i_xfer_cntrl|d_data_cntrl[74]
                Info (332115): Clock Arrival Path:
                Info (332115): Total (ns)  Incr (ns)     Type  Element
                Info (332115): ==========  ========= ==  ====  ===================================
                Info (332115):      6.351      6.351  R        clock network delay
                Info (332115):      6.511      0.160           clock uncertainty
                Info (332115):      6.511      0.000      uTh  bladerf_core:U_core|nios_system:U_nios_system|axi_ad9361:axi_ad9361_0|axi_ad9361_rx:i_rx|axi_ad9361_rx_channel:i_rx_channel_2|up_adc_channel:i_up_adc_channel|up_xfer_cntrl:i_xfer_cntrl|d_data_cntrl[74]
            Info (332181): Cross Path Clock Pessimism Removed : 2.800
            Info (332181): Required Skew   : 6.400
            Info (332181): Actual Skew     : 1.751
            Info (332181): Slack           : 4.649
        Info (332181): Path #82: Slack is 4.692 
            Info (332181): Latest Path Arrival
                Info (332115): From Node          : bladerf_core:U_core|nios_system:U_nios_system|axi_ad9361:axi_ad9361_0|axi_ad9361_rx:i_rx|axi_ad9361_rx_channel:i_rx_channel_2|up_adc_channel:i_up_adc_channel|up_xfer_cntrl:i_xfer_cntrl|up_xfer_data[32]
                Info (332115): To Node            : bladerf_core:U_core|nios_system:U_nios_system|axi_ad9361:axi_ad9361_0|axi_ad9361_rx:i_rx|axi_ad9361_rx_channel:i_rx_channel_2|up_adc_channel:i_up_adc_channel|up_xfer_cntrl:i_xfer_cntrl|d_data_cntrl[32]
                Info (332115): Launch Clock       : U_core|U_system_pll|altera_pll_i|general[0].gpll~PLL_OUTPUT_COUNTER|divclk
                Info (332115): Latch Clock        : U_core|U_nios_system|axi_ad9361_0|i_dev_if|i_rx|i_altlvds_rx|auto_generated|pll_sclk~PLL_OUTPUT_COUNTER|divclk
                Info (332115): Data Arrival Time  : 4.983
                Info (332115): Clock Arrival Time : 4.594
                Info (332115): Relative Delay     : 0.389
                Info (332115): Data Arrival Path:
                Info (332115): Total (ns)  Incr (ns)     Type  Element
                Info (332115): ==========  ========= ==  ====  ===================================
                Info (332115):      3.291      3.291  R        clock network delay
                Info (332115):      3.291      0.000     uTco  bladerf_core:U_core|nios_system:U_nios_system|axi_ad9361:axi_ad9361_0|axi_ad9361_rx:i_rx|axi_ad9361_rx_channel:i_rx_channel_2|up_adc_channel:i_up_adc_channel|up_xfer_cntrl:i_xfer_cntrl|up_xfer_data[32]
                Info (332115):      3.291      0.000 FF  CELL  U_core|U_nios_system|axi_ad9361_0|i_rx|i_rx_channel_2|i_up_adc_channel|i_xfer_cntrl|up_xfer_data[32]|q
                Info (332115):      4.280      0.989 FF    IC  U_core|U_nios_system|axi_ad9361_0|i_rx|i_rx_channel_2|i_up_adc_channel|i_xfer_cntrl|d_data_cntrl[32]|asdata
                Info (332115):      4.983      0.703 FF  CELL  bladerf_core:U_core|nios_system:U_nios_system|axi_ad9361:axi_ad9361_0|axi_ad9361_rx:i_rx|axi_ad9361_rx_channel:i_rx_channel_2|up_adc_channel:i_up_adc_channel|up_xfer_cntrl:i_xfer_cntrl|d_data_cntrl[32]
                Info (332115): Clock Arrival Path:
                Info (332115): Total (ns)  Incr (ns)     Type  Element
                Info (332115): ==========  ========= ==  ====  ===================================
                Info (332115):      4.754      4.754  R        clock network delay
                Info (332115):      4.594     -0.160           clock uncertainty
                Info (332115):      4.594      0.000     uTsu  bladerf_core:U_core|nios_system:U_nios_system|axi_ad9361:axi_ad9361_0|axi_ad9361_rx:i_rx|axi_ad9361_rx_channel:i_rx_channel_2|up_adc_channel:i_up_adc_channel|up_xfer_cntrl:i_xfer_cntrl|d_data_cntrl[32]
            Info (332181): Earliest Path Arrival
                Info (332115): From Node          : bladerf_core:U_core|nios_system:U_nios_system|axi_ad9361:axi_ad9361_0|axi_ad9361_rx:i_rx|axi_ad9361_rx_channel:i_rx_channel_2|up_adc_channel:i_up_adc_channel|up_xfer_cntrl:i_xfer_cntrl|up_xfer_data[74]
                Info (332115): To Node            : bladerf_core:U_core|nios_system:U_nios_system|axi_ad9361:axi_ad9361_0|axi_ad9361_rx:i_rx|axi_ad9361_rx_channel:i_rx_channel_2|up_adc_channel:i_up_adc_channel|up_xfer_cntrl:i_xfer_cntrl|d_data_cntrl[74]
                Info (332115): Launch Clock       : U_core|U_system_pll|altera_pll_i|general[0].gpll~PLL_OUTPUT_COUNTER|divclk
                Info (332115): Latch Clock        : U_core|U_nios_system|axi_ad9361_0|i_dev_if|i_rx|i_altlvds_rx|auto_generated|pll_sclk~PLL_OUTPUT_COUNTER|divclk
                Info (332115): Data Arrival Time  : 2.392
                Info (332115): Clock Arrival Time : 6.511
                Info (332115): Relative Delay     : -4.119
                Info (332115): Data Arrival Path:
                Info (332115): Total (ns)  Incr (ns)     Type  Element
                Info (332115): ==========  ========= ==  ====  ===================================
                Info (332115):      1.739      1.739  R        clock network delay
                Info (332115):      1.739      0.000     uTco  bladerf_core:U_core|nios_system:U_nios_system|axi_ad9361:axi_ad9361_0|axi_ad9361_rx:i_rx|axi_ad9361_rx_channel:i_rx_channel_2|up_adc_channel:i_up_adc_channel|up_xfer_cntrl:i_xfer_cntrl|up_xfer_data[74]
                Info (332115):      1.739      0.000 FF  CELL  U_core|U_nios_system|axi_ad9361_0|i_rx|i_rx_channel_2|i_up_adc_channel|i_xfer_cntrl|up_xfer_data[74]|q
                Info (332115):      2.024      0.285 FF    IC  U_core|U_nios_system|axi_ad9361_0|i_rx|i_rx_channel_2|i_up_adc_channel|i_xfer_cntrl|d_data_cntrl[74]|asdata
                Info (332115):      2.392      0.368 FF  CELL  bladerf_core:U_core|nios_system:U_nios_system|axi_ad9361:axi_ad9361_0|axi_ad9361_rx:i_rx|axi_ad9361_rx_channel:i_rx_channel_2|up_adc_channel:i_up_adc_channel|up_xfer_cntrl:i_xfer_cntrl|d_data_cntrl[74]
                Info (332115): Clock Arrival Path:
                Info (332115): Total (ns)  Incr (ns)     Type  Element
                Info (332115): ==========  ========= ==  ====  ===================================
                Info (332115):      6.351      6.351  R        clock network delay
                Info (332115):      6.511      0.160           clock uncertainty
                Info (332115):      6.511      0.000      uTh  bladerf_core:U_core|nios_system:U_nios_system|axi_ad9361:axi_ad9361_0|axi_ad9361_rx:i_rx|axi_ad9361_rx_channel:i_rx_channel_2|up_adc_channel:i_up_adc_channel|up_xfer_cntrl:i_xfer_cntrl|d_data_cntrl[74]
            Info (332181): Cross Path Clock Pessimism Removed : 2.800
            Info (332181): Required Skew   : 6.400
            Info (332181): Actual Skew     : 1.708
            Info (332181): Slack           : 4.692
        Info (332181): Path #83: Slack is 4.945 
            Info (332181): Latest Path Arrival
                Info (332115): From Node          : bladerf_core:U_core|nios_system:U_nios_system|axi_ad9361:axi_ad9361_0|axi_ad9361_rx:i_rx|axi_ad9361_rx_channel:i_rx_channel_2|up_adc_channel:i_up_adc_channel|up_xfer_cntrl:i_xfer_cntrl|up_xfer_data[4]
                Info (332115): To Node            : bladerf_core:U_core|nios_system:U_nios_system|axi_ad9361:axi_ad9361_0|axi_ad9361_rx:i_rx|axi_ad9361_rx_channel:i_rx_channel_2|up_adc_channel:i_up_adc_channel|up_xfer_cntrl:i_xfer_cntrl|d_data_cntrl[4]
                Info (332115): Launch Clock       : U_core|U_system_pll|altera_pll_i|general[0].gpll~PLL_OUTPUT_COUNTER|divclk
                Info (332115): Latch Clock        : U_core|U_nios_system|axi_ad9361_0|i_dev_if|i_rx|i_altlvds_rx|auto_generated|pll_sclk~PLL_OUTPUT_COUNTER|divclk
                Info (332115): Data Arrival Time  : 4.716
                Info (332115): Clock Arrival Time : 4.609
                Info (332115): Relative Delay     : 0.107
                Info (332115): Data Arrival Path:
                Info (332115): Total (ns)  Incr (ns)     Type  Element
                Info (332115): ==========  ========= ==  ====  ===================================
                Info (332115):      3.316      3.316  R        clock network delay
                Info (332115):      3.316      0.000     uTco  bladerf_core:U_core|nios_system:U_nios_system|axi_ad9361:axi_ad9361_0|axi_ad9361_rx:i_rx|axi_ad9361_rx_channel:i_rx_channel_2|up_adc_channel:i_up_adc_channel|up_xfer_cntrl:i_xfer_cntrl|up_xfer_data[4]
                Info (332115):      3.316      0.000 RR  CELL  U_core|U_nios_system|axi_ad9361_0|i_rx|i_rx_channel_2|i_up_adc_channel|i_xfer_cntrl|up_xfer_data[4]|q
                Info (332115):      3.994      0.678 RR    IC  U_core|U_nios_system|axi_ad9361_0|i_rx|i_rx_channel_2|i_up_adc_channel|i_xfer_cntrl|d_data_cntrl[4]|asdata
                Info (332115):      4.716      0.722 RR  CELL  bladerf_core:U_core|nios_system:U_nios_system|axi_ad9361:axi_ad9361_0|axi_ad9361_rx:i_rx|axi_ad9361_rx_channel:i_rx_channel_2|up_adc_channel:i_up_adc_channel|up_xfer_cntrl:i_xfer_cntrl|d_data_cntrl[4]
                Info (332115): Clock Arrival Path:
                Info (332115): Total (ns)  Incr (ns)     Type  Element
                Info (332115): ==========  ========= ==  ====  ===================================
                Info (332115):      4.769      4.769  R        clock network delay
                Info (332115):      4.609     -0.160           clock uncertainty
                Info (332115):      4.609      0.000     uTsu  bladerf_core:U_core|nios_system:U_nios_system|axi_ad9361:axi_ad9361_0|axi_ad9361_rx:i_rx|axi_ad9361_rx_channel:i_rx_channel_2|up_adc_channel:i_up_adc_channel|up_xfer_cntrl:i_xfer_cntrl|d_data_cntrl[4]
            Info (332181): Earliest Path Arrival
                Info (332115): From Node          : bladerf_core:U_core|nios_system:U_nios_system|axi_ad9361:axi_ad9361_0|axi_ad9361_rx:i_rx|axi_ad9361_rx_channel:i_rx_channel_2|up_adc_channel:i_up_adc_channel|up_xfer_cntrl:i_xfer_cntrl|up_xfer_data[74]
                Info (332115): To Node            : bladerf_core:U_core|nios_system:U_nios_system|axi_ad9361:axi_ad9361_0|axi_ad9361_rx:i_rx|axi_ad9361_rx_channel:i_rx_channel_2|up_adc_channel:i_up_adc_channel|up_xfer_cntrl:i_xfer_cntrl|d_data_cntrl[74]
                Info (332115): Launch Clock       : U_core|U_system_pll|altera_pll_i|general[0].gpll~PLL_OUTPUT_COUNTER|divclk
                Info (332115): Latch Clock        : U_core|U_nios_system|axi_ad9361_0|i_dev_if|i_rx|i_altlvds_rx|auto_generated|pll_sclk~PLL_OUTPUT_COUNTER|divclk
                Info (332115): Data Arrival Time  : 2.392
                Info (332115): Clock Arrival Time : 6.511
                Info (332115): Relative Delay     : -4.119
                Info (332115): Data Arrival Path:
                Info (332115): Total (ns)  Incr (ns)     Type  Element
                Info (332115): ==========  ========= ==  ====  ===================================
                Info (332115):      1.739      1.739  R        clock network delay
                Info (332115):      1.739      0.000     uTco  bladerf_core:U_core|nios_system:U_nios_system|axi_ad9361:axi_ad9361_0|axi_ad9361_rx:i_rx|axi_ad9361_rx_channel:i_rx_channel_2|up_adc_channel:i_up_adc_channel|up_xfer_cntrl:i_xfer_cntrl|up_xfer_data[74]
                Info (332115):      1.739      0.000 FF  CELL  U_core|U_nios_system|axi_ad9361_0|i_rx|i_rx_channel_2|i_up_adc_channel|i_xfer_cntrl|up_xfer_data[74]|q
                Info (332115):      2.024      0.285 FF    IC  U_core|U_nios_system|axi_ad9361_0|i_rx|i_rx_channel_2|i_up_adc_channel|i_xfer_cntrl|d_data_cntrl[74]|asdata
                Info (332115):      2.392      0.368 FF  CELL  bladerf_core:U_core|nios_system:U_nios_system|axi_ad9361:axi_ad9361_0|axi_ad9361_rx:i_rx|axi_ad9361_rx_channel:i_rx_channel_2|up_adc_channel:i_up_adc_channel|up_xfer_cntrl:i_xfer_cntrl|d_data_cntrl[74]
                Info (332115): Clock Arrival Path:
                Info (332115): Total (ns)  Incr (ns)     Type  Element
                Info (332115): ==========  ========= ==  ====  ===================================
                Info (332115):      6.351      6.351  R        clock network delay
                Info (332115):      6.511      0.160           clock uncertainty
                Info (332115):      6.511      0.000      uTh  bladerf_core:U_core|nios_system:U_nios_system|axi_ad9361:axi_ad9361_0|axi_ad9361_rx:i_rx|axi_ad9361_rx_channel:i_rx_channel_2|up_adc_channel:i_up_adc_channel|up_xfer_cntrl:i_xfer_cntrl|d_data_cntrl[74]
            Info (332181): Cross Path Clock Pessimism Removed : 2.771
            Info (332181): Required Skew   : 6.400
            Info (332181): Actual Skew     : 1.455
            Info (332181): Slack           : 4.945
        Info (332181): Path #84: Slack is 4.955 
            Info (332181): Latest Path Arrival
                Info (332115): From Node          : bladerf_core:U_core|nios_system:U_nios_system|axi_ad9361:axi_ad9361_0|axi_ad9361_rx:i_rx|axi_ad9361_rx_channel:i_rx_channel_2|up_adc_channel:i_up_adc_channel|up_xfer_cntrl:i_xfer_cntrl|up_xfer_data[3]
                Info (332115): To Node            : bladerf_core:U_core|nios_system:U_nios_system|axi_ad9361:axi_ad9361_0|axi_ad9361_rx:i_rx|axi_ad9361_rx_channel:i_rx_channel_2|up_adc_channel:i_up_adc_channel|up_xfer_cntrl:i_xfer_cntrl|d_data_cntrl[3]
                Info (332115): Launch Clock       : U_core|U_system_pll|altera_pll_i|general[0].gpll~PLL_OUTPUT_COUNTER|divclk
                Info (332115): Latch Clock        : U_core|U_nios_system|axi_ad9361_0|i_dev_if|i_rx|i_altlvds_rx|auto_generated|pll_sclk~PLL_OUTPUT_COUNTER|divclk
                Info (332115): Data Arrival Time  : 4.701
                Info (332115): Clock Arrival Time : 4.600
                Info (332115): Relative Delay     : 0.101
                Info (332115): Data Arrival Path:
                Info (332115): Total (ns)  Incr (ns)     Type  Element
                Info (332115): ==========  ========= ==  ====  ===================================
                Info (332115):      3.279      3.279  R        clock network delay
                Info (332115):      3.279      0.000     uTco  bladerf_core:U_core|nios_system:U_nios_system|axi_ad9361:axi_ad9361_0|axi_ad9361_rx:i_rx|axi_ad9361_rx_channel:i_rx_channel_2|up_adc_channel:i_up_adc_channel|up_xfer_cntrl:i_xfer_cntrl|up_xfer_data[3]
                Info (332115):      3.279      0.000 RR  CELL  U_core|U_nios_system|axi_ad9361_0|i_rx|i_rx_channel_2|i_up_adc_channel|i_xfer_cntrl|up_xfer_data[3]|q
                Info (332115):      3.972      0.693 RR    IC  U_core|U_nios_system|axi_ad9361_0|i_rx|i_rx_channel_2|i_up_adc_channel|i_xfer_cntrl|d_data_cntrl[3]|asdata
                Info (332115):      4.701      0.729 RR  CELL  bladerf_core:U_core|nios_system:U_nios_system|axi_ad9361:axi_ad9361_0|axi_ad9361_rx:i_rx|axi_ad9361_rx_channel:i_rx_channel_2|up_adc_channel:i_up_adc_channel|up_xfer_cntrl:i_xfer_cntrl|d_data_cntrl[3]
                Info (332115): Clock Arrival Path:
                Info (332115): Total (ns)  Incr (ns)     Type  Element
                Info (332115): ==========  ========= ==  ====  ===================================
                Info (332115):      4.760      4.760  R        clock network delay
                Info (332115):      4.600     -0.160           clock uncertainty
                Info (332115):      4.600      0.000     uTsu  bladerf_core:U_core|nios_system:U_nios_system|axi_ad9361:axi_ad9361_0|axi_ad9361_rx:i_rx|axi_ad9361_rx_channel:i_rx_channel_2|up_adc_channel:i_up_adc_channel|up_xfer_cntrl:i_xfer_cntrl|d_data_cntrl[3]
            Info (332181): Earliest Path Arrival
                Info (332115): From Node          : bladerf_core:U_core|nios_system:U_nios_system|axi_ad9361:axi_ad9361_0|axi_ad9361_rx:i_rx|axi_ad9361_rx_channel:i_rx_channel_2|up_adc_channel:i_up_adc_channel|up_xfer_cntrl:i_xfer_cntrl|up_xfer_data[59]
                Info (332115): To Node            : bladerf_core:U_core|nios_system:U_nios_system|axi_ad9361:axi_ad9361_0|axi_ad9361_rx:i_rx|axi_ad9361_rx_channel:i_rx_channel_2|up_adc_channel:i_up_adc_channel|up_xfer_cntrl:i_xfer_cntrl|d_data_cntrl[59]
                Info (332115): Launch Clock       : U_core|U_system_pll|altera_pll_i|general[0].gpll~PLL_OUTPUT_COUNTER|divclk
                Info (332115): Latch Clock        : U_core|U_nios_system|axi_ad9361_0|i_dev_if|i_rx|i_altlvds_rx|auto_generated|pll_sclk~PLL_OUTPUT_COUNTER|divclk
                Info (332115): Data Arrival Time  : 2.406
                Info (332115): Clock Arrival Time : 6.521
                Info (332115): Relative Delay     : -4.115
                Info (332115): Data Arrival Path:
                Info (332115): Total (ns)  Incr (ns)     Type  Element
                Info (332115): ==========  ========= ==  ====  ===================================
                Info (332115):      1.767      1.767  R        clock network delay
                Info (332115):      1.767      0.000     uTco  bladerf_core:U_core|nios_system:U_nios_system|axi_ad9361:axi_ad9361_0|axi_ad9361_rx:i_rx|axi_ad9361_rx_channel:i_rx_channel_2|up_adc_channel:i_up_adc_channel|up_xfer_cntrl:i_xfer_cntrl|up_xfer_data[59]
                Info (332115):      1.767      0.000 FF  CELL  U_core|U_nios_system|axi_ad9361_0|i_rx|i_rx_channel_2|i_up_adc_channel|i_xfer_cntrl|up_xfer_data[59]|q
                Info (332115):      2.268      0.501 FF    IC  U_core|U_nios_system|axi_ad9361_0|i_rx|i_rx_channel_2|i_up_adc_channel|i_xfer_cntrl|d_data_cntrl[59]~feeder|dataf
                Info (332115):      2.323      0.055 FF  CELL  U_core|U_nios_system|axi_ad9361_0|i_rx|i_rx_channel_2|i_up_adc_channel|i_xfer_cntrl|d_data_cntrl[59]~feeder|combout
                Info (332115):      2.323      0.000 FF    IC  U_core|U_nios_system|axi_ad9361_0|i_rx|i_rx_channel_2|i_up_adc_channel|i_xfer_cntrl|d_data_cntrl[59]|d
                Info (332115):      2.406      0.083 FF  CELL  bladerf_core:U_core|nios_system:U_nios_system|axi_ad9361:axi_ad9361_0|axi_ad9361_rx:i_rx|axi_ad9361_rx_channel:i_rx_channel_2|up_adc_channel:i_up_adc_channel|up_xfer_cntrl:i_xfer_cntrl|d_data_cntrl[59]
                Info (332115): Clock Arrival Path:
                Info (332115): Total (ns)  Incr (ns)     Type  Element
                Info (332115): ==========  ========= ==  ====  ===================================
                Info (332115):      6.361      6.361  R        clock network delay
                Info (332115):      6.521      0.160           clock uncertainty
                Info (332115):      6.521      0.000      uTh  bladerf_core:U_core|nios_system:U_nios_system|axi_ad9361:axi_ad9361_0|axi_ad9361_rx:i_rx|axi_ad9361_rx_channel:i_rx_channel_2|up_adc_channel:i_up_adc_channel|up_xfer_cntrl:i_xfer_cntrl|d_data_cntrl[59]
            Info (332181): Cross Path Clock Pessimism Removed : 2.771
            Info (332181): Required Skew   : 6.400
            Info (332181): Actual Skew     : 1.445
            Info (332181): Slack           : 4.955
    Info (332181): Skew for the Earliest Arrival
        Info (332181): Path #85: Slack is 4.649 
            Info (332181): Latest Path Arrival
                Info (332115): From Node          : bladerf_core:U_core|nios_system:U_nios_system|axi_ad9361:axi_ad9361_0|axi_ad9361_rx:i_rx|axi_ad9361_rx_channel:i_rx_channel_2|up_adc_channel:i_up_adc_channel|up_xfer_cntrl:i_xfer_cntrl|up_xfer_data[28]
                Info (332115): To Node            : bladerf_core:U_core|nios_system:U_nios_system|axi_ad9361:axi_ad9361_0|axi_ad9361_rx:i_rx|axi_ad9361_rx_channel:i_rx_channel_2|up_adc_channel:i_up_adc_channel|up_xfer_cntrl:i_xfer_cntrl|d_data_cntrl[28]
                Info (332115): Launch Clock       : U_core|U_system_pll|altera_pll_i|general[0].gpll~PLL_OUTPUT_COUNTER|divclk
                Info (332115): Latch Clock        : U_core|U_nios_system|axi_ad9361_0|i_dev_if|i_rx|i_altlvds_rx|auto_generated|pll_sclk~PLL_OUTPUT_COUNTER|divclk
                Info (332115): Data Arrival Time  : 5.026
                Info (332115): Clock Arrival Time : 4.594
                Info (332115): Relative Delay     : 0.432
                Info (332115): Data Arrival Path:
                Info (332115): Total (ns)  Incr (ns)     Type  Element
                Info (332115): ==========  ========= ==  ====  ===================================
                Info (332115):      3.291      3.291  R        clock network delay
                Info (332115):      3.291      0.000     uTco  bladerf_core:U_core|nios_system:U_nios_system|axi_ad9361:axi_ad9361_0|axi_ad9361_rx:i_rx|axi_ad9361_rx_channel:i_rx_channel_2|up_adc_channel:i_up_adc_channel|up_xfer_cntrl:i_xfer_cntrl|up_xfer_data[28]
                Info (332115):      3.291      0.000 RR  CELL  U_core|U_nios_system|axi_ad9361_0|i_rx|i_rx_channel_2|i_up_adc_channel|i_xfer_cntrl|up_xfer_data[28]|q
                Info (332115):      4.297      1.006 RR    IC  U_core|U_nios_system|axi_ad9361_0|i_rx|i_rx_channel_2|i_up_adc_channel|i_xfer_cntrl|d_data_cntrl[28]|asdata
                Info (332115):      5.026      0.729 RR  CELL  bladerf_core:U_core|nios_system:U_nios_system|axi_ad9361:axi_ad9361_0|axi_ad9361_rx:i_rx|axi_ad9361_rx_channel:i_rx_channel_2|up_adc_channel:i_up_adc_channel|up_xfer_cntrl:i_xfer_cntrl|d_data_cntrl[28]
                Info (332115): Clock Arrival Path:
                Info (332115): Total (ns)  Incr (ns)     Type  Element
                Info (332115): ==========  ========= ==  ====  ===================================
                Info (332115):      4.754      4.754  R        clock network delay
                Info (332115):      4.594     -0.160           clock uncertainty
                Info (332115):      4.594      0.000     uTsu  bladerf_core:U_core|nios_system:U_nios_system|axi_ad9361:axi_ad9361_0|axi_ad9361_rx:i_rx|axi_ad9361_rx_channel:i_rx_channel_2|up_adc_channel:i_up_adc_channel|up_xfer_cntrl:i_xfer_cntrl|d_data_cntrl[28]
            Info (332181): Earliest Path Arrival
                Info (332115): From Node          : bladerf_core:U_core|nios_system:U_nios_system|axi_ad9361:axi_ad9361_0|axi_ad9361_rx:i_rx|axi_ad9361_rx_channel:i_rx_channel_2|up_adc_channel:i_up_adc_channel|up_xfer_cntrl:i_xfer_cntrl|up_xfer_data[74]
                Info (332115): To Node            : bladerf_core:U_core|nios_system:U_nios_system|axi_ad9361:axi_ad9361_0|axi_ad9361_rx:i_rx|axi_ad9361_rx_channel:i_rx_channel_2|up_adc_channel:i_up_adc_channel|up_xfer_cntrl:i_xfer_cntrl|d_data_cntrl[74]
                Info (332115): Launch Clock       : U_core|U_system_pll|altera_pll_i|general[0].gpll~PLL_OUTPUT_COUNTER|divclk
                Info (332115): Latch Clock        : U_core|U_nios_system|axi_ad9361_0|i_dev_if|i_rx|i_altlvds_rx|auto_generated|pll_sclk~PLL_OUTPUT_COUNTER|divclk
                Info (332115): Data Arrival Time  : 2.392
                Info (332115): Clock Arrival Time : 6.511
                Info (332115): Relative Delay     : -4.119
                Info (332115): Data Arrival Path:
                Info (332115): Total (ns)  Incr (ns)     Type  Element
                Info (332115): ==========  ========= ==  ====  ===================================
                Info (332115):      1.739      1.739  R        clock network delay
                Info (332115):      1.739      0.000     uTco  bladerf_core:U_core|nios_system:U_nios_system|axi_ad9361:axi_ad9361_0|axi_ad9361_rx:i_rx|axi_ad9361_rx_channel:i_rx_channel_2|up_adc_channel:i_up_adc_channel|up_xfer_cntrl:i_xfer_cntrl|up_xfer_data[74]
                Info (332115):      1.739      0.000 FF  CELL  U_core|U_nios_system|axi_ad9361_0|i_rx|i_rx_channel_2|i_up_adc_channel|i_xfer_cntrl|up_xfer_data[74]|q
                Info (332115):      2.024      0.285 FF    IC  U_core|U_nios_system|axi_ad9361_0|i_rx|i_rx_channel_2|i_up_adc_channel|i_xfer_cntrl|d_data_cntrl[74]|asdata
                Info (332115):      2.392      0.368 FF  CELL  bladerf_core:U_core|nios_system:U_nios_system|axi_ad9361:axi_ad9361_0|axi_ad9361_rx:i_rx|axi_ad9361_rx_channel:i_rx_channel_2|up_adc_channel:i_up_adc_channel|up_xfer_cntrl:i_xfer_cntrl|d_data_cntrl[74]
                Info (332115): Clock Arrival Path:
                Info (332115): Total (ns)  Incr (ns)     Type  Element
                Info (332115): ==========  ========= ==  ====  ===================================
                Info (332115):      6.351      6.351  R        clock network delay
                Info (332115):      6.511      0.160           clock uncertainty
                Info (332115):      6.511      0.000      uTh  bladerf_core:U_core|nios_system:U_nios_system|axi_ad9361:axi_ad9361_0|axi_ad9361_rx:i_rx|axi_ad9361_rx_channel:i_rx_channel_2|up_adc_channel:i_up_adc_channel|up_xfer_cntrl:i_xfer_cntrl|d_data_cntrl[74]
            Info (332181): Cross Path Clock Pessimism Removed : 2.800
            Info (332181): Required Skew   : 6.400
            Info (332181): Actual Skew     : 1.751
            Info (332181): Slack           : 4.649
        Info (332181): Path #86: Slack is 4.653 
            Info (332181): Latest Path Arrival
                Info (332115): From Node          : bladerf_core:U_core|nios_system:U_nios_system|axi_ad9361:axi_ad9361_0|axi_ad9361_rx:i_rx|axi_ad9361_rx_channel:i_rx_channel_2|up_adc_channel:i_up_adc_channel|up_xfer_cntrl:i_xfer_cntrl|up_xfer_data[28]
                Info (332115): To Node            : bladerf_core:U_core|nios_system:U_nios_system|axi_ad9361:axi_ad9361_0|axi_ad9361_rx:i_rx|axi_ad9361_rx_channel:i_rx_channel_2|up_adc_channel:i_up_adc_channel|up_xfer_cntrl:i_xfer_cntrl|d_data_cntrl[28]
                Info (332115): Launch Clock       : U_core|U_system_pll|altera_pll_i|general[0].gpll~PLL_OUTPUT_COUNTER|divclk
                Info (332115): Latch Clock        : U_core|U_nios_system|axi_ad9361_0|i_dev_if|i_rx|i_altlvds_rx|auto_generated|pll_sclk~PLL_OUTPUT_COUNTER|divclk
                Info (332115): Data Arrival Time  : 5.026
                Info (332115): Clock Arrival Time : 4.594
                Info (332115): Relative Delay     : 0.432
                Info (332115): Data Arrival Path:
                Info (332115): Total (ns)  Incr (ns)     Type  Element
                Info (332115): ==========  ========= ==  ====  ===================================
                Info (332115):      3.291      3.291  R        clock network delay
                Info (332115):      3.291      0.000     uTco  bladerf_core:U_core|nios_system:U_nios_system|axi_ad9361:axi_ad9361_0|axi_ad9361_rx:i_rx|axi_ad9361_rx_channel:i_rx_channel_2|up_adc_channel:i_up_adc_channel|up_xfer_cntrl:i_xfer_cntrl|up_xfer_data[28]
                Info (332115):      3.291      0.000 RR  CELL  U_core|U_nios_system|axi_ad9361_0|i_rx|i_rx_channel_2|i_up_adc_channel|i_xfer_cntrl|up_xfer_data[28]|q
                Info (332115):      4.297      1.006 RR    IC  U_core|U_nios_system|axi_ad9361_0|i_rx|i_rx_channel_2|i_up_adc_channel|i_xfer_cntrl|d_data_cntrl[28]|asdata
                Info (332115):      5.026      0.729 RR  CELL  bladerf_core:U_core|nios_system:U_nios_system|axi_ad9361:axi_ad9361_0|axi_ad9361_rx:i_rx|axi_ad9361_rx_channel:i_rx_channel_2|up_adc_channel:i_up_adc_channel|up_xfer_cntrl:i_xfer_cntrl|d_data_cntrl[28]
                Info (332115): Clock Arrival Path:
                Info (332115): Total (ns)  Incr (ns)     Type  Element
                Info (332115): ==========  ========= ==  ====  ===================================
                Info (332115):      4.754      4.754  R        clock network delay
                Info (332115):      4.594     -0.160           clock uncertainty
                Info (332115):      4.594      0.000     uTsu  bladerf_core:U_core|nios_system:U_nios_system|axi_ad9361:axi_ad9361_0|axi_ad9361_rx:i_rx|axi_ad9361_rx_channel:i_rx_channel_2|up_adc_channel:i_up_adc_channel|up_xfer_cntrl:i_xfer_cntrl|d_data_cntrl[28]
            Info (332181): Earliest Path Arrival
                Info (332115): From Node          : bladerf_core:U_core|nios_system:U_nios_system|axi_ad9361:axi_ad9361_0|axi_ad9361_rx:i_rx|axi_ad9361_rx_channel:i_rx_channel_2|up_adc_channel:i_up_adc_channel|up_xfer_cntrl:i_xfer_cntrl|up_xfer_data[59]
                Info (332115): To Node            : bladerf_core:U_core|nios_system:U_nios_system|axi_ad9361:axi_ad9361_0|axi_ad9361_rx:i_rx|axi_ad9361_rx_channel:i_rx_channel_2|up_adc_channel:i_up_adc_channel|up_xfer_cntrl:i_xfer_cntrl|d_data_cntrl[59]
                Info (332115): Launch Clock       : U_core|U_system_pll|altera_pll_i|general[0].gpll~PLL_OUTPUT_COUNTER|divclk
                Info (332115): Latch Clock        : U_core|U_nios_system|axi_ad9361_0|i_dev_if|i_rx|i_altlvds_rx|auto_generated|pll_sclk~PLL_OUTPUT_COUNTER|divclk
                Info (332115): Data Arrival Time  : 2.406
                Info (332115): Clock Arrival Time : 6.521
                Info (332115): Relative Delay     : -4.115
                Info (332115): Data Arrival Path:
                Info (332115): Total (ns)  Incr (ns)     Type  Element
                Info (332115): ==========  ========= ==  ====  ===================================
                Info (332115):      1.767      1.767  R        clock network delay
                Info (332115):      1.767      0.000     uTco  bladerf_core:U_core|nios_system:U_nios_system|axi_ad9361:axi_ad9361_0|axi_ad9361_rx:i_rx|axi_ad9361_rx_channel:i_rx_channel_2|up_adc_channel:i_up_adc_channel|up_xfer_cntrl:i_xfer_cntrl|up_xfer_data[59]
                Info (332115):      1.767      0.000 FF  CELL  U_core|U_nios_system|axi_ad9361_0|i_rx|i_rx_channel_2|i_up_adc_channel|i_xfer_cntrl|up_xfer_data[59]|q
                Info (332115):      2.268      0.501 FF    IC  U_core|U_nios_system|axi_ad9361_0|i_rx|i_rx_channel_2|i_up_adc_channel|i_xfer_cntrl|d_data_cntrl[59]~feeder|dataf
                Info (332115):      2.323      0.055 FF  CELL  U_core|U_nios_system|axi_ad9361_0|i_rx|i_rx_channel_2|i_up_adc_channel|i_xfer_cntrl|d_data_cntrl[59]~feeder|combout
                Info (332115):      2.323      0.000 FF    IC  U_core|U_nios_system|axi_ad9361_0|i_rx|i_rx_channel_2|i_up_adc_channel|i_xfer_cntrl|d_data_cntrl[59]|d
                Info (332115):      2.406      0.083 FF  CELL  bladerf_core:U_core|nios_system:U_nios_system|axi_ad9361:axi_ad9361_0|axi_ad9361_rx:i_rx|axi_ad9361_rx_channel:i_rx_channel_2|up_adc_channel:i_up_adc_channel|up_xfer_cntrl:i_xfer_cntrl|d_data_cntrl[59]
                Info (332115): Clock Arrival Path:
                Info (332115): Total (ns)  Incr (ns)     Type  Element
                Info (332115): ==========  ========= ==  ====  ===================================
                Info (332115):      6.361      6.361  R        clock network delay
                Info (332115):      6.521      0.160           clock uncertainty
                Info (332115):      6.521      0.000      uTh  bladerf_core:U_core|nios_system:U_nios_system|axi_ad9361:axi_ad9361_0|axi_ad9361_rx:i_rx|axi_ad9361_rx_channel:i_rx_channel_2|up_adc_channel:i_up_adc_channel|up_xfer_cntrl:i_xfer_cntrl|d_data_cntrl[59]
            Info (332181): Cross Path Clock Pessimism Removed : 2.800
            Info (332181): Required Skew   : 6.400
            Info (332181): Actual Skew     : 1.747
            Info (332181): Slack           : 4.653
        Info (332181): Path #87: Slack is 4.662 
            Info (332181): Latest Path Arrival
                Info (332115): From Node          : bladerf_core:U_core|nios_system:U_nios_system|axi_ad9361:axi_ad9361_0|axi_ad9361_rx:i_rx|axi_ad9361_rx_channel:i_rx_channel_2|up_adc_channel:i_up_adc_channel|up_xfer_cntrl:i_xfer_cntrl|up_xfer_data[28]
                Info (332115): To Node            : bladerf_core:U_core|nios_system:U_nios_system|axi_ad9361:axi_ad9361_0|axi_ad9361_rx:i_rx|axi_ad9361_rx_channel:i_rx_channel_2|up_adc_channel:i_up_adc_channel|up_xfer_cntrl:i_xfer_cntrl|d_data_cntrl[28]
                Info (332115): Launch Clock       : U_core|U_system_pll|altera_pll_i|general[0].gpll~PLL_OUTPUT_COUNTER|divclk
                Info (332115): Latch Clock        : U_core|U_nios_system|axi_ad9361_0|i_dev_if|i_rx|i_altlvds_rx|auto_generated|pll_sclk~PLL_OUTPUT_COUNTER|divclk
                Info (332115): Data Arrival Time  : 5.026
                Info (332115): Clock Arrival Time : 4.594
                Info (332115): Relative Delay     : 0.432
                Info (332115): Data Arrival Path:
                Info (332115): Total (ns)  Incr (ns)     Type  Element
                Info (332115): ==========  ========= ==  ====  ===================================
                Info (332115):      3.291      3.291  R        clock network delay
                Info (332115):      3.291      0.000     uTco  bladerf_core:U_core|nios_system:U_nios_system|axi_ad9361:axi_ad9361_0|axi_ad9361_rx:i_rx|axi_ad9361_rx_channel:i_rx_channel_2|up_adc_channel:i_up_adc_channel|up_xfer_cntrl:i_xfer_cntrl|up_xfer_data[28]
                Info (332115):      3.291      0.000 RR  CELL  U_core|U_nios_system|axi_ad9361_0|i_rx|i_rx_channel_2|i_up_adc_channel|i_xfer_cntrl|up_xfer_data[28]|q
                Info (332115):      4.297      1.006 RR    IC  U_core|U_nios_system|axi_ad9361_0|i_rx|i_rx_channel_2|i_up_adc_channel|i_xfer_cntrl|d_data_cntrl[28]|asdata
                Info (332115):      5.026      0.729 RR  CELL  bladerf_core:U_core|nios_system:U_nios_system|axi_ad9361:axi_ad9361_0|axi_ad9361_rx:i_rx|axi_ad9361_rx_channel:i_rx_channel_2|up_adc_channel:i_up_adc_channel|up_xfer_cntrl:i_xfer_cntrl|d_data_cntrl[28]
                Info (332115): Clock Arrival Path:
                Info (332115): Total (ns)  Incr (ns)     Type  Element
                Info (332115): ==========  ========= ==  ====  ===================================
                Info (332115):      4.754      4.754  R        clock network delay
                Info (332115):      4.594     -0.160           clock uncertainty
                Info (332115):      4.594      0.000     uTsu  bladerf_core:U_core|nios_system:U_nios_system|axi_ad9361:axi_ad9361_0|axi_ad9361_rx:i_rx|axi_ad9361_rx_channel:i_rx_channel_2|up_adc_channel:i_up_adc_channel|up_xfer_cntrl:i_xfer_cntrl|d_data_cntrl[28]
            Info (332181): Earliest Path Arrival
                Info (332115): From Node          : bladerf_core:U_core|nios_system:U_nios_system|axi_ad9361:axi_ad9361_0|axi_ad9361_rx:i_rx|axi_ad9361_rx_channel:i_rx_channel_2|up_adc_channel:i_up_adc_channel|up_xfer_cntrl:i_xfer_cntrl|up_xfer_data[2]
                Info (332115): To Node            : bladerf_core:U_core|nios_system:U_nios_system|axi_ad9361:axi_ad9361_0|axi_ad9361_rx:i_rx|axi_ad9361_rx_channel:i_rx_channel_2|up_adc_channel:i_up_adc_channel|up_xfer_cntrl:i_xfer_cntrl|d_data_cntrl[2]
                Info (332115): Launch Clock       : U_core|U_system_pll|altera_pll_i|general[0].gpll~PLL_OUTPUT_COUNTER|divclk
                Info (332115): Latch Clock        : U_core|U_nios_system|axi_ad9361_0|i_dev_if|i_rx|i_altlvds_rx|auto_generated|pll_sclk~PLL_OUTPUT_COUNTER|divclk
                Info (332115): Data Arrival Time  : 2.399
                Info (332115): Clock Arrival Time : 6.505
                Info (332115): Relative Delay     : -4.106
                Info (332115): Data Arrival Path:
                Info (332115): Total (ns)  Incr (ns)     Type  Element
                Info (332115): ==========  ========= ==  ====  ===================================
                Info (332115):      1.745      1.745  R        clock network delay
                Info (332115):      1.745      0.000     uTco  bladerf_core:U_core|nios_system:U_nios_system|axi_ad9361:axi_ad9361_0|axi_ad9361_rx:i_rx|axi_ad9361_rx_channel:i_rx_channel_2|up_adc_channel:i_up_adc_channel|up_xfer_cntrl:i_xfer_cntrl|up_xfer_data[2]
                Info (332115):      1.745      0.000 FF  CELL  U_core|U_nios_system|axi_ad9361_0|i_rx|i_rx_channel_2|i_up_adc_channel|i_xfer_cntrl|up_xfer_data[2]|q
                Info (332115):      2.030      0.285 FF    IC  U_core|U_nios_system|axi_ad9361_0|i_rx|i_rx_channel_2|i_up_adc_channel|i_xfer_cntrl|d_data_cntrl[2]|asdata
                Info (332115):      2.399      0.369 FF  CELL  bladerf_core:U_core|nios_system:U_nios_system|axi_ad9361:axi_ad9361_0|axi_ad9361_rx:i_rx|axi_ad9361_rx_channel:i_rx_channel_2|up_adc_channel:i_up_adc_channel|up_xfer_cntrl:i_xfer_cntrl|d_data_cntrl[2]
                Info (332115): Clock Arrival Path:
                Info (332115): Total (ns)  Incr (ns)     Type  Element
                Info (332115): ==========  ========= ==  ====  ===================================
                Info (332115):      6.345      6.345  R        clock network delay
                Info (332115):      6.505      0.160           clock uncertainty
                Info (332115):      6.505      0.000      uTh  bladerf_core:U_core|nios_system:U_nios_system|axi_ad9361:axi_ad9361_0|axi_ad9361_rx:i_rx|axi_ad9361_rx_channel:i_rx_channel_2|up_adc_channel:i_up_adc_channel|up_xfer_cntrl:i_xfer_cntrl|d_data_cntrl[2]
            Info (332181): Cross Path Clock Pessimism Removed : 2.800
            Info (332181): Required Skew   : 6.400
            Info (332181): Actual Skew     : 1.738
            Info (332181): Slack           : 4.662
        Info (332181): Path #88: Slack is 4.709 
            Info (332181): Latest Path Arrival
                Info (332115): From Node          : bladerf_core:U_core|nios_system:U_nios_system|axi_ad9361:axi_ad9361_0|axi_ad9361_rx:i_rx|axi_ad9361_rx_channel:i_rx_channel_2|up_adc_channel:i_up_adc_channel|up_xfer_cntrl:i_xfer_cntrl|up_xfer_data[28]
                Info (332115): To Node            : bladerf_core:U_core|nios_system:U_nios_system|axi_ad9361:axi_ad9361_0|axi_ad9361_rx:i_rx|axi_ad9361_rx_channel:i_rx_channel_2|up_adc_channel:i_up_adc_channel|up_xfer_cntrl:i_xfer_cntrl|d_data_cntrl[28]
                Info (332115): Launch Clock       : U_core|U_system_pll|altera_pll_i|general[0].gpll~PLL_OUTPUT_COUNTER|divclk
                Info (332115): Latch Clock        : U_core|U_nios_system|axi_ad9361_0|i_dev_if|i_rx|i_altlvds_rx|auto_generated|pll_sclk~PLL_OUTPUT_COUNTER|divclk
                Info (332115): Data Arrival Time  : 5.026
                Info (332115): Clock Arrival Time : 4.594
                Info (332115): Relative Delay     : 0.432
                Info (332115): Data Arrival Path:
                Info (332115): Total (ns)  Incr (ns)     Type  Element
                Info (332115): ==========  ========= ==  ====  ===================================
                Info (332115):      3.291      3.291  R        clock network delay
                Info (332115):      3.291      0.000     uTco  bladerf_core:U_core|nios_system:U_nios_system|axi_ad9361:axi_ad9361_0|axi_ad9361_rx:i_rx|axi_ad9361_rx_channel:i_rx_channel_2|up_adc_channel:i_up_adc_channel|up_xfer_cntrl:i_xfer_cntrl|up_xfer_data[28]
                Info (332115):      3.291      0.000 RR  CELL  U_core|U_nios_system|axi_ad9361_0|i_rx|i_rx_channel_2|i_up_adc_channel|i_xfer_cntrl|up_xfer_data[28]|q
                Info (332115):      4.297      1.006 RR    IC  U_core|U_nios_system|axi_ad9361_0|i_rx|i_rx_channel_2|i_up_adc_channel|i_xfer_cntrl|d_data_cntrl[28]|asdata
                Info (332115):      5.026      0.729 RR  CELL  bladerf_core:U_core|nios_system:U_nios_system|axi_ad9361:axi_ad9361_0|axi_ad9361_rx:i_rx|axi_ad9361_rx_channel:i_rx_channel_2|up_adc_channel:i_up_adc_channel|up_xfer_cntrl:i_xfer_cntrl|d_data_cntrl[28]
                Info (332115): Clock Arrival Path:
                Info (332115): Total (ns)  Incr (ns)     Type  Element
                Info (332115): ==========  ========= ==  ====  ===================================
                Info (332115):      4.754      4.754  R        clock network delay
                Info (332115):      4.594     -0.160           clock uncertainty
                Info (332115):      4.594      0.000     uTsu  bladerf_core:U_core|nios_system:U_nios_system|axi_ad9361:axi_ad9361_0|axi_ad9361_rx:i_rx|axi_ad9361_rx_channel:i_rx_channel_2|up_adc_channel:i_up_adc_channel|up_xfer_cntrl:i_xfer_cntrl|d_data_cntrl[28]
            Info (332181): Earliest Path Arrival
                Info (332115): From Node          : bladerf_core:U_core|nios_system:U_nios_system|axi_ad9361:axi_ad9361_0|axi_ad9361_rx:i_rx|axi_ad9361_rx_channel:i_rx_channel_2|up_adc_channel:i_up_adc_channel|up_xfer_cntrl:i_xfer_cntrl|up_xfer_data[62]
                Info (332115): To Node            : bladerf_core:U_core|nios_system:U_nios_system|axi_ad9361:axi_ad9361_0|axi_ad9361_rx:i_rx|axi_ad9361_rx_channel:i_rx_channel_2|up_adc_channel:i_up_adc_channel|up_xfer_cntrl:i_xfer_cntrl|d_data_cntrl[62]
                Info (332115): Launch Clock       : U_core|U_system_pll|altera_pll_i|general[0].gpll~PLL_OUTPUT_COUNTER|divclk
                Info (332115): Latch Clock        : U_core|U_nios_system|axi_ad9361_0|i_dev_if|i_rx|i_altlvds_rx|auto_generated|pll_sclk~PLL_OUTPUT_COUNTER|divclk
                Info (332115): Data Arrival Time  : 2.406
                Info (332115): Clock Arrival Time : 6.491
                Info (332115): Relative Delay     : -4.085
                Info (332115): Data Arrival Path:
                Info (332115): Total (ns)  Incr (ns)     Type  Element
                Info (332115): ==========  ========= ==  ====  ===================================
                Info (332115):      1.754      1.754  R        clock network delay
                Info (332115):      1.754      0.000     uTco  bladerf_core:U_core|nios_system:U_nios_system|axi_ad9361:axi_ad9361_0|axi_ad9361_rx:i_rx|axi_ad9361_rx_channel:i_rx_channel_2|up_adc_channel:i_up_adc_channel|up_xfer_cntrl:i_xfer_cntrl|up_xfer_data[62]
                Info (332115):      1.754      0.000 FF  CELL  U_core|U_nios_system|axi_ad9361_0|i_rx|i_rx_channel_2|i_up_adc_channel|i_xfer_cntrl|up_xfer_data[62]|q
                Info (332115):      2.038      0.284 FF    IC  U_core|U_nios_system|axi_ad9361_0|i_rx|i_rx_channel_2|i_up_adc_channel|i_xfer_cntrl|d_data_cntrl[62]|asdata
                Info (332115):      2.406      0.368 FF  CELL  bladerf_core:U_core|nios_system:U_nios_system|axi_ad9361:axi_ad9361_0|axi_ad9361_rx:i_rx|axi_ad9361_rx_channel:i_rx_channel_2|up_adc_channel:i_up_adc_channel|up_xfer_cntrl:i_xfer_cntrl|d_data_cntrl[62]
                Info (332115): Clock Arrival Path:
                Info (332115): Total (ns)  Incr (ns)     Type  Element
                Info (332115): ==========  ========= ==  ====  ===================================
                Info (332115):      6.331      6.331  R        clock network delay
                Info (332115):      6.491      0.160           clock uncertainty
                Info (332115):      6.491      0.000      uTh  bladerf_core:U_core|nios_system:U_nios_system|axi_ad9361:axi_ad9361_0|axi_ad9361_rx:i_rx|axi_ad9361_rx_channel:i_rx_channel_2|up_adc_channel:i_up_adc_channel|up_xfer_cntrl:i_xfer_cntrl|d_data_cntrl[62]
            Info (332181): Cross Path Clock Pessimism Removed : 2.826
            Info (332181): Required Skew   : 6.400
            Info (332181): Actual Skew     : 1.691
            Info (332181): Slack           : 4.709
Info (332115): Worst-case slack is 4.680 for "set_max_skew -from [get_keepers {*time_tamer:rx_tamer|handshake:U_current|source_holding[*]}] -to [get_keepers {*time_tamer:rx_tamer|current_time_q[*]}] 6.400 "
    Info (332181): Skew for the Latest Arrival
        Info (332181): Path #89: Slack is 4.680 
            Info (332181): Latest Path Arrival
                Info (332115): From Node          : bladerf_core:U_core|nios_system:U_nios_system|time_tamer:rx_tamer|handshake:U_current|source_holding[39]
                Info (332115): To Node            : bladerf_core:U_core|nios_system:U_nios_system|time_tamer:rx_tamer|current_time_q[39]
                Info (332115): Launch Clock       : U_core|U_nios_system|axi_ad9361_0|i_dev_if|i_rx|i_altlvds_rx|auto_generated|pll_sclk~PLL_OUTPUT_COUNTER|divclk
                Info (332115): Latch Clock        : U_core|U_system_pll|altera_pll_i|general[0].gpll~PLL_OUTPUT_COUNTER|divclk
                Info (332115): Data Arrival Time  : 8.207
                Info (332115): Clock Arrival Time : 1.652
                Info (332115): Relative Delay     : 6.555
                Info (332115): Data Arrival Path:
                Info (332115): Total (ns)  Incr (ns)     Type  Element
                Info (332115): ==========  ========= ==  ====  ===================================
                Info (332115):      6.357      6.357  R        clock network delay
                Info (332115):      6.357      0.000     uTco  bladerf_core:U_core|nios_system:U_nios_system|time_tamer:rx_tamer|handshake:U_current|source_holding[39]
                Info (332115):      6.357      0.000 FF  CELL  U_core|U_nios_system|rx_tamer|U_current|source_holding[39]|q
                Info (332115):      7.548      1.191 FF    IC  U_core|U_nios_system|rx_tamer|current_time_q[39]|asdata
                Info (332115):      8.207      0.659 FF  CELL  bladerf_core:U_core|nios_system:U_nios_system|time_tamer:rx_tamer|current_time_q[39]
                Info (332115): Clock Arrival Path:
                Info (332115): Total (ns)  Incr (ns)     Type  Element
                Info (332115): ==========  ========= ==  ====  ===================================
                Info (332115):      1.812      1.812  R        clock network delay
                Info (332115):      1.652     -0.160           clock uncertainty
                Info (332115):      1.652      0.000     uTsu  bladerf_core:U_core|nios_system:U_nios_system|time_tamer:rx_tamer|current_time_q[39]
            Info (332181): Earliest Path Arrival
                Info (332115): From Node          : bladerf_core:U_core|nios_system:U_nios_system|time_tamer:rx_tamer|handshake:U_current|source_holding[1]
                Info (332115): To Node            : bladerf_core:U_core|nios_system:U_nios_system|time_tamer:rx_tamer|current_time_q[1]
                Info (332115): Launch Clock       : U_core|U_nios_system|axi_ad9361_0|i_dev_if|i_rx|i_altlvds_rx|auto_generated|pll_sclk~PLL_OUTPUT_COUNTER|divclk
                Info (332115): Latch Clock        : U_core|U_system_pll|altera_pll_i|general[0].gpll~PLL_OUTPUT_COUNTER|divclk
                Info (332115): Data Arrival Time  : 5.500
                Info (332115): Clock Arrival Time : 3.494
                Info (332115): Relative Delay     : 2.006
                Info (332115): Data Arrival Path:
                Info (332115): Total (ns)  Incr (ns)     Type  Element
                Info (332115): ==========  ========= ==  ====  ===================================
                Info (332115):      4.748      4.748  R        clock network delay
                Info (332115):      4.748      0.000     uTco  bladerf_core:U_core|nios_system:U_nios_system|time_tamer:rx_tamer|handshake:U_current|source_holding[1]
                Info (332115):      4.748      0.000 FF  CELL  U_core|U_nios_system|rx_tamer|U_current|source_holding[1]|q
                Info (332115):      5.026      0.278 FF    IC  U_core|U_nios_system|rx_tamer|current_time_q[1]~feeder|datac
                Info (332115):      5.417      0.391 FF  CELL  U_core|U_nios_system|rx_tamer|current_time_q[1]~feeder|combout
                Info (332115):      5.417      0.000 FF    IC  U_core|U_nios_system|rx_tamer|current_time_q[1]|d
                Info (332115):      5.500      0.083 FF  CELL  bladerf_core:U_core|nios_system:U_nios_system|time_tamer:rx_tamer|current_time_q[1]
                Info (332115): Clock Arrival Path:
                Info (332115): Total (ns)  Incr (ns)     Type  Element
                Info (332115): ==========  ========= ==  ====  ===================================
                Info (332115):      3.334      3.334  R        clock network delay
                Info (332115):      3.494      0.160           clock uncertainty
                Info (332115):      3.494      0.000      uTh  bladerf_core:U_core|nios_system:U_nios_system|time_tamer:rx_tamer|current_time_q[1]
            Info (332181): Cross Path Clock Pessimism Removed : 2.829
            Info (332181): Required Skew   : 6.400
            Info (332181): Actual Skew     : 1.720
            Info (332181): Slack           : 4.680
        Info (332181): Path #90: Slack is 4.799 
            Info (332181): Latest Path Arrival
                Info (332115): From Node          : bladerf_core:U_core|nios_system:U_nios_system|time_tamer:rx_tamer|handshake:U_current|source_holding[49]
                Info (332115): To Node            : bladerf_core:U_core|nios_system:U_nios_system|time_tamer:rx_tamer|current_time_q[49]
                Info (332115): Launch Clock       : U_core|U_nios_system|axi_ad9361_0|i_dev_if|i_rx|i_altlvds_rx|auto_generated|pll_sclk~PLL_OUTPUT_COUNTER|divclk
                Info (332115): Latch Clock        : U_core|U_system_pll|altera_pll_i|general[0].gpll~PLL_OUTPUT_COUNTER|divclk
                Info (332115): Data Arrival Time  : 8.107
                Info (332115): Clock Arrival Time : 1.646
                Info (332115): Relative Delay     : 6.461
                Info (332115): Data Arrival Path:
                Info (332115): Total (ns)  Incr (ns)     Type  Element
                Info (332115): ==========  ========= ==  ====  ===================================
                Info (332115):      6.351      6.351  R        clock network delay
                Info (332115):      6.351      0.000     uTco  bladerf_core:U_core|nios_system:U_nios_system|time_tamer:rx_tamer|handshake:U_current|source_holding[49]
                Info (332115):      6.351      0.000 FF  CELL  U_core|U_nios_system|rx_tamer|U_current|source_holding[49]|q
                Info (332115):      7.378      1.027 FF    IC  U_core|U_nios_system|rx_tamer|current_time_q[49]|asdata
                Info (332115):      8.107      0.729 FF  CELL  bladerf_core:U_core|nios_system:U_nios_system|time_tamer:rx_tamer|current_time_q[49]
                Info (332115): Clock Arrival Path:
                Info (332115): Total (ns)  Incr (ns)     Type  Element
                Info (332115): ==========  ========= ==  ====  ===================================
                Info (332115):      1.806      1.806  R        clock network delay
                Info (332115):      1.646     -0.160           clock uncertainty
                Info (332115):      1.646      0.000     uTsu  bladerf_core:U_core|nios_system:U_nios_system|time_tamer:rx_tamer|current_time_q[49]
            Info (332181): Earliest Path Arrival
                Info (332115): From Node          : bladerf_core:U_core|nios_system:U_nios_system|time_tamer:rx_tamer|handshake:U_current|source_holding[1]
                Info (332115): To Node            : bladerf_core:U_core|nios_system:U_nios_system|time_tamer:rx_tamer|current_time_q[1]
                Info (332115): Launch Clock       : U_core|U_nios_system|axi_ad9361_0|i_dev_if|i_rx|i_altlvds_rx|auto_generated|pll_sclk~PLL_OUTPUT_COUNTER|divclk
                Info (332115): Latch Clock        : U_core|U_system_pll|altera_pll_i|general[0].gpll~PLL_OUTPUT_COUNTER|divclk
                Info (332115): Data Arrival Time  : 5.500
                Info (332115): Clock Arrival Time : 3.494
                Info (332115): Relative Delay     : 2.006
                Info (332115): Data Arrival Path:
                Info (332115): Total (ns)  Incr (ns)     Type  Element
                Info (332115): ==========  ========= ==  ====  ===================================
                Info (332115):      4.748      4.748  R        clock network delay
                Info (332115):      4.748      0.000     uTco  bladerf_core:U_core|nios_system:U_nios_system|time_tamer:rx_tamer|handshake:U_current|source_holding[1]
                Info (332115):      4.748      0.000 FF  CELL  U_core|U_nios_system|rx_tamer|U_current|source_holding[1]|q
                Info (332115):      5.026      0.278 FF    IC  U_core|U_nios_system|rx_tamer|current_time_q[1]~feeder|datac
                Info (332115):      5.417      0.391 FF  CELL  U_core|U_nios_system|rx_tamer|current_time_q[1]~feeder|combout
                Info (332115):      5.417      0.000 FF    IC  U_core|U_nios_system|rx_tamer|current_time_q[1]|d
                Info (332115):      5.500      0.083 FF  CELL  bladerf_core:U_core|nios_system:U_nios_system|time_tamer:rx_tamer|current_time_q[1]
                Info (332115): Clock Arrival Path:
                Info (332115): Total (ns)  Incr (ns)     Type  Element
                Info (332115): ==========  ========= ==  ====  ===================================
                Info (332115):      3.334      3.334  R        clock network delay
                Info (332115):      3.494      0.160           clock uncertainty
                Info (332115):      3.494      0.000      uTh  bladerf_core:U_core|nios_system:U_nios_system|time_tamer:rx_tamer|current_time_q[1]
            Info (332181): Cross Path Clock Pessimism Removed : 2.854
            Info (332181): Required Skew   : 6.400
            Info (332181): Actual Skew     : 1.601
            Info (332181): Slack           : 4.799
        Info (332181): Path #91: Slack is 4.806 
            Info (332181): Latest Path Arrival
                Info (332115): From Node          : bladerf_core:U_core|nios_system:U_nios_system|time_tamer:rx_tamer|handshake:U_current|source_holding[28]
                Info (332115): To Node            : bladerf_core:U_core|nios_system:U_nios_system|time_tamer:rx_tamer|current_time_q[28]
                Info (332115): Launch Clock       : U_core|U_nios_system|axi_ad9361_0|i_dev_if|i_rx|i_altlvds_rx|auto_generated|pll_sclk~PLL_OUTPUT_COUNTER|divclk
                Info (332115): Latch Clock        : U_core|U_system_pll|altera_pll_i|general[0].gpll~PLL_OUTPUT_COUNTER|divclk
                Info (332115): Data Arrival Time  : 8.081
                Info (332115): Clock Arrival Time : 1.652
                Info (332115): Relative Delay     : 6.429
                Info (332115): Data Arrival Path:
                Info (332115): Total (ns)  Incr (ns)     Type  Element
                Info (332115): ==========  ========= ==  ====  ===================================
                Info (332115):      6.359      6.359  R        clock network delay
                Info (332115):      6.359      0.000     uTco  bladerf_core:U_core|nios_system:U_nios_system|time_tamer:rx_tamer|handshake:U_current|source_holding[28]
                Info (332115):      6.359      0.000 FF  CELL  U_core|U_nios_system|rx_tamer|U_current|source_holding[28]|q
                Info (332115):      7.422      1.063 FF    IC  U_core|U_nios_system|rx_tamer|current_time_q[28]|asdata
                Info (332115):      8.081      0.659 FF  CELL  bladerf_core:U_core|nios_system:U_nios_system|time_tamer:rx_tamer|current_time_q[28]
                Info (332115): Clock Arrival Path:
                Info (332115): Total (ns)  Incr (ns)     Type  Element
                Info (332115): ==========  ========= ==  ====  ===================================
                Info (332115):      1.812      1.812  R        clock network delay
                Info (332115):      1.652     -0.160           clock uncertainty
                Info (332115):      1.652      0.000     uTsu  bladerf_core:U_core|nios_system:U_nios_system|time_tamer:rx_tamer|current_time_q[28]
            Info (332181): Earliest Path Arrival
                Info (332115): From Node          : bladerf_core:U_core|nios_system:U_nios_system|time_tamer:rx_tamer|handshake:U_current|source_holding[1]
                Info (332115): To Node            : bladerf_core:U_core|nios_system:U_nios_system|time_tamer:rx_tamer|current_time_q[1]
                Info (332115): Launch Clock       : U_core|U_nios_system|axi_ad9361_0|i_dev_if|i_rx|i_altlvds_rx|auto_generated|pll_sclk~PLL_OUTPUT_COUNTER|divclk
                Info (332115): Latch Clock        : U_core|U_system_pll|altera_pll_i|general[0].gpll~PLL_OUTPUT_COUNTER|divclk
                Info (332115): Data Arrival Time  : 5.500
                Info (332115): Clock Arrival Time : 3.494
                Info (332115): Relative Delay     : 2.006
                Info (332115): Data Arrival Path:
                Info (332115): Total (ns)  Incr (ns)     Type  Element
                Info (332115): ==========  ========= ==  ====  ===================================
                Info (332115):      4.748      4.748  R        clock network delay
                Info (332115):      4.748      0.000     uTco  bladerf_core:U_core|nios_system:U_nios_system|time_tamer:rx_tamer|handshake:U_current|source_holding[1]
                Info (332115):      4.748      0.000 FF  CELL  U_core|U_nios_system|rx_tamer|U_current|source_holding[1]|q
                Info (332115):      5.026      0.278 FF    IC  U_core|U_nios_system|rx_tamer|current_time_q[1]~feeder|datac
                Info (332115):      5.417      0.391 FF  CELL  U_core|U_nios_system|rx_tamer|current_time_q[1]~feeder|combout
                Info (332115):      5.417      0.000 FF    IC  U_core|U_nios_system|rx_tamer|current_time_q[1]|d
                Info (332115):      5.500      0.083 FF  CELL  bladerf_core:U_core|nios_system:U_nios_system|time_tamer:rx_tamer|current_time_q[1]
                Info (332115): Clock Arrival Path:
                Info (332115): Total (ns)  Incr (ns)     Type  Element
                Info (332115): ==========  ========= ==  ====  ===================================
                Info (332115):      3.334      3.334  R        clock network delay
                Info (332115):      3.494      0.160           clock uncertainty
                Info (332115):      3.494      0.000      uTh  bladerf_core:U_core|nios_system:U_nios_system|time_tamer:rx_tamer|current_time_q[1]
            Info (332181): Cross Path Clock Pessimism Removed : 2.829
            Info (332181): Required Skew   : 6.400
            Info (332181): Actual Skew     : 1.594
            Info (332181): Slack           : 4.806
        Info (332181): Path #92: Slack is 4.850 
            Info (332181): Latest Path Arrival
                Info (332115): From Node          : bladerf_core:U_core|nios_system:U_nios_system|time_tamer:rx_tamer|handshake:U_current|source_holding[38]
                Info (332115): To Node            : bladerf_core:U_core|nios_system:U_nios_system|time_tamer:rx_tamer|current_time_q[38]
                Info (332115): Launch Clock       : U_core|U_nios_system|axi_ad9361_0|i_dev_if|i_rx|i_altlvds_rx|auto_generated|pll_sclk~PLL_OUTPUT_COUNTER|divclk
                Info (332115): Latch Clock        : U_core|U_system_pll|altera_pll_i|general[0].gpll~PLL_OUTPUT_COUNTER|divclk
                Info (332115): Data Arrival Time  : 8.037
                Info (332115): Clock Arrival Time : 1.652
                Info (332115): Relative Delay     : 6.385
                Info (332115): Data Arrival Path:
                Info (332115): Total (ns)  Incr (ns)     Type  Element
                Info (332115): ==========  ========= ==  ====  ===================================
                Info (332115):      6.339      6.339  R        clock network delay
                Info (332115):      6.339      0.000     uTco  bladerf_core:U_core|nios_system:U_nios_system|time_tamer:rx_tamer|handshake:U_current|source_holding[38]
                Info (332115):      6.339      0.000 FF  CELL  U_core|U_nios_system|rx_tamer|U_current|source_holding[38]|q
                Info (332115):      7.311      0.972 FF    IC  U_core|U_nios_system|rx_tamer|current_time_q[38]|asdata
                Info (332115):      8.037      0.726 FF  CELL  bladerf_core:U_core|nios_system:U_nios_system|time_tamer:rx_tamer|current_time_q[38]
                Info (332115): Clock Arrival Path:
                Info (332115): Total (ns)  Incr (ns)     Type  Element
                Info (332115): ==========  ========= ==  ====  ===================================
                Info (332115):      1.812      1.812  R        clock network delay
                Info (332115):      1.652     -0.160           clock uncertainty
                Info (332115):      1.652      0.000     uTsu  bladerf_core:U_core|nios_system:U_nios_system|time_tamer:rx_tamer|current_time_q[38]
            Info (332181): Earliest Path Arrival
                Info (332115): From Node          : bladerf_core:U_core|nios_system:U_nios_system|time_tamer:rx_tamer|handshake:U_current|source_holding[1]
                Info (332115): To Node            : bladerf_core:U_core|nios_system:U_nios_system|time_tamer:rx_tamer|current_time_q[1]
                Info (332115): Launch Clock       : U_core|U_nios_system|axi_ad9361_0|i_dev_if|i_rx|i_altlvds_rx|auto_generated|pll_sclk~PLL_OUTPUT_COUNTER|divclk
                Info (332115): Latch Clock        : U_core|U_system_pll|altera_pll_i|general[0].gpll~PLL_OUTPUT_COUNTER|divclk
                Info (332115): Data Arrival Time  : 5.500
                Info (332115): Clock Arrival Time : 3.494
                Info (332115): Relative Delay     : 2.006
                Info (332115): Data Arrival Path:
                Info (332115): Total (ns)  Incr (ns)     Type  Element
                Info (332115): ==========  ========= ==  ====  ===================================
                Info (332115):      4.748      4.748  R        clock network delay
                Info (332115):      4.748      0.000     uTco  bladerf_core:U_core|nios_system:U_nios_system|time_tamer:rx_tamer|handshake:U_current|source_holding[1]
                Info (332115):      4.748      0.000 FF  CELL  U_core|U_nios_system|rx_tamer|U_current|source_holding[1]|q
                Info (332115):      5.026      0.278 FF    IC  U_core|U_nios_system|rx_tamer|current_time_q[1]~feeder|datac
                Info (332115):      5.417      0.391 FF  CELL  U_core|U_nios_system|rx_tamer|current_time_q[1]~feeder|combout
                Info (332115):      5.417      0.000 FF    IC  U_core|U_nios_system|rx_tamer|current_time_q[1]|d
                Info (332115):      5.500      0.083 FF  CELL  bladerf_core:U_core|nios_system:U_nios_system|time_tamer:rx_tamer|current_time_q[1]
                Info (332115): Clock Arrival Path:
                Info (332115): Total (ns)  Incr (ns)     Type  Element
                Info (332115): ==========  ========= ==  ====  ===================================
                Info (332115):      3.334      3.334  R        clock network delay
                Info (332115):      3.494      0.160           clock uncertainty
                Info (332115):      3.494      0.000      uTh  bladerf_core:U_core|nios_system:U_nios_system|time_tamer:rx_tamer|current_time_q[1]
            Info (332181): Cross Path Clock Pessimism Removed : 2.829
            Info (332181): Required Skew   : 6.400
            Info (332181): Actual Skew     : 1.550
            Info (332181): Slack           : 4.850
    Info (332181): Skew for the Earliest Arrival
        Info (332181): Path #93: Slack is 4.680 
            Info (332181): Latest Path Arrival
                Info (332115): From Node          : bladerf_core:U_core|nios_system:U_nios_system|time_tamer:rx_tamer|handshake:U_current|source_holding[39]
                Info (332115): To Node            : bladerf_core:U_core|nios_system:U_nios_system|time_tamer:rx_tamer|current_time_q[39]
                Info (332115): Launch Clock       : U_core|U_nios_system|axi_ad9361_0|i_dev_if|i_rx|i_altlvds_rx|auto_generated|pll_sclk~PLL_OUTPUT_COUNTER|divclk
                Info (332115): Latch Clock        : U_core|U_system_pll|altera_pll_i|general[0].gpll~PLL_OUTPUT_COUNTER|divclk
                Info (332115): Data Arrival Time  : 8.207
                Info (332115): Clock Arrival Time : 1.652
                Info (332115): Relative Delay     : 6.555
                Info (332115): Data Arrival Path:
                Info (332115): Total (ns)  Incr (ns)     Type  Element
                Info (332115): ==========  ========= ==  ====  ===================================
                Info (332115):      6.357      6.357  R        clock network delay
                Info (332115):      6.357      0.000     uTco  bladerf_core:U_core|nios_system:U_nios_system|time_tamer:rx_tamer|handshake:U_current|source_holding[39]
                Info (332115):      6.357      0.000 FF  CELL  U_core|U_nios_system|rx_tamer|U_current|source_holding[39]|q
                Info (332115):      7.548      1.191 FF    IC  U_core|U_nios_system|rx_tamer|current_time_q[39]|asdata
                Info (332115):      8.207      0.659 FF  CELL  bladerf_core:U_core|nios_system:U_nios_system|time_tamer:rx_tamer|current_time_q[39]
                Info (332115): Clock Arrival Path:
                Info (332115): Total (ns)  Incr (ns)     Type  Element
                Info (332115): ==========  ========= ==  ====  ===================================
                Info (332115):      1.812      1.812  R        clock network delay
                Info (332115):      1.652     -0.160           clock uncertainty
                Info (332115):      1.652      0.000     uTsu  bladerf_core:U_core|nios_system:U_nios_system|time_tamer:rx_tamer|current_time_q[39]
            Info (332181): Earliest Path Arrival
                Info (332115): From Node          : bladerf_core:U_core|nios_system:U_nios_system|time_tamer:rx_tamer|handshake:U_current|source_holding[1]
                Info (332115): To Node            : bladerf_core:U_core|nios_system:U_nios_system|time_tamer:rx_tamer|current_time_q[1]
                Info (332115): Launch Clock       : U_core|U_nios_system|axi_ad9361_0|i_dev_if|i_rx|i_altlvds_rx|auto_generated|pll_sclk~PLL_OUTPUT_COUNTER|divclk
                Info (332115): Latch Clock        : U_core|U_system_pll|altera_pll_i|general[0].gpll~PLL_OUTPUT_COUNTER|divclk
                Info (332115): Data Arrival Time  : 5.500
                Info (332115): Clock Arrival Time : 3.494
                Info (332115): Relative Delay     : 2.006
                Info (332115): Data Arrival Path:
                Info (332115): Total (ns)  Incr (ns)     Type  Element
                Info (332115): ==========  ========= ==  ====  ===================================
                Info (332115):      4.748      4.748  R        clock network delay
                Info (332115):      4.748      0.000     uTco  bladerf_core:U_core|nios_system:U_nios_system|time_tamer:rx_tamer|handshake:U_current|source_holding[1]
                Info (332115):      4.748      0.000 FF  CELL  U_core|U_nios_system|rx_tamer|U_current|source_holding[1]|q
                Info (332115):      5.026      0.278 FF    IC  U_core|U_nios_system|rx_tamer|current_time_q[1]~feeder|datac
                Info (332115):      5.417      0.391 FF  CELL  U_core|U_nios_system|rx_tamer|current_time_q[1]~feeder|combout
                Info (332115):      5.417      0.000 FF    IC  U_core|U_nios_system|rx_tamer|current_time_q[1]|d
                Info (332115):      5.500      0.083 FF  CELL  bladerf_core:U_core|nios_system:U_nios_system|time_tamer:rx_tamer|current_time_q[1]
                Info (332115): Clock Arrival Path:
                Info (332115): Total (ns)  Incr (ns)     Type  Element
                Info (332115): ==========  ========= ==  ====  ===================================
                Info (332115):      3.334      3.334  R        clock network delay
                Info (332115):      3.494      0.160           clock uncertainty
                Info (332115):      3.494      0.000      uTh  bladerf_core:U_core|nios_system:U_nios_system|time_tamer:rx_tamer|current_time_q[1]
            Info (332181): Cross Path Clock Pessimism Removed : 2.829
            Info (332181): Required Skew   : 6.400
            Info (332181): Actual Skew     : 1.720
            Info (332181): Slack           : 4.680
        Info (332181): Path #94: Slack is 4.693 
            Info (332181): Latest Path Arrival
                Info (332115): From Node          : bladerf_core:U_core|nios_system:U_nios_system|time_tamer:rx_tamer|handshake:U_current|source_holding[39]
                Info (332115): To Node            : bladerf_core:U_core|nios_system:U_nios_system|time_tamer:rx_tamer|current_time_q[39]
                Info (332115): Launch Clock       : U_core|U_nios_system|axi_ad9361_0|i_dev_if|i_rx|i_altlvds_rx|auto_generated|pll_sclk~PLL_OUTPUT_COUNTER|divclk
                Info (332115): Latch Clock        : U_core|U_system_pll|altera_pll_i|general[0].gpll~PLL_OUTPUT_COUNTER|divclk
                Info (332115): Data Arrival Time  : 8.207
                Info (332115): Clock Arrival Time : 1.652
                Info (332115): Relative Delay     : 6.555
                Info (332115): Data Arrival Path:
                Info (332115): Total (ns)  Incr (ns)     Type  Element
                Info (332115): ==========  ========= ==  ====  ===================================
                Info (332115):      6.357      6.357  R        clock network delay
                Info (332115):      6.357      0.000     uTco  bladerf_core:U_core|nios_system:U_nios_system|time_tamer:rx_tamer|handshake:U_current|source_holding[39]
                Info (332115):      6.357      0.000 FF  CELL  U_core|U_nios_system|rx_tamer|U_current|source_holding[39]|q
                Info (332115):      7.548      1.191 FF    IC  U_core|U_nios_system|rx_tamer|current_time_q[39]|asdata
                Info (332115):      8.207      0.659 FF  CELL  bladerf_core:U_core|nios_system:U_nios_system|time_tamer:rx_tamer|current_time_q[39]
                Info (332115): Clock Arrival Path:
                Info (332115): Total (ns)  Incr (ns)     Type  Element
                Info (332115): ==========  ========= ==  ====  ===================================
                Info (332115):      1.812      1.812  R        clock network delay
                Info (332115):      1.652     -0.160           clock uncertainty
                Info (332115):      1.652      0.000     uTsu  bladerf_core:U_core|nios_system:U_nios_system|time_tamer:rx_tamer|current_time_q[39]
            Info (332181): Earliest Path Arrival
                Info (332115): From Node          : bladerf_core:U_core|nios_system:U_nios_system|time_tamer:rx_tamer|handshake:U_current|source_holding[7]
                Info (332115): To Node            : bladerf_core:U_core|nios_system:U_nios_system|time_tamer:rx_tamer|current_time_q[7]
                Info (332115): Launch Clock       : U_core|U_nios_system|axi_ad9361_0|i_dev_if|i_rx|i_altlvds_rx|auto_generated|pll_sclk~PLL_OUTPUT_COUNTER|divclk
                Info (332115): Latch Clock        : U_core|U_system_pll|altera_pll_i|general[0].gpll~PLL_OUTPUT_COUNTER|divclk
                Info (332115): Data Arrival Time  : 5.507
                Info (332115): Clock Arrival Time : 3.488
                Info (332115): Relative Delay     : 2.019
                Info (332115): Data Arrival Path:
                Info (332115): Total (ns)  Incr (ns)     Type  Element
                Info (332115): ==========  ========= ==  ====  ===================================
                Info (332115):      4.748      4.748  R        clock network delay
                Info (332115):      4.748      0.000     uTco  bladerf_core:U_core|nios_system:U_nios_system|time_tamer:rx_tamer|handshake:U_current|source_holding[7]
                Info (332115):      4.748      0.000 FF  CELL  U_core|U_nios_system|rx_tamer|U_current|source_holding[7]|q
                Info (332115):      5.032      0.284 FF    IC  U_core|U_nios_system|rx_tamer|current_time_q[7]~feeder|datac
                Info (332115):      5.423      0.391 FF  CELL  U_core|U_nios_system|rx_tamer|current_time_q[7]~feeder|combout
                Info (332115):      5.423      0.000 FF    IC  U_core|U_nios_system|rx_tamer|current_time_q[7]|d
                Info (332115):      5.507      0.084 FF  CELL  bladerf_core:U_core|nios_system:U_nios_system|time_tamer:rx_tamer|current_time_q[7]
                Info (332115): Clock Arrival Path:
                Info (332115): Total (ns)  Incr (ns)     Type  Element
                Info (332115): ==========  ========= ==  ====  ===================================
                Info (332115):      3.328      3.328  R        clock network delay
                Info (332115):      3.488      0.160           clock uncertainty
                Info (332115):      3.488      0.000      uTh  bladerf_core:U_core|nios_system:U_nios_system|time_tamer:rx_tamer|current_time_q[7]
            Info (332181): Cross Path Clock Pessimism Removed : 2.829
            Info (332181): Required Skew   : 6.400
            Info (332181): Actual Skew     : 1.707
            Info (332181): Slack           : 4.693
        Info (332181): Path #95: Slack is 4.790 
            Info (332181): Latest Path Arrival
                Info (332115): From Node          : bladerf_core:U_core|nios_system:U_nios_system|time_tamer:rx_tamer|handshake:U_current|source_holding[39]
                Info (332115): To Node            : bladerf_core:U_core|nios_system:U_nios_system|time_tamer:rx_tamer|current_time_q[39]
                Info (332115): Launch Clock       : U_core|U_nios_system|axi_ad9361_0|i_dev_if|i_rx|i_altlvds_rx|auto_generated|pll_sclk~PLL_OUTPUT_COUNTER|divclk
                Info (332115): Latch Clock        : U_core|U_system_pll|altera_pll_i|general[0].gpll~PLL_OUTPUT_COUNTER|divclk
                Info (332115): Data Arrival Time  : 8.207
                Info (332115): Clock Arrival Time : 1.652
                Info (332115): Relative Delay     : 6.555
                Info (332115): Data Arrival Path:
                Info (332115): Total (ns)  Incr (ns)     Type  Element
                Info (332115): ==========  ========= ==  ====  ===================================
                Info (332115):      6.357      6.357  R        clock network delay
                Info (332115):      6.357      0.000     uTco  bladerf_core:U_core|nios_system:U_nios_system|time_tamer:rx_tamer|handshake:U_current|source_holding[39]
                Info (332115):      6.357      0.000 FF  CELL  U_core|U_nios_system|rx_tamer|U_current|source_holding[39]|q
                Info (332115):      7.548      1.191 FF    IC  U_core|U_nios_system|rx_tamer|current_time_q[39]|asdata
                Info (332115):      8.207      0.659 FF  CELL  bladerf_core:U_core|nios_system:U_nios_system|time_tamer:rx_tamer|current_time_q[39]
                Info (332115): Clock Arrival Path:
                Info (332115): Total (ns)  Incr (ns)     Type  Element
                Info (332115): ==========  ========= ==  ====  ===================================
                Info (332115):      1.812      1.812  R        clock network delay
                Info (332115):      1.652     -0.160           clock uncertainty
                Info (332115):      1.652      0.000     uTsu  bladerf_core:U_core|nios_system:U_nios_system|time_tamer:rx_tamer|current_time_q[39]
            Info (332181): Earliest Path Arrival
                Info (332115): From Node          : bladerf_core:U_core|nios_system:U_nios_system|time_tamer:rx_tamer|handshake:U_current|source_holding[47]
                Info (332115): To Node            : bladerf_core:U_core|nios_system:U_nios_system|time_tamer:rx_tamer|current_time_q[47]
                Info (332115): Launch Clock       : U_core|U_nios_system|axi_ad9361_0|i_dev_if|i_rx|i_altlvds_rx|auto_generated|pll_sclk~PLL_OUTPUT_COUNTER|divclk
                Info (332115): Latch Clock        : U_core|U_system_pll|altera_pll_i|general[0].gpll~PLL_OUTPUT_COUNTER|divclk
                Info (332115): Data Arrival Time  : 5.609
                Info (332115): Clock Arrival Time : 3.493
                Info (332115): Relative Delay     : 2.116
                Info (332115): Data Arrival Path:
                Info (332115): Total (ns)  Incr (ns)     Type  Element
                Info (332115): ==========  ========= ==  ====  ===================================
                Info (332115):      4.752      4.752  R        clock network delay
                Info (332115):      4.752      0.000     uTco  bladerf_core:U_core|nios_system:U_nios_system|time_tamer:rx_tamer|handshake:U_current|source_holding[47]
                Info (332115):      4.752      0.000 FF  CELL  U_core|U_nios_system|rx_tamer|U_current|source_holding[47]|q
                Info (332115):      5.241      0.489 FF    IC  U_core|U_nios_system|rx_tamer|current_time_q[47]|asdata
                Info (332115):      5.609      0.368 FF  CELL  bladerf_core:U_core|nios_system:U_nios_system|time_tamer:rx_tamer|current_time_q[47]
                Info (332115): Clock Arrival Path:
                Info (332115): Total (ns)  Incr (ns)     Type  Element
                Info (332115): ==========  ========= ==  ====  ===================================
                Info (332115):      3.333      3.333  R        clock network delay
                Info (332115):      3.493      0.160           clock uncertainty
                Info (332115):      3.493      0.000      uTh  bladerf_core:U_core|nios_system:U_nios_system|time_tamer:rx_tamer|current_time_q[47]
            Info (332181): Cross Path Clock Pessimism Removed : 2.829
            Info (332181): Required Skew   : 6.400
            Info (332181): Actual Skew     : 1.610
            Info (332181): Slack           : 4.790
        Info (332181): Path #96: Slack is 4.803 
            Info (332181): Latest Path Arrival
                Info (332115): From Node          : bladerf_core:U_core|nios_system:U_nios_system|time_tamer:rx_tamer|handshake:U_current|source_holding[39]
                Info (332115): To Node            : bladerf_core:U_core|nios_system:U_nios_system|time_tamer:rx_tamer|current_time_q[39]
                Info (332115): Launch Clock       : U_core|U_nios_system|axi_ad9361_0|i_dev_if|i_rx|i_altlvds_rx|auto_generated|pll_sclk~PLL_OUTPUT_COUNTER|divclk
                Info (332115): Latch Clock        : U_core|U_system_pll|altera_pll_i|general[0].gpll~PLL_OUTPUT_COUNTER|divclk
                Info (332115): Data Arrival Time  : 8.207
                Info (332115): Clock Arrival Time : 1.652
                Info (332115): Relative Delay     : 6.555
                Info (332115): Data Arrival Path:
                Info (332115): Total (ns)  Incr (ns)     Type  Element
                Info (332115): ==========  ========= ==  ====  ===================================
                Info (332115):      6.357      6.357  R        clock network delay
                Info (332115):      6.357      0.000     uTco  bladerf_core:U_core|nios_system:U_nios_system|time_tamer:rx_tamer|handshake:U_current|source_holding[39]
                Info (332115):      6.357      0.000 FF  CELL  U_core|U_nios_system|rx_tamer|U_current|source_holding[39]|q
                Info (332115):      7.548      1.191 FF    IC  U_core|U_nios_system|rx_tamer|current_time_q[39]|asdata
                Info (332115):      8.207      0.659 FF  CELL  bladerf_core:U_core|nios_system:U_nios_system|time_tamer:rx_tamer|current_time_q[39]
                Info (332115): Clock Arrival Path:
                Info (332115): Total (ns)  Incr (ns)     Type  Element
                Info (332115): ==========  ========= ==  ====  ===================================
                Info (332115):      1.812      1.812  R        clock network delay
                Info (332115):      1.652     -0.160           clock uncertainty
                Info (332115):      1.652      0.000     uTsu  bladerf_core:U_core|nios_system:U_nios_system|time_tamer:rx_tamer|current_time_q[39]
            Info (332181): Earliest Path Arrival
                Info (332115): From Node          : bladerf_core:U_core|nios_system:U_nios_system|time_tamer:rx_tamer|handshake:U_current|source_holding[46]
                Info (332115): To Node            : bladerf_core:U_core|nios_system:U_nios_system|time_tamer:rx_tamer|current_time_q[46]
                Info (332115): Launch Clock       : U_core|U_nios_system|axi_ad9361_0|i_dev_if|i_rx|i_altlvds_rx|auto_generated|pll_sclk~PLL_OUTPUT_COUNTER|divclk
                Info (332115): Latch Clock        : U_core|U_system_pll|altera_pll_i|general[0].gpll~PLL_OUTPUT_COUNTER|divclk
                Info (332115): Data Arrival Time  : 5.617
                Info (332115): Clock Arrival Time : 3.488
                Info (332115): Relative Delay     : 2.129
                Info (332115): Data Arrival Path:
                Info (332115): Total (ns)  Incr (ns)     Type  Element
                Info (332115): ==========  ========= ==  ====  ===================================
                Info (332115):      4.747      4.747  R        clock network delay
                Info (332115):      4.747      0.000     uTco  bladerf_core:U_core|nios_system:U_nios_system|time_tamer:rx_tamer|handshake:U_current|source_holding[46]
                Info (332115):      4.747      0.000 FF  CELL  U_core|U_nios_system|rx_tamer|U_current|source_holding[46]|q
                Info (332115):      5.248      0.501 FF    IC  U_core|U_nios_system|rx_tamer|current_time_q[46]|asdata
                Info (332115):      5.617      0.369 FF  CELL  bladerf_core:U_core|nios_system:U_nios_system|time_tamer:rx_tamer|current_time_q[46]
                Info (332115): Clock Arrival Path:
                Info (332115): Total (ns)  Incr (ns)     Type  Element
                Info (332115): ==========  ========= ==  ====  ===================================
                Info (332115):      3.328      3.328  R        clock network delay
                Info (332115):      3.488      0.160           clock uncertainty
                Info (332115):      3.488      0.000      uTh  bladerf_core:U_core|nios_system:U_nios_system|time_tamer:rx_tamer|current_time_q[46]
            Info (332181): Cross Path Clock Pessimism Removed : 2.829
            Info (332181): Required Skew   : 6.400
            Info (332181): Actual Skew     : 1.597
            Info (332181): Slack           : 4.803
Info (332115): Worst-case slack is 4.775 for "set_max_skew -from [get_keepers {*U_rx_epoch_ts_lo_handshake|source_holding[*]}] -to [get_keepers {*bladerf_core:*|rx_epoch_ts_lo_sys[*]}] 6.400 "
    Info (332181): Skew for the Latest Arrival
        Info (332181): Path #97: Slack is 4.775 
            Info (332181): Latest Path Arrival
                Info (332115): From Node          : bladerf_core:U_core|handshake:U_rx_epoch_ts_lo_handshake|source_holding[12]
                Info (332115): To Node            : bladerf_core:U_core|rx_epoch_ts_lo_sys[12]
                Info (332115): Launch Clock       : U_core|U_nios_system|axi_ad9361_0|i_dev_if|i_rx|i_altlvds_rx|auto_generated|pll_sclk~PLL_OUTPUT_COUNTER|divclk
                Info (332115): Latch Clock        : U_core|U_system_pll|altera_pll_i|general[0].gpll~PLL_OUTPUT_COUNTER|divclk
                Info (332115): Data Arrival Time  : 8.249
                Info (332115): Clock Arrival Time : 1.623
                Info (332115): Relative Delay     : 6.626
                Info (332115): Data Arrival Path:
                Info (332115): Total (ns)  Incr (ns)     Type  Element
                Info (332115): ==========  ========= ==  ====  ===================================
                Info (332115):      6.355      6.355  R        clock network delay
                Info (332115):      6.355      0.000     uTco  bladerf_core:U_core|handshake:U_rx_epoch_ts_lo_handshake|source_holding[12]
                Info (332115):      6.355      0.000 FF  CELL  U_core|U_rx_epoch_ts_lo_handshake|source_holding[12]|q
                Info (332115):      7.590      1.235 FF    IC  U_core|rx_epoch_ts_lo_sys[12]|asdata
                Info (332115):      8.249      0.659 FF  CELL  bladerf_core:U_core|rx_epoch_ts_lo_sys[12]
                Info (332115): Clock Arrival Path:
                Info (332115): Total (ns)  Incr (ns)     Type  Element
                Info (332115): ==========  ========= ==  ====  ===================================
                Info (332115):      1.783      1.783  R        clock network delay
                Info (332115):      1.623     -0.160           clock uncertainty
                Info (332115):      1.623      0.000     uTsu  bladerf_core:U_core|rx_epoch_ts_lo_sys[12]
            Info (332181): Earliest Path Arrival
                Info (332115): From Node          : bladerf_core:U_core|handshake:U_rx_epoch_ts_lo_handshake|source_holding[19]
                Info (332115): To Node            : bladerf_core:U_core|rx_epoch_ts_lo_sys[19]
                Info (332115): Launch Clock       : U_core|U_nios_system|axi_ad9361_0|i_dev_if|i_rx|i_altlvds_rx|auto_generated|pll_sclk~PLL_OUTPUT_COUNTER|divclk
                Info (332115): Latch Clock        : U_core|U_system_pll|altera_pll_i|general[0].gpll~PLL_OUTPUT_COUNTER|divclk
                Info (332115): Data Arrival Time  : 5.673
                Info (332115): Clock Arrival Time : 3.501
                Info (332115): Relative Delay     : 2.172
                Info (332115): Data Arrival Path:
                Info (332115): Total (ns)  Incr (ns)     Type  Element
                Info (332115): ==========  ========= ==  ====  ===================================
                Info (332115):      4.767      4.767  R        clock network delay
                Info (332115):      4.767      0.000     uTco  bladerf_core:U_core|handshake:U_rx_epoch_ts_lo_handshake|source_holding[19]
                Info (332115):      4.767      0.000 FF  CELL  U_core|U_rx_epoch_ts_lo_handshake|source_holding[19]|q
                Info (332115):      5.199      0.432 FF    IC  U_core|rx_epoch_ts_lo_sys[19]~feeder|datac
                Info (332115):      5.590      0.391 FF  CELL  U_core|rx_epoch_ts_lo_sys[19]~feeder|combout
                Info (332115):      5.590      0.000 FF    IC  U_core|rx_epoch_ts_lo_sys[19]|d
                Info (332115):      5.673      0.083 FF  CELL  bladerf_core:U_core|rx_epoch_ts_lo_sys[19]
                Info (332115): Clock Arrival Path:
                Info (332115): Total (ns)  Incr (ns)     Type  Element
                Info (332115): ==========  ========= ==  ====  ===================================
                Info (332115):      3.341      3.341  R        clock network delay
                Info (332115):      3.501      0.160           clock uncertainty
                Info (332115):      3.501      0.000      uTh  bladerf_core:U_core|rx_epoch_ts_lo_sys[19]
            Info (332181): Cross Path Clock Pessimism Removed : 2.829
            Info (332181): Required Skew   : 6.400
            Info (332181): Actual Skew     : 1.625
            Info (332181): Slack           : 4.775
        Info (332181): Path #98: Slack is 4.817 
            Info (332181): Latest Path Arrival
                Info (332115): From Node          : bladerf_core:U_core|handshake:U_rx_epoch_ts_lo_handshake|source_holding[17]
                Info (332115): To Node            : bladerf_core:U_core|rx_epoch_ts_lo_sys[17]
                Info (332115): Launch Clock       : U_core|U_nios_system|axi_ad9361_0|i_dev_if|i_rx|i_altlvds_rx|auto_generated|pll_sclk~PLL_OUTPUT_COUNTER|divclk
                Info (332115): Latch Clock        : U_core|U_system_pll|altera_pll_i|general[0].gpll~PLL_OUTPUT_COUNTER|divclk
                Info (332115): Data Arrival Time  : 8.213
                Info (332115): Clock Arrival Time : 1.629
                Info (332115): Relative Delay     : 6.584
                Info (332115): Data Arrival Path:
                Info (332115): Total (ns)  Incr (ns)     Type  Element
                Info (332115): ==========  ========= ==  ====  ===================================
                Info (332115):      6.355      6.355  R        clock network delay
                Info (332115):      6.355      0.000     uTco  bladerf_core:U_core|handshake:U_rx_epoch_ts_lo_handshake|source_holding[17]
                Info (332115):      6.355      0.000 FF  CELL  U_core|U_rx_epoch_ts_lo_handshake|source_holding[17]|q
                Info (332115):      7.288      0.933 FF    IC  U_core|rx_epoch_ts_lo_sys[17]~feeder|datab
                Info (332115):      7.907      0.619 FF  CELL  U_core|rx_epoch_ts_lo_sys[17]~feeder|combout
                Info (332115):      7.907      0.000 FF    IC  U_core|rx_epoch_ts_lo_sys[17]|d
                Info (332115):      8.213      0.306 FF  CELL  bladerf_core:U_core|rx_epoch_ts_lo_sys[17]
                Info (332115): Clock Arrival Path:
                Info (332115): Total (ns)  Incr (ns)     Type  Element
                Info (332115): ==========  ========= ==  ====  ===================================
                Info (332115):      1.789      1.789  R        clock network delay
                Info (332115):      1.629     -0.160           clock uncertainty
                Info (332115):      1.629      0.000     uTsu  bladerf_core:U_core|rx_epoch_ts_lo_sys[17]
            Info (332181): Earliest Path Arrival
                Info (332115): From Node          : bladerf_core:U_core|handshake:U_rx_epoch_ts_lo_handshake|source_holding[19]
                Info (332115): To Node            : bladerf_core:U_core|rx_epoch_ts_lo_sys[19]
                Info (332115): Launch Clock       : U_core|U_nios_system|axi_ad9361_0|i_dev_if|i_rx|i_altlvds_rx|auto_generated|pll_sclk~PLL_OUTPUT_COUNTER|divclk
                Info (332115): Latch Clock        : U_core|U_system_pll|altera_pll_i|general[0].gpll~PLL_OUTPUT_COUNTER|divclk
                Info (332115): Data Arrival Time  : 5.673
                Info (332115): Clock Arrival Time : 3.501
                Info (332115): Relative Delay     : 2.172
                Info (332115): Data Arrival Path:
                Info (332115): Total (ns)  Incr (ns)     Type  Element
                Info (332115): ==========  ========= ==  ====  ===================================
                Info (332115):      4.767      4.767  R        clock network delay
                Info (332115):      4.767      0.000     uTco  bladerf_core:U_core|handshake:U_rx_epoch_ts_lo_handshake|source_holding[19]
                Info (332115):      4.767      0.000 FF  CELL  U_core|U_rx_epoch_ts_lo_handshake|source_holding[19]|q
                Info (332115):      5.199      0.432 FF    IC  U_core|rx_epoch_ts_lo_sys[19]~feeder|datac
                Info (332115):      5.590      0.391 FF  CELL  U_core|rx_epoch_ts_lo_sys[19]~feeder|combout
                Info (332115):      5.590      0.000 FF    IC  U_core|rx_epoch_ts_lo_sys[19]|d
                Info (332115):      5.673      0.083 FF  CELL  bladerf_core:U_core|rx_epoch_ts_lo_sys[19]
                Info (332115): Clock Arrival Path:
                Info (332115): Total (ns)  Incr (ns)     Type  Element
                Info (332115): ==========  ========= ==  ====  ===================================
                Info (332115):      3.341      3.341  R        clock network delay
                Info (332115):      3.501      0.160           clock uncertainty
                Info (332115):      3.501      0.000      uTh  bladerf_core:U_core|rx_epoch_ts_lo_sys[19]
            Info (332181): Cross Path Clock Pessimism Removed : 2.829
            Info (332181): Required Skew   : 6.400
            Info (332181): Actual Skew     : 1.583
            Info (332181): Slack           : 4.817
        Info (332181): Path #99: Slack is 4.909 
            Info (332181): Latest Path Arrival
                Info (332115): From Node          : bladerf_core:U_core|handshake:U_rx_epoch_ts_lo_handshake|source_holding[5]
                Info (332115): To Node            : bladerf_core:U_core|rx_epoch_ts_lo_sys[5]
                Info (332115): Launch Clock       : U_core|U_nios_system|axi_ad9361_0|i_dev_if|i_rx|i_altlvds_rx|auto_generated|pll_sclk~PLL_OUTPUT_COUNTER|divclk
                Info (332115): Latch Clock        : U_core|U_system_pll|altera_pll_i|general[0].gpll~PLL_OUTPUT_COUNTER|divclk
                Info (332115): Data Arrival Time  : 8.144
                Info (332115): Clock Arrival Time : 1.623
                Info (332115): Relative Delay     : 6.521
                Info (332115): Data Arrival Path:
                Info (332115): Total (ns)  Incr (ns)     Type  Element
                Info (332115): ==========  ========= ==  ====  ===================================
                Info (332115):      6.367      6.367  R        clock network delay
                Info (332115):      6.367      0.000     uTco  bladerf_core:U_core|handshake:U_rx_epoch_ts_lo_handshake|source_holding[5]
                Info (332115):      6.367      0.000 FF  CELL  U_core|U_rx_epoch_ts_lo_handshake|source_holding[5]|q
                Info (332115):      7.441      1.074 FF    IC  U_core|rx_epoch_ts_lo_sys[5]|asdata
                Info (332115):      8.144      0.703 FF  CELL  bladerf_core:U_core|rx_epoch_ts_lo_sys[5]
                Info (332115): Clock Arrival Path:
                Info (332115): Total (ns)  Incr (ns)     Type  Element
                Info (332115): ==========  ========= ==  ====  ===================================
                Info (332115):      1.783      1.783  R        clock network delay
                Info (332115):      1.623     -0.160           clock uncertainty
                Info (332115):      1.623      0.000     uTsu  bladerf_core:U_core|rx_epoch_ts_lo_sys[5]
            Info (332181): Earliest Path Arrival
                Info (332115): From Node          : bladerf_core:U_core|handshake:U_rx_epoch_ts_lo_handshake|source_holding[7]
                Info (332115): To Node            : bladerf_core:U_core|rx_epoch_ts_lo_sys[7]
                Info (332115): Launch Clock       : U_core|U_nios_system|axi_ad9361_0|i_dev_if|i_rx|i_altlvds_rx|auto_generated|pll_sclk~PLL_OUTPUT_COUNTER|divclk
                Info (332115): Latch Clock        : U_core|U_system_pll|altera_pll_i|general[0].gpll~PLL_OUTPUT_COUNTER|divclk
                Info (332115): Data Arrival Time  : 5.710
                Info (332115): Clock Arrival Time : 3.509
                Info (332115): Relative Delay     : 2.201
                Info (332115): Data Arrival Path:
                Info (332115): Total (ns)  Incr (ns)     Type  Element
                Info (332115): ==========  ========= ==  ====  ===================================
                Info (332115):      4.769      4.769  R        clock network delay
                Info (332115):      4.769      0.000     uTco  bladerf_core:U_core|handshake:U_rx_epoch_ts_lo_handshake|source_holding[7]
                Info (332115):      4.769      0.000 FF  CELL  U_core|U_rx_epoch_ts_lo_handshake|source_holding[7]|q
                Info (332115):      5.235      0.466 FF    IC  U_core|rx_epoch_ts_lo_sys[7]~feeder|datac
                Info (332115):      5.626      0.391 FF  CELL  U_core|rx_epoch_ts_lo_sys[7]~feeder|combout
                Info (332115):      5.626      0.000 FF    IC  U_core|rx_epoch_ts_lo_sys[7]|d
                Info (332115):      5.710      0.084 FF  CELL  bladerf_core:U_core|rx_epoch_ts_lo_sys[7]
                Info (332115): Clock Arrival Path:
                Info (332115): Total (ns)  Incr (ns)     Type  Element
                Info (332115): ==========  ========= ==  ====  ===================================
                Info (332115):      3.349      3.349  R        clock network delay
                Info (332115):      3.509      0.160           clock uncertainty
                Info (332115):      3.509      0.000      uTh  bladerf_core:U_core|rx_epoch_ts_lo_sys[7]
            Info (332181): Cross Path Clock Pessimism Removed : 2.829
            Info (332181): Required Skew   : 6.400
            Info (332181): Actual Skew     : 1.491
            Info (332181): Slack           : 4.909
        Info (332181): Path #100: Slack is 4.924 
            Info (332181): Latest Path Arrival
                Info (332115): From Node          : bladerf_core:U_core|handshake:U_rx_epoch_ts_lo_handshake|source_holding[10]
                Info (332115): To Node            : bladerf_core:U_core|rx_epoch_ts_lo_sys[10]
                Info (332115): Launch Clock       : U_core|U_nios_system|axi_ad9361_0|i_dev_if|i_rx|i_altlvds_rx|auto_generated|pll_sclk~PLL_OUTPUT_COUNTER|divclk
                Info (332115): Latch Clock        : U_core|U_system_pll|altera_pll_i|general[0].gpll~PLL_OUTPUT_COUNTER|divclk
                Info (332115): Data Arrival Time  : 8.123
                Info (332115): Clock Arrival Time : 1.622
                Info (332115): Relative Delay     : 6.501
                Info (332115): Data Arrival Path:
                Info (332115): Total (ns)  Incr (ns)     Type  Element
                Info (332115): ==========  ========= ==  ====  ===================================
                Info (332115):      6.367      6.367  R        clock network delay
                Info (332115):      6.367      0.000     uTco  bladerf_core:U_core|handshake:U_rx_epoch_ts_lo_handshake|source_holding[10]
                Info (332115):      6.367      0.000 FF  CELL  U_core|U_rx_epoch_ts_lo_handshake|source_holding[10]|q
                Info (332115):      7.267      0.900 FF    IC  U_core|rx_epoch_ts_lo_sys[10]~feeder|datac
                Info (332115):      7.819      0.552 FF  CELL  U_core|rx_epoch_ts_lo_sys[10]~feeder|combout
                Info (332115):      7.819      0.000 FF    IC  U_core|rx_epoch_ts_lo_sys[10]|d
                Info (332115):      8.123      0.304 FF  CELL  bladerf_core:U_core|rx_epoch_ts_lo_sys[10]
                Info (332115): Clock Arrival Path:
                Info (332115): Total (ns)  Incr (ns)     Type  Element
                Info (332115): ==========  ========= ==  ====  ===================================
                Info (332115):      1.782      1.782  R        clock network delay
                Info (332115):      1.622     -0.160           clock uncertainty
                Info (332115):      1.622      0.000     uTsu  bladerf_core:U_core|rx_epoch_ts_lo_sys[10]
            Info (332181): Earliest Path Arrival
                Info (332115): From Node          : bladerf_core:U_core|handshake:U_rx_epoch_ts_lo_handshake|source_holding[19]
                Info (332115): To Node            : bladerf_core:U_core|rx_epoch_ts_lo_sys[19]
                Info (332115): Launch Clock       : U_core|U_nios_system|axi_ad9361_0|i_dev_if|i_rx|i_altlvds_rx|auto_generated|pll_sclk~PLL_OUTPUT_COUNTER|divclk
                Info (332115): Latch Clock        : U_core|U_system_pll|altera_pll_i|general[0].gpll~PLL_OUTPUT_COUNTER|divclk
                Info (332115): Data Arrival Time  : 5.673
                Info (332115): Clock Arrival Time : 3.501
                Info (332115): Relative Delay     : 2.172
                Info (332115): Data Arrival Path:
                Info (332115): Total (ns)  Incr (ns)     Type  Element
                Info (332115): ==========  ========= ==  ====  ===================================
                Info (332115):      4.767      4.767  R        clock network delay
                Info (332115):      4.767      0.000     uTco  bladerf_core:U_core|handshake:U_rx_epoch_ts_lo_handshake|source_holding[19]
                Info (332115):      4.767      0.000 FF  CELL  U_core|U_rx_epoch_ts_lo_handshake|source_holding[19]|q
                Info (332115):      5.199      0.432 FF    IC  U_core|rx_epoch_ts_lo_sys[19]~feeder|datac
                Info (332115):      5.590      0.391 FF  CELL  U_core|rx_epoch_ts_lo_sys[19]~feeder|combout
                Info (332115):      5.590      0.000 FF    IC  U_core|rx_epoch_ts_lo_sys[19]|d
                Info (332115):      5.673      0.083 FF  CELL  bladerf_core:U_core|rx_epoch_ts_lo_sys[19]
                Info (332115): Clock Arrival Path:
                Info (332115): Total (ns)  Incr (ns)     Type  Element
                Info (332115): ==========  ========= ==  ====  ===================================
                Info (332115):      3.341      3.341  R        clock network delay
                Info (332115):      3.501      0.160           clock uncertainty
                Info (332115):      3.501      0.000      uTh  bladerf_core:U_core|rx_epoch_ts_lo_sys[19]
            Info (332181): Cross Path Clock Pessimism Removed : 2.853
            Info (332181): Required Skew   : 6.400
            Info (332181): Actual Skew     : 1.476
            Info (332181): Slack           : 4.924
    Info (332181): Skew for the Earliest Arrival
        Info (332181): Path #101: Slack is 4.775 
            Info (332181): Latest Path Arrival
                Info (332115): From Node          : bladerf_core:U_core|handshake:U_rx_epoch_ts_lo_handshake|source_holding[12]
                Info (332115): To Node            : bladerf_core:U_core|rx_epoch_ts_lo_sys[12]
                Info (332115): Launch Clock       : U_core|U_nios_system|axi_ad9361_0|i_dev_if|i_rx|i_altlvds_rx|auto_generated|pll_sclk~PLL_OUTPUT_COUNTER|divclk
                Info (332115): Latch Clock        : U_core|U_system_pll|altera_pll_i|general[0].gpll~PLL_OUTPUT_COUNTER|divclk
                Info (332115): Data Arrival Time  : 8.249
                Info (332115): Clock Arrival Time : 1.623
                Info (332115): Relative Delay     : 6.626
                Info (332115): Data Arrival Path:
                Info (332115): Total (ns)  Incr (ns)     Type  Element
                Info (332115): ==========  ========= ==  ====  ===================================
                Info (332115):      6.355      6.355  R        clock network delay
                Info (332115):      6.355      0.000     uTco  bladerf_core:U_core|handshake:U_rx_epoch_ts_lo_handshake|source_holding[12]
                Info (332115):      6.355      0.000 FF  CELL  U_core|U_rx_epoch_ts_lo_handshake|source_holding[12]|q
                Info (332115):      7.590      1.235 FF    IC  U_core|rx_epoch_ts_lo_sys[12]|asdata
                Info (332115):      8.249      0.659 FF  CELL  bladerf_core:U_core|rx_epoch_ts_lo_sys[12]
                Info (332115): Clock Arrival Path:
                Info (332115): Total (ns)  Incr (ns)     Type  Element
                Info (332115): ==========  ========= ==  ====  ===================================
                Info (332115):      1.783      1.783  R        clock network delay
                Info (332115):      1.623     -0.160           clock uncertainty
                Info (332115):      1.623      0.000     uTsu  bladerf_core:U_core|rx_epoch_ts_lo_sys[12]
            Info (332181): Earliest Path Arrival
                Info (332115): From Node          : bladerf_core:U_core|handshake:U_rx_epoch_ts_lo_handshake|source_holding[19]
                Info (332115): To Node            : bladerf_core:U_core|rx_epoch_ts_lo_sys[19]
                Info (332115): Launch Clock       : U_core|U_nios_system|axi_ad9361_0|i_dev_if|i_rx|i_altlvds_rx|auto_generated|pll_sclk~PLL_OUTPUT_COUNTER|divclk
                Info (332115): Latch Clock        : U_core|U_system_pll|altera_pll_i|general[0].gpll~PLL_OUTPUT_COUNTER|divclk
                Info (332115): Data Arrival Time  : 5.673
                Info (332115): Clock Arrival Time : 3.501
                Info (332115): Relative Delay     : 2.172
                Info (332115): Data Arrival Path:
                Info (332115): Total (ns)  Incr (ns)     Type  Element
                Info (332115): ==========  ========= ==  ====  ===================================
                Info (332115):      4.767      4.767  R        clock network delay
                Info (332115):      4.767      0.000     uTco  bladerf_core:U_core|handshake:U_rx_epoch_ts_lo_handshake|source_holding[19]
                Info (332115):      4.767      0.000 FF  CELL  U_core|U_rx_epoch_ts_lo_handshake|source_holding[19]|q
                Info (332115):      5.199      0.432 FF    IC  U_core|rx_epoch_ts_lo_sys[19]~feeder|datac
                Info (332115):      5.590      0.391 FF  CELL  U_core|rx_epoch_ts_lo_sys[19]~feeder|combout
                Info (332115):      5.590      0.000 FF    IC  U_core|rx_epoch_ts_lo_sys[19]|d
                Info (332115):      5.673      0.083 FF  CELL  bladerf_core:U_core|rx_epoch_ts_lo_sys[19]
                Info (332115): Clock Arrival Path:
                Info (332115): Total (ns)  Incr (ns)     Type  Element
                Info (332115): ==========  ========= ==  ====  ===================================
                Info (332115):      3.341      3.341  R        clock network delay
                Info (332115):      3.501      0.160           clock uncertainty
                Info (332115):      3.501      0.000      uTh  bladerf_core:U_core|rx_epoch_ts_lo_sys[19]
            Info (332181): Cross Path Clock Pessimism Removed : 2.829
            Info (332181): Required Skew   : 6.400
            Info (332181): Actual Skew     : 1.625
            Info (332181): Slack           : 4.775
        Info (332181): Path #102: Slack is 4.804 
            Info (332181): Latest Path Arrival
                Info (332115): From Node          : bladerf_core:U_core|handshake:U_rx_epoch_ts_lo_handshake|source_holding[12]
                Info (332115): To Node            : bladerf_core:U_core|rx_epoch_ts_lo_sys[12]
                Info (332115): Launch Clock       : U_core|U_nios_system|axi_ad9361_0|i_dev_if|i_rx|i_altlvds_rx|auto_generated|pll_sclk~PLL_OUTPUT_COUNTER|divclk
                Info (332115): Latch Clock        : U_core|U_system_pll|altera_pll_i|general[0].gpll~PLL_OUTPUT_COUNTER|divclk
                Info (332115): Data Arrival Time  : 8.249
                Info (332115): Clock Arrival Time : 1.623
                Info (332115): Relative Delay     : 6.626
                Info (332115): Data Arrival Path:
                Info (332115): Total (ns)  Incr (ns)     Type  Element
                Info (332115): ==========  ========= ==  ====  ===================================
                Info (332115):      6.355      6.355  R        clock network delay
                Info (332115):      6.355      0.000     uTco  bladerf_core:U_core|handshake:U_rx_epoch_ts_lo_handshake|source_holding[12]
                Info (332115):      6.355      0.000 FF  CELL  U_core|U_rx_epoch_ts_lo_handshake|source_holding[12]|q
                Info (332115):      7.590      1.235 FF    IC  U_core|rx_epoch_ts_lo_sys[12]|asdata
                Info (332115):      8.249      0.659 FF  CELL  bladerf_core:U_core|rx_epoch_ts_lo_sys[12]
                Info (332115): Clock Arrival Path:
                Info (332115): Total (ns)  Incr (ns)     Type  Element
                Info (332115): ==========  ========= ==  ====  ===================================
                Info (332115):      1.783      1.783  R        clock network delay
                Info (332115):      1.623     -0.160           clock uncertainty
                Info (332115):      1.623      0.000     uTsu  bladerf_core:U_core|rx_epoch_ts_lo_sys[12]
            Info (332181): Earliest Path Arrival
                Info (332115): From Node          : bladerf_core:U_core|handshake:U_rx_epoch_ts_lo_handshake|source_holding[7]
                Info (332115): To Node            : bladerf_core:U_core|rx_epoch_ts_lo_sys[7]
                Info (332115): Launch Clock       : U_core|U_nios_system|axi_ad9361_0|i_dev_if|i_rx|i_altlvds_rx|auto_generated|pll_sclk~PLL_OUTPUT_COUNTER|divclk
                Info (332115): Latch Clock        : U_core|U_system_pll|altera_pll_i|general[0].gpll~PLL_OUTPUT_COUNTER|divclk
                Info (332115): Data Arrival Time  : 5.710
                Info (332115): Clock Arrival Time : 3.509
                Info (332115): Relative Delay     : 2.201
                Info (332115): Data Arrival Path:
                Info (332115): Total (ns)  Incr (ns)     Type  Element
                Info (332115): ==========  ========= ==  ====  ===================================
                Info (332115):      4.769      4.769  R        clock network delay
                Info (332115):      4.769      0.000     uTco  bladerf_core:U_core|handshake:U_rx_epoch_ts_lo_handshake|source_holding[7]
                Info (332115):      4.769      0.000 FF  CELL  U_core|U_rx_epoch_ts_lo_handshake|source_holding[7]|q
                Info (332115):      5.235      0.466 FF    IC  U_core|rx_epoch_ts_lo_sys[7]~feeder|datac
                Info (332115):      5.626      0.391 FF  CELL  U_core|rx_epoch_ts_lo_sys[7]~feeder|combout
                Info (332115):      5.626      0.000 FF    IC  U_core|rx_epoch_ts_lo_sys[7]|d
                Info (332115):      5.710      0.084 FF  CELL  bladerf_core:U_core|rx_epoch_ts_lo_sys[7]
                Info (332115): Clock Arrival Path:
                Info (332115): Total (ns)  Incr (ns)     Type  Element
                Info (332115): ==========  ========= ==  ====  ===================================
                Info (332115):      3.349      3.349  R        clock network delay
                Info (332115):      3.509      0.160           clock uncertainty
                Info (332115):      3.509      0.000      uTh  bladerf_core:U_core|rx_epoch_ts_lo_sys[7]
            Info (332181): Cross Path Clock Pessimism Removed : 2.829
            Info (332181): Required Skew   : 6.400
            Info (332181): Actual Skew     : 1.596
            Info (332181): Slack           : 4.804
        Info (332181): Path #103: Slack is 4.845 
            Info (332181): Latest Path Arrival
                Info (332115): From Node          : bladerf_core:U_core|handshake:U_rx_epoch_ts_lo_handshake|source_holding[12]
                Info (332115): To Node            : bladerf_core:U_core|rx_epoch_ts_lo_sys[12]
                Info (332115): Launch Clock       : U_core|U_nios_system|axi_ad9361_0|i_dev_if|i_rx|i_altlvds_rx|auto_generated|pll_sclk~PLL_OUTPUT_COUNTER|divclk
                Info (332115): Latch Clock        : U_core|U_system_pll|altera_pll_i|general[0].gpll~PLL_OUTPUT_COUNTER|divclk
                Info (332115): Data Arrival Time  : 8.249
                Info (332115): Clock Arrival Time : 1.623
                Info (332115): Relative Delay     : 6.626
                Info (332115): Data Arrival Path:
                Info (332115): Total (ns)  Incr (ns)     Type  Element
                Info (332115): ==========  ========= ==  ====  ===================================
                Info (332115):      6.355      6.355  R        clock network delay
                Info (332115):      6.355      0.000     uTco  bladerf_core:U_core|handshake:U_rx_epoch_ts_lo_handshake|source_holding[12]
                Info (332115):      6.355      0.000 FF  CELL  U_core|U_rx_epoch_ts_lo_handshake|source_holding[12]|q
                Info (332115):      7.590      1.235 FF    IC  U_core|rx_epoch_ts_lo_sys[12]|asdata
                Info (332115):      8.249      0.659 FF  CELL  bladerf_core:U_core|rx_epoch_ts_lo_sys[12]
                Info (332115): Clock Arrival Path:
                Info (332115): Total (ns)  Incr (ns)     Type  Element
                Info (332115): ==========  ========= ==  ====  ===================================
                Info (332115):      1.783      1.783  R        clock network delay
                Info (332115):      1.623     -0.160           clock uncertainty
                Info (332115):      1.623      0.000     uTsu  bladerf_core:U_core|rx_epoch_ts_lo_sys[12]
            Info (332181): Earliest Path Arrival
                Info (332115): From Node          : bladerf_core:U_core|handshake:U_rx_epoch_ts_lo_handshake|source_holding[6]
                Info (332115): To Node            : bladerf_core:U_core|rx_epoch_ts_lo_sys[6]
                Info (332115): Launch Clock       : U_core|U_nios_system|axi_ad9361_0|i_dev_if|i_rx|i_altlvds_rx|auto_generated|pll_sclk~PLL_OUTPUT_COUNTER|divclk
                Info (332115): Latch Clock        : U_core|U_system_pll|altera_pll_i|general[0].gpll~PLL_OUTPUT_COUNTER|divclk
                Info (332115): Data Arrival Time  : 5.741
                Info (332115): Clock Arrival Time : 3.499
                Info (332115): Relative Delay     : 2.242
                Info (332115): Data Arrival Path:
                Info (332115): Total (ns)  Incr (ns)     Type  Element
                Info (332115): ==========  ========= ==  ====  ===================================
                Info (332115):      4.765      4.765  R        clock network delay
                Info (332115):      4.765      0.000     uTco  bladerf_core:U_core|handshake:U_rx_epoch_ts_lo_handshake|source_holding[6]
                Info (332115):      4.765      0.000 RR  CELL  U_core|U_rx_epoch_ts_lo_handshake|source_holding[6]|q
                Info (332115):      5.407      0.642 RR    IC  U_core|rx_epoch_ts_lo_sys[6]|asdata
                Info (332115):      5.741      0.334 RR  CELL  bladerf_core:U_core|rx_epoch_ts_lo_sys[6]
                Info (332115): Clock Arrival Path:
                Info (332115): Total (ns)  Incr (ns)     Type  Element
                Info (332115): ==========  ========= ==  ====  ===================================
                Info (332115):      3.339      3.339  R        clock network delay
                Info (332115):      3.499      0.160           clock uncertainty
                Info (332115):      3.499      0.000      uTh  bladerf_core:U_core|rx_epoch_ts_lo_sys[6]
            Info (332181): Cross Path Clock Pessimism Removed : 2.829
            Info (332181): Required Skew   : 6.400
            Info (332181): Actual Skew     : 1.555
            Info (332181): Slack           : 4.845
        Info (332181): Path #104: Slack is 4.916 
            Info (332181): Latest Path Arrival
                Info (332115): From Node          : bladerf_core:U_core|handshake:U_rx_epoch_ts_lo_handshake|source_holding[12]
                Info (332115): To Node            : bladerf_core:U_core|rx_epoch_ts_lo_sys[12]
                Info (332115): Launch Clock       : U_core|U_nios_system|axi_ad9361_0|i_dev_if|i_rx|i_altlvds_rx|auto_generated|pll_sclk~PLL_OUTPUT_COUNTER|divclk
                Info (332115): Latch Clock        : U_core|U_system_pll|altera_pll_i|general[0].gpll~PLL_OUTPUT_COUNTER|divclk
                Info (332115): Data Arrival Time  : 8.249
                Info (332115): Clock Arrival Time : 1.623
                Info (332115): Relative Delay     : 6.626
                Info (332115): Data Arrival Path:
                Info (332115): Total (ns)  Incr (ns)     Type  Element
                Info (332115): ==========  ========= ==  ====  ===================================
                Info (332115):      6.355      6.355  R        clock network delay
                Info (332115):      6.355      0.000     uTco  bladerf_core:U_core|handshake:U_rx_epoch_ts_lo_handshake|source_holding[12]
                Info (332115):      6.355      0.000 FF  CELL  U_core|U_rx_epoch_ts_lo_handshake|source_holding[12]|q
                Info (332115):      7.590      1.235 FF    IC  U_core|rx_epoch_ts_lo_sys[12]|asdata
                Info (332115):      8.249      0.659 FF  CELL  bladerf_core:U_core|rx_epoch_ts_lo_sys[12]
                Info (332115): Clock Arrival Path:
                Info (332115): Total (ns)  Incr (ns)     Type  Element
                Info (332115): ==========  ========= ==  ====  ===================================
                Info (332115):      1.783      1.783  R        clock network delay
                Info (332115):      1.623     -0.160           clock uncertainty
                Info (332115):      1.623      0.000     uTsu  bladerf_core:U_core|rx_epoch_ts_lo_sys[12]
            Info (332181): Earliest Path Arrival
                Info (332115): From Node          : bladerf_core:U_core|handshake:U_rx_epoch_ts_lo_handshake|source_holding[3]
                Info (332115): To Node            : bladerf_core:U_core|rx_epoch_ts_lo_sys[3]
                Info (332115): Launch Clock       : U_core|U_nios_system|axi_ad9361_0|i_dev_if|i_rx|i_altlvds_rx|auto_generated|pll_sclk~PLL_OUTPUT_COUNTER|divclk
                Info (332115): Latch Clock        : U_core|U_system_pll|altera_pll_i|general[0].gpll~PLL_OUTPUT_COUNTER|divclk
                Info (332115): Data Arrival Time  : 5.797
                Info (332115): Clock Arrival Time : 3.508
                Info (332115): Relative Delay     : 2.289
                Info (332115): Data Arrival Path:
                Info (332115): Total (ns)  Incr (ns)     Type  Element
                Info (332115): ==========  ========= ==  ====  ===================================
                Info (332115):      4.756      4.756  R        clock network delay
                Info (332115):      4.756      0.000     uTco  bladerf_core:U_core|handshake:U_rx_epoch_ts_lo_handshake|source_holding[3]
                Info (332115):      4.756      0.000 RR  CELL  U_core|U_rx_epoch_ts_lo_handshake|source_holding[3]|q
                Info (332115):      5.462      0.706 RR    IC  U_core|rx_epoch_ts_lo_sys[3]|asdata
                Info (332115):      5.797      0.335 RR  CELL  bladerf_core:U_core|rx_epoch_ts_lo_sys[3]
                Info (332115): Clock Arrival Path:
                Info (332115): Total (ns)  Incr (ns)     Type  Element
                Info (332115): ==========  ========= ==  ====  ===================================
                Info (332115):      3.348      3.348  R        clock network delay
                Info (332115):      3.508      0.160           clock uncertainty
                Info (332115):      3.508      0.000      uTh  bladerf_core:U_core|rx_epoch_ts_lo_sys[3]
            Info (332181): Cross Path Clock Pessimism Removed : 2.853
            Info (332181): Required Skew   : 6.400
            Info (332181): Actual Skew     : 1.484
            Info (332181): Slack           : 4.916
Info (332115): Worst-case slack is 4.865 for "set_max_skew -from [get_keepers {*axi_ad9361_rx_channel:i_rx_channel_3|up_adc_channel:i_up_adc_channel|up_xfer_cntrl:i_xfer_cntrl|up_xfer_data[*]}] -to [get_keepers {*axi_ad9361_rx_channel:i_rx_channel_3|up_adc_channel:i_up_adc_channel|up_xfer_cntrl:i_xfer_cntrl|d_data_cntrl[*]}] 6.400 "
    Info (332181): Skew for the Latest Arrival
        Info (332181): Path #105: Slack is 4.865 
            Info (332181): Latest Path Arrival
                Info (332115): From Node          : bladerf_core:U_core|nios_system:U_nios_system|axi_ad9361:axi_ad9361_0|axi_ad9361_rx:i_rx|axi_ad9361_rx_channel:i_rx_channel_3|up_adc_channel:i_up_adc_channel|up_xfer_cntrl:i_xfer_cntrl|up_xfer_data[5]
                Info (332115): To Node            : bladerf_core:U_core|nios_system:U_nios_system|axi_ad9361:axi_ad9361_0|axi_ad9361_rx:i_rx|axi_ad9361_rx_channel:i_rx_channel_3|up_adc_channel:i_up_adc_channel|up_xfer_cntrl:i_xfer_cntrl|d_data_cntrl[5]
                Info (332115): Launch Clock       : U_core|U_system_pll|altera_pll_i|general[0].gpll~PLL_OUTPUT_COUNTER|divclk
                Info (332115): Latch Clock        : U_core|U_nios_system|axi_ad9361_0|i_dev_if|i_rx|i_altlvds_rx|auto_generated|pll_sclk~PLL_OUTPUT_COUNTER|divclk
                Info (332115): Data Arrival Time  : 4.713
                Info (332115): Clock Arrival Time : 4.565
                Info (332115): Relative Delay     : 0.148
                Info (332115): Data Arrival Path:
                Info (332115): Total (ns)  Incr (ns)     Type  Element
                Info (332115): ==========  ========= ==  ====  ===================================
                Info (332115):      3.301      3.301  R        clock network delay
                Info (332115):      3.301      0.000     uTco  bladerf_core:U_core|nios_system:U_nios_system|axi_ad9361:axi_ad9361_0|axi_ad9361_rx:i_rx|axi_ad9361_rx_channel:i_rx_channel_3|up_adc_channel:i_up_adc_channel|up_xfer_cntrl:i_xfer_cntrl|up_xfer_data[5]
                Info (332115):      3.301      0.000 RR  CELL  U_core|U_nios_system|axi_ad9361_0|i_rx|i_rx_channel_3|i_up_adc_channel|i_xfer_cntrl|up_xfer_data[5]|q
                Info (332115):      3.991      0.690 RR    IC  U_core|U_nios_system|axi_ad9361_0|i_rx|i_rx_channel_3|i_up_adc_channel|i_xfer_cntrl|d_data_cntrl[5]|asdata
                Info (332115):      4.713      0.722 RR  CELL  bladerf_core:U_core|nios_system:U_nios_system|axi_ad9361:axi_ad9361_0|axi_ad9361_rx:i_rx|axi_ad9361_rx_channel:i_rx_channel_3|up_adc_channel:i_up_adc_channel|up_xfer_cntrl:i_xfer_cntrl|d_data_cntrl[5]
                Info (332115): Clock Arrival Path:
                Info (332115): Total (ns)  Incr (ns)     Type  Element
                Info (332115): ==========  ========= ==  ====  ===================================
                Info (332115):      4.725      4.725  R        clock network delay
                Info (332115):      4.565     -0.160           clock uncertainty
                Info (332115):      4.565      0.000     uTsu  bladerf_core:U_core|nios_system:U_nios_system|axi_ad9361:axi_ad9361_0|axi_ad9361_rx:i_rx|axi_ad9361_rx_channel:i_rx_channel_3|up_adc_channel:i_up_adc_channel|up_xfer_cntrl:i_xfer_cntrl|d_data_cntrl[5]
            Info (332181): Earliest Path Arrival
                Info (332115): From Node          : bladerf_core:U_core|nios_system:U_nios_system|axi_ad9361:axi_ad9361_0|axi_ad9361_rx:i_rx|axi_ad9361_rx_channel:i_rx_channel_3|up_adc_channel:i_up_adc_channel|up_xfer_cntrl:i_xfer_cntrl|up_xfer_data[17]
                Info (332115): To Node            : bladerf_core:U_core|nios_system:U_nios_system|axi_ad9361:axi_ad9361_0|axi_ad9361_rx:i_rx|axi_ad9361_rx_channel:i_rx_channel_3|up_adc_channel:i_up_adc_channel|up_xfer_cntrl:i_xfer_cntrl|d_data_cntrl[17]
                Info (332115): Launch Clock       : U_core|U_system_pll|altera_pll_i|general[0].gpll~PLL_OUTPUT_COUNTER|divclk
                Info (332115): Latch Clock        : U_core|U_nios_system|axi_ad9361_0|i_dev_if|i_rx|i_altlvds_rx|auto_generated|pll_sclk~PLL_OUTPUT_COUNTER|divclk
                Info (332115): Data Arrival Time  : 2.366
                Info (332115): Clock Arrival Time : 6.524
                Info (332115): Relative Delay     : -4.158
                Info (332115): Data Arrival Path:
                Info (332115): Total (ns)  Incr (ns)     Type  Element
                Info (332115): ==========  ========= ==  ====  ===================================
                Info (332115):      1.755      1.755  R        clock network delay
                Info (332115):      1.755      0.000     uTco  bladerf_core:U_core|nios_system:U_nios_system|axi_ad9361:axi_ad9361_0|axi_ad9361_rx:i_rx|axi_ad9361_rx_channel:i_rx_channel_3|up_adc_channel:i_up_adc_channel|up_xfer_cntrl:i_xfer_cntrl|up_xfer_data[17]
                Info (332115):      1.755      0.000 FF  CELL  U_core|U_nios_system|axi_ad9361_0|i_rx|i_rx_channel_3|i_up_adc_channel|i_xfer_cntrl|up_xfer_data[17]|q
                Info (332115):      2.038      0.283 FF    IC  U_core|U_nios_system|axi_ad9361_0|i_rx|i_rx_channel_3|i_up_adc_channel|i_xfer_cntrl|d_data_cntrl[17]|asdata
                Info (332115):      2.366      0.328 FF  CELL  bladerf_core:U_core|nios_system:U_nios_system|axi_ad9361:axi_ad9361_0|axi_ad9361_rx:i_rx|axi_ad9361_rx_channel:i_rx_channel_3|up_adc_channel:i_up_adc_channel|up_xfer_cntrl:i_xfer_cntrl|d_data_cntrl[17]
                Info (332115): Clock Arrival Path:
                Info (332115): Total (ns)  Incr (ns)     Type  Element
                Info (332115): ==========  ========= ==  ====  ===================================
                Info (332115):      6.364      6.364  R        clock network delay
                Info (332115):      6.524      0.160           clock uncertainty
                Info (332115):      6.524      0.000      uTh  bladerf_core:U_core|nios_system:U_nios_system|axi_ad9361:axi_ad9361_0|axi_ad9361_rx:i_rx|axi_ad9361_rx_channel:i_rx_channel_3|up_adc_channel:i_up_adc_channel|up_xfer_cntrl:i_xfer_cntrl|d_data_cntrl[17]
            Info (332181): Cross Path Clock Pessimism Removed : 2.771
            Info (332181): Required Skew   : 6.400
            Info (332181): Actual Skew     : 1.535
            Info (332181): Slack           : 4.865
        Info (332181): Path #106: Slack is 4.876 
            Info (332181): Latest Path Arrival
                Info (332115): From Node          : bladerf_core:U_core|nios_system:U_nios_system|axi_ad9361:axi_ad9361_0|axi_ad9361_rx:i_rx|axi_ad9361_rx_channel:i_rx_channel_3|up_adc_channel:i_up_adc_channel|up_xfer_cntrl:i_xfer_cntrl|up_xfer_data[3]
                Info (332115): To Node            : bladerf_core:U_core|nios_system:U_nios_system|axi_ad9361:axi_ad9361_0|axi_ad9361_rx:i_rx|axi_ad9361_rx_channel:i_rx_channel_3|up_adc_channel:i_up_adc_channel|up_xfer_cntrl:i_xfer_cntrl|d_data_cntrl[3]
                Info (332115): Launch Clock       : U_core|U_system_pll|altera_pll_i|general[0].gpll~PLL_OUTPUT_COUNTER|divclk
                Info (332115): Latch Clock        : U_core|U_nios_system|axi_ad9361_0|i_dev_if|i_rx|i_altlvds_rx|auto_generated|pll_sclk~PLL_OUTPUT_COUNTER|divclk
                Info (332115): Data Arrival Time  : 4.725
                Info (332115): Clock Arrival Time : 4.588
                Info (332115): Relative Delay     : 0.137
                Info (332115): Data Arrival Path:
                Info (332115): Total (ns)  Incr (ns)     Type  Element
                Info (332115): ==========  ========= ==  ====  ===================================
                Info (332115):      3.317      3.317  R        clock network delay
                Info (332115):      3.317      0.000     uTco  bladerf_core:U_core|nios_system:U_nios_system|axi_ad9361:axi_ad9361_0|axi_ad9361_rx:i_rx|axi_ad9361_rx_channel:i_rx_channel_3|up_adc_channel:i_up_adc_channel|up_xfer_cntrl:i_xfer_cntrl|up_xfer_data[3]
                Info (332115):      3.317      0.000 RR  CELL  U_core|U_nios_system|axi_ad9361_0|i_rx|i_rx_channel_3|i_up_adc_channel|i_xfer_cntrl|up_xfer_data[3]|q
                Info (332115):      3.996      0.679 RR    IC  U_core|U_nios_system|axi_ad9361_0|i_rx|i_rx_channel_3|i_up_adc_channel|i_xfer_cntrl|d_data_cntrl[3]|asdata
                Info (332115):      4.725      0.729 RR  CELL  bladerf_core:U_core|nios_system:U_nios_system|axi_ad9361:axi_ad9361_0|axi_ad9361_rx:i_rx|axi_ad9361_rx_channel:i_rx_channel_3|up_adc_channel:i_up_adc_channel|up_xfer_cntrl:i_xfer_cntrl|d_data_cntrl[3]
                Info (332115): Clock Arrival Path:
                Info (332115): Total (ns)  Incr (ns)     Type  Element
                Info (332115): ==========  ========= ==  ====  ===================================
                Info (332115):      4.748      4.748  R        clock network delay
                Info (332115):      4.588     -0.160           clock uncertainty
                Info (332115):      4.588      0.000     uTsu  bladerf_core:U_core|nios_system:U_nios_system|axi_ad9361:axi_ad9361_0|axi_ad9361_rx:i_rx|axi_ad9361_rx_channel:i_rx_channel_3|up_adc_channel:i_up_adc_channel|up_xfer_cntrl:i_xfer_cntrl|d_data_cntrl[3]
            Info (332181): Earliest Path Arrival
                Info (332115): From Node          : bladerf_core:U_core|nios_system:U_nios_system|axi_ad9361:axi_ad9361_0|axi_ad9361_rx:i_rx|axi_ad9361_rx_channel:i_rx_channel_3|up_adc_channel:i_up_adc_channel|up_xfer_cntrl:i_xfer_cntrl|up_xfer_data[17]
                Info (332115): To Node            : bladerf_core:U_core|nios_system:U_nios_system|axi_ad9361:axi_ad9361_0|axi_ad9361_rx:i_rx|axi_ad9361_rx_channel:i_rx_channel_3|up_adc_channel:i_up_adc_channel|up_xfer_cntrl:i_xfer_cntrl|d_data_cntrl[17]
                Info (332115): Launch Clock       : U_core|U_system_pll|altera_pll_i|general[0].gpll~PLL_OUTPUT_COUNTER|divclk
                Info (332115): Latch Clock        : U_core|U_nios_system|axi_ad9361_0|i_dev_if|i_rx|i_altlvds_rx|auto_generated|pll_sclk~PLL_OUTPUT_COUNTER|divclk
                Info (332115): Data Arrival Time  : 2.366
                Info (332115): Clock Arrival Time : 6.524
                Info (332115): Relative Delay     : -4.158
                Info (332115): Data Arrival Path:
                Info (332115): Total (ns)  Incr (ns)     Type  Element
                Info (332115): ==========  ========= ==  ====  ===================================
                Info (332115):      1.755      1.755  R        clock network delay
                Info (332115):      1.755      0.000     uTco  bladerf_core:U_core|nios_system:U_nios_system|axi_ad9361:axi_ad9361_0|axi_ad9361_rx:i_rx|axi_ad9361_rx_channel:i_rx_channel_3|up_adc_channel:i_up_adc_channel|up_xfer_cntrl:i_xfer_cntrl|up_xfer_data[17]
                Info (332115):      1.755      0.000 FF  CELL  U_core|U_nios_system|axi_ad9361_0|i_rx|i_rx_channel_3|i_up_adc_channel|i_xfer_cntrl|up_xfer_data[17]|q
                Info (332115):      2.038      0.283 FF    IC  U_core|U_nios_system|axi_ad9361_0|i_rx|i_rx_channel_3|i_up_adc_channel|i_xfer_cntrl|d_data_cntrl[17]|asdata
                Info (332115):      2.366      0.328 FF  CELL  bladerf_core:U_core|nios_system:U_nios_system|axi_ad9361:axi_ad9361_0|axi_ad9361_rx:i_rx|axi_ad9361_rx_channel:i_rx_channel_3|up_adc_channel:i_up_adc_channel|up_xfer_cntrl:i_xfer_cntrl|d_data_cntrl[17]
                Info (332115): Clock Arrival Path:
                Info (332115): Total (ns)  Incr (ns)     Type  Element
                Info (332115): ==========  ========= ==  ====  ===================================
                Info (332115):      6.364      6.364  R        clock network delay
                Info (332115):      6.524      0.160           clock uncertainty
                Info (332115):      6.524      0.000      uTh  bladerf_core:U_core|nios_system:U_nios_system|axi_ad9361:axi_ad9361_0|axi_ad9361_rx:i_rx|axi_ad9361_rx_channel:i_rx_channel_3|up_adc_channel:i_up_adc_channel|up_xfer_cntrl:i_xfer_cntrl|d_data_cntrl[17]
            Info (332181): Cross Path Clock Pessimism Removed : 2.771
            Info (332181): Required Skew   : 6.400
            Info (332181): Actual Skew     : 1.524
            Info (332181): Slack           : 4.876
        Info (332181): Path #107: Slack is 4.896 
            Info (332181): Latest Path Arrival
                Info (332115): From Node          : bladerf_core:U_core|nios_system:U_nios_system|axi_ad9361:axi_ad9361_0|axi_ad9361_rx:i_rx|axi_ad9361_rx_channel:i_rx_channel_3|up_adc_channel:i_up_adc_channel|up_xfer_cntrl:i_xfer_cntrl|up_xfer_data[6]
                Info (332115): To Node            : bladerf_core:U_core|nios_system:U_nios_system|axi_ad9361:axi_ad9361_0|axi_ad9361_rx:i_rx|axi_ad9361_rx_channel:i_rx_channel_3|up_adc_channel:i_up_adc_channel|up_xfer_cntrl:i_xfer_cntrl|d_data_cntrl[6]
                Info (332115): Launch Clock       : U_core|U_system_pll|altera_pll_i|general[0].gpll~PLL_OUTPUT_COUNTER|divclk
                Info (332115): Latch Clock        : U_core|U_nios_system|axi_ad9361_0|i_dev_if|i_rx|i_altlvds_rx|auto_generated|pll_sclk~PLL_OUTPUT_COUNTER|divclk
                Info (332115): Data Arrival Time  : 4.689
                Info (332115): Clock Arrival Time : 4.572
                Info (332115): Relative Delay     : 0.117
                Info (332115): Data Arrival Path:
                Info (332115): Total (ns)  Incr (ns)     Type  Element
                Info (332115): ==========  ========= ==  ====  ===================================
                Info (332115):      3.295      3.295  R        clock network delay
                Info (332115):      3.295      0.000     uTco  bladerf_core:U_core|nios_system:U_nios_system|axi_ad9361:axi_ad9361_0|axi_ad9361_rx:i_rx|axi_ad9361_rx_channel:i_rx_channel_3|up_adc_channel:i_up_adc_channel|up_xfer_cntrl:i_xfer_cntrl|up_xfer_data[6]
                Info (332115):      3.295      0.000 RR  CELL  U_core|U_nios_system|axi_ad9361_0|i_rx|i_rx_channel_3|i_up_adc_channel|i_xfer_cntrl|up_xfer_data[6]|q
                Info (332115):      3.960      0.665 RR    IC  U_core|U_nios_system|axi_ad9361_0|i_rx|i_rx_channel_3|i_up_adc_channel|i_xfer_cntrl|d_data_cntrl[6]|asdata
                Info (332115):      4.689      0.729 RR  CELL  bladerf_core:U_core|nios_system:U_nios_system|axi_ad9361:axi_ad9361_0|axi_ad9361_rx:i_rx|axi_ad9361_rx_channel:i_rx_channel_3|up_adc_channel:i_up_adc_channel|up_xfer_cntrl:i_xfer_cntrl|d_data_cntrl[6]
                Info (332115): Clock Arrival Path:
                Info (332115): Total (ns)  Incr (ns)     Type  Element
                Info (332115): ==========  ========= ==  ====  ===================================
                Info (332115):      4.732      4.732  R        clock network delay
                Info (332115):      4.572     -0.160           clock uncertainty
                Info (332115):      4.572      0.000     uTsu  bladerf_core:U_core|nios_system:U_nios_system|axi_ad9361:axi_ad9361_0|axi_ad9361_rx:i_rx|axi_ad9361_rx_channel:i_rx_channel_3|up_adc_channel:i_up_adc_channel|up_xfer_cntrl:i_xfer_cntrl|d_data_cntrl[6]
            Info (332181): Earliest Path Arrival
                Info (332115): From Node          : bladerf_core:U_core|nios_system:U_nios_system|axi_ad9361:axi_ad9361_0|axi_ad9361_rx:i_rx|axi_ad9361_rx_channel:i_rx_channel_3|up_adc_channel:i_up_adc_channel|up_xfer_cntrl:i_xfer_cntrl|up_xfer_data[17]
                Info (332115): To Node            : bladerf_core:U_core|nios_system:U_nios_system|axi_ad9361:axi_ad9361_0|axi_ad9361_rx:i_rx|axi_ad9361_rx_channel:i_rx_channel_3|up_adc_channel:i_up_adc_channel|up_xfer_cntrl:i_xfer_cntrl|d_data_cntrl[17]
                Info (332115): Launch Clock       : U_core|U_system_pll|altera_pll_i|general[0].gpll~PLL_OUTPUT_COUNTER|divclk
                Info (332115): Latch Clock        : U_core|U_nios_system|axi_ad9361_0|i_dev_if|i_rx|i_altlvds_rx|auto_generated|pll_sclk~PLL_OUTPUT_COUNTER|divclk
                Info (332115): Data Arrival Time  : 2.366
                Info (332115): Clock Arrival Time : 6.524
                Info (332115): Relative Delay     : -4.158
                Info (332115): Data Arrival Path:
                Info (332115): Total (ns)  Incr (ns)     Type  Element
                Info (332115): ==========  ========= ==  ====  ===================================
                Info (332115):      1.755      1.755  R        clock network delay
                Info (332115):      1.755      0.000     uTco  bladerf_core:U_core|nios_system:U_nios_system|axi_ad9361:axi_ad9361_0|axi_ad9361_rx:i_rx|axi_ad9361_rx_channel:i_rx_channel_3|up_adc_channel:i_up_adc_channel|up_xfer_cntrl:i_xfer_cntrl|up_xfer_data[17]
                Info (332115):      1.755      0.000 FF  CELL  U_core|U_nios_system|axi_ad9361_0|i_rx|i_rx_channel_3|i_up_adc_channel|i_xfer_cntrl|up_xfer_data[17]|q
                Info (332115):      2.038      0.283 FF    IC  U_core|U_nios_system|axi_ad9361_0|i_rx|i_rx_channel_3|i_up_adc_channel|i_xfer_cntrl|d_data_cntrl[17]|asdata
                Info (332115):      2.366      0.328 FF  CELL  bladerf_core:U_core|nios_system:U_nios_system|axi_ad9361:axi_ad9361_0|axi_ad9361_rx:i_rx|axi_ad9361_rx_channel:i_rx_channel_3|up_adc_channel:i_up_adc_channel|up_xfer_cntrl:i_xfer_cntrl|d_data_cntrl[17]
                Info (332115): Clock Arrival Path:
                Info (332115): Total (ns)  Incr (ns)     Type  Element
                Info (332115): ==========  ========= ==  ====  ===================================
                Info (332115):      6.364      6.364  R        clock network delay
                Info (332115):      6.524      0.160           clock uncertainty
                Info (332115):      6.524      0.000      uTh  bladerf_core:U_core|nios_system:U_nios_system|axi_ad9361:axi_ad9361_0|axi_ad9361_rx:i_rx|axi_ad9361_rx_channel:i_rx_channel_3|up_adc_channel:i_up_adc_channel|up_xfer_cntrl:i_xfer_cntrl|d_data_cntrl[17]
            Info (332181): Cross Path Clock Pessimism Removed : 2.771
            Info (332181): Required Skew   : 6.400
            Info (332181): Actual Skew     : 1.504
            Info (332181): Slack           : 4.896
        Info (332181): Path #108: Slack is 4.955 
            Info (332181): Latest Path Arrival
                Info (332115): From Node          : bladerf_core:U_core|nios_system:U_nios_system|axi_ad9361:axi_ad9361_0|axi_ad9361_rx:i_rx|axi_ad9361_rx_channel:i_rx_channel_3|up_adc_channel:i_up_adc_channel|up_xfer_cntrl:i_xfer_cntrl|up_xfer_data[7]
                Info (332115): To Node            : bladerf_core:U_core|nios_system:U_nios_system|axi_ad9361:axi_ad9361_0|axi_ad9361_rx:i_rx|axi_ad9361_rx_channel:i_rx_channel_3|up_adc_channel:i_up_adc_channel|up_xfer_cntrl:i_xfer_cntrl|d_data_cntrl[7]
                Info (332115): Launch Clock       : U_core|U_system_pll|altera_pll_i|general[0].gpll~PLL_OUTPUT_COUNTER|divclk
                Info (332115): Latch Clock        : U_core|U_nios_system|axi_ad9361_0|i_dev_if|i_rx|i_altlvds_rx|auto_generated|pll_sclk~PLL_OUTPUT_COUNTER|divclk
                Info (332115): Data Arrival Time  : 4.630
                Info (332115): Clock Arrival Time : 4.572
                Info (332115): Relative Delay     : 0.058
                Info (332115): Data Arrival Path:
                Info (332115): Total (ns)  Incr (ns)     Type  Element
                Info (332115): ==========  ========= ==  ====  ===================================
                Info (332115):      3.303      3.303  R        clock network delay
                Info (332115):      3.303      0.000     uTco  bladerf_core:U_core|nios_system:U_nios_system|axi_ad9361:axi_ad9361_0|axi_ad9361_rx:i_rx|axi_ad9361_rx_channel:i_rx_channel_3|up_adc_channel:i_up_adc_channel|up_xfer_cntrl:i_xfer_cntrl|up_xfer_data[7]
                Info (332115):      3.303      0.000 RR  CELL  U_core|U_nios_system|axi_ad9361_0|i_rx|i_rx_channel_3|i_up_adc_channel|i_xfer_cntrl|up_xfer_data[7]|q
                Info (332115):      3.643      0.340 RR    IC  U_core|U_nios_system|axi_ad9361_0|i_rx|i_rx_channel_3|i_up_adc_channel|i_xfer_cntrl|d_data_cntrl[7]~feeder|dataa
                Info (332115):      4.324      0.681 RR  CELL  U_core|U_nios_system|axi_ad9361_0|i_rx|i_rx_channel_3|i_up_adc_channel|i_xfer_cntrl|d_data_cntrl[7]~feeder|combout
                Info (332115):      4.324      0.000 RR    IC  U_core|U_nios_system|axi_ad9361_0|i_rx|i_rx_channel_3|i_up_adc_channel|i_xfer_cntrl|d_data_cntrl[7]|d
                Info (332115):      4.630      0.306 RR  CELL  bladerf_core:U_core|nios_system:U_nios_system|axi_ad9361:axi_ad9361_0|axi_ad9361_rx:i_rx|axi_ad9361_rx_channel:i_rx_channel_3|up_adc_channel:i_up_adc_channel|up_xfer_cntrl:i_xfer_cntrl|d_data_cntrl[7]
                Info (332115): Clock Arrival Path:
                Info (332115): Total (ns)  Incr (ns)     Type  Element
                Info (332115): ==========  ========= ==  ====  ===================================
                Info (332115):      4.732      4.732  R        clock network delay
                Info (332115):      4.572     -0.160           clock uncertainty
                Info (332115):      4.572      0.000     uTsu  bladerf_core:U_core|nios_system:U_nios_system|axi_ad9361:axi_ad9361_0|axi_ad9361_rx:i_rx|axi_ad9361_rx_channel:i_rx_channel_3|up_adc_channel:i_up_adc_channel|up_xfer_cntrl:i_xfer_cntrl|d_data_cntrl[7]
            Info (332181): Earliest Path Arrival
                Info (332115): From Node          : bladerf_core:U_core|nios_system:U_nios_system|axi_ad9361:axi_ad9361_0|axi_ad9361_rx:i_rx|axi_ad9361_rx_channel:i_rx_channel_3|up_adc_channel:i_up_adc_channel|up_xfer_cntrl:i_xfer_cntrl|up_xfer_data[17]
                Info (332115): To Node            : bladerf_core:U_core|nios_system:U_nios_system|axi_ad9361:axi_ad9361_0|axi_ad9361_rx:i_rx|axi_ad9361_rx_channel:i_rx_channel_3|up_adc_channel:i_up_adc_channel|up_xfer_cntrl:i_xfer_cntrl|d_data_cntrl[17]
                Info (332115): Launch Clock       : U_core|U_system_pll|altera_pll_i|general[0].gpll~PLL_OUTPUT_COUNTER|divclk
                Info (332115): Latch Clock        : U_core|U_nios_system|axi_ad9361_0|i_dev_if|i_rx|i_altlvds_rx|auto_generated|pll_sclk~PLL_OUTPUT_COUNTER|divclk
                Info (332115): Data Arrival Time  : 2.366
                Info (332115): Clock Arrival Time : 6.524
                Info (332115): Relative Delay     : -4.158
                Info (332115): Data Arrival Path:
                Info (332115): Total (ns)  Incr (ns)     Type  Element
                Info (332115): ==========  ========= ==  ====  ===================================
                Info (332115):      1.755      1.755  R        clock network delay
                Info (332115):      1.755      0.000     uTco  bladerf_core:U_core|nios_system:U_nios_system|axi_ad9361:axi_ad9361_0|axi_ad9361_rx:i_rx|axi_ad9361_rx_channel:i_rx_channel_3|up_adc_channel:i_up_adc_channel|up_xfer_cntrl:i_xfer_cntrl|up_xfer_data[17]
                Info (332115):      1.755      0.000 FF  CELL  U_core|U_nios_system|axi_ad9361_0|i_rx|i_rx_channel_3|i_up_adc_channel|i_xfer_cntrl|up_xfer_data[17]|q
                Info (332115):      2.038      0.283 FF    IC  U_core|U_nios_system|axi_ad9361_0|i_rx|i_rx_channel_3|i_up_adc_channel|i_xfer_cntrl|d_data_cntrl[17]|asdata
                Info (332115):      2.366      0.328 FF  CELL  bladerf_core:U_core|nios_system:U_nios_system|axi_ad9361:axi_ad9361_0|axi_ad9361_rx:i_rx|axi_ad9361_rx_channel:i_rx_channel_3|up_adc_channel:i_up_adc_channel|up_xfer_cntrl:i_xfer_cntrl|d_data_cntrl[17]
                Info (332115): Clock Arrival Path:
                Info (332115): Total (ns)  Incr (ns)     Type  Element
                Info (332115): ==========  ========= ==  ====  ===================================
                Info (332115):      6.364      6.364  R        clock network delay
                Info (332115):      6.524      0.160           clock uncertainty
                Info (332115):      6.524      0.000      uTh  bladerf_core:U_core|nios_system:U_nios_system|axi_ad9361:axi_ad9361_0|axi_ad9361_rx:i_rx|axi_ad9361_rx_channel:i_rx_channel_3|up_adc_channel:i_up_adc_channel|up_xfer_cntrl:i_xfer_cntrl|d_data_cntrl[17]
            Info (332181): Cross Path Clock Pessimism Removed : 2.771
            Info (332181): Required Skew   : 6.400
            Info (332181): Actual Skew     : 1.445
            Info (332181): Slack           : 4.955
    Info (332181): Skew for the Earliest Arrival
        Info (332181): Path #109: Slack is 4.865 
            Info (332181): Latest Path Arrival
                Info (332115): From Node          : bladerf_core:U_core|nios_system:U_nios_system|axi_ad9361:axi_ad9361_0|axi_ad9361_rx:i_rx|axi_ad9361_rx_channel:i_rx_channel_3|up_adc_channel:i_up_adc_channel|up_xfer_cntrl:i_xfer_cntrl|up_xfer_data[5]
                Info (332115): To Node            : bladerf_core:U_core|nios_system:U_nios_system|axi_ad9361:axi_ad9361_0|axi_ad9361_rx:i_rx|axi_ad9361_rx_channel:i_rx_channel_3|up_adc_channel:i_up_adc_channel|up_xfer_cntrl:i_xfer_cntrl|d_data_cntrl[5]
                Info (332115): Launch Clock       : U_core|U_system_pll|altera_pll_i|general[0].gpll~PLL_OUTPUT_COUNTER|divclk
                Info (332115): Latch Clock        : U_core|U_nios_system|axi_ad9361_0|i_dev_if|i_rx|i_altlvds_rx|auto_generated|pll_sclk~PLL_OUTPUT_COUNTER|divclk
                Info (332115): Data Arrival Time  : 4.713
                Info (332115): Clock Arrival Time : 4.565
                Info (332115): Relative Delay     : 0.148
                Info (332115): Data Arrival Path:
                Info (332115): Total (ns)  Incr (ns)     Type  Element
                Info (332115): ==========  ========= ==  ====  ===================================
                Info (332115):      3.301      3.301  R        clock network delay
                Info (332115):      3.301      0.000     uTco  bladerf_core:U_core|nios_system:U_nios_system|axi_ad9361:axi_ad9361_0|axi_ad9361_rx:i_rx|axi_ad9361_rx_channel:i_rx_channel_3|up_adc_channel:i_up_adc_channel|up_xfer_cntrl:i_xfer_cntrl|up_xfer_data[5]
                Info (332115):      3.301      0.000 RR  CELL  U_core|U_nios_system|axi_ad9361_0|i_rx|i_rx_channel_3|i_up_adc_channel|i_xfer_cntrl|up_xfer_data[5]|q
                Info (332115):      3.991      0.690 RR    IC  U_core|U_nios_system|axi_ad9361_0|i_rx|i_rx_channel_3|i_up_adc_channel|i_xfer_cntrl|d_data_cntrl[5]|asdata
                Info (332115):      4.713      0.722 RR  CELL  bladerf_core:U_core|nios_system:U_nios_system|axi_ad9361:axi_ad9361_0|axi_ad9361_rx:i_rx|axi_ad9361_rx_channel:i_rx_channel_3|up_adc_channel:i_up_adc_channel|up_xfer_cntrl:i_xfer_cntrl|d_data_cntrl[5]
                Info (332115): Clock Arrival Path:
                Info (332115): Total (ns)  Incr (ns)     Type  Element
                Info (332115): ==========  ========= ==  ====  ===================================
                Info (332115):      4.725      4.725  R        clock network delay
                Info (332115):      4.565     -0.160           clock uncertainty
                Info (332115):      4.565      0.000     uTsu  bladerf_core:U_core|nios_system:U_nios_system|axi_ad9361:axi_ad9361_0|axi_ad9361_rx:i_rx|axi_ad9361_rx_channel:i_rx_channel_3|up_adc_channel:i_up_adc_channel|up_xfer_cntrl:i_xfer_cntrl|d_data_cntrl[5]
            Info (332181): Earliest Path Arrival
                Info (332115): From Node          : bladerf_core:U_core|nios_system:U_nios_system|axi_ad9361:axi_ad9361_0|axi_ad9361_rx:i_rx|axi_ad9361_rx_channel:i_rx_channel_3|up_adc_channel:i_up_adc_channel|up_xfer_cntrl:i_xfer_cntrl|up_xfer_data[17]
                Info (332115): To Node            : bladerf_core:U_core|nios_system:U_nios_system|axi_ad9361:axi_ad9361_0|axi_ad9361_rx:i_rx|axi_ad9361_rx_channel:i_rx_channel_3|up_adc_channel:i_up_adc_channel|up_xfer_cntrl:i_xfer_cntrl|d_data_cntrl[17]
                Info (332115): Launch Clock       : U_core|U_system_pll|altera_pll_i|general[0].gpll~PLL_OUTPUT_COUNTER|divclk
                Info (332115): Latch Clock        : U_core|U_nios_system|axi_ad9361_0|i_dev_if|i_rx|i_altlvds_rx|auto_generated|pll_sclk~PLL_OUTPUT_COUNTER|divclk
                Info (332115): Data Arrival Time  : 2.366
                Info (332115): Clock Arrival Time : 6.524
                Info (332115): Relative Delay     : -4.158
                Info (332115): Data Arrival Path:
                Info (332115): Total (ns)  Incr (ns)     Type  Element
                Info (332115): ==========  ========= ==  ====  ===================================
                Info (332115):      1.755      1.755  R        clock network delay
                Info (332115):      1.755      0.000     uTco  bladerf_core:U_core|nios_system:U_nios_system|axi_ad9361:axi_ad9361_0|axi_ad9361_rx:i_rx|axi_ad9361_rx_channel:i_rx_channel_3|up_adc_channel:i_up_adc_channel|up_xfer_cntrl:i_xfer_cntrl|up_xfer_data[17]
                Info (332115):      1.755      0.000 FF  CELL  U_core|U_nios_system|axi_ad9361_0|i_rx|i_rx_channel_3|i_up_adc_channel|i_xfer_cntrl|up_xfer_data[17]|q
                Info (332115):      2.038      0.283 FF    IC  U_core|U_nios_system|axi_ad9361_0|i_rx|i_rx_channel_3|i_up_adc_channel|i_xfer_cntrl|d_data_cntrl[17]|asdata
                Info (332115):      2.366      0.328 FF  CELL  bladerf_core:U_core|nios_system:U_nios_system|axi_ad9361:axi_ad9361_0|axi_ad9361_rx:i_rx|axi_ad9361_rx_channel:i_rx_channel_3|up_adc_channel:i_up_adc_channel|up_xfer_cntrl:i_xfer_cntrl|d_data_cntrl[17]
                Info (332115): Clock Arrival Path:
                Info (332115): Total (ns)  Incr (ns)     Type  Element
                Info (332115): ==========  ========= ==  ====  ===================================
                Info (332115):      6.364      6.364  R        clock network delay
                Info (332115):      6.524      0.160           clock uncertainty
                Info (332115):      6.524      0.000      uTh  bladerf_core:U_core|nios_system:U_nios_system|axi_ad9361:axi_ad9361_0|axi_ad9361_rx:i_rx|axi_ad9361_rx_channel:i_rx_channel_3|up_adc_channel:i_up_adc_channel|up_xfer_cntrl:i_xfer_cntrl|d_data_cntrl[17]
            Info (332181): Cross Path Clock Pessimism Removed : 2.771
            Info (332181): Required Skew   : 6.400
            Info (332181): Actual Skew     : 1.535
            Info (332181): Slack           : 4.865
        Info (332181): Path #110: Slack is 4.888 
            Info (332181): Latest Path Arrival
                Info (332115): From Node          : bladerf_core:U_core|nios_system:U_nios_system|axi_ad9361:axi_ad9361_0|axi_ad9361_rx:i_rx|axi_ad9361_rx_channel:i_rx_channel_3|up_adc_channel:i_up_adc_channel|up_xfer_cntrl:i_xfer_cntrl|up_xfer_data[5]
                Info (332115): To Node            : bladerf_core:U_core|nios_system:U_nios_system|axi_ad9361:axi_ad9361_0|axi_ad9361_rx:i_rx|axi_ad9361_rx_channel:i_rx_channel_3|up_adc_channel:i_up_adc_channel|up_xfer_cntrl:i_xfer_cntrl|d_data_cntrl[5]
                Info (332115): Launch Clock       : U_core|U_system_pll|altera_pll_i|general[0].gpll~PLL_OUTPUT_COUNTER|divclk
                Info (332115): Latch Clock        : U_core|U_nios_system|axi_ad9361_0|i_dev_if|i_rx|i_altlvds_rx|auto_generated|pll_sclk~PLL_OUTPUT_COUNTER|divclk
                Info (332115): Data Arrival Time  : 4.713
                Info (332115): Clock Arrival Time : 4.565
                Info (332115): Relative Delay     : 0.148
                Info (332115): Data Arrival Path:
                Info (332115): Total (ns)  Incr (ns)     Type  Element
                Info (332115): ==========  ========= ==  ====  ===================================
                Info (332115):      3.301      3.301  R        clock network delay
                Info (332115):      3.301      0.000     uTco  bladerf_core:U_core|nios_system:U_nios_system|axi_ad9361:axi_ad9361_0|axi_ad9361_rx:i_rx|axi_ad9361_rx_channel:i_rx_channel_3|up_adc_channel:i_up_adc_channel|up_xfer_cntrl:i_xfer_cntrl|up_xfer_data[5]
                Info (332115):      3.301      0.000 RR  CELL  U_core|U_nios_system|axi_ad9361_0|i_rx|i_rx_channel_3|i_up_adc_channel|i_xfer_cntrl|up_xfer_data[5]|q
                Info (332115):      3.991      0.690 RR    IC  U_core|U_nios_system|axi_ad9361_0|i_rx|i_rx_channel_3|i_up_adc_channel|i_xfer_cntrl|d_data_cntrl[5]|asdata
                Info (332115):      4.713      0.722 RR  CELL  bladerf_core:U_core|nios_system:U_nios_system|axi_ad9361:axi_ad9361_0|axi_ad9361_rx:i_rx|axi_ad9361_rx_channel:i_rx_channel_3|up_adc_channel:i_up_adc_channel|up_xfer_cntrl:i_xfer_cntrl|d_data_cntrl[5]
                Info (332115): Clock Arrival Path:
                Info (332115): Total (ns)  Incr (ns)     Type  Element
                Info (332115): ==========  ========= ==  ====  ===================================
                Info (332115):      4.725      4.725  R        clock network delay
                Info (332115):      4.565     -0.160           clock uncertainty
                Info (332115):      4.565      0.000     uTsu  bladerf_core:U_core|nios_system:U_nios_system|axi_ad9361:axi_ad9361_0|axi_ad9361_rx:i_rx|axi_ad9361_rx_channel:i_rx_channel_3|up_adc_channel:i_up_adc_channel|up_xfer_cntrl:i_xfer_cntrl|d_data_cntrl[5]
            Info (332181): Earliest Path Arrival
                Info (332115): From Node          : bladerf_core:U_core|nios_system:U_nios_system|axi_ad9361:axi_ad9361_0|axi_ad9361_rx:i_rx|axi_ad9361_rx_channel:i_rx_channel_3|up_adc_channel:i_up_adc_channel|up_xfer_cntrl:i_xfer_cntrl|up_xfer_data[15]
                Info (332115): To Node            : bladerf_core:U_core|nios_system:U_nios_system|axi_ad9361:axi_ad9361_0|axi_ad9361_rx:i_rx|axi_ad9361_rx_channel:i_rx_channel_3|up_adc_channel:i_up_adc_channel|up_xfer_cntrl:i_xfer_cntrl|d_data_cntrl[15]
                Info (332115): Launch Clock       : U_core|U_system_pll|altera_pll_i|general[0].gpll~PLL_OUTPUT_COUNTER|divclk
                Info (332115): Latch Clock        : U_core|U_nios_system|axi_ad9361_0|i_dev_if|i_rx|i_altlvds_rx|auto_generated|pll_sclk~PLL_OUTPUT_COUNTER|divclk
                Info (332115): Data Arrival Time  : 2.397
                Info (332115): Clock Arrival Time : 6.532
                Info (332115): Relative Delay     : -4.135
                Info (332115): Data Arrival Path:
                Info (332115): Total (ns)  Incr (ns)     Type  Element
                Info (332115): ==========  ========= ==  ====  ===================================
                Info (332115):      1.754      1.754  R        clock network delay
                Info (332115):      1.754      0.000     uTco  bladerf_core:U_core|nios_system:U_nios_system|axi_ad9361:axi_ad9361_0|axi_ad9361_rx:i_rx|axi_ad9361_rx_channel:i_rx_channel_3|up_adc_channel:i_up_adc_channel|up_xfer_cntrl:i_xfer_cntrl|up_xfer_data[15]
                Info (332115):      1.754      0.000 FF  CELL  U_core|U_nios_system|axi_ad9361_0|i_rx|i_rx_channel_3|i_up_adc_channel|i_xfer_cntrl|up_xfer_data[15]|q
                Info (332115):      2.260      0.506 FF    IC  U_core|U_nios_system|axi_ad9361_0|i_rx|i_rx_channel_3|i_up_adc_channel|i_xfer_cntrl|d_data_cntrl[15]~feeder|dataf
                Info (332115):      2.314      0.054 FF  CELL  U_core|U_nios_system|axi_ad9361_0|i_rx|i_rx_channel_3|i_up_adc_channel|i_xfer_cntrl|d_data_cntrl[15]~feeder|combout
                Info (332115):      2.314      0.000 FF    IC  U_core|U_nios_system|axi_ad9361_0|i_rx|i_rx_channel_3|i_up_adc_channel|i_xfer_cntrl|d_data_cntrl[15]|d
                Info (332115):      2.397      0.083 FF  CELL  bladerf_core:U_core|nios_system:U_nios_system|axi_ad9361:axi_ad9361_0|axi_ad9361_rx:i_rx|axi_ad9361_rx_channel:i_rx_channel_3|up_adc_channel:i_up_adc_channel|up_xfer_cntrl:i_xfer_cntrl|d_data_cntrl[15]
                Info (332115): Clock Arrival Path:
                Info (332115): Total (ns)  Incr (ns)     Type  Element
                Info (332115): ==========  ========= ==  ====  ===================================
                Info (332115):      6.372      6.372  R        clock network delay
                Info (332115):      6.532      0.160           clock uncertainty
                Info (332115):      6.532      0.000      uTh  bladerf_core:U_core|nios_system:U_nios_system|axi_ad9361:axi_ad9361_0|axi_ad9361_rx:i_rx|axi_ad9361_rx_channel:i_rx_channel_3|up_adc_channel:i_up_adc_channel|up_xfer_cntrl:i_xfer_cntrl|d_data_cntrl[15]
            Info (332181): Cross Path Clock Pessimism Removed : 2.771
            Info (332181): Required Skew   : 6.400
            Info (332181): Actual Skew     : 1.512
            Info (332181): Slack           : 4.888
        Info (332181): Path #111: Slack is 4.906 
            Info (332181): Latest Path Arrival
                Info (332115): From Node          : bladerf_core:U_core|nios_system:U_nios_system|axi_ad9361:axi_ad9361_0|axi_ad9361_rx:i_rx|axi_ad9361_rx_channel:i_rx_channel_3|up_adc_channel:i_up_adc_channel|up_xfer_cntrl:i_xfer_cntrl|up_xfer_data[5]
                Info (332115): To Node            : bladerf_core:U_core|nios_system:U_nios_system|axi_ad9361:axi_ad9361_0|axi_ad9361_rx:i_rx|axi_ad9361_rx_channel:i_rx_channel_3|up_adc_channel:i_up_adc_channel|up_xfer_cntrl:i_xfer_cntrl|d_data_cntrl[5]
                Info (332115): Launch Clock       : U_core|U_system_pll|altera_pll_i|general[0].gpll~PLL_OUTPUT_COUNTER|divclk
                Info (332115): Latch Clock        : U_core|U_nios_system|axi_ad9361_0|i_dev_if|i_rx|i_altlvds_rx|auto_generated|pll_sclk~PLL_OUTPUT_COUNTER|divclk
                Info (332115): Data Arrival Time  : 4.713
                Info (332115): Clock Arrival Time : 4.565
                Info (332115): Relative Delay     : 0.148
                Info (332115): Data Arrival Path:
                Info (332115): Total (ns)  Incr (ns)     Type  Element
                Info (332115): ==========  ========= ==  ====  ===================================
                Info (332115):      3.301      3.301  R        clock network delay
                Info (332115):      3.301      0.000     uTco  bladerf_core:U_core|nios_system:U_nios_system|axi_ad9361:axi_ad9361_0|axi_ad9361_rx:i_rx|axi_ad9361_rx_channel:i_rx_channel_3|up_adc_channel:i_up_adc_channel|up_xfer_cntrl:i_xfer_cntrl|up_xfer_data[5]
                Info (332115):      3.301      0.000 RR  CELL  U_core|U_nios_system|axi_ad9361_0|i_rx|i_rx_channel_3|i_up_adc_channel|i_xfer_cntrl|up_xfer_data[5]|q
                Info (332115):      3.991      0.690 RR    IC  U_core|U_nios_system|axi_ad9361_0|i_rx|i_rx_channel_3|i_up_adc_channel|i_xfer_cntrl|d_data_cntrl[5]|asdata
                Info (332115):      4.713      0.722 RR  CELL  bladerf_core:U_core|nios_system:U_nios_system|axi_ad9361:axi_ad9361_0|axi_ad9361_rx:i_rx|axi_ad9361_rx_channel:i_rx_channel_3|up_adc_channel:i_up_adc_channel|up_xfer_cntrl:i_xfer_cntrl|d_data_cntrl[5]
                Info (332115): Clock Arrival Path:
                Info (332115): Total (ns)  Incr (ns)     Type  Element
                Info (332115): ==========  ========= ==  ====  ===================================
                Info (332115):      4.725      4.725  R        clock network delay
                Info (332115):      4.565     -0.160           clock uncertainty
                Info (332115):      4.565      0.000     uTsu  bladerf_core:U_core|nios_system:U_nios_system|axi_ad9361:axi_ad9361_0|axi_ad9361_rx:i_rx|axi_ad9361_rx_channel:i_rx_channel_3|up_adc_channel:i_up_adc_channel|up_xfer_cntrl:i_xfer_cntrl|d_data_cntrl[5]
            Info (332181): Earliest Path Arrival
                Info (332115): From Node          : bladerf_core:U_core|nios_system:U_nios_system|axi_ad9361:axi_ad9361_0|axi_ad9361_rx:i_rx|axi_ad9361_rx_channel:i_rx_channel_3|up_adc_channel:i_up_adc_channel|up_xfer_cntrl:i_xfer_cntrl|up_xfer_data[27]
                Info (332115): To Node            : bladerf_core:U_core|nios_system:U_nios_system|axi_ad9361:axi_ad9361_0|axi_ad9361_rx:i_rx|axi_ad9361_rx_channel:i_rx_channel_3|up_adc_channel:i_up_adc_channel|up_xfer_cntrl:i_xfer_cntrl|d_data_cntrl[27]
                Info (332115): Launch Clock       : U_core|U_system_pll|altera_pll_i|general[0].gpll~PLL_OUTPUT_COUNTER|divclk
                Info (332115): Latch Clock        : U_core|U_nios_system|axi_ad9361_0|i_dev_if|i_rx|i_altlvds_rx|auto_generated|pll_sclk~PLL_OUTPUT_COUNTER|divclk
                Info (332115): Data Arrival Time  : 2.407
                Info (332115): Clock Arrival Time : 6.524
                Info (332115): Relative Delay     : -4.117
                Info (332115): Data Arrival Path:
                Info (332115): Total (ns)  Incr (ns)     Type  Element
                Info (332115): ==========  ========= ==  ====  ===================================
                Info (332115):      1.761      1.761  R        clock network delay
                Info (332115):      1.761      0.000     uTco  bladerf_core:U_core|nios_system:U_nios_system|axi_ad9361:axi_ad9361_0|axi_ad9361_rx:i_rx|axi_ad9361_rx_channel:i_rx_channel_3|up_adc_channel:i_up_adc_channel|up_xfer_cntrl:i_xfer_cntrl|up_xfer_data[27]
                Info (332115):      1.761      0.000 FF  CELL  U_core|U_nios_system|axi_ad9361_0|i_rx|i_rx_channel_3|i_up_adc_channel|i_xfer_cntrl|up_xfer_data[27]|q
                Info (332115):      2.038      0.277 FF    IC  U_core|U_nios_system|axi_ad9361_0|i_rx|i_rx_channel_3|i_up_adc_channel|i_xfer_cntrl|d_data_cntrl[27]|asdata
                Info (332115):      2.407      0.369 FF  CELL  bladerf_core:U_core|nios_system:U_nios_system|axi_ad9361:axi_ad9361_0|axi_ad9361_rx:i_rx|axi_ad9361_rx_channel:i_rx_channel_3|up_adc_channel:i_up_adc_channel|up_xfer_cntrl:i_xfer_cntrl|d_data_cntrl[27]
                Info (332115): Clock Arrival Path:
                Info (332115): Total (ns)  Incr (ns)     Type  Element
                Info (332115): ==========  ========= ==  ====  ===================================
                Info (332115):      6.364      6.364  R        clock network delay
                Info (332115):      6.524      0.160           clock uncertainty
                Info (332115):      6.524      0.000      uTh  bladerf_core:U_core|nios_system:U_nios_system|axi_ad9361:axi_ad9361_0|axi_ad9361_rx:i_rx|axi_ad9361_rx_channel:i_rx_channel_3|up_adc_channel:i_up_adc_channel|up_xfer_cntrl:i_xfer_cntrl|d_data_cntrl[27]
            Info (332181): Cross Path Clock Pessimism Removed : 2.771
            Info (332181): Required Skew   : 6.400
            Info (332181): Actual Skew     : 1.494
            Info (332181): Slack           : 4.906
        Info (332181): Path #112: Slack is 4.920 
            Info (332181): Latest Path Arrival
                Info (332115): From Node          : bladerf_core:U_core|nios_system:U_nios_system|axi_ad9361:axi_ad9361_0|axi_ad9361_rx:i_rx|axi_ad9361_rx_channel:i_rx_channel_3|up_adc_channel:i_up_adc_channel|up_xfer_cntrl:i_xfer_cntrl|up_xfer_data[5]
                Info (332115): To Node            : bladerf_core:U_core|nios_system:U_nios_system|axi_ad9361:axi_ad9361_0|axi_ad9361_rx:i_rx|axi_ad9361_rx_channel:i_rx_channel_3|up_adc_channel:i_up_adc_channel|up_xfer_cntrl:i_xfer_cntrl|d_data_cntrl[5]
                Info (332115): Launch Clock       : U_core|U_system_pll|altera_pll_i|general[0].gpll~PLL_OUTPUT_COUNTER|divclk
                Info (332115): Latch Clock        : U_core|U_nios_system|axi_ad9361_0|i_dev_if|i_rx|i_altlvds_rx|auto_generated|pll_sclk~PLL_OUTPUT_COUNTER|divclk
                Info (332115): Data Arrival Time  : 4.713
                Info (332115): Clock Arrival Time : 4.565
                Info (332115): Relative Delay     : 0.148
                Info (332115): Data Arrival Path:
                Info (332115): Total (ns)  Incr (ns)     Type  Element
                Info (332115): ==========  ========= ==  ====  ===================================
                Info (332115):      3.301      3.301  R        clock network delay
                Info (332115):      3.301      0.000     uTco  bladerf_core:U_core|nios_system:U_nios_system|axi_ad9361:axi_ad9361_0|axi_ad9361_rx:i_rx|axi_ad9361_rx_channel:i_rx_channel_3|up_adc_channel:i_up_adc_channel|up_xfer_cntrl:i_xfer_cntrl|up_xfer_data[5]
                Info (332115):      3.301      0.000 RR  CELL  U_core|U_nios_system|axi_ad9361_0|i_rx|i_rx_channel_3|i_up_adc_channel|i_xfer_cntrl|up_xfer_data[5]|q
                Info (332115):      3.991      0.690 RR    IC  U_core|U_nios_system|axi_ad9361_0|i_rx|i_rx_channel_3|i_up_adc_channel|i_xfer_cntrl|d_data_cntrl[5]|asdata
                Info (332115):      4.713      0.722 RR  CELL  bladerf_core:U_core|nios_system:U_nios_system|axi_ad9361:axi_ad9361_0|axi_ad9361_rx:i_rx|axi_ad9361_rx_channel:i_rx_channel_3|up_adc_channel:i_up_adc_channel|up_xfer_cntrl:i_xfer_cntrl|d_data_cntrl[5]
                Info (332115): Clock Arrival Path:
                Info (332115): Total (ns)  Incr (ns)     Type  Element
                Info (332115): ==========  ========= ==  ====  ===================================
                Info (332115):      4.725      4.725  R        clock network delay
                Info (332115):      4.565     -0.160           clock uncertainty
                Info (332115):      4.565      0.000     uTsu  bladerf_core:U_core|nios_system:U_nios_system|axi_ad9361:axi_ad9361_0|axi_ad9361_rx:i_rx|axi_ad9361_rx_channel:i_rx_channel_3|up_adc_channel:i_up_adc_channel|up_xfer_cntrl:i_xfer_cntrl|d_data_cntrl[5]
            Info (332181): Earliest Path Arrival
                Info (332115): From Node          : bladerf_core:U_core|nios_system:U_nios_system|axi_ad9361:axi_ad9361_0|axi_ad9361_rx:i_rx|axi_ad9361_rx_channel:i_rx_channel_3|up_adc_channel:i_up_adc_channel|up_xfer_cntrl:i_xfer_cntrl|up_xfer_data[36]
                Info (332115): To Node            : bladerf_core:U_core|nios_system:U_nios_system|axi_ad9361:axi_ad9361_0|axi_ad9361_rx:i_rx|axi_ad9361_rx_channel:i_rx_channel_3|up_adc_channel:i_up_adc_channel|up_xfer_cntrl:i_xfer_cntrl|d_data_cntrl[36]
                Info (332115): Launch Clock       : U_core|U_system_pll|altera_pll_i|general[0].gpll~PLL_OUTPUT_COUNTER|divclk
                Info (332115): Latch Clock        : U_core|U_nios_system|axi_ad9361_0|i_dev_if|i_rx|i_altlvds_rx|auto_generated|pll_sclk~PLL_OUTPUT_COUNTER|divclk
                Info (332115): Data Arrival Time  : 2.427
                Info (332115): Clock Arrival Time : 6.530
                Info (332115): Relative Delay     : -4.103
                Info (332115): Data Arrival Path:
                Info (332115): Total (ns)  Incr (ns)     Type  Element
                Info (332115): ==========  ========= ==  ====  ===================================
                Info (332115):      1.753      1.753  R        clock network delay
                Info (332115):      1.753      0.000     uTco  bladerf_core:U_core|nios_system:U_nios_system|axi_ad9361:axi_ad9361_0|axi_ad9361_rx:i_rx|axi_ad9361_rx_channel:i_rx_channel_3|up_adc_channel:i_up_adc_channel|up_xfer_cntrl:i_xfer_cntrl|up_xfer_data[36]
                Info (332115):      1.753      0.000 FF  CELL  U_core|U_nios_system|axi_ad9361_0|i_rx|i_rx_channel_3|i_up_adc_channel|i_xfer_cntrl|up_xfer_data[36]|q
                Info (332115):      2.290      0.537 FF    IC  U_core|U_nios_system|axi_ad9361_0|i_rx|i_rx_channel_3|i_up_adc_channel|i_xfer_cntrl|d_data_cntrl[36]~feeder|dataf
                Info (332115):      2.345      0.055 FF  CELL  U_core|U_nios_system|axi_ad9361_0|i_rx|i_rx_channel_3|i_up_adc_channel|i_xfer_cntrl|d_data_cntrl[36]~feeder|combout
                Info (332115):      2.345      0.000 FF    IC  U_core|U_nios_system|axi_ad9361_0|i_rx|i_rx_channel_3|i_up_adc_channel|i_xfer_cntrl|d_data_cntrl[36]|d
                Info (332115):      2.427      0.082 FF  CELL  bladerf_core:U_core|nios_system:U_nios_system|axi_ad9361:axi_ad9361_0|axi_ad9361_rx:i_rx|axi_ad9361_rx_channel:i_rx_channel_3|up_adc_channel:i_up_adc_channel|up_xfer_cntrl:i_xfer_cntrl|d_data_cntrl[36]
                Info (332115): Clock Arrival Path:
                Info (332115): Total (ns)  Incr (ns)     Type  Element
                Info (332115): ==========  ========= ==  ====  ===================================
                Info (332115):      6.370      6.370  R        clock network delay
                Info (332115):      6.530      0.160           clock uncertainty
                Info (332115):      6.530      0.000      uTh  bladerf_core:U_core|nios_system:U_nios_system|axi_ad9361:axi_ad9361_0|axi_ad9361_rx:i_rx|axi_ad9361_rx_channel:i_rx_channel_3|up_adc_channel:i_up_adc_channel|up_xfer_cntrl:i_xfer_cntrl|d_data_cntrl[36]
            Info (332181): Cross Path Clock Pessimism Removed : 2.771
            Info (332181): Required Skew   : 6.400
            Info (332181): Actual Skew     : 1.480
            Info (332181): Slack           : 4.920
Info (332115): Worst-case slack is 4.905 for "set_max_skew -from [get_keepers {*axi_ad9361_rx_channel:i_rx_channel_0|up_adc_channel:i_up_adc_channel|up_xfer_cntrl:i_xfer_cntrl|up_xfer_data[*]}] -to [get_keepers {*axi_ad9361_rx_channel:i_rx_channel_0|up_adc_channel:i_up_adc_channel|up_xfer_cntrl:i_xfer_cntrl|d_data_cntrl[*]}] 6.400 "
    Info (332181): Skew for the Latest Arrival
        Info (332181): Path #113: Slack is 4.905 
            Info (332181): Latest Path Arrival
                Info (332115): From Node          : bladerf_core:U_core|nios_system:U_nios_system|axi_ad9361:axi_ad9361_0|axi_ad9361_rx:i_rx|axi_ad9361_rx_channel:i_rx_channel_0|up_adc_channel:i_up_adc_channel|up_xfer_cntrl:i_xfer_cntrl|up_xfer_data[0]
                Info (332115): To Node            : bladerf_core:U_core|nios_system:U_nios_system|axi_ad9361:axi_ad9361_0|axi_ad9361_rx:i_rx|axi_ad9361_rx_channel:i_rx_channel_0|up_adc_channel:i_up_adc_channel|up_xfer_cntrl:i_xfer_cntrl|d_data_cntrl[0]
                Info (332115): Launch Clock       : U_core|U_system_pll|altera_pll_i|general[0].gpll~PLL_OUTPUT_COUNTER|divclk
                Info (332115): Latch Clock        : U_core|U_nios_system|axi_ad9361_0|i_dev_if|i_rx|i_altlvds_rx|auto_generated|pll_sclk~PLL_OUTPUT_COUNTER|divclk
                Info (332115): Data Arrival Time  : 4.764
                Info (332115): Clock Arrival Time : 4.595
                Info (332115): Relative Delay     : 0.169
                Info (332115): Data Arrival Path:
                Info (332115): Total (ns)  Incr (ns)     Type  Element
                Info (332115): ==========  ========= ==  ====  ===================================
                Info (332115):      3.328      3.328  R        clock network delay
                Info (332115):      3.328      0.000     uTco  bladerf_core:U_core|nios_system:U_nios_system|axi_ad9361:axi_ad9361_0|axi_ad9361_rx:i_rx|axi_ad9361_rx_channel:i_rx_channel_0|up_adc_channel:i_up_adc_channel|up_xfer_cntrl:i_xfer_cntrl|up_xfer_data[0]
                Info (332115):      3.328      0.000 RR  CELL  U_core|U_nios_system|axi_ad9361_0|i_rx|i_rx_channel_0|i_up_adc_channel|i_xfer_cntrl|up_xfer_data[0]|q
                Info (332115):      4.042      0.714 RR    IC  U_core|U_nios_system|axi_ad9361_0|i_rx|i_rx_channel_0|i_up_adc_channel|i_xfer_cntrl|d_data_cntrl[0]|asdata
                Info (332115):      4.764      0.722 RR  CELL  bladerf_core:U_core|nios_system:U_nios_system|axi_ad9361:axi_ad9361_0|axi_ad9361_rx:i_rx|axi_ad9361_rx_channel:i_rx_channel_0|up_adc_channel:i_up_adc_channel|up_xfer_cntrl:i_xfer_cntrl|d_data_cntrl[0]
                Info (332115): Clock Arrival Path:
                Info (332115): Total (ns)  Incr (ns)     Type  Element
                Info (332115): ==========  ========= ==  ====  ===================================
                Info (332115):      4.755      4.755  R        clock network delay
                Info (332115):      4.595     -0.160           clock uncertainty
                Info (332115):      4.595      0.000     uTsu  bladerf_core:U_core|nios_system:U_nios_system|axi_ad9361:axi_ad9361_0|axi_ad9361_rx:i_rx|axi_ad9361_rx_channel:i_rx_channel_0|up_adc_channel:i_up_adc_channel|up_xfer_cntrl:i_xfer_cntrl|d_data_cntrl[0]
            Info (332181): Earliest Path Arrival
                Info (332115): From Node          : bladerf_core:U_core|nios_system:U_nios_system|axi_ad9361:axi_ad9361_0|axi_ad9361_rx:i_rx|axi_ad9361_rx_channel:i_rx_channel_0|up_adc_channel:i_up_adc_channel|up_xfer_cntrl:i_xfer_cntrl|up_xfer_data[31]
                Info (332115): To Node            : bladerf_core:U_core|nios_system:U_nios_system|axi_ad9361:axi_ad9361_0|axi_ad9361_rx:i_rx|axi_ad9361_rx_channel:i_rx_channel_0|up_adc_channel:i_up_adc_channel|up_xfer_cntrl:i_xfer_cntrl|d_data_cntrl[31]
                Info (332115): Launch Clock       : U_core|U_system_pll|altera_pll_i|general[0].gpll~PLL_OUTPUT_COUNTER|divclk
                Info (332115): Latch Clock        : U_core|U_nios_system|axi_ad9361_0|i_dev_if|i_rx|i_altlvds_rx|auto_generated|pll_sclk~PLL_OUTPUT_COUNTER|divclk
                Info (332115): Data Arrival Time  : 2.367
                Info (332115): Clock Arrival Time : 6.523
                Info (332115): Relative Delay     : -4.156
                Info (332115): Data Arrival Path:
                Info (332115): Total (ns)  Incr (ns)     Type  Element
                Info (332115): ==========  ========= ==  ====  ===================================
                Info (332115):      1.759      1.759  R        clock network delay
                Info (332115):      1.759      0.000     uTco  bladerf_core:U_core|nios_system:U_nios_system|axi_ad9361:axi_ad9361_0|axi_ad9361_rx:i_rx|axi_ad9361_rx_channel:i_rx_channel_0|up_adc_channel:i_up_adc_channel|up_xfer_cntrl:i_xfer_cntrl|up_xfer_data[31]
                Info (332115):      1.759      0.000 FF  CELL  U_core|U_nios_system|axi_ad9361_0|i_rx|i_rx_channel_0|i_up_adc_channel|i_xfer_cntrl|up_xfer_data[31]|q
                Info (332115):      2.039      0.280 FF    IC  U_core|U_nios_system|axi_ad9361_0|i_rx|i_rx_channel_0|i_up_adc_channel|i_xfer_cntrl|d_data_cntrl[31]|asdata
                Info (332115):      2.367      0.328 FF  CELL  bladerf_core:U_core|nios_system:U_nios_system|axi_ad9361:axi_ad9361_0|axi_ad9361_rx:i_rx|axi_ad9361_rx_channel:i_rx_channel_0|up_adc_channel:i_up_adc_channel|up_xfer_cntrl:i_xfer_cntrl|d_data_cntrl[31]
                Info (332115): Clock Arrival Path:
                Info (332115): Total (ns)  Incr (ns)     Type  Element
                Info (332115): ==========  ========= ==  ====  ===================================
                Info (332115):      6.363      6.363  R        clock network delay
                Info (332115):      6.523      0.160           clock uncertainty
                Info (332115):      6.523      0.000      uTh  bladerf_core:U_core|nios_system:U_nios_system|axi_ad9361:axi_ad9361_0|axi_ad9361_rx:i_rx|axi_ad9361_rx_channel:i_rx_channel_0|up_adc_channel:i_up_adc_channel|up_xfer_cntrl:i_xfer_cntrl|d_data_cntrl[31]
            Info (332181): Cross Path Clock Pessimism Removed : 2.830
            Info (332181): Required Skew   : 6.400
            Info (332181): Actual Skew     : 1.495
            Info (332181): Slack           : 4.905
        Info (332181): Path #114: Slack is 4.949 
            Info (332181): Latest Path Arrival
                Info (332115): From Node          : bladerf_core:U_core|nios_system:U_nios_system|axi_ad9361:axi_ad9361_0|axi_ad9361_rx:i_rx|axi_ad9361_rx_channel:i_rx_channel_0|up_adc_channel:i_up_adc_channel|up_xfer_cntrl:i_xfer_cntrl|up_xfer_data[7]
                Info (332115): To Node            : bladerf_core:U_core|nios_system:U_nios_system|axi_ad9361:axi_ad9361_0|axi_ad9361_rx:i_rx|axi_ad9361_rx_channel:i_rx_channel_0|up_adc_channel:i_up_adc_channel|up_xfer_cntrl:i_xfer_cntrl|d_data_cntrl[7]
                Info (332115): Launch Clock       : U_core|U_system_pll|altera_pll_i|general[0].gpll~PLL_OUTPUT_COUNTER|divclk
                Info (332115): Latch Clock        : U_core|U_nios_system|axi_ad9361_0|i_dev_if|i_rx|i_altlvds_rx|auto_generated|pll_sclk~PLL_OUTPUT_COUNTER|divclk
                Info (332115): Data Arrival Time  : 4.721
                Info (332115): Clock Arrival Time : 4.596
                Info (332115): Relative Delay     : 0.125
                Info (332115): Data Arrival Path:
                Info (332115): Total (ns)  Incr (ns)     Type  Element
                Info (332115): ==========  ========= ==  ====  ===================================
                Info (332115):      3.328      3.328  R        clock network delay
                Info (332115):      3.328      0.000     uTco  bladerf_core:U_core|nios_system:U_nios_system|axi_ad9361:axi_ad9361_0|axi_ad9361_rx:i_rx|axi_ad9361_rx_channel:i_rx_channel_0|up_adc_channel:i_up_adc_channel|up_xfer_cntrl:i_xfer_cntrl|up_xfer_data[7]
                Info (332115):      3.328      0.000 RR  CELL  U_core|U_nios_system|axi_ad9361_0|i_rx|i_rx_channel_0|i_up_adc_channel|i_xfer_cntrl|up_xfer_data[7]|q
                Info (332115):      4.013      0.685 RR    IC  U_core|U_nios_system|axi_ad9361_0|i_rx|i_rx_channel_0|i_up_adc_channel|i_xfer_cntrl|d_data_cntrl[7]|asdata
                Info (332115):      4.721      0.708 RR  CELL  bladerf_core:U_core|nios_system:U_nios_system|axi_ad9361:axi_ad9361_0|axi_ad9361_rx:i_rx|axi_ad9361_rx_channel:i_rx_channel_0|up_adc_channel:i_up_adc_channel|up_xfer_cntrl:i_xfer_cntrl|d_data_cntrl[7]
                Info (332115): Clock Arrival Path:
                Info (332115): Total (ns)  Incr (ns)     Type  Element
                Info (332115): ==========  ========= ==  ====  ===================================
                Info (332115):      4.756      4.756  R        clock network delay
                Info (332115):      4.596     -0.160           clock uncertainty
                Info (332115):      4.596      0.000     uTsu  bladerf_core:U_core|nios_system:U_nios_system|axi_ad9361:axi_ad9361_0|axi_ad9361_rx:i_rx|axi_ad9361_rx_channel:i_rx_channel_0|up_adc_channel:i_up_adc_channel|up_xfer_cntrl:i_xfer_cntrl|d_data_cntrl[7]
            Info (332181): Earliest Path Arrival
                Info (332115): From Node          : bladerf_core:U_core|nios_system:U_nios_system|axi_ad9361:axi_ad9361_0|axi_ad9361_rx:i_rx|axi_ad9361_rx_channel:i_rx_channel_0|up_adc_channel:i_up_adc_channel|up_xfer_cntrl:i_xfer_cntrl|up_xfer_data[31]
                Info (332115): To Node            : bladerf_core:U_core|nios_system:U_nios_system|axi_ad9361:axi_ad9361_0|axi_ad9361_rx:i_rx|axi_ad9361_rx_channel:i_rx_channel_0|up_adc_channel:i_up_adc_channel|up_xfer_cntrl:i_xfer_cntrl|d_data_cntrl[31]
                Info (332115): Launch Clock       : U_core|U_system_pll|altera_pll_i|general[0].gpll~PLL_OUTPUT_COUNTER|divclk
                Info (332115): Latch Clock        : U_core|U_nios_system|axi_ad9361_0|i_dev_if|i_rx|i_altlvds_rx|auto_generated|pll_sclk~PLL_OUTPUT_COUNTER|divclk
                Info (332115): Data Arrival Time  : 2.367
                Info (332115): Clock Arrival Time : 6.523
                Info (332115): Relative Delay     : -4.156
                Info (332115): Data Arrival Path:
                Info (332115): Total (ns)  Incr (ns)     Type  Element
                Info (332115): ==========  ========= ==  ====  ===================================
                Info (332115):      1.759      1.759  R        clock network delay
                Info (332115):      1.759      0.000     uTco  bladerf_core:U_core|nios_system:U_nios_system|axi_ad9361:axi_ad9361_0|axi_ad9361_rx:i_rx|axi_ad9361_rx_channel:i_rx_channel_0|up_adc_channel:i_up_adc_channel|up_xfer_cntrl:i_xfer_cntrl|up_xfer_data[31]
                Info (332115):      1.759      0.000 FF  CELL  U_core|U_nios_system|axi_ad9361_0|i_rx|i_rx_channel_0|i_up_adc_channel|i_xfer_cntrl|up_xfer_data[31]|q
                Info (332115):      2.039      0.280 FF    IC  U_core|U_nios_system|axi_ad9361_0|i_rx|i_rx_channel_0|i_up_adc_channel|i_xfer_cntrl|d_data_cntrl[31]|asdata
                Info (332115):      2.367      0.328 FF  CELL  bladerf_core:U_core|nios_system:U_nios_system|axi_ad9361:axi_ad9361_0|axi_ad9361_rx:i_rx|axi_ad9361_rx_channel:i_rx_channel_0|up_adc_channel:i_up_adc_channel|up_xfer_cntrl:i_xfer_cntrl|d_data_cntrl[31]
                Info (332115): Clock Arrival Path:
                Info (332115): Total (ns)  Incr (ns)     Type  Element
                Info (332115): ==========  ========= ==  ====  ===================================
                Info (332115):      6.363      6.363  R        clock network delay
                Info (332115):      6.523      0.160           clock uncertainty
                Info (332115):      6.523      0.000      uTh  bladerf_core:U_core|nios_system:U_nios_system|axi_ad9361:axi_ad9361_0|axi_ad9361_rx:i_rx|axi_ad9361_rx_channel:i_rx_channel_0|up_adc_channel:i_up_adc_channel|up_xfer_cntrl:i_xfer_cntrl|d_data_cntrl[31]
            Info (332181): Cross Path Clock Pessimism Removed : 2.830
            Info (332181): Required Skew   : 6.400
            Info (332181): Actual Skew     : 1.451
            Info (332181): Slack           : 4.949
        Info (332181): Path #115: Slack is 5.004 
            Info (332181): Latest Path Arrival
                Info (332115): From Node          : bladerf_core:U_core|nios_system:U_nios_system|axi_ad9361:axi_ad9361_0|axi_ad9361_rx:i_rx|axi_ad9361_rx_channel:i_rx_channel_0|up_adc_channel:i_up_adc_channel|up_xfer_cntrl:i_xfer_cntrl|up_xfer_data[5]
                Info (332115): To Node            : bladerf_core:U_core|nios_system:U_nios_system|axi_ad9361:axi_ad9361_0|axi_ad9361_rx:i_rx|axi_ad9361_rx_channel:i_rx_channel_0|up_adc_channel:i_up_adc_channel|up_xfer_cntrl:i_xfer_cntrl|d_data_cntrl[5]
                Info (332115): Launch Clock       : U_core|U_system_pll|altera_pll_i|general[0].gpll~PLL_OUTPUT_COUNTER|divclk
                Info (332115): Latch Clock        : U_core|U_nios_system|axi_ad9361_0|i_dev_if|i_rx|i_altlvds_rx|auto_generated|pll_sclk~PLL_OUTPUT_COUNTER|divclk
                Info (332115): Data Arrival Time  : 4.673
                Info (332115): Clock Arrival Time : 4.603
                Info (332115): Relative Delay     : 0.070
                Info (332115): Data Arrival Path:
                Info (332115): Total (ns)  Incr (ns)     Type  Element
                Info (332115): ==========  ========= ==  ====  ===================================
                Info (332115):      3.335      3.335  R        clock network delay
                Info (332115):      3.335      0.000     uTco  bladerf_core:U_core|nios_system:U_nios_system|axi_ad9361:axi_ad9361_0|axi_ad9361_rx:i_rx|axi_ad9361_rx_channel:i_rx_channel_0|up_adc_channel:i_up_adc_channel|up_xfer_cntrl:i_xfer_cntrl|up_xfer_data[5]
                Info (332115):      3.335      0.000 RR  CELL  U_core|U_nios_system|axi_ad9361_0|i_rx|i_rx_channel_0|i_up_adc_channel|i_xfer_cntrl|up_xfer_data[5]|q
                Info (332115):      3.686      0.351 RR    IC  U_core|U_nios_system|axi_ad9361_0|i_rx|i_rx_channel_0|i_up_adc_channel|i_xfer_cntrl|d_data_cntrl[5]~feeder|dataa
                Info (332115):      4.367      0.681 RR  CELL  U_core|U_nios_system|axi_ad9361_0|i_rx|i_rx_channel_0|i_up_adc_channel|i_xfer_cntrl|d_data_cntrl[5]~feeder|combout
                Info (332115):      4.367      0.000 RR    IC  U_core|U_nios_system|axi_ad9361_0|i_rx|i_rx_channel_0|i_up_adc_channel|i_xfer_cntrl|d_data_cntrl[5]|d
                Info (332115):      4.673      0.306 RR  CELL  bladerf_core:U_core|nios_system:U_nios_system|axi_ad9361:axi_ad9361_0|axi_ad9361_rx:i_rx|axi_ad9361_rx_channel:i_rx_channel_0|up_adc_channel:i_up_adc_channel|up_xfer_cntrl:i_xfer_cntrl|d_data_cntrl[5]
                Info (332115): Clock Arrival Path:
                Info (332115): Total (ns)  Incr (ns)     Type  Element
                Info (332115): ==========  ========= ==  ====  ===================================
                Info (332115):      4.763      4.763  R        clock network delay
                Info (332115):      4.603     -0.160           clock uncertainty
                Info (332115):      4.603      0.000     uTsu  bladerf_core:U_core|nios_system:U_nios_system|axi_ad9361:axi_ad9361_0|axi_ad9361_rx:i_rx|axi_ad9361_rx_channel:i_rx_channel_0|up_adc_channel:i_up_adc_channel|up_xfer_cntrl:i_xfer_cntrl|d_data_cntrl[5]
            Info (332181): Earliest Path Arrival
                Info (332115): From Node          : bladerf_core:U_core|nios_system:U_nios_system|axi_ad9361:axi_ad9361_0|axi_ad9361_rx:i_rx|axi_ad9361_rx_channel:i_rx_channel_0|up_adc_channel:i_up_adc_channel|up_xfer_cntrl:i_xfer_cntrl|up_xfer_data[31]
                Info (332115): To Node            : bladerf_core:U_core|nios_system:U_nios_system|axi_ad9361:axi_ad9361_0|axi_ad9361_rx:i_rx|axi_ad9361_rx_channel:i_rx_channel_0|up_adc_channel:i_up_adc_channel|up_xfer_cntrl:i_xfer_cntrl|d_data_cntrl[31]
                Info (332115): Launch Clock       : U_core|U_system_pll|altera_pll_i|general[0].gpll~PLL_OUTPUT_COUNTER|divclk
                Info (332115): Latch Clock        : U_core|U_nios_system|axi_ad9361_0|i_dev_if|i_rx|i_altlvds_rx|auto_generated|pll_sclk~PLL_OUTPUT_COUNTER|divclk
                Info (332115): Data Arrival Time  : 2.367
                Info (332115): Clock Arrival Time : 6.523
                Info (332115): Relative Delay     : -4.156
                Info (332115): Data Arrival Path:
                Info (332115): Total (ns)  Incr (ns)     Type  Element
                Info (332115): ==========  ========= ==  ====  ===================================
                Info (332115):      1.759      1.759  R        clock network delay
                Info (332115):      1.759      0.000     uTco  bladerf_core:U_core|nios_system:U_nios_system|axi_ad9361:axi_ad9361_0|axi_ad9361_rx:i_rx|axi_ad9361_rx_channel:i_rx_channel_0|up_adc_channel:i_up_adc_channel|up_xfer_cntrl:i_xfer_cntrl|up_xfer_data[31]
                Info (332115):      1.759      0.000 FF  CELL  U_core|U_nios_system|axi_ad9361_0|i_rx|i_rx_channel_0|i_up_adc_channel|i_xfer_cntrl|up_xfer_data[31]|q
                Info (332115):      2.039      0.280 FF    IC  U_core|U_nios_system|axi_ad9361_0|i_rx|i_rx_channel_0|i_up_adc_channel|i_xfer_cntrl|d_data_cntrl[31]|asdata
                Info (332115):      2.367      0.328 FF  CELL  bladerf_core:U_core|nios_system:U_nios_system|axi_ad9361:axi_ad9361_0|axi_ad9361_rx:i_rx|axi_ad9361_rx_channel:i_rx_channel_0|up_adc_channel:i_up_adc_channel|up_xfer_cntrl:i_xfer_cntrl|d_data_cntrl[31]
                Info (332115): Clock Arrival Path:
                Info (332115): Total (ns)  Incr (ns)     Type  Element
                Info (332115): ==========  ========= ==  ====  ===================================
                Info (332115):      6.363      6.363  R        clock network delay
                Info (332115):      6.523      0.160           clock uncertainty
                Info (332115):      6.523      0.000      uTh  bladerf_core:U_core|nios_system:U_nios_system|axi_ad9361:axi_ad9361_0|axi_ad9361_rx:i_rx|axi_ad9361_rx_channel:i_rx_channel_0|up_adc_channel:i_up_adc_channel|up_xfer_cntrl:i_xfer_cntrl|d_data_cntrl[31]
            Info (332181): Cross Path Clock Pessimism Removed : 2.830
            Info (332181): Required Skew   : 6.400
            Info (332181): Actual Skew     : 1.396
            Info (332181): Slack           : 5.004
        Info (332181): Path #116: Slack is 5.006 
            Info (332181): Latest Path Arrival
                Info (332115): From Node          : bladerf_core:U_core|nios_system:U_nios_system|axi_ad9361:axi_ad9361_0|axi_ad9361_rx:i_rx|axi_ad9361_rx_channel:i_rx_channel_0|up_adc_channel:i_up_adc_channel|up_xfer_cntrl:i_xfer_cntrl|up_xfer_data[1]
                Info (332115): To Node            : bladerf_core:U_core|nios_system:U_nios_system|axi_ad9361:axi_ad9361_0|axi_ad9361_rx:i_rx|axi_ad9361_rx_channel:i_rx_channel_0|up_adc_channel:i_up_adc_channel|up_xfer_cntrl:i_xfer_cntrl|d_data_cntrl[1]
                Info (332115): Launch Clock       : U_core|U_system_pll|altera_pll_i|general[0].gpll~PLL_OUTPUT_COUNTER|divclk
                Info (332115): Latch Clock        : U_core|U_nios_system|axi_ad9361_0|i_dev_if|i_rx|i_altlvds_rx|auto_generated|pll_sclk~PLL_OUTPUT_COUNTER|divclk
                Info (332115): Data Arrival Time  : 4.670
                Info (332115): Clock Arrival Time : 4.602
                Info (332115): Relative Delay     : 0.068
                Info (332115): Data Arrival Path:
                Info (332115): Total (ns)  Incr (ns)     Type  Element
                Info (332115): ==========  ========= ==  ====  ===================================
                Info (332115):      3.327      3.327  R        clock network delay
                Info (332115):      3.327      0.000     uTco  bladerf_core:U_core|nios_system:U_nios_system|axi_ad9361:axi_ad9361_0|axi_ad9361_rx:i_rx|axi_ad9361_rx_channel:i_rx_channel_0|up_adc_channel:i_up_adc_channel|up_xfer_cntrl:i_xfer_cntrl|up_xfer_data[1]
                Info (332115):      3.327      0.000 FF  CELL  U_core|U_nios_system|axi_ad9361_0|i_rx|i_rx_channel_0|i_up_adc_channel|i_xfer_cntrl|up_xfer_data[1]|q
                Info (332115):      3.967      0.640 FF    IC  U_core|U_nios_system|axi_ad9361_0|i_rx|i_rx_channel_0|i_up_adc_channel|i_xfer_cntrl|d_data_cntrl[1]|asdata
                Info (332115):      4.670      0.703 FF  CELL  bladerf_core:U_core|nios_system:U_nios_system|axi_ad9361:axi_ad9361_0|axi_ad9361_rx:i_rx|axi_ad9361_rx_channel:i_rx_channel_0|up_adc_channel:i_up_adc_channel|up_xfer_cntrl:i_xfer_cntrl|d_data_cntrl[1]
                Info (332115): Clock Arrival Path:
                Info (332115): Total (ns)  Incr (ns)     Type  Element
                Info (332115): ==========  ========= ==  ====  ===================================
                Info (332115):      4.762      4.762  R        clock network delay
                Info (332115):      4.602     -0.160           clock uncertainty
                Info (332115):      4.602      0.000     uTsu  bladerf_core:U_core|nios_system:U_nios_system|axi_ad9361:axi_ad9361_0|axi_ad9361_rx:i_rx|axi_ad9361_rx_channel:i_rx_channel_0|up_adc_channel:i_up_adc_channel|up_xfer_cntrl:i_xfer_cntrl|d_data_cntrl[1]
            Info (332181): Earliest Path Arrival
                Info (332115): From Node          : bladerf_core:U_core|nios_system:U_nios_system|axi_ad9361:axi_ad9361_0|axi_ad9361_rx:i_rx|axi_ad9361_rx_channel:i_rx_channel_0|up_adc_channel:i_up_adc_channel|up_xfer_cntrl:i_xfer_cntrl|up_xfer_data[31]
                Info (332115): To Node            : bladerf_core:U_core|nios_system:U_nios_system|axi_ad9361:axi_ad9361_0|axi_ad9361_rx:i_rx|axi_ad9361_rx_channel:i_rx_channel_0|up_adc_channel:i_up_adc_channel|up_xfer_cntrl:i_xfer_cntrl|d_data_cntrl[31]
                Info (332115): Launch Clock       : U_core|U_system_pll|altera_pll_i|general[0].gpll~PLL_OUTPUT_COUNTER|divclk
                Info (332115): Latch Clock        : U_core|U_nios_system|axi_ad9361_0|i_dev_if|i_rx|i_altlvds_rx|auto_generated|pll_sclk~PLL_OUTPUT_COUNTER|divclk
                Info (332115): Data Arrival Time  : 2.367
                Info (332115): Clock Arrival Time : 6.523
                Info (332115): Relative Delay     : -4.156
                Info (332115): Data Arrival Path:
                Info (332115): Total (ns)  Incr (ns)     Type  Element
                Info (332115): ==========  ========= ==  ====  ===================================
                Info (332115):      1.759      1.759  R        clock network delay
                Info (332115):      1.759      0.000     uTco  bladerf_core:U_core|nios_system:U_nios_system|axi_ad9361:axi_ad9361_0|axi_ad9361_rx:i_rx|axi_ad9361_rx_channel:i_rx_channel_0|up_adc_channel:i_up_adc_channel|up_xfer_cntrl:i_xfer_cntrl|up_xfer_data[31]
                Info (332115):      1.759      0.000 FF  CELL  U_core|U_nios_system|axi_ad9361_0|i_rx|i_rx_channel_0|i_up_adc_channel|i_xfer_cntrl|up_xfer_data[31]|q
                Info (332115):      2.039      0.280 FF    IC  U_core|U_nios_system|axi_ad9361_0|i_rx|i_rx_channel_0|i_up_adc_channel|i_xfer_cntrl|d_data_cntrl[31]|asdata
                Info (332115):      2.367      0.328 FF  CELL  bladerf_core:U_core|nios_system:U_nios_system|axi_ad9361:axi_ad9361_0|axi_ad9361_rx:i_rx|axi_ad9361_rx_channel:i_rx_channel_0|up_adc_channel:i_up_adc_channel|up_xfer_cntrl:i_xfer_cntrl|d_data_cntrl[31]
                Info (332115): Clock Arrival Path:
                Info (332115): Total (ns)  Incr (ns)     Type  Element
                Info (332115): ==========  ========= ==  ====  ===================================
                Info (332115):      6.363      6.363  R        clock network delay
                Info (332115):      6.523      0.160           clock uncertainty
                Info (332115):      6.523      0.000      uTh  bladerf_core:U_core|nios_system:U_nios_system|axi_ad9361:axi_ad9361_0|axi_ad9361_rx:i_rx|axi_ad9361_rx_channel:i_rx_channel_0|up_adc_channel:i_up_adc_channel|up_xfer_cntrl:i_xfer_cntrl|d_data_cntrl[31]
            Info (332181): Cross Path Clock Pessimism Removed : 2.830
            Info (332181): Required Skew   : 6.400
            Info (332181): Actual Skew     : 1.394
            Info (332181): Slack           : 5.006
    Info (332181): Skew for the Earliest Arrival
        Info (332181): Path #117: Slack is 4.905 
            Info (332181): Latest Path Arrival
                Info (332115): From Node          : bladerf_core:U_core|nios_system:U_nios_system|axi_ad9361:axi_ad9361_0|axi_ad9361_rx:i_rx|axi_ad9361_rx_channel:i_rx_channel_0|up_adc_channel:i_up_adc_channel|up_xfer_cntrl:i_xfer_cntrl|up_xfer_data[0]
                Info (332115): To Node            : bladerf_core:U_core|nios_system:U_nios_system|axi_ad9361:axi_ad9361_0|axi_ad9361_rx:i_rx|axi_ad9361_rx_channel:i_rx_channel_0|up_adc_channel:i_up_adc_channel|up_xfer_cntrl:i_xfer_cntrl|d_data_cntrl[0]
                Info (332115): Launch Clock       : U_core|U_system_pll|altera_pll_i|general[0].gpll~PLL_OUTPUT_COUNTER|divclk
                Info (332115): Latch Clock        : U_core|U_nios_system|axi_ad9361_0|i_dev_if|i_rx|i_altlvds_rx|auto_generated|pll_sclk~PLL_OUTPUT_COUNTER|divclk
                Info (332115): Data Arrival Time  : 4.764
                Info (332115): Clock Arrival Time : 4.595
                Info (332115): Relative Delay     : 0.169
                Info (332115): Data Arrival Path:
                Info (332115): Total (ns)  Incr (ns)     Type  Element
                Info (332115): ==========  ========= ==  ====  ===================================
                Info (332115):      3.328      3.328  R        clock network delay
                Info (332115):      3.328      0.000     uTco  bladerf_core:U_core|nios_system:U_nios_system|axi_ad9361:axi_ad9361_0|axi_ad9361_rx:i_rx|axi_ad9361_rx_channel:i_rx_channel_0|up_adc_channel:i_up_adc_channel|up_xfer_cntrl:i_xfer_cntrl|up_xfer_data[0]
                Info (332115):      3.328      0.000 RR  CELL  U_core|U_nios_system|axi_ad9361_0|i_rx|i_rx_channel_0|i_up_adc_channel|i_xfer_cntrl|up_xfer_data[0]|q
                Info (332115):      4.042      0.714 RR    IC  U_core|U_nios_system|axi_ad9361_0|i_rx|i_rx_channel_0|i_up_adc_channel|i_xfer_cntrl|d_data_cntrl[0]|asdata
                Info (332115):      4.764      0.722 RR  CELL  bladerf_core:U_core|nios_system:U_nios_system|axi_ad9361:axi_ad9361_0|axi_ad9361_rx:i_rx|axi_ad9361_rx_channel:i_rx_channel_0|up_adc_channel:i_up_adc_channel|up_xfer_cntrl:i_xfer_cntrl|d_data_cntrl[0]
                Info (332115): Clock Arrival Path:
                Info (332115): Total (ns)  Incr (ns)     Type  Element
                Info (332115): ==========  ========= ==  ====  ===================================
                Info (332115):      4.755      4.755  R        clock network delay
                Info (332115):      4.595     -0.160           clock uncertainty
                Info (332115):      4.595      0.000     uTsu  bladerf_core:U_core|nios_system:U_nios_system|axi_ad9361:axi_ad9361_0|axi_ad9361_rx:i_rx|axi_ad9361_rx_channel:i_rx_channel_0|up_adc_channel:i_up_adc_channel|up_xfer_cntrl:i_xfer_cntrl|d_data_cntrl[0]
            Info (332181): Earliest Path Arrival
                Info (332115): From Node          : bladerf_core:U_core|nios_system:U_nios_system|axi_ad9361:axi_ad9361_0|axi_ad9361_rx:i_rx|axi_ad9361_rx_channel:i_rx_channel_0|up_adc_channel:i_up_adc_channel|up_xfer_cntrl:i_xfer_cntrl|up_xfer_data[31]
                Info (332115): To Node            : bladerf_core:U_core|nios_system:U_nios_system|axi_ad9361:axi_ad9361_0|axi_ad9361_rx:i_rx|axi_ad9361_rx_channel:i_rx_channel_0|up_adc_channel:i_up_adc_channel|up_xfer_cntrl:i_xfer_cntrl|d_data_cntrl[31]
                Info (332115): Launch Clock       : U_core|U_system_pll|altera_pll_i|general[0].gpll~PLL_OUTPUT_COUNTER|divclk
                Info (332115): Latch Clock        : U_core|U_nios_system|axi_ad9361_0|i_dev_if|i_rx|i_altlvds_rx|auto_generated|pll_sclk~PLL_OUTPUT_COUNTER|divclk
                Info (332115): Data Arrival Time  : 2.367
                Info (332115): Clock Arrival Time : 6.523
                Info (332115): Relative Delay     : -4.156
                Info (332115): Data Arrival Path:
                Info (332115): Total (ns)  Incr (ns)     Type  Element
                Info (332115): ==========  ========= ==  ====  ===================================
                Info (332115):      1.759      1.759  R        clock network delay
                Info (332115):      1.759      0.000     uTco  bladerf_core:U_core|nios_system:U_nios_system|axi_ad9361:axi_ad9361_0|axi_ad9361_rx:i_rx|axi_ad9361_rx_channel:i_rx_channel_0|up_adc_channel:i_up_adc_channel|up_xfer_cntrl:i_xfer_cntrl|up_xfer_data[31]
                Info (332115):      1.759      0.000 FF  CELL  U_core|U_nios_system|axi_ad9361_0|i_rx|i_rx_channel_0|i_up_adc_channel|i_xfer_cntrl|up_xfer_data[31]|q
                Info (332115):      2.039      0.280 FF    IC  U_core|U_nios_system|axi_ad9361_0|i_rx|i_rx_channel_0|i_up_adc_channel|i_xfer_cntrl|d_data_cntrl[31]|asdata
                Info (332115):      2.367      0.328 FF  CELL  bladerf_core:U_core|nios_system:U_nios_system|axi_ad9361:axi_ad9361_0|axi_ad9361_rx:i_rx|axi_ad9361_rx_channel:i_rx_channel_0|up_adc_channel:i_up_adc_channel|up_xfer_cntrl:i_xfer_cntrl|d_data_cntrl[31]
                Info (332115): Clock Arrival Path:
                Info (332115): Total (ns)  Incr (ns)     Type  Element
                Info (332115): ==========  ========= ==  ====  ===================================
                Info (332115):      6.363      6.363  R        clock network delay
                Info (332115):      6.523      0.160           clock uncertainty
                Info (332115):      6.523      0.000      uTh  bladerf_core:U_core|nios_system:U_nios_system|axi_ad9361:axi_ad9361_0|axi_ad9361_rx:i_rx|axi_ad9361_rx_channel:i_rx_channel_0|up_adc_channel:i_up_adc_channel|up_xfer_cntrl:i_xfer_cntrl|d_data_cntrl[31]
            Info (332181): Cross Path Clock Pessimism Removed : 2.830
            Info (332181): Required Skew   : 6.400
            Info (332181): Actual Skew     : 1.495
            Info (332181): Slack           : 4.905
        Info (332181): Path #118: Slack is 4.937 
            Info (332181): Latest Path Arrival
                Info (332115): From Node          : bladerf_core:U_core|nios_system:U_nios_system|axi_ad9361:axi_ad9361_0|axi_ad9361_rx:i_rx|axi_ad9361_rx_channel:i_rx_channel_0|up_adc_channel:i_up_adc_channel|up_xfer_cntrl:i_xfer_cntrl|up_xfer_data[0]
                Info (332115): To Node            : bladerf_core:U_core|nios_system:U_nios_system|axi_ad9361:axi_ad9361_0|axi_ad9361_rx:i_rx|axi_ad9361_rx_channel:i_rx_channel_0|up_adc_channel:i_up_adc_channel|up_xfer_cntrl:i_xfer_cntrl|d_data_cntrl[0]
                Info (332115): Launch Clock       : U_core|U_system_pll|altera_pll_i|general[0].gpll~PLL_OUTPUT_COUNTER|divclk
                Info (332115): Latch Clock        : U_core|U_nios_system|axi_ad9361_0|i_dev_if|i_rx|i_altlvds_rx|auto_generated|pll_sclk~PLL_OUTPUT_COUNTER|divclk
                Info (332115): Data Arrival Time  : 4.764
                Info (332115): Clock Arrival Time : 4.595
                Info (332115): Relative Delay     : 0.169
                Info (332115): Data Arrival Path:
                Info (332115): Total (ns)  Incr (ns)     Type  Element
                Info (332115): ==========  ========= ==  ====  ===================================
                Info (332115):      3.328      3.328  R        clock network delay
                Info (332115):      3.328      0.000     uTco  bladerf_core:U_core|nios_system:U_nios_system|axi_ad9361:axi_ad9361_0|axi_ad9361_rx:i_rx|axi_ad9361_rx_channel:i_rx_channel_0|up_adc_channel:i_up_adc_channel|up_xfer_cntrl:i_xfer_cntrl|up_xfer_data[0]
                Info (332115):      3.328      0.000 RR  CELL  U_core|U_nios_system|axi_ad9361_0|i_rx|i_rx_channel_0|i_up_adc_channel|i_xfer_cntrl|up_xfer_data[0]|q
                Info (332115):      4.042      0.714 RR    IC  U_core|U_nios_system|axi_ad9361_0|i_rx|i_rx_channel_0|i_up_adc_channel|i_xfer_cntrl|d_data_cntrl[0]|asdata
                Info (332115):      4.764      0.722 RR  CELL  bladerf_core:U_core|nios_system:U_nios_system|axi_ad9361:axi_ad9361_0|axi_ad9361_rx:i_rx|axi_ad9361_rx_channel:i_rx_channel_0|up_adc_channel:i_up_adc_channel|up_xfer_cntrl:i_xfer_cntrl|d_data_cntrl[0]
                Info (332115): Clock Arrival Path:
                Info (332115): Total (ns)  Incr (ns)     Type  Element
                Info (332115): ==========  ========= ==  ====  ===================================
                Info (332115):      4.755      4.755  R        clock network delay
                Info (332115):      4.595     -0.160           clock uncertainty
                Info (332115):      4.595      0.000     uTsu  bladerf_core:U_core|nios_system:U_nios_system|axi_ad9361:axi_ad9361_0|axi_ad9361_rx:i_rx|axi_ad9361_rx_channel:i_rx_channel_0|up_adc_channel:i_up_adc_channel|up_xfer_cntrl:i_xfer_cntrl|d_data_cntrl[0]
            Info (332181): Earliest Path Arrival
                Info (332115): From Node          : bladerf_core:U_core|nios_system:U_nios_system|axi_ad9361:axi_ad9361_0|axi_ad9361_rx:i_rx|axi_ad9361_rx_channel:i_rx_channel_0|up_adc_channel:i_up_adc_channel|up_xfer_cntrl:i_xfer_cntrl|up_xfer_data[37]
                Info (332115): To Node            : bladerf_core:U_core|nios_system:U_nios_system|axi_ad9361:axi_ad9361_0|axi_ad9361_rx:i_rx|axi_ad9361_rx_channel:i_rx_channel_0|up_adc_channel:i_up_adc_channel|up_xfer_cntrl:i_xfer_cntrl|d_data_cntrl[37]
                Info (332115): Launch Clock       : U_core|U_system_pll|altera_pll_i|general[0].gpll~PLL_OUTPUT_COUNTER|divclk
                Info (332115): Latch Clock        : U_core|U_nios_system|axi_ad9361_0|i_dev_if|i_rx|i_altlvds_rx|auto_generated|pll_sclk~PLL_OUTPUT_COUNTER|divclk
                Info (332115): Data Arrival Time  : 2.399
                Info (332115): Clock Arrival Time : 6.523
                Info (332115): Relative Delay     : -4.124
                Info (332115): Data Arrival Path:
                Info (332115): Total (ns)  Incr (ns)     Type  Element
                Info (332115): ==========  ========= ==  ====  ===================================
                Info (332115):      1.753      1.753  R        clock network delay
                Info (332115):      1.753      0.000     uTco  bladerf_core:U_core|nios_system:U_nios_system|axi_ad9361:axi_ad9361_0|axi_ad9361_rx:i_rx|axi_ad9361_rx_channel:i_rx_channel_0|up_adc_channel:i_up_adc_channel|up_xfer_cntrl:i_xfer_cntrl|up_xfer_data[37]
                Info (332115):      1.753      0.000 FF  CELL  U_core|U_nios_system|axi_ad9361_0|i_rx|i_rx_channel_0|i_up_adc_channel|i_xfer_cntrl|up_xfer_data[37]|q
                Info (332115):      2.030      0.277 FF    IC  U_core|U_nios_system|axi_ad9361_0|i_rx|i_rx_channel_0|i_up_adc_channel|i_xfer_cntrl|d_data_cntrl[37]|asdata
                Info (332115):      2.399      0.369 FF  CELL  bladerf_core:U_core|nios_system:U_nios_system|axi_ad9361:axi_ad9361_0|axi_ad9361_rx:i_rx|axi_ad9361_rx_channel:i_rx_channel_0|up_adc_channel:i_up_adc_channel|up_xfer_cntrl:i_xfer_cntrl|d_data_cntrl[37]
                Info (332115): Clock Arrival Path:
                Info (332115): Total (ns)  Incr (ns)     Type  Element
                Info (332115): ==========  ========= ==  ====  ===================================
                Info (332115):      6.363      6.363  R        clock network delay
                Info (332115):      6.523      0.160           clock uncertainty
                Info (332115):      6.523      0.000      uTh  bladerf_core:U_core|nios_system:U_nios_system|axi_ad9361:axi_ad9361_0|axi_ad9361_rx:i_rx|axi_ad9361_rx_channel:i_rx_channel_0|up_adc_channel:i_up_adc_channel|up_xfer_cntrl:i_xfer_cntrl|d_data_cntrl[37]
            Info (332181): Cross Path Clock Pessimism Removed : 2.830
            Info (332181): Required Skew   : 6.400
            Info (332181): Actual Skew     : 1.463
            Info (332181): Slack           : 4.937
        Info (332181): Path #119: Slack is 4.945 
            Info (332181): Latest Path Arrival
                Info (332115): From Node          : bladerf_core:U_core|nios_system:U_nios_system|axi_ad9361:axi_ad9361_0|axi_ad9361_rx:i_rx|axi_ad9361_rx_channel:i_rx_channel_0|up_adc_channel:i_up_adc_channel|up_xfer_cntrl:i_xfer_cntrl|up_xfer_data[0]
                Info (332115): To Node            : bladerf_core:U_core|nios_system:U_nios_system|axi_ad9361:axi_ad9361_0|axi_ad9361_rx:i_rx|axi_ad9361_rx_channel:i_rx_channel_0|up_adc_channel:i_up_adc_channel|up_xfer_cntrl:i_xfer_cntrl|d_data_cntrl[0]
                Info (332115): Launch Clock       : U_core|U_system_pll|altera_pll_i|general[0].gpll~PLL_OUTPUT_COUNTER|divclk
                Info (332115): Latch Clock        : U_core|U_nios_system|axi_ad9361_0|i_dev_if|i_rx|i_altlvds_rx|auto_generated|pll_sclk~PLL_OUTPUT_COUNTER|divclk
                Info (332115): Data Arrival Time  : 4.764
                Info (332115): Clock Arrival Time : 4.595
                Info (332115): Relative Delay     : 0.169
                Info (332115): Data Arrival Path:
                Info (332115): Total (ns)  Incr (ns)     Type  Element
                Info (332115): ==========  ========= ==  ====  ===================================
                Info (332115):      3.328      3.328  R        clock network delay
                Info (332115):      3.328      0.000     uTco  bladerf_core:U_core|nios_system:U_nios_system|axi_ad9361:axi_ad9361_0|axi_ad9361_rx:i_rx|axi_ad9361_rx_channel:i_rx_channel_0|up_adc_channel:i_up_adc_channel|up_xfer_cntrl:i_xfer_cntrl|up_xfer_data[0]
                Info (332115):      3.328      0.000 RR  CELL  U_core|U_nios_system|axi_ad9361_0|i_rx|i_rx_channel_0|i_up_adc_channel|i_xfer_cntrl|up_xfer_data[0]|q
                Info (332115):      4.042      0.714 RR    IC  U_core|U_nios_system|axi_ad9361_0|i_rx|i_rx_channel_0|i_up_adc_channel|i_xfer_cntrl|d_data_cntrl[0]|asdata
                Info (332115):      4.764      0.722 RR  CELL  bladerf_core:U_core|nios_system:U_nios_system|axi_ad9361:axi_ad9361_0|axi_ad9361_rx:i_rx|axi_ad9361_rx_channel:i_rx_channel_0|up_adc_channel:i_up_adc_channel|up_xfer_cntrl:i_xfer_cntrl|d_data_cntrl[0]
                Info (332115): Clock Arrival Path:
                Info (332115): Total (ns)  Incr (ns)     Type  Element
                Info (332115): ==========  ========= ==  ====  ===================================
                Info (332115):      4.755      4.755  R        clock network delay
                Info (332115):      4.595     -0.160           clock uncertainty
                Info (332115):      4.595      0.000     uTsu  bladerf_core:U_core|nios_system:U_nios_system|axi_ad9361:axi_ad9361_0|axi_ad9361_rx:i_rx|axi_ad9361_rx_channel:i_rx_channel_0|up_adc_channel:i_up_adc_channel|up_xfer_cntrl:i_xfer_cntrl|d_data_cntrl[0]
            Info (332181): Earliest Path Arrival
                Info (332115): From Node          : bladerf_core:U_core|nios_system:U_nios_system|axi_ad9361:axi_ad9361_0|axi_ad9361_rx:i_rx|axi_ad9361_rx_channel:i_rx_channel_0|up_adc_channel:i_up_adc_channel|up_xfer_cntrl:i_xfer_cntrl|up_xfer_data[11]
                Info (332115): To Node            : bladerf_core:U_core|nios_system:U_nios_system|axi_ad9361:axi_ad9361_0|axi_ad9361_rx:i_rx|axi_ad9361_rx_channel:i_rx_channel_0|up_adc_channel:i_up_adc_channel|up_xfer_cntrl:i_xfer_cntrl|d_data_cntrl[11]
                Info (332115): Launch Clock       : U_core|U_system_pll|altera_pll_i|general[0].gpll~PLL_OUTPUT_COUNTER|divclk
                Info (332115): Latch Clock        : U_core|U_nios_system|axi_ad9361_0|i_dev_if|i_rx|i_altlvds_rx|auto_generated|pll_sclk~PLL_OUTPUT_COUNTER|divclk
                Info (332115): Data Arrival Time  : 2.415
                Info (332115): Clock Arrival Time : 6.531
                Info (332115): Relative Delay     : -4.116
                Info (332115): Data Arrival Path:
                Info (332115): Total (ns)  Incr (ns)     Type  Element
                Info (332115): ==========  ========= ==  ====  ===================================
                Info (332115):      1.755      1.755  R        clock network delay
                Info (332115):      1.755      0.000     uTco  bladerf_core:U_core|nios_system:U_nios_system|axi_ad9361:axi_ad9361_0|axi_ad9361_rx:i_rx|axi_ad9361_rx_channel:i_rx_channel_0|up_adc_channel:i_up_adc_channel|up_xfer_cntrl:i_xfer_cntrl|up_xfer_data[11]
                Info (332115):      1.755      0.000 RR  CELL  U_core|U_nios_system|axi_ad9361_0|i_rx|i_rx_channel_0|i_up_adc_channel|i_xfer_cntrl|up_xfer_data[11]|q
                Info (332115):      2.087      0.332 RR    IC  U_core|U_nios_system|axi_ad9361_0|i_rx|i_rx_channel_0|i_up_adc_channel|i_xfer_cntrl|d_data_cntrl[11]|asdata
                Info (332115):      2.415      0.328 RR  CELL  bladerf_core:U_core|nios_system:U_nios_system|axi_ad9361:axi_ad9361_0|axi_ad9361_rx:i_rx|axi_ad9361_rx_channel:i_rx_channel_0|up_adc_channel:i_up_adc_channel|up_xfer_cntrl:i_xfer_cntrl|d_data_cntrl[11]
                Info (332115): Clock Arrival Path:
                Info (332115): Total (ns)  Incr (ns)     Type  Element
                Info (332115): ==========  ========= ==  ====  ===================================
                Info (332115):      6.371      6.371  R        clock network delay
                Info (332115):      6.531      0.160           clock uncertainty
                Info (332115):      6.531      0.000      uTh  bladerf_core:U_core|nios_system:U_nios_system|axi_ad9361:axi_ad9361_0|axi_ad9361_rx:i_rx|axi_ad9361_rx_channel:i_rx_channel_0|up_adc_channel:i_up_adc_channel|up_xfer_cntrl:i_xfer_cntrl|d_data_cntrl[11]
            Info (332181): Cross Path Clock Pessimism Removed : 2.830
            Info (332181): Required Skew   : 6.400
            Info (332181): Actual Skew     : 1.455
            Info (332181): Slack           : 4.945
        Info (332181): Path #120: Slack is 4.946 
            Info (332181): Latest Path Arrival
                Info (332115): From Node          : bladerf_core:U_core|nios_system:U_nios_system|axi_ad9361:axi_ad9361_0|axi_ad9361_rx:i_rx|axi_ad9361_rx_channel:i_rx_channel_0|up_adc_channel:i_up_adc_channel|up_xfer_cntrl:i_xfer_cntrl|up_xfer_data[0]
                Info (332115): To Node            : bladerf_core:U_core|nios_system:U_nios_system|axi_ad9361:axi_ad9361_0|axi_ad9361_rx:i_rx|axi_ad9361_rx_channel:i_rx_channel_0|up_adc_channel:i_up_adc_channel|up_xfer_cntrl:i_xfer_cntrl|d_data_cntrl[0]
                Info (332115): Launch Clock       : U_core|U_system_pll|altera_pll_i|general[0].gpll~PLL_OUTPUT_COUNTER|divclk
                Info (332115): Latch Clock        : U_core|U_nios_system|axi_ad9361_0|i_dev_if|i_rx|i_altlvds_rx|auto_generated|pll_sclk~PLL_OUTPUT_COUNTER|divclk
                Info (332115): Data Arrival Time  : 4.764
                Info (332115): Clock Arrival Time : 4.595
                Info (332115): Relative Delay     : 0.169
                Info (332115): Data Arrival Path:
                Info (332115): Total (ns)  Incr (ns)     Type  Element
                Info (332115): ==========  ========= ==  ====  ===================================
                Info (332115):      3.328      3.328  R        clock network delay
                Info (332115):      3.328      0.000     uTco  bladerf_core:U_core|nios_system:U_nios_system|axi_ad9361:axi_ad9361_0|axi_ad9361_rx:i_rx|axi_ad9361_rx_channel:i_rx_channel_0|up_adc_channel:i_up_adc_channel|up_xfer_cntrl:i_xfer_cntrl|up_xfer_data[0]
                Info (332115):      3.328      0.000 RR  CELL  U_core|U_nios_system|axi_ad9361_0|i_rx|i_rx_channel_0|i_up_adc_channel|i_xfer_cntrl|up_xfer_data[0]|q
                Info (332115):      4.042      0.714 RR    IC  U_core|U_nios_system|axi_ad9361_0|i_rx|i_rx_channel_0|i_up_adc_channel|i_xfer_cntrl|d_data_cntrl[0]|asdata
                Info (332115):      4.764      0.722 RR  CELL  bladerf_core:U_core|nios_system:U_nios_system|axi_ad9361:axi_ad9361_0|axi_ad9361_rx:i_rx|axi_ad9361_rx_channel:i_rx_channel_0|up_adc_channel:i_up_adc_channel|up_xfer_cntrl:i_xfer_cntrl|d_data_cntrl[0]
                Info (332115): Clock Arrival Path:
                Info (332115): Total (ns)  Incr (ns)     Type  Element
                Info (332115): ==========  ========= ==  ====  ===================================
                Info (332115):      4.755      4.755  R        clock network delay
                Info (332115):      4.595     -0.160           clock uncertainty
                Info (332115):      4.595      0.000     uTsu  bladerf_core:U_core|nios_system:U_nios_system|axi_ad9361:axi_ad9361_0|axi_ad9361_rx:i_rx|axi_ad9361_rx_channel:i_rx_channel_0|up_adc_channel:i_up_adc_channel|up_xfer_cntrl:i_xfer_cntrl|d_data_cntrl[0]
            Info (332181): Earliest Path Arrival
                Info (332115): From Node          : bladerf_core:U_core|nios_system:U_nios_system|axi_ad9361:axi_ad9361_0|axi_ad9361_rx:i_rx|axi_ad9361_rx_channel:i_rx_channel_0|up_adc_channel:i_up_adc_channel|up_xfer_cntrl:i_xfer_cntrl|up_xfer_data[34]
                Info (332115): To Node            : bladerf_core:U_core|nios_system:U_nios_system|axi_ad9361:axi_ad9361_0|axi_ad9361_rx:i_rx|axi_ad9361_rx_channel:i_rx_channel_0|up_adc_channel:i_up_adc_channel|up_xfer_cntrl:i_xfer_cntrl|d_data_cntrl[34]
                Info (332115): Launch Clock       : U_core|U_system_pll|altera_pll_i|general[0].gpll~PLL_OUTPUT_COUNTER|divclk
                Info (332115): Latch Clock        : U_core|U_nios_system|axi_ad9361_0|i_dev_if|i_rx|i_altlvds_rx|auto_generated|pll_sclk~PLL_OUTPUT_COUNTER|divclk
                Info (332115): Data Arrival Time  : 2.408
                Info (332115): Clock Arrival Time : 6.523
                Info (332115): Relative Delay     : -4.115
                Info (332115): Data Arrival Path:
                Info (332115): Total (ns)  Incr (ns)     Type  Element
                Info (332115): ==========  ========= ==  ====  ===================================
                Info (332115):      1.759      1.759  R        clock network delay
                Info (332115):      1.759      0.000     uTco  bladerf_core:U_core|nios_system:U_nios_system|axi_ad9361:axi_ad9361_0|axi_ad9361_rx:i_rx|axi_ad9361_rx_channel:i_rx_channel_0|up_adc_channel:i_up_adc_channel|up_xfer_cntrl:i_xfer_cntrl|up_xfer_data[34]
                Info (332115):      1.759      0.000 FF  CELL  U_core|U_nios_system|axi_ad9361_0|i_rx|i_rx_channel_0|i_up_adc_channel|i_xfer_cntrl|up_xfer_data[34]|q
                Info (332115):      2.039      0.280 FF    IC  U_core|U_nios_system|axi_ad9361_0|i_rx|i_rx_channel_0|i_up_adc_channel|i_xfer_cntrl|d_data_cntrl[34]|asdata
                Info (332115):      2.408      0.369 FF  CELL  bladerf_core:U_core|nios_system:U_nios_system|axi_ad9361:axi_ad9361_0|axi_ad9361_rx:i_rx|axi_ad9361_rx_channel:i_rx_channel_0|up_adc_channel:i_up_adc_channel|up_xfer_cntrl:i_xfer_cntrl|d_data_cntrl[34]
                Info (332115): Clock Arrival Path:
                Info (332115): Total (ns)  Incr (ns)     Type  Element
                Info (332115): ==========  ========= ==  ====  ===================================
                Info (332115):      6.363      6.363  R        clock network delay
                Info (332115):      6.523      0.160           clock uncertainty
                Info (332115):      6.523      0.000      uTh  bladerf_core:U_core|nios_system:U_nios_system|axi_ad9361:axi_ad9361_0|axi_ad9361_rx:i_rx|axi_ad9361_rx_channel:i_rx_channel_0|up_adc_channel:i_up_adc_channel|up_xfer_cntrl:i_xfer_cntrl|d_data_cntrl[34]
            Info (332181): Cross Path Clock Pessimism Removed : 2.830
            Info (332181): Required Skew   : 6.400
            Info (332181): Actual Skew     : 1.454
            Info (332181): Slack           : 4.946
Info (332115): Worst-case slack is 4.937 for "set_max_skew -from [get_keepers {*U_dwell_cfg_handshake|source_holding[*]}] -to [get_keepers {*bladerf_core:*|dwell_cfg_rx[*]}] 6.400 "
    Info (332181): Skew for the Latest Arrival
        Info (332181): Path #121: Slack is 4.937 
            Info (332181): Latest Path Arrival
                Info (332115): From Node          : bladerf_core:U_core|handshake:U_dwell_cfg_handshake|source_holding[16]
                Info (332115): To Node            : bladerf_core:U_core|dwell_cfg_rx[16]
                Info (332115): Launch Clock       : U_core|U_system_pll|altera_pll_i|general[0].gpll~PLL_OUTPUT_COUNTER|divclk
                Info (332115): Latch Clock        : U_core|U_nios_system|axi_ad9361_0|i_dev_if|i_rx|i_altlvds_rx|auto_generated|pll_sclk~PLL_OUTPUT_COUNTER|divclk
                Info (332115): Data Arrival Time  : 5.202
                Info (332115): Clock Arrival Time : 4.616
                Info (332115): Relative Delay     : 0.586
                Info (332115): Data Arrival Path:
                Info (332115): Total (ns)  Incr (ns)     Type  Element
                Info (332115): ==========  ========= ==  ====  ===================================
                Info (332115):      3.355      3.355  R        clock network delay
                Info (332115):      3.355      0.000     uTco  bladerf_core:U_core|handshake:U_dwell_cfg_handshake|source_holding[16]
                Info (332115):      3.355      0.000 FF  CELL  U_core|U_dwell_cfg_handshake|source_holding[16]|q
                Info (332115):      4.476      1.121 FF    IC  U_core|dwell_cfg_rx[16]|asdata
                Info (332115):      5.202      0.726 FF  CELL  bladerf_core:U_core|dwell_cfg_rx[16]
                Info (332115): Clock Arrival Path:
                Info (332115): Total (ns)  Incr (ns)     Type  Element
                Info (332115): ==========  ========= ==  ====  ===================================
                Info (332115):      4.776      4.776  R        clock network delay
                Info (332115):      4.616     -0.160           clock uncertainty
                Info (332115):      4.616      0.000     uTsu  bladerf_core:U_core|dwell_cfg_rx[16]
            Info (332181): Earliest Path Arrival
                Info (332115): From Node          : bladerf_core:U_core|handshake:U_dwell_cfg_handshake|source_holding[15]
                Info (332115): To Node            : bladerf_core:U_core|dwell_cfg_rx[15]
                Info (332115): Launch Clock       : U_core|U_system_pll|altera_pll_i|general[0].gpll~PLL_OUTPUT_COUNTER|divclk
                Info (332115): Latch Clock        : U_core|U_nios_system|axi_ad9361_0|i_dev_if|i_rx|i_altlvds_rx|auto_generated|pll_sclk~PLL_OUTPUT_COUNTER|divclk
                Info (332115): Data Arrival Time  : 2.807
                Info (332115): Clock Arrival Time : 6.513
                Info (332115): Relative Delay     : -3.706
                Info (332115): Data Arrival Path:
                Info (332115): Total (ns)  Incr (ns)     Type  Element
                Info (332115): ==========  ========= ==  ====  ===================================
                Info (332115):      1.795      1.795  R        clock network delay
                Info (332115):      1.795      0.000     uTco  bladerf_core:U_core|handshake:U_dwell_cfg_handshake|source_holding[15]
                Info (332115):      1.795      0.000 RR  CELL  U_core|U_dwell_cfg_handshake|source_holding[15]|q
                Info (332115):      2.472      0.677 RR    IC  U_core|dwell_cfg_rx[15]|asdata
                Info (332115):      2.807      0.335 RR  CELL  bladerf_core:U_core|dwell_cfg_rx[15]
                Info (332115): Clock Arrival Path:
                Info (332115): Total (ns)  Incr (ns)     Type  Element
                Info (332115): ==========  ========= ==  ====  ===================================
                Info (332115):      6.353      6.353  R        clock network delay
                Info (332115):      6.513      0.160           clock uncertainty
                Info (332115):      6.513      0.000      uTh  bladerf_core:U_core|dwell_cfg_rx[15]
            Info (332181): Cross Path Clock Pessimism Removed : 2.829
            Info (332181): Required Skew   : 6.400
            Info (332181): Actual Skew     : 1.463
            Info (332181): Slack           : 4.937
        Info (332181): Path #122: Slack is 5.034 
            Info (332181): Latest Path Arrival
                Info (332115): From Node          : bladerf_core:U_core|handshake:U_dwell_cfg_handshake|source_holding[23]
                Info (332115): To Node            : bladerf_core:U_core|dwell_cfg_rx[23]
                Info (332115): Launch Clock       : U_core|U_system_pll|altera_pll_i|general[0].gpll~PLL_OUTPUT_COUNTER|divclk
                Info (332115): Latch Clock        : U_core|U_nios_system|axi_ad9361_0|i_dev_if|i_rx|i_altlvds_rx|auto_generated|pll_sclk~PLL_OUTPUT_COUNTER|divclk
                Info (332115): Data Arrival Time  : 5.076
                Info (332115): Clock Arrival Time : 4.601
                Info (332115): Relative Delay     : 0.475
                Info (332115): Data Arrival Path:
                Info (332115): Total (ns)  Incr (ns)     Type  Element
                Info (332115): ==========  ========= ==  ====  ===================================
                Info (332115):      3.330      3.330  R        clock network delay
                Info (332115):      3.330      0.000     uTco  bladerf_core:U_core|handshake:U_dwell_cfg_handshake|source_holding[23]
                Info (332115):      3.330      0.000 FF  CELL  U_core|U_dwell_cfg_handshake|source_holding[23]|q
                Info (332115):      4.347      1.017 FF    IC  U_core|dwell_cfg_rx[23]|asdata
                Info (332115):      5.076      0.729 FF  CELL  bladerf_core:U_core|dwell_cfg_rx[23]
                Info (332115): Clock Arrival Path:
                Info (332115): Total (ns)  Incr (ns)     Type  Element
                Info (332115): ==========  ========= ==  ====  ===================================
                Info (332115):      4.761      4.761  R        clock network delay
                Info (332115):      4.601     -0.160           clock uncertainty
                Info (332115):      4.601      0.000     uTsu  bladerf_core:U_core|dwell_cfg_rx[23]
            Info (332181): Earliest Path Arrival
                Info (332115): From Node          : bladerf_core:U_core|handshake:U_dwell_cfg_handshake|source_holding[0]
                Info (332115): To Node            : bladerf_core:U_core|dwell_cfg_rx[0]
                Info (332115): Launch Clock       : U_core|U_system_pll|altera_pll_i|general[0].gpll~PLL_OUTPUT_COUNTER|divclk
                Info (332115): Latch Clock        : U_core|U_nios_system|axi_ad9361_0|i_dev_if|i_rx|i_altlvds_rx|auto_generated|pll_sclk~PLL_OUTPUT_COUNTER|divclk
                Info (332115): Data Arrival Time  : 2.794
                Info (332115): Clock Arrival Time : 6.514
                Info (332115): Relative Delay     : -3.720
                Info (332115): Data Arrival Path:
                Info (332115): Total (ns)  Incr (ns)     Type  Element
                Info (332115): ==========  ========= ==  ====  ===================================
                Info (332115):      1.807      1.807  R        clock network delay
                Info (332115):      1.807      0.000     uTco  bladerf_core:U_core|handshake:U_dwell_cfg_handshake|source_holding[0]
                Info (332115):      1.807      0.000 RR  CELL  U_core|U_dwell_cfg_handshake|source_holding[0]|q
                Info (332115):      2.459      0.652 RR    IC  U_core|dwell_cfg_rx[0]|asdata
                Info (332115):      2.794      0.335 RR  CELL  bladerf_core:U_core|dwell_cfg_rx[0]
                Info (332115): Clock Arrival Path:
                Info (332115): Total (ns)  Incr (ns)     Type  Element
                Info (332115): ==========  ========= ==  ====  ===================================
                Info (332115):      6.354      6.354  R        clock network delay
                Info (332115):      6.514      0.160           clock uncertainty
                Info (332115):      6.514      0.000      uTh  bladerf_core:U_core|dwell_cfg_rx[0]
            Info (332181): Cross Path Clock Pessimism Removed : 2.829
            Info (332181): Required Skew   : 6.400
            Info (332181): Actual Skew     : 1.366
            Info (332181): Slack           : 5.034
        Info (332181): Path #123: Slack is 5.037 
            Info (332181): Latest Path Arrival
                Info (332115): From Node          : bladerf_core:U_core|handshake:U_dwell_cfg_handshake|source_holding[17]
                Info (332115): To Node            : bladerf_core:U_core|dwell_cfg_rx[17]
                Info (332115): Launch Clock       : U_core|U_system_pll|altera_pll_i|general[0].gpll~PLL_OUTPUT_COUNTER|divclk
                Info (332115): Latch Clock        : U_core|U_nios_system|axi_ad9361_0|i_dev_if|i_rx|i_altlvds_rx|auto_generated|pll_sclk~PLL_OUTPUT_COUNTER|divclk
                Info (332115): Data Arrival Time  : 5.073
                Info (332115): Clock Arrival Time : 4.601
                Info (332115): Relative Delay     : 0.472
                Info (332115): Data Arrival Path:
                Info (332115): Total (ns)  Incr (ns)     Type  Element
                Info (332115): ==========  ========= ==  ====  ===================================
                Info (332115):      3.330      3.330  R        clock network delay
                Info (332115):      3.330      0.000     uTco  bladerf_core:U_core|handshake:U_dwell_cfg_handshake|source_holding[17]
                Info (332115):      3.330      0.000 FF  CELL  U_core|U_dwell_cfg_handshake|source_holding[17]|q
                Info (332115):      4.344      1.014 FF    IC  U_core|dwell_cfg_rx[17]|asdata
                Info (332115):      5.073      0.729 FF  CELL  bladerf_core:U_core|dwell_cfg_rx[17]
                Info (332115): Clock Arrival Path:
                Info (332115): Total (ns)  Incr (ns)     Type  Element
                Info (332115): ==========  ========= ==  ====  ===================================
                Info (332115):      4.761      4.761  R        clock network delay
                Info (332115):      4.601     -0.160           clock uncertainty
                Info (332115):      4.601      0.000     uTsu  bladerf_core:U_core|dwell_cfg_rx[17]
            Info (332181): Earliest Path Arrival
                Info (332115): From Node          : bladerf_core:U_core|handshake:U_dwell_cfg_handshake|source_holding[0]
                Info (332115): To Node            : bladerf_core:U_core|dwell_cfg_rx[0]
                Info (332115): Launch Clock       : U_core|U_system_pll|altera_pll_i|general[0].gpll~PLL_OUTPUT_COUNTER|divclk
                Info (332115): Latch Clock        : U_core|U_nios_system|axi_ad9361_0|i_dev_if|i_rx|i_altlvds_rx|auto_generated|pll_sclk~PLL_OUTPUT_COUNTER|divclk
                Info (332115): Data Arrival Time  : 2.794
                Info (332115): Clock Arrival Time : 6.514
                Info (332115): Relative Delay     : -3.720
                Info (332115): Data Arrival Path:
                Info (332115): Total (ns)  Incr (ns)     Type  Element
                Info (332115): ==========  ========= ==  ====  ===================================
                Info (332115):      1.807      1.807  R        clock network delay
                Info (332115):      1.807      0.000     uTco  bladerf_core:U_core|handshake:U_dwell_cfg_handshake|source_holding[0]
                Info (332115):      1.807      0.000 RR  CELL  U_core|U_dwell_cfg_handshake|source_holding[0]|q
                Info (332115):      2.459      0.652 RR    IC  U_core|dwell_cfg_rx[0]|asdata
                Info (332115):      2.794      0.335 RR  CELL  bladerf_core:U_core|dwell_cfg_rx[0]
                Info (332115): Clock Arrival Path:
                Info (332115): Total (ns)  Incr (ns)     Type  Element
                Info (332115): ==========  ========= ==  ====  ===================================
                Info (332115):      6.354      6.354  R        clock network delay
                Info (332115):      6.514      0.160           clock uncertainty
                Info (332115):      6.514      0.000      uTh  bladerf_core:U_core|dwell_cfg_rx[0]
            Info (332181): Cross Path Clock Pessimism Removed : 2.829
            Info (332181): Required Skew   : 6.400
            Info (332181): Actual Skew     : 1.363
            Info (332181): Slack           : 5.037
        Info (332181): Path #124: Slack is 5.187 
            Info (332181): Latest Path Arrival
                Info (332115): From Node          : bladerf_core:U_core|handshake:U_dwell_cfg_handshake|source_holding[25]
                Info (332115): To Node            : bladerf_core:U_core|dwell_cfg_rx[25]
                Info (332115): Launch Clock       : U_core|U_system_pll|altera_pll_i|general[0].gpll~PLL_OUTPUT_COUNTER|divclk
                Info (332115): Latch Clock        : U_core|U_nios_system|axi_ad9361_0|i_dev_if|i_rx|i_altlvds_rx|auto_generated|pll_sclk~PLL_OUTPUT_COUNTER|divclk
                Info (332115): Data Arrival Time  : 4.931
                Info (332115): Clock Arrival Time : 4.595
                Info (332115): Relative Delay     : 0.336
                Info (332115): Data Arrival Path:
                Info (332115): Total (ns)  Incr (ns)     Type  Element
                Info (332115): ==========  ========= ==  ====  ===================================
                Info (332115):      3.356      3.356  R        clock network delay
                Info (332115):      3.356      0.000     uTco  bladerf_core:U_core|handshake:U_dwell_cfg_handshake|source_holding[25]
                Info (332115):      3.356      0.000 FF  CELL  U_core|U_dwell_cfg_handshake|source_holding[25]|q
                Info (332115):      4.205      0.849 FF    IC  U_core|dwell_cfg_rx[25]|asdata
                Info (332115):      4.931      0.726 FF  CELL  bladerf_core:U_core|dwell_cfg_rx[25]
                Info (332115): Clock Arrival Path:
                Info (332115): Total (ns)  Incr (ns)     Type  Element
                Info (332115): ==========  ========= ==  ====  ===================================
                Info (332115):      4.755      4.755  R        clock network delay
                Info (332115):      4.595     -0.160           clock uncertainty
                Info (332115):      4.595      0.000     uTsu  bladerf_core:U_core|dwell_cfg_rx[25]
            Info (332181): Earliest Path Arrival
                Info (332115): From Node          : bladerf_core:U_core|handshake:U_dwell_cfg_handshake|source_holding[15]
                Info (332115): To Node            : bladerf_core:U_core|dwell_cfg_rx[15]
                Info (332115): Launch Clock       : U_core|U_system_pll|altera_pll_i|general[0].gpll~PLL_OUTPUT_COUNTER|divclk
                Info (332115): Latch Clock        : U_core|U_nios_system|axi_ad9361_0|i_dev_if|i_rx|i_altlvds_rx|auto_generated|pll_sclk~PLL_OUTPUT_COUNTER|divclk
                Info (332115): Data Arrival Time  : 2.807
                Info (332115): Clock Arrival Time : 6.513
                Info (332115): Relative Delay     : -3.706
                Info (332115): Data Arrival Path:
                Info (332115): Total (ns)  Incr (ns)     Type  Element
                Info (332115): ==========  ========= ==  ====  ===================================
                Info (332115):      1.795      1.795  R        clock network delay
                Info (332115):      1.795      0.000     uTco  bladerf_core:U_core|handshake:U_dwell_cfg_handshake|source_holding[15]
                Info (332115):      1.795      0.000 RR  CELL  U_core|U_dwell_cfg_handshake|source_holding[15]|q
                Info (332115):      2.472      0.677 RR    IC  U_core|dwell_cfg_rx[15]|asdata
                Info (332115):      2.807      0.335 RR  CELL  bladerf_core:U_core|dwell_cfg_rx[15]
                Info (332115): Clock Arrival Path:
                Info (332115): Total (ns)  Incr (ns)     Type  Element
                Info (332115): ==========  ========= ==  ====  ===================================
                Info (332115):      6.353      6.353  R        clock network delay
                Info (332115):      6.513      0.160           clock uncertainty
                Info (332115):      6.513      0.000      uTh  bladerf_core:U_core|dwell_cfg_rx[15]
            Info (332181): Cross Path Clock Pessimism Removed : 2.829
            Info (332181): Required Skew   : 6.400
            Info (332181): Actual Skew     : 1.213
            Info (332181): Slack           : 5.187
    Info (332181): Skew for the Earliest Arrival
        Info (332181): Path #125: Slack is 4.937 
            Info (332181): Latest Path Arrival
                Info (332115): From Node          : bladerf_core:U_core|handshake:U_dwell_cfg_handshake|source_holding[16]
                Info (332115): To Node            : bladerf_core:U_core|dwell_cfg_rx[16]
                Info (332115): Launch Clock       : U_core|U_system_pll|altera_pll_i|general[0].gpll~PLL_OUTPUT_COUNTER|divclk
                Info (332115): Latch Clock        : U_core|U_nios_system|axi_ad9361_0|i_dev_if|i_rx|i_altlvds_rx|auto_generated|pll_sclk~PLL_OUTPUT_COUNTER|divclk
                Info (332115): Data Arrival Time  : 5.202
                Info (332115): Clock Arrival Time : 4.616
                Info (332115): Relative Delay     : 0.586
                Info (332115): Data Arrival Path:
                Info (332115): Total (ns)  Incr (ns)     Type  Element
                Info (332115): ==========  ========= ==  ====  ===================================
                Info (332115):      3.355      3.355  R        clock network delay
                Info (332115):      3.355      0.000     uTco  bladerf_core:U_core|handshake:U_dwell_cfg_handshake|source_holding[16]
                Info (332115):      3.355      0.000 FF  CELL  U_core|U_dwell_cfg_handshake|source_holding[16]|q
                Info (332115):      4.476      1.121 FF    IC  U_core|dwell_cfg_rx[16]|asdata
                Info (332115):      5.202      0.726 FF  CELL  bladerf_core:U_core|dwell_cfg_rx[16]
                Info (332115): Clock Arrival Path:
                Info (332115): Total (ns)  Incr (ns)     Type  Element
                Info (332115): ==========  ========= ==  ====  ===================================
                Info (332115):      4.776      4.776  R        clock network delay
                Info (332115):      4.616     -0.160           clock uncertainty
                Info (332115):      4.616      0.000     uTsu  bladerf_core:U_core|dwell_cfg_rx[16]
            Info (332181): Earliest Path Arrival
                Info (332115): From Node          : bladerf_core:U_core|handshake:U_dwell_cfg_handshake|source_holding[15]
                Info (332115): To Node            : bladerf_core:U_core|dwell_cfg_rx[15]
                Info (332115): Launch Clock       : U_core|U_system_pll|altera_pll_i|general[0].gpll~PLL_OUTPUT_COUNTER|divclk
                Info (332115): Latch Clock        : U_core|U_nios_system|axi_ad9361_0|i_dev_if|i_rx|i_altlvds_rx|auto_generated|pll_sclk~PLL_OUTPUT_COUNTER|divclk
                Info (332115): Data Arrival Time  : 2.807
                Info (332115): Clock Arrival Time : 6.513
                Info (332115): Relative Delay     : -3.706
                Info (332115): Data Arrival Path:
                Info (332115): Total (ns)  Incr (ns)     Type  Element
                Info (332115): ==========  ========= ==  ====  ===================================
                Info (332115):      1.795      1.795  R        clock network delay
                Info (332115):      1.795      0.000     uTco  bladerf_core:U_core|handshake:U_dwell_cfg_handshake|source_holding[15]
                Info (332115):      1.795      0.000 RR  CELL  U_core|U_dwell_cfg_handshake|source_holding[15]|q
                Info (332115):      2.472      0.677 RR    IC  U_core|dwell_cfg_rx[15]|asdata
                Info (332115):      2.807      0.335 RR  CELL  bladerf_core:U_core|dwell_cfg_rx[15]
                Info (332115): Clock Arrival Path:
                Info (332115): Total (ns)  Incr (ns)     Type  Element
                Info (332115): ==========  ========= ==  ====  ===================================
                Info (332115):      6.353      6.353  R        clock network delay
                Info (332115):      6.513      0.160           clock uncertainty
                Info (332115):      6.513      0.000      uTh  bladerf_core:U_core|dwell_cfg_rx[15]
            Info (332181): Cross Path Clock Pessimism Removed : 2.829
            Info (332181): Required Skew   : 6.400
            Info (332181): Actual Skew     : 1.463
            Info (332181): Slack           : 4.937
        Info (332181): Path #126: Slack is 4.965 
            Info (332181): Latest Path Arrival
                Info (332115): From Node          : bladerf_core:U_core|handshake:U_dwell_cfg_handshake|source_holding[16]
                Info (332115): To Node            : bladerf_core:U_core|dwell_cfg_rx[16]
                Info (332115): Launch Clock       : U_core|U_system_pll|altera_pll_i|general[0].gpll~PLL_OUTPUT_COUNTER|divclk
                Info (332115): Latch Clock        : U_core|U_nios_system|axi_ad9361_0|i_dev_if|i_rx|i_altlvds_rx|auto_generated|pll_sclk~PLL_OUTPUT_COUNTER|divclk
                Info (332115): Data Arrival Time  : 5.202
                Info (332115): Clock Arrival Time : 4.616
                Info (332115): Relative Delay     : 0.586
                Info (332115): Data Arrival Path:
                Info (332115): Total (ns)  Incr (ns)     Type  Element
                Info (332115): ==========  ========= ==  ====  ===================================
                Info (332115):      3.355      3.355  R        clock network delay
                Info (332115):      3.355      0.000     uTco  bladerf_core:U_core|handshake:U_dwell_cfg_handshake|source_holding[16]
                Info (332115):      3.355      0.000 FF  CELL  U_core|U_dwell_cfg_handshake|source_holding[16]|q
                Info (332115):      4.476      1.121 FF    IC  U_core|dwell_cfg_rx[16]|asdata
                Info (332115):      5.202      0.726 FF  CELL  bladerf_core:U_core|dwell_cfg_rx[16]
                Info (332115): Clock Arrival Path:
                Info (332115): Total (ns)  Incr (ns)     Type  Element
                Info (332115): ==========  ========= ==  ====  ===================================
                Info (332115):      4.776      4.776  R        clock network delay
                Info (332115):      4.616     -0.160           clock uncertainty
                Info (332115):      4.616      0.000     uTsu  bladerf_core:U_core|dwell_cfg_rx[16]
            Info (332181): Earliest Path Arrival
                Info (332115): From Node          : bladerf_core:U_core|handshake:U_dwell_cfg_handshake|source_holding[18]
                Info (332115): To Node            : bladerf_core:U_core|dwell_cfg_rx[18]
                Info (332115): Launch Clock       : U_core|U_system_pll|altera_pll_i|general[0].gpll~PLL_OUTPUT_COUNTER|divclk
                Info (332115): Latch Clock        : U_core|U_nios_system|axi_ad9361_0|i_dev_if|i_rx|i_altlvds_rx|auto_generated|pll_sclk~PLL_OUTPUT_COUNTER|divclk
                Info (332115): Data Arrival Time  : 2.828
                Info (332115): Clock Arrival Time : 6.506
                Info (332115): Relative Delay     : -3.678
                Info (332115): Data Arrival Path:
                Info (332115): Total (ns)  Incr (ns)     Type  Element
                Info (332115): ==========  ========= ==  ====  ===================================
                Info (332115):      1.795      1.795  R        clock network delay
                Info (332115):      1.795      0.000     uTco  bladerf_core:U_core|handshake:U_dwell_cfg_handshake|source_holding[18]
                Info (332115):      1.795      0.000 FF  CELL  U_core|U_dwell_cfg_handshake|source_holding[18]|q
                Info (332115):      2.392      0.597 FF    IC  U_core|dwell_cfg_rx[18]|asdata
                Info (332115):      2.828      0.436 FF  CELL  bladerf_core:U_core|dwell_cfg_rx[18]
                Info (332115): Clock Arrival Path:
                Info (332115): Total (ns)  Incr (ns)     Type  Element
                Info (332115): ==========  ========= ==  ====  ===================================
                Info (332115):      6.346      6.346  R        clock network delay
                Info (332115):      6.506      0.160           clock uncertainty
                Info (332115):      6.506      0.000      uTh  bladerf_core:U_core|dwell_cfg_rx[18]
            Info (332181): Cross Path Clock Pessimism Removed : 2.829
            Info (332181): Required Skew   : 6.400
            Info (332181): Actual Skew     : 1.435
            Info (332181): Slack           : 4.965
        Info (332181): Path #127: Slack is 4.971 
            Info (332181): Latest Path Arrival
                Info (332115): From Node          : bladerf_core:U_core|handshake:U_dwell_cfg_handshake|source_holding[16]
                Info (332115): To Node            : bladerf_core:U_core|dwell_cfg_rx[16]
                Info (332115): Launch Clock       : U_core|U_system_pll|altera_pll_i|general[0].gpll~PLL_OUTPUT_COUNTER|divclk
                Info (332115): Latch Clock        : U_core|U_nios_system|axi_ad9361_0|i_dev_if|i_rx|i_altlvds_rx|auto_generated|pll_sclk~PLL_OUTPUT_COUNTER|divclk
                Info (332115): Data Arrival Time  : 5.202
                Info (332115): Clock Arrival Time : 4.616
                Info (332115): Relative Delay     : 0.586
                Info (332115): Data Arrival Path:
                Info (332115): Total (ns)  Incr (ns)     Type  Element
                Info (332115): ==========  ========= ==  ====  ===================================
                Info (332115):      3.355      3.355  R        clock network delay
                Info (332115):      3.355      0.000     uTco  bladerf_core:U_core|handshake:U_dwell_cfg_handshake|source_holding[16]
                Info (332115):      3.355      0.000 FF  CELL  U_core|U_dwell_cfg_handshake|source_holding[16]|q
                Info (332115):      4.476      1.121 FF    IC  U_core|dwell_cfg_rx[16]|asdata
                Info (332115):      5.202      0.726 FF  CELL  bladerf_core:U_core|dwell_cfg_rx[16]
                Info (332115): Clock Arrival Path:
                Info (332115): Total (ns)  Incr (ns)     Type  Element
                Info (332115): ==========  ========= ==  ====  ===================================
                Info (332115):      4.776      4.776  R        clock network delay
                Info (332115):      4.616     -0.160           clock uncertainty
                Info (332115):      4.616      0.000     uTsu  bladerf_core:U_core|dwell_cfg_rx[16]
            Info (332181): Earliest Path Arrival
                Info (332115): From Node          : bladerf_core:U_core|handshake:U_dwell_cfg_handshake|source_holding[0]
                Info (332115): To Node            : bladerf_core:U_core|dwell_cfg_rx[0]
                Info (332115): Launch Clock       : U_core|U_system_pll|altera_pll_i|general[0].gpll~PLL_OUTPUT_COUNTER|divclk
                Info (332115): Latch Clock        : U_core|U_nios_system|axi_ad9361_0|i_dev_if|i_rx|i_altlvds_rx|auto_generated|pll_sclk~PLL_OUTPUT_COUNTER|divclk
                Info (332115): Data Arrival Time  : 2.794
                Info (332115): Clock Arrival Time : 6.514
                Info (332115): Relative Delay     : -3.720
                Info (332115): Data Arrival Path:
                Info (332115): Total (ns)  Incr (ns)     Type  Element
                Info (332115): ==========  ========= ==  ====  ===================================
                Info (332115):      1.807      1.807  R        clock network delay
                Info (332115):      1.807      0.000     uTco  bladerf_core:U_core|handshake:U_dwell_cfg_handshake|source_holding[0]
                Info (332115):      1.807      0.000 RR  CELL  U_core|U_dwell_cfg_handshake|source_holding[0]|q
                Info (332115):      2.459      0.652 RR    IC  U_core|dwell_cfg_rx[0]|asdata
                Info (332115):      2.794      0.335 RR  CELL  bladerf_core:U_core|dwell_cfg_rx[0]
                Info (332115): Clock Arrival Path:
                Info (332115): Total (ns)  Incr (ns)     Type  Element
                Info (332115): ==========  ========= ==  ====  ===================================
                Info (332115):      6.354      6.354  R        clock network delay
                Info (332115):      6.514      0.160           clock uncertainty
                Info (332115):      6.514      0.000      uTh  bladerf_core:U_core|dwell_cfg_rx[0]
            Info (332181): Cross Path Clock Pessimism Removed : 2.877
            Info (332181): Required Skew   : 6.400
            Info (332181): Actual Skew     : 1.429
            Info (332181): Slack           : 4.971
        Info (332181): Path #128: Slack is 4.976 
            Info (332181): Latest Path Arrival
                Info (332115): From Node          : bladerf_core:U_core|handshake:U_dwell_cfg_handshake|source_holding[16]
                Info (332115): To Node            : bladerf_core:U_core|dwell_cfg_rx[16]
                Info (332115): Launch Clock       : U_core|U_system_pll|altera_pll_i|general[0].gpll~PLL_OUTPUT_COUNTER|divclk
                Info (332115): Latch Clock        : U_core|U_nios_system|axi_ad9361_0|i_dev_if|i_rx|i_altlvds_rx|auto_generated|pll_sclk~PLL_OUTPUT_COUNTER|divclk
                Info (332115): Data Arrival Time  : 5.202
                Info (332115): Clock Arrival Time : 4.616
                Info (332115): Relative Delay     : 0.586
                Info (332115): Data Arrival Path:
                Info (332115): Total (ns)  Incr (ns)     Type  Element
                Info (332115): ==========  ========= ==  ====  ===================================
                Info (332115):      3.355      3.355  R        clock network delay
                Info (332115):      3.355      0.000     uTco  bladerf_core:U_core|handshake:U_dwell_cfg_handshake|source_holding[16]
                Info (332115):      3.355      0.000 FF  CELL  U_core|U_dwell_cfg_handshake|source_holding[16]|q
                Info (332115):      4.476      1.121 FF    IC  U_core|dwell_cfg_rx[16]|asdata
                Info (332115):      5.202      0.726 FF  CELL  bladerf_core:U_core|dwell_cfg_rx[16]
                Info (332115): Clock Arrival Path:
                Info (332115): Total (ns)  Incr (ns)     Type  Element
                Info (332115): ==========  ========= ==  ====  ===================================
                Info (332115):      4.776      4.776  R        clock network delay
                Info (332115):      4.616     -0.160           clock uncertainty
                Info (332115):      4.616      0.000     uTsu  bladerf_core:U_core|dwell_cfg_rx[16]
            Info (332181): Earliest Path Arrival
                Info (332115): From Node          : bladerf_core:U_core|handshake:U_dwell_cfg_handshake|source_holding[21]
                Info (332115): To Node            : bladerf_core:U_core|dwell_cfg_rx[21]
                Info (332115): Launch Clock       : U_core|U_system_pll|altera_pll_i|general[0].gpll~PLL_OUTPUT_COUNTER|divclk
                Info (332115): Latch Clock        : U_core|U_nios_system|axi_ad9361_0|i_dev_if|i_rx|i_altlvds_rx|auto_generated|pll_sclk~PLL_OUTPUT_COUNTER|divclk
                Info (332115): Data Arrival Time  : 2.846
                Info (332115): Clock Arrival Time : 6.513
                Info (332115): Relative Delay     : -3.667
                Info (332115): Data Arrival Path:
                Info (332115): Total (ns)  Incr (ns)     Type  Element
                Info (332115): ==========  ========= ==  ====  ===================================
                Info (332115):      1.795      1.795  R        clock network delay
                Info (332115):      1.795      0.000     uTco  bladerf_core:U_core|handshake:U_dwell_cfg_handshake|source_holding[21]
                Info (332115):      1.795      0.000 FF  CELL  U_core|U_dwell_cfg_handshake|source_holding[21]|q
                Info (332115):      2.408      0.613 FF    IC  U_core|dwell_cfg_rx[21]|asdata
                Info (332115):      2.846      0.438 FF  CELL  bladerf_core:U_core|dwell_cfg_rx[21]
                Info (332115): Clock Arrival Path:
                Info (332115): Total (ns)  Incr (ns)     Type  Element
                Info (332115): ==========  ========= ==  ====  ===================================
                Info (332115):      6.353      6.353  R        clock network delay
                Info (332115):      6.513      0.160           clock uncertainty
                Info (332115):      6.513      0.000      uTh  bladerf_core:U_core|dwell_cfg_rx[21]
            Info (332181): Cross Path Clock Pessimism Removed : 2.829
            Info (332181): Required Skew   : 6.400
            Info (332181): Actual Skew     : 1.424
            Info (332181): Slack           : 4.976
Info (332115): Worst-case slack is 4.949 for "set_max_skew -from [get_keepers {*U_pretrig_addr_handshake|source_holding[*]}] -to [get_keepers {*bladerf_core:*|pretrig_addr_rx[*]}] 6.400 "
    Info (332181): Skew for the Latest Arrival
        Info (332181): Path #129: Slack is 4.949 
            Info (332181): Latest Path Arrival
                Info (332115): From Node          : bladerf_core:U_core|handshake:U_pretrig_addr_handshake|source_holding[17]
                Info (332115): To Node            : bladerf_core:U_core|pretrig_addr_rx[17]
                Info (332115): Launch Clock       : U_core|U_system_pll|altera_pll_i|general[0].gpll~PLL_OUTPUT_COUNTER|divclk
                Info (332115): Latch Clock        : U_core|U_nios_system|axi_ad9361_0|i_dev_if|i_rx|i_altlvds_rx|auto_generated|pll_sclk~PLL_OUTPUT_COUNTER|divclk
                Info (332115): Data Arrival Time  : 5.714
                Info (332115): Clock Arrival Time : 4.590
                Info (332115): Relative Delay     : 1.124
                Info (332115): Data Arrival Path:
                Info (332115): Total (ns)  Incr (ns)     Type  Element
                Info (332115): ==========  ========= ==  ====  ===================================
                Info (332115):      3.339      3.339  R        clock network delay
                Info (332115):      3.339      0.000     uTco  bladerf_core:U_core|handshake:U_pretrig_addr_handshake|source_holding[17]
                Info (332115):      3.339      0.000 FF  CELL  U_core|U_pretrig_addr_handshake|source_holding[17]|q
                Info (332115):      4.985      1.646 FF    IC  U_core|pretrig_addr_rx[17]|asdata
                Info (332115):      5.714      0.729 FF  CELL  bladerf_core:U_core|pretrig_addr_rx[17]
                Info (332115): Clock Arrival Path:
                Info (332115): Total (ns)  Incr (ns)     Type  Element
                Info (332115): ==========  ========= ==  ====  ===================================
                Info (332115):      4.750      4.750  R        clock network delay
                Info (332115):      4.590     -0.160           clock uncertainty
                Info (332115):      4.590      0.000     uTsu  bladerf_core:U_core|pretrig_addr_rx[17]
            Info (332181): Earliest Path Arrival
                Info (332115): From Node          : bladerf_core:U_core|handshake:U_pretrig_addr_handshake|source_holding[19]
                Info (332115): To Node            : bladerf_core:U_core|pretrig_addr_rx[19]
                Info (332115): Launch Clock       : U_core|U_system_pll|altera_pll_i|general[0].gpll~PLL_OUTPUT_COUNTER|divclk
                Info (332115): Latch Clock        : U_core|U_nios_system|axi_ad9361_0|i_dev_if|i_rx|i_altlvds_rx|auto_generated|pll_sclk~PLL_OUTPUT_COUNTER|divclk
                Info (332115): Data Arrival Time  : 3.315
                Info (332115): Clock Arrival Time : 6.495
                Info (332115): Relative Delay     : -3.180
                Info (332115): Data Arrival Path:
                Info (332115): Total (ns)  Incr (ns)     Type  Element
                Info (332115): ==========  ========= ==  ====  ===================================
                Info (332115):      1.796      1.796  R        clock network delay
                Info (332115):      1.796      0.000     uTco  bladerf_core:U_core|handshake:U_pretrig_addr_handshake|source_holding[19]
                Info (332115):      1.796      0.000 RR  CELL  U_core|U_pretrig_addr_handshake|source_holding[19]|q
                Info (332115):      2.887      1.091 RR    IC  U_core|pretrig_addr_rx[19]|asdata
                Info (332115):      3.315      0.428 RR  CELL  bladerf_core:U_core|pretrig_addr_rx[19]
                Info (332115): Clock Arrival Path:
                Info (332115): Total (ns)  Incr (ns)     Type  Element
                Info (332115): ==========  ========= ==  ====  ===================================
                Info (332115):      6.335      6.335  R        clock network delay
                Info (332115):      6.495      0.160           clock uncertainty
                Info (332115):      6.495      0.000      uTh  bladerf_core:U_core|pretrig_addr_rx[19]
            Info (332181): Cross Path Clock Pessimism Removed : 2.853
            Info (332181): Required Skew   : 6.400
            Info (332181): Actual Skew     : 1.451
            Info (332181): Slack           : 4.949
        Info (332181): Path #130: Slack is 5.202 
            Info (332181): Latest Path Arrival
                Info (332115): From Node          : bladerf_core:U_core|handshake:U_pretrig_addr_handshake|source_holding[18]
                Info (332115): To Node            : bladerf_core:U_core|pretrig_addr_rx[18]
                Info (332115): Launch Clock       : U_core|U_system_pll|altera_pll_i|general[0].gpll~PLL_OUTPUT_COUNTER|divclk
                Info (332115): Latch Clock        : U_core|U_nios_system|axi_ad9361_0|i_dev_if|i_rx|i_altlvds_rx|auto_generated|pll_sclk~PLL_OUTPUT_COUNTER|divclk
                Info (332115): Data Arrival Time  : 5.461
                Info (332115): Clock Arrival Time : 4.590
                Info (332115): Relative Delay     : 0.871
                Info (332115): Data Arrival Path:
                Info (332115): Total (ns)  Incr (ns)     Type  Element
                Info (332115): ==========  ========= ==  ====  ===================================
                Info (332115):      3.331      3.331  R        clock network delay
                Info (332115):      3.331      0.000     uTco  bladerf_core:U_core|handshake:U_pretrig_addr_handshake|source_holding[18]
                Info (332115):      3.331      0.000 FF  CELL  U_core|U_pretrig_addr_handshake|source_holding[18]|q
                Info (332115):      4.732      1.401 FF    IC  U_core|pretrig_addr_rx[18]|asdata
                Info (332115):      5.461      0.729 FF  CELL  bladerf_core:U_core|pretrig_addr_rx[18]
                Info (332115): Clock Arrival Path:
                Info (332115): Total (ns)  Incr (ns)     Type  Element
                Info (332115): ==========  ========= ==  ====  ===================================
                Info (332115):      4.750      4.750  R        clock network delay
                Info (332115):      4.590     -0.160           clock uncertainty
                Info (332115):      4.590      0.000     uTsu  bladerf_core:U_core|pretrig_addr_rx[18]
            Info (332181): Earliest Path Arrival
                Info (332115): From Node          : bladerf_core:U_core|handshake:U_pretrig_addr_handshake|source_holding[19]
                Info (332115): To Node            : bladerf_core:U_core|pretrig_addr_rx[19]
                Info (332115): Launch Clock       : U_core|U_system_pll|altera_pll_i|general[0].gpll~PLL_OUTPUT_COUNTER|divclk
                Info (332115): Latch Clock        : U_core|U_nios_system|axi_ad9361_0|i_dev_if|i_rx|i_altlvds_rx|auto_generated|pll_sclk~PLL_OUTPUT_COUNTER|divclk
                Info (332115): Data Arrival Time  : 3.315
                Info (332115): Clock Arrival Time : 6.495
                Info (332115): Relative Delay     : -3.180
                Info (332115): Data Arrival Path:
                Info (332115): Total (ns)  Incr (ns)     Type  Element
                Info (332115): ==========  ========= ==  ====  ===================================
                Info (332115):      1.796      1.796  R        clock network delay
                Info (332115):      1.796      0.000     uTco  bladerf_core:U_core|handshake:U_pretrig_addr_handshake|source_holding[19]
                Info (332115):      1.796      0.000 RR  CELL  U_core|U_pretrig_addr_handshake|source_holding[19]|q
                Info (332115):      2.887      1.091 RR    IC  U_core|pretrig_addr_rx[19]|asdata
                Info (332115):      3.315      0.428 RR  CELL  bladerf_core:U_core|pretrig_addr_rx[19]
                Info (332115): Clock Arrival Path:
                Info (332115): Total (ns)  Incr (ns)     Type  Element
                Info (332115): ==========  ========= ==  ====  ===================================
                Info (332115):      6.335      6.335  R        clock network delay
                Info (332115):      6.495      0.160           clock uncertainty
                Info (332115):      6.495      0.000      uTh  bladerf_core:U_core|pretrig_addr_rx[19]
            Info (332181): Cross Path Clock Pessimism Removed : 2.853
            Info (332181): Required Skew   : 6.400
            Info (332181): Actual Skew     : 1.198
            Info (332181): Slack           : 5.202
        Info (332181): Path #131: Slack is 5.208 
            Info (332181): Latest Path Arrival
                Info (332115): From Node          : bladerf_core:U_core|handshake:U_pretrig_addr_handshake|source_holding[16]
                Info (332115): To Node            : bladerf_core:U_core|pretrig_addr_rx[16]
                Info (332115): Launch Clock       : U_core|U_system_pll|altera_pll_i|general[0].gpll~PLL_OUTPUT_COUNTER|divclk
                Info (332115): Latch Clock        : U_core|U_nios_system|axi_ad9361_0|i_dev_if|i_rx|i_altlvds_rx|auto_generated|pll_sclk~PLL_OUTPUT_COUNTER|divclk
                Info (332115): Data Arrival Time  : 5.467
                Info (332115): Clock Arrival Time : 4.590
                Info (332115): Relative Delay     : 0.877
                Info (332115): Data Arrival Path:
                Info (332115): Total (ns)  Incr (ns)     Type  Element
                Info (332115): ==========  ========= ==  ====  ===================================
                Info (332115):      3.337      3.337  R        clock network delay
                Info (332115):      3.337      0.000     uTco  bladerf_core:U_core|handshake:U_pretrig_addr_handshake|source_holding[16]
                Info (332115):      3.337      0.000 FF  CELL  U_core|U_pretrig_addr_handshake|source_holding[16]|q
                Info (332115):      4.738      1.401 FF    IC  U_core|pretrig_addr_rx[16]|asdata
                Info (332115):      5.467      0.729 FF  CELL  bladerf_core:U_core|pretrig_addr_rx[16]
                Info (332115): Clock Arrival Path:
                Info (332115): Total (ns)  Incr (ns)     Type  Element
                Info (332115): ==========  ========= ==  ====  ===================================
                Info (332115):      4.750      4.750  R        clock network delay
                Info (332115):      4.590     -0.160           clock uncertainty
                Info (332115):      4.590      0.000     uTsu  bladerf_core:U_core|pretrig_addr_rx[16]
            Info (332181): Earliest Path Arrival
                Info (332115): From Node          : bladerf_core:U_core|handshake:U_pretrig_addr_handshake|source_holding[18]
                Info (332115): To Node            : bladerf_core:U_core|pretrig_addr_rx[18]
                Info (332115): Launch Clock       : U_core|U_system_pll|altera_pll_i|general[0].gpll~PLL_OUTPUT_COUNTER|divclk
                Info (332115): Latch Clock        : U_core|U_nios_system|axi_ad9361_0|i_dev_if|i_rx|i_altlvds_rx|auto_generated|pll_sclk~PLL_OUTPUT_COUNTER|divclk
                Info (332115): Data Arrival Time  : 3.334
                Info (332115): Clock Arrival Time : 6.502
                Info (332115): Relative Delay     : -3.168
                Info (332115): Data Arrival Path:
                Info (332115): Total (ns)  Incr (ns)     Type  Element
                Info (332115): ==========  ========= ==  ====  ===================================
                Info (332115):      1.791      1.791  R        clock network delay
                Info (332115):      1.791      0.000     uTco  bladerf_core:U_core|handshake:U_pretrig_addr_handshake|source_holding[18]
                Info (332115):      1.791      0.000 RR  CELL  U_core|U_pretrig_addr_handshake|source_holding[18]|q
                Info (332115):      2.899      1.108 RR    IC  U_core|pretrig_addr_rx[18]|asdata
                Info (332115):      3.334      0.435 RR  CELL  bladerf_core:U_core|pretrig_addr_rx[18]
                Info (332115): Clock Arrival Path:
                Info (332115): Total (ns)  Incr (ns)     Type  Element
                Info (332115): ==========  ========= ==  ====  ===================================
                Info (332115):      6.342      6.342  R        clock network delay
                Info (332115):      6.502      0.160           clock uncertainty
                Info (332115):      6.502      0.000      uTh  bladerf_core:U_core|pretrig_addr_rx[18]
            Info (332181): Cross Path Clock Pessimism Removed : 2.853
            Info (332181): Required Skew   : 6.400
            Info (332181): Actual Skew     : 1.192
            Info (332181): Slack           : 5.208
        Info (332181): Path #132: Slack is 5.263 
            Info (332181): Latest Path Arrival
                Info (332115): From Node          : bladerf_core:U_core|handshake:U_pretrig_addr_handshake|source_holding[19]
                Info (332115): To Node            : bladerf_core:U_core|pretrig_addr_rx[19]
                Info (332115): Launch Clock       : U_core|U_system_pll|altera_pll_i|general[0].gpll~PLL_OUTPUT_COUNTER|divclk
                Info (332115): Latch Clock        : U_core|U_nios_system|axi_ad9361_0|i_dev_if|i_rx|i_altlvds_rx|auto_generated|pll_sclk~PLL_OUTPUT_COUNTER|divclk
                Info (332115): Data Arrival Time  : 5.406
                Info (332115): Clock Arrival Time : 4.584
                Info (332115): Relative Delay     : 0.822
                Info (332115): Data Arrival Path:
                Info (332115): Total (ns)  Incr (ns)     Type  Element
                Info (332115): ==========  ========= ==  ====  ===================================
                Info (332115):      3.337      3.337  R        clock network delay
                Info (332115):      3.337      0.000     uTco  bladerf_core:U_core|handshake:U_pretrig_addr_handshake|source_holding[19]
                Info (332115):      3.337      0.000 FF  CELL  U_core|U_pretrig_addr_handshake|source_holding[19]|q
                Info (332115):      4.680      1.343 FF    IC  U_core|pretrig_addr_rx[19]|asdata
                Info (332115):      5.406      0.726 FF  CELL  bladerf_core:U_core|pretrig_addr_rx[19]
                Info (332115): Clock Arrival Path:
                Info (332115): Total (ns)  Incr (ns)     Type  Element
                Info (332115): ==========  ========= ==  ====  ===================================
                Info (332115):      4.744      4.744  R        clock network delay
                Info (332115):      4.584     -0.160           clock uncertainty
                Info (332115):      4.584      0.000     uTsu  bladerf_core:U_core|pretrig_addr_rx[19]
            Info (332181): Earliest Path Arrival
                Info (332115): From Node          : bladerf_core:U_core|handshake:U_pretrig_addr_handshake|source_holding[18]
                Info (332115): To Node            : bladerf_core:U_core|pretrig_addr_rx[18]
                Info (332115): Launch Clock       : U_core|U_system_pll|altera_pll_i|general[0].gpll~PLL_OUTPUT_COUNTER|divclk
                Info (332115): Latch Clock        : U_core|U_nios_system|axi_ad9361_0|i_dev_if|i_rx|i_altlvds_rx|auto_generated|pll_sclk~PLL_OUTPUT_COUNTER|divclk
                Info (332115): Data Arrival Time  : 3.334
                Info (332115): Clock Arrival Time : 6.502
                Info (332115): Relative Delay     : -3.168
                Info (332115): Data Arrival Path:
                Info (332115): Total (ns)  Incr (ns)     Type  Element
                Info (332115): ==========  ========= ==  ====  ===================================
                Info (332115):      1.791      1.791  R        clock network delay
                Info (332115):      1.791      0.000     uTco  bladerf_core:U_core|handshake:U_pretrig_addr_handshake|source_holding[18]
                Info (332115):      1.791      0.000 RR  CELL  U_core|U_pretrig_addr_handshake|source_holding[18]|q
                Info (332115):      2.899      1.108 RR    IC  U_core|pretrig_addr_rx[18]|asdata
                Info (332115):      3.334      0.435 RR  CELL  bladerf_core:U_core|pretrig_addr_rx[18]
                Info (332115): Clock Arrival Path:
                Info (332115): Total (ns)  Incr (ns)     Type  Element
                Info (332115): ==========  ========= ==  ====  ===================================
                Info (332115):      6.342      6.342  R        clock network delay
                Info (332115):      6.502      0.160           clock uncertainty
                Info (332115):      6.502      0.000      uTh  bladerf_core:U_core|pretrig_addr_rx[18]
            Info (332181): Cross Path Clock Pessimism Removed : 2.853
            Info (332181): Required Skew   : 6.400
            Info (332181): Actual Skew     : 1.137
            Info (332181): Slack           : 5.263
    Info (332181): Skew for the Earliest Arrival
        Info (332181): Path #133: Slack is 4.949 
            Info (332181): Latest Path Arrival
                Info (332115): From Node          : bladerf_core:U_core|handshake:U_pretrig_addr_handshake|source_holding[17]
                Info (332115): To Node            : bladerf_core:U_core|pretrig_addr_rx[17]
                Info (332115): Launch Clock       : U_core|U_system_pll|altera_pll_i|general[0].gpll~PLL_OUTPUT_COUNTER|divclk
                Info (332115): Latch Clock        : U_core|U_nios_system|axi_ad9361_0|i_dev_if|i_rx|i_altlvds_rx|auto_generated|pll_sclk~PLL_OUTPUT_COUNTER|divclk
                Info (332115): Data Arrival Time  : 5.714
                Info (332115): Clock Arrival Time : 4.590
                Info (332115): Relative Delay     : 1.124
                Info (332115): Data Arrival Path:
                Info (332115): Total (ns)  Incr (ns)     Type  Element
                Info (332115): ==========  ========= ==  ====  ===================================
                Info (332115):      3.339      3.339  R        clock network delay
                Info (332115):      3.339      0.000     uTco  bladerf_core:U_core|handshake:U_pretrig_addr_handshake|source_holding[17]
                Info (332115):      3.339      0.000 FF  CELL  U_core|U_pretrig_addr_handshake|source_holding[17]|q
                Info (332115):      4.985      1.646 FF    IC  U_core|pretrig_addr_rx[17]|asdata
                Info (332115):      5.714      0.729 FF  CELL  bladerf_core:U_core|pretrig_addr_rx[17]
                Info (332115): Clock Arrival Path:
                Info (332115): Total (ns)  Incr (ns)     Type  Element
                Info (332115): ==========  ========= ==  ====  ===================================
                Info (332115):      4.750      4.750  R        clock network delay
                Info (332115):      4.590     -0.160           clock uncertainty
                Info (332115):      4.590      0.000     uTsu  bladerf_core:U_core|pretrig_addr_rx[17]
            Info (332181): Earliest Path Arrival
                Info (332115): From Node          : bladerf_core:U_core|handshake:U_pretrig_addr_handshake|source_holding[19]
                Info (332115): To Node            : bladerf_core:U_core|pretrig_addr_rx[19]
                Info (332115): Launch Clock       : U_core|U_system_pll|altera_pll_i|general[0].gpll~PLL_OUTPUT_COUNTER|divclk
                Info (332115): Latch Clock        : U_core|U_nios_system|axi_ad9361_0|i_dev_if|i_rx|i_altlvds_rx|auto_generated|pll_sclk~PLL_OUTPUT_COUNTER|divclk
                Info (332115): Data Arrival Time  : 3.315
                Info (332115): Clock Arrival Time : 6.495
                Info (332115): Relative Delay     : -3.180
                Info (332115): Data Arrival Path:
                Info (332115): Total (ns)  Incr (ns)     Type  Element
                Info (332115): ==========  ========= ==  ====  ===================================
                Info (332115):      1.796      1.796  R        clock network delay
                Info (332115):      1.796      0.000     uTco  bladerf_core:U_core|handshake:U_pretrig_addr_handshake|source_holding[19]
                Info (332115):      1.796      0.000 RR  CELL  U_core|U_pretrig_addr_handshake|source_holding[19]|q
                Info (332115):      2.887      1.091 RR    IC  U_core|pretrig_addr_rx[19]|asdata
                Info (332115):      3.315      0.428 RR  CELL  bladerf_core:U_core|pretrig_addr_rx[19]
                Info (332115): Clock Arrival Path:
                Info (332115): Total (ns)  Incr (ns)     Type  Element
                Info (332115): ==========  ========= ==  ====  ===================================
                Info (332115):      6.335      6.335  R        clock network delay
                Info (332115):      6.495      0.160           clock uncertainty
                Info (332115):      6.495      0.000      uTh  bladerf_core:U_core|pretrig_addr_rx[19]
            Info (332181): Cross Path Clock Pessimism Removed : 2.853
            Info (332181): Required Skew   : 6.400
            Info (332181): Actual Skew     : 1.451
            Info (332181): Slack           : 4.949
        Info (332181): Path #134: Slack is 4.985 
            Info (332181): Latest Path Arrival
                Info (332115): From Node          : bladerf_core:U_core|handshake:U_pretrig_addr_handshake|source_holding[17]
                Info (332115): To Node            : bladerf_core:U_core|pretrig_addr_rx[17]
                Info (332115): Launch Clock       : U_core|U_system_pll|altera_pll_i|general[0].gpll~PLL_OUTPUT_COUNTER|divclk
                Info (332115): Latch Clock        : U_core|U_nios_system|axi_ad9361_0|i_dev_if|i_rx|i_altlvds_rx|auto_generated|pll_sclk~PLL_OUTPUT_COUNTER|divclk
                Info (332115): Data Arrival Time  : 5.714
                Info (332115): Clock Arrival Time : 4.590
                Info (332115): Relative Delay     : 1.124
                Info (332115): Data Arrival Path:
                Info (332115): Total (ns)  Incr (ns)     Type  Element
                Info (332115): ==========  ========= ==  ====  ===================================
                Info (332115):      3.339      3.339  R        clock network delay
                Info (332115):      3.339      0.000     uTco  bladerf_core:U_core|handshake:U_pretrig_addr_handshake|source_holding[17]
                Info (332115):      3.339      0.000 FF  CELL  U_core|U_pretrig_addr_handshake|source_holding[17]|q
                Info (332115):      4.985      1.646 FF    IC  U_core|pretrig_addr_rx[17]|asdata
                Info (332115):      5.714      0.729 FF  CELL  bladerf_core:U_core|pretrig_addr_rx[17]
                Info (332115): Clock Arrival Path:
                Info (332115): Total (ns)  Incr (ns)     Type  Element
                Info (332115): ==========  ========= ==  ====  ===================================
                Info (332115):      4.750      4.750  R        clock network delay
                Info (332115):      4.590     -0.160           clock uncertainty
                Info (332115):      4.590      0.000     uTsu  bladerf_core:U_core|pretrig_addr_rx[17]
            Info (332181): Earliest Path Arrival
                Info (332115): From Node          : bladerf_core:U_core|handshake:U_pretrig_addr_handshake|source_holding[16]
                Info (332115): To Node            : bladerf_core:U_core|pretrig_addr_rx[16]
                Info (332115): Launch Clock       : U_core|U_system_pll|altera_pll_i|general[0].gpll~PLL_OUTPUT_COUNTER|divclk
                Info (332115): Latch Clock        : U_core|U_nios_system|axi_ad9361_0|i_dev_if|i_rx|i_altlvds_rx|auto_generated|pll_sclk~PLL_OUTPUT_COUNTER|divclk
                Info (332115): Data Arrival Time  : 3.357
                Info (332115): Clock Arrival Time : 6.501
                Info (332115): Relative Delay     : -3.144
                Info (332115): Data Arrival Path:
                Info (332115): Total (ns)  Incr (ns)     Type  Element
                Info (332115): ==========  ========= ==  ====  ===================================
                Info (332115):      1.796      1.796  R        clock network delay
                Info (332115):      1.796      0.000     uTco  bladerf_core:U_core|handshake:U_pretrig_addr_handshake|source_holding[16]
                Info (332115):      1.796      0.000 RR  CELL  U_core|U_pretrig_addr_handshake|source_holding[16]|q
                Info (332115):      2.922      1.126 RR    IC  U_core|pretrig_addr_rx[16]|asdata
                Info (332115):      3.357      0.435 RR  CELL  bladerf_core:U_core|pretrig_addr_rx[16]
                Info (332115): Clock Arrival Path:
                Info (332115): Total (ns)  Incr (ns)     Type  Element
                Info (332115): ==========  ========= ==  ====  ===================================
                Info (332115):      6.341      6.341  R        clock network delay
                Info (332115):      6.501      0.160           clock uncertainty
                Info (332115):      6.501      0.000      uTh  bladerf_core:U_core|pretrig_addr_rx[16]
            Info (332181): Cross Path Clock Pessimism Removed : 2.853
            Info (332181): Required Skew   : 6.400
            Info (332181): Actual Skew     : 1.415
            Info (332181): Slack           : 4.985
        Info (332181): Path #135: Slack is 4.986 
            Info (332181): Latest Path Arrival
                Info (332115): From Node          : bladerf_core:U_core|handshake:U_pretrig_addr_handshake|source_holding[17]
                Info (332115): To Node            : bladerf_core:U_core|pretrig_addr_rx[17]
                Info (332115): Launch Clock       : U_core|U_system_pll|altera_pll_i|general[0].gpll~PLL_OUTPUT_COUNTER|divclk
                Info (332115): Latch Clock        : U_core|U_nios_system|axi_ad9361_0|i_dev_if|i_rx|i_altlvds_rx|auto_generated|pll_sclk~PLL_OUTPUT_COUNTER|divclk
                Info (332115): Data Arrival Time  : 5.714
                Info (332115): Clock Arrival Time : 4.590
                Info (332115): Relative Delay     : 1.124
                Info (332115): Data Arrival Path:
                Info (332115): Total (ns)  Incr (ns)     Type  Element
                Info (332115): ==========  ========= ==  ====  ===================================
                Info (332115):      3.339      3.339  R        clock network delay
                Info (332115):      3.339      0.000     uTco  bladerf_core:U_core|handshake:U_pretrig_addr_handshake|source_holding[17]
                Info (332115):      3.339      0.000 FF  CELL  U_core|U_pretrig_addr_handshake|source_holding[17]|q
                Info (332115):      4.985      1.646 FF    IC  U_core|pretrig_addr_rx[17]|asdata
                Info (332115):      5.714      0.729 FF  CELL  bladerf_core:U_core|pretrig_addr_rx[17]
                Info (332115): Clock Arrival Path:
                Info (332115): Total (ns)  Incr (ns)     Type  Element
                Info (332115): ==========  ========= ==  ====  ===================================
                Info (332115):      4.750      4.750  R        clock network delay
                Info (332115):      4.590     -0.160           clock uncertainty
                Info (332115):      4.590      0.000     uTsu  bladerf_core:U_core|pretrig_addr_rx[17]
            Info (332181): Earliest Path Arrival
                Info (332115): From Node          : bladerf_core:U_core|handshake:U_pretrig_addr_handshake|source_holding[18]
                Info (332115): To Node            : bladerf_core:U_core|pretrig_addr_rx[18]
                Info (332115): Launch Clock       : U_core|U_system_pll|altera_pll_i|general[0].gpll~PLL_OUTPUT_COUNTER|divclk
                Info (332115): Latch Clock        : U_core|U_nios_system|axi_ad9361_0|i_dev_if|i_rx|i_altlvds_rx|auto_generated|pll_sclk~PLL_OUTPUT_COUNTER|divclk
                Info (332115): Data Arrival Time  : 3.334
                Info (332115): Clock Arrival Time : 6.502
                Info (332115): Relative Delay     : -3.168
                Info (332115): Data Arrival Path:
                Info (332115): Total (ns)  Incr (ns)     Type  Element
                Info (332115): ==========  ========= ==  ====  ===================================
                Info (332115):      1.791      1.791  R        clock network delay
                Info (332115):      1.791      0.000     uTco  bladerf_core:U_core|handshake:U_pretrig_addr_handshake|source_holding[18]
                Info (332115):      1.791      0.000 RR  CELL  U_core|U_pretrig_addr_handshake|source_holding[18]|q
                Info (332115):      2.899      1.108 RR    IC  U_core|pretrig_addr_rx[18]|asdata
                Info (332115):      3.334      0.435 RR  CELL  bladerf_core:U_core|pretrig_addr_rx[18]
                Info (332115): Clock Arrival Path:
                Info (332115): Total (ns)  Incr (ns)     Type  Element
                Info (332115): ==========  ========= ==  ====  ===================================
                Info (332115):      6.342      6.342  R        clock network delay
                Info (332115):      6.502      0.160           clock uncertainty
                Info (332115):      6.502      0.000      uTh  bladerf_core:U_core|pretrig_addr_rx[18]
            Info (332181): Cross Path Clock Pessimism Removed : 2.878
            Info (332181): Required Skew   : 6.400
            Info (332181): Actual Skew     : 1.414
            Info (332181): Slack           : 4.986
        Info (332181): Path #136: Slack is 5.371 
            Info (332181): Latest Path Arrival
                Info (332115): From Node          : bladerf_core:U_core|handshake:U_pretrig_addr_handshake|source_holding[16]
                Info (332115): To Node            : bladerf_core:U_core|pretrig_addr_rx[16]
                Info (332115): Launch Clock       : U_core|U_system_pll|altera_pll_i|general[0].gpll~PLL_OUTPUT_COUNTER|divclk
                Info (332115): Latch Clock        : U_core|U_nios_system|axi_ad9361_0|i_dev_if|i_rx|i_altlvds_rx|auto_generated|pll_sclk~PLL_OUTPUT_COUNTER|divclk
                Info (332115): Data Arrival Time  : 5.467
                Info (332115): Clock Arrival Time : 4.590
                Info (332115): Relative Delay     : 0.877
                Info (332115): Data Arrival Path:
                Info (332115): Total (ns)  Incr (ns)     Type  Element
                Info (332115): ==========  ========= ==  ====  ===================================
                Info (332115):      3.337      3.337  R        clock network delay
                Info (332115):      3.337      0.000     uTco  bladerf_core:U_core|handshake:U_pretrig_addr_handshake|source_holding[16]
                Info (332115):      3.337      0.000 FF  CELL  U_core|U_pretrig_addr_handshake|source_holding[16]|q
                Info (332115):      4.738      1.401 FF    IC  U_core|pretrig_addr_rx[16]|asdata
                Info (332115):      5.467      0.729 FF  CELL  bladerf_core:U_core|pretrig_addr_rx[16]
                Info (332115): Clock Arrival Path:
                Info (332115): Total (ns)  Incr (ns)     Type  Element
                Info (332115): ==========  ========= ==  ====  ===================================
                Info (332115):      4.750      4.750  R        clock network delay
                Info (332115):      4.590     -0.160           clock uncertainty
                Info (332115):      4.590      0.000     uTsu  bladerf_core:U_core|pretrig_addr_rx[16]
            Info (332181): Earliest Path Arrival
                Info (332115): From Node          : bladerf_core:U_core|handshake:U_pretrig_addr_handshake|source_holding[17]
                Info (332115): To Node            : bladerf_core:U_core|pretrig_addr_rx[17]
                Info (332115): Launch Clock       : U_core|U_system_pll|altera_pll_i|general[0].gpll~PLL_OUTPUT_COUNTER|divclk
                Info (332115): Latch Clock        : U_core|U_nios_system|axi_ad9361_0|i_dev_if|i_rx|i_altlvds_rx|auto_generated|pll_sclk~PLL_OUTPUT_COUNTER|divclk
                Info (332115): Data Arrival Time  : 3.497
                Info (332115): Clock Arrival Time : 6.502
                Info (332115): Relative Delay     : -3.005
                Info (332115): Data Arrival Path:
                Info (332115): Total (ns)  Incr (ns)     Type  Element
                Info (332115): ==========  ========= ==  ====  ===================================
                Info (332115):      1.798      1.798  R        clock network delay
                Info (332115):      1.798      0.000     uTco  bladerf_core:U_core|handshake:U_pretrig_addr_handshake|source_holding[17]
                Info (332115):      1.798      0.000 RR  CELL  U_core|U_pretrig_addr_handshake|source_holding[17]|q
                Info (332115):      3.062      1.264 RR    IC  U_core|pretrig_addr_rx[17]|asdata
                Info (332115):      3.497      0.435 RR  CELL  bladerf_core:U_core|pretrig_addr_rx[17]
                Info (332115): Clock Arrival Path:
                Info (332115): Total (ns)  Incr (ns)     Type  Element
                Info (332115): ==========  ========= ==  ====  ===================================
                Info (332115):      6.342      6.342  R        clock network delay
                Info (332115):      6.502      0.160           clock uncertainty
                Info (332115):      6.502      0.000      uTh  bladerf_core:U_core|pretrig_addr_rx[17]
            Info (332181): Cross Path Clock Pessimism Removed : 2.853
            Info (332181): Required Skew   : 6.400
            Info (332181): Actual Skew     : 1.029
            Info (332181): Slack           : 5.371
Info (332115): Worst-case slack is 4.968 for "set_max_skew -from [get_keepers {*time_tamer:tx_tamer|handshake:U_current|source_holding[*]}] -to [get_keepers {*time_tamer:tx_tamer|current_time_q[*]}] 6.400 "
    Info (332181): Skew for the Latest Arrival
        Info (332181): Path #137: Slack is 4.968 
            Info (332181): Latest Path Arrival
                Info (332115): From Node          : bladerf_core:U_core|nios_system:U_nios_system|time_tamer:tx_tamer|handshake:U_current|source_holding[33]
                Info (332115): To Node            : bladerf_core:U_core|nios_system:U_nios_system|time_tamer:tx_tamer|current_time_q[33]
                Info (332115): Launch Clock       : U_core|U_nios_system|axi_ad9361_0|i_dev_if|i_rx|i_altlvds_rx|auto_generated|pll_sclk~PLL_OUTPUT_COUNTER|divclk
                Info (332115): Latch Clock        : U_core|U_system_pll|altera_pll_i|general[0].gpll~PLL_OUTPUT_COUNTER|divclk
                Info (332115): Data Arrival Time  : 8.072
                Info (332115): Clock Arrival Time : 1.621
                Info (332115): Relative Delay     : 6.451
                Info (332115): Data Arrival Path:
                Info (332115): Total (ns)  Incr (ns)     Type  Element
                Info (332115): ==========  ========= ==  ====  ===================================
                Info (332115):      6.350      6.350  R        clock network delay
                Info (332115):      6.350      0.000     uTco  bladerf_core:U_core|nios_system:U_nios_system|time_tamer:tx_tamer|handshake:U_current|source_holding[33]
                Info (332115):      6.350      0.000 FF  CELL  U_core|U_nios_system|tx_tamer|U_current|source_holding[33]|q
                Info (332115):      7.348      0.998 FF    IC  U_core|U_nios_system|tx_tamer|current_time_q[33]|asdata
                Info (332115):      8.072      0.724 FF  CELL  bladerf_core:U_core|nios_system:U_nios_system|time_tamer:tx_tamer|current_time_q[33]
                Info (332115): Clock Arrival Path:
                Info (332115): Total (ns)  Incr (ns)     Type  Element
                Info (332115): ==========  ========= ==  ====  ===================================
                Info (332115):      1.781      1.781  R        clock network delay
                Info (332115):      1.621     -0.160           clock uncertainty
                Info (332115):      1.621      0.000     uTsu  bladerf_core:U_core|nios_system:U_nios_system|time_tamer:tx_tamer|current_time_q[33]
            Info (332181): Earliest Path Arrival
                Info (332115): From Node          : bladerf_core:U_core|nios_system:U_nios_system|time_tamer:tx_tamer|handshake:U_current|source_holding[49]
                Info (332115): To Node            : bladerf_core:U_core|nios_system:U_nios_system|time_tamer:tx_tamer|current_time_q[49]
                Info (332115): Launch Clock       : U_core|U_nios_system|axi_ad9361_0|i_dev_if|i_rx|i_altlvds_rx|auto_generated|pll_sclk~PLL_OUTPUT_COUNTER|divclk
                Info (332115): Latch Clock        : U_core|U_system_pll|altera_pll_i|general[0].gpll~PLL_OUTPUT_COUNTER|divclk
                Info (332115): Data Arrival Time  : 5.625
                Info (332115): Clock Arrival Time : 3.461
                Info (332115): Relative Delay     : 2.164
                Info (332115): Data Arrival Path:
                Info (332115): Total (ns)  Incr (ns)     Type  Element
                Info (332115): ==========  ========= ==  ====  ===================================
                Info (332115):      4.748      4.748  R        clock network delay
                Info (332115):      4.748      0.000     uTco  bladerf_core:U_core|nios_system:U_nios_system|time_tamer:tx_tamer|handshake:U_current|source_holding[49]
                Info (332115):      4.748      0.000 FF  CELL  U_core|U_nios_system|tx_tamer|U_current|source_holding[49]|q
                Info (332115):      5.256      0.508 FF    IC  U_core|U_nios_system|tx_tamer|current_time_q[49]|asdata
                Info (332115):      5.625      0.369 FF  CELL  bladerf_core:U_core|nios_system:U_nios_system|time_tamer:tx_tamer|current_time_q[49]
                Info (332115): Clock Arrival Path:
                Info (332115): Total (ns)  Incr (ns)     Type  Element
                Info (332115): ==========  ========= ==  ====  ===================================
                Info (332115):      3.301      3.301  R        clock network delay
                Info (332115):      3.461      0.160           clock uncertainty
                Info (332115):      3.461      0.000      uTh  bladerf_core:U_core|nios_system:U_nios_system|time_tamer:tx_tamer|current_time_q[49]
            Info (332181): Cross Path Clock Pessimism Removed : 2.855
            Info (332181): Required Skew   : 6.400
            Info (332181): Actual Skew     : 1.432
            Info (332181): Slack           : 4.968
        Info (332181): Path #138: Slack is 5.030 
            Info (332181): Latest Path Arrival
                Info (332115): From Node          : bladerf_core:U_core|nios_system:U_nios_system|time_tamer:tx_tamer|handshake:U_current|source_holding[38]
                Info (332115): To Node            : bladerf_core:U_core|nios_system:U_nios_system|time_tamer:tx_tamer|current_time_q[38]
                Info (332115): Launch Clock       : U_core|U_nios_system|axi_ad9361_0|i_dev_if|i_rx|i_altlvds_rx|auto_generated|pll_sclk~PLL_OUTPUT_COUNTER|divclk
                Info (332115): Latch Clock        : U_core|U_system_pll|altera_pll_i|general[0].gpll~PLL_OUTPUT_COUNTER|divclk
                Info (332115): Data Arrival Time  : 8.001
                Info (332115): Clock Arrival Time : 1.631
                Info (332115): Relative Delay     : 6.370
                Info (332115): Data Arrival Path:
                Info (332115): Total (ns)  Incr (ns)     Type  Element
                Info (332115): ==========  ========= ==  ====  ===================================
                Info (332115):      6.348      6.348  R        clock network delay
                Info (332115):      6.348      0.000     uTco  bladerf_core:U_core|nios_system:U_nios_system|time_tamer:tx_tamer|handshake:U_current|source_holding[38]
                Info (332115):      6.348      0.000 RR  CELL  U_core|U_nios_system|tx_tamer|U_current|source_holding[38]|q
                Info (332115):      7.272      0.924 RR    IC  U_core|U_nios_system|tx_tamer|current_time_q[38]|asdata
                Info (332115):      8.001      0.729 RR  CELL  bladerf_core:U_core|nios_system:U_nios_system|time_tamer:tx_tamer|current_time_q[38]
                Info (332115): Clock Arrival Path:
                Info (332115): Total (ns)  Incr (ns)     Type  Element
                Info (332115): ==========  ========= ==  ====  ===================================
                Info (332115):      1.791      1.791  R        clock network delay
                Info (332115):      1.631     -0.160           clock uncertainty
                Info (332115):      1.631      0.000     uTsu  bladerf_core:U_core|nios_system:U_nios_system|time_tamer:tx_tamer|current_time_q[38]
            Info (332181): Earliest Path Arrival
                Info (332115): From Node          : bladerf_core:U_core|nios_system:U_nios_system|time_tamer:tx_tamer|handshake:U_current|source_holding[2]
                Info (332115): To Node            : bladerf_core:U_core|nios_system:U_nios_system|time_tamer:tx_tamer|current_time_q[2]
                Info (332115): Launch Clock       : U_core|U_nios_system|axi_ad9361_0|i_dev_if|i_rx|i_altlvds_rx|auto_generated|pll_sclk~PLL_OUTPUT_COUNTER|divclk
                Info (332115): Latch Clock        : U_core|U_system_pll|altera_pll_i|general[0].gpll~PLL_OUTPUT_COUNTER|divclk
                Info (332115): Data Arrival Time  : 5.635
                Info (332115): Clock Arrival Time : 3.465
                Info (332115): Relative Delay     : 2.170
                Info (332115): Data Arrival Path:
                Info (332115): Total (ns)  Incr (ns)     Type  Element
                Info (332115): ==========  ========= ==  ====  ===================================
                Info (332115):      4.757      4.757  R        clock network delay
                Info (332115):      4.757      0.000     uTco  bladerf_core:U_core|nios_system:U_nios_system|time_tamer:tx_tamer|handshake:U_current|source_holding[2]
                Info (332115):      4.757      0.000 FF  CELL  U_core|U_nios_system|tx_tamer|U_current|source_holding[2]|q
                Info (332115):      5.266      0.509 FF    IC  U_core|U_nios_system|tx_tamer|current_time_q[2]|asdata
                Info (332115):      5.635      0.369 FF  CELL  bladerf_core:U_core|nios_system:U_nios_system|time_tamer:tx_tamer|current_time_q[2]
                Info (332115): Clock Arrival Path:
                Info (332115): Total (ns)  Incr (ns)     Type  Element
                Info (332115): ==========  ========= ==  ====  ===================================
                Info (332115):      3.305      3.305  R        clock network delay
                Info (332115):      3.465      0.160           clock uncertainty
                Info (332115):      3.465      0.000      uTh  bladerf_core:U_core|nios_system:U_nios_system|time_tamer:tx_tamer|current_time_q[2]
            Info (332181): Cross Path Clock Pessimism Removed : 2.830
            Info (332181): Required Skew   : 6.400
            Info (332181): Actual Skew     : 1.370
            Info (332181): Slack           : 5.030
        Info (332181): Path #139: Slack is 5.083 
            Info (332181): Latest Path Arrival
                Info (332115): From Node          : bladerf_core:U_core|nios_system:U_nios_system|time_tamer:tx_tamer|handshake:U_current|source_holding[48]
                Info (332115): To Node            : bladerf_core:U_core|nios_system:U_nios_system|time_tamer:tx_tamer|current_time_q[48]
                Info (332115): Launch Clock       : U_core|U_nios_system|axi_ad9361_0|i_dev_if|i_rx|i_altlvds_rx|auto_generated|pll_sclk~PLL_OUTPUT_COUNTER|divclk
                Info (332115): Latch Clock        : U_core|U_system_pll|altera_pll_i|general[0].gpll~PLL_OUTPUT_COUNTER|divclk
                Info (332115): Data Arrival Time  : 7.927
                Info (332115): Clock Arrival Time : 1.610
                Info (332115): Relative Delay     : 6.317
                Info (332115): Data Arrival Path:
                Info (332115): Total (ns)  Incr (ns)     Type  Element
                Info (332115): ==========  ========= ==  ====  ===================================
                Info (332115):      6.348      6.348  R        clock network delay
                Info (332115):      6.348      0.000     uTco  bladerf_core:U_core|nios_system:U_nios_system|time_tamer:tx_tamer|handshake:U_current|source_holding[48]
                Info (332115):      6.348      0.000 FF  CELL  U_core|U_nios_system|tx_tamer|U_current|source_holding[48]|q
                Info (332115):      7.198      0.850 FF    IC  U_core|U_nios_system|tx_tamer|current_time_q[48]|asdata
                Info (332115):      7.927      0.729 FF  CELL  bladerf_core:U_core|nios_system:U_nios_system|time_tamer:tx_tamer|current_time_q[48]
                Info (332115): Clock Arrival Path:
                Info (332115): Total (ns)  Incr (ns)     Type  Element
                Info (332115): ==========  ========= ==  ====  ===================================
                Info (332115):      1.770      1.770  R        clock network delay
                Info (332115):      1.610     -0.160           clock uncertainty
                Info (332115):      1.610      0.000     uTsu  bladerf_core:U_core|nios_system:U_nios_system|time_tamer:tx_tamer|current_time_q[48]
            Info (332181): Earliest Path Arrival
                Info (332115): From Node          : bladerf_core:U_core|nios_system:U_nios_system|time_tamer:tx_tamer|handshake:U_current|source_holding[2]
                Info (332115): To Node            : bladerf_core:U_core|nios_system:U_nios_system|time_tamer:tx_tamer|current_time_q[2]
                Info (332115): Launch Clock       : U_core|U_nios_system|axi_ad9361_0|i_dev_if|i_rx|i_altlvds_rx|auto_generated|pll_sclk~PLL_OUTPUT_COUNTER|divclk
                Info (332115): Latch Clock        : U_core|U_system_pll|altera_pll_i|general[0].gpll~PLL_OUTPUT_COUNTER|divclk
                Info (332115): Data Arrival Time  : 5.635
                Info (332115): Clock Arrival Time : 3.465
                Info (332115): Relative Delay     : 2.170
                Info (332115): Data Arrival Path:
                Info (332115): Total (ns)  Incr (ns)     Type  Element
                Info (332115): ==========  ========= ==  ====  ===================================
                Info (332115):      4.757      4.757  R        clock network delay
                Info (332115):      4.757      0.000     uTco  bladerf_core:U_core|nios_system:U_nios_system|time_tamer:tx_tamer|handshake:U_current|source_holding[2]
                Info (332115):      4.757      0.000 FF  CELL  U_core|U_nios_system|tx_tamer|U_current|source_holding[2]|q
                Info (332115):      5.266      0.509 FF    IC  U_core|U_nios_system|tx_tamer|current_time_q[2]|asdata
                Info (332115):      5.635      0.369 FF  CELL  bladerf_core:U_core|nios_system:U_nios_system|time_tamer:tx_tamer|current_time_q[2]
                Info (332115): Clock Arrival Path:
                Info (332115): Total (ns)  Incr (ns)     Type  Element
                Info (332115): ==========  ========= ==  ====  ===================================
                Info (332115):      3.305      3.305  R        clock network delay
                Info (332115):      3.465      0.160           clock uncertainty
                Info (332115):      3.465      0.000      uTh  bladerf_core:U_core|nios_system:U_nios_system|time_tamer:tx_tamer|current_time_q[2]
            Info (332181): Cross Path Clock Pessimism Removed : 2.830
            Info (332181): Required Skew   : 6.400
            Info (332181): Actual Skew     : 1.317
            Info (332181): Slack           : 5.083
        Info (332181): Path #140: Slack is 5.090 
            Info (332181): Latest Path Arrival
                Info (332115): From Node          : bladerf_core:U_core|nios_system:U_nios_system|time_tamer:tx_tamer|handshake:U_current|source_holding[21]
                Info (332115): To Node            : bladerf_core:U_core|nios_system:U_nios_system|time_tamer:tx_tamer|current_time_q[21]
                Info (332115): Launch Clock       : U_core|U_nios_system|axi_ad9361_0|i_dev_if|i_rx|i_altlvds_rx|auto_generated|pll_sclk~PLL_OUTPUT_COUNTER|divclk
                Info (332115): Latch Clock        : U_core|U_system_pll|altera_pll_i|general[0].gpll~PLL_OUTPUT_COUNTER|divclk
                Info (332115): Data Arrival Time  : 7.941
                Info (332115): Clock Arrival Time : 1.631
                Info (332115): Relative Delay     : 6.310
                Info (332115): Data Arrival Path:
                Info (332115): Total (ns)  Incr (ns)     Type  Element
                Info (332115): ==========  ========= ==  ====  ===================================
                Info (332115):      6.353      6.353  R        clock network delay
                Info (332115):      6.353      0.000     uTco  bladerf_core:U_core|nios_system:U_nios_system|time_tamer:tx_tamer|handshake:U_current|source_holding[21]
                Info (332115):      6.353      0.000 FF  CELL  U_core|U_nios_system|tx_tamer|U_current|source_holding[21]|q
                Info (332115):      7.212      0.859 FF    IC  U_core|U_nios_system|tx_tamer|current_time_q[21]|asdata
                Info (332115):      7.941      0.729 FF  CELL  bladerf_core:U_core|nios_system:U_nios_system|time_tamer:tx_tamer|current_time_q[21]
                Info (332115): Clock Arrival Path:
                Info (332115): Total (ns)  Incr (ns)     Type  Element
                Info (332115): ==========  ========= ==  ====  ===================================
                Info (332115):      1.791      1.791  R        clock network delay
                Info (332115):      1.631     -0.160           clock uncertainty
                Info (332115):      1.631      0.000     uTsu  bladerf_core:U_core|nios_system:U_nios_system|time_tamer:tx_tamer|current_time_q[21]
            Info (332181): Earliest Path Arrival
                Info (332115): From Node          : bladerf_core:U_core|nios_system:U_nios_system|time_tamer:tx_tamer|handshake:U_current|source_holding[2]
                Info (332115): To Node            : bladerf_core:U_core|nios_system:U_nios_system|time_tamer:tx_tamer|current_time_q[2]
                Info (332115): Launch Clock       : U_core|U_nios_system|axi_ad9361_0|i_dev_if|i_rx|i_altlvds_rx|auto_generated|pll_sclk~PLL_OUTPUT_COUNTER|divclk
                Info (332115): Latch Clock        : U_core|U_system_pll|altera_pll_i|general[0].gpll~PLL_OUTPUT_COUNTER|divclk
                Info (332115): Data Arrival Time  : 5.635
                Info (332115): Clock Arrival Time : 3.465
                Info (332115): Relative Delay     : 2.170
                Info (332115): Data Arrival Path:
                Info (332115): Total (ns)  Incr (ns)     Type  Element
                Info (332115): ==========  ========= ==  ====  ===================================
                Info (332115):      4.757      4.757  R        clock network delay
                Info (332115):      4.757      0.000     uTco  bladerf_core:U_core|nios_system:U_nios_system|time_tamer:tx_tamer|handshake:U_current|source_holding[2]
                Info (332115):      4.757      0.000 FF  CELL  U_core|U_nios_system|tx_tamer|U_current|source_holding[2]|q
                Info (332115):      5.266      0.509 FF    IC  U_core|U_nios_system|tx_tamer|current_time_q[2]|asdata
                Info (332115):      5.635      0.369 FF  CELL  bladerf_core:U_core|nios_system:U_nios_system|time_tamer:tx_tamer|current_time_q[2]
                Info (332115): Clock Arrival Path:
                Info (332115): Total (ns)  Incr (ns)     Type  Element
                Info (332115): ==========  ========= ==  ====  ===================================
                Info (332115):      3.305      3.305  R        clock network delay
                Info (332115):      3.465      0.160           clock uncertainty
                Info (332115):      3.465      0.000      uTh  bladerf_core:U_core|nios_system:U_nios_system|time_tamer:tx_tamer|current_time_q[2]
            Info (332181): Cross Path Clock Pessimism Removed : 2.830
            Info (332181): Required Skew   : 6.400
            Info (332181): Actual Skew     : 1.310
            Info (332181): Slack           : 5.090
    Info (332181): Skew for the Earliest Arrival
        Info (332181): Path #141: Slack is 4.968 
            Info (332181): Latest Path Arrival
                Info (332115): From Node          : bladerf_core:U_core|nios_system:U_nios_system|time_tamer:tx_tamer|handshake:U_current|source_holding[33]
                Info (332115): To Node            : bladerf_core:U_core|nios_system:U_nios_system|time_tamer:tx_tamer|current_time_q[33]
                Info (332115): Launch Clock       : U_core|U_nios_system|axi_ad9361_0|i_dev_if|i_rx|i_altlvds_rx|auto_generated|pll_sclk~PLL_OUTPUT_COUNTER|divclk
                Info (332115): Latch Clock        : U_core|U_system_pll|altera_pll_i|general[0].gpll~PLL_OUTPUT_COUNTER|divclk
                Info (332115): Data Arrival Time  : 8.072
                Info (332115): Clock Arrival Time : 1.621
                Info (332115): Relative Delay     : 6.451
                Info (332115): Data Arrival Path:
                Info (332115): Total (ns)  Incr (ns)     Type  Element
                Info (332115): ==========  ========= ==  ====  ===================================
                Info (332115):      6.350      6.350  R        clock network delay
                Info (332115):      6.350      0.000     uTco  bladerf_core:U_core|nios_system:U_nios_system|time_tamer:tx_tamer|handshake:U_current|source_holding[33]
                Info (332115):      6.350      0.000 FF  CELL  U_core|U_nios_system|tx_tamer|U_current|source_holding[33]|q
                Info (332115):      7.348      0.998 FF    IC  U_core|U_nios_system|tx_tamer|current_time_q[33]|asdata
                Info (332115):      8.072      0.724 FF  CELL  bladerf_core:U_core|nios_system:U_nios_system|time_tamer:tx_tamer|current_time_q[33]
                Info (332115): Clock Arrival Path:
                Info (332115): Total (ns)  Incr (ns)     Type  Element
                Info (332115): ==========  ========= ==  ====  ===================================
                Info (332115):      1.781      1.781  R        clock network delay
                Info (332115):      1.621     -0.160           clock uncertainty
                Info (332115):      1.621      0.000     uTsu  bladerf_core:U_core|nios_system:U_nios_system|time_tamer:tx_tamer|current_time_q[33]
            Info (332181): Earliest Path Arrival
                Info (332115): From Node          : bladerf_core:U_core|nios_system:U_nios_system|time_tamer:tx_tamer|handshake:U_current|source_holding[49]
                Info (332115): To Node            : bladerf_core:U_core|nios_system:U_nios_system|time_tamer:tx_tamer|current_time_q[49]
                Info (332115): Launch Clock       : U_core|U_nios_system|axi_ad9361_0|i_dev_if|i_rx|i_altlvds_rx|auto_generated|pll_sclk~PLL_OUTPUT_COUNTER|divclk
                Info (332115): Latch Clock        : U_core|U_system_pll|altera_pll_i|general[0].gpll~PLL_OUTPUT_COUNTER|divclk
                Info (332115): Data Arrival Time  : 5.625
                Info (332115): Clock Arrival Time : 3.461
                Info (332115): Relative Delay     : 2.164
                Info (332115): Data Arrival Path:
                Info (332115): Total (ns)  Incr (ns)     Type  Element
                Info (332115): ==========  ========= ==  ====  ===================================
                Info (332115):      4.748      4.748  R        clock network delay
                Info (332115):      4.748      0.000     uTco  bladerf_core:U_core|nios_system:U_nios_system|time_tamer:tx_tamer|handshake:U_current|source_holding[49]
                Info (332115):      4.748      0.000 FF  CELL  U_core|U_nios_system|tx_tamer|U_current|source_holding[49]|q
                Info (332115):      5.256      0.508 FF    IC  U_core|U_nios_system|tx_tamer|current_time_q[49]|asdata
                Info (332115):      5.625      0.369 FF  CELL  bladerf_core:U_core|nios_system:U_nios_system|time_tamer:tx_tamer|current_time_q[49]
                Info (332115): Clock Arrival Path:
                Info (332115): Total (ns)  Incr (ns)     Type  Element
                Info (332115): ==========  ========= ==  ====  ===================================
                Info (332115):      3.301      3.301  R        clock network delay
                Info (332115):      3.461      0.160           clock uncertainty
                Info (332115):      3.461      0.000      uTh  bladerf_core:U_core|nios_system:U_nios_system|time_tamer:tx_tamer|current_time_q[49]
            Info (332181): Cross Path Clock Pessimism Removed : 2.855
            Info (332181): Required Skew   : 6.400
            Info (332181): Actual Skew     : 1.432
            Info (332181): Slack           : 4.968
        Info (332181): Path #142: Slack is 4.970 
            Info (332181): Latest Path Arrival
                Info (332115): From Node          : bladerf_core:U_core|nios_system:U_nios_system|time_tamer:tx_tamer|handshake:U_current|source_holding[33]
                Info (332115): To Node            : bladerf_core:U_core|nios_system:U_nios_system|time_tamer:tx_tamer|current_time_q[33]
                Info (332115): Launch Clock       : U_core|U_nios_system|axi_ad9361_0|i_dev_if|i_rx|i_altlvds_rx|auto_generated|pll_sclk~PLL_OUTPUT_COUNTER|divclk
                Info (332115): Latch Clock        : U_core|U_system_pll|altera_pll_i|general[0].gpll~PLL_OUTPUT_COUNTER|divclk
                Info (332115): Data Arrival Time  : 8.072
                Info (332115): Clock Arrival Time : 1.621
                Info (332115): Relative Delay     : 6.451
                Info (332115): Data Arrival Path:
                Info (332115): Total (ns)  Incr (ns)     Type  Element
                Info (332115): ==========  ========= ==  ====  ===================================
                Info (332115):      6.350      6.350  R        clock network delay
                Info (332115):      6.350      0.000     uTco  bladerf_core:U_core|nios_system:U_nios_system|time_tamer:tx_tamer|handshake:U_current|source_holding[33]
                Info (332115):      6.350      0.000 FF  CELL  U_core|U_nios_system|tx_tamer|U_current|source_holding[33]|q
                Info (332115):      7.348      0.998 FF    IC  U_core|U_nios_system|tx_tamer|current_time_q[33]|asdata
                Info (332115):      8.072      0.724 FF  CELL  bladerf_core:U_core|nios_system:U_nios_system|time_tamer:tx_tamer|current_time_q[33]
                Info (332115): Clock Arrival Path:
                Info (332115): Total (ns)  Incr (ns)     Type  Element
                Info (332115): ==========  ========= ==  ====  ===================================
                Info (332115):      1.781      1.781  R        clock network delay
                Info (332115):      1.621     -0.160           clock uncertainty
                Info (332115):      1.621      0.000     uTsu  bladerf_core:U_core|nios_system:U_nios_system|time_tamer:tx_tamer|current_time_q[33]
            Info (332181): Earliest Path Arrival
                Info (332115): From Node          : bladerf_core:U_core|nios_system:U_nios_system|time_tamer:tx_tamer|handshake:U_current|source_holding[62]
                Info (332115): To Node            : bladerf_core:U_core|nios_system:U_nios_system|time_tamer:tx_tamer|current_time_q[62]
                Info (332115): Launch Clock       : U_core|U_nios_system|axi_ad9361_0|i_dev_if|i_rx|i_altlvds_rx|auto_generated|pll_sclk~PLL_OUTPUT_COUNTER|divclk
                Info (332115): Latch Clock        : U_core|U_system_pll|altera_pll_i|general[0].gpll~PLL_OUTPUT_COUNTER|divclk
                Info (332115): Data Arrival Time  : 5.671
                Info (332115): Clock Arrival Time : 3.480
                Info (332115): Relative Delay     : 2.191
                Info (332115): Data Arrival Path:
                Info (332115): Total (ns)  Incr (ns)     Type  Element
                Info (332115): ==========  ========= ==  ====  ===================================
                Info (332115):      4.733      4.733  R        clock network delay
                Info (332115):      4.733      0.000     uTco  bladerf_core:U_core|nios_system:U_nios_system|time_tamer:tx_tamer|handshake:U_current|source_holding[62]
                Info (332115):      4.733      0.000 FF  CELL  U_core|U_nios_system|tx_tamer|U_current|source_holding[62]|q
                Info (332115):      5.302      0.569 FF    IC  U_core|U_nios_system|tx_tamer|current_time_q[62]|asdata
                Info (332115):      5.671      0.369 FF  CELL  bladerf_core:U_core|nios_system:U_nios_system|time_tamer:tx_tamer|current_time_q[62]
                Info (332115): Clock Arrival Path:
                Info (332115): Total (ns)  Incr (ns)     Type  Element
                Info (332115): ==========  ========= ==  ====  ===================================
                Info (332115):      3.320      3.320  R        clock network delay
                Info (332115):      3.480      0.160           clock uncertainty
                Info (332115):      3.480      0.000      uTh  bladerf_core:U_core|nios_system:U_nios_system|time_tamer:tx_tamer|current_time_q[62]
            Info (332181): Cross Path Clock Pessimism Removed : 2.830
            Info (332181): Required Skew   : 6.400
            Info (332181): Actual Skew     : 1.430
            Info (332181): Slack           : 4.970
        Info (332181): Path #143: Slack is 4.974 
            Info (332181): Latest Path Arrival
                Info (332115): From Node          : bladerf_core:U_core|nios_system:U_nios_system|time_tamer:tx_tamer|handshake:U_current|source_holding[33]
                Info (332115): To Node            : bladerf_core:U_core|nios_system:U_nios_system|time_tamer:tx_tamer|current_time_q[33]
                Info (332115): Launch Clock       : U_core|U_nios_system|axi_ad9361_0|i_dev_if|i_rx|i_altlvds_rx|auto_generated|pll_sclk~PLL_OUTPUT_COUNTER|divclk
                Info (332115): Latch Clock        : U_core|U_system_pll|altera_pll_i|general[0].gpll~PLL_OUTPUT_COUNTER|divclk
                Info (332115): Data Arrival Time  : 8.072
                Info (332115): Clock Arrival Time : 1.621
                Info (332115): Relative Delay     : 6.451
                Info (332115): Data Arrival Path:
                Info (332115): Total (ns)  Incr (ns)     Type  Element
                Info (332115): ==========  ========= ==  ====  ===================================
                Info (332115):      6.350      6.350  R        clock network delay
                Info (332115):      6.350      0.000     uTco  bladerf_core:U_core|nios_system:U_nios_system|time_tamer:tx_tamer|handshake:U_current|source_holding[33]
                Info (332115):      6.350      0.000 FF  CELL  U_core|U_nios_system|tx_tamer|U_current|source_holding[33]|q
                Info (332115):      7.348      0.998 FF    IC  U_core|U_nios_system|tx_tamer|current_time_q[33]|asdata
                Info (332115):      8.072      0.724 FF  CELL  bladerf_core:U_core|nios_system:U_nios_system|time_tamer:tx_tamer|current_time_q[33]
                Info (332115): Clock Arrival Path:
                Info (332115): Total (ns)  Incr (ns)     Type  Element
                Info (332115): ==========  ========= ==  ====  ===================================
                Info (332115):      1.781      1.781  R        clock network delay
                Info (332115):      1.621     -0.160           clock uncertainty
                Info (332115):      1.621      0.000     uTsu  bladerf_core:U_core|nios_system:U_nios_system|time_tamer:tx_tamer|current_time_q[33]
            Info (332181): Earliest Path Arrival
                Info (332115): From Node          : bladerf_core:U_core|nios_system:U_nios_system|time_tamer:tx_tamer|handshake:U_current|source_holding[2]
                Info (332115): To Node            : bladerf_core:U_core|nios_system:U_nios_system|time_tamer:tx_tamer|current_time_q[2]
                Info (332115): Launch Clock       : U_core|U_nios_system|axi_ad9361_0|i_dev_if|i_rx|i_altlvds_rx|auto_generated|pll_sclk~PLL_OUTPUT_COUNTER|divclk
                Info (332115): Latch Clock        : U_core|U_system_pll|altera_pll_i|general[0].gpll~PLL_OUTPUT_COUNTER|divclk
                Info (332115): Data Arrival Time  : 5.635
                Info (332115): Clock Arrival Time : 3.465
                Info (332115): Relative Delay     : 2.170
                Info (332115): Data Arrival Path:
                Info (332115): Total (ns)  Incr (ns)     Type  Element
                Info (332115): ==========  ========= ==  ====  ===================================
                Info (332115):      4.757      4.757  R        clock network delay
                Info (332115):      4.757      0.000     uTco  bladerf_core:U_core|nios_system:U_nios_system|time_tamer:tx_tamer|handshake:U_current|source_holding[2]
                Info (332115):      4.757      0.000 FF  CELL  U_core|U_nios_system|tx_tamer|U_current|source_holding[2]|q
                Info (332115):      5.266      0.509 FF    IC  U_core|U_nios_system|tx_tamer|current_time_q[2]|asdata
                Info (332115):      5.635      0.369 FF  CELL  bladerf_core:U_core|nios_system:U_nios_system|time_tamer:tx_tamer|current_time_q[2]
                Info (332115): Clock Arrival Path:
                Info (332115): Total (ns)  Incr (ns)     Type  Element
                Info (332115): ==========  ========= ==  ====  ===================================
                Info (332115):      3.305      3.305  R        clock network delay
                Info (332115):      3.465      0.160           clock uncertainty
                Info (332115):      3.465      0.000      uTh  bladerf_core:U_core|nios_system:U_nios_system|time_tamer:tx_tamer|current_time_q[2]
            Info (332181): Cross Path Clock Pessimism Removed : 2.855
            Info (332181): Required Skew   : 6.400
            Info (332181): Actual Skew     : 1.426
            Info (332181): Slack           : 4.974
        Info (332181): Path #144: Slack is 4.977 
            Info (332181): Latest Path Arrival
                Info (332115): From Node          : bladerf_core:U_core|nios_system:U_nios_system|time_tamer:tx_tamer|handshake:U_current|source_holding[33]
                Info (332115): To Node            : bladerf_core:U_core|nios_system:U_nios_system|time_tamer:tx_tamer|current_time_q[33]
                Info (332115): Launch Clock       : U_core|U_nios_system|axi_ad9361_0|i_dev_if|i_rx|i_altlvds_rx|auto_generated|pll_sclk~PLL_OUTPUT_COUNTER|divclk
                Info (332115): Latch Clock        : U_core|U_system_pll|altera_pll_i|general[0].gpll~PLL_OUTPUT_COUNTER|divclk
                Info (332115): Data Arrival Time  : 8.072
                Info (332115): Clock Arrival Time : 1.621
                Info (332115): Relative Delay     : 6.451
                Info (332115): Data Arrival Path:
                Info (332115): Total (ns)  Incr (ns)     Type  Element
                Info (332115): ==========  ========= ==  ====  ===================================
                Info (332115):      6.350      6.350  R        clock network delay
                Info (332115):      6.350      0.000     uTco  bladerf_core:U_core|nios_system:U_nios_system|time_tamer:tx_tamer|handshake:U_current|source_holding[33]
                Info (332115):      6.350      0.000 FF  CELL  U_core|U_nios_system|tx_tamer|U_current|source_holding[33]|q
                Info (332115):      7.348      0.998 FF    IC  U_core|U_nios_system|tx_tamer|current_time_q[33]|asdata
                Info (332115):      8.072      0.724 FF  CELL  bladerf_core:U_core|nios_system:U_nios_system|time_tamer:tx_tamer|current_time_q[33]
                Info (332115): Clock Arrival Path:
                Info (332115): Total (ns)  Incr (ns)     Type  Element
                Info (332115): ==========  ========= ==  ====  ===================================
                Info (332115):      1.781      1.781  R        clock network delay
                Info (332115):      1.621     -0.160           clock uncertainty
                Info (332115):      1.621      0.000     uTsu  bladerf_core:U_core|nios_system:U_nios_system|time_tamer:tx_tamer|current_time_q[33]
            Info (332181): Earliest Path Arrival
                Info (332115): From Node          : bladerf_core:U_core|nios_system:U_nios_system|time_tamer:tx_tamer|handshake:U_current|source_holding[7]
                Info (332115): To Node            : bladerf_core:U_core|nios_system:U_nios_system|time_tamer:tx_tamer|current_time_q[7]
                Info (332115): Launch Clock       : U_core|U_nios_system|axi_ad9361_0|i_dev_if|i_rx|i_altlvds_rx|auto_generated|pll_sclk~PLL_OUTPUT_COUNTER|divclk
                Info (332115): Latch Clock        : U_core|U_system_pll|altera_pll_i|general[0].gpll~PLL_OUTPUT_COUNTER|divclk
                Info (332115): Data Arrival Time  : 5.643
                Info (332115): Clock Arrival Time : 3.470
                Info (332115): Relative Delay     : 2.173
                Info (332115): Data Arrival Path:
                Info (332115): Total (ns)  Incr (ns)     Type  Element
                Info (332115): ==========  ========= ==  ====  ===================================
                Info (332115):      4.752      4.752  R        clock network delay
                Info (332115):      4.752      0.000     uTco  bladerf_core:U_core|nios_system:U_nios_system|time_tamer:tx_tamer|handshake:U_current|source_holding[7]
                Info (332115):      4.752      0.000 FF  CELL  U_core|U_nios_system|tx_tamer|U_current|source_holding[7]|q
                Info (332115):      5.275      0.523 FF    IC  U_core|U_nios_system|tx_tamer|current_time_q[7]|asdata
                Info (332115):      5.643      0.368 FF  CELL  bladerf_core:U_core|nios_system:U_nios_system|time_tamer:tx_tamer|current_time_q[7]
                Info (332115): Clock Arrival Path:
                Info (332115): Total (ns)  Incr (ns)     Type  Element
                Info (332115): ==========  ========= ==  ====  ===================================
                Info (332115):      3.310      3.310  R        clock network delay
                Info (332115):      3.470      0.160           clock uncertainty
                Info (332115):      3.470      0.000      uTh  bladerf_core:U_core|nios_system:U_nios_system|time_tamer:tx_tamer|current_time_q[7]
            Info (332181): Cross Path Clock Pessimism Removed : 2.855
            Info (332181): Required Skew   : 6.400
            Info (332181): Actual Skew     : 1.423
            Info (332181): Slack           : 4.977
Info (332115): Worst-case slack is 5.062 for "set_max_skew -from [get_keepers {*U_rx_fault_causes_handshake|source_holding[*]}] -to [get_keepers {*bladerf_core:*|rx_fault_causes_sys[*]}] 6.400 "
    Info (332181): Skew for the Latest Arrival
        Info (332181): Path #145: Slack is 5.062 
            Info (332181): Latest Path Arrival
                Info (332115): From Node          : bladerf_core:U_core|handshake:U_rx_fault_causes_handshake|source_holding[4]
                Info (332115): To Node            : bladerf_core:U_core|rx_fault_causes_sys[4]
                Info (332115): Launch Clock       : U_core|U_nios_system|axi_ad9361_0|i_dev_if|i_rx|i_altlvds_rx|auto_generated|pll_sclk~PLL_OUTPUT_COUNTER|divclk
                Info (332115): Latch Clock        : U_core|U_system_pll|altera_pll_i|general[0].gpll~PLL_OUTPUT_COUNTER|divclk
                Info (332115): Data Arrival Time  : 7.827
                Info (332115): Clock Arrival Time : 1.609
                Info (332115): Relative Delay     : 6.218
                Info (332115): Data Arrival Path:
                Info (332115): Total (ns)  Incr (ns)     Type  Element
                Info (332115): ==========  ========= ==  ====  ===================================
                Info (332115):      6.348      6.348  R        clock network delay
                Info (332115):      6.348      0.000     uTco  bladerf_core:U_core|handshake:U_rx_fault_causes_handshake|source_holding[4]
                Info (332115):      6.348      0.000 RR  CELL  U_core|U_rx_fault_causes_handshake|source_holding[4]|q
                Info (332115):      7.105      0.757 RR    IC  U_core|rx_fault_causes_sys[4]|asdata
                Info (332115):      7.827      0.722 RR  CELL  bladerf_core:U_core|rx_fault_causes_sys[4]
                Info (332115): Clock Arrival Path:
                Info (332115): Total (ns)  Incr (ns)     Type  Element
                Info (332115): ==========  ========= ==  ====  ===================================
                Info (332115):      1.769      1.769  R        clock network delay
                Info (332115):      1.609     -0.160           clock uncertainty
                Info (332115):      1.609      0.000     uTsu  bladerf_core:U_core|rx_fault_causes_sys[4]
            Info (332181): Earliest Path Arrival
                Info (332115): From Node          : bladerf_core:U_core|handshake:U_rx_fault_causes_handshake|source_holding[1]
                Info (332115): To Node            : bladerf_core:U_core|rx_fault_causes_sys[1]
                Info (332115): Launch Clock       : U_core|U_nios_system|axi_ad9361_0|i_dev_if|i_rx|i_altlvds_rx|auto_generated|pll_sclk~PLL_OUTPUT_COUNTER|divclk
                Info (332115): Latch Clock        : U_core|U_system_pll|altera_pll_i|general[0].gpll~PLL_OUTPUT_COUNTER|divclk
                Info (332115): Data Arrival Time  : 5.474
                Info (332115): Clock Arrival Time : 3.473
                Info (332115): Relative Delay     : 2.001
                Info (332115): Data Arrival Path:
                Info (332115): Total (ns)  Incr (ns)     Type  Element
                Info (332115): ==========  ========= ==  ====  ===================================
                Info (332115):      4.751      4.751  R        clock network delay
                Info (332115):      4.751      0.000     uTco  bladerf_core:U_core|handshake:U_rx_fault_causes_handshake|source_holding[1]
                Info (332115):      4.751      0.000 FF  CELL  U_core|U_rx_fault_causes_handshake|source_holding[1]|q
                Info (332115):      5.337      0.586 FF    IC  U_core|rx_fault_causes_sys[1]~feeder|dataf
                Info (332115):      5.392      0.055 FF  CELL  U_core|rx_fault_causes_sys[1]~feeder|combout
                Info (332115):      5.392      0.000 FF    IC  U_core|rx_fault_causes_sys[1]|d
                Info (332115):      5.474      0.082 FF  CELL  bladerf_core:U_core|rx_fault_causes_sys[1]
                Info (332115): Clock Arrival Path:
                Info (332115): Total (ns)  Incr (ns)     Type  Element
                Info (332115): ==========  ========= ==  ====  ===================================
                Info (332115):      3.313      3.313  R        clock network delay
                Info (332115):      3.473      0.160           clock uncertainty
                Info (332115):      3.473      0.000      uTh  bladerf_core:U_core|rx_fault_causes_sys[1]
            Info (332181): Cross Path Clock Pessimism Removed : 2.879
            Info (332181): Required Skew   : 6.400
            Info (332181): Actual Skew     : 1.338
            Info (332181): Slack           : 5.062
        Info (332181): Path #146: Slack is 5.086 
            Info (332181): Latest Path Arrival
                Info (332115): From Node          : bladerf_core:U_core|handshake:U_rx_fault_causes_handshake|source_holding[2]
                Info (332115): To Node            : bladerf_core:U_core|rx_fault_causes_sys[2]
                Info (332115): Launch Clock       : U_core|U_nios_system|axi_ad9361_0|i_dev_if|i_rx|i_altlvds_rx|auto_generated|pll_sclk~PLL_OUTPUT_COUNTER|divclk
                Info (332115): Latch Clock        : U_core|U_system_pll|altera_pll_i|general[0].gpll~PLL_OUTPUT_COUNTER|divclk
                Info (332115): Data Arrival Time  : 7.802
                Info (332115): Clock Arrival Time : 1.608
                Info (332115): Relative Delay     : 6.194
                Info (332115): Data Arrival Path:
                Info (332115): Total (ns)  Incr (ns)     Type  Element
                Info (332115): ==========  ========= ==  ====  ===================================
                Info (332115):      6.342      6.342  R        clock network delay
                Info (332115):      6.342      0.000     uTco  bladerf_core:U_core|handshake:U_rx_fault_causes_handshake|source_holding[2]
                Info (332115):      6.342      0.000 RR  CELL  U_core|U_rx_fault_causes_handshake|source_holding[2]|q
                Info (332115):      7.075      0.733 RR    IC  U_core|rx_fault_causes_sys[2]|asdata
                Info (332115):      7.802      0.727 RR  CELL  bladerf_core:U_core|rx_fault_causes_sys[2]
                Info (332115): Clock Arrival Path:
                Info (332115): Total (ns)  Incr (ns)     Type  Element
                Info (332115): ==========  ========= ==  ====  ===================================
                Info (332115):      1.768      1.768  R        clock network delay
                Info (332115):      1.608     -0.160           clock uncertainty
                Info (332115):      1.608      0.000     uTsu  bladerf_core:U_core|rx_fault_causes_sys[2]
            Info (332181): Earliest Path Arrival
                Info (332115): From Node          : bladerf_core:U_core|handshake:U_rx_fault_causes_handshake|source_holding[1]
                Info (332115): To Node            : bladerf_core:U_core|rx_fault_causes_sys[1]
                Info (332115): Launch Clock       : U_core|U_nios_system|axi_ad9361_0|i_dev_if|i_rx|i_altlvds_rx|auto_generated|pll_sclk~PLL_OUTPUT_COUNTER|divclk
                Info (332115): Latch Clock        : U_core|U_system_pll|altera_pll_i|general[0].gpll~PLL_OUTPUT_COUNTER|divclk
                Info (332115): Data Arrival Time  : 5.474
                Info (332115): Clock Arrival Time : 3.473
                Info (332115): Relative Delay     : 2.001
                Info (332115): Data Arrival Path:
                Info (332115): Total (ns)  Incr (ns)     Type  Element
                Info (332115): ==========  ========= ==  ====  ===================================
                Info (332115):      4.751      4.751  R        clock network delay
                Info (332115):      4.751      0.000     uTco  bladerf_core:U_core|handshake:U_rx_fault_causes_handshake|source_holding[1]
                Info (332115):      4.751      0.000 FF  CELL  U_core|U_rx_fault_causes_handshake|source_holding[1]|q
                Info (332115):      5.337      0.586 FF    IC  U_core|rx_fault_causes_sys[1]~feeder|dataf
                Info (332115):      5.392      0.055 FF  CELL  U_core|rx_fault_causes_sys[1]~feeder|combout
                Info (332115):      5.392      0.000 FF    IC  U_core|rx_fault_causes_sys[1]|d
                Info (332115):      5.474      0.082 FF  CELL  bladerf_core:U_core|rx_fault_causes_sys[1]
                Info (332115): Clock Arrival Path:
                Info (332115): Total (ns)  Incr (ns)     Type  Element
                Info (332115): ==========  ========= ==  ====  ===================================
                Info (332115):      3.313      3.313  R        clock network delay
                Info (332115):      3.473      0.160           clock uncertainty
                Info (332115):      3.473      0.000      uTh  bladerf_core:U_core|rx_fault_causes_sys[1]
            Info (332181): Cross Path Clock Pessimism Removed : 2.879
            Info (332181): Required Skew   : 6.400
            Info (332181): Actual Skew     : 1.314
            Info (332181): Slack           : 5.086
        Info (332181): Path #147: Slack is 5.421 
            Info (332181): Latest Path Arrival
                Info (332115): From Node          : bladerf_core:U_core|handshake:U_rx_fault_causes_handshake|source_holding[0]
                Info (332115): To Node            : bladerf_core:U_core|rx_fault_causes_sys[0]
                Info (332115): Launch Clock       : U_core|U_nios_system|axi_ad9361_0|i_dev_if|i_rx|i_altlvds_rx|auto_generated|pll_sclk~PLL_OUTPUT_COUNTER|divclk
                Info (332115): Latch Clock        : U_core|U_system_pll|altera_pll_i|general[0].gpll~PLL_OUTPUT_COUNTER|divclk
                Info (332115): Data Arrival Time  : 7.467
                Info (332115): Clock Arrival Time : 1.608
                Info (332115): Relative Delay     : 5.859
                Info (332115): Data Arrival Path:
                Info (332115): Total (ns)  Incr (ns)     Type  Element
                Info (332115): ==========  ========= ==  ====  ===================================
                Info (332115):      6.348      6.348  R        clock network delay
                Info (332115):      6.348      0.000     uTco  bladerf_core:U_core|handshake:U_rx_fault_causes_handshake|source_holding[0]
                Info (332115):      6.348      0.000 RR  CELL  U_core|U_rx_fault_causes_handshake|source_holding[0]|q
                Info (332115):      7.070      0.722 RR    IC  U_core|rx_fault_causes_sys[0]~feeder|dataf
                Info (332115):      7.163      0.093 RR  CELL  U_core|rx_fault_causes_sys[0]~feeder|combout
                Info (332115):      7.163      0.000 RR    IC  U_core|rx_fault_causes_sys[0]|d
                Info (332115):      7.467      0.304 RR  CELL  bladerf_core:U_core|rx_fault_causes_sys[0]
                Info (332115): Clock Arrival Path:
                Info (332115): Total (ns)  Incr (ns)     Type  Element
                Info (332115): ==========  ========= ==  ====  ===================================
                Info (332115):      1.768      1.768  R        clock network delay
                Info (332115):      1.608     -0.160           clock uncertainty
                Info (332115):      1.608      0.000     uTsu  bladerf_core:U_core|rx_fault_causes_sys[0]
            Info (332181): Earliest Path Arrival
                Info (332115): From Node          : bladerf_core:U_core|handshake:U_rx_fault_causes_handshake|source_holding[1]
                Info (332115): To Node            : bladerf_core:U_core|rx_fault_causes_sys[1]
                Info (332115): Launch Clock       : U_core|U_nios_system|axi_ad9361_0|i_dev_if|i_rx|i_altlvds_rx|auto_generated|pll_sclk~PLL_OUTPUT_COUNTER|divclk
                Info (332115): Latch Clock        : U_core|U_system_pll|altera_pll_i|general[0].gpll~PLL_OUTPUT_COUNTER|divclk
                Info (332115): Data Arrival Time  : 5.474
                Info (332115): Clock Arrival Time : 3.473
                Info (332115): Relative Delay     : 2.001
                Info (332115): Data Arrival Path:
                Info (332115): Total (ns)  Incr (ns)     Type  Element
                Info (332115): ==========  ========= ==  ====  ===================================
                Info (332115):      4.751      4.751  R        clock network delay
                Info (332115):      4.751      0.000     uTco  bladerf_core:U_core|handshake:U_rx_fault_causes_handshake|source_holding[1]
                Info (332115):      4.751      0.000 FF  CELL  U_core|U_rx_fault_causes_handshake|source_holding[1]|q
                Info (332115):      5.337      0.586 FF    IC  U_core|rx_fault_causes_sys[1]~feeder|dataf
                Info (332115):      5.392      0.055 FF  CELL  U_core|rx_fault_causes_sys[1]~feeder|combout
                Info (332115):      5.392      0.000 FF    IC  U_core|rx_fault_causes_sys[1]|d
                Info (332115):      5.474      0.082 FF  CELL  bladerf_core:U_core|rx_fault_causes_sys[1]
                Info (332115): Clock Arrival Path:
                Info (332115): Total (ns)  Incr (ns)     Type  Element
                Info (332115): ==========  ========= ==  ====  ===================================
                Info (332115):      3.313      3.313  R        clock network delay
                Info (332115):      3.473      0.160           clock uncertainty
                Info (332115):      3.473      0.000      uTh  bladerf_core:U_core|rx_fault_causes_sys[1]
            Info (332181): Cross Path Clock Pessimism Removed : 2.879
            Info (332181): Required Skew   : 6.400
            Info (332181): Actual Skew     : 0.979
            Info (332181): Slack           : 5.421
        Info (332181): Path #148: Slack is 5.427 
            Info (332181): Latest Path Arrival
                Info (332115): From Node          : bladerf_core:U_core|handshake:U_rx_fault_causes_handshake|source_holding[1]
                Info (332115): To Node            : bladerf_core:U_core|rx_fault_causes_sys[1]
                Info (332115): Launch Clock       : U_core|U_nios_system|axi_ad9361_0|i_dev_if|i_rx|i_altlvds_rx|auto_generated|pll_sclk~PLL_OUTPUT_COUNTER|divclk
                Info (332115): Latch Clock        : U_core|U_system_pll|altera_pll_i|general[0].gpll~PLL_OUTPUT_COUNTER|divclk
                Info (332115): Data Arrival Time  : 7.467
                Info (332115): Clock Arrival Time : 1.613
                Info (332115): Relative Delay     : 5.854
                Info (332115): Data Arrival Path:
                Info (332115): Total (ns)  Incr (ns)     Type  Element
                Info (332115): ==========  ========= ==  ====  ===================================
                Info (332115):      6.342      6.342  R        clock network delay
                Info (332115):      6.342      0.000     uTco  bladerf_core:U_core|handshake:U_rx_fault_causes_handshake|source_holding[1]
                Info (332115):      6.342      0.000 RR  CELL  U_core|U_rx_fault_causes_handshake|source_holding[1]|q
                Info (332115):      7.069      0.727 RR    IC  U_core|rx_fault_causes_sys[1]~feeder|dataf
                Info (332115):      7.163      0.094 RR  CELL  U_core|rx_fault_causes_sys[1]~feeder|combout
                Info (332115):      7.163      0.000 RR    IC  U_core|rx_fault_causes_sys[1]|d
                Info (332115):      7.467      0.304 RR  CELL  bladerf_core:U_core|rx_fault_causes_sys[1]
                Info (332115): Clock Arrival Path:
                Info (332115): Total (ns)  Incr (ns)     Type  Element
                Info (332115): ==========  ========= ==  ====  ===================================
                Info (332115):      1.773      1.773  R        clock network delay
                Info (332115):      1.613     -0.160           clock uncertainty
                Info (332115):      1.613      0.000     uTsu  bladerf_core:U_core|rx_fault_causes_sys[1]
            Info (332181): Earliest Path Arrival
                Info (332115): From Node          : bladerf_core:U_core|handshake:U_rx_fault_causes_handshake|source_holding[0]
                Info (332115): To Node            : bladerf_core:U_core|rx_fault_causes_sys[0]
                Info (332115): Launch Clock       : U_core|U_nios_system|axi_ad9361_0|i_dev_if|i_rx|i_altlvds_rx|auto_generated|pll_sclk~PLL_OUTPUT_COUNTER|divclk
                Info (332115): Latch Clock        : U_core|U_system_pll|altera_pll_i|general[0].gpll~PLL_OUTPUT_COUNTER|divclk
                Info (332115): Data Arrival Time  : 5.469
                Info (332115): Clock Arrival Time : 3.467
                Info (332115): Relative Delay     : 2.002
                Info (332115): Data Arrival Path:
                Info (332115): Total (ns)  Incr (ns)     Type  Element
                Info (332115): ==========  ========= ==  ====  ===================================
                Info (332115):      4.756      4.756  R        clock network delay
                Info (332115):      4.756      0.000     uTco  bladerf_core:U_core|handshake:U_rx_fault_causes_handshake|source_holding[0]
                Info (332115):      4.756      0.000 FF  CELL  U_core|U_rx_fault_causes_handshake|source_holding[0]|q
                Info (332115):      5.334      0.578 FF    IC  U_core|rx_fault_causes_sys[0]~feeder|dataf
                Info (332115):      5.388      0.054 FF  CELL  U_core|rx_fault_causes_sys[0]~feeder|combout
                Info (332115):      5.388      0.000 FF    IC  U_core|rx_fault_causes_sys[0]|d
                Info (332115):      5.469      0.081 FF  CELL  bladerf_core:U_core|rx_fault_causes_sys[0]
                Info (332115): Clock Arrival Path:
                Info (332115): Total (ns)  Incr (ns)     Type  Element
                Info (332115): ==========  ========= ==  ====  ===================================
                Info (332115):      3.307      3.307  R        clock network delay
                Info (332115):      3.467      0.160           clock uncertainty
                Info (332115):      3.467      0.000      uTh  bladerf_core:U_core|rx_fault_causes_sys[0]
            Info (332181): Cross Path Clock Pessimism Removed : 2.879
            Info (332181): Required Skew   : 6.400
            Info (332181): Actual Skew     : 0.973
            Info (332181): Slack           : 5.427
    Info (332181): Skew for the Earliest Arrival
        Info (332181): Path #149: Slack is 5.062 
            Info (332181): Latest Path Arrival
                Info (332115): From Node          : bladerf_core:U_core|handshake:U_rx_fault_causes_handshake|source_holding[4]
                Info (332115): To Node            : bladerf_core:U_core|rx_fault_causes_sys[4]
                Info (332115): Launch Clock       : U_core|U_nios_system|axi_ad9361_0|i_dev_if|i_rx|i_altlvds_rx|auto_generated|pll_sclk~PLL_OUTPUT_COUNTER|divclk
                Info (332115): Latch Clock        : U_core|U_system_pll|altera_pll_i|general[0].gpll~PLL_OUTPUT_COUNTER|divclk
                Info (332115): Data Arrival Time  : 7.827
                Info (332115): Clock Arrival Time : 1.609
                Info (332115): Relative Delay     : 6.218
                Info (332115): Data Arrival Path:
                Info (332115): Total (ns)  Incr (ns)     Type  Element
                Info (332115): ==========  ========= ==  ====  ===================================
                Info (332115):      6.348      6.348  R        clock network delay
                Info (332115):      6.348      0.000     uTco  bladerf_core:U_core|handshake:U_rx_fault_causes_handshake|source_holding[4]
                Info (332115):      6.348      0.000 RR  CELL  U_core|U_rx_fault_causes_handshake|source_holding[4]|q
                Info (332115):      7.105      0.757 RR    IC  U_core|rx_fault_causes_sys[4]|asdata
                Info (332115):      7.827      0.722 RR  CELL  bladerf_core:U_core|rx_fault_causes_sys[4]
                Info (332115): Clock Arrival Path:
                Info (332115): Total (ns)  Incr (ns)     Type  Element
                Info (332115): ==========  ========= ==  ====  ===================================
                Info (332115):      1.769      1.769  R        clock network delay
                Info (332115):      1.609     -0.160           clock uncertainty
                Info (332115):      1.609      0.000     uTsu  bladerf_core:U_core|rx_fault_causes_sys[4]
            Info (332181): Earliest Path Arrival
                Info (332115): From Node          : bladerf_core:U_core|handshake:U_rx_fault_causes_handshake|source_holding[1]
                Info (332115): To Node            : bladerf_core:U_core|rx_fault_causes_sys[1]
                Info (332115): Launch Clock       : U_core|U_nios_system|axi_ad9361_0|i_dev_if|i_rx|i_altlvds_rx|auto_generated|pll_sclk~PLL_OUTPUT_COUNTER|divclk
                Info (332115): Latch Clock        : U_core|U_system_pll|altera_pll_i|general[0].gpll~PLL_OUTPUT_COUNTER|divclk
                Info (332115): Data Arrival Time  : 5.474
                Info (332115): Clock Arrival Time : 3.473
                Info (332115): Relative Delay     : 2.001
                Info (332115): Data Arrival Path:
                Info (332115): Total (ns)  Incr (ns)     Type  Element
                Info (332115): ==========  ========= ==  ====  ===================================
                Info (332115):      4.751      4.751  R        clock network delay
                Info (332115):      4.751      0.000     uTco  bladerf_core:U_core|handshake:U_rx_fault_causes_handshake|source_holding[1]
                Info (332115):      4.751      0.000 FF  CELL  U_core|U_rx_fault_causes_handshake|source_holding[1]|q
                Info (332115):      5.337      0.586 FF    IC  U_core|rx_fault_causes_sys[1]~feeder|dataf
                Info (332115):      5.392      0.055 FF  CELL  U_core|rx_fault_causes_sys[1]~feeder|combout
                Info (332115):      5.392      0.000 FF    IC  U_core|rx_fault_causes_sys[1]|d
                Info (332115):      5.474      0.082 FF  CELL  bladerf_core:U_core|rx_fault_causes_sys[1]
                Info (332115): Clock Arrival Path:
                Info (332115): Total (ns)  Incr (ns)     Type  Element
                Info (332115): ==========  ========= ==  ====  ===================================
                Info (332115):      3.313      3.313  R        clock network delay
                Info (332115):      3.473      0.160           clock uncertainty
                Info (332115):      3.473      0.000      uTh  bladerf_core:U_core|rx_fault_causes_sys[1]
            Info (332181): Cross Path Clock Pessimism Removed : 2.879
            Info (332181): Required Skew   : 6.400
            Info (332181): Actual Skew     : 1.338
            Info (332181): Slack           : 5.062
        Info (332181): Path #150: Slack is 5.063 
            Info (332181): Latest Path Arrival
                Info (332115): From Node          : bladerf_core:U_core|handshake:U_rx_fault_causes_handshake|source_holding[4]
                Info (332115): To Node            : bladerf_core:U_core|rx_fault_causes_sys[4]
                Info (332115): Launch Clock       : U_core|U_nios_system|axi_ad9361_0|i_dev_if|i_rx|i_altlvds_rx|auto_generated|pll_sclk~PLL_OUTPUT_COUNTER|divclk
                Info (332115): Latch Clock        : U_core|U_system_pll|altera_pll_i|general[0].gpll~PLL_OUTPUT_COUNTER|divclk
                Info (332115): Data Arrival Time  : 7.827
                Info (332115): Clock Arrival Time : 1.609
                Info (332115): Relative Delay     : 6.218
                Info (332115): Data Arrival Path:
                Info (332115): Total (ns)  Incr (ns)     Type  Element
                Info (332115): ==========  ========= ==  ====  ===================================
                Info (332115):      6.348      6.348  R        clock network delay
                Info (332115):      6.348      0.000     uTco  bladerf_core:U_core|handshake:U_rx_fault_causes_handshake|source_holding[4]
                Info (332115):      6.348      0.000 RR  CELL  U_core|U_rx_fault_causes_handshake|source_holding[4]|q
                Info (332115):      7.105      0.757 RR    IC  U_core|rx_fault_causes_sys[4]|asdata
                Info (332115):      7.827      0.722 RR  CELL  bladerf_core:U_core|rx_fault_causes_sys[4]
                Info (332115): Clock Arrival Path:
                Info (332115): Total (ns)  Incr (ns)     Type  Element
                Info (332115): ==========  ========= ==  ====  ===================================
                Info (332115):      1.769      1.769  R        clock network delay
                Info (332115):      1.609     -0.160           clock uncertainty
                Info (332115):      1.609      0.000     uTsu  bladerf_core:U_core|rx_fault_causes_sys[4]
            Info (332181): Earliest Path Arrival
                Info (332115): From Node          : bladerf_core:U_core|handshake:U_rx_fault_causes_handshake|source_holding[0]
                Info (332115): To Node            : bladerf_core:U_core|rx_fault_causes_sys[0]
                Info (332115): Launch Clock       : U_core|U_nios_system|axi_ad9361_0|i_dev_if|i_rx|i_altlvds_rx|auto_generated|pll_sclk~PLL_OUTPUT_COUNTER|divclk
                Info (332115): Latch Clock        : U_core|U_system_pll|altera_pll_i|general[0].gpll~PLL_OUTPUT_COUNTER|divclk
                Info (332115): Data Arrival Time  : 5.469
                Info (332115): Clock Arrival Time : 3.467
                Info (332115): Relative Delay     : 2.002
                Info (332115): Data Arrival Path:
                Info (332115): Total (ns)  Incr (ns)     Type  Element
                Info (332115): ==========  ========= ==  ====  ===================================
                Info (332115):      4.756      4.756  R        clock network delay
                Info (332115):      4.756      0.000     uTco  bladerf_core:U_core|handshake:U_rx_fault_causes_handshake|source_holding[0]
                Info (332115):      4.756      0.000 FF  CELL  U_core|U_rx_fault_causes_handshake|source_holding[0]|q
                Info (332115):      5.334      0.578 FF    IC  U_core|rx_fault_causes_sys[0]~feeder|dataf
                Info (332115):      5.388      0.054 FF  CELL  U_core|rx_fault_causes_sys[0]~feeder|combout
                Info (332115):      5.388      0.000 FF    IC  U_core|rx_fault_causes_sys[0]|d
                Info (332115):      5.469      0.081 FF  CELL  bladerf_core:U_core|rx_fault_causes_sys[0]
                Info (332115): Clock Arrival Path:
                Info (332115): Total (ns)  Incr (ns)     Type  Element
                Info (332115): ==========  ========= ==  ====  ===================================
                Info (332115):      3.307      3.307  R        clock network delay
                Info (332115):      3.467      0.160           clock uncertainty
                Info (332115):      3.467      0.000      uTh  bladerf_core:U_core|rx_fault_causes_sys[0]
            Info (332181): Cross Path Clock Pessimism Removed : 2.879
            Info (332181): Required Skew   : 6.400
            Info (332181): Actual Skew     : 1.337
            Info (332181): Slack           : 5.063
        Info (332181): Path #151: Slack is 5.388 
            Info (332181): Latest Path Arrival
                Info (332115): From Node          : bladerf_core:U_core|handshake:U_rx_fault_causes_handshake|source_holding[4]
                Info (332115): To Node            : bladerf_core:U_core|rx_fault_causes_sys[4]
                Info (332115): Launch Clock       : U_core|U_nios_system|axi_ad9361_0|i_dev_if|i_rx|i_altlvds_rx|auto_generated|pll_sclk~PLL_OUTPUT_COUNTER|divclk
                Info (332115): Latch Clock        : U_core|U_system_pll|altera_pll_i|general[0].gpll~PLL_OUTPUT_COUNTER|divclk
                Info (332115): Data Arrival Time  : 7.827
                Info (332115): Clock Arrival Time : 1.609
                Info (332115): Relative Delay     : 6.218
                Info (332115): Data Arrival Path:
                Info (332115): Total (ns)  Incr (ns)     Type  Element
                Info (332115): ==========  ========= ==  ====  ===================================
                Info (332115):      6.348      6.348  R        clock network delay
                Info (332115):      6.348      0.000     uTco  bladerf_core:U_core|handshake:U_rx_fault_causes_handshake|source_holding[4]
                Info (332115):      6.348      0.000 RR  CELL  U_core|U_rx_fault_causes_handshake|source_holding[4]|q
                Info (332115):      7.105      0.757 RR    IC  U_core|rx_fault_causes_sys[4]|asdata
                Info (332115):      7.827      0.722 RR  CELL  bladerf_core:U_core|rx_fault_causes_sys[4]
                Info (332115): Clock Arrival Path:
                Info (332115): Total (ns)  Incr (ns)     Type  Element
                Info (332115): ==========  ========= ==  ====  ===================================
                Info (332115):      1.769      1.769  R        clock network delay
                Info (332115):      1.609     -0.160           clock uncertainty
                Info (332115):      1.609      0.000     uTsu  bladerf_core:U_core|rx_fault_causes_sys[4]
            Info (332181): Earliest Path Arrival
                Info (332115): From Node          : bladerf_core:U_core|handshake:U_rx_fault_causes_handshake|source_holding[2]
                Info (332115): To Node            : bladerf_core:U_core|rx_fault_causes_sys[2]
                Info (332115): Launch Clock       : U_core|U_nios_system|axi_ad9361_0|i_dev_if|i_rx|i_altlvds_rx|auto_generated|pll_sclk~PLL_OUTPUT_COUNTER|divclk
                Info (332115): Latch Clock        : U_core|U_system_pll|altera_pll_i|general[0].gpll~PLL_OUTPUT_COUNTER|divclk
                Info (332115): Data Arrival Time  : 5.794
                Info (332115): Clock Arrival Time : 3.467
                Info (332115): Relative Delay     : 2.327
                Info (332115): Data Arrival Path:
                Info (332115): Total (ns)  Incr (ns)     Type  Element
                Info (332115): ==========  ========= ==  ====  ===================================
                Info (332115):      4.751      4.751  R        clock network delay
                Info (332115):      4.751      0.000     uTco  bladerf_core:U_core|handshake:U_rx_fault_causes_handshake|source_holding[2]
                Info (332115):      4.751      0.000 FF  CELL  U_core|U_rx_fault_causes_handshake|source_holding[2]|q
                Info (332115):      5.357      0.606 FF    IC  U_core|rx_fault_causes_sys[2]|asdata
                Info (332115):      5.794      0.437 FF  CELL  bladerf_core:U_core|rx_fault_causes_sys[2]
                Info (332115): Clock Arrival Path:
                Info (332115): Total (ns)  Incr (ns)     Type  Element
                Info (332115): ==========  ========= ==  ====  ===================================
                Info (332115):      3.307      3.307  R        clock network delay
                Info (332115):      3.467      0.160           clock uncertainty
                Info (332115):      3.467      0.000      uTh  bladerf_core:U_core|rx_fault_causes_sys[2]
            Info (332181): Cross Path Clock Pessimism Removed : 2.879
            Info (332181): Required Skew   : 6.400
            Info (332181): Actual Skew     : 1.012
            Info (332181): Slack           : 5.388
        Info (332181): Path #152: Slack is 5.432 
            Info (332181): Latest Path Arrival
                Info (332115): From Node          : bladerf_core:U_core|handshake:U_rx_fault_causes_handshake|source_holding[2]
                Info (332115): To Node            : bladerf_core:U_core|rx_fault_causes_sys[2]
                Info (332115): Launch Clock       : U_core|U_nios_system|axi_ad9361_0|i_dev_if|i_rx|i_altlvds_rx|auto_generated|pll_sclk~PLL_OUTPUT_COUNTER|divclk
                Info (332115): Latch Clock        : U_core|U_system_pll|altera_pll_i|general[0].gpll~PLL_OUTPUT_COUNTER|divclk
                Info (332115): Data Arrival Time  : 7.802
                Info (332115): Clock Arrival Time : 1.608
                Info (332115): Relative Delay     : 6.194
                Info (332115): Data Arrival Path:
                Info (332115): Total (ns)  Incr (ns)     Type  Element
                Info (332115): ==========  ========= ==  ====  ===================================
                Info (332115):      6.342      6.342  R        clock network delay
                Info (332115):      6.342      0.000     uTco  bladerf_core:U_core|handshake:U_rx_fault_causes_handshake|source_holding[2]
                Info (332115):      6.342      0.000 RR  CELL  U_core|U_rx_fault_causes_handshake|source_holding[2]|q
                Info (332115):      7.075      0.733 RR    IC  U_core|rx_fault_causes_sys[2]|asdata
                Info (332115):      7.802      0.727 RR  CELL  bladerf_core:U_core|rx_fault_causes_sys[2]
                Info (332115): Clock Arrival Path:
                Info (332115): Total (ns)  Incr (ns)     Type  Element
                Info (332115): ==========  ========= ==  ====  ===================================
                Info (332115):      1.768      1.768  R        clock network delay
                Info (332115):      1.608     -0.160           clock uncertainty
                Info (332115):      1.608      0.000     uTsu  bladerf_core:U_core|rx_fault_causes_sys[2]
            Info (332181): Earliest Path Arrival
                Info (332115): From Node          : bladerf_core:U_core|handshake:U_rx_fault_causes_handshake|source_holding[4]
                Info (332115): To Node            : bladerf_core:U_core|rx_fault_causes_sys[4]
                Info (332115): Launch Clock       : U_core|U_nios_system|axi_ad9361_0|i_dev_if|i_rx|i_altlvds_rx|auto_generated|pll_sclk~PLL_OUTPUT_COUNTER|divclk
                Info (332115): Latch Clock        : U_core|U_system_pll|altera_pll_i|general[0].gpll~PLL_OUTPUT_COUNTER|divclk
                Info (332115): Data Arrival Time  : 5.815
                Info (332115): Clock Arrival Time : 3.468
                Info (332115): Relative Delay     : 2.347
                Info (332115): Data Arrival Path:
                Info (332115): Total (ns)  Incr (ns)     Type  Element
                Info (332115): ==========  ========= ==  ====  ===================================
                Info (332115):      4.756      4.756  R        clock network delay
                Info (332115):      4.756      0.000     uTco  bladerf_core:U_core|handshake:U_rx_fault_causes_handshake|source_holding[4]
                Info (332115):      4.756      0.000 FF  CELL  U_core|U_rx_fault_causes_handshake|source_holding[4]|q
                Info (332115):      5.379      0.623 FF    IC  U_core|rx_fault_causes_sys[4]|asdata
                Info (332115):      5.815      0.436 FF  CELL  bladerf_core:U_core|rx_fault_causes_sys[4]
                Info (332115): Clock Arrival Path:
                Info (332115): Total (ns)  Incr (ns)     Type  Element
                Info (332115): ==========  ========= ==  ====  ===================================
                Info (332115):      3.308      3.308  R        clock network delay
                Info (332115):      3.468      0.160           clock uncertainty
                Info (332115):      3.468      0.000      uTh  bladerf_core:U_core|rx_fault_causes_sys[4]
            Info (332181): Cross Path Clock Pessimism Removed : 2.879
            Info (332181): Required Skew   : 6.400
            Info (332181): Actual Skew     : 0.968
            Info (332181): Slack           : 5.432
Info (332115): Worst-case slack is 5.209 for "set_max_skew -from [get_keepers {*U_dwell_readout_handshake|source_holding[*]}] -to [get_keepers {*bladerf_core:*|dwell_rd_data[*]}] 6.400 "
    Info (332181): Skew for the Latest Arrival
        Info (332181): Path #153: Slack is 5.209 
            Info (332181): Latest Path Arrival
                Info (332115): From Node          : bladerf_core:U_core|handshake:\gen_sweep_analyzer:U_dwell_readout_handshake|source_holding[25]
                Info (332115): To Node            : bladerf_core:U_core|dwell_rd_data[25]
                Info (332115): Launch Clock       : U_core|U_nios_system|axi_ad9361_0|i_dev_if|i_rx|i_altlvds_rx|auto_generated|pll_sclk~PLL_OUTPUT_COUNTER|divclk
                Info (332115): Latch Clock        : U_core|U_system_pll|altera_pll_i|general[0].gpll~PLL_OUTPUT_COUNTER|divclk
                Info (332115): Data Arrival Time  : 7.647
                Info (332115): Clock Arrival Time : 1.628
                Info (332115): Relative Delay     : 6.019
                Info (332115): Data Arrival Path:
                Info (332115): Total (ns)  Incr (ns)     Type  Element
                Info (332115): ==========  ========= ==  ====  ===================================
                Info (332115):      6.350      6.350  R        clock network delay
                Info (332115):      6.350      0.000     uTco  bladerf_core:U_core|handshake:\gen_sweep_analyzer:U_dwell_readout_handshake|source_holding[25]
                Info (332115):      6.350      0.000 FF  CELL  U_core|\gen_sweep_analyzer:U_dwell_readout_handshake|source_holding[25]|q
                Info (332115):      6.785      0.435 FF    IC  U_core|dwell_rd_data[25]~feeder|datac
                Info (332115):      7.342      0.557 FF  CELL  U_core|dwell_rd_data[25]~feeder|combout
                Info (332115):      7.342      0.000 FF    IC  U_core|dwell_rd_data[25]|d
                Info (332115):      7.647      0.305 FF  CELL  bladerf_core:U_core|dwell_rd_data[25]
                Info (332115): Clock Arrival Path:
                Info (332115): Total (ns)  Incr (ns)     Type  Element
                Info (332115): ==========  ========= ==  ====  ===================================
                Info (332115):      1.788      1.788  R        clock network delay
                Info (332115):      1.628     -0.160           clock uncertainty
                Info (332115):      1.628      0.000     uTsu  bladerf_core:U_core|dwell_rd_data[25]
            Info (332181): Earliest Path Arrival
                Info (332115): From Node          : bladerf_core:U_core|handshake:\gen_sweep_analyzer:U_dwell_readout_handshake|source_holding[6]
                Info (332115): To Node            : bladerf_core:U_core|dwell_rd_data[6]
                Info (332115): Launch Clock       : U_core|U_nios_system|axi_ad9361_0|i_dev_if|i_rx|i_altlvds_rx|auto_generated|pll_sclk~PLL_OUTPUT_COUNTER|divclk
                Info (332115): Latch Clock        : U_core|U_system_pll|altera_pll_i|general[0].gpll~PLL_OUTPUT_COUNTER|divclk
                Info (332115): Data Arrival Time  : 5.440
                Info (332115): Clock Arrival Time : 3.489
                Info (332115): Relative Delay     : 1.951
                Info (332115): Data Arrival Path:
                Info (332115): Total (ns)  Incr (ns)     Type  Element
                Info (332115): ==========  ========= ==  ====  ===================================
                Info (332115):      4.751      4.751  R        clock network delay
                Info (332115):      4.751      0.000     uTco  bladerf_core:U_core|handshake:\gen_sweep_analyzer:U_dwell_readout_handshake|source_holding[6]
                Info (332115):      4.751      0.000 FF  CELL  U_core|\gen_sweep_analyzer:U_dwell_readout_handshake|source_holding[6]|q
                Info (332115):      5.303      0.552 FF    IC  U_core|dwell_rd_data[6]~feeder|dataf
                Info (332115):      5.358      0.055 FF  CELL  U_core|dwell_rd_data[6]~feeder|combout
                Info (332115):      5.358      0.000 FF    IC  U_core|dwell_rd_data[6]|d
                Info (332115):      5.440      0.082 FF  CELL  bladerf_core:U_core|dwell_rd_data[6]
                Info (332115): Clock Arrival Path:
                Info (332115): Total (ns)  Incr (ns)     Type  Element
                Info (332115): ==========  ========= ==  ====  ===================================
                Info (332115):      3.329      3.329  R        clock network delay
                Info (332115):      3.489      0.160           clock uncertainty
                Info (332115):      3.489      0.000      uTh  bladerf_core:U_core|dwell_rd_data[6]
            Info (332181): Cross Path Clock Pessimism Removed : 2.877
            Info (332181): Required Skew   : 6.400
            Info (332181): Actual Skew     : 1.191
            Info (332181): Slack           : 5.209
        Info (332181): Path #154: Slack is 5.281 
            Info (332181): Latest Path Arrival
                Info (332115): From Node          : bladerf_core:U_core|handshake:\gen_sweep_analyzer:U_dwell_readout_handshake|source_holding[27]
                Info (332115): To Node            : bladerf_core:U_core|dwell_rd_data[27]
                Info (332115): Launch Clock       : U_core|U_nios_system|axi_ad9361_0|i_dev_if|i_rx|i_altlvds_rx|auto_generated|pll_sclk~PLL_OUTPUT_COUNTER|divclk
                Info (332115): Latch Clock        : U_core|U_system_pll|altera_pll_i|general[0].gpll~PLL_OUTPUT_COUNTER|divclk
                Info (332115): Data Arrival Time  : 7.575
                Info (332115): Clock Arrival Time : 1.628
                Info (332115): Relative Delay     : 5.947
                Info (332115): Data Arrival Path:
                Info (332115): Total (ns)  Incr (ns)     Type  Element
                Info (332115): ==========  ========= ==  ====  ===================================
                Info (332115):      6.350      6.350  R        clock network delay
                Info (332115):      6.350      0.000     uTco  bladerf_core:U_core|handshake:\gen_sweep_analyzer:U_dwell_readout_handshake|source_holding[27]
                Info (332115):      6.350      0.000 RR  CELL  U_core|\gen_sweep_analyzer:U_dwell_readout_handshake|source_holding[27]|q
                Info (332115):      6.855      0.505 RR    IC  U_core|dwell_rd_data[27]|asdata
                Info (332115):      7.575      0.720 RR  CELL  bladerf_core:U_core|dwell_rd_data[27]
                Info (332115): Clock Arrival Path:
                Info (332115): Total (ns)  Incr (ns)     Type  Element
                Info (332115): ==========  ========= ==  ====  ===================================
                Info (332115):      1.788      1.788  R        clock network delay
                Info (332115):      1.628     -0.160           clock uncertainty
                Info (332115):      1.628      0.000     uTsu  bladerf_core:U_core|dwell_rd_data[27]
            Info (332181): Earliest Path Arrival
                Info (332115): From Node          : bladerf_core:U_core|handshake:\gen_sweep_analyzer:U_dwell_readout_handshake|source_holding[6]
                Info (332115): To Node            : bladerf_core:U_core|dwell_rd_data[6]
                Info (332115): Launch Clock       : U_core|U_nios_system|axi_ad9361_0|i_dev_if|i_rx|i_altlvds_rx|auto_generated|pll_sclk~PLL_OUTPUT_COUNTER|divclk
                Info (332115): Latch Clock        : U_core|U_system_pll|altera_pll_i|general[0].gpll~PLL_OUTPUT_COUNTER|divclk
                Info (332115): Data Arrival Time  : 5.440
                Info (332115): Clock Arrival Time : 3.489
                Info (332115): Relative Delay     : 1.951
                Info (332115): Data Arrival Path:
                Info (332115): Total (ns)  Incr (ns)     Type  Element
                Info (332115): ==========  ========= ==  ====  ===================================
                Info (332115):      4.751      4.751  R        clock network delay
                Info (332115):      4.751      0.000     uTco  bladerf_core:U_core|handshake:\gen_sweep_analyzer:U_dwell_readout_handshake|source_holding[6]
                Info (332115):      4.751      0.000 FF  CELL  U_core|\gen_sweep_analyzer:U_dwell_readout_handshake|source_holding[6]|q
                Info (332115):      5.303      0.552 FF    IC  U_core|dwell_rd_data[6]~feeder|dataf
                Info (332115):      5.358      0.055 FF  CELL  U_core|dwell_rd_data[6]~feeder|combout
                Info (332115):      5.358      0.000 FF    IC  U_core|dwell_rd_data[6]|d
                Info (332115):      5.440      0.082 FF  CELL  bladerf_core:U_core|dwell_rd_data[6]
                Info (332115): Clock Arrival Path:
                Info (332115): Total (ns)  Incr (ns)     Type  Element
                Info (332115): ==========  ========= ==  ====  ===================================
                Info (332115):      3.329      3.329  R        clock network delay
                Info (332115):      3.489      0.160           clock uncertainty
                Info (332115):      3.489      0.000      uTh  bladerf_core:U_core|dwell_rd_data[6]
            Info (332181): Cross Path Clock Pessimism Removed : 2.877
            Info (332181): Required Skew   : 6.400
            Info (332181): Actual Skew     : 1.119
            Info (332181): Slack           : 5.281
        Info (332181): Path #155: Slack is 5.282 
            Info (332181): Latest Path Arrival
                Info (332115): From Node          : bladerf_core:U_core|handshake:\gen_sweep_analyzer:U_dwell_readout_handshake|source_holding[28]
                Info (332115): To Node            : bladerf_core:U_core|dwell_rd_data[28]
                Info (332115): Launch Clock       : U_core|U_nios_system|axi_ad9361_0|i_dev_if|i_rx|i_altlvds_rx|auto_generated|pll_sclk~PLL_OUTPUT_COUNTER|divclk
                Info (332115): Latch Clock        : U_core|U_system_pll|altera_pll_i|general[0].gpll~PLL_OUTPUT_COUNTER|divclk
                Info (332115): Data Arrival Time  : 7.574
                Info (332115): Clock Arrival Time : 1.628
                Info (332115): Relative Delay     : 5.946
                Info (332115): Data Arrival Path:
                Info (332115): Total (ns)  Incr (ns)     Type  Element
                Info (332115): ==========  ========= ==  ====  ===================================
                Info (332115):      6.350      6.350  R        clock network delay
                Info (332115):      6.350      0.000     uTco  bladerf_core:U_core|handshake:\gen_sweep_analyzer:U_dwell_readout_handshake|source_holding[28]
                Info (332115):      6.350      0.000 RR  CELL  U_core|\gen_sweep_analyzer:U_dwell_readout_handshake|source_holding[28]|q
                Info (332115):      6.854      0.504 RR    IC  U_core|dwell_rd_data[28]|asdata
                Info (332115):      7.574      0.720 RR  CELL  bladerf_core:U_core|dwell_rd_data[28]
                Info (332115): Clock Arrival Path:
                Info (332115): Total (ns)  Incr (ns)     Type  Element
                Info (332115): ==========  ========= ==  ====  ===================================
                Info (332115):      1.788      1.788  R        clock network delay
                Info (332115):      1.628     -0.160           clock uncertainty
                Info (332115):      1.628      0.000     uTsu  bladerf_core:U_core|dwell_rd_data[28]
            Info (332181): Earliest Path Arrival
                Info (332115): From Node          : bladerf_core:U_core|handshake:\gen_sweep_analyzer:U_dwell_readout_handshake|source_holding[6]
                Info (332115): To Node            : bladerf_core:U_core|dwell_rd_data[6]
                Info (332115): Launch Clock       : U_core|U_nios_system|axi_ad9361_0|i_dev_if|i_rx|i_altlvds_rx|auto_generated|pll_sclk~PLL_OUTPUT_COUNTER|divclk
                Info (332115): Latch Clock        : U_core|U_system_pll|altera_pll_i|general[0].gpll~PLL_OUTPUT_COUNTER|divclk
                Info (332115): Data Arrival Time  : 5.440
                Info (332115): Clock Arrival Time : 3.489
                Info (332115): Relative Delay     : 1.951
                Info (332115): Data Arrival Path:
                Info (332115): Total (ns)  Incr (ns)     Type  Element
                Info (332115): ==========  ========= ==  ====  ===================================
                Info (332115):      4.751      4.751  R        clock network delay
                Info (332115):      4.751      0.000     uTco  bladerf_core:U_core|handshake:\gen_sweep_analyzer:U_dwell_readout_handshake|source_holding[6]
                Info (332115):      4.751      0.000 FF  CELL  U_core|\gen_sweep_analyzer:U_dwell_readout_handshake|source_holding[6]|q
                Info (332115):      5.303      0.552 FF    IC  U_core|dwell_rd_data[6]~feeder|dataf
                Info (332115):      5.358      0.055 FF  CELL  U_core|dwell_rd_data[6]~feeder|combout
                Info (332115):      5.358      0.000 FF    IC  U_core|dwell_rd_data[6]|d
                Info (332115):      5.440      0.082 FF  CELL  bladerf_core:U_core|dwell_rd_data[6]
                Info (332115): Clock Arrival Path:
                Info (332115): Total (ns)  Incr (ns)     Type  Element
                Info (332115): ==========  ========= ==  ====  ===================================
                Info (332115):      3.329      3.329  R        clock network delay
                Info (332115):      3.489      0.160           clock uncertainty
                Info (332115):      3.489      0.000      uTh  bladerf_core:U_core|dwell_rd_data[6]
            Info (332181): Cross Path Clock Pessimism Removed : 2.877
            Info (332181): Required Skew   : 6.400
            Info (332181): Actual Skew     : 1.118
            Info (332181): Slack           : 5.282
        Info (332181): Path #156: Slack is 5.282 
            Info (332181): Latest Path Arrival
                Info (332115): From Node          : bladerf_core:U_core|handshake:\gen_sweep_analyzer:U_dwell_readout_handshake|source_holding[23]
                Info (332115): To Node            : bladerf_core:U_core|dwell_rd_data[23]
                Info (332115): Launch Clock       : U_core|U_nios_system|axi_ad9361_0|i_dev_if|i_rx|i_altlvds_rx|auto_generated|pll_sclk~PLL_OUTPUT_COUNTER|divclk
                Info (332115): Latch Clock        : U_core|U_system_pll|altera_pll_i|general[0].gpll~PLL_OUTPUT_COUNTER|divclk
                Info (332115): Data Arrival Time  : 7.574
                Info (332115): Clock Arrival Time : 1.628
                Info (332115): Relative Delay     : 5.946
                Info (332115): Data Arrival Path:
                Info (332115): Total (ns)  Incr (ns)     Type  Element
                Info (332115): ==========  ========= ==  ====  ===================================
                Info (332115):      6.343      6.343  R        clock network delay
                Info (332115):      6.343      0.000     uTco  bladerf_core:U_core|handshake:\gen_sweep_analyzer:U_dwell_readout_handshake|source_holding[23]
                Info (332115):      6.343      0.000 RR  CELL  U_core|\gen_sweep_analyzer:U_dwell_readout_handshake|source_holding[23]|q
                Info (332115):      6.854      0.511 RR    IC  U_core|dwell_rd_data[23]|asdata
                Info (332115):      7.574      0.720 RR  CELL  bladerf_core:U_core|dwell_rd_data[23]
                Info (332115): Clock Arrival Path:
                Info (332115): Total (ns)  Incr (ns)     Type  Element
                Info (332115): ==========  ========= ==  ====  ===================================
                Info (332115):      1.788      1.788  R        clock network delay
                Info (332115):      1.628     -0.160           clock uncertainty
                Info (332115):      1.628      0.000     uTsu  bladerf_core:U_core|dwell_rd_data[23]
            Info (332181): Earliest Path Arrival
                Info (332115): From Node          : bladerf_core:U_core|handshake:\gen_sweep_analyzer:U_dwell_readout_handshake|source_holding[6]
                Info (332115): To Node            : bladerf_core:U_core|dwell_rd_data[6]
                Info (332115): Launch Clock       : U_core|U_nios_system|axi_ad9361_0|i_dev_if|i_rx|i_altlvds_rx|auto_generated|pll_sclk~PLL_OUTPUT_COUNTER|divclk
                Info (332115): Latch Clock        : U_core|U_system_pll|altera_pll_i|general[0].gpll~PLL_OUTPUT_COUNTER|divclk
                Info (332115): Data Arrival Time  : 5.440
                Info (332115): Clock Arrival Time : 3.489
                Info (332115): Relative Delay     : 1.951
                Info (332115): Data Arrival Path:
                Info (332115): Total (ns)  Incr (ns)     Type  Element
                Info (332115): ==========  ========= ==  ====  ===================================
                Info (332115):      4.751      4.751  R        clock network delay
                Info (332115):      4.751      0.000     uTco  bladerf_core:U_core|handshake:\gen_sweep_analyzer:U_dwell_readout_handshake|source_holding[6]
                Info (332115):      4.751      0.000 FF  CELL  U_core|\gen_sweep_analyzer:U_dwell_readout_handshake|source_holding[6]|q
                Info (332115):      5.303      0.552 FF    IC  U_core|dwell_rd_data[6]~feeder|dataf
                Info (332115):      5.358      0.055 FF  CELL  U_core|dwell_rd_data[6]~feeder|combout
                Info (332115):      5.358      0.000 FF    IC  U_core|dwell_rd_data[6]|d
                Info (332115):      5.440      0.082 FF  CELL  bladerf_core:U_core|dwell_rd_data[6]
                Info (332115): Clock Arrival Path:
                Info (332115): Total (ns)  Incr (ns)     Type  Element
                Info (332115): ==========  ========= ==  ====  ===================================
                Info (332115):      3.329      3.329  R        clock network delay
                Info (332115):      3.489      0.160           clock uncertainty
                Info (332115):      3.489      0.000      uTh  bladerf_core:U_core|dwell_rd_data[6]
            Info (332181): Cross Path Clock Pessimism Removed : 2.877
            Info (332181): Required Skew   : 6.400
            Info (332181): Actual Skew     : 1.118
            Info (332181): Slack           : 5.282
    Info (332181): Skew for the Earliest Arrival
        Info (332181): Path #157: Slack is 5.209 
            Info (332181): Latest Path Arrival
                Info (332115): From Node          : bladerf_core:U_core|handshake:\gen_sweep_analyzer:U_dwell_readout_handshake|source_holding[25]
                Info (332115): To Node            : bladerf_core:U_core|dwell_rd_data[25]
                Info (332115): Launch Clock       : U_core|U_nios_system|axi_ad9361_0|i_dev_if|i_rx|i_altlvds_rx|auto_generated|pll_sclk~PLL_OUTPUT_COUNTER|divclk
                Info (332115): Latch Clock        : U_core|U_system_pll|altera_pll_i|general[0].gpll~PLL_OUTPUT_COUNTER|divclk
                Info (332115): Data Arrival Time  : 7.647
                Info (332115): Clock Arrival Time : 1.628
                Info (332115): Relative Delay     : 6.019
                Info (332115): Data Arrival Path:
                Info (332115): Total (ns)  Incr (ns)     Type  Element
                Info (332115): ==========  ========= ==  ====  ===================================
                Info (332115):      6.350      6.350  R        clock network delay
                Info (332115):      6.350      0.000     uTco  bladerf_core:U_core|handshake:\gen_sweep_analyzer:U_dwell_readout_handshake|source_holding[25]
                Info (332115):      6.350      0.000 FF  CELL  U_core|\gen_sweep_analyzer:U_dwell_readout_handshake|source_holding[25]|q
                Info (332115):      6.785      0.435 FF    IC  U_core|dwell_rd_data[25]~feeder|datac
                Info (332115):      7.342      0.557 FF  CELL  U_core|dwell_rd_data[25]~feeder|combout
                Info (332115):      7.342      0.000 FF    IC  U_core|dwell_rd_data[25]|d
                Info (332115):      7.647      0.305 FF  CELL  bladerf_core:U_core|dwell_rd_data[25]
                Info (332115): Clock Arrival Path:
                Info (332115): Total (ns)  Incr (ns)     Type  Element
                Info (332115): ==========  ========= ==  ====  ===================================
                Info (332115):      1.788      1.788  R        clock network delay
                Info (332115):      1.628     -0.160           clock uncertainty
                Info (332115):      1.628      0.000     uTsu  bladerf_core:U_core|dwell_rd_data[25]
            Info (332181): Earliest Path Arrival
                Info (332115): From Node          : bladerf_core:U_core|handshake:\gen_sweep_analyzer:U_dwell_readout_handshake|source_holding[6]
                Info (332115): To Node            : bladerf_core:U_core|dwell_rd_data[6]
                Info (332115): Launch Clock       : U_core|U_nios_system|axi_ad9361_0|i_dev_if|i_rx|i_altlvds_rx|auto_generated|pll_sclk~PLL_OUTPUT_COUNTER|divclk
                Info (332115): Latch Clock        : U_core|U_system_pll|altera_pll_i|general[0].gpll~PLL_OUTPUT_COUNTER|divclk
                Info (332115): Data Arrival Time  : 5.440
                Info (332115): Clock Arrival Time : 3.489
                Info (332115): Relative Delay     : 1.951
                Info (332115): Data Arrival Path:
                Info (332115): Total (ns)  Incr (ns)     Type  Element
                Info (332115): ==========  ========= ==  ====  ===================================
                Info (332115):      4.751      4.751  R        clock network delay
                Info (332115):      4.751      0.000     uTco  bladerf_core:U_core|handshake:\gen_sweep_analyzer:U_dwell_readout_handshake|source_holding[6]
                Info (332115):      4.751      0.000 FF  CELL  U_core|\gen_sweep_analyzer:U_dwell_readout_handshake|source_holding[6]|q
                Info (332115):      5.303      0.552 FF    IC  U_core|dwell_rd_data[6]~feeder|dataf
                Info (332115):      5.358      0.055 FF  CELL  U_core|dwell_rd_data[6]~feeder|combout
                Info (332115):      5.358      0.000 FF    IC  U_core|dwell_rd_data[6]|d
                Info (332115):      5.440      0.082 FF  CELL  bladerf_core:U_core|dwell_rd_data[6]
                Info (332115): Clock Arrival Path:
                Info (332115): Total (ns)  Incr (ns)     Type  Element
                Info (332115): ==========  ========= ==  ====  ===================================
                Info (332115):      3.329      3.329  R        clock network delay
                Info (332115):      3.489      0.160           clock uncertainty
                Info (332115):      3.489      0.000      uTh  bladerf_core:U_core|dwell_rd_data[6]
            Info (332181): Cross Path Clock Pessimism Removed : 2.877
            Info (332181): Required Skew   : 6.400
            Info (332181): Actual Skew     : 1.191
            Info (332181): Slack           : 5.209
        Info (332181): Path #158: Slack is 5.226 
            Info (332181): Latest Path Arrival
                Info (332115): From Node          : bladerf_core:U_core|handshake:\gen_sweep_analyzer:U_dwell_readout_handshake|source_holding[25]
                Info (332115): To Node            : bladerf_core:U_core|dwell_rd_data[25]
                Info (332115): Launch Clock       : U_core|U_nios_system|axi_ad9361_0|i_dev_if|i_rx|i_altlvds_rx|auto_generated|pll_sclk~PLL_OUTPUT_COUNTER|divclk
                Info (332115): Latch Clock        : U_core|U_system_pll|altera_pll_i|general[0].gpll~PLL_OUTPUT_COUNTER|divclk
                Info (332115): Data Arrival Time  : 7.647
                Info (332115): Clock Arrival Time : 1.628
                Info (332115): Relative Delay     : 6.019
                Info (332115): Data Arrival Path:
                Info (332115): Total (ns)  Incr (ns)     Type  Element
                Info (332115): ==========  ========= ==  ====  ===================================
                Info (332115):      6.350      6.350  R        clock network delay
                Info (332115):      6.350      0.000     uTco  bladerf_core:U_core|handshake:\gen_sweep_analyzer:U_dwell_readout_handshake|source_holding[25]
                Info (332115):      6.350      0.000 FF  CELL  U_core|\gen_sweep_analyzer:U_dwell_readout_handshake|source_holding[25]|q
                Info (332115):      6.785      0.435 FF    IC  U_core|dwell_rd_data[25]~feeder|datac
                Info (332115):      7.342      0.557 FF  CELL  U_core|dwell_rd_data[25]~feeder|combout
                Info (332115):      7.342      0.000 FF    IC  U_core|dwell_rd_data[25]|d
                Info (332115):      7.647      0.305 FF  CELL  bladerf_core:U_core|dwell_rd_data[25]
                Info (332115): Clock Arrival Path:
                Info (332115): Total (ns)  Incr (ns)     Type  Element
                Info (332115): ==========  ========= ==  ====  ===================================
                Info (332115):      1.788      1.788  R        clock network delay
                Info (332115):      1.628     -0.160           clock uncertainty
                Info (332115):      1.628      0.000     uTsu  bladerf_core:U_core|dwell_rd_data[25]
            Info (332181): Earliest Path Arrival
                Info (332115): From Node          : bladerf_core:U_core|handshake:\gen_sweep_analyzer:U_dwell_readout_handshake|source_holding[15]
                Info (332115): To Node            : bladerf_core:U_core|dwell_rd_data[15]
                Info (332115): Launch Clock       : U_core|U_nios_system|axi_ad9361_0|i_dev_if|i_rx|i_altlvds_rx|auto_generated|pll_sclk~PLL_OUTPUT_COUNTER|divclk
                Info (332115): Latch Clock        : U_core|U_system_pll|altera_pll_i|general[0].gpll~PLL_OUTPUT_COUNTER|divclk
                Info (332115): Data Arrival Time  : 5.464
                Info (332115): Clock Arrival Time : 3.496
                Info (332115): Relative Delay     : 1.968
                Info (332115): Data Arrival Path:
                Info (332115): Total (ns)  Incr (ns)     Type  Element
                Info (332115): ==========  ========= ==  ====  ===================================
                Info (332115):      4.750      4.750  R        clock network delay
                Info (332115):      4.750      0.000     uTco  bladerf_core:U_core|handshake:\gen_sweep_analyzer:U_dwell_readout_handshake|source_holding[15]
                Info (332115):      4.750      0.000 FF  CELL  U_core|\gen_sweep_analyzer:U_dwell_readout_handshake|source_holding[15]|q
                Info (332115):      5.326      0.576 FF    IC  U_core|dwell_rd_data[15]~feeder|dataf
                Info (332115):      5.381      0.055 FF  CELL  U_core|dwell_rd_data[15]~feeder|combout
                Info (332115):      5.381      0.000 FF    IC  U_core|dwell_rd_data[15]|d
                Info (332115):      5.464      0.083 FF  CELL  bladerf_core:U_core|dwell_rd_data[15]
                Info (332115): Clock Arrival Path:
                Info (332115): Total (ns)  Incr (ns)     Type  Element
                Info (332115): ==========  ========= ==  ====  ===================================
                Info (332115):      3.336      3.336  R        clock network delay
                Info (332115):      3.496      0.160           clock uncertainty
                Info (332115):      3.496      0.000      uTh  bladerf_core:U_core|dwell_rd_data[15]
            Info (332181): Cross Path Clock Pessimism Removed : 2.877
            Info (332181): Required Skew   : 6.400
            Info (332181): Actual Skew     : 1.174
            Info (332181): Slack           : 5.226
        Info (332181): Path #159: Slack is 5.231 
            Info (332181): Latest Path Arrival
                Info (332115): From Node          : bladerf_core:U_core|handshake:\gen_sweep_analyzer:U_dwell_readout_handshake|source_holding[25]
                Info (332115): To Node            : bladerf_core:U_core|dwell_rd_data[25]
                Info (332115): Launch Clock       : U_core|U_nios_system|axi_ad9361_0|i_dev_if|i_rx|i_altlvds_rx|auto_generated|pll_sclk~PLL_OUTPUT_COUNTER|divclk
                Info (332115): Latch Clock        : U_core|U_system_pll|altera_pll_i|general[0].gpll~PLL_OUTPUT_COUNTER|divclk
                Info (332115): Data Arrival Time  : 7.647
                Info (332115): Clock Arrival Time : 1.628
                Info (332115): Relative Delay     : 6.019
                Info (332115): Data Arrival Path:
                Info (332115): Total (ns)  Incr (ns)     Type  Element
                Info (332115): ==========  ========= ==  ====  ===================================
                Info (332115):      6.350      6.350  R        clock network delay
                Info (332115):      6.350      0.000     uTco  bladerf_core:U_core|handshake:\gen_sweep_analyzer:U_dwell_readout_handshake|source_holding[25]
                Info (332115):      6.350      0.000 FF  CELL  U_core|\gen_sweep_analyzer:U_dwell_readout_handshake|source_holding[25]|q
                Info (332115):      6.785      0.435 FF    IC  U_core|dwell_rd_data[25]~feeder|datac
                Info (332115):      7.342      0.557 FF  CELL  U_core|dwell_rd_data[25]~feeder|combout
                Info (332115):      7.342      0.000 FF    IC  U_core|dwell_rd_data[25]|d
                Info (332115):      7.647      0.305 FF  CELL  bladerf_core:U_core|dwell_rd_data[25]
                Info (332115): Clock Arrival Path:
                Info (332115): Total (ns)  Incr (ns)     Type  Element
                Info (332115): ==========  ========= ==  ====  ===================================
                Info (332115):      1.788      1.788  R        clock network delay
                Info (332115):      1.628     -0.160           clock uncertainty
                Info (332115):      1.628      0.000     uTsu  bladerf_core:U_core|dwell_rd_data[25]
            Info (332181): Earliest Path Arrival
                Info (332115): From Node          : bladerf_core:U_core|handshake:\gen_sweep_analyzer:U_dwell_readout_handshake|source_holding[4]
                Info (332115): To Node            : bladerf_core:U_core|dwell_rd_data[4]
                Info (332115): Launch Clock       : U_core|U_nios_system|axi_ad9361_0|i_dev_if|i_rx|i_altlvds_rx|auto_generated|pll_sclk~PLL_OUTPUT_COUNTER|divclk
                Info (332115): Latch Clock        : U_core|U_system_pll|altera_pll_i|general[0].gpll~PLL_OUTPUT_COUNTER|divclk
                Info (332115): Data Arrival Time  : 5.456
                Info (332115): Clock Arrival Time : 3.483
                Info (332115): Relative Delay     : 1.973
                Info (332115): Data Arrival Path:
                Info (332115): Total (ns)  Incr (ns)     Type  Element
                Info (332115): ==========  ========= ==  ====  ===================================
                Info (332115):      4.751      4.751  R        clock network delay
                Info (332115):      4.751      0.000     uTco  bladerf_core:U_core|handshake:\gen_sweep_analyzer:U_dwell_readout_handshake|source_holding[4]
                Info (332115):      4.751      0.000 FF  CELL  U_core|\gen_sweep_analyzer:U_dwell_readout_handshake|source_holding[4]|q
                Info (332115):      5.318      0.567 FF    IC  U_core|dwell_rd_data[4]~feeder|dataf
                Info (332115):      5.373      0.055 FF  CELL  U_core|dwell_rd_data[4]~feeder|combout
                Info (332115):      5.373      0.000 FF    IC  U_core|dwell_rd_data[4]|d
                Info (332115):      5.456      0.083 FF  CELL  bladerf_core:U_core|dwell_rd_data[4]
                Info (332115): Clock Arrival Path:
                Info (332115): Total (ns)  Incr (ns)     Type  Element
                Info (332115): ==========  ========= ==  ====  ===================================
                Info (332115):      3.323      3.323  R        clock network delay
                Info (332115):      3.483      0.160           clock uncertainty
                Info (332115):      3.483      0.000      uTh  bladerf_core:U_core|dwell_rd_data[4]
            Info (332181): Cross Path Clock Pessimism Removed : 2.877
            Info (332181): Required Skew   : 6.400
            Info (332181): Actual Skew     : 1.169
            Info (332181): Slack           : 5.231
        Info (332181): Path #160: Slack is 5.240 
            Info (332181): Latest Path Arrival
                Info (332115): From Node          : bladerf_core:U_core|handshake:\gen_sweep_analyzer:U_dwell_readout_handshake|source_holding[25]
                Info (332115): To Node            : bladerf_core:U_core|dwell_rd_data[25]
                Info (332115): Launch Clock       : U_core|U_nios_system|axi_ad9361_0|i_dev_if|i_rx|i_altlvds_rx|auto_generated|pll_sclk~PLL_OUTPUT_COUNTER|divclk
                Info (332115): Latch Clock        : U_core|U_system_pll|altera_pll_i|general[0].gpll~PLL_OUTPUT_COUNTER|divclk
                Info (332115): Data Arrival Time  : 7.647
                Info (332115): Clock Arrival Time : 1.628
                Info (332115): Relative Delay     : 6.019
                Info (332115): Data Arrival Path:
                Info (332115): Total (ns)  Incr (ns)     Type  Element
                Info (332115): ==========  ========= ==  ====  ===================================
                Info (332115):      6.350      6.350  R        clock network delay
                Info (332115):      6.350      0.000     uTco  bladerf_core:U_core|handshake:\gen_sweep_analyzer:U_dwell_readout_handshake|source_holding[25]
                Info (332115):      6.350      0.000 FF  CELL  U_core|\gen_sweep_analyzer:U_dwell_readout_handshake|source_holding[25]|q
                Info (332115):      6.785      0.435 FF    IC  U_core|dwell_rd_data[25]~feeder|datac
                Info (332115):      7.342      0.557 FF  CELL  U_core|dwell_rd_data[25]~feeder|combout
                Info (332115):      7.342      0.000 FF    IC  U_core|dwell_rd_data[25]|d
                Info (332115):      7.647      0.305 FF  CELL  bladerf_core:U_core|dwell_rd_data[25]
                Info (332115): Clock Arrival Path:
                Info (332115): Total (ns)  Incr (ns)     Type  Element
                Info (332115): ==========  ========= ==  ====  ===================================
                Info (332115):      1.788      1.788  R        clock network delay
                Info (332115):      1.628     -0.160           clock uncertainty
                Info (332115):      1.628      0.000     uTsu  bladerf_core:U_core|dwell_rd_data[25]
            Info (332181): Earliest Path Arrival
                Info (332115): From Node          : bladerf_core:U_core|handshake:\gen_sweep_analyzer:U_dwell_readout_handshake|source_holding[22]
                Info (332115): To Node            : bladerf_core:U_core|dwell_rd_data[22]
                Info (332115): Launch Clock       : U_core|U_nios_system|axi_ad9361_0|i_dev_if|i_rx|i_altlvds_rx|auto_generated|pll_sclk~PLL_OUTPUT_COUNTER|divclk
                Info (332115): Latch Clock        : U_core|U_system_pll|altera_pll_i|general[0].gpll~PLL_OUTPUT_COUNTER|divclk
                Info (332115): Data Arrival Time  : 5.471
                Info (332115): Clock Arrival Time : 3.489
                Info (332115): Relative Delay     : 1.982
                Info (332115): Data Arrival Path:
                Info (332115): Total (ns)  Incr (ns)     Type  Element
                Info (332115): ==========  ========= ==  ====  ===================================
                Info (332115):      4.751      4.751  R        clock network delay
                Info (332115):      4.751      0.000     uTco  bladerf_core:U_core|handshake:\gen_sweep_analyzer:U_dwell_readout_handshake|source_holding[22]
                Info (332115):      4.751      0.000 FF  CELL  U_core|\gen_sweep_analyzer:U_dwell_readout_handshake|source_holding[22]|q
                Info (332115):      5.334      0.583 FF    IC  U_core|dwell_rd_data[22]~feeder|dataf
                Info (332115):      5.389      0.055 FF  CELL  U_core|dwell_rd_data[22]~feeder|combout
                Info (332115):      5.389      0.000 FF    IC  U_core|dwell_rd_data[22]|d
                Info (332115):      5.471      0.082 FF  CELL  bladerf_core:U_core|dwell_rd_data[22]
                Info (332115): Clock Arrival Path:
                Info (332115): Total (ns)  Incr (ns)     Type  Element
                Info (332115): ==========  ========= ==  ====  ===================================
                Info (332115):      3.329      3.329  R        clock network delay
                Info (332115):      3.489      0.160           clock uncertainty
                Info (332115):      3.489      0.000      uTh  bladerf_core:U_core|dwell_rd_data[22]
            Info (332181): Cross Path Clock Pessimism Removed : 2.877
            Info (332181): Required Skew   : 6.400
            Info (332181): Actual Skew     : 1.160
            Info (332181): Slack           : 5.240
Info (332115): Worst-case slack is 5.346 for "set_max_skew -from [get_keepers {*U_rx_epoch_status_handshake|source_holding[*]}] -to [get_keepers {*bladerf_core:*|rx_epoch_status_sys[*]}] 6.400 "
    Info (332181): Skew for the Latest Arrival
        Info (332181): Path #161: Slack is 5.346 
            Info (332181): Latest Path Arrival
                Info (332115): From Node          : bladerf_core:U_core|handshake:U_rx_epoch_status_handshake|source_holding[22]
                Info (332115): To Node            : bladerf_core:U_core|rx_epoch_status_sys[22]
                Info (332115): Launch Clock       : U_core|U_nios_system|axi_ad9361_0|i_dev_if|i_rx|i_altlvds_rx|auto_generated|pll_sclk~PLL_OUTPUT_COUNTER|divclk
                Info (332115): Latch Clock        : U_core|U_system_pll|altera_pll_i|general[0].gpll~PLL_OUTPUT_COUNTER|divclk
                Info (332115): Data Arrival Time  : 7.498
                Info (332115): Clock Arrival Time : 1.629
                Info (332115): Relative Delay     : 5.869
                Info (332115): Data Arrival Path:
                Info (332115): Total (ns)  Incr (ns)     Type  Element
                Info (332115): ==========  ========= ==  ====  ===================================
                Info (332115):      6.347      6.347  R        clock network delay
                Info (332115):      6.347      0.000     uTco  bladerf_core:U_core|handshake:U_rx_epoch_status_handshake|source_holding[22]
                Info (332115):      6.347      0.000 RR  CELL  U_core|U_rx_epoch_status_handshake|source_holding[22]|q
                Info (332115):      7.101      0.754 RR    IC  U_core|rx_epoch_status_sys[22]~feeder|dataf
                Info (332115):      7.194      0.093 RR  CELL  U_core|rx_epoch_status_sys[22]~feeder|combout
                Info (332115):      7.194      0.000 RR    IC  U_core|rx_epoch_status_sys[22]|d
                Info (332115):      7.498      0.304 RR  CELL  bladerf_core:U_core|rx_epoch_status_sys[22]
                Info (332115): Clock Arrival Path:
                Info (332115): Total (ns)  Incr (ns)     Type  Element
                Info (332115): ==========  ========= ==  ====  ===================================
                Info (332115):      1.789      1.789  R        clock network delay
                Info (332115):      1.629     -0.160           clock uncertainty
                Info (332115):      1.629      0.000     uTsu  bladerf_core:U_core|rx_epoch_status_sys[22]
            Info (332181): Earliest Path Arrival
                Info (332115): From Node          : bladerf_core:U_core|handshake:U_rx_epoch_status_handshake|source_holding[27]
                Info (332115): To Node            : bladerf_core:U_core|rx_epoch_status_sys[27]
                Info (332115): Launch Clock       : U_core|U_nios_system|axi_ad9361_0|i_dev_if|i_rx|i_altlvds_rx|auto_generated|pll_sclk~PLL_OUTPUT_COUNTER|divclk
                Info (332115): Latch Clock        : U_core|U_system_pll|altera_pll_i|general[0].gpll~PLL_OUTPUT_COUNTER|divclk
                Info (332115): Data Arrival Time  : 5.433
                Info (332115): Clock Arrival Time : 3.497
                Info (332115): Relative Delay     : 1.936
                Info (332115): Data Arrival Path:
                Info (332115): Total (ns)  Incr (ns)     Type  Element
                Info (332115): ==========  ========= ==  ====  ===================================
                Info (332115):      4.745      4.745  R        clock network delay
                Info (332115):      4.745      0.000     uTco  bladerf_core:U_core|handshake:U_rx_epoch_status_handshake|source_holding[27]
                Info (332115):      4.745      0.000 FF  CELL  U_core|U_rx_epoch_status_handshake|source_holding[27]|q
                Info (332115):      5.296      0.551 FF    IC  U_core|rx_epoch_status_sys[27]~feeder|dataf
                Info (332115):      5.351      0.055 FF  CELL  U_core|rx_epoch_status_sys[27]~feeder|combout
                Info (332115):      5.351      0.000 FF    IC  U_core|rx_epoch_status_sys[27]|d
                Info (332115):      5.433      0.082 FF  CELL  bladerf_core:U_core|rx_epoch_status_sys[27]
                Info (332115): Clock Arrival Path:
                Info (332115): Total (ns)  Incr (ns)     Type  Element
                Info (332115): ==========  ========= ==  ====  ===================================
                Info (332115):      3.337      3.337  R        clock network delay
                Info (332115):      3.497      0.160           clock uncertainty
                Info (332115):      3.497      0.000      uTh  bladerf_core:U_core|rx_epoch_status_sys[27]
            Info (332181): Cross Path Clock Pessimism Removed : 2.879
            Info (332181): Required Skew   : 6.400
            Info (332181): Actual Skew     : 1.054
            Info (332181): Slack           : 5.346
        Info (332181): Path #162: Slack is 5.348 
            Info (332181): Latest Path Arrival
                Info (332115): From Node          : bladerf_core:U_core|handshake:U_rx_epoch_status_handshake|source_holding[18]
                Info (332115): To Node            : bladerf_core:U_core|rx_epoch_status_sys[18]
                Info (332115): Launch Clock       : U_core|U_nios_system|axi_ad9361_0|i_dev_if|i_rx|i_altlvds_rx|auto_generated|pll_sclk~PLL_OUTPUT_COUNTER|divclk
                Info (332115): Latch Clock        : U_core|U_system_pll|altera_pll_i|general[0].gpll~PLL_OUTPUT_COUNTER|divclk
                Info (332115): Data Arrival Time  : 7.496
                Info (332115): Clock Arrival Time : 1.629
                Info (332115): Relative Delay     : 5.867
                Info (332115): Data Arrival Path:
                Info (332115): Total (ns)  Incr (ns)     Type  Element
                Info (332115): ==========  ========= ==  ====  ===================================
                Info (332115):      6.335      6.335  R        clock network delay
                Info (332115):      6.335      0.000     uTco  bladerf_core:U_core|handshake:U_rx_epoch_status_handshake|source_holding[18]
                Info (332115):      6.335      0.000 RR  CELL  U_core|U_rx_epoch_status_handshake|source_holding[18]|q
                Info (332115):      6.769      0.434 RR    IC  U_core|rx_epoch_status_sys[18]|asdata
                Info (332115):      7.496      0.727 RR  CELL  bladerf_core:U_core|rx_epoch_status_sys[18]
                Info (332115): Clock Arrival Path:
                Info (332115): Total (ns)  Incr (ns)     Type  Element
                Info (332115): ==========  ========= ==  ====  ===================================
                Info (332115):      1.789      1.789  R        clock network delay
                Info (332115):      1.629     -0.160           clock uncertainty
                Info (332115):      1.629      0.000     uTsu  bladerf_core:U_core|rx_epoch_status_sys[18]
            Info (332181): Earliest Path Arrival
                Info (332115): From Node          : bladerf_core:U_core|handshake:U_rx_epoch_status_handshake|source_holding[27]
                Info (332115): To Node            : bladerf_core:U_core|rx_epoch_status_sys[27]
                Info (332115): Launch Clock       : U_core|U_nios_system|axi_ad9361_0|i_dev_if|i_rx|i_altlvds_rx|auto_generated|pll_sclk~PLL_OUTPUT_COUNTER|divclk
                Info (332115): Latch Clock        : U_core|U_system_pll|altera_pll_i|general[0].gpll~PLL_OUTPUT_COUNTER|divclk
                Info (332115): Data Arrival Time  : 5.433
                Info (332115): Clock Arrival Time : 3.497
                Info (332115): Relative Delay     : 1.936
                Info (332115): Data Arrival Path:
                Info (332115): Total (ns)  Incr (ns)     Type  Element
                Info (332115): ==========  ========= ==  ====  ===================================
                Info (332115):      4.745      4.745  R        clock network delay
                Info (332115):      4.745      0.000     uTco  bladerf_core:U_core|handshake:U_rx_epoch_status_handshake|source_holding[27]
                Info (332115):      4.745      0.000 FF  CELL  U_core|U_rx_epoch_status_handshake|source_holding[27]|q
                Info (332115):      5.296      0.551 FF    IC  U_core|rx_epoch_status_sys[27]~feeder|dataf
                Info (332115):      5.351      0.055 FF  CELL  U_core|rx_epoch_status_sys[27]~feeder|combout
                Info (332115):      5.351      0.000 FF    IC  U_core|rx_epoch_status_sys[27]|d
                Info (332115):      5.433      0.082 FF  CELL  bladerf_core:U_core|rx_epoch_status_sys[27]
                Info (332115): Clock Arrival Path:
                Info (332115): Total (ns)  Incr (ns)     Type  Element
                Info (332115): ==========  ========= ==  ====  ===================================
                Info (332115):      3.337      3.337  R        clock network delay
                Info (332115):      3.497      0.160           clock uncertainty
                Info (332115):      3.497      0.000      uTh  bladerf_core:U_core|rx_epoch_status_sys[27]
            Info (332181): Cross Path Clock Pessimism Removed : 2.879
            Info (332181): Required Skew   : 6.400
            Info (332181): Actual Skew     : 1.052
            Info (332181): Slack           : 5.348
        Info (332181): Path #163: Slack is 5.363 
            Info (332181): Latest Path Arrival
                Info (332115): From Node          : bladerf_core:U_core|handshake:U_rx_epoch_status_handshake|source_holding[19]
                Info (332115): To Node            : bladerf_core:U_core|rx_epoch_status_sys[19]
                Info (332115): Launch Clock       : U_core|U_nios_system|axi_ad9361_0|i_dev_if|i_rx|i_altlvds_rx|auto_generated|pll_sclk~PLL_OUTPUT_COUNTER|divclk
                Info (332115): Latch Clock        : U_core|U_system_pll|altera_pll_i|general[0].gpll~PLL_OUTPUT_COUNTER|divclk
                Info (332115): Data Arrival Time  : 7.481
                Info (332115): Clock Arrival Time : 1.629
                Info (332115): Relative Delay     : 5.852
                Info (332115): Data Arrival Path:
                Info (332115): Total (ns)  Incr (ns)     Type  Element
                Info (332115): ==========  ========= ==  ====  ===================================
                Info (332115):      6.347      6.347  R        clock network delay
                Info (332115):      6.347      0.000     uTco  bladerf_core:U_core|handshake:U_rx_epoch_status_handshake|source_holding[19]
                Info (332115):      6.347      0.000 RR  CELL  U_core|U_rx_epoch_status_handshake|source_holding[19]|q
                Info (332115):      7.084      0.737 RR    IC  U_core|rx_epoch_status_sys[19]~feeder|dataf
                Info (332115):      7.177      0.093 RR  CELL  U_core|rx_epoch_status_sys[19]~feeder|combout
                Info (332115):      7.177      0.000 RR    IC  U_core|rx_epoch_status_sys[19]|d
                Info (332115):      7.481      0.304 RR  CELL  bladerf_core:U_core|rx_epoch_status_sys[19]
                Info (332115): Clock Arrival Path:
                Info (332115): Total (ns)  Incr (ns)     Type  Element
                Info (332115): ==========  ========= ==  ====  ===================================
                Info (332115):      1.789      1.789  R        clock network delay
                Info (332115):      1.629     -0.160           clock uncertainty
                Info (332115):      1.629      0.000     uTsu  bladerf_core:U_core|rx_epoch_status_sys[19]
            Info (332181): Earliest Path Arrival
                Info (332115): From Node          : bladerf_core:U_core|handshake:U_rx_epoch_status_handshake|source_holding[27]
                Info (332115): To Node            : bladerf_core:U_core|rx_epoch_status_sys[27]
                Info (332115): Launch Clock       : U_core|U_nios_system|axi_ad9361_0|i_dev_if|i_rx|i_altlvds_rx|auto_generated|pll_sclk~PLL_OUTPUT_COUNTER|divclk
                Info (332115): Latch Clock        : U_core|U_system_pll|altera_pll_i|general[0].gpll~PLL_OUTPUT_COUNTER|divclk
                Info (332115): Data Arrival Time  : 5.433
                Info (332115): Clock Arrival Time : 3.497
                Info (332115): Relative Delay     : 1.936
                Info (332115): Data Arrival Path:
                Info (332115): Total (ns)  Incr (ns)     Type  Element
                Info (332115): ==========  ========= ==  ====  ===================================
                Info (332115):      4.745      4.745  R        clock network delay
                Info (332115):      4.745      0.000     uTco  bladerf_core:U_core|handshake:U_rx_epoch_status_handshake|source_holding[27]
                Info (332115):      4.745      0.000 FF  CELL  U_core|U_rx_epoch_status_handshake|source_holding[27]|q
                Info (332115):      5.296      0.551 FF    IC  U_core|rx_epoch_status_sys[27]~feeder|dataf
                Info (332115):      5.351      0.055 FF  CELL  U_core|rx_epoch_status_sys[27]~feeder|combout
                Info (332115):      5.351      0.000 FF    IC  U_core|rx_epoch_status_sys[27]|d
                Info (332115):      5.433      0.082 FF  CELL  bladerf_core:U_core|rx_epoch_status_sys[27]
                Info (332115): Clock Arrival Path:
                Info (332115): Total (ns)  Incr (ns)     Type  Element
                Info (332115): ==========  ========= ==  ====  ===================================
                Info (332115):      3.337      3.337  R        clock network delay
                Info (332115):      3.497      0.160           clock uncertainty
                Info (332115):      3.497      0.000      uTh  bladerf_core:U_core|rx_epoch_status_sys[27]
            Info (332181): Cross Path Clock Pessimism Removed : 2.879
            Info (332181): Required Skew   : 6.400
            Info (332181): Actual Skew     : 1.037
            Info (332181): Slack           : 5.363
        Info (332181): Path #164: Slack is 5.365 
            Info (332181): Latest Path Arrival
                Info (332115): From Node          : bladerf_core:U_core|handshake:U_rx_epoch_status_handshake|source_holding[21]
                Info (332115): To Node            : bladerf_core:U_core|rx_epoch_status_sys[21]
                Info (332115): Launch Clock       : U_core|U_nios_system|axi_ad9361_0|i_dev_if|i_rx|i_altlvds_rx|auto_generated|pll_sclk~PLL_OUTPUT_COUNTER|divclk
                Info (332115): Latch Clock        : U_core|U_system_pll|altera_pll_i|general[0].gpll~PLL_OUTPUT_COUNTER|divclk
                Info (332115): Data Arrival Time  : 7.479
                Info (332115): Clock Arrival Time : 1.629
                Info (332115): Relative Delay     : 5.850
                Info (332115): Data Arrival Path:
                Info (332115): Total (ns)  Incr (ns)     Type  Element
                Info (332115): ==========  ========= ==  ====  ===================================
                Info (332115):      6.347      6.347  R        clock network delay
                Info (332115):      6.347      0.000     uTco  bladerf_core:U_core|handshake:U_rx_epoch_status_handshake|source_holding[21]
                Info (332115):      6.347      0.000 RR  CELL  U_core|U_rx_epoch_status_handshake|source_holding[21]|q
                Info (332115):      7.082      0.735 RR    IC  U_core|rx_epoch_status_sys[21]~feeder|dataf
                Info (332115):      7.175      0.093 RR  CELL  U_core|rx_epoch_status_sys[21]~feeder|combout
                Info (332115):      7.175      0.000 RR    IC  U_core|rx_epoch_status_sys[21]|d
                Info (332115):      7.479      0.304 RR  CELL  bladerf_core:U_core|rx_epoch_status_sys[21]
                Info (332115): Clock Arrival Path:
                Info (332115): Total (ns)  Incr (ns)     Type  Element
                Info (332115): ==========  ========= ==  ====  ===================================
                Info (332115):      1.789      1.789  R        clock network delay
                Info (332115):      1.629     -0.160           clock uncertainty
                Info (332115):      1.629      0.000     uTsu  bladerf_core:U_core|rx_epoch_status_sys[21]
            Info (332181): Earliest Path Arrival
                Info (332115): From Node          : bladerf_core:U_core|handshake:U_rx_epoch_status_handshake|source_holding[27]
                Info (332115): To Node            : bladerf_core:U_core|rx_epoch_status_sys[27]
                Info (332115): Launch Clock       : U_core|U_nios_system|axi_ad9361_0|i_dev_if|i_rx|i_altlvds_rx|auto_generated|pll_sclk~PLL_OUTPUT_COUNTER|divclk
                Info (332115): Latch Clock        : U_core|U_system_pll|altera_pll_i|general[0].gpll~PLL_OUTPUT_COUNTER|divclk
                Info (332115): Data Arrival Time  : 5.433
                Info (332115): Clock Arrival Time : 3.497
                Info (332115): Relative Delay     : 1.936
                Info (332115): Data Arrival Path:
                Info (332115): Total (ns)  Incr (ns)     Type  Element
                Info (332115): ==========  ========= ==  ====  ===================================
                Info (332115):      4.745      4.745  R        clock network delay
                Info (332115):      4.745      0.000     uTco  bladerf_core:U_core|handshake:U_rx_epoch_status_handshake|source_holding[27]
                Info (332115):      4.745      0.000 FF  CELL  U_core|U_rx_epoch_status_handshake|source_holding[27]|q
                Info (332115):      5.296      0.551 FF    IC  U_core|rx_epoch_status_sys[27]~feeder|dataf
                Info (332115):      5.351      0.055 FF  CELL  U_core|rx_epoch_status_sys[27]~feeder|combout
                Info (332115):      5.351      0.000 FF    IC  U_core|rx_epoch_status_sys[27]|d
                Info (332115):      5.433      0.082 FF  CELL  bladerf_core:U_core|rx_epoch_status_sys[27]
                Info (332115): Clock Arrival Path:
                Info (332115): Total (ns)  Incr (ns)     Type  Element
                Info (332115): ==========  ========= ==  ====  ===================================
                Info (332115):      3.337      3.337  R        clock network delay
                Info (332115):      3.497      0.160           clock uncertainty
                Info (332115):      3.497      0.000      uTh  bladerf_core:U_core|rx_epoch_status_sys[27]
            Info (332181): Cross Path Clock Pessimism Removed : 2.879
            Info (332181): Required Skew   : 6.400
            Info (332181): Actual Skew     : 1.035
            Info (332181): Slack           : 5.365
    Info (332181): Skew for the Earliest Arrival
        Info (332181): Path #165: Slack is 5.346 
            Info (332181): Latest Path Arrival
                Info (332115): From Node          : bladerf_core:U_core|handshake:U_rx_epoch_status_handshake|source_holding[22]
                Info (332115): To Node            : bladerf_core:U_core|rx_epoch_status_sys[22]
                Info (332115): Launch Clock       : U_core|U_nios_system|axi_ad9361_0|i_dev_if|i_rx|i_altlvds_rx|auto_generated|pll_sclk~PLL_OUTPUT_COUNTER|divclk
                Info (332115): Latch Clock        : U_core|U_system_pll|altera_pll_i|general[0].gpll~PLL_OUTPUT_COUNTER|divclk
                Info (332115): Data Arrival Time  : 7.498
                Info (332115): Clock Arrival Time : 1.629
                Info (332115): Relative Delay     : 5.869
                Info (332115): Data Arrival Path:
                Info (332115): Total (ns)  Incr (ns)     Type  Element
                Info (332115): ==========  ========= ==  ====  ===================================
                Info (332115):      6.347      6.347  R        clock network delay
                Info (332115):      6.347      0.000     uTco  bladerf_core:U_core|handshake:U_rx_epoch_status_handshake|source_holding[22]
                Info (332115):      6.347      0.000 RR  CELL  U_core|U_rx_epoch_status_handshake|source_holding[22]|q
                Info (332115):      7.101      0.754 RR    IC  U_core|rx_epoch_status_sys[22]~feeder|dataf
                Info (332115):      7.194      0.093 RR  CELL  U_core|rx_epoch_status_sys[22]~feeder|combout
                Info (332115):      7.194      0.000 RR    IC  U_core|rx_epoch_status_sys[22]|d
                Info (332115):      7.498      0.304 RR  CELL  bladerf_core:U_core|rx_epoch_status_sys[22]
                Info (332115): Clock Arrival Path:
                Info (332115): Total (ns)  Incr (ns)     Type  Element
                Info (332115): ==========  ========= ==  ====  ===================================
                Info (332115):      1.789      1.789  R        clock network delay
                Info (332115):      1.629     -0.160           clock uncertainty
                Info (332115):      1.629      0.000     uTsu  bladerf_core:U_core|rx_epoch_status_sys[22]
            Info (332181): Earliest Path Arrival
                Info (332115): From Node          : bladerf_core:U_core|handshake:U_rx_epoch_status_handshake|source_holding[27]
                Info (332115): To Node            : bladerf_core:U_core|rx_epoch_status_sys[27]
                Info (332115): Launch Clock       : U_core|U_nios_system|axi_ad9361_0|i_dev_if|i_rx|i_altlvds_rx|auto_generated|pll_sclk~PLL_OUTPUT_COUNTER|divclk
                Info (332115): Latch Clock        : U_core|U_system_pll|altera_pll_i|general[0].gpll~PLL_OUTPUT_COUNTER|divclk
                Info (332115): Data Arrival Time  : 5.433
                Info (332115): Clock Arrival Time : 3.497
                Info (332115): Relative Delay     : 1.936
                Info (332115): Data Arrival Path:
                Info (332115): Total (ns)  Incr (ns)     Type  Element
                Info (332115): ==========  ========= ==  ====  ===================================
                Info (332115):      4.745      4.745  R        clock network delay
                Info (332115):      4.745      0.000     uTco  bladerf_core:U_core|handshake:U_rx_epoch_status_handshake|source_holding[27]
                Info (332115):      4.745      0.000 FF  CELL  U_core|U_rx_epoch_status_handshake|source_holding[27]|q
                Info (332115):      5.296      0.551 FF    IC  U_core|rx_epoch_status_sys[27]~feeder|dataf
                Info (332115):      5.351      0.055 FF  CELL  U_core|rx_epoch_status_sys[27]~feeder|combout
                Info (332115):      5.351      0.000 FF    IC  U_core|rx_epoch_status_sys[27]|d
                Info (332115):      5.433      0.082 FF  CELL  bladerf_core:U_core|rx_epoch_status_sys[27]
                Info (332115): Clock Arrival Path:
                Info (332115): Total (ns)  Incr (ns)     Type  Element
                Info (332115): ==========  ========= ==  ====  ===================================
                Info (332115):      3.337      3.337  R        clock network delay
                Info (332115):      3.497      0.160           clock uncertainty
                Info (332115):      3.497      0.000      uTh  bladerf_core:U_core|rx_epoch_status_sys[27]
            Info (332181): Cross Path Clock Pessimism Removed : 2.879
            Info (332181): Required Skew   : 6.400
            Info (332181): Actual Skew     : 1.054
            Info (332181): Slack           : 5.346
        Info (332181): Path #166: Slack is 5.366 
            Info (332181): Latest Path Arrival
                Info (332115): From Node          : bladerf_core:U_core|handshake:U_rx_epoch_status_handshake|source_holding[22]
                Info (332115): To Node            : bladerf_core:U_core|rx_epoch_status_sys[22]
                Info (332115): Launch Clock       : U_core|U_nios_system|axi_ad9361_0|i_dev_if|i_rx|i_altlvds_rx|auto_generated|pll_sclk~PLL_OUTPUT_COUNTER|divclk
                Info (332115): Latch Clock        : U_core|U_system_pll|altera_pll_i|general[0].gpll~PLL_OUTPUT_COUNTER|divclk
                Info (332115): Data Arrival Time  : 7.498
                Info (332115): Clock Arrival Time : 1.629
                Info (332115): Relative Delay     : 5.869
                Info (332115): Data Arrival Path:
                Info (332115): Total (ns)  Incr (ns)     Type  Element
                Info (332115): ==========  ========= ==  ====  ===================================
                Info (332115):      6.347      6.347  R        clock network delay
                Info (332115):      6.347      0.000     uTco  bladerf_core:U_core|handshake:U_rx_epoch_status_handshake|source_holding[22]
                Info (332115):      6.347      0.000 RR  CELL  U_core|U_rx_epoch_status_handshake|source_holding[22]|q
                Info (332115):      7.101      0.754 RR    IC  U_core|rx_epoch_status_sys[22]~feeder|dataf
                Info (332115):      7.194      0.093 RR  CELL  U_core|rx_epoch_status_sys[22]~feeder|combout
                Info (332115):      7.194      0.000 RR    IC  U_core|rx_epoch_status_sys[22]|d
                Info (332115):      7.498      0.304 RR  CELL  bladerf_core:U_core|rx_epoch_status_sys[22]
                Info (332115): Clock Arrival Path:
                Info (332115): Total (ns)  Incr (ns)     Type  Element
                Info (332115): ==========  ========= ==  ====  ===================================
                Info (332115):      1.789      1.789  R        clock network delay
                Info (332115):      1.629     -0.160           clock uncertainty
                Info (332115):      1.629      0.000     uTsu  bladerf_core:U_core|rx_epoch_status_sys[22]
            Info (332181): Earliest Path Arrival
                Info (332115): From Node          : bladerf_core:U_core|handshake:U_rx_epoch_status_handshake|source_holding[29]
                Info (332115): To Node            : bladerf_core:U_core|rx_epoch_status_sys[29]
                Info (332115): Launch Clock       : U_core|U_nios_system|axi_ad9361_0|i_dev_if|i_rx|i_altlvds_rx|auto_generated|pll_sclk~PLL_OUTPUT_COUNTER|divclk
                Info (332115): Latch Clock        : U_core|U_system_pll|altera_pll_i|general[0].gpll~PLL_OUTPUT_COUNTER|divclk
                Info (332115): Data Arrival Time  : 5.453
                Info (332115): Clock Arrival Time : 3.497
                Info (332115): Relative Delay     : 1.956
                Info (332115): Data Arrival Path:
                Info (332115): Total (ns)  Incr (ns)     Type  Element
                Info (332115): ==========  ========= ==  ====  ===================================
                Info (332115):      4.749      4.749  R        clock network delay
                Info (332115):      4.749      0.000     uTco  bladerf_core:U_core|handshake:U_rx_epoch_status_handshake|source_holding[29]
                Info (332115):      4.749      0.000 FF  CELL  U_core|U_rx_epoch_status_handshake|source_holding[29]|q
                Info (332115):      5.316      0.567 FF    IC  U_core|rx_epoch_status_sys[29]~feeder|dataf
                Info (332115):      5.371      0.055 FF  CELL  U_core|rx_epoch_status_sys[29]~feeder|combout
                Info (332115):      5.371      0.000 FF    IC  U_core|rx_epoch_status_sys[29]|d
                Info (332115):      5.453      0.082 FF  CELL  bladerf_core:U_core|rx_epoch_status_sys[29]
                Info (332115): Clock Arrival Path:
                Info (332115): Total (ns)  Incr (ns)     Type  Element
                Info (332115): ==========  ========= ==  ====  ===================================
                Info (332115):      3.337      3.337  R        clock network delay
                Info (332115):      3.497      0.160           clock uncertainty
                Info (332115):      3.497      0.000      uTh  bladerf_core:U_core|rx_epoch_status_sys[29]
            Info (332181): Cross Path Clock Pessimism Removed : 2.879
            Info (332181): Required Skew   : 6.400
            Info (332181): Actual Skew     : 1.034
            Info (332181): Slack           : 5.366
        Info (332181): Path #167: Slack is 5.370 
            Info (332181): Latest Path Arrival
                Info (332115): From Node          : bladerf_core:U_core|handshake:U_rx_epoch_status_handshake|source_holding[22]
                Info (332115): To Node            : bladerf_core:U_core|rx_epoch_status_sys[22]
                Info (332115): Launch Clock       : U_core|U_nios_system|axi_ad9361_0|i_dev_if|i_rx|i_altlvds_rx|auto_generated|pll_sclk~PLL_OUTPUT_COUNTER|divclk
                Info (332115): Latch Clock        : U_core|U_system_pll|altera_pll_i|general[0].gpll~PLL_OUTPUT_COUNTER|divclk
                Info (332115): Data Arrival Time  : 7.498
                Info (332115): Clock Arrival Time : 1.629
                Info (332115): Relative Delay     : 5.869
                Info (332115): Data Arrival Path:
                Info (332115): Total (ns)  Incr (ns)     Type  Element
                Info (332115): ==========  ========= ==  ====  ===================================
                Info (332115):      6.347      6.347  R        clock network delay
                Info (332115):      6.347      0.000     uTco  bladerf_core:U_core|handshake:U_rx_epoch_status_handshake|source_holding[22]
                Info (332115):      6.347      0.000 RR  CELL  U_core|U_rx_epoch_status_handshake|source_holding[22]|q
                Info (332115):      7.101      0.754 RR    IC  U_core|rx_epoch_status_sys[22]~feeder|dataf
                Info (332115):      7.194      0.093 RR  CELL  U_core|rx_epoch_status_sys[22]~feeder|combout
                Info (332115):      7.194      0.000 RR    IC  U_core|rx_epoch_status_sys[22]|d
                Info (332115):      7.498      0.304 RR  CELL  bladerf_core:U_core|rx_epoch_status_sys[22]
                Info (332115): Clock Arrival Path:
                Info (332115): Total (ns)  Incr (ns)     Type  Element
                Info (332115): ==========  ========= ==  ====  ===================================
                Info (332115):      1.789      1.789  R        clock network delay
                Info (332115):      1.629     -0.160           clock uncertainty
                Info (332115):      1.629      0.000     uTsu  bladerf_core:U_core|rx_epoch_status_sys[22]
            Info (332181): Earliest Path Arrival
                Info (332115): From Node          : bladerf_core:U_core|handshake:U_rx_epoch_status_handshake|source_holding[25]
                Info (332115): To Node            : bladerf_core:U_core|rx_epoch_status_sys[25]
                Info (332115): Launch Clock       : U_core|U_nios_system|axi_ad9361_0|i_dev_if|i_rx|i_altlvds_rx|auto_generated|pll_sclk~PLL_OUTPUT_COUNTER|divclk
                Info (332115): Latch Clock        : U_core|U_system_pll|altera_pll_i|general[0].gpll~PLL_OUTPUT_COUNTER|divclk
                Info (332115): Data Arrival Time  : 5.457
                Info (332115): Clock Arrival Time : 3.497
                Info (332115): Relative Delay     : 1.960
                Info (332115): Data Arrival Path:
                Info (332115): Total (ns)  Incr (ns)     Type  Element
                Info (332115): ==========  ========= ==  ====  ===================================
                Info (332115):      4.744      4.744  R        clock network delay
                Info (332115):      4.744      0.000     uTco  bladerf_core:U_core|handshake:U_rx_epoch_status_handshake|source_holding[25]
                Info (332115):      4.744      0.000 FF  CELL  U_core|U_rx_epoch_status_handshake|source_holding[25]|q
                Info (332115):      5.320      0.576 FF    IC  U_core|rx_epoch_status_sys[25]~feeder|dataf
                Info (332115):      5.375      0.055 FF  CELL  U_core|rx_epoch_status_sys[25]~feeder|combout
                Info (332115):      5.375      0.000 FF    IC  U_core|rx_epoch_status_sys[25]|d
                Info (332115):      5.457      0.082 FF  CELL  bladerf_core:U_core|rx_epoch_status_sys[25]
                Info (332115): Clock Arrival Path:
                Info (332115): Total (ns)  Incr (ns)     Type  Element
                Info (332115): ==========  ========= ==  ====  ===================================
                Info (332115):      3.337      3.337  R        clock network delay
                Info (332115):      3.497      0.160           clock uncertainty
                Info (332115):      3.497      0.000      uTh  bladerf_core:U_core|rx_epoch_status_sys[25]
            Info (332181): Cross Path Clock Pessimism Removed : 2.879
            Info (332181): Required Skew   : 6.400
            Info (332181): Actual Skew     : 1.030
            Info (332181): Slack           : 5.370
        Info (332181): Path #168: Slack is 5.374 
            Info (332181): Latest Path Arrival
                Info (332115): From Node          : bladerf_core:U_core|handshake:U_rx_epoch_status_handshake|source_holding[22]
                Info (332115): To Node            : bladerf_core:U_core|rx_epoch_status_sys[22]
                Info (332115): Launch Clock       : U_core|U_nios_system|axi_ad9361_0|i_dev_if|i_rx|i_altlvds_rx|auto_generated|pll_sclk~PLL_OUTPUT_COUNTER|divclk
                Info (332115): Latch Clock        : U_core|U_system_pll|altera_pll_i|general[0].gpll~PLL_OUTPUT_COUNTER|divclk
                Info (332115): Data Arrival Time  : 7.498
                Info (332115): Clock Arrival Time : 1.629
                Info (332115): Relative Delay     : 5.869
                Info (332115): Data Arrival Path:
                Info (332115): Total (ns)  Incr (ns)     Type  Element
                Info (332115): ==========  ========= ==  ====  ===================================
                Info (332115):      6.347      6.347  R        clock network delay
                Info (332115):      6.347      0.000     uTco  bladerf_core:U_core|handshake:U_rx_epoch_status_handshake|source_holding[22]
                Info (332115):      6.347      0.000 RR  CELL  U_core|U_rx_epoch_status_handshake|source_holding[22]|q
                Info (332115):      7.101      0.754 RR    IC  U_core|rx_epoch_status_sys[22]~feeder|dataf
                Info (332115):      7.194      0.093 RR  CELL  U_core|rx_epoch_status_sys[22]~feeder|combout
                Info (332115):      7.194      0.000 RR    IC  U_core|rx_epoch_status_sys[22]|d
                Info (332115):      7.498      0.304 RR  CELL  bladerf_core:U_core|rx_epoch_status_sys[22]
                Info (332115): Clock Arrival Path:
                Info (332115): Total (ns)  Incr (ns)     Type  Element
                Info (332115): ==========  ========= ==  ====  ===================================
                Info (332115):      1.789      1.789  R        clock network delay
                Info (332115):      1.629     -0.160           clock uncertainty
                Info (332115):      1.629      0.000     uTsu  bladerf_core:U_core|rx_epoch_status_sys[22]
            Info (332181): Earliest Path Arrival
                Info (332115): From Node          : bladerf_core:U_core|handshake:U_rx_epoch_status_handshake|source_holding[28]
                Info (332115): To Node            : bladerf_core:U_core|rx_epoch_status_sys[28]
                Info (332115): Launch Clock       : U_core|U_nios_system|axi_ad9361_0|i_dev_if|i_rx|i_altlvds_rx|auto_generated|pll_sclk~PLL_OUTPUT_COUNTER|divclk
                Info (332115): Latch Clock        : U_core|U_system_pll|altera_pll_i|general[0].gpll~PLL_OUTPUT_COUNTER|divclk
                Info (332115): Data Arrival Time  : 5.461
                Info (332115): Clock Arrival Time : 3.497
                Info (332115): Relative Delay     : 1.964
                Info (332115): Data Arrival Path:
                Info (332115): Total (ns)  Incr (ns)     Type  Element
                Info (332115): ==========  ========= ==  ====  ===================================
                Info (332115):      4.751      4.751  R        clock network delay
                Info (332115):      4.751      0.000     uTco  bladerf_core:U_core|handshake:U_rx_epoch_status_handshake|source_holding[28]
                Info (332115):      4.751      0.000 FF  CELL  U_core|U_rx_epoch_status_handshake|source_holding[28]|q
                Info (332115):      5.324      0.573 FF    IC  U_core|rx_epoch_status_sys[28]~feeder|dataf
                Info (332115):      5.379      0.055 FF  CELL  U_core|rx_epoch_status_sys[28]~feeder|combout
                Info (332115):      5.379      0.000 FF    IC  U_core|rx_epoch_status_sys[28]|d
                Info (332115):      5.461      0.082 FF  CELL  bladerf_core:U_core|rx_epoch_status_sys[28]
                Info (332115): Clock Arrival Path:
                Info (332115): Total (ns)  Incr (ns)     Type  Element
                Info (332115): ==========  ========= ==  ====  ===================================
                Info (332115):      3.337      3.337  R        clock network delay
                Info (332115):      3.497      0.160           clock uncertainty
                Info (332115):      3.497      0.000      uTh  bladerf_core:U_core|rx_epoch_status_sys[28]
            Info (332181): Cross Path Clock Pessimism Removed : 2.879
            Info (332181): Required Skew   : 6.400
            Info (332181): Actual Skew     : 1.026
            Info (332181): Slack           : 5.374
ADC_XFER all four RX bundles paired: PASS
Info (23030): Evaluation of Tcl script ../../report_adc_xfer_cdc.tcl was successful
Info: Quartus Prime Timing Analyzer was successful. 0 errors, 16 warnings
    Info: Peak virtual memory: 914 megabytes
    Info: Processing ended: Thu Oct  8 01:41:37 2026
    Info: Elapsed time: 00:00:07
    Info: Total CPU time (on all processors): 00:00:07
