[WARNING @ host/libraries/libbladeRF/src/board/bladerf2/bladerf2.c:451] Failed to get FPGA size Invalid operation or parameter
[WARNING @ host/libraries/libbladeRF/src/board/bladerf2/bladerf2.c:3678] Failed to get VCTCXO trim value: Invalid operation or parameter
CAPTURE_TIMING i=0 samples_per_channel=131072 sample_rate=23040000 duration_ms=13.061 status=Success
RUNTIME_WITHHELD n=1 txn=0 epoch=232 flags=0xb0000001 state=7 error=0 fpga_ts=51580 host_ns=1318511463911386
CAPTURE_TIMING i=1 samples_per_channel=131072 sample_rate=23040000 duration_ms=13.278 status=Success
RUNTIME_WITHHELD n=2 txn=1 epoch=233 flags=0xb0000001 state=7 error=0 fpga_ts=836476 host_ns=1318511497997523
CAPTURE_TIMING i=2 samples_per_channel=131072 sample_rate=23040000 duration_ms=13.171 status=Success
RUNTIME_WITHHELD n=3 txn=2 epoch=234 flags=0xb0000001 state=7 error=0 fpga_ts=1621372 host_ns=1318511532057715
CAPTURE_TIMING i=3 samples_per_channel=131072 sample_rate=23040000 duration_ms=12.566 status=Success
RUNTIME_WITHHELD n=4 txn=3 epoch=235 flags=0xb0000001 state=7 error=0 fpga_ts=2406268 host_ns=1318511566120410
CAPTURE_TIMING i=4 samples_per_channel=131072 sample_rate=23040000 duration_ms=13.261 status=Success
RUNTIME_WITHHELD n=5 txn=4 epoch=236 flags=0xb0000001 state=7 error=0 fpga_ts=3191164 host_ns=1318511600196409
CAPTURE_TIMING i=5 samples_per_channel=131072 sample_rate=23040000 duration_ms=13.070 status=Success
RUNTIME_WITHHELD n=6 txn=5 epoch=237 flags=0xb0000001 state=7 error=0 fpga_ts=3976060 host_ns=1318511634248000
CAPTURE_TIMING i=6 samples_per_channel=131072 sample_rate=23040000 duration_ms=13.137 status=Success
RUNTIME_WITHHELD n=7 txn=6 epoch=238 flags=0xb0000001 state=7 error=0 fpga_ts=4760956 host_ns=1318511668309860
CAPTURE_TIMING i=7 samples_per_channel=131072 sample_rate=23040000 duration_ms=13.175 status=Success
RUNTIME_WITHHELD n=8 txn=7 epoch=239 flags=0xb0000001 state=7 error=0 fpga_ts=5545852 host_ns=1318511702408310
CAPTURE_TIMING i=8 samples_per_channel=131072 sample_rate=23040000 duration_ms=13.042 status=Success
RUNTIME_WITHHELD n=9 txn=8 epoch=240 flags=0xb0000001 state=7 error=0 fpga_ts=6330748 host_ns=1318511736481278
CAPTURE_TIMING i=9 samples_per_channel=131072 sample_rate=23040000 duration_ms=13.075 status=Success
RUNTIME_WITHHELD n=10 txn=9 epoch=241 flags=0xb0000001 state=7 error=0 fpga_ts=7115644 host_ns=1318511770517982
CAPTURE_TIMING i=10 samples_per_channel=131072 sample_rate=23040000 duration_ms=13.074 status=Success
RUNTIME_WITHHELD n=11 txn=10 epoch=242 flags=0xb0000001 state=7 error=0 fpga_ts=7900540 host_ns=1318511804622968
CAPTURE_TIMING i=11 samples_per_channel=131072 sample_rate=23040000 duration_ms=13.002 status=Success
RUNTIME_WITHHELD n=12 txn=11 epoch=243 flags=0xb0000001 state=7 error=0 fpga_ts=8685436 host_ns=1318511838657044
CAPTURE_TIMING i=12 samples_per_channel=131072 sample_rate=23040000 duration_ms=12.784 status=Success
RUNTIME_WITHHELD n=13 txn=12 epoch=244 flags=0xb0000001 state=7 error=0 fpga_ts=9470332 host_ns=1318511872717135
CAPTURE_TIMING i=13 samples_per_channel=131072 sample_rate=23040000 duration_ms=12.605 status=Success
RUNTIME_WITHHELD n=14 txn=13 epoch=245 flags=0xb0000001 state=7 error=0 fpga_ts=10255228 host_ns=1318511906818040
CAPTURE_TIMING i=14 samples_per_channel=131072 sample_rate=23040000 duration_ms=12.945 status=Success
RUNTIME_WITHHELD n=15 txn=14 epoch=246 flags=0xb0000001 state=7 error=0 fpga_ts=11040124 host_ns=1318511940894630
CAPTURE_TIMING i=15 samples_per_channel=131072 sample_rate=23040000 duration_ms=13.066 status=Success
RUNTIME_WITHHELD n=16 txn=15 epoch=247 flags=0xb0000001 state=7 error=0 fpga_ts=11825020 host_ns=1318511974951298
RUNTIME_WITHHELD n=17 txn=16 epoch=248 flags=0xb0000001 state=7 error=0 fpga_ts=12609916 host_ns=1318512009034529
RUNTIME_WITHHELD n=18 txn=17 epoch=249 flags=0xb0000001 state=7 error=0 fpga_ts=13394812 host_ns=1318512043076683
RUNTIME_WITHHELD n=19 txn=18 epoch=250 flags=0xb0000001 state=7 error=0 fpga_ts=14179708 host_ns=1318512077149641
RUNTIME_WITHHELD n=20 txn=19 epoch=251 flags=0xb0000001 state=7 error=0 fpga_ts=14964604 host_ns=1318512111214480
RUNTIME_WITHHELD n=21 txn=20 epoch=252 flags=0xb0000001 state=7 error=0 fpga_ts=15749500 host_ns=1318512145250981
RUNTIME_WITHHELD n=22 txn=21 epoch=253 flags=0xb0000001 state=7 error=0 fpga_ts=16534396 host_ns=1318512179340243
RUNTIME_WITHHELD n=23 txn=22 epoch=254 flags=0xb0000001 state=7 error=0 fpga_ts=17319292 host_ns=1318512213377759
RUNTIME_WITHHELD n=24 txn=23 epoch=255 flags=0xb0000001 state=7 error=0 fpga_ts=18104188 host_ns=1318512247440279
RUNTIME_WITHHELD n=25 txn=24 epoch=0 flags=0xb0000001 state=7 error=0 fpga_ts=18889084 host_ns=1318512281513002
RUNTIME_WITHHELD n=26 txn=25 epoch=1 flags=0xb0000001 state=7 error=0 fpga_ts=19673980 host_ns=1318512315571381
RUNTIME_WITHHELD n=27 txn=26 epoch=2 flags=0xb0000001 state=7 error=0 fpga_ts=20458876 host_ns=1318512349654600
RUNTIME_WITHHELD n=28 txn=27 epoch=3 flags=0xb0000001 state=7 error=0 fpga_ts=21243772 host_ns=1318512383702562
RUNTIME_WITHHELD n=29 txn=28 epoch=4 flags=0xb0000001 state=7 error=0 fpga_ts=22028668 host_ns=1318512417777447
RUNTIME_WITHHELD n=30 txn=29 epoch=5 flags=0xb0000001 state=7 error=0 fpga_ts=22813564 host_ns=1318512451846735
RUNTIME_WITHHELD n=31 txn=30 epoch=6 flags=0xb0000001 state=7 error=0 fpga_ts=23598460 host_ns=1318512485937105
RUNTIME_WITHHELD n=32 txn=31 epoch=7 flags=0xb0000001 state=7 error=0 fpga_ts=24383356 host_ns=1318512519972682
RUNTIME_WITHHELD n=33 txn=32 epoch=8 flags=0xb0000001 state=7 error=0 fpga_ts=25168252 host_ns=1318512554064408
RUNTIME_WITHHELD n=34 txn=33 epoch=9 flags=0xb0000001 state=7 error=0 fpga_ts=25953148 host_ns=1318512588112138
RUNTIME_WITHHELD n=35 txn=34 epoch=10 flags=0xb0000001 state=7 error=0 fpga_ts=26738044 host_ns=1318512622209357
RUNTIME_WITHHELD n=36 txn=35 epoch=11 flags=0xb0000001 state=7 error=0 fpga_ts=27522940 host_ns=1318512656255679
RUNTIME_WITHHELD n=37 txn=36 epoch=12 flags=0xb0000001 state=7 error=0 fpga_ts=28307836 host_ns=1318512690377399
RUNTIME_WITHHELD n=38 txn=37 epoch=13 flags=0xb0000001 state=7 error=0 fpga_ts=29092732 host_ns=1318512724376662
RUNTIME_WITHHELD n=39 txn=38 epoch=14 flags=0xb0000001 state=7 error=0 fpga_ts=29877628 host_ns=1318512758444420
RUNTIME_WITHHELD n=40 txn=39 epoch=15 flags=0xb0000001 state=7 error=0 fpga_ts=30662524 host_ns=1318512792502152
RUNTIME_WITHHELD n=41 txn=40 epoch=16 flags=0xb0000001 state=7 error=0 fpga_ts=31447420 host_ns=1318512826579692
RUNTIME_WITHHELD n=42 txn=41 epoch=17 flags=0xb0000001 state=7 error=0 fpga_ts=32232316 host_ns=1318512860631661
RUNTIME_WITHHELD n=43 txn=42 epoch=18 flags=0xb0000001 state=7 error=0 fpga_ts=33017212 host_ns=1318512894697401
RUNTIME_WITHHELD n=44 txn=43 epoch=19 flags=0xb0000001 state=7 error=0 fpga_ts=33802108 host_ns=1318512928765499
RUNTIME_WITHHELD n=45 txn=44 epoch=20 flags=0xb0000001 state=7 error=0 fpga_ts=34587004 host_ns=1318512962925358
RUNTIME_WITHHELD n=46 txn=45 epoch=21 flags=0xb0000001 state=7 error=0 fpga_ts=35502716 host_ns=1318513002723996
RUNTIME_WITHHELD n=47 txn=46 epoch=22 flags=0xb0000001 state=7 error=0 fpga_ts=36418428 host_ns=1318513042397756
RUNTIME_WITHHELD n=48 txn=47 epoch=23 flags=0xb0000001 state=7 error=0 fpga_ts=37203324 host_ns=1318513076454906
RUNTIME_WITHHELD n=49 txn=48 epoch=24 flags=0xb0000001 state=7 error=0 fpga_ts=37988220 host_ns=1318513110521707
RUNTIME_WITHHELD n=50 txn=49 epoch=25 flags=0xb0000001 state=7 error=0 fpga_ts=38773116 host_ns=1318513144587910
RUNTIME_WITHHELD n=51 txn=50 epoch=26 flags=0xb0000001 state=7 error=0 fpga_ts=39558012 host_ns=1318513178678389
RUNTIME_WITHHELD n=52 txn=51 epoch=27 flags=0xb0000001 state=7 error=0 fpga_ts=40342908 host_ns=1318513212733513
RUNTIME_WITHHELD n=53 txn=52 epoch=28 flags=0xb0000001 state=7 error=0 fpga_ts=41127804 host_ns=1318513246829092
RUNTIME_WITHHELD n=54 txn=53 epoch=29 flags=0xb0000001 state=7 error=0 fpga_ts=42043516 host_ns=1318513286614502
RUNTIME_WITHHELD n=55 txn=54 epoch=30 flags=0xb0000001 state=7 error=0 fpga_ts=42959228 host_ns=1318513326277287
RUNTIME_WITHHELD n=56 txn=55 epoch=31 flags=0xb0000001 state=7 error=0 fpga_ts=43744124 host_ns=1318513360288636
RUNTIME_WITHHELD n=57 txn=56 epoch=32 flags=0xb0000001 state=7 error=0 fpga_ts=44529020 host_ns=1318513394355736
RUNTIME_WITHHELD n=58 txn=57 epoch=33 flags=0xb0000001 state=7 error=0 fpga_ts=45313916 host_ns=1318513428431998
RUNTIME_WITHHELD n=59 txn=58 epoch=34 flags=0xb0000001 state=7 error=0 fpga_ts=46098812 host_ns=1318513462489034
RUNTIME_WITHHELD n=60 txn=59 epoch=35 flags=0xb0000001 state=7 error=0 fpga_ts=46883708 host_ns=1318513496562668
RUNTIME_WITHHELD n=61 txn=60 epoch=36 flags=0xb0000001 state=7 error=0 fpga_ts=47668604 host_ns=1318513530623597
RUNTIME_WITHHELD n=62 txn=61 epoch=37 flags=0xb0000001 state=7 error=0 fpga_ts=48453500 host_ns=1318513564690357
RUNTIME_WITHHELD n=63 txn=62 epoch=38 flags=0xb0000001 state=7 error=0 fpga_ts=49238396 host_ns=1318513598797175
RUNTIME_WITHHELD n=64 txn=63 epoch=39 flags=0xb0000001 state=7 error=0 fpga_ts=50023292 host_ns=1318513632835063
RUNTIME_WITHHELD n=65 txn=64 epoch=40 flags=0xb0000001 state=7 error=0 fpga_ts=50808188 host_ns=1318513666922879
RUNTIME_WITHHELD n=66 txn=65 epoch=41 flags=0xb0000001 state=7 error=0 fpga_ts=51593084 host_ns=1318513700967104
RUNTIME_WITHHELD n=67 txn=66 epoch=42 flags=0xb0000001 state=7 error=0 fpga_ts=52377980 host_ns=1318513735038993
RUNTIME_WITHHELD n=68 txn=67 epoch=43 flags=0xb0000001 state=7 error=0 fpga_ts=53162876 host_ns=1318513769086742
RUNTIME_WITHHELD n=69 txn=68 epoch=44 flags=0xb0000001 state=7 error=0 fpga_ts=53947772 host_ns=1318513803153248
RUNTIME_WITHHELD n=70 txn=69 epoch=45 flags=0xb0000001 state=7 error=0 fpga_ts=54732668 host_ns=1318513837218158
RUNTIME_WITHHELD n=71 txn=70 epoch=46 flags=0xb0000001 state=7 error=0 fpga_ts=55517564 host_ns=1318513871309332
RUNTIME_WITHHELD n=72 txn=71 epoch=47 flags=0xb0000001 state=7 error=0 fpga_ts=56302460 host_ns=1318513905365075
RUNTIME_WITHHELD n=73 txn=72 epoch=48 flags=0xb0000001 state=7 error=0 fpga_ts=57087356 host_ns=1318513939411886
RUNTIME_WITHHELD n=74 txn=73 epoch=49 flags=0xb0000001 state=7 error=0 fpga_ts=57872252 host_ns=1318513973498534
RUNTIME_WITHHELD n=75 txn=74 epoch=50 flags=0xb0000001 state=7 error=0 fpga_ts=58657148 host_ns=1318514007527241
RUNTIME_WITHHELD n=76 txn=75 epoch=51 flags=0xb0000001 state=7 error=0 fpga_ts=59442044 host_ns=1318514041755724
RUNTIME_WITHHELD n=77 txn=76 epoch=52 flags=0xb0000001 state=7 error=0 fpga_ts=60226940 host_ns=1318514075678298
RUNTIME_WITHHELD n=78 txn=77 epoch=53 flags=0xb0000001 state=7 error=0 fpga_ts=61011836 host_ns=1318514109746288
RUNTIME_WITHHELD n=79 txn=78 epoch=54 flags=0xb0000001 state=7 error=0 fpga_ts=61796732 host_ns=1318514143812353
RUNTIME_WITHHELD n=80 txn=79 epoch=55 flags=0xb0000001 state=7 error=0 fpga_ts=62581628 host_ns=1318514177877488
RUNTIME_WITHHELD n=81 txn=80 epoch=56 flags=0xb0000001 state=7 error=0 fpga_ts=63366524 host_ns=1318514211961137
RUNTIME_WITHHELD n=82 txn=81 epoch=57 flags=0xb0000001 state=7 error=0 fpga_ts=64151420 host_ns=1318514246009054
RUNTIME_WITHHELD n=83 txn=82 epoch=58 flags=0xb0000001 state=7 error=0 fpga_ts=64936316 host_ns=1318514280108862
RUNTIME_WITHHELD n=84 txn=83 epoch=59 flags=0xb0000001 state=7 error=0 fpga_ts=65721212 host_ns=1318514314141066
RUNTIME_WITHHELD n=85 txn=84 epoch=60 flags=0xb0000001 state=7 error=0 fpga_ts=66506108 host_ns=1318514348208710
RUNTIME_WITHHELD n=86 txn=85 epoch=61 flags=0xb0000001 state=7 error=0 fpga_ts=67291004 host_ns=1318514382167403
RUNTIME_WITHHELD n=87 txn=86 epoch=62 flags=0xb0000001 state=7 error=0 fpga_ts=68075900 host_ns=1318514416229981
RUNTIME_WITHHELD n=88 txn=87 epoch=63 flags=0xb0000001 state=7 error=0 fpga_ts=68860796 host_ns=1318514450302439
RUNTIME_WITHHELD n=89 txn=88 epoch=64 flags=0xb0000001 state=7 error=0 fpga_ts=69645692 host_ns=1318514484372369
RUNTIME_WITHHELD n=90 txn=89 epoch=65 flags=0xb0000001 state=7 error=0 fpga_ts=70430588 host_ns=1318514518448598
RUNTIME_WITHHELD n=91 txn=90 epoch=66 flags=0xb0000001 state=7 error=0 fpga_ts=71215484 host_ns=1318514552533959
RUNTIME_WITHHELD n=92 txn=91 epoch=67 flags=0xb0000001 state=7 error=0 fpga_ts=72000380 host_ns=1318514586564177
RUNTIME_WITHHELD n=93 txn=92 epoch=68 flags=0xb0000001 state=7 error=0 fpga_ts=72785276 host_ns=1318514620635101
RUNTIME_WITHHELD n=94 txn=93 epoch=69 flags=0xb0000001 state=7 error=0 fpga_ts=73570172 host_ns=1318514654700651
RUNTIME_WITHHELD n=95 txn=94 epoch=70 flags=0xb0000001 state=7 error=0 fpga_ts=74355068 host_ns=1318514688775477
RUNTIME_WITHHELD n=96 txn=95 epoch=71 flags=0xb0000001 state=7 error=0 fpga_ts=75139964 host_ns=1318514722840732
RUNTIME_WITHHELD n=97 txn=96 epoch=72 flags=0xb0000001 state=7 error=0 fpga_ts=75924860 host_ns=1318514756899910
RUNTIME_WITHHELD n=98 txn=97 epoch=73 flags=0xb0000001 state=7 error=0 fpga_ts=76709756 host_ns=1318514790969895
RUNTIME_WITHHELD n=99 txn=98 epoch=74 flags=0xb0000001 state=7 error=0 fpga_ts=77494652 host_ns=1318514825053815
TRACE_SPI txn=100 writes=24 host_observed_write_us=15350.412 post_spi_to_tune_return_us=3339.615
RUNTIME_WITHHELD n=100 txn=99 epoch=75 flags=0xb0000001 state=7 error=0 fpga_ts=78279548 host_ns=1318514859100099
mode=RX2 progress=100 unrecovered=0 first_read_faults=0 recovered=0 last_epoch=76
RUNTIME_WITHHELD n=101 txn=100 epoch=76 flags=0xb0000001 state=7 error=0 fpga_ts=79064444 host_ns=1318514893181916
RUNTIME_WITHHELD n=102 txn=101 epoch=77 flags=0xb0000001 state=7 error=0 fpga_ts=79849340 host_ns=1318514927234805
RUNTIME_WITHHELD n=103 txn=102 epoch=78 flags=0xb0000001 state=7 error=0 fpga_ts=80634236 host_ns=1318514961305177
RUNTIME_WITHHELD n=104 txn=103 epoch=79 flags=0xb0000001 state=7 error=0 fpga_ts=81419132 host_ns=1318514995366058
RUNTIME_WITHHELD n=105 txn=104 epoch=80 flags=0xb0000001 state=7 error=0 fpga_ts=82204028 host_ns=1318515029433185
RUNTIME_WITHHELD n=106 txn=105 epoch=81 flags=0xb0000001 state=7 error=0 fpga_ts=82988924 host_ns=1318515063499954
RUNTIME_WITHHELD n=107 txn=106 epoch=82 flags=0xb0000001 state=7 error=0 fpga_ts=83773820 host_ns=1318515097564564
RUNTIME_WITHHELD n=108 txn=107 epoch=83 flags=0xb0000001 state=7 error=0 fpga_ts=84558716 host_ns=1318515131695098
RUNTIME_WITHHELD n=109 txn=108 epoch=84 flags=0xb0000001 state=7 error=0 fpga_ts=85343612 host_ns=1318515165725315
RUNTIME_WITHHELD n=110 txn=109 epoch=85 flags=0xb0000001 state=7 error=0 fpga_ts=86128508 host_ns=1318515199795717
RUNTIME_WITHHELD n=111 txn=110 epoch=86 flags=0xb0000001 state=7 error=0 fpga_ts=86913404 host_ns=1318515233872579
RUNTIME_WITHHELD n=112 txn=111 epoch=87 flags=0xb0000001 state=7 error=0 fpga_ts=87698300 host_ns=1318515267948993
RUNTIME_WITHHELD n=113 txn=112 epoch=88 flags=0xb0000001 state=7 error=0 fpga_ts=88483196 host_ns=1318515301972045
RUNTIME_WITHHELD n=114 txn=113 epoch=89 flags=0xb0000001 state=7 error=0 fpga_ts=89268092 host_ns=1318515336042035
RUNTIME_WITHHELD n=115 txn=114 epoch=90 flags=0xb0000001 state=7 error=0 fpga_ts=90052988 host_ns=1318515370106686
RUNTIME_WITHHELD n=116 txn=115 epoch=91 flags=0xb0000001 state=7 error=0 fpga_ts=90837884 host_ns=1318515404190294
RUNTIME_WITHHELD n=117 txn=116 epoch=92 flags=0xb0000001 state=7 error=0 fpga_ts=91622780 host_ns=1318515438244306
RUNTIME_WITHHELD n=118 txn=117 epoch=93 flags=0xb0000001 state=7 error=0 fpga_ts=92407676 host_ns=1318515472309298
RUNTIME_WITHHELD n=119 txn=118 epoch=94 flags=0xb0000001 state=7 error=0 fpga_ts=93192572 host_ns=1318515506400330
RUNTIME_WITHHELD n=120 txn=119 epoch=95 flags=0xb0000001 state=7 error=0 fpga_ts=93977468 host_ns=1318515540463445
RUNTIME_WITHHELD n=121 txn=120 epoch=96 flags=0xb0000001 state=7 error=0 fpga_ts=94762364 host_ns=1318515574509687
RUNTIME_WITHHELD n=122 txn=121 epoch=97 flags=0xb0000001 state=7 error=0 fpga_ts=95547260 host_ns=1318515608566382
RUNTIME_WITHHELD n=123 txn=122 epoch=98 flags=0xb0000001 state=7 error=0 fpga_ts=96332156 host_ns=1318515642641258
RUNTIME_WITHHELD n=124 txn=123 epoch=99 flags=0xb0000001 state=7 error=0 fpga_ts=97117052 host_ns=1318515676700089
RUNTIME_WITHHELD n=125 txn=124 epoch=100 flags=0xb0000001 state=7 error=0 fpga_ts=97901948 host_ns=1318515710770740
RUNTIME_WITHHELD n=126 txn=125 epoch=101 flags=0xb0000001 state=7 error=0 fpga_ts=98686844 host_ns=1318515744854375
RUNTIME_WITHHELD n=127 txn=126 epoch=102 flags=0xb0000001 state=7 error=0 fpga_ts=99471740 host_ns=1318515778904824
RUNTIME_WITHHELD n=128 txn=127 epoch=103 flags=0xb0000001 state=7 error=0 fpga_ts=100256636 host_ns=1318515812980874
RUNTIME_WITHHELD n=129 txn=128 epoch=104 flags=0xb0000001 state=7 error=0 fpga_ts=101041532 host_ns=1318515847031562
RUNTIME_WITHHELD n=130 txn=129 epoch=105 flags=0xb0000001 state=7 error=0 fpga_ts=101826428 host_ns=1318515881102175
RUNTIME_WITHHELD n=131 txn=130 epoch=106 flags=0xb0000001 state=7 error=0 fpga_ts=102611324 host_ns=1318515915179345
RUNTIME_WITHHELD n=132 txn=131 epoch=107 flags=0xb0000001 state=7 error=0 fpga_ts=103396220 host_ns=1318515949239072
RUNTIME_WITHHELD n=133 txn=132 epoch=108 flags=0xb0000001 state=7 error=0 fpga_ts=104181116 host_ns=1318515983296345
RUNTIME_WITHHELD n=134 txn=133 epoch=109 flags=0xb0000001 state=7 error=0 fpga_ts=104966012 host_ns=1318516017367852
RUNTIME_WITHHELD n=135 txn=134 epoch=110 flags=0xb0000001 state=7 error=0 fpga_ts=105750908 host_ns=1318516051439620
RUNTIME_WITHHELD n=136 txn=135 epoch=111 flags=0xb0000001 state=7 error=0 fpga_ts=106535804 host_ns=1318516085522132
RUNTIME_WITHHELD n=137 txn=136 epoch=112 flags=0xb0000001 state=7 error=0 fpga_ts=107320700 host_ns=1318516119567077
RUNTIME_WITHHELD n=138 txn=137 epoch=113 flags=0xb0000001 state=7 error=0 fpga_ts=108105596 host_ns=1318516153634127
RUNTIME_WITHHELD n=139 txn=138 epoch=114 flags=0xb0000001 state=7 error=0 fpga_ts=108890492 host_ns=1318516187703666
RUNTIME_WITHHELD n=140 txn=139 epoch=115 flags=0xb0000001 state=7 error=0 fpga_ts=109675388 host_ns=1318516221800130
RUNTIME_WITHHELD n=141 txn=140 epoch=116 flags=0xb0000001 state=7 error=0 fpga_ts=110460284 host_ns=1318516255840455
RUNTIME_WITHHELD n=142 txn=141 epoch=117 flags=0xb0000001 state=7 error=0 fpga_ts=111245180 host_ns=1318516289901146
RUNTIME_WITHHELD n=143 txn=142 epoch=118 flags=0xb0000001 state=7 error=0 fpga_ts=112030076 host_ns=1318516323975538
RUNTIME_WITHHELD n=144 txn=143 epoch=119 flags=0xb0000001 state=7 error=0 fpga_ts=112814972 host_ns=1318516358034619
RUNTIME_WITHHELD n=145 txn=144 epoch=120 flags=0xb0000001 state=7 error=0 fpga_ts=113599868 host_ns=1318516392105908
RUNTIME_WITHHELD n=146 txn=145 epoch=121 flags=0xb0000001 state=7 error=0 fpga_ts=114384764 host_ns=1318516426238804
RUNTIME_WITHHELD n=147 txn=146 epoch=122 flags=0xb0000001 state=7 error=0 fpga_ts=115169660 host_ns=1318516460228461
RUNTIME_WITHHELD n=148 txn=147 epoch=123 flags=0xb0000001 state=7 error=0 fpga_ts=115954556 host_ns=1318516494315757
RUNTIME_WITHHELD n=149 txn=148 epoch=124 flags=0xb0000001 state=7 error=0 fpga_ts=116739452 host_ns=1318516528373523
RUNTIME_WITHHELD n=150 txn=149 epoch=125 flags=0xb0000001 state=7 error=0 fpga_ts=117524348 host_ns=1318516562437037
RUNTIME_WITHHELD n=151 txn=150 epoch=126 flags=0xb0000001 state=7 error=0 fpga_ts=118309244 host_ns=1318516596508229
RUNTIME_WITHHELD n=152 txn=151 epoch=127 flags=0xb0000001 state=7 error=0 fpga_ts=119094140 host_ns=1318516630600069
RUNTIME_WITHHELD n=153 txn=152 epoch=128 flags=0xb0000001 state=7 error=0 fpga_ts=119879036 host_ns=1318516664629794
RUNTIME_WITHHELD n=154 txn=153 epoch=129 flags=0xb0000001 state=7 error=0 fpga_ts=120663932 host_ns=1318516698696473
RUNTIME_WITHHELD n=155 txn=154 epoch=130 flags=0xb0000001 state=7 error=0 fpga_ts=121448828 host_ns=1318516732767296
RUNTIME_WITHHELD n=156 txn=155 epoch=131 flags=0xb0000001 state=7 error=0 fpga_ts=122233724 host_ns=1318516766834315
RUNTIME_WITHHELD n=157 txn=156 epoch=132 flags=0xb0000001 state=7 error=0 fpga_ts=123018620 host_ns=1318516800906666
RUNTIME_WITHHELD n=158 txn=157 epoch=133 flags=0xb0000001 state=7 error=0 fpga_ts=123803516 host_ns=1318516835021934
RUNTIME_WITHHELD n=159 txn=158 epoch=134 flags=0xb0000001 state=7 error=0 fpga_ts=124588412 host_ns=1318516869105232
RUNTIME_WITHHELD n=160 txn=159 epoch=135 flags=0xb0000001 state=7 error=0 fpga_ts=125373308 host_ns=1318516903142433
RUNTIME_WITHHELD n=161 txn=160 epoch=136 flags=0xb0000001 state=7 error=0 fpga_ts=126158204 host_ns=1318516937193436
RUNTIME_WITHHELD n=162 txn=161 epoch=137 flags=0xb0000001 state=7 error=0 fpga_ts=126943100 host_ns=1318516971241026
RUNTIME_WITHHELD n=163 txn=162 epoch=138 flags=0xb0000001 state=7 error=0 fpga_ts=127727996 host_ns=1318517005343428
RUNTIME_WITHHELD n=164 txn=163 epoch=139 flags=0xb0000001 state=7 error=0 fpga_ts=128512892 host_ns=1318517039370995
RUNTIME_WITHHELD n=165 txn=164 epoch=140 flags=0xb0000001 state=7 error=0 fpga_ts=129297788 host_ns=1318517073463220
RUNTIME_WITHHELD n=166 txn=165 epoch=141 flags=0xb0000001 state=7 error=0 fpga_ts=130082684 host_ns=1318517107526328
RUNTIME_WITHHELD n=167 txn=166 epoch=142 flags=0xb0000001 state=7 error=0 fpga_ts=130867580 host_ns=1318517141615377
RUNTIME_WITHHELD n=168 txn=167 epoch=143 flags=0xb0000001 state=7 error=0 fpga_ts=131652476 host_ns=1318517175655057
RUNTIME_WITHHELD n=169 txn=168 epoch=144 flags=0xb0000001 state=7 error=0 fpga_ts=132437372 host_ns=1318517209720548
RUNTIME_WITHHELD n=170 txn=169 epoch=145 flags=0xb0000001 state=7 error=0 fpga_ts=133222268 host_ns=1318517243782258
RUNTIME_WITHHELD n=171 txn=170 epoch=146 flags=0xb0000001 state=7 error=0 fpga_ts=134007164 host_ns=1318517277876380
RUNTIME_WITHHELD n=172 txn=171 epoch=147 flags=0xb0000001 state=7 error=0 fpga_ts=134792060 host_ns=1318517311912611
RUNTIME_WITHHELD n=173 txn=172 epoch=148 flags=0xb0000001 state=7 error=0 fpga_ts=135576956 host_ns=1318517346012101
RUNTIME_WITHHELD n=174 txn=173 epoch=149 flags=0xb0000001 state=7 error=0 fpga_ts=136361852 host_ns=1318517380070757
RUNTIME_WITHHELD n=175 txn=174 epoch=150 flags=0xb0000001 state=7 error=0 fpga_ts=137146748 host_ns=1318517414112311
RUNTIME_WITHHELD n=176 txn=175 epoch=151 flags=0xb0000001 state=7 error=0 fpga_ts=137931644 host_ns=1318517448169313
RUNTIME_WITHHELD n=177 txn=176 epoch=152 flags=0xb0000001 state=7 error=0 fpga_ts=138716540 host_ns=1318517482256010
RUNTIME_WITHHELD n=178 txn=177 epoch=153 flags=0xb0000001 state=7 error=0 fpga_ts=139501436 host_ns=1318517516302351
RUNTIME_WITHHELD n=179 txn=178 epoch=154 flags=0xb0000001 state=7 error=0 fpga_ts=140286332 host_ns=1318517550375033
RUNTIME_WITHHELD n=180 txn=179 epoch=155 flags=0xb0000001 state=7 error=0 fpga_ts=141071228 host_ns=1318517584434654
RUNTIME_WITHHELD n=181 txn=180 epoch=156 flags=0xb0000001 state=7 error=0 fpga_ts=141856124 host_ns=1318517618514039
RUNTIME_WITHHELD n=182 txn=181 epoch=157 flags=0xb0000001 state=7 error=0 fpga_ts=142641020 host_ns=1318517652603429
RUNTIME_WITHHELD n=183 txn=182 epoch=158 flags=0xb0000001 state=7 error=0 fpga_ts=143425916 host_ns=1318517686661144
RUNTIME_WITHHELD n=184 txn=183 epoch=159 flags=0xb0000001 state=7 error=0 fpga_ts=144210812 host_ns=1318517720714607
RUNTIME_WITHHELD n=185 txn=184 epoch=160 flags=0xb0000001 state=7 error=0 fpga_ts=144995708 host_ns=1318517754797353
RUNTIME_WITHHELD n=186 txn=185 epoch=161 flags=0xb0000001 state=7 error=0 fpga_ts=145780604 host_ns=1318517788844289
RUNTIME_WITHHELD n=187 txn=186 epoch=162 flags=0xb0000001 state=7 error=0 fpga_ts=146565500 host_ns=1318517822909164
RUNTIME_WITHHELD n=188 txn=187 epoch=163 flags=0xb0000001 state=7 error=0 fpga_ts=147350396 host_ns=1318517856968730
RUNTIME_WITHHELD n=189 txn=188 epoch=164 flags=0xb0000001 state=7 error=0 fpga_ts=148135292 host_ns=1318517891044928
RUNTIME_WITHHELD n=190 txn=189 epoch=165 flags=0xb0000001 state=7 error=0 fpga_ts=148920188 host_ns=1318517925101296
RUNTIME_WITHHELD n=191 txn=190 epoch=166 flags=0xb0000001 state=7 error=0 fpga_ts=149705084 host_ns=1318517959174588
RUNTIME_WITHHELD n=192 txn=191 epoch=167 flags=0xb0000001 state=7 error=0 fpga_ts=150489980 host_ns=1318517993264048
RUNTIME_WITHHELD n=193 txn=192 epoch=168 flags=0xb0000001 state=7 error=0 fpga_ts=151274876 host_ns=1318518027301662
RUNTIME_WITHHELD n=194 txn=193 epoch=169 flags=0xb0000001 state=7 error=0 fpga_ts=152059772 host_ns=1318518061367056
RUNTIME_WITHHELD n=195 txn=194 epoch=170 flags=0xb0000001 state=7 error=0 fpga_ts=152844668 host_ns=1318518095444800
RUNTIME_WITHHELD n=196 txn=195 epoch=171 flags=0xb0000001 state=7 error=0 fpga_ts=153629564 host_ns=1318518129535344
RUNTIME_WITHHELD n=197 txn=196 epoch=172 flags=0xb0000001 state=7 error=0 fpga_ts=154414460 host_ns=1318518163572140
RUNTIME_WITHHELD n=198 txn=197 epoch=173 flags=0xb0000001 state=7 error=0 fpga_ts=155199356 host_ns=1318518197636581
RUNTIME_WITHHELD n=199 txn=198 epoch=174 flags=0xb0000001 state=7 error=0 fpga_ts=155984252 host_ns=1318518231725156
TRACE_SPI txn=200 writes=24 host_observed_write_us=15318.359 post_spi_to_tune_return_us=3316.778
RUNTIME_WITHHELD n=200 txn=199 epoch=175 flags=0xb0000001 state=7 error=0 fpga_ts=156769148 host_ns=1318518265773294
mode=RX2 progress=200 unrecovered=0 first_read_faults=0 recovered=0 last_epoch=176
RUNTIME_WITHHELD n=201 txn=200 epoch=176 flags=0xb0000001 state=7 error=0 fpga_ts=157554044 host_ns=1318518299838874
RUNTIME_WITHHELD n=202 txn=201 epoch=177 flags=0xb0000001 state=7 error=0 fpga_ts=158338940 host_ns=1318518333894210
RUNTIME_WITHHELD n=203 txn=202 epoch=178 flags=0xb0000001 state=7 error=0 fpga_ts=159123836 host_ns=1318518367966743
RUNTIME_WITHHELD n=204 txn=203 epoch=179 flags=0xb0000001 state=7 error=0 fpga_ts=159908732 host_ns=1318518402034870
RUNTIME_WITHHELD n=205 txn=204 epoch=180 flags=0xb0000001 state=7 error=0 fpga_ts=160693628 host_ns=1318518436103504
RUNTIME_WITHHELD n=206 txn=205 epoch=181 flags=0xb0000001 state=7 error=0 fpga_ts=161478524 host_ns=1318518470168886
RUNTIME_WITHHELD n=207 txn=206 epoch=182 flags=0xb0000001 state=7 error=0 fpga_ts=162263420 host_ns=1318518504236056
RUNTIME_WITHHELD n=208 txn=207 epoch=183 flags=0xb0000001 state=7 error=0 fpga_ts=163048316 host_ns=1318518538299272
RUNTIME_WITHHELD n=209 txn=208 epoch=184 flags=0xb0000001 state=7 error=0 fpga_ts=163833212 host_ns=1318518572374956
RUNTIME_WITHHELD n=210 txn=209 epoch=185 flags=0xb0000001 state=7 error=0 fpga_ts=164618108 host_ns=1318518606442823
RUNTIME_WITHHELD n=211 txn=210 epoch=186 flags=0xb0000001 state=7 error=0 fpga_ts=165403004 host_ns=1318518640540418
RUNTIME_WITHHELD n=212 txn=211 epoch=187 flags=0xb0000001 state=7 error=0 fpga_ts=166187900 host_ns=1318518674586740
RUNTIME_WITHHELD n=213 txn=212 epoch=188 flags=0xb0000001 state=7 error=0 fpga_ts=166972796 host_ns=1318518708658004
RUNTIME_WITHHELD n=214 txn=213 epoch=189 flags=0xb0000001 state=7 error=0 fpga_ts=167757692 host_ns=1318518742724143
RUNTIME_WITHHELD n=215 txn=214 epoch=190 flags=0xb0000001 state=7 error=0 fpga_ts=168542588 host_ns=1318518776790919
RUNTIME_WITHHELD n=216 txn=215 epoch=191 flags=0xb0000001 state=7 error=0 fpga_ts=169327484 host_ns=1318518810874460
RUNTIME_WITHHELD n=217 txn=216 epoch=192 flags=0xb0000001 state=7 error=0 fpga_ts=170112380 host_ns=1318518844896869
RUNTIME_WITHHELD n=218 txn=217 epoch=193 flags=0xb0000001 state=7 error=0 fpga_ts=170897276 host_ns=1318518878969857
RUNTIME_WITHHELD n=219 txn=218 epoch=194 flags=0xb0000001 state=7 error=0 fpga_ts=171682172 host_ns=1318518913071100
RUNTIME_WITHHELD n=220 txn=219 epoch=195 flags=0xb0000001 state=7 error=0 fpga_ts=172467068 host_ns=1318518947105648
RUNTIME_WITHHELD n=221 txn=220 epoch=196 flags=0xb0000001 state=7 error=0 fpga_ts=173251964 host_ns=1318518981180919
RUNTIME_WITHHELD n=222 txn=221 epoch=197 flags=0xb0000001 state=7 error=0 fpga_ts=174036860 host_ns=1318519015242996
RUNTIME_WITHHELD n=223 txn=222 epoch=198 flags=0xb0000001 state=7 error=0 fpga_ts=174821756 host_ns=1318519049339421
RUNTIME_WITHHELD n=224 txn=223 epoch=199 flags=0xb0000001 state=7 error=0 fpga_ts=175606652 host_ns=1318519083404232
RUNTIME_WITHHELD n=225 txn=224 epoch=200 flags=0xb0000001 state=7 error=0 fpga_ts=176391548 host_ns=1318519117446625
RUNTIME_WITHHELD n=226 txn=225 epoch=201 flags=0xb0000001 state=7 error=0 fpga_ts=177176444 host_ns=1318519151505693
RUNTIME_WITHHELD n=227 txn=226 epoch=202 flags=0xb0000001 state=7 error=0 fpga_ts=177961340 host_ns=1318519185593079
RUNTIME_WITHHELD n=228 txn=227 epoch=203 flags=0xb0000001 state=7 error=0 fpga_ts=178746236 host_ns=1318519219670634
RUNTIME_WITHHELD n=229 txn=228 epoch=204 flags=0xb0000001 state=7 error=0 fpga_ts=179531132 host_ns=1318519253717232
RUNTIME_WITHHELD n=230 txn=229 epoch=205 flags=0xb0000001 state=7 error=0 fpga_ts=180316028 host_ns=1318519287780708
RUNTIME_WITHHELD n=231 txn=230 epoch=206 flags=0xb0000001 state=7 error=0 fpga_ts=181100924 host_ns=1318519321842521
RUNTIME_WITHHELD n=232 txn=231 epoch=207 flags=0xb0000001 state=7 error=0 fpga_ts=181885820 host_ns=1318519355903101
RUNTIME_WITHHELD n=233 txn=232 epoch=208 flags=0xb0000001 state=7 error=0 fpga_ts=182670716 host_ns=1318519389971120
RUNTIME_WITHHELD n=234 txn=233 epoch=209 flags=0xb0000001 state=7 error=0 fpga_ts=183455612 host_ns=1318519424050618
RUNTIME_WITHHELD n=235 txn=234 epoch=210 flags=0xb0000001 state=7 error=0 fpga_ts=184240508 host_ns=1318519458102723
RUNTIME_WITHHELD n=236 txn=235 epoch=211 flags=0xb0000001 state=7 error=0 fpga_ts=185025404 host_ns=1318519492173044
RUNTIME_WITHHELD n=237 txn=236 epoch=212 flags=0xb0000001 state=7 error=0 fpga_ts=185810300 host_ns=1318519526238710
RUNTIME_WITHHELD n=238 txn=237 epoch=213 flags=0xb0000001 state=7 error=0 fpga_ts=186595196 host_ns=1318519560305922
RUNTIME_WITHHELD n=239 txn=238 epoch=214 flags=0xb0000001 state=7 error=0 fpga_ts=187380092 host_ns=1318519594376957
RUNTIME_WITHHELD n=240 txn=239 epoch=215 flags=0xb0000001 state=7 error=0 fpga_ts=188164988 host_ns=1318519628438528
RUNTIME_WITHHELD n=241 txn=240 epoch=216 flags=0xb0000001 state=7 error=0 fpga_ts=188949884 host_ns=1318519662512077
RUNTIME_WITHHELD n=242 txn=241 epoch=217 flags=0xb0000001 state=7 error=0 fpga_ts=189734780 host_ns=1318519696571715
RUNTIME_WITHHELD n=243 txn=242 epoch=218 flags=0xb0000001 state=7 error=0 fpga_ts=190519676 host_ns=1318519730668139
RUNTIME_WITHHELD n=244 txn=243 epoch=219 flags=0xb0000001 state=7 error=0 fpga_ts=191304572 host_ns=1318519764707547
RUNTIME_WITHHELD n=245 txn=244 epoch=220 flags=0xb0000001 state=7 error=0 fpga_ts=192089468 host_ns=1318519798794155
RUNTIME_WITHHELD n=246 txn=245 epoch=221 flags=0xb0000001 state=7 error=0 fpga_ts=192874364 host_ns=1318519832837302
RUNTIME_WITHHELD n=247 txn=246 epoch=222 flags=0xb0000001 state=7 error=0 fpga_ts=193659260 host_ns=1318519866920142
RUNTIME_WITHHELD n=248 txn=247 epoch=223 flags=0xb0000001 state=7 error=0 fpga_ts=194444156 host_ns=1318519900993878
RUNTIME_WITHHELD n=249 txn=248 epoch=224 flags=0xb0000001 state=7 error=0 fpga_ts=195229052 host_ns=1318519935047189
RUNTIME_WITHHELD n=250 txn=249 epoch=225 flags=0xb0000001 state=7 error=0 fpga_ts=196013948 host_ns=1318519969132885
RUNTIME_WITHHELD n=251 txn=250 epoch=226 flags=0xb0000001 state=7 error=0 fpga_ts=196798844 host_ns=1318520003172376
RUNTIME_WITHHELD n=252 txn=251 epoch=227 flags=0xb0000001 state=7 error=0 fpga_ts=197583740 host_ns=1318520037233807
RUNTIME_WITHHELD n=253 txn=252 epoch=228 flags=0xb0000001 state=7 error=0 fpga_ts=198368636 host_ns=1318520071303524
RUNTIME_WITHHELD n=254 txn=253 epoch=229 flags=0xb0000001 state=7 error=0 fpga_ts=199153532 host_ns=1318520105371897
RUNTIME_WITHHELD n=255 txn=254 epoch=230 flags=0xb0000001 state=7 error=0 fpga_ts=199938428 host_ns=1318520139444032
RUNTIME_WITHHELD n=256 txn=255 epoch=231 flags=0xb0000001 state=7 error=0 fpga_ts=200723324 host_ns=1318520173511772
RUNTIME_WITHHELD n=257 txn=256 epoch=232 flags=0xb0000001 state=7 error=0 fpga_ts=201508220 host_ns=1318520207575317
RUNTIME_WITHHELD n=258 txn=257 epoch=233 flags=0xb0000001 state=7 error=0 fpga_ts=202293116 host_ns=1318520241655456
RUNTIME_WITHHELD n=259 txn=258 epoch=234 flags=0xb0000001 state=7 error=0 fpga_ts=203078012 host_ns=1318520275706161
RUNTIME_WITHHELD n=260 txn=259 epoch=235 flags=0xb0000001 state=7 error=0 fpga_ts=203862908 host_ns=1318520309795505
RUNTIME_WITHHELD n=261 txn=260 epoch=236 flags=0xb0000001 state=7 error=0 fpga_ts=204647804 host_ns=1318520343833279
RUNTIME_WITHHELD n=262 txn=261 epoch=237 flags=0xb0000001 state=7 error=0 fpga_ts=205432700 host_ns=1318520377900785
RUNTIME_WITHHELD n=263 txn=262 epoch=238 flags=0xb0000001 state=7 error=0 fpga_ts=206217596 host_ns=1318520411992692
RUNTIME_WITHHELD n=264 txn=263 epoch=239 flags=0xb0000001 state=7 error=0 fpga_ts=207002492 host_ns=1318520446039292
RUNTIME_WITHHELD n=265 txn=264 epoch=240 flags=0xb0000001 state=7 error=0 fpga_ts=207787388 host_ns=1318520480108963
RUNTIME_WITHHELD n=266 txn=265 epoch=241 flags=0xb0000001 state=7 error=0 fpga_ts=208572284 host_ns=1318520514174786
RUNTIME_WITHHELD n=267 txn=266 epoch=242 flags=0xb0000001 state=7 error=0 fpga_ts=209357180 host_ns=1318520548238588
RUNTIME_WITHHELD n=268 txn=267 epoch=243 flags=0xb0000001 state=7 error=0 fpga_ts=210142076 host_ns=1318520582322708
RUNTIME_WITHHELD n=269 txn=268 epoch=244 flags=0xb0000001 state=7 error=0 fpga_ts=210926972 host_ns=1318520616376216
RUNTIME_WITHHELD n=270 txn=269 epoch=245 flags=0xb0000001 state=7 error=0 fpga_ts=211711868 host_ns=1318520650443599
RUNTIME_WITHHELD n=271 txn=270 epoch=246 flags=0xb0000001 state=7 error=0 fpga_ts=212496764 host_ns=1318520684532541
RUNTIME_WITHHELD n=272 txn=271 epoch=247 flags=0xb0000001 state=7 error=0 fpga_ts=213281660 host_ns=1318520718578543
RUNTIME_WITHHELD n=273 txn=272 epoch=248 flags=0xb0000001 state=7 error=0 fpga_ts=214066556 host_ns=1318520752660257
RUNTIME_WITHHELD n=274 txn=273 epoch=249 flags=0xb0000001 state=7 error=0 fpga_ts=214851452 host_ns=1318520786736836
RUNTIME_WITHHELD n=275 txn=274 epoch=250 flags=0xb0000001 state=7 error=0 fpga_ts=215636348 host_ns=1318520820778596
RUNTIME_WITHHELD n=276 txn=275 epoch=251 flags=0xb0000001 state=7 error=0 fpga_ts=216421244 host_ns=1318520854839261
RUNTIME_WITHHELD n=277 txn=276 epoch=252 flags=0xb0000001 state=7 error=0 fpga_ts=217206140 host_ns=1318520888906364
RUNTIME_WITHHELD n=278 txn=277 epoch=253 flags=0xb0000001 state=7 error=0 fpga_ts=217991036 host_ns=1318520922965716
RUNTIME_WITHHELD n=279 txn=278 epoch=254 flags=0xb0000001 state=7 error=0 fpga_ts=218775932 host_ns=1318520957042549
RUNTIME_WITHHELD n=280 txn=279 epoch=255 flags=0xb0000001 state=7 error=0 fpga_ts=219560828 host_ns=1318520991101327
RUNTIME_WITHHELD n=281 txn=280 epoch=0 flags=0xb0000001 state=7 error=0 fpga_ts=220345724 host_ns=1318521025171519
RUNTIME_WITHHELD n=282 txn=281 epoch=1 flags=0xb0000001 state=7 error=0 fpga_ts=221130620 host_ns=1318521059238823
RUNTIME_WITHHELD n=283 txn=282 epoch=2 flags=0xb0000001 state=7 error=0 fpga_ts=221915516 host_ns=1318521093297356
RUNTIME_WITHHELD n=284 txn=283 epoch=3 flags=0xb0000001 state=7 error=0 fpga_ts=222700412 host_ns=1318521127366170
RUNTIME_WITHHELD n=285 txn=284 epoch=4 flags=0xb0000001 state=7 error=0 fpga_ts=223485308 host_ns=1318521161435959
RUNTIME_WITHHELD n=286 txn=285 epoch=5 flags=0xb0000001 state=7 error=0 fpga_ts=224270204 host_ns=1318521195514916
RUNTIME_WITHHELD n=287 txn=286 epoch=6 flags=0xb0000001 state=7 error=0 fpga_ts=225055100 host_ns=1318521229581488
RUNTIME_WITHHELD n=288 txn=287 epoch=7 flags=0xb0000001 state=7 error=0 fpga_ts=225839996 host_ns=1318521263637403
RUNTIME_WITHHELD n=289 txn=288 epoch=8 flags=0xb0000001 state=7 error=0 fpga_ts=226624892 host_ns=1318521297710014
RUNTIME_WITHHELD n=290 txn=289 epoch=9 flags=0xb0000001 state=7 error=0 fpga_ts=227409788 host_ns=1318521331766931
RUNTIME_WITHHELD n=291 txn=290 epoch=10 flags=0xb0000001 state=7 error=0 fpga_ts=228194684 host_ns=1318521365831248
RUNTIME_WITHHELD n=292 txn=291 epoch=11 flags=0xb0000001 state=7 error=0 fpga_ts=228979580 host_ns=1318521399932903
RUNTIME_WITHHELD n=293 txn=292 epoch=12 flags=0xb0000001 state=7 error=0 fpga_ts=229764476 host_ns=1318521434006751
RUNTIME_WITHHELD n=294 txn=293 epoch=13 flags=0xb0000001 state=7 error=0 fpga_ts=230549372 host_ns=1318521468034239
RUNTIME_WITHHELD n=295 txn=294 epoch=14 flags=0xb0000001 state=7 error=0 fpga_ts=231334268 host_ns=1318521502120757
RUNTIME_WITHHELD n=296 txn=295 epoch=15 flags=0xb0000001 state=7 error=0 fpga_ts=232119164 host_ns=1318521536165365
RUNTIME_WITHHELD n=297 txn=296 epoch=16 flags=0xb0000001 state=7 error=0 fpga_ts=232904060 host_ns=1318521570233311
RUNTIME_WITHHELD n=298 txn=297 epoch=17 flags=0xb0000001 state=7 error=0 fpga_ts=233688956 host_ns=1318521604297237
RUNTIME_WITHHELD n=299 txn=298 epoch=18 flags=0xb0000001 state=7 error=0 fpga_ts=234473852 host_ns=1318521638372963
TRACE_SPI txn=300 writes=24 host_observed_write_us=15283.038 post_spi_to_tune_return_us=3247.279
RUNTIME_WITHHELD n=300 txn=299 epoch=19 flags=0xb0000001 state=7 error=0 fpga_ts=235258748 host_ns=1318521672434567
mode=RX2 progress=300 unrecovered=0 first_read_faults=0 recovered=0 last_epoch=20
RUNTIME_WITHHELD n=301 txn=300 epoch=20 flags=0xb0000001 state=7 error=0 fpga_ts=236043644 host_ns=1318521706523600
RUNTIME_WITHHELD n=302 txn=301 epoch=21 flags=0xb0000001 state=7 error=0 fpga_ts=236828540 host_ns=1318521740569688
RUNTIME_WITHHELD n=303 txn=302 epoch=22 flags=0xb0000001 state=7 error=0 fpga_ts=237613436 host_ns=1318521774639905
RUNTIME_WITHHELD n=304 txn=303 epoch=23 flags=0xb0000001 state=7 error=0 fpga_ts=238398332 host_ns=1318521808703774
RUNTIME_WITHHELD n=305 txn=304 epoch=24 flags=0xb0000001 state=7 error=0 fpga_ts=239183228 host_ns=1318521842759436
RUNTIME_WITHHELD n=306 txn=305 epoch=25 flags=0xb0000001 state=7 error=0 fpga_ts=239968124 host_ns=1318521876834856
RUNTIME_WITHHELD n=307 txn=306 epoch=26 flags=0xb0000001 state=7 error=0 fpga_ts=240753020 host_ns=1318521910916440
RUNTIME_WITHHELD n=308 txn=307 epoch=27 flags=0xb0000001 state=7 error=0 fpga_ts=241537916 host_ns=1318521944985412
RUNTIME_WITHHELD n=309 txn=308 epoch=28 flags=0xb0000001 state=7 error=0 fpga_ts=242322812 host_ns=1318521979036995
RUNTIME_WITHHELD n=310 txn=309 epoch=29 flags=0xb0000001 state=7 error=0 fpga_ts=243107708 host_ns=1318522013101943
RUNTIME_WITHHELD n=311 txn=310 epoch=30 flags=0xb0000001 state=7 error=0 fpga_ts=243892604 host_ns=1318522047168305
RUNTIME_WITHHELD n=312 txn=311 epoch=31 flags=0xb0000001 state=7 error=0 fpga_ts=244677500 host_ns=1318522081236031
RUNTIME_WITHHELD n=313 txn=312 epoch=32 flags=0xb0000001 state=7 error=0 fpga_ts=245462396 host_ns=1318522115295839
RUNTIME_WITHHELD n=314 txn=313 epoch=33 flags=0xb0000001 state=7 error=0 fpga_ts=246247292 host_ns=1318522149363418
RUNTIME_WITHHELD n=315 txn=314 epoch=34 flags=0xb0000001 state=7 error=0 fpga_ts=247032188 host_ns=1318522183431375
RUNTIME_WITHHELD n=316 txn=315 epoch=35 flags=0xb0000001 state=7 error=0 fpga_ts=247817084 host_ns=1318522217504350
RUNTIME_WITHHELD n=317 txn=316 epoch=36 flags=0xb0000001 state=7 error=0 fpga_ts=248601980 host_ns=1318522251565655
RUNTIME_WITHHELD n=318 txn=317 epoch=37 flags=0xb0000001 state=7 error=0 fpga_ts=249386876 host_ns=1318522285636478
RUNTIME_WITHHELD n=319 txn=318 epoch=38 flags=0xb0000001 state=7 error=0 fpga_ts=250171772 host_ns=1318522319713472
RUNTIME_WITHHELD n=320 txn=319 epoch=39 flags=0xb0000001 state=7 error=0 fpga_ts=250956668 host_ns=1318522353763842
RUNTIME_WITHHELD n=321 txn=320 epoch=40 flags=0xb0000001 state=7 error=0 fpga_ts=251741564 host_ns=1318522387831034
RUNTIME_WITHHELD n=322 txn=321 epoch=41 flags=0xb0000001 state=7 error=0 fpga_ts=252526460 host_ns=1318522421917972
RUNTIME_WITHHELD n=323 txn=322 epoch=42 flags=0xb0000001 state=7 error=0 fpga_ts=253311356 host_ns=1318522455962703
RUNTIME_WITHHELD n=324 txn=323 epoch=43 flags=0xb0000001 state=7 error=0 fpga_ts=254096252 host_ns=1318522490055505
RUNTIME_WITHHELD n=325 txn=324 epoch=44 flags=0xb0000001 state=7 error=0 fpga_ts=254881148 host_ns=1318522524131381
RUNTIME_WITHHELD n=326 txn=325 epoch=45 flags=0xb0000001 state=7 error=0 fpga_ts=255666044 host_ns=1318522558166916
RUNTIME_WITHHELD n=327 txn=326 epoch=46 flags=0xb0000001 state=7 error=0 fpga_ts=256450940 host_ns=1318522592232977
RUNTIME_WITHHELD n=328 txn=327 epoch=47 flags=0xb0000001 state=7 error=0 fpga_ts=257235836 host_ns=1318522626298411
RUNTIME_WITHHELD n=329 txn=328 epoch=48 flags=0xb0000001 state=7 error=0 fpga_ts=258020732 host_ns=1318522660371098
RUNTIME_WITHHELD n=330 txn=329 epoch=49 flags=0xb0000001 state=7 error=0 fpga_ts=258805628 host_ns=1318522694442331
RUNTIME_WITHHELD n=331 txn=330 epoch=50 flags=0xb0000001 state=7 error=0 fpga_ts=259590524 host_ns=1318522728519049
RUNTIME_WITHHELD n=332 txn=331 epoch=51 flags=0xb0000001 state=7 error=0 fpga_ts=260375420 host_ns=1318522762569338
RUNTIME_WITHHELD n=333 txn=332 epoch=52 flags=0xb0000001 state=7 error=0 fpga_ts=261160316 host_ns=1318522796637313
RUNTIME_WITHHELD n=334 txn=333 epoch=53 flags=0xb0000001 state=7 error=0 fpga_ts=261945212 host_ns=1318522830707035
RUNTIME_WITHHELD n=335 txn=334 epoch=54 flags=0xb0000001 state=7 error=0 fpga_ts=262730108 host_ns=1318522864765449
RUNTIME_WITHHELD n=336 txn=335 epoch=55 flags=0xb0000001 state=7 error=0 fpga_ts=263515004 host_ns=1318522898852468
RUNTIME_WITHHELD n=337 txn=336 epoch=56 flags=0xb0000001 state=7 error=0 fpga_ts=264299900 host_ns=1318522932899324
RUNTIME_WITHHELD n=338 txn=337 epoch=57 flags=0xb0000001 state=7 error=0 fpga_ts=265084796 host_ns=1318522966983191
RUNTIME_WITHHELD n=339 txn=338 epoch=58 flags=0xb0000001 state=7 error=0 fpga_ts=265869692 host_ns=1318523001036555
RUNTIME_WITHHELD n=340 txn=339 epoch=59 flags=0xb0000001 state=7 error=0 fpga_ts=266654588 host_ns=1318523035108566
RUNTIME_WITHHELD n=341 txn=340 epoch=60 flags=0xb0000001 state=7 error=0 fpga_ts=267439484 host_ns=1318523069170009
RUNTIME_WITHHELD n=342 txn=341 epoch=61 flags=0xb0000001 state=7 error=0 fpga_ts=268224380 host_ns=1318523103243986
RUNTIME_WITHHELD n=343 txn=342 epoch=62 flags=0xb0000001 state=7 error=0 fpga_ts=269009276 host_ns=1318523137305201
RUNTIME_WITHHELD n=344 txn=343 epoch=63 flags=0xb0000001 state=7 error=0 fpga_ts=269794172 host_ns=1318523171371599
RUNTIME_WITHHELD n=345 txn=344 epoch=64 flags=0xb0000001 state=7 error=0 fpga_ts=270579068 host_ns=1318523205443718
RUNTIME_WITHHELD n=346 txn=345 epoch=65 flags=0xb0000001 state=7 error=0 fpga_ts=271363964 host_ns=1318523239500703
RUNTIME_WITHHELD n=347 txn=346 epoch=66 flags=0xb0000001 state=7 error=0 fpga_ts=272148860 host_ns=1318523273571800
RUNTIME_WITHHELD n=348 txn=347 epoch=67 flags=0xb0000001 state=7 error=0 fpga_ts=272933756 host_ns=1318523307637933
RUNTIME_WITHHELD n=349 txn=348 epoch=68 flags=0xb0000001 state=7 error=0 fpga_ts=273718652 host_ns=1318523341705333
RUNTIME_WITHHELD n=350 txn=349 epoch=69 flags=0xb0000001 state=7 error=0 fpga_ts=274503548 host_ns=1318523375772939
RUNTIME_WITHHELD n=351 txn=350 epoch=70 flags=0xb0000001 state=7 error=0 fpga_ts=275288444 host_ns=1318523409846078
RUNTIME_WITHHELD n=352 txn=351 epoch=71 flags=0xb0000001 state=7 error=0 fpga_ts=276073340 host_ns=1318523443905965
RUNTIME_WITHHELD n=353 txn=352 epoch=72 flags=0xb0000001 state=7 error=0 fpga_ts=276858236 host_ns=1318523477994781
RUNTIME_WITHHELD n=354 txn=353 epoch=73 flags=0xb0000001 state=7 error=0 fpga_ts=277643132 host_ns=1318523512056511
RUNTIME_WITHHELD n=355 txn=354 epoch=74 flags=0xb0000001 state=7 error=0 fpga_ts=278428028 host_ns=1318523546112129
RUNTIME_WITHHELD n=356 txn=355 epoch=75 flags=0xb0000001 state=7 error=0 fpga_ts=279212924 host_ns=1318523580171404
RUNTIME_WITHHELD n=357 txn=356 epoch=76 flags=0xb0000001 state=7 error=0 fpga_ts=279997820 host_ns=1318523614239635
RUNTIME_WITHHELD n=358 txn=357 epoch=77 flags=0xb0000001 state=7 error=0 fpga_ts=280782716 host_ns=1318523648304800
RUNTIME_WITHHELD n=359 txn=358 epoch=78 flags=0xb0000001 state=7 error=0 fpga_ts=281567612 host_ns=1318523682378102
RUNTIME_WITHHELD n=360 txn=359 epoch=79 flags=0xb0000001 state=7 error=0 fpga_ts=282352508 host_ns=1318523716440324
RUNTIME_WITHHELD n=361 txn=360 epoch=80 flags=0xb0000001 state=7 error=0 fpga_ts=283137404 host_ns=1318523750515298
RUNTIME_WITHHELD n=362 txn=361 epoch=81 flags=0xb0000001 state=7 error=0 fpga_ts=283922300 host_ns=1318523784574679
RUNTIME_WITHHELD n=363 txn=362 epoch=82 flags=0xb0000001 state=7 error=0 fpga_ts=284707196 host_ns=1318523818647775
RUNTIME_WITHHELD n=364 txn=363 epoch=83 flags=0xb0000001 state=7 error=0 fpga_ts=285492092 host_ns=1318523852712575
RUNTIME_WITHHELD n=365 txn=364 epoch=84 flags=0xb0000001 state=7 error=0 fpga_ts=286276988 host_ns=1318523886775057
RUNTIME_WITHHELD n=366 txn=365 epoch=85 flags=0xb0000001 state=7 error=0 fpga_ts=287061884 host_ns=1318523920833029
RUNTIME_WITHHELD n=367 txn=366 epoch=86 flags=0xb0000001 state=7 error=0 fpga_ts=287846780 host_ns=1318523954925062
RUNTIME_WITHHELD n=368 txn=367 epoch=87 flags=0xb0000001 state=7 error=0 fpga_ts=288631676 host_ns=1318523988988206
RUNTIME_WITHHELD n=369 txn=368 epoch=88 flags=0xb0000001 state=7 error=0 fpga_ts=289416572 host_ns=1318524023044621
RUNTIME_WITHHELD n=370 txn=369 epoch=89 flags=0xb0000001 state=7 error=0 fpga_ts=290201468 host_ns=1318524057215360
RUNTIME_WITHHELD n=371 txn=370 epoch=90 flags=0xb0000001 state=7 error=0 fpga_ts=291117180 host_ns=1318524096922545
RUNTIME_WITHHELD n=372 txn=371 epoch=91 flags=0xb0000001 state=7 error=0 fpga_ts=291902076 host_ns=1318524130921601
RUNTIME_WITHHELD n=373 txn=372 epoch=92 flags=0xb0000001 state=7 error=0 fpga_ts=292686972 host_ns=1318524164987495
RUNTIME_WITHHELD n=374 txn=373 epoch=93 flags=0xb0000001 state=7 error=0 fpga_ts=293471868 host_ns=1318524199056151
RUNTIME_WITHHELD n=375 txn=374 epoch=94 flags=0xb0000001 state=7 error=0 fpga_ts=294256764 host_ns=1318524233127086
RUNTIME_WITHHELD n=376 txn=375 epoch=95 flags=0xb0000001 state=7 error=0 fpga_ts=295041660 host_ns=1318524267186047
RUNTIME_WITHHELD n=377 txn=376 epoch=96 flags=0xb0000001 state=7 error=0 fpga_ts=295826556 host_ns=1318524301271256
RUNTIME_WITHHELD n=378 txn=377 epoch=97 flags=0xb0000001 state=7 error=0 fpga_ts=296611452 host_ns=1318524335352279
RUNTIME_WITHHELD n=379 txn=378 epoch=98 flags=0xb0000001 state=7 error=0 fpga_ts=297396348 host_ns=1318524369417832
RUNTIME_WITHHELD n=380 txn=379 epoch=99 flags=0xb0000001 state=7 error=0 fpga_ts=298181244 host_ns=1318524403484877
RUNTIME_WITHHELD n=381 txn=380 epoch=100 flags=0xb0000001 state=7 error=0 fpga_ts=298966140 host_ns=1318524437525186
RUNTIME_WITHHELD n=382 txn=381 epoch=101 flags=0xb0000001 state=7 error=0 fpga_ts=299751036 host_ns=1318524471585114
RUNTIME_WITHHELD n=383 txn=382 epoch=102 flags=0xb0000001 state=7 error=0 fpga_ts=300535932 host_ns=1318524505667722
RUNTIME_WITHHELD n=384 txn=383 epoch=103 flags=0xb0000001 state=7 error=0 fpga_ts=301320828 host_ns=1318524539715742
RUNTIME_WITHHELD n=385 txn=384 epoch=104 flags=0xb0000001 state=7 error=0 fpga_ts=302105724 host_ns=1318524573781489
RUNTIME_WITHHELD n=386 txn=385 epoch=105 flags=0xb0000001 state=7 error=0 fpga_ts=302890620 host_ns=1318524607856161
RUNTIME_WITHHELD n=387 txn=386 epoch=106 flags=0xb0000001 state=7 error=0 fpga_ts=303675516 host_ns=1318524641920810
RUNTIME_WITHHELD n=388 txn=387 epoch=107 flags=0xb0000001 state=7 error=0 fpga_ts=304460412 host_ns=1318524675991877
RUNTIME_WITHHELD n=389 txn=388 epoch=108 flags=0xb0000001 state=7 error=0 fpga_ts=305245308 host_ns=1318524710087148
RUNTIME_WITHHELD n=390 txn=389 epoch=109 flags=0xb0000001 state=7 error=0 fpga_ts=306030204 host_ns=1318524744128656
RUNTIME_WITHHELD n=391 txn=390 epoch=110 flags=0xb0000001 state=7 error=0 fpga_ts=306815100 host_ns=1318524778191064
RUNTIME_WITHHELD n=392 txn=391 epoch=111 flags=0xb0000001 state=7 error=0 fpga_ts=307599996 host_ns=1318524812255143
RUNTIME_WITHHELD n=393 txn=392 epoch=112 flags=0xb0000001 state=7 error=0 fpga_ts=308384892 host_ns=1318524846320137
RUNTIME_WITHHELD n=394 txn=393 epoch=113 flags=0xb0000001 state=7 error=0 fpga_ts=309169788 host_ns=1318524880391720
RUNTIME_WITHHELD n=395 txn=394 epoch=114 flags=0xb0000001 state=7 error=0 fpga_ts=309954684 host_ns=1318524914450907
RUNTIME_WITHHELD n=396 txn=395 epoch=115 flags=0xb0000001 state=7 error=0 fpga_ts=310739580 host_ns=1318524948549728
RUNTIME_WITHHELD n=397 txn=396 epoch=116 flags=0xb0000001 state=7 error=0 fpga_ts=311524476 host_ns=1318524982588927
RUNTIME_WITHHELD n=398 txn=397 epoch=117 flags=0xb0000001 state=7 error=0 fpga_ts=312309372 host_ns=1318525016651700
RUNTIME_WITHHELD n=399 txn=398 epoch=118 flags=0xb0000001 state=7 error=0 fpga_ts=313094268 host_ns=1318525050715271
TRACE_SPI txn=400 writes=24 host_observed_write_us=15351.712 post_spi_to_tune_return_us=3243.638
RUNTIME_WITHHELD n=400 txn=399 epoch=119 flags=0xb0000001 state=7 error=0 fpga_ts=313879164 host_ns=1318525084785514
mode=RX2 progress=400 unrecovered=0 first_read_faults=0 recovered=0 last_epoch=120
RUNTIME_WITHHELD n=401 txn=400 epoch=120 flags=0xb0000001 state=7 error=0 fpga_ts=314664060 host_ns=1318525118852322
RUNTIME_WITHHELD n=402 txn=401 epoch=121 flags=0xb0000001 state=7 error=0 fpga_ts=315448956 host_ns=1318525152935948
RUNTIME_WITHHELD n=403 txn=402 epoch=122 flags=0xb0000001 state=7 error=0 fpga_ts=316233852 host_ns=1318525186979871
RUNTIME_WITHHELD n=404 txn=403 epoch=123 flags=0xb0000001 state=7 error=0 fpga_ts=317018748 host_ns=1318525221052280
RUNTIME_WITHHELD n=405 txn=404 epoch=124 flags=0xb0000001 state=7 error=0 fpga_ts=317803644 host_ns=1318525255119749
RUNTIME_WITHHELD n=406 txn=405 epoch=125 flags=0xb0000001 state=7 error=0 fpga_ts=318588540 host_ns=1318525289185820
RUNTIME_WITHHELD n=407 txn=406 epoch=126 flags=0xb0000001 state=7 error=0 fpga_ts=319373436 host_ns=1318525323267565
RUNTIME_WITHHELD n=408 txn=407 epoch=127 flags=0xb0000001 state=7 error=0 fpga_ts=320158332 host_ns=1318525357311574
RUNTIME_WITHHELD n=409 txn=408 epoch=128 flags=0xb0000001 state=7 error=0 fpga_ts=320943228 host_ns=1318525391379482
RUNTIME_WITHHELD n=410 txn=409 epoch=129 flags=0xb0000001 state=7 error=0 fpga_ts=321728124 host_ns=1318525425451053
RUNTIME_WITHHELD n=411 txn=410 epoch=130 flags=0xb0000001 state=7 error=0 fpga_ts=322513020 host_ns=1318525459516841
RUNTIME_WITHHELD n=412 txn=411 epoch=131 flags=0xb0000001 state=7 error=0 fpga_ts=323297916 host_ns=1318525493583461
RUNTIME_WITHHELD n=413 txn=412 epoch=132 flags=0xb0000001 state=7 error=0 fpga_ts=324082812 host_ns=1318525527645994
RUNTIME_WITHHELD n=414 txn=413 epoch=133 flags=0xb0000001 state=7 error=0 fpga_ts=324867708 host_ns=1318525561716147
RUNTIME_WITHHELD n=415 txn=414 epoch=134 flags=0xb0000001 state=7 error=0 fpga_ts=325652604 host_ns=1318525595780059
RUNTIME_WITHHELD n=416 txn=415 epoch=135 flags=0xb0000001 state=7 error=0 fpga_ts=326437500 host_ns=1318525629852718
RUNTIME_WITHHELD n=417 txn=416 epoch=136 flags=0xb0000001 state=7 error=0 fpga_ts=327222396 host_ns=1318525663913148
RUNTIME_WITHHELD n=418 txn=417 epoch=137 flags=0xb0000001 state=7 error=0 fpga_ts=328007292 host_ns=1318525697998237
RUNTIME_WITHHELD n=419 txn=418 epoch=138 flags=0xb0000001 state=7 error=0 fpga_ts=328792188 host_ns=1318525732044313
RUNTIME_WITHHELD n=420 txn=419 epoch=139 flags=0xb0000001 state=7 error=0 fpga_ts=329577084 host_ns=1318525766109807
RUNTIME_WITHHELD n=421 txn=420 epoch=140 flags=0xb0000001 state=7 error=0 fpga_ts=330361980 host_ns=1318525800182404
RUNTIME_WITHHELD n=422 txn=421 epoch=141 flags=0xb0000001 state=7 error=0 fpga_ts=331146876 host_ns=1318525834262461
RUNTIME_WITHHELD n=423 txn=422 epoch=142 flags=0xb0000001 state=7 error=0 fpga_ts=331931772 host_ns=1318525868312731
RUNTIME_WITHHELD n=424 txn=423 epoch=143 flags=0xb0000001 state=7 error=0 fpga_ts=332716668 host_ns=1318525902400126
RUNTIME_WITHHELD n=425 txn=424 epoch=144 flags=0xb0000001 state=7 error=0 fpga_ts=333501564 host_ns=1318525936450226
RUNTIME_WITHHELD n=426 txn=425 epoch=145 flags=0xb0000001 state=7 error=0 fpga_ts=334286460 host_ns=1318525970514026
RUNTIME_WITHHELD n=427 txn=426 epoch=146 flags=0xb0000001 state=7 error=0 fpga_ts=335071356 host_ns=1318526004582618
RUNTIME_WITHHELD n=428 txn=427 epoch=147 flags=0xb0000001 state=7 error=0 fpga_ts=335856252 host_ns=1318526038650342
RUNTIME_WITHHELD n=429 txn=428 epoch=148 flags=0xb0000001 state=7 error=0 fpga_ts=336641148 host_ns=1318526072723030
RUNTIME_WITHHELD n=430 txn=429 epoch=149 flags=0xb0000001 state=7 error=0 fpga_ts=337426044 host_ns=1318526106787152
RUNTIME_WITHHELD n=431 txn=430 epoch=150 flags=0xb0000001 state=7 error=0 fpga_ts=338210940 host_ns=1318526140848144
RUNTIME_WITHHELD n=432 txn=431 epoch=151 flags=0xb0000001 state=7 error=0 fpga_ts=338995836 host_ns=1318526174913635
RUNTIME_WITHHELD n=433 txn=432 epoch=152 flags=0xb0000001 state=7 error=0 fpga_ts=339780732 host_ns=1318526209005300
RUNTIME_WITHHELD n=434 txn=433 epoch=153 flags=0xb0000001 state=7 error=0 fpga_ts=340565628 host_ns=1318526243060598
RUNTIME_WITHHELD n=435 txn=434 epoch=154 flags=0xb0000001 state=7 error=0 fpga_ts=341350524 host_ns=1318526277115345
RUNTIME_WITHHELD n=436 txn=435 epoch=155 flags=0xb0000001 state=7 error=0 fpga_ts=342135420 host_ns=1318526311185707
RUNTIME_WITHHELD n=437 txn=436 epoch=156 flags=0xb0000001 state=7 error=0 fpga_ts=342920316 host_ns=1318526345248125
RUNTIME_WITHHELD n=438 txn=437 epoch=157 flags=0xb0000001 state=7 error=0 fpga_ts=343705212 host_ns=1318526379311654
RUNTIME_WITHHELD n=439 txn=438 epoch=158 flags=0xb0000001 state=7 error=0 fpga_ts=344490108 host_ns=1318526413403020
RUNTIME_WITHHELD n=440 txn=439 epoch=159 flags=0xb0000001 state=7 error=0 fpga_ts=345275004 host_ns=1318526447454564
RUNTIME_WITHHELD n=441 txn=440 epoch=160 flags=0xb0000001 state=7 error=0 fpga_ts=346059900 host_ns=1318526481514323
RUNTIME_WITHHELD n=442 txn=441 epoch=161 flags=0xb0000001 state=7 error=0 fpga_ts=346844796 host_ns=1318526515587671
RUNTIME_WITHHELD n=443 txn=442 epoch=162 flags=0xb0000001 state=7 error=0 fpga_ts=347629692 host_ns=1318526549648839
RUNTIME_WITHHELD n=444 txn=443 epoch=163 flags=0xb0000001 state=7 error=0 fpga_ts=348414588 host_ns=1318526583719519
RUNTIME_WITHHELD n=445 txn=444 epoch=164 flags=0xb0000001 state=7 error=0 fpga_ts=349199484 host_ns=1318526617783911
RUNTIME_WITHHELD n=446 txn=445 epoch=165 flags=0xb0000001 state=7 error=0 fpga_ts=349984380 host_ns=1318526651849096
RUNTIME_WITHHELD n=447 txn=446 epoch=166 flags=0xb0000001 state=7 error=0 fpga_ts=350769276 host_ns=1318526685933728
RUNTIME_WITHHELD n=448 txn=447 epoch=167 flags=0xb0000001 state=7 error=0 fpga_ts=351554172 host_ns=1318526719979723
RUNTIME_WITHHELD n=449 txn=448 epoch=168 flags=0xb0000001 state=7 error=0 fpga_ts=352339068 host_ns=1318526754072140
RUNTIME_WITHHELD n=450 txn=449 epoch=169 flags=0xb0000001 state=7 error=0 fpga_ts=353123964 host_ns=1318526788125115
RUNTIME_WITHHELD n=451 txn=450 epoch=170 flags=0xb0000001 state=7 error=0 fpga_ts=353908860 host_ns=1318526822179524
RUNTIME_WITHHELD n=452 txn=451 epoch=171 flags=0xb0000001 state=7 error=0 fpga_ts=354693756 host_ns=1318526856246253
RUNTIME_WITHHELD n=453 txn=452 epoch=172 flags=0xb0000001 state=7 error=0 fpga_ts=355478652 host_ns=1318526890321638
RUNTIME_WITHHELD n=454 txn=453 epoch=173 flags=0xb0000001 state=7 error=0 fpga_ts=356263548 host_ns=1318526924390009
RUNTIME_WITHHELD n=455 txn=454 epoch=174 flags=0xb0000001 state=7 error=0 fpga_ts=357048444 host_ns=1318526958443888
RUNTIME_WITHHELD n=456 txn=455 epoch=175 flags=0xb0000001 state=7 error=0 fpga_ts=357833340 host_ns=1318526992515652
RUNTIME_WITHHELD n=457 txn=456 epoch=176 flags=0xb0000001 state=7 error=0 fpga_ts=358618236 host_ns=1318527026584731
RUNTIME_WITHHELD n=458 txn=457 epoch=177 flags=0xb0000001 state=7 error=0 fpga_ts=359403132 host_ns=1318527060653343
RUNTIME_WITHHELD n=459 txn=458 epoch=178 flags=0xb0000001 state=7 error=0 fpga_ts=360188028 host_ns=1318527094713189
RUNTIME_WITHHELD n=460 txn=459 epoch=179 flags=0xb0000001 state=7 error=0 fpga_ts=360972924 host_ns=1318527128781229
RUNTIME_WITHHELD n=461 txn=460 epoch=180 flags=0xb0000001 state=7 error=0 fpga_ts=361757820 host_ns=1318527162849589
RUNTIME_WITHHELD n=462 txn=461 epoch=181 flags=0xb0000001 state=7 error=0 fpga_ts=362542716 host_ns=1318527196937776
RUNTIME_WITHHELD n=463 txn=462 epoch=182 flags=0xb0000001 state=7 error=0 fpga_ts=363327612 host_ns=1318527230982853
RUNTIME_WITHHELD n=464 txn=463 epoch=183 flags=0xb0000001 state=7 error=0 fpga_ts=364112508 host_ns=1318527265074769
RUNTIME_WITHHELD n=465 txn=464 epoch=184 flags=0xb0000001 state=7 error=0 fpga_ts=364897404 host_ns=1318527299116755
RUNTIME_WITHHELD n=466 txn=465 epoch=185 flags=0xb0000001 state=7 error=0 fpga_ts=365682300 host_ns=1318527333199894
RUNTIME_WITHHELD n=467 txn=466 epoch=186 flags=0xb0000001 state=7 error=0 fpga_ts=366467196 host_ns=1318527367244773
RUNTIME_WITHHELD n=468 txn=467 epoch=187 flags=0xb0000001 state=7 error=0 fpga_ts=367252092 host_ns=1318527401314713
RUNTIME_WITHHELD n=469 txn=468 epoch=188 flags=0xb0000001 state=7 error=0 fpga_ts=368036988 host_ns=1318527435379175
RUNTIME_WITHHELD n=470 txn=469 epoch=189 flags=0xb0000001 state=7 error=0 fpga_ts=368821884 host_ns=1318527469454009
RUNTIME_WITHHELD n=471 txn=470 epoch=190 flags=0xb0000001 state=7 error=0 fpga_ts=369606780 host_ns=1318527503515008
RUNTIME_WITHHELD n=472 txn=471 epoch=191 flags=0xb0000001 state=7 error=0 fpga_ts=370391676 host_ns=1318527537586758
RUNTIME_WITHHELD n=473 txn=472 epoch=192 flags=0xb0000001 state=7 error=0 fpga_ts=371176572 host_ns=1318527571649897
RUNTIME_WITHHELD n=474 txn=473 epoch=193 flags=0xb0000001 state=7 error=0 fpga_ts=371961468 host_ns=1318527605732128
RUNTIME_WITHHELD n=475 txn=474 epoch=194 flags=0xb0000001 state=7 error=0 fpga_ts=372746364 host_ns=1318527639783133
RUNTIME_WITHHELD n=476 txn=475 epoch=195 flags=0xb0000001 state=7 error=0 fpga_ts=373531260 host_ns=1318527673846364
RUNTIME_WITHHELD n=477 txn=476 epoch=196 flags=0xb0000001 state=7 error=0 fpga_ts=374316156 host_ns=1318527707914703
RUNTIME_WITHHELD n=478 txn=477 epoch=197 flags=0xb0000001 state=7 error=0 fpga_ts=375101052 host_ns=1318527741983407
RUNTIME_WITHHELD n=479 txn=478 epoch=198 flags=0xb0000001 state=7 error=0 fpga_ts=375885948 host_ns=1318527776071122
RUNTIME_WITHHELD n=480 txn=479 epoch=199 flags=0xb0000001 state=7 error=0 fpga_ts=376670844 host_ns=1318527810118928
RUNTIME_WITHHELD n=481 txn=480 epoch=200 flags=0xb0000001 state=7 error=0 fpga_ts=377455740 host_ns=1318527844179154
RUNTIME_WITHHELD n=482 txn=481 epoch=201 flags=0xb0000001 state=7 error=0 fpga_ts=378240636 host_ns=1318527878250538
RUNTIME_WITHHELD n=483 txn=482 epoch=202 flags=0xb0000001 state=7 error=0 fpga_ts=379025532 host_ns=1318527912312483
RUNTIME_WITHHELD n=484 txn=483 epoch=203 flags=0xb0000001 state=7 error=0 fpga_ts=379810428 host_ns=1318527946377278
RUNTIME_WITHHELD n=485 txn=484 epoch=204 flags=0xb0000001 state=7 error=0 fpga_ts=380595324 host_ns=1318527980447280
RUNTIME_WITHHELD n=486 txn=485 epoch=205 flags=0xb0000001 state=7 error=0 fpga_ts=381380220 host_ns=1318528014519359
RUNTIME_WITHHELD n=487 txn=486 epoch=206 flags=0xb0000001 state=7 error=0 fpga_ts=382165116 host_ns=1318528048583361
RUNTIME_WITHHELD n=488 txn=487 epoch=207 flags=0xb0000001 state=7 error=0 fpga_ts=382950012 host_ns=1318528082649960
RUNTIME_WITHHELD n=489 txn=488 epoch=208 flags=0xb0000001 state=7 error=0 fpga_ts=383734908 host_ns=1318528116732905
RUNTIME_WITHHELD n=490 txn=489 epoch=209 flags=0xb0000001 state=7 error=0 fpga_ts=384519804 host_ns=1318528150781418
RUNTIME_WITHHELD n=491 txn=490 epoch=210 flags=0xb0000001 state=7 error=0 fpga_ts=385304700 host_ns=1318528184866919
RUNTIME_WITHHELD n=492 txn=491 epoch=211 flags=0xb0000001 state=7 error=0 fpga_ts=386089596 host_ns=1318528218928923
RUNTIME_WITHHELD n=493 txn=492 epoch=212 flags=0xb0000001 state=7 error=0 fpga_ts=386874492 host_ns=1318528252983319
RUNTIME_WITHHELD n=494 txn=493 epoch=213 flags=0xb0000001 state=7 error=0 fpga_ts=387659388 host_ns=1318528287078731
RUNTIME_WITHHELD n=495 txn=494 epoch=214 flags=0xb0000001 state=7 error=0 fpga_ts=388444284 host_ns=1318528321115464
RUNTIME_WITHHELD n=496 txn=495 epoch=215 flags=0xb0000001 state=7 error=0 fpga_ts=389229180 host_ns=1318528355172181
RUNTIME_WITHHELD n=497 txn=496 epoch=216 flags=0xb0000001 state=7 error=0 fpga_ts=390014076 host_ns=1318528389249088
RUNTIME_WITHHELD n=498 txn=497 epoch=217 flags=0xb0000001 state=7 error=0 fpga_ts=390798972 host_ns=1318528423314805
RUNTIME_WITHHELD n=499 txn=498 epoch=218 flags=0xb0000001 state=7 error=0 fpga_ts=391583868 host_ns=1318528457378821
TRACE_SPI txn=500 writes=24 host_observed_write_us=15368.989 post_spi_to_tune_return_us=3313.847
RUNTIME_WITHHELD n=500 txn=499 epoch=219 flags=0xb0000001 state=7 error=0 fpga_ts=392368764 host_ns=1318528491451987
mode=RX2 progress=500 unrecovered=0 first_read_faults=0 recovered=0 last_epoch=220
RUNTIME_WITHHELD n=501 txn=500 epoch=220 flags=0xb0000001 state=7 error=0 fpga_ts=393153660 host_ns=1318528525531689
RUNTIME_WITHHELD n=502 txn=501 epoch=221 flags=0xb0000001 state=7 error=0 fpga_ts=393938556 host_ns=1318528559597323
RUNTIME_WITHHELD n=503 txn=502 epoch=222 flags=0xb0000001 state=7 error=0 fpga_ts=394723452 host_ns=1318528593666946
RUNTIME_WITHHELD n=504 txn=503 epoch=223 flags=0xb0000001 state=7 error=0 fpga_ts=395508348 host_ns=1318528627713725
RUNTIME_WITHHELD n=505 txn=504 epoch=224 flags=0xb0000001 state=7 error=0 fpga_ts=396293244 host_ns=1318528661780176
RUNTIME_WITHHELD n=506 txn=505 epoch=225 flags=0xb0000001 state=7 error=0 fpga_ts=397078140 host_ns=1318528695844529
RUNTIME_WITHHELD n=507 txn=506 epoch=226 flags=0xb0000001 state=7 error=0 fpga_ts=397863036 host_ns=1318528729948457
RUNTIME_WITHHELD n=508 txn=507 epoch=227 flags=0xb0000001 state=7 error=0 fpga_ts=398647932 host_ns=1318528763975790
RUNTIME_WITHHELD n=509 txn=508 epoch=228 flags=0xb0000001 state=7 error=0 fpga_ts=399432828 host_ns=1318528798055685
RUNTIME_WITHHELD n=510 txn=509 epoch=229 flags=0xb0000001 state=7 error=0 fpga_ts=400217724 host_ns=1318528832116264
RUNTIME_WITHHELD n=511 txn=510 epoch=230 flags=0xb0000001 state=7 error=0 fpga_ts=401002620 host_ns=1318528866179912
RUNTIME_WITHHELD n=512 txn=511 epoch=231 flags=0xb0000001 state=7 error=0 fpga_ts=401787516 host_ns=1318528900252845
RUNTIME_WITHHELD n=513 txn=512 epoch=232 flags=0xb0000001 state=7 error=0 fpga_ts=402572412 host_ns=1318528934318544
RUNTIME_WITHHELD n=514 txn=513 epoch=233 flags=0xb0000001 state=7 error=0 fpga_ts=403357308 host_ns=1318528968387153
RUNTIME_WITHHELD n=515 txn=514 epoch=234 flags=0xb0000001 state=7 error=0 fpga_ts=404142204 host_ns=1318529002448151
RUNTIME_WITHHELD n=516 txn=515 epoch=235 flags=0xb0000001 state=7 error=0 fpga_ts=404927100 host_ns=1318529036519789
RUNTIME_WITHHELD n=517 txn=516 epoch=236 flags=0xb0000001 state=7 error=0 fpga_ts=405711996 host_ns=1318529070585514
RUNTIME_WITHHELD n=518 txn=517 epoch=237 flags=0xb0000001 state=7 error=0 fpga_ts=406496892 host_ns=1318529104647337
RUNTIME_WITHHELD n=519 txn=518 epoch=238 flags=0xb0000001 state=7 error=0 fpga_ts=407281788 host_ns=1318529138715813
RUNTIME_WITHHELD n=520 txn=519 epoch=239 flags=0xb0000001 state=7 error=0 fpga_ts=408066684 host_ns=1318529172784124
RUNTIME_WITHHELD n=521 txn=520 epoch=240 flags=0xb0000001 state=7 error=0 fpga_ts=408851580 host_ns=1318529206852360
RUNTIME_WITHHELD n=522 txn=521 epoch=241 flags=0xb0000001 state=7 error=0 fpga_ts=409636476 host_ns=1318529240974360
RUNTIME_WITHHELD n=523 txn=522 epoch=242 flags=0xb0000001 state=7 error=0 fpga_ts=410421372 host_ns=1318529275058233
RUNTIME_WITHHELD n=524 txn=523 epoch=243 flags=0xb0000001 state=7 error=0 fpga_ts=411206268 host_ns=1318529309066467
RUNTIME_WITHHELD n=525 txn=524 epoch=244 flags=0xb0000001 state=7 error=0 fpga_ts=411991164 host_ns=1318529343169553
RUNTIME_WITHHELD n=526 txn=525 epoch=245 flags=0xb0000001 state=7 error=0 fpga_ts=412776060 host_ns=1318529377208912
RUNTIME_WITHHELD n=527 txn=526 epoch=246 flags=0xb0000001 state=7 error=0 fpga_ts=413560956 host_ns=1318529411307034
RUNTIME_WITHHELD n=528 txn=527 epoch=247 flags=0xb0000001 state=7 error=0 fpga_ts=414345852 host_ns=1318529445363662
RUNTIME_WITHHELD n=529 txn=528 epoch=248 flags=0xb0000001 state=7 error=0 fpga_ts=415130748 host_ns=1318529479392481
RUNTIME_WITHHELD n=530 txn=529 epoch=249 flags=0xb0000001 state=7 error=0 fpga_ts=415915644 host_ns=1318529513474938
RUNTIME_WITHHELD n=531 txn=530 epoch=250 flags=0xb0000001 state=7 error=0 fpga_ts=416700540 host_ns=1318529547532281
RUNTIME_WITHHELD n=532 txn=531 epoch=251 flags=0xb0000001 state=7 error=0 fpga_ts=417485436 host_ns=1318529581585538
RUNTIME_WITHHELD n=533 txn=532 epoch=252 flags=0xb0000001 state=7 error=0 fpga_ts=418270332 host_ns=1318529615689284
RUNTIME_WITHHELD n=534 txn=533 epoch=253 flags=0xb0000001 state=7 error=0 fpga_ts=419055228 host_ns=1318529649751606
RUNTIME_WITHHELD n=535 txn=534 epoch=254 flags=0xb0000001 state=7 error=0 fpga_ts=419840124 host_ns=1318529683794401
RUNTIME_WITHHELD n=536 txn=535 epoch=255 flags=0xb0000001 state=7 error=0 fpga_ts=420625020 host_ns=1318529717895179
RUNTIME_WITHHELD n=537 txn=536 epoch=0 flags=0xb0000001 state=7 error=0 fpga_ts=421409916 host_ns=1318529751923886
RUNTIME_WITHHELD n=538 txn=537 epoch=1 flags=0xb0000001 state=7 error=0 fpga_ts=422194812 host_ns=1318529785986580
RUNTIME_WITHHELD n=539 txn=538 epoch=2 flags=0xb0000001 state=7 error=0 fpga_ts=422979708 host_ns=1318529820081779
RUNTIME_WITHHELD n=540 txn=539 epoch=3 flags=0xb0000001 state=7 error=0 fpga_ts=423764604 host_ns=1318529854116066
RUNTIME_WITHHELD n=541 txn=540 epoch=4 flags=0xb0000001 state=7 error=0 fpga_ts=424549500 host_ns=1318529888190028
RUNTIME_WITHHELD n=542 txn=541 epoch=5 flags=0xb0000001 state=7 error=0 fpga_ts=425334396 host_ns=1318529922291127
RUNTIME_WITHHELD n=543 txn=542 epoch=6 flags=0xb0000001 state=7 error=0 fpga_ts=426119292 host_ns=1318529956343392
RUNTIME_WITHHELD n=544 txn=543 epoch=7 flags=0xb0000001 state=7 error=0 fpga_ts=426904188 host_ns=1318529990389916
RUNTIME_WITHHELD n=545 txn=544 epoch=8 flags=0xb0000001 state=7 error=0 fpga_ts=427689084 host_ns=1318530024457364
RUNTIME_WITHHELD n=546 txn=545 epoch=9 flags=0xb0000001 state=7 error=0 fpga_ts=428473980 host_ns=1318530058535103
RUNTIME_WITHHELD n=547 txn=546 epoch=10 flags=0xb0000001 state=7 error=0 fpga_ts=429258876 host_ns=1318530092586041
RUNTIME_WITHHELD n=548 txn=547 epoch=11 flags=0xb0000001 state=7 error=0 fpga_ts=430043772 host_ns=1318530126651608
RUNTIME_WITHHELD n=549 txn=548 epoch=12 flags=0xb0000001 state=7 error=0 fpga_ts=430828668 host_ns=1318530160723254
RUNTIME_WITHHELD n=550 txn=549 epoch=13 flags=0xb0000001 state=7 error=0 fpga_ts=431613564 host_ns=1318530194788940
RUNTIME_WITHHELD n=551 txn=550 epoch=14 flags=0xb0000001 state=7 error=0 fpga_ts=432398460 host_ns=1318530228847410
RUNTIME_WITHHELD n=552 txn=551 epoch=15 flags=0xb0000001 state=7 error=0 fpga_ts=433183356 host_ns=1318530262921421
RUNTIME_WITHHELD n=553 txn=552 epoch=16 flags=0xb0000001 state=7 error=0 fpga_ts=433968252 host_ns=1318530296987371
RUNTIME_WITHHELD n=554 txn=553 epoch=17 flags=0xb0000001 state=7 error=0 fpga_ts=434753148 host_ns=1318530331055097
RUNTIME_WITHHELD n=555 txn=554 epoch=18 flags=0xb0000001 state=7 error=0 fpga_ts=435538044 host_ns=1318530365116955
RUNTIME_WITHHELD n=556 txn=555 epoch=19 flags=0xb0000001 state=7 error=0 fpga_ts=436322940 host_ns=1318530399188577
RUNTIME_WITHHELD n=557 txn=556 epoch=20 flags=0xb0000001 state=7 error=0 fpga_ts=437107836 host_ns=1318530433253154
RUNTIME_WITHHELD n=558 txn=557 epoch=21 flags=0xb0000001 state=7 error=0 fpga_ts=437892732 host_ns=1318530467366060
RUNTIME_WITHHELD n=559 txn=558 epoch=22 flags=0xb0000001 state=7 error=0 fpga_ts=438677628 host_ns=1318530501382327
RUNTIME_WITHHELD n=560 txn=559 epoch=23 flags=0xb0000001 state=7 error=0 fpga_ts=439462524 host_ns=1318530535451103
RUNTIME_WITHHELD n=561 txn=560 epoch=24 flags=0xb0000001 state=7 error=0 fpga_ts=440247420 host_ns=1318530569521390
RUNTIME_WITHHELD n=562 txn=561 epoch=25 flags=0xb0000001 state=7 error=0 fpga_ts=441032316 host_ns=1318530603593283
RUNTIME_WITHHELD n=563 txn=562 epoch=26 flags=0xb0000001 state=7 error=0 fpga_ts=441817212 host_ns=1318530637650165
RUNTIME_WITHHELD n=564 txn=563 epoch=27 flags=0xb0000001 state=7 error=0 fpga_ts=442602108 host_ns=1318530671717595
RUNTIME_WITHHELD n=565 txn=564 epoch=28 flags=0xb0000001 state=7 error=0 fpga_ts=443387004 host_ns=1318530705808734
RUNTIME_WITHHELD n=566 txn=565 epoch=29 flags=0xb0000001 state=7 error=0 fpga_ts=444171900 host_ns=1318530739853700
RUNTIME_WITHHELD n=567 txn=566 epoch=30 flags=0xb0000001 state=7 error=0 fpga_ts=444956796 host_ns=1318530773920342
RUNTIME_WITHHELD n=568 txn=567 epoch=31 flags=0xb0000001 state=7 error=0 fpga_ts=445741692 host_ns=1318530807985778
RUNTIME_WITHHELD n=569 txn=568 epoch=32 flags=0xb0000001 state=7 error=0 fpga_ts=446526588 host_ns=1318530842068514
RUNTIME_WITHHELD n=570 txn=569 epoch=33 flags=0xb0000001 state=7 error=0 fpga_ts=447311484 host_ns=1318530876118149
RUNTIME_WITHHELD n=571 txn=570 epoch=34 flags=0xb0000001 state=7 error=0 fpga_ts=448096380 host_ns=1318530910186875
RUNTIME_WITHHELD n=572 txn=571 epoch=35 flags=0xb0000001 state=7 error=0 fpga_ts=448881276 host_ns=1318530944270230
RUNTIME_WITHHELD n=573 txn=572 epoch=36 flags=0xb0000001 state=7 error=0 fpga_ts=449666172 host_ns=1318530978344986
RUNTIME_WITHHELD n=574 txn=573 epoch=37 flags=0xb0000001 state=7 error=0 fpga_ts=450451068 host_ns=1318531012386428
RUNTIME_WITHHELD n=575 txn=574 epoch=38 flags=0xb0000001 state=7 error=0 fpga_ts=451235964 host_ns=1318531046459405
RUNTIME_WITHHELD n=576 txn=575 epoch=39 flags=0xb0000001 state=7 error=0 fpga_ts=452020860 host_ns=1318531080553789
RUNTIME_WITHHELD n=577 txn=576 epoch=40 flags=0xb0000001 state=7 error=0 fpga_ts=452805756 host_ns=1318531114591586
RUNTIME_WITHHELD n=578 txn=577 epoch=41 flags=0xb0000001 state=7 error=0 fpga_ts=453590652 host_ns=1318531148679869
RUNTIME_WITHHELD n=579 txn=578 epoch=42 flags=0xb0000001 state=7 error=0 fpga_ts=454375548 host_ns=1318531182714900
RUNTIME_WITHHELD n=580 txn=579 epoch=43 flags=0xb0000001 state=7 error=0 fpga_ts=455160444 host_ns=1318531216788278
RUNTIME_WITHHELD n=581 txn=580 epoch=44 flags=0xb0000001 state=7 error=0 fpga_ts=455945340 host_ns=1318531250853971
RUNTIME_WITHHELD n=582 txn=581 epoch=45 flags=0xb0000001 state=7 error=0 fpga_ts=456730236 host_ns=1318531284918159
RUNTIME_WITHHELD n=583 txn=582 epoch=46 flags=0xb0000001 state=7 error=0 fpga_ts=457515132 host_ns=1318531319007981
RUNTIME_WITHHELD n=584 txn=583 epoch=47 flags=0xb0000001 state=7 error=0 fpga_ts=458300028 host_ns=1318531353047855
RUNTIME_WITHHELD n=585 txn=584 epoch=48 flags=0xb0000001 state=7 error=0 fpga_ts=459084924 host_ns=1318531387114107
RUNTIME_WITHHELD n=586 txn=585 epoch=49 flags=0xb0000001 state=7 error=0 fpga_ts=459869820 host_ns=1318531421179279
RUNTIME_WITHHELD n=587 txn=586 epoch=50 flags=0xb0000001 state=7 error=0 fpga_ts=460654716 host_ns=1318531455285231
RUNTIME_WITHHELD n=588 txn=587 epoch=51 flags=0xb0000001 state=7 error=0 fpga_ts=461439612 host_ns=1318531489310259
RUNTIME_WITHHELD n=589 txn=588 epoch=52 flags=0xb0000001 state=7 error=0 fpga_ts=462224508 host_ns=1318531523416235
RUNTIME_WITHHELD n=590 txn=589 epoch=53 flags=0xb0000001 state=7 error=0 fpga_ts=463009404 host_ns=1318531557469970
RUNTIME_WITHHELD n=591 txn=590 epoch=54 flags=0xb0000001 state=7 error=0 fpga_ts=463794300 host_ns=1318531591551882
RUNTIME_WITHHELD n=592 txn=591 epoch=55 flags=0xb0000001 state=7 error=0 fpga_ts=464579196 host_ns=1318531625602177
RUNTIME_WITHHELD n=593 txn=592 epoch=56 flags=0xb0000001 state=7 error=0 fpga_ts=465364092 host_ns=1318531659680594
RUNTIME_WITHHELD n=594 txn=593 epoch=57 flags=0xb0000001 state=7 error=0 fpga_ts=466148988 host_ns=1318531693715560
RUNTIME_WITHHELD n=595 txn=594 epoch=58 flags=0xb0000001 state=7 error=0 fpga_ts=467064700 host_ns=1318531733437459
RUNTIME_WITHHELD n=596 txn=595 epoch=59 flags=0xb0000001 state=7 error=0 fpga_ts=467849596 host_ns=1318531767527668
RUNTIME_WITHHELD n=597 txn=596 epoch=60 flags=0xb0000001 state=7 error=0 fpga_ts=468634492 host_ns=1318531801593451
RUNTIME_WITHHELD n=598 txn=597 epoch=61 flags=0xb0000001 state=7 error=0 fpga_ts=469419388 host_ns=1318531835670975
RUNTIME_WITHHELD n=599 txn=598 epoch=62 flags=0xb0000001 state=7 error=0 fpga_ts=470204284 host_ns=1318531869728314
TRACE_SPI txn=600 writes=24 host_observed_write_us=15278.385 post_spi_to_tune_return_us=3639.460
RUNTIME_WITHHELD n=600 txn=599 epoch=63 flags=0xb0000001 state=7 error=0 fpga_ts=470989180 host_ns=1318531903801790
mode=RX2 progress=600 unrecovered=0 first_read_faults=0 recovered=0 last_epoch=64
RUNTIME_WITHHELD n=601 txn=600 epoch=64 flags=0xb0000001 state=7 error=0 fpga_ts=471774076 host_ns=1318531937866787
RUNTIME_WITHHELD n=602 txn=601 epoch=65 flags=0xb0000001 state=7 error=0 fpga_ts=472558972 host_ns=1318531971942637
RUNTIME_WITHHELD n=603 txn=602 epoch=66 flags=0xb0000001 state=7 error=0 fpga_ts=473343868 host_ns=1318532005988532
RUNTIME_WITHHELD n=604 txn=603 epoch=67 flags=0xb0000001 state=7 error=0 fpga_ts=474128764 host_ns=1318532040073556
RUNTIME_WITHHELD n=605 txn=604 epoch=68 flags=0xb0000001 state=7 error=0 fpga_ts=474913660 host_ns=1318532074131293
RUNTIME_WITHHELD n=606 txn=605 epoch=69 flags=0xb0000001 state=7 error=0 fpga_ts=475698556 host_ns=1318532108207134
RUNTIME_WITHHELD n=607 txn=606 epoch=70 flags=0xb0000001 state=7 error=0 fpga_ts=476483452 host_ns=1318532142265736
RUNTIME_WITHHELD n=608 txn=607 epoch=71 flags=0xb0000001 state=7 error=0 fpga_ts=477268348 host_ns=1318532176345572
RUNTIME_WITHHELD n=609 txn=608 epoch=72 flags=0xb0000001 state=7 error=0 fpga_ts=478053244 host_ns=1318532210392957
RUNTIME_WITHHELD n=610 txn=609 epoch=73 flags=0xb0000001 state=7 error=0 fpga_ts=478838140 host_ns=1318532244463271
RUNTIME_WITHHELD n=611 txn=610 epoch=74 flags=0xb0000001 state=7 error=0 fpga_ts=479623036 host_ns=1318532278525483
RUNTIME_WITHHELD n=612 txn=611 epoch=75 flags=0xb0000001 state=7 error=0 fpga_ts=480407932 host_ns=1318532312604052
RUNTIME_WITHHELD n=613 txn=612 epoch=76 flags=0xb0000001 state=7 error=0 fpga_ts=481192828 host_ns=1318532346692846
RUNTIME_WITHHELD n=614 txn=613 epoch=77 flags=0xb0000001 state=7 error=0 fpga_ts=481977724 host_ns=1318532380743288
RUNTIME_WITHHELD n=615 txn=614 epoch=78 flags=0xb0000001 state=7 error=0 fpga_ts=482762620 host_ns=1318532414801941
RUNTIME_WITHHELD n=616 txn=615 epoch=79 flags=0xb0000001 state=7 error=0 fpga_ts=483547516 host_ns=1318532448876639
RUNTIME_WITHHELD n=617 txn=616 epoch=80 flags=0xb0000001 state=7 error=0 fpga_ts=484332412 host_ns=1318532482942341
RUNTIME_WITHHELD n=618 txn=617 epoch=81 flags=0xb0000001 state=7 error=0 fpga_ts=485117308 host_ns=1318532517017322
RUNTIME_WITHHELD n=619 txn=618 epoch=82 flags=0xb0000001 state=7 error=0 fpga_ts=485902204 host_ns=1318532551056345
RUNTIME_WITHHELD n=620 txn=619 epoch=83 flags=0xb0000001 state=7 error=0 fpga_ts=486687100 host_ns=1318532585133112
RUNTIME_WITHHELD n=621 txn=620 epoch=84 flags=0xb0000001 state=7 error=0 fpga_ts=487471996 host_ns=1318532619197662
RUNTIME_WITHHELD n=622 txn=621 epoch=85 flags=0xb0000001 state=7 error=0 fpga_ts=488256892 host_ns=1318532653262809
RUNTIME_WITHHELD n=623 txn=622 epoch=86 flags=0xb0000001 state=7 error=0 fpga_ts=489041788 host_ns=1318532687347455
RUNTIME_WITHHELD n=624 txn=623 epoch=87 flags=0xb0000001 state=7 error=0 fpga_ts=489826684 host_ns=1318532721397286
RUNTIME_WITHHELD n=625 txn=624 epoch=88 flags=0xb0000001 state=7 error=0 fpga_ts=490611580 host_ns=1318532755458696
RUNTIME_WITHHELD n=626 txn=625 epoch=89 flags=0xb0000001 state=7 error=0 fpga_ts=491396476 host_ns=1318532789535667
RUNTIME_WITHHELD n=627 txn=626 epoch=90 flags=0xb0000001 state=7 error=0 fpga_ts=492181372 host_ns=1318532823599663
RUNTIME_WITHHELD n=628 txn=627 epoch=91 flags=0xb0000001 state=7 error=0 fpga_ts=492966268 host_ns=1318532857680878
RUNTIME_WITHHELD n=629 txn=628 epoch=92 flags=0xb0000001 state=7 error=0 fpga_ts=493751164 host_ns=1318532891731520
RUNTIME_WITHHELD n=630 txn=629 epoch=93 flags=0xb0000001 state=7 error=0 fpga_ts=494536060 host_ns=1318532925805527
RUNTIME_WITHHELD n=631 txn=630 epoch=94 flags=0xb0000001 state=7 error=0 fpga_ts=495320956 host_ns=1318532959878298
RUNTIME_WITHHELD n=632 txn=631 epoch=95 flags=0xb0000001 state=7 error=0 fpga_ts=496105852 host_ns=1318532993948048
RUNTIME_WITHHELD n=633 txn=632 epoch=96 flags=0xb0000001 state=7 error=0 fpga_ts=496890748 host_ns=1318533028009792
RUNTIME_WITHHELD n=634 txn=633 epoch=97 flags=0xb0000001 state=7 error=0 fpga_ts=497675644 host_ns=1318533062063968
RUNTIME_WITHHELD n=635 txn=634 epoch=98 flags=0xb0000001 state=7 error=0 fpga_ts=498460540 host_ns=1318533096129319
RUNTIME_WITHHELD n=636 txn=635 epoch=99 flags=0xb0000001 state=7 error=0 fpga_ts=499245436 host_ns=1318533130195355
RUNTIME_WITHHELD n=637 txn=636 epoch=100 flags=0xb0000001 state=7 error=0 fpga_ts=500030332 host_ns=1318533164261745
RUNTIME_WITHHELD n=638 txn=637 epoch=101 flags=0xb0000001 state=7 error=0 fpga_ts=500815228 host_ns=1318533198330807
RUNTIME_WITHHELD n=639 txn=638 epoch=102 flags=0xb0000001 state=7 error=0 fpga_ts=501600124 host_ns=1318533232392551
RUNTIME_WITHHELD n=640 txn=639 epoch=103 flags=0xb0000001 state=7 error=0 fpga_ts=502385020 host_ns=1318533266464353
RUNTIME_WITHHELD n=641 txn=640 epoch=104 flags=0xb0000001 state=7 error=0 fpga_ts=503169916 host_ns=1318533300546080
RUNTIME_WITHHELD n=642 txn=641 epoch=105 flags=0xb0000001 state=7 error=0 fpga_ts=503954812 host_ns=1318533334632125
RUNTIME_WITHHELD n=643 txn=642 epoch=106 flags=0xb0000001 state=7 error=0 fpga_ts=504739708 host_ns=1318533368659344
RUNTIME_WITHHELD n=644 txn=643 epoch=107 flags=0xb0000001 state=7 error=0 fpga_ts=505524604 host_ns=1318533402761835
RUNTIME_WITHHELD n=645 txn=644 epoch=108 flags=0xb0000001 state=7 error=0 fpga_ts=506309500 host_ns=1318533436803065
RUNTIME_WITHHELD n=646 txn=645 epoch=109 flags=0xb0000001 state=7 error=0 fpga_ts=507094396 host_ns=1318533470878328
RUNTIME_WITHHELD n=647 txn=646 epoch=110 flags=0xb0000001 state=7 error=0 fpga_ts=507879292 host_ns=1318533504933171
RUNTIME_WITHHELD n=648 txn=647 epoch=111 flags=0xb0000001 state=7 error=0 fpga_ts=508664188 host_ns=1318533539016431
RUNTIME_WITHHELD n=649 txn=648 epoch=112 flags=0xb0000001 state=7 error=0 fpga_ts=509449084 host_ns=1318533573084470
RUNTIME_WITHHELD n=650 txn=649 epoch=113 flags=0xb0000001 state=7 error=0 fpga_ts=510233980 host_ns=1318533607135545
RUNTIME_WITHHELD n=651 txn=650 epoch=114 flags=0xb0000001 state=7 error=0 fpga_ts=511018876 host_ns=1318533641194153
RUNTIME_WITHHELD n=652 txn=651 epoch=115 flags=0xb0000001 state=7 error=0 fpga_ts=511803772 host_ns=1318533675265832
RUNTIME_WITHHELD n=653 txn=652 epoch=116 flags=0xb0000001 state=7 error=0 fpga_ts=512588668 host_ns=1318533709334185
RUNTIME_WITHHELD n=654 txn=653 epoch=117 flags=0xb0000001 state=7 error=0 fpga_ts=513373564 host_ns=1318533743394777
RUNTIME_WITHHELD n=655 txn=654 epoch=118 flags=0xb0000001 state=7 error=0 fpga_ts=514158460 host_ns=1318533777483184
RUNTIME_WITHHELD n=656 txn=655 epoch=119 flags=0xb0000001 state=7 error=0 fpga_ts=514943356 host_ns=1318533811539348
RUNTIME_WITHHELD n=657 txn=656 epoch=120 flags=0xb0000001 state=7 error=0 fpga_ts=515728252 host_ns=1318533845592400
RUNTIME_WITHHELD n=658 txn=657 epoch=121 flags=0xb0000001 state=7 error=0 fpga_ts=516513148 host_ns=1318533879658800
RUNTIME_WITHHELD n=659 txn=658 epoch=122 flags=0xb0000001 state=7 error=0 fpga_ts=517298044 host_ns=1318533913726990
RUNTIME_WITHHELD n=660 txn=659 epoch=123 flags=0xb0000001 state=7 error=0 fpga_ts=518082940 host_ns=1318533947796539
RUNTIME_WITHHELD n=661 txn=660 epoch=124 flags=0xb0000001 state=7 error=0 fpga_ts=518867836 host_ns=1318533981863745
RUNTIME_WITHHELD n=662 txn=661 epoch=125 flags=0xb0000001 state=7 error=0 fpga_ts=519652732 host_ns=1318534015947584
RUNTIME_WITHHELD n=663 txn=662 epoch=126 flags=0xb0000001 state=7 error=0 fpga_ts=520437628 host_ns=1318534049995558
RUNTIME_WITHHELD n=664 txn=663 epoch=127 flags=0xb0000001 state=7 error=0 fpga_ts=521222524 host_ns=1318534084068802
RUNTIME_WITHHELD n=665 txn=664 epoch=128 flags=0xb0000001 state=7 error=0 fpga_ts=522007420 host_ns=1318534118129724
RUNTIME_WITHHELD n=666 txn=665 epoch=129 flags=0xb0000001 state=7 error=0 fpga_ts=522792316 host_ns=1318534152193947
RUNTIME_WITHHELD n=667 txn=666 epoch=130 flags=0xb0000001 state=7 error=0 fpga_ts=523577212 host_ns=1318534186300274
RUNTIME_WITHHELD n=668 txn=667 epoch=131 flags=0xb0000001 state=7 error=0 fpga_ts=524362108 host_ns=1318534220329897
RUNTIME_WITHHELD n=669 txn=668 epoch=132 flags=0xb0000001 state=7 error=0 fpga_ts=525147004 host_ns=1318534254399500
RUNTIME_WITHHELD n=670 txn=669 epoch=133 flags=0xb0000001 state=7 error=0 fpga_ts=525931900 host_ns=1318534288465799
RUNTIME_WITHHELD n=671 txn=670 epoch=134 flags=0xb0000001 state=7 error=0 fpga_ts=526716796 host_ns=1318534322545932
RUNTIME_WITHHELD n=672 txn=671 epoch=135 flags=0xb0000001 state=7 error=0 fpga_ts=527501692 host_ns=1318534356618523
RUNTIME_WITHHELD n=673 txn=672 epoch=136 flags=0xb0000001 state=7 error=0 fpga_ts=528286588 host_ns=1318534390683394
RUNTIME_WITHHELD n=674 txn=673 epoch=137 flags=0xb0000001 state=7 error=0 fpga_ts=529071484 host_ns=1318534424735133
RUNTIME_WITHHELD n=675 txn=674 epoch=138 flags=0xb0000001 state=7 error=0 fpga_ts=529856380 host_ns=1318534458792223
RUNTIME_WITHHELD n=676 txn=675 epoch=139 flags=0xb0000001 state=7 error=0 fpga_ts=530641276 host_ns=1318534492883603
RUNTIME_WITHHELD n=677 txn=676 epoch=140 flags=0xb0000001 state=7 error=0 fpga_ts=531426172 host_ns=1318534526951012
RUNTIME_WITHHELD n=678 txn=677 epoch=141 flags=0xb0000001 state=7 error=0 fpga_ts=532211068 host_ns=1318534561003655
RUNTIME_WITHHELD n=679 txn=678 epoch=142 flags=0xb0000001 state=7 error=0 fpga_ts=532995964 host_ns=1318534595067826
RUNTIME_WITHHELD n=680 txn=679 epoch=143 flags=0xb0000001 state=7 error=0 fpga_ts=533780860 host_ns=1318534629126242
RUNTIME_WITHHELD n=681 txn=680 epoch=144 flags=0xb0000001 state=7 error=0 fpga_ts=534565756 host_ns=1318534663200574
RUNTIME_WITHHELD n=682 txn=681 epoch=145 flags=0xb0000001 state=7 error=0 fpga_ts=535350652 host_ns=1318534697269774
RUNTIME_WITHHELD n=683 txn=682 epoch=146 flags=0xb0000001 state=7 error=0 fpga_ts=536135548 host_ns=1318534731330180
RUNTIME_WITHHELD n=684 txn=683 epoch=147 flags=0xb0000001 state=7 error=0 fpga_ts=536920444 host_ns=1318534765400350
RUNTIME_WITHHELD n=685 txn=684 epoch=148 flags=0xb0000001 state=7 error=0 fpga_ts=537705340 host_ns=1318534799466972
RUNTIME_WITHHELD n=686 txn=685 epoch=149 flags=0xb0000001 state=7 error=0 fpga_ts=538490236 host_ns=1318534833580327
RUNTIME_WITHHELD n=687 txn=686 epoch=150 flags=0xb0000001 state=7 error=0 fpga_ts=539275132 host_ns=1318534867602252
RUNTIME_WITHHELD n=688 txn=687 epoch=151 flags=0xb0000001 state=7 error=0 fpga_ts=540060028 host_ns=1318534901686866
RUNTIME_WITHHELD n=689 txn=688 epoch=152 flags=0xb0000001 state=7 error=0 fpga_ts=540844924 host_ns=1318534935734702
RUNTIME_WITHHELD n=690 txn=689 epoch=153 flags=0xb0000001 state=7 error=0 fpga_ts=541629820 host_ns=1318534969801180
RUNTIME_WITHHELD n=691 txn=690 epoch=154 flags=0xb0000001 state=7 error=0 fpga_ts=542414716 host_ns=1318535003892637
RUNTIME_WITHHELD n=692 txn=691 epoch=155 flags=0xb0000001 state=7 error=0 fpga_ts=543199612 host_ns=1318535037960931
RUNTIME_WITHHELD n=693 txn=692 epoch=156 flags=0xb0000001 state=7 error=0 fpga_ts=543984508 host_ns=1318535072006199
RUNTIME_WITHHELD n=694 txn=693 epoch=157 flags=0xb0000001 state=7 error=0 fpga_ts=544769404 host_ns=1318535106109925
RUNTIME_WITHHELD n=695 txn=694 epoch=158 flags=0xb0000001 state=7 error=0 fpga_ts=545554300 host_ns=1318535140137565
RUNTIME_WITHHELD n=696 txn=695 epoch=159 flags=0xb0000001 state=7 error=0 fpga_ts=546339196 host_ns=1318535174230868
RUNTIME_WITHHELD n=697 txn=696 epoch=160 flags=0xb0000001 state=7 error=0 fpga_ts=547124092 host_ns=1318535208269298
RUNTIME_WITHHELD n=698 txn=697 epoch=161 flags=0xb0000001 state=7 error=0 fpga_ts=547908988 host_ns=1318535242343526
RUNTIME_WITHHELD n=699 txn=698 epoch=162 flags=0xb0000001 state=7 error=0 fpga_ts=548693884 host_ns=1318535276399030
TRACE_SPI txn=700 writes=24 host_observed_write_us=15585.978 post_spi_to_tune_return_us=3335.428
RUNTIME_WITHHELD n=700 txn=699 epoch=163 flags=0xb0000001 state=7 error=0 fpga_ts=549478780 host_ns=1318535310508983
mode=RX2 progress=700 unrecovered=0 first_read_faults=0 recovered=0 last_epoch=164
RUNTIME_WITHHELD n=701 txn=700 epoch=164 flags=0xb0000001 state=7 error=0 fpga_ts=550263676 host_ns=1318535344538832
RUNTIME_WITHHELD n=702 txn=701 epoch=165 flags=0xb0000001 state=7 error=0 fpga_ts=551048572 host_ns=1318535378603114
RUNTIME_WITHHELD n=703 txn=702 epoch=166 flags=0xb0000001 state=7 error=0 fpga_ts=551833468 host_ns=1318535412659921
RUNTIME_WITHHELD n=704 txn=703 epoch=167 flags=0xb0000001 state=7 error=0 fpga_ts=552618364 host_ns=1318535446745677
RUNTIME_WITHHELD n=705 txn=704 epoch=168 flags=0xb0000001 state=7 error=0 fpga_ts=553403260 host_ns=1318535480805696
RUNTIME_WITHHELD n=706 txn=705 epoch=169 flags=0xb0000001 state=7 error=0 fpga_ts=554188156 host_ns=1318535514864905
RUNTIME_WITHHELD n=707 txn=706 epoch=170 flags=0xb0000001 state=7 error=0 fpga_ts=554973052 host_ns=1318535548926461
RUNTIME_WITHHELD n=708 txn=707 epoch=171 flags=0xb0000001 state=7 error=0 fpga_ts=555757948 host_ns=1318535583008196
RUNTIME_WITHHELD n=709 txn=708 epoch=172 flags=0xb0000001 state=7 error=0 fpga_ts=556542844 host_ns=1318535617071925
RUNTIME_WITHHELD n=710 txn=709 epoch=173 flags=0xb0000001 state=7 error=0 fpga_ts=557327740 host_ns=1318535651141309
RUNTIME_WITHHELD n=711 txn=710 epoch=174 flags=0xb0000001 state=7 error=0 fpga_ts=558112636 host_ns=1318535685216414
RUNTIME_WITHHELD n=712 txn=711 epoch=175 flags=0xb0000001 state=7 error=0 fpga_ts=558897532 host_ns=1318535719275694
RUNTIME_WITHHELD n=713 txn=712 epoch=176 flags=0xb0000001 state=7 error=0 fpga_ts=559682428 host_ns=1318535753332752
RUNTIME_WITHHELD n=714 txn=713 epoch=177 flags=0xb0000001 state=7 error=0 fpga_ts=560467324 host_ns=1318535787400142
RUNTIME_WITHHELD n=715 txn=714 epoch=178 flags=0xb0000001 state=7 error=0 fpga_ts=561252220 host_ns=1318535821459484
RUNTIME_WITHHELD n=716 txn=715 epoch=179 flags=0xb0000001 state=7 error=0 fpga_ts=562037116 host_ns=1318535855552240
RUNTIME_WITHHELD n=717 txn=716 epoch=180 flags=0xb0000001 state=7 error=0 fpga_ts=562822012 host_ns=1318535889599909
RUNTIME_WITHHELD n=718 txn=717 epoch=181 flags=0xb0000001 state=7 error=0 fpga_ts=563606908 host_ns=1318535923667275
RUNTIME_WITHHELD n=719 txn=718 epoch=182 flags=0xb0000001 state=7 error=0 fpga_ts=564391804 host_ns=1318535957747874
RUNTIME_WITHHELD n=720 txn=719 epoch=183 flags=0xb0000001 state=7 error=0 fpga_ts=565176700 host_ns=1318535991806046
RUNTIME_WITHHELD n=721 txn=720 epoch=184 flags=0xb0000001 state=7 error=0 fpga_ts=565961596 host_ns=1318536025879732
RUNTIME_WITHHELD n=722 txn=721 epoch=185 flags=0xb0000001 state=7 error=0 fpga_ts=566746492 host_ns=1318536059950991
RUNTIME_WITHHELD n=723 txn=722 epoch=186 flags=0xb0000001 state=7 error=0 fpga_ts=567531388 host_ns=1318536094019477
RUNTIME_WITHHELD n=724 txn=723 epoch=187 flags=0xb0000001 state=7 error=0 fpga_ts=568316284 host_ns=1318536128088537
RUNTIME_WITHHELD n=725 txn=724 epoch=188 flags=0xb0000001 state=7 error=0 fpga_ts=569101180 host_ns=1318536162132591
RUNTIME_WITHHELD n=726 txn=725 epoch=189 flags=0xb0000001 state=7 error=0 fpga_ts=569886076 host_ns=1318536196200040
RUNTIME_WITHHELD n=727 txn=726 epoch=190 flags=0xb0000001 state=7 error=0 fpga_ts=570670972 host_ns=1318536230302817
RUNTIME_WITHHELD n=728 txn=727 epoch=191 flags=0xb0000001 state=7 error=0 fpga_ts=571455868 host_ns=1318536264354451
RUNTIME_WITHHELD n=729 txn=728 epoch=192 flags=0xb0000001 state=7 error=0 fpga_ts=572240764 host_ns=1318536298418543
RUNTIME_WITHHELD n=730 txn=729 epoch=193 flags=0xb0000001 state=7 error=0 fpga_ts=573025660 host_ns=1318536332484481
RUNTIME_WITHHELD n=731 txn=730 epoch=194 flags=0xb0000001 state=7 error=0 fpga_ts=573810556 host_ns=1318536366527108
RUNTIME_WITHHELD n=732 txn=731 epoch=195 flags=0xb0000001 state=7 error=0 fpga_ts=574595452 host_ns=1318536400621575
RUNTIME_WITHHELD n=733 txn=732 epoch=196 flags=0xb0000001 state=7 error=0 fpga_ts=575380348 host_ns=1318536434665268
RUNTIME_WITHHELD n=734 txn=733 epoch=197 flags=0xb0000001 state=7 error=0 fpga_ts=576165244 host_ns=1318536468734811
RUNTIME_WITHHELD n=735 txn=734 epoch=198 flags=0xb0000001 state=7 error=0 fpga_ts=576950140 host_ns=1318536502798029
RUNTIME_WITHHELD n=736 txn=735 epoch=199 flags=0xb0000001 state=7 error=0 fpga_ts=577735036 host_ns=1318536536868891
RUNTIME_WITHHELD n=737 txn=736 epoch=200 flags=0xb0000001 state=7 error=0 fpga_ts=578519932 host_ns=1318536570930320
RUNTIME_WITHHELD n=738 txn=737 epoch=201 flags=0xb0000001 state=7 error=0 fpga_ts=579304828 host_ns=1318536605018804
RUNTIME_WITHHELD n=739 txn=738 epoch=202 flags=0xb0000001 state=7 error=0 fpga_ts=580089724 host_ns=1318536639063965
RUNTIME_WITHHELD n=740 txn=739 epoch=203 flags=0xb0000001 state=7 error=0 fpga_ts=580874620 host_ns=1318536673136247
RUNTIME_WITHHELD n=741 txn=740 epoch=204 flags=0xb0000001 state=7 error=0 fpga_ts=581659516 host_ns=1318536707203405
RUNTIME_WITHHELD n=742 txn=741 epoch=205 flags=0xb0000001 state=7 error=0 fpga_ts=582444412 host_ns=1318536741283573
RUNTIME_WITHHELD n=743 txn=742 epoch=206 flags=0xb0000001 state=7 error=0 fpga_ts=583229308 host_ns=1318536775367315
RUNTIME_WITHHELD n=744 txn=743 epoch=207 flags=0xb0000001 state=7 error=0 fpga_ts=584014204 host_ns=1318536809421926
RUNTIME_WITHHELD n=745 txn=744 epoch=208 flags=0xb0000001 state=7 error=0 fpga_ts=584799100 host_ns=1318536843464758
RUNTIME_WITHHELD n=746 txn=745 epoch=209 flags=0xb0000001 state=7 error=0 fpga_ts=585583996 host_ns=1318536877539404
RUNTIME_WITHHELD n=747 txn=746 epoch=210 flags=0xb0000001 state=7 error=0 fpga_ts=586368892 host_ns=1318536911595884
RUNTIME_WITHHELD n=748 txn=747 epoch=211 flags=0xb0000001 state=7 error=0 fpga_ts=587153788 host_ns=1318536945689366
RUNTIME_WITHHELD n=749 txn=748 epoch=212 flags=0xb0000001 state=7 error=0 fpga_ts=587938684 host_ns=1318536979763910
RUNTIME_WITHHELD n=750 txn=749 epoch=213 flags=0xb0000001 state=7 error=0 fpga_ts=588723580 host_ns=1318537013815961
RUNTIME_WITHHELD n=751 txn=750 epoch=214 flags=0xb0000001 state=7 error=0 fpga_ts=589508476 host_ns=1318537047882771
RUNTIME_WITHHELD n=752 txn=751 epoch=215 flags=0xb0000001 state=7 error=0 fpga_ts=590293372 host_ns=1318537081966156
RUNTIME_WITHHELD n=753 txn=752 epoch=216 flags=0xb0000001 state=7 error=0 fpga_ts=591078268 host_ns=1318537115998788
RUNTIME_WITHHELD n=754 txn=753 epoch=217 flags=0xb0000001 state=7 error=0 fpga_ts=591863164 host_ns=1318537150103554
RUNTIME_WITHHELD n=755 txn=754 epoch=218 flags=0xb0000001 state=7 error=0 fpga_ts=592648060 host_ns=1318537184133454
RUNTIME_WITHHELD n=756 txn=755 epoch=219 flags=0xb0000001 state=7 error=0 fpga_ts=593432956 host_ns=1318537218205022
RUNTIME_WITHHELD n=757 txn=756 epoch=220 flags=0xb0000001 state=7 error=0 fpga_ts=594217852 host_ns=1318537252298113
RUNTIME_WITHHELD n=758 txn=757 epoch=221 flags=0xb0000001 state=7 error=0 fpga_ts=595002748 host_ns=1318537286339404
RUNTIME_WITHHELD n=759 txn=758 epoch=222 flags=0xb0000001 state=7 error=0 fpga_ts=595787644 host_ns=1318537320400725
RUNTIME_WITHHELD n=760 txn=759 epoch=223 flags=0xb0000001 state=7 error=0 fpga_ts=596572540 host_ns=1318537354500235
RUNTIME_WITHHELD n=761 txn=760 epoch=224 flags=0xb0000001 state=7 error=0 fpga_ts=597357436 host_ns=1318537388531153
RUNTIME_WITHHELD n=762 txn=761 epoch=225 flags=0xb0000001 state=7 error=0 fpga_ts=598142332 host_ns=1318537422616744
RUNTIME_WITHHELD n=763 txn=762 epoch=226 flags=0xb0000001 state=7 error=0 fpga_ts=598927228 host_ns=1318537456658952
RUNTIME_WITHHELD n=764 txn=763 epoch=227 flags=0xb0000001 state=7 error=0 fpga_ts=599712124 host_ns=1318537490735310
RUNTIME_WITHHELD n=765 txn=764 epoch=228 flags=0xb0000001 state=7 error=0 fpga_ts=600497020 host_ns=1318537524813578
RUNTIME_WITHHELD n=766 txn=765 epoch=229 flags=0xb0000001 state=7 error=0 fpga_ts=601281916 host_ns=1318537558854065
RUNTIME_WITHHELD n=767 txn=766 epoch=230 flags=0xb0000001 state=7 error=0 fpga_ts=602066812 host_ns=1318537592926265
RUNTIME_WITHHELD n=768 txn=767 epoch=231 flags=0xb0000001 state=7 error=0 fpga_ts=602851708 host_ns=1318537627023884
RUNTIME_WITHHELD n=769 txn=768 epoch=232 flags=0xb0000001 state=7 error=0 fpga_ts=603636604 host_ns=1318537661076445
RUNTIME_WITHHELD n=770 txn=769 epoch=233 flags=0xb0000001 state=7 error=0 fpga_ts=604421500 host_ns=1318537695128281
RUNTIME_WITHHELD n=771 txn=770 epoch=234 flags=0xb0000001 state=7 error=0 fpga_ts=605206396 host_ns=1318537729197174
RUNTIME_WITHHELD n=772 txn=771 epoch=235 flags=0xb0000001 state=7 error=0 fpga_ts=605991292 host_ns=1318537763270695
RUNTIME_WITHHELD n=773 txn=772 epoch=236 flags=0xb0000001 state=7 error=0 fpga_ts=606776188 host_ns=1318537797341370
RUNTIME_WITHHELD n=774 txn=773 epoch=237 flags=0xb0000001 state=7 error=0 fpga_ts=607561084 host_ns=1318537831398056
RUNTIME_WITHHELD n=775 txn=774 epoch=238 flags=0xb0000001 state=7 error=0 fpga_ts=608345980 host_ns=1318537865464396
RUNTIME_WITHHELD n=776 txn=775 epoch=239 flags=0xb0000001 state=7 error=0 fpga_ts=609130876 host_ns=1318537899546424
RUNTIME_WITHHELD n=777 txn=776 epoch=240 flags=0xb0000001 state=7 error=0 fpga_ts=609915772 host_ns=1318537933600428
RUNTIME_WITHHELD n=778 txn=777 epoch=241 flags=0xb0000001 state=7 error=0 fpga_ts=610700668 host_ns=1318537967667743
RUNTIME_WITHHELD n=779 txn=778 epoch=242 flags=0xb0000001 state=7 error=0 fpga_ts=611485564 host_ns=1318538001737934
RUNTIME_WITHHELD n=780 txn=779 epoch=243 flags=0xb0000001 state=7 error=0 fpga_ts=612270460 host_ns=1318538035815598
RUNTIME_WITHHELD n=781 txn=780 epoch=244 flags=0xb0000001 state=7 error=0 fpga_ts=613055356 host_ns=1318538069869896
RUNTIME_WITHHELD n=782 txn=781 epoch=245 flags=0xb0000001 state=7 error=0 fpga_ts=613840252 host_ns=1318538103954749
RUNTIME_WITHHELD n=783 txn=782 epoch=246 flags=0xb0000001 state=7 error=0 fpga_ts=614625148 host_ns=1318538138010915
RUNTIME_WITHHELD n=784 txn=783 epoch=247 flags=0xb0000001 state=7 error=0 fpga_ts=615410044 host_ns=1318538172108128
RUNTIME_WITHHELD n=785 txn=784 epoch=248 flags=0xb0000001 state=7 error=0 fpga_ts=616194940 host_ns=1318538206141520
RUNTIME_WITHHELD n=786 txn=785 epoch=249 flags=0xb0000001 state=7 error=0 fpga_ts=616979836 host_ns=1318538240220517
RUNTIME_WITHHELD n=787 txn=786 epoch=250 flags=0xb0000001 state=7 error=0 fpga_ts=617764732 host_ns=1318538274263155
RUNTIME_WITHHELD n=788 txn=787 epoch=251 flags=0xb0000001 state=7 error=0 fpga_ts=618549628 host_ns=1318538308344282
RUNTIME_WITHHELD n=789 txn=788 epoch=252 flags=0xb0000001 state=7 error=0 fpga_ts=619334524 host_ns=1318538342396476
RUNTIME_WITHHELD n=790 txn=789 epoch=253 flags=0xb0000001 state=7 error=0 fpga_ts=620119420 host_ns=1318538376468830
RUNTIME_WITHHELD n=791 txn=790 epoch=254 flags=0xb0000001 state=7 error=0 fpga_ts=620904316 host_ns=1318538410541101
RUNTIME_WITHHELD n=792 txn=791 epoch=255 flags=0xb0000001 state=7 error=0 fpga_ts=621689212 host_ns=1318538444591111
RUNTIME_WITHHELD n=793 txn=792 epoch=0 flags=0xb0000001 state=7 error=0 fpga_ts=622474108 host_ns=1318538478667315
RUNTIME_WITHHELD n=794 txn=793 epoch=1 flags=0xb0000001 state=7 error=0 fpga_ts=623259004 host_ns=1318538512749197
RUNTIME_WITHHELD n=795 txn=794 epoch=2 flags=0xb0000001 state=7 error=0 fpga_ts=624043900 host_ns=1318538546817992
RUNTIME_WITHHELD n=796 txn=795 epoch=3 flags=0xb0000001 state=7 error=0 fpga_ts=624828796 host_ns=1318538580863589
RUNTIME_WITHHELD n=797 txn=796 epoch=4 flags=0xb0000001 state=7 error=0 fpga_ts=625613692 host_ns=1318538614931435
RUNTIME_WITHHELD n=798 txn=797 epoch=5 flags=0xb0000001 state=7 error=0 fpga_ts=626398588 host_ns=1318538649033922
RUNTIME_WITHHELD n=799 txn=798 epoch=6 flags=0xb0000001 state=7 error=0 fpga_ts=627183484 host_ns=1318538683064369
TRACE_SPI txn=800 writes=24 host_observed_write_us=15278.359 post_spi_to_tune_return_us=3283.449
RUNTIME_WITHHELD n=800 txn=799 epoch=7 flags=0xb0000001 state=7 error=0 fpga_ts=627968380 host_ns=1318538717154427
mode=RX2 progress=800 unrecovered=0 first_read_faults=0 recovered=0 last_epoch=8
RUNTIME_WITHHELD n=801 txn=800 epoch=8 flags=0xb0000001 state=7 error=0 fpga_ts=628753276 host_ns=1318538751197432
RUNTIME_WITHHELD n=802 txn=801 epoch=9 flags=0xb0000001 state=7 error=0 fpga_ts=629538172 host_ns=1318538785264199
RUNTIME_WITHHELD n=803 txn=802 epoch=10 flags=0xb0000001 state=7 error=0 fpga_ts=630323068 host_ns=1318538819327405
RUNTIME_WITHHELD n=804 txn=803 epoch=11 flags=0xb0000001 state=7 error=0 fpga_ts=631107964 host_ns=1318538853428266
RUNTIME_WITHHELD n=805 txn=804 epoch=12 flags=0xb0000001 state=7 error=0 fpga_ts=631892860 host_ns=1318538887472666
RUNTIME_WITHHELD n=806 txn=805 epoch=13 flags=0xb0000001 state=7 error=0 fpga_ts=632677756 host_ns=1318538921533255
RUNTIME_WITHHELD n=807 txn=806 epoch=14 flags=0xb0000001 state=7 error=0 fpga_ts=633462652 host_ns=1318538955631572
RUNTIME_WITHHELD n=808 txn=807 epoch=15 flags=0xb0000001 state=7 error=0 fpga_ts=634247548 host_ns=1318538989676669
RUNTIME_WITHHELD n=809 txn=808 epoch=16 flags=0xb0000001 state=7 error=0 fpga_ts=635032444 host_ns=1318539023730802
RUNTIME_WITHHELD n=810 txn=809 epoch=17 flags=0xb0000001 state=7 error=0 fpga_ts=635817340 host_ns=1318539057798381
RUNTIME_WITHHELD n=811 txn=810 epoch=18 flags=0xb0000001 state=7 error=0 fpga_ts=636602236 host_ns=1318539091861021
RUNTIME_WITHHELD n=812 txn=811 epoch=19 flags=0xb0000001 state=7 error=0 fpga_ts=637387132 host_ns=1318539125939417
RUNTIME_WITHHELD n=813 txn=812 epoch=20 flags=0xb0000001 state=7 error=0 fpga_ts=638302844 host_ns=1318539165676669
RUNTIME_WITHHELD n=814 txn=813 epoch=21 flags=0xb0000001 state=7 error=0 fpga_ts=639087740 host_ns=1318539199764121
RUNTIME_WITHHELD n=815 txn=814 epoch=22 flags=0xb0000001 state=7 error=0 fpga_ts=639872636 host_ns=1318539233812942
RUNTIME_WITHHELD n=816 txn=815 epoch=23 flags=0xb0000001 state=7 error=0 fpga_ts=640657532 host_ns=1318539267892593
RUNTIME_WITHHELD n=817 txn=816 epoch=24 flags=0xb0000001 state=7 error=0 fpga_ts=641442428 host_ns=1318539301973723
RUNTIME_WITHHELD n=818 txn=817 epoch=25 flags=0xb0000001 state=7 error=0 fpga_ts=642227324 host_ns=1318539335997708
RUNTIME_WITHHELD n=819 txn=818 epoch=26 flags=0xb0000001 state=7 error=0 fpga_ts=643012220 host_ns=1318539370075302
RUNTIME_WITHHELD n=820 txn=819 epoch=27 flags=0xb0000001 state=7 error=0 fpga_ts=643797116 host_ns=1318539404145475
RUNTIME_WITHHELD n=821 txn=820 epoch=28 flags=0xb0000001 state=7 error=0 fpga_ts=644582012 host_ns=1318539438197845
RUNTIME_WITHHELD n=822 txn=821 epoch=29 flags=0xb0000001 state=7 error=0 fpga_ts=645366908 host_ns=1318539472265678
RUNTIME_WITHHELD n=823 txn=822 epoch=30 flags=0xb0000001 state=7 error=0 fpga_ts=646151804 host_ns=1318539506359206
RUNTIME_WITHHELD n=824 txn=823 epoch=31 flags=0xb0000001 state=7 error=0 fpga_ts=646936700 host_ns=1318539540420223
RUNTIME_WITHHELD n=825 txn=824 epoch=32 flags=0xb0000001 state=7 error=0 fpga_ts=647721596 host_ns=1318539574470992
RUNTIME_WITHHELD n=826 txn=825 epoch=33 flags=0xb0000001 state=7 error=0 fpga_ts=648506492 host_ns=1318539608531485
RUNTIME_WITHHELD n=827 txn=826 epoch=34 flags=0xb0000001 state=7 error=0 fpga_ts=649291388 host_ns=1318539642605156
RUNTIME_WITHHELD n=828 txn=827 epoch=35 flags=0xb0000001 state=7 error=0 fpga_ts=650076284 host_ns=1318539676669548
RUNTIME_WITHHELD n=829 txn=828 epoch=36 flags=0xb0000001 state=7 error=0 fpga_ts=650861180 host_ns=1318539710736747
RUNTIME_WITHHELD n=830 txn=829 epoch=37 flags=0xb0000001 state=7 error=0 fpga_ts=651646076 host_ns=1318539744800987
RUNTIME_WITHHELD n=831 txn=830 epoch=38 flags=0xb0000001 state=7 error=0 fpga_ts=652430972 host_ns=1318539778871759
RUNTIME_WITHHELD n=832 txn=831 epoch=39 flags=0xb0000001 state=7 error=0 fpga_ts=653215868 host_ns=1318539812948540
RUNTIME_WITHHELD n=833 txn=832 epoch=40 flags=0xb0000001 state=7 error=0 fpga_ts=654000764 host_ns=1318539847005389
RUNTIME_WITHHELD n=834 txn=833 epoch=41 flags=0xb0000001 state=7 error=0 fpga_ts=654785660 host_ns=1318539881069015
RUNTIME_WITHHELD n=835 txn=834 epoch=42 flags=0xb0000001 state=7 error=0 fpga_ts=655570556 host_ns=1318539915142663
RUNTIME_WITHHELD n=836 txn=835 epoch=43 flags=0xb0000001 state=7 error=0 fpga_ts=656355452 host_ns=1318539949206090
RUNTIME_WITHHELD n=837 txn=836 epoch=44 flags=0xb0000001 state=7 error=0 fpga_ts=657140348 host_ns=1318539983273430
RUNTIME_WITHHELD n=838 txn=837 epoch=45 flags=0xb0000001 state=7 error=0 fpga_ts=657925244 host_ns=1318540017336234
RUNTIME_WITHHELD n=839 txn=838 epoch=46 flags=0xb0000001 state=7 error=0 fpga_ts=658710140 host_ns=1318540051409945
RUNTIME_WITHHELD n=840 txn=839 epoch=47 flags=0xb0000001 state=7 error=0 fpga_ts=659495036 host_ns=1318540085490997
RUNTIME_WITHHELD n=841 txn=840 epoch=48 flags=0xb0000001 state=7 error=0 fpga_ts=660279932 host_ns=1318540119533476
RUNTIME_WITHHELD n=842 txn=841 epoch=49 flags=0xb0000001 state=7 error=0 fpga_ts=661064828 host_ns=1318540153599225
RUNTIME_WITHHELD n=843 txn=842 epoch=50 flags=0xb0000001 state=7 error=0 fpga_ts=661849724 host_ns=1318540187672957
RUNTIME_WITHHELD n=844 txn=843 epoch=51 flags=0xb0000001 state=7 error=0 fpga_ts=662634620 host_ns=1318540221739034
RUNTIME_WITHHELD n=845 txn=844 epoch=52 flags=0xb0000001 state=7 error=0 fpga_ts=663419516 host_ns=1318540255863074
RUNTIME_WITHHELD n=846 txn=845 epoch=53 flags=0xb0000001 state=7 error=0 fpga_ts=664204412 host_ns=1318540289931873
RUNTIME_WITHHELD n=847 txn=846 epoch=54 flags=0xb0000001 state=7 error=0 fpga_ts=664989308 host_ns=1318540323960889
RUNTIME_WITHHELD n=848 txn=847 epoch=55 flags=0xb0000001 state=7 error=0 fpga_ts=665774204 host_ns=1318540358055923
RUNTIME_WITHHELD n=849 txn=848 epoch=56 flags=0xb0000001 state=7 error=0 fpga_ts=666559100 host_ns=1318540392100223
RUNTIME_WITHHELD n=850 txn=849 epoch=57 flags=0xb0000001 state=7 error=0 fpga_ts=667343996 host_ns=1318540426168929
RUNTIME_WITHHELD n=851 txn=850 epoch=58 flags=0xb0000001 state=7 error=0 fpga_ts=668128892 host_ns=1318540460239283
RUNTIME_WITHHELD n=852 txn=851 epoch=59 flags=0xb0000001 state=7 error=0 fpga_ts=668913788 host_ns=1318540494284628
RUNTIME_WITHHELD n=853 txn=852 epoch=60 flags=0xb0000001 state=7 error=0 fpga_ts=669698684 host_ns=1318540528342698
RUNTIME_WITHHELD n=854 txn=853 epoch=61 flags=0xb0000001 state=7 error=0 fpga_ts=670483580 host_ns=1318540562413732
RUNTIME_WITHHELD n=855 txn=854 epoch=62 flags=0xb0000001 state=7 error=0 fpga_ts=671268476 host_ns=1318540596476360
RUNTIME_WITHHELD n=856 txn=855 epoch=63 flags=0xb0000001 state=7 error=0 fpga_ts=672053372 host_ns=1318540630549011
RUNTIME_WITHHELD n=857 txn=856 epoch=64 flags=0xb0000001 state=7 error=0 fpga_ts=672838268 host_ns=1318540664586839
RUNTIME_WITHHELD n=858 txn=857 epoch=65 flags=0xb0000001 state=7 error=0 fpga_ts=673623164 host_ns=1318540698672382
RUNTIME_WITHHELD n=859 txn=858 epoch=66 flags=0xb0000001 state=7 error=0 fpga_ts=674408060 host_ns=1318540732759370
RUNTIME_WITHHELD n=860 txn=859 epoch=67 flags=0xb0000001 state=7 error=0 fpga_ts=675192956 host_ns=1318540766846473
RUNTIME_WITHHELD n=861 txn=860 epoch=68 flags=0xb0000001 state=7 error=0 fpga_ts=675977852 host_ns=1318540800904185
RUNTIME_WITHHELD n=862 txn=861 epoch=69 flags=0xb0000001 state=7 error=0 fpga_ts=676762748 host_ns=1318540834938518
RUNTIME_WITHHELD n=863 txn=862 epoch=70 flags=0xb0000001 state=7 error=0 fpga_ts=677547644 host_ns=1318540869049144
RUNTIME_WITHHELD n=864 txn=863 epoch=71 flags=0xb0000001 state=7 error=0 fpga_ts=678332540 host_ns=1318540903107289
RUNTIME_WITHHELD n=865 txn=864 epoch=72 flags=0xb0000001 state=7 error=0 fpga_ts=679117436 host_ns=1318540937142969
RUNTIME_WITHHELD n=866 txn=865 epoch=73 flags=0xb0000001 state=7 error=0 fpga_ts=679902332 host_ns=1318540971241693
RUNTIME_WITHHELD n=867 txn=866 epoch=74 flags=0xb0000001 state=7 error=0 fpga_ts=680687228 host_ns=1318541005286698
RUNTIME_WITHHELD n=868 txn=867 epoch=75 flags=0xb0000001 state=7 error=0 fpga_ts=681472124 host_ns=1318541039353138
RUNTIME_WITHHELD n=869 txn=868 epoch=76 flags=0xb0000001 state=7 error=0 fpga_ts=682257020 host_ns=1318541073405635
RUNTIME_WITHHELD n=870 txn=869 epoch=77 flags=0xb0000001 state=7 error=0 fpga_ts=683041916 host_ns=1318541107472046
RUNTIME_WITHHELD n=871 txn=870 epoch=78 flags=0xb0000001 state=7 error=0 fpga_ts=683826812 host_ns=1318541141558539
RUNTIME_WITHHELD n=872 txn=871 epoch=79 flags=0xb0000001 state=7 error=0 fpga_ts=684611708 host_ns=1318541175627554
RUNTIME_WITHHELD n=873 txn=872 epoch=80 flags=0xb0000001 state=7 error=0 fpga_ts=685396604 host_ns=1318541209681586
RUNTIME_WITHHELD n=874 txn=873 epoch=81 flags=0xb0000001 state=7 error=0 fpga_ts=686181500 host_ns=1318541243761434
RUNTIME_WITHHELD n=875 txn=874 epoch=82 flags=0xb0000001 state=7 error=0 fpga_ts=686966396 host_ns=1318541277819859
RUNTIME_WITHHELD n=876 txn=875 epoch=83 flags=0xb0000001 state=7 error=0 fpga_ts=687751292 host_ns=1318541311889428
RUNTIME_WITHHELD n=877 txn=876 epoch=84 flags=0xb0000001 state=7 error=0 fpga_ts=688536188 host_ns=1318541345952514
RUNTIME_WITHHELD n=878 txn=877 epoch=85 flags=0xb0000001 state=7 error=0 fpga_ts=689321084 host_ns=1318541380023560
RUNTIME_WITHHELD n=879 txn=878 epoch=86 flags=0xb0000001 state=7 error=0 fpga_ts=690105980 host_ns=1318541414096315
RUNTIME_WITHHELD n=880 txn=879 epoch=87 flags=0xb0000001 state=7 error=0 fpga_ts=690890876 host_ns=1318541448142262
RUNTIME_WITHHELD n=881 txn=880 epoch=88 flags=0xb0000001 state=7 error=0 fpga_ts=691675772 host_ns=1318541482205056
RUNTIME_WITHHELD n=882 txn=881 epoch=89 flags=0xb0000001 state=7 error=0 fpga_ts=692460668 host_ns=1318541516290066
RUNTIME_WITHHELD n=883 txn=882 epoch=90 flags=0xb0000001 state=7 error=0 fpga_ts=693245564 host_ns=1318541550344495
RUNTIME_WITHHELD n=884 txn=883 epoch=91 flags=0xb0000001 state=7 error=0 fpga_ts=694030460 host_ns=1318541584416316
RUNTIME_WITHHELD n=885 txn=884 epoch=92 flags=0xb0000001 state=7 error=0 fpga_ts=694815356 host_ns=1318541618478045
RUNTIME_WITHHELD n=886 txn=885 epoch=93 flags=0xb0000001 state=7 error=0 fpga_ts=695600252 host_ns=1318541652563820
RUNTIME_WITHHELD n=887 txn=886 epoch=94 flags=0xb0000001 state=7 error=0 fpga_ts=696385148 host_ns=1318541686623112
RUNTIME_WITHHELD n=888 txn=887 epoch=95 flags=0xb0000001 state=7 error=0 fpga_ts=697170044 host_ns=1318541720667560
RUNTIME_WITHHELD n=889 txn=888 epoch=96 flags=0xb0000001 state=7 error=0 fpga_ts=697954940 host_ns=1318541754737099
RUNTIME_WITHHELD n=890 txn=889 epoch=97 flags=0xb0000001 state=7 error=0 fpga_ts=698739836 host_ns=1318541788822138
RUNTIME_WITHHELD n=891 txn=890 epoch=98 flags=0xb0000001 state=7 error=0 fpga_ts=699524732 host_ns=1318541822876432
RUNTIME_WITHHELD n=892 txn=891 epoch=99 flags=0xb0000001 state=7 error=0 fpga_ts=700309628 host_ns=1318541856930895
RUNTIME_WITHHELD n=893 txn=892 epoch=100 flags=0xb0000001 state=7 error=0 fpga_ts=701094524 host_ns=1318541891030561
RUNTIME_WITHHELD n=894 txn=893 epoch=101 flags=0xb0000001 state=7 error=0 fpga_ts=701879420 host_ns=1318541925100025
RUNTIME_WITHHELD n=895 txn=894 epoch=102 flags=0xb0000001 state=7 error=0 fpga_ts=702664316 host_ns=1318541959144151
RUNTIME_WITHHELD n=896 txn=895 epoch=103 flags=0xb0000001 state=7 error=0 fpga_ts=703449212 host_ns=1318541993206693
RUNTIME_WITHHELD n=897 txn=896 epoch=104 flags=0xb0000001 state=7 error=0 fpga_ts=704234108 host_ns=1318542027281221
RUNTIME_WITHHELD n=898 txn=897 epoch=105 flags=0xb0000001 state=7 error=0 fpga_ts=705019004 host_ns=1318542061338214
RUNTIME_WITHHELD n=899 txn=898 epoch=106 flags=0xb0000001 state=7 error=0 fpga_ts=705803900 host_ns=1318542095415801
TRACE_SPI txn=900 writes=24 host_observed_write_us=15277.851 post_spi_to_tune_return_us=3318.667
RUNTIME_WITHHELD n=900 txn=899 epoch=107 flags=0xb0000001 state=7 error=0 fpga_ts=706588796 host_ns=1318542129484457
mode=RX2 progress=900 unrecovered=0 first_read_faults=0 recovered=0 last_epoch=108
RUNTIME_WITHHELD n=901 txn=900 epoch=108 flags=0xb0000001 state=7 error=0 fpga_ts=707373692 host_ns=1318542163543667
RUNTIME_WITHHELD n=902 txn=901 epoch=109 flags=0xb0000001 state=7 error=0 fpga_ts=708158588 host_ns=1318542197613579
RUNTIME_WITHHELD n=903 txn=902 epoch=110 flags=0xb0000001 state=7 error=0 fpga_ts=708943484 host_ns=1318542231678522
RUNTIME_WITHHELD n=904 txn=903 epoch=111 flags=0xb0000001 state=7 error=0 fpga_ts=709728380 host_ns=1318542265749855
RUNTIME_WITHHELD n=905 txn=904 epoch=112 flags=0xb0000001 state=7 error=0 fpga_ts=710513276 host_ns=1318542299809580
RUNTIME_WITHHELD n=906 txn=905 epoch=113 flags=0xb0000001 state=7 error=0 fpga_ts=711298172 host_ns=1318542333873894
RUNTIME_WITHHELD n=907 txn=906 epoch=114 flags=0xb0000001 state=7 error=0 fpga_ts=712083068 host_ns=1318542367966066
RUNTIME_WITHHELD n=908 txn=907 epoch=115 flags=0xb0000001 state=7 error=0 fpga_ts=712867964 host_ns=1318542402012425
RUNTIME_WITHHELD n=909 txn=908 epoch=116 flags=0xb0000001 state=7 error=0 fpga_ts=713652860 host_ns=1318542436086448
RUNTIME_WITHHELD n=910 txn=909 epoch=117 flags=0xb0000001 state=7 error=0 fpga_ts=714437756 host_ns=1318542470148163
RUNTIME_WITHHELD n=911 txn=910 epoch=118 flags=0xb0000001 state=7 error=0 fpga_ts=715222652 host_ns=1318542504225269
RUNTIME_WITHHELD n=912 txn=911 epoch=119 flags=0xb0000001 state=7 error=0 fpga_ts=716007548 host_ns=1318542538281970
RUNTIME_WITHHELD n=913 txn=912 epoch=120 flags=0xb0000001 state=7 error=0 fpga_ts=716792444 host_ns=1318542572345477
RUNTIME_WITHHELD n=914 txn=913 epoch=121 flags=0xb0000001 state=7 error=0 fpga_ts=717577340 host_ns=1318542606406999
RUNTIME_WITHHELD n=915 txn=914 epoch=122 flags=0xb0000001 state=7 error=0 fpga_ts=718362236 host_ns=1318542640501707
RUNTIME_WITHHELD n=916 txn=915 epoch=123 flags=0xb0000001 state=7 error=0 fpga_ts=719147132 host_ns=1318542674545798
RUNTIME_WITHHELD n=917 txn=916 epoch=124 flags=0xb0000001 state=7 error=0 fpga_ts=719932028 host_ns=1318542708612017
RUNTIME_WITHHELD n=918 txn=917 epoch=125 flags=0xb0000001 state=7 error=0 fpga_ts=720716924 host_ns=1318542742701682
RUNTIME_WITHHELD n=919 txn=918 epoch=126 flags=0xb0000001 state=7 error=0 fpga_ts=721763452 host_ns=1318542788236616
RUNTIME_WITHHELD n=920 txn=919 epoch=127 flags=0xb0000001 state=7 error=0 fpga_ts=722809980 host_ns=1318542833631217
RUNTIME_WITHHELD n=921 txn=920 epoch=128 flags=0xb0000001 state=7 error=0 fpga_ts=723856508 host_ns=1318542878912745
RUNTIME_WITHHELD n=922 txn=921 epoch=129 flags=0xb0000001 state=7 error=0 fpga_ts=724772220 host_ns=1318542918680724
RUNTIME_WITHHELD n=923 txn=922 epoch=130 flags=0xb0000001 state=7 error=0 fpga_ts=725557116 host_ns=1318542952766237
RUNTIME_WITHHELD n=924 txn=923 epoch=131 flags=0xb0000001 state=7 error=0 fpga_ts=726342012 host_ns=1318542986814041
RUNTIME_WITHHELD n=925 txn=924 epoch=132 flags=0xb0000001 state=7 error=0 fpga_ts=727126908 host_ns=1318543020871281
RUNTIME_WITHHELD n=926 txn=925 epoch=133 flags=0xb0000001 state=7 error=0 fpga_ts=727911804 host_ns=1318543054984910
RUNTIME_WITHHELD n=927 txn=926 epoch=134 flags=0xb0000001 state=7 error=0 fpga_ts=728827516 host_ns=1318543094691563
RUNTIME_WITHHELD n=928 txn=927 epoch=135 flags=0xb0000001 state=7 error=0 fpga_ts=729743228 host_ns=1318543134465471
RUNTIME_WITHHELD n=929 txn=928 epoch=136 flags=0xb0000001 state=7 error=0 fpga_ts=730658940 host_ns=1318543174171984
RUNTIME_WITHHELD n=930 txn=929 epoch=137 flags=0xb0000001 state=7 error=0 fpga_ts=731443836 host_ns=1318543208240893
RUNTIME_WITHHELD n=931 txn=930 epoch=138 flags=0xb0000001 state=7 error=0 fpga_ts=732228732 host_ns=1318543242318077
RUNTIME_WITHHELD n=932 txn=931 epoch=139 flags=0xb0000001 state=7 error=0 fpga_ts=733144444 host_ns=1318543282083012
RUNTIME_WITHHELD n=933 txn=932 epoch=140 flags=0xb0000001 state=7 error=0 fpga_ts=734060156 host_ns=1318543321809092
RUNTIME_WITHHELD n=934 txn=933 epoch=141 flags=0xb0000001 state=7 error=0 fpga_ts=734845052 host_ns=1318543355905785
RUNTIME_WITHHELD n=935 txn=934 epoch=142 flags=0xb0000001 state=7 error=0 fpga_ts=735629948 host_ns=1318543389940306
RUNTIME_WITHHELD n=936 txn=935 epoch=143 flags=0xb0000001 state=7 error=0 fpga_ts=736414844 host_ns=1318543424011116
RUNTIME_WITHHELD n=937 txn=936 epoch=144 flags=0xb0000001 state=7 error=0 fpga_ts=737199740 host_ns=1318543458092450
RUNTIME_WITHHELD n=938 txn=937 epoch=145 flags=0xb0000001 state=7 error=0 fpga_ts=737984636 host_ns=1318543492150869
RUNTIME_WITHHELD n=939 txn=938 epoch=146 flags=0xb0000001 state=7 error=0 fpga_ts=738769532 host_ns=1318543526206776
RUNTIME_WITHHELD n=940 txn=939 epoch=147 flags=0xb0000001 state=7 error=0 fpga_ts=739554428 host_ns=1318543560285789
RUNTIME_WITHHELD n=941 txn=940 epoch=148 flags=0xb0000001 state=7 error=0 fpga_ts=740339324 host_ns=1318543594343943
RUNTIME_WITHHELD n=942 txn=941 epoch=149 flags=0xb0000001 state=7 error=0 fpga_ts=741124220 host_ns=1318543628413810
RUNTIME_WITHHELD n=943 txn=942 epoch=150 flags=0xb0000001 state=7 error=0 fpga_ts=741909116 host_ns=1318543662466714
RUNTIME_WITHHELD n=944 txn=943 epoch=151 flags=0xb0000001 state=7 error=0 fpga_ts=742824828 host_ns=1318543702241748
RUNTIME_WITHHELD n=945 txn=944 epoch=152 flags=0xb0000001 state=7 error=0 fpga_ts=743609724 host_ns=1318543736292503
RUNTIME_WITHHELD n=946 txn=945 epoch=153 flags=0xb0000001 state=7 error=0 fpga_ts=744394620 host_ns=1318543770356898
RUNTIME_WITHHELD n=947 txn=946 epoch=154 flags=0xb0000001 state=7 error=0 fpga_ts=745179516 host_ns=1318543804425823
RUNTIME_WITHHELD n=948 txn=947 epoch=155 flags=0xb0000001 state=7 error=0 fpga_ts=745964412 host_ns=1318543838504218
RUNTIME_WITHHELD n=949 txn=948 epoch=156 flags=0xb0000001 state=7 error=0 fpga_ts=746749308 host_ns=1318543872559193
RUNTIME_WITHHELD n=950 txn=949 epoch=157 flags=0xb0000001 state=7 error=0 fpga_ts=747534204 host_ns=1318543906624521
RUNTIME_WITHHELD n=951 txn=950 epoch=158 flags=0xb0000001 state=7 error=0 fpga_ts=748319100 host_ns=1318543940698464
RUNTIME_WITHHELD n=952 txn=951 epoch=159 flags=0xb0000001 state=7 error=0 fpga_ts=749103996 host_ns=1318543974757144
RUNTIME_WITHHELD n=953 txn=952 epoch=160 flags=0xb0000001 state=7 error=0 fpga_ts=749888892 host_ns=1318544008823009
RUNTIME_WITHHELD n=954 txn=953 epoch=161 flags=0xb0000001 state=7 error=0 fpga_ts=750673788 host_ns=1318544042906525
RUNTIME_WITHHELD n=955 txn=954 epoch=162 flags=0xb0000001 state=7 error=0 fpga_ts=751458684 host_ns=1318544076994271
RUNTIME_WITHHELD n=956 txn=955 epoch=163 flags=0xb0000001 state=7 error=0 fpga_ts=752243580 host_ns=1318544111024681
RUNTIME_WITHHELD n=957 txn=956 epoch=164 flags=0xb0000001 state=7 error=0 fpga_ts=753028476 host_ns=1318544145093035
RUNTIME_WITHHELD n=958 txn=957 epoch=165 flags=0xb0000001 state=7 error=0 fpga_ts=753813372 host_ns=1318544179154441
RUNTIME_WITHHELD n=959 txn=958 epoch=166 flags=0xb0000001 state=7 error=0 fpga_ts=754598268 host_ns=1318544213216212
RUNTIME_WITHHELD n=960 txn=959 epoch=167 flags=0xb0000001 state=7 error=0 fpga_ts=755383164 host_ns=1318544247282942
RUNTIME_WITHHELD n=961 txn=960 epoch=168 flags=0xb0000001 state=7 error=0 fpga_ts=756168060 host_ns=1318544281364032
RUNTIME_WITHHELD n=962 txn=961 epoch=169 flags=0xb0000001 state=7 error=0 fpga_ts=756952956 host_ns=1318544315424089
RUNTIME_WITHHELD n=963 txn=962 epoch=170 flags=0xb0000001 state=7 error=0 fpga_ts=757737852 host_ns=1318544349486344
RUNTIME_WITHHELD n=964 txn=963 epoch=171 flags=0xb0000001 state=7 error=0 fpga_ts=758522748 host_ns=1318544383552484
RUNTIME_WITHHELD n=965 txn=964 epoch=172 flags=0xb0000001 state=7 error=0 fpga_ts=759307644 host_ns=1318544417619644
RUNTIME_WITHHELD n=966 txn=965 epoch=173 flags=0xb0000001 state=7 error=0 fpga_ts=760092540 host_ns=1318544451691619
RUNTIME_WITHHELD n=967 txn=966 epoch=174 flags=0xb0000001 state=7 error=0 fpga_ts=760877436 host_ns=1318544485755039
RUNTIME_WITHHELD n=968 txn=967 epoch=175 flags=0xb0000001 state=7 error=0 fpga_ts=761662332 host_ns=1318544519822304
RUNTIME_WITHHELD n=969 txn=968 epoch=176 flags=0xb0000001 state=7 error=0 fpga_ts=762447228 host_ns=1318544553906491
RUNTIME_WITHHELD n=970 txn=969 epoch=177 flags=0xb0000001 state=7 error=0 fpga_ts=763232124 host_ns=1318544587951148
RUNTIME_WITHHELD n=971 txn=970 epoch=178 flags=0xb0000001 state=7 error=0 fpga_ts=764017020 host_ns=1318544622047563
RUNTIME_WITHHELD n=972 txn=971 epoch=179 flags=0xb0000001 state=7 error=0 fpga_ts=764801916 host_ns=1318544656118653
RUNTIME_WITHHELD n=973 txn=972 epoch=180 flags=0xb0000001 state=7 error=0 fpga_ts=765586812 host_ns=1318544690155218
RUNTIME_WITHHELD n=974 txn=973 epoch=181 flags=0xb0000001 state=7 error=0 fpga_ts=766371708 host_ns=1318544724223306
RUNTIME_WITHHELD n=975 txn=974 epoch=182 flags=0xb0000001 state=7 error=0 fpga_ts=767156604 host_ns=1318544758287986
RUNTIME_WITHHELD n=976 txn=975 epoch=183 flags=0xb0000001 state=7 error=0 fpga_ts=767941500 host_ns=1318544792354397
RUNTIME_WITHHELD n=977 txn=976 epoch=184 flags=0xb0000001 state=7 error=0 fpga_ts=768726396 host_ns=1318544826420839
RUNTIME_WITHHELD n=978 txn=977 epoch=185 flags=0xb0000001 state=7 error=0 fpga_ts=769511292 host_ns=1318544860482233
RUNTIME_WITHHELD n=979 txn=978 epoch=186 flags=0xb0000001 state=7 error=0 fpga_ts=770296188 host_ns=1318544894558448
RUNTIME_WITHHELD n=980 txn=979 epoch=187 flags=0xb0000001 state=7 error=0 fpga_ts=771081084 host_ns=1318544928650589
RUNTIME_WITHHELD n=981 txn=980 epoch=188 flags=0xb0000001 state=7 error=0 fpga_ts=771865980 host_ns=1318544962689418
RUNTIME_WITHHELD n=982 txn=981 epoch=189 flags=0xb0000001 state=7 error=0 fpga_ts=772650876 host_ns=1318544996761585
RUNTIME_WITHHELD n=983 txn=982 epoch=190 flags=0xb0000001 state=7 error=0 fpga_ts=773435772 host_ns=1318545030814175
RUNTIME_WITHHELD n=984 txn=983 epoch=191 flags=0xb0000001 state=7 error=0 fpga_ts=774220668 host_ns=1318545064910302
RUNTIME_WITHHELD n=985 txn=984 epoch=192 flags=0xb0000001 state=7 error=0 fpga_ts=775005564 host_ns=1318545098972555
RUNTIME_WITHHELD n=986 txn=985 epoch=193 flags=0xb0000001 state=7 error=0 fpga_ts=775790460 host_ns=1318545133047646
RUNTIME_WITHHELD n=987 txn=986 epoch=194 flags=0xb0000001 state=7 error=0 fpga_ts=776575356 host_ns=1318545167132555
RUNTIME_WITHHELD n=988 txn=987 epoch=195 flags=0xb0000001 state=7 error=0 fpga_ts=777360252 host_ns=1318545201232035
RUNTIME_WITHHELD n=989 txn=988 epoch=196 flags=0xb0000001 state=7 error=0 fpga_ts=778145148 host_ns=1318545235267376
RUNTIME_WITHHELD n=990 txn=989 epoch=197 flags=0xb0000001 state=7 error=0 fpga_ts=778930044 host_ns=1318545269317946
RUNTIME_WITHHELD n=991 txn=990 epoch=198 flags=0xb0000001 state=7 error=0 fpga_ts=779714940 host_ns=1318545303393986
RUNTIME_WITHHELD n=992 txn=991 epoch=199 flags=0xb0000001 state=7 error=0 fpga_ts=780499836 host_ns=1318545337449274
RUNTIME_WITHHELD n=993 txn=992 epoch=200 flags=0xb0000001 state=7 error=0 fpga_ts=781284732 host_ns=1318545371555827
RUNTIME_WITHHELD n=994 txn=993 epoch=201 flags=0xb0000001 state=7 error=0 fpga_ts=782069628 host_ns=1318545405559393
RUNTIME_WITHHELD n=995 txn=994 epoch=202 flags=0xb0000001 state=7 error=0 fpga_ts=782854524 host_ns=1318545439657057
RUNTIME_WITHHELD n=996 txn=995 epoch=203 flags=0xb0000001 state=7 error=0 fpga_ts=783639420 host_ns=1318545473686109
RUNTIME_WITHHELD n=997 txn=996 epoch=204 flags=0xb0000001 state=7 error=0 fpga_ts=784424316 host_ns=1318545507766640
RUNTIME_WITHHELD n=998 txn=997 epoch=205 flags=0xb0000001 state=7 error=0 fpga_ts=785209212 host_ns=1318545541826307
RUNTIME_WITHHELD n=999 txn=998 epoch=206 flags=0xb0000001 state=7 error=0 fpga_ts=785994108 host_ns=1318545575892841
TRACE_SPI txn=1000 writes=24 host_observed_write_us=15345.011 post_spi_to_tune_return_us=3334.509
RUNTIME_WITHHELD n=1000 txn=999 epoch=207 flags=0xb0000001 state=7 error=0 fpga_ts=786779004 host_ns=1318545609977344
mode=RX2 progress=1000 unrecovered=0 first_read_faults=0 recovered=0 last_epoch=208
FINAL_EVENT_HISTORY_OK first=1 last=1000
FINAL_RX1_DISABLE_DONE mode=RX2
FINAL_RX2_DISABLE_DONE paired=0
FINAL_DEVICE_CLOSE_BEGIN
FINAL_DEVICE_CLOSE_DONE
bladerf2-axi-ad9361: Successfully initialized (76800537 Hz)
bladerf2-axi-ad9361-tx: Successfully initialized (76800537 Hz)
ad9361_init : AD936x Rev 2 successfully initialized
mode=RX2 transitions=1000 unrecovered=0 first_read_faults=0 recovered=0 retry_would_block=0 retry_overruns=0 stream_overrun_events=0 data_withheld_events=1000 transition_ms_p50=20.528_p95=21.191_p99=23.620_max=32.117
