[WARNING @ host/libraries/libbladeRF/src/board/bladerf2/bladerf2.c:451] Failed to get FPGA size Invalid operation or parameter
[WARNING @ host/libraries/libbladeRF/src/board/bladerf2/bladerf2.c:3667] Failed to get VCTCXO trim value: Invalid operation or parameter
CAPTURE_TIMING i=0 samples_per_channel=32768 sample_rate=23040000 duration_ms=1.359 status=Success
CAPTURE_CLOSED i=0 epoch=1 pause_ms=0
CAPTURE_TIMING i=1 samples_per_channel=32768 sample_rate=23040000 duration_ms=1.325 status=Success
CAPTURE_CLOSED i=1 epoch=2 pause_ms=0
CAPTURE_TIMING i=2 samples_per_channel=32768 sample_rate=23040000 duration_ms=1.520 status=Success
CAPTURE_CLOSED i=2 epoch=3 pause_ms=0
CAPTURE_TIMING i=3 samples_per_channel=32768 sample_rate=23040000 duration_ms=1.402 status=Success
CAPTURE_CLOSED i=3 epoch=4 pause_ms=0
CAPTURE_TIMING i=4 samples_per_channel=32768 sample_rate=23040000 duration_ms=1.514 status=Success
CAPTURE_CLOSED i=4 epoch=5 pause_ms=0
CAPTURE_TIMING i=5 samples_per_channel=32768 sample_rate=23040000 duration_ms=1.432 status=Success
CAPTURE_CLOSED i=5 epoch=6 pause_ms=0
CAPTURE_TIMING i=6 samples_per_channel=32768 sample_rate=23040000 duration_ms=1.444 status=Success
CAPTURE_CLOSED i=6 epoch=7 pause_ms=0
CAPTURE_TIMING i=7 samples_per_channel=32768 sample_rate=23040000 duration_ms=1.426 status=Success
CAPTURE_CLOSED i=7 epoch=8 pause_ms=0
CAPTURE_TIMING i=8 samples_per_channel=32768 sample_rate=23040000 duration_ms=1.516 status=Success
CAPTURE_CLOSED i=8 epoch=9 pause_ms=0
CAPTURE_TIMING i=9 samples_per_channel=32768 sample_rate=23040000 duration_ms=1.433 status=Success
CAPTURE_CLOSED i=9 epoch=10 pause_ms=0
CAPTURE_TIMING i=10 samples_per_channel=32768 sample_rate=23040000 duration_ms=1.515 status=Success
CAPTURE_CLOSED i=10 epoch=11 pause_ms=0
CAPTURE_TIMING i=11 samples_per_channel=32768 sample_rate=23040000 duration_ms=1.826 status=Success
CAPTURE_CLOSED i=11 epoch=12 pause_ms=0
CAPTURE_TIMING i=12 samples_per_channel=32768 sample_rate=23040000 duration_ms=1.417 status=Success
CAPTURE_CLOSED i=12 epoch=13 pause_ms=0
CAPTURE_TIMING i=13 samples_per_channel=32768 sample_rate=23040000 duration_ms=1.413 status=Success
CAPTURE_CLOSED i=13 epoch=14 pause_ms=0
CAPTURE_TIMING i=14 samples_per_channel=32768 sample_rate=23040000 duration_ms=1.424 status=Success
CAPTURE_CLOSED i=14 epoch=15 pause_ms=0
CAPTURE_TIMING i=15 samples_per_channel=32768 sample_rate=23040000 duration_ms=1.334 status=Success
CAPTURE_CLOSED i=15 epoch=16 pause_ms=0
CAPTURE_CLOSED i=16 epoch=17 pause_ms=0
CAPTURE_CLOSED i=17 epoch=18 pause_ms=0
CAPTURE_CLOSED i=18 epoch=19 pause_ms=0
CAPTURE_CLOSED i=19 epoch=20 pause_ms=0
CAPTURE_CLOSED i=20 epoch=21 pause_ms=0
CAPTURE_CLOSED i=21 epoch=22 pause_ms=0
CAPTURE_CLOSED i=22 epoch=23 pause_ms=0
CAPTURE_CLOSED i=23 epoch=24 pause_ms=0
CAPTURE_CLOSED i=24 epoch=25 pause_ms=0
CAPTURE_CLOSED i=25 epoch=26 pause_ms=0
CAPTURE_CLOSED i=26 epoch=27 pause_ms=0
CAPTURE_CLOSED i=27 epoch=28 pause_ms=0
CAPTURE_CLOSED i=28 epoch=29 pause_ms=0
CAPTURE_CLOSED i=29 epoch=30 pause_ms=0
CAPTURE_CLOSED i=30 epoch=31 pause_ms=0
CAPTURE_CLOSED i=31 epoch=32 pause_ms=0
CAPTURE_CLOSED i=32 epoch=33 pause_ms=0
CAPTURE_CLOSED i=33 epoch=34 pause_ms=0
CAPTURE_CLOSED i=34 epoch=35 pause_ms=0
CAPTURE_CLOSED i=35 epoch=36 pause_ms=0
CAPTURE_CLOSED i=36 epoch=37 pause_ms=0
CAPTURE_CLOSED i=37 epoch=38 pause_ms=0
CAPTURE_CLOSED i=38 epoch=39 pause_ms=0
CAPTURE_CLOSED i=39 epoch=40 pause_ms=0
CAPTURE_CLOSED i=40 epoch=41 pause_ms=0
CAPTURE_CLOSED i=41 epoch=42 pause_ms=0
CAPTURE_CLOSED i=42 epoch=43 pause_ms=0
CAPTURE_CLOSED i=43 epoch=44 pause_ms=0
CAPTURE_CLOSED i=44 epoch=45 pause_ms=0
CAPTURE_CLOSED i=45 epoch=46 pause_ms=0
CAPTURE_CLOSED i=46 epoch=47 pause_ms=0
CAPTURE_CLOSED i=47 epoch=48 pause_ms=0
CAPTURE_CLOSED i=48 epoch=49 pause_ms=0
CAPTURE_CLOSED i=49 epoch=50 pause_ms=0
CAPTURE_CLOSED i=50 epoch=51 pause_ms=0
CAPTURE_CLOSED i=51 epoch=52 pause_ms=0
CAPTURE_CLOSED i=52 epoch=53 pause_ms=0
CAPTURE_CLOSED i=53 epoch=54 pause_ms=0
CAPTURE_CLOSED i=54 epoch=55 pause_ms=0
CAPTURE_CLOSED i=55 epoch=56 pause_ms=0
CAPTURE_CLOSED i=56 epoch=57 pause_ms=0
CAPTURE_CLOSED i=57 epoch=58 pause_ms=0
CAPTURE_CLOSED i=58 epoch=59 pause_ms=0
CAPTURE_CLOSED i=59 epoch=60 pause_ms=0
CAPTURE_CLOSED i=60 epoch=61 pause_ms=0
CAPTURE_CLOSED i=61 epoch=62 pause_ms=0
CAPTURE_CLOSED i=62 epoch=63 pause_ms=0
CAPTURE_CLOSED i=63 epoch=64 pause_ms=0
CAPTURE_CLOSED i=64 epoch=65 pause_ms=0
CAPTURE_CLOSED i=65 epoch=66 pause_ms=0
CAPTURE_CLOSED i=66 epoch=67 pause_ms=0
CAPTURE_CLOSED i=67 epoch=68 pause_ms=0
CAPTURE_CLOSED i=68 epoch=69 pause_ms=0
CAPTURE_CLOSED i=69 epoch=70 pause_ms=0
CAPTURE_CLOSED i=70 epoch=71 pause_ms=0
CAPTURE_CLOSED i=71 epoch=72 pause_ms=0
CAPTURE_CLOSED i=72 epoch=73 pause_ms=0
CAPTURE_CLOSED i=73 epoch=74 pause_ms=0
CAPTURE_CLOSED i=74 epoch=75 pause_ms=0
CAPTURE_CLOSED i=75 epoch=76 pause_ms=0
CAPTURE_CLOSED i=76 epoch=77 pause_ms=0
CAPTURE_CLOSED i=77 epoch=78 pause_ms=0
CAPTURE_CLOSED i=78 epoch=79 pause_ms=0
CAPTURE_CLOSED i=79 epoch=80 pause_ms=0
CAPTURE_CLOSED i=80 epoch=81 pause_ms=0
CAPTURE_CLOSED i=81 epoch=82 pause_ms=0
CAPTURE_CLOSED i=82 epoch=83 pause_ms=0
CAPTURE_CLOSED i=83 epoch=84 pause_ms=0
CAPTURE_CLOSED i=84 epoch=85 pause_ms=0
CAPTURE_CLOSED i=85 epoch=86 pause_ms=0
CAPTURE_CLOSED i=86 epoch=87 pause_ms=0
CAPTURE_CLOSED i=87 epoch=88 pause_ms=0
CAPTURE_CLOSED i=88 epoch=89 pause_ms=0
CAPTURE_CLOSED i=89 epoch=90 pause_ms=0
CAPTURE_CLOSED i=90 epoch=91 pause_ms=0
CAPTURE_CLOSED i=91 epoch=92 pause_ms=0
CAPTURE_CLOSED i=92 epoch=93 pause_ms=0
CAPTURE_CLOSED i=93 epoch=94 pause_ms=0
CAPTURE_CLOSED i=94 epoch=95 pause_ms=0
CAPTURE_CLOSED i=95 epoch=96 pause_ms=0
CAPTURE_CLOSED i=96 epoch=97 pause_ms=0
CAPTURE_CLOSED i=97 epoch=98 pause_ms=0
CAPTURE_CLOSED i=98 epoch=99 pause_ms=0
TRACE_SPI txn=100 writes=24 host_observed_write_us=15433.207 post_spi_to_tune_return_us=3506.932
CAPTURE_CLOSED i=99 epoch=100 pause_ms=0
mode=BOTH progress=100 unrecovered=0 first_read_faults=0 recovered=0 last_epoch=100
CAPTURE_CLOSED i=100 epoch=101 pause_ms=0
CAPTURE_CLOSED i=101 epoch=102 pause_ms=0
CAPTURE_CLOSED i=102 epoch=103 pause_ms=0
CAPTURE_CLOSED i=103 epoch=104 pause_ms=0
CAPTURE_CLOSED i=104 epoch=105 pause_ms=0
CAPTURE_CLOSED i=105 epoch=106 pause_ms=0
CAPTURE_CLOSED i=106 epoch=107 pause_ms=0
CAPTURE_CLOSED i=107 epoch=108 pause_ms=0
CAPTURE_CLOSED i=108 epoch=109 pause_ms=0
CAPTURE_CLOSED i=109 epoch=110 pause_ms=0
CAPTURE_CLOSED i=110 epoch=111 pause_ms=0
CAPTURE_CLOSED i=111 epoch=112 pause_ms=0
CAPTURE_CLOSED i=112 epoch=113 pause_ms=0
CAPTURE_CLOSED i=113 epoch=114 pause_ms=0
CAPTURE_CLOSED i=114 epoch=115 pause_ms=0
CAPTURE_CLOSED i=115 epoch=116 pause_ms=0
CAPTURE_CLOSED i=116 epoch=117 pause_ms=0
CAPTURE_CLOSED i=117 epoch=118 pause_ms=0
CAPTURE_CLOSED i=118 epoch=119 pause_ms=0
CAPTURE_CLOSED i=119 epoch=120 pause_ms=0
CAPTURE_CLOSED i=120 epoch=121 pause_ms=0
CAPTURE_CLOSED i=121 epoch=122 pause_ms=0
CAPTURE_CLOSED i=122 epoch=123 pause_ms=0
CAPTURE_CLOSED i=123 epoch=124 pause_ms=0
CAPTURE_CLOSED i=124 epoch=125 pause_ms=0
CAPTURE_CLOSED i=125 epoch=126 pause_ms=0
CAPTURE_CLOSED i=126 epoch=127 pause_ms=0
CAPTURE_CLOSED i=127 epoch=128 pause_ms=0
CAPTURE_CLOSED i=128 epoch=129 pause_ms=0
CAPTURE_CLOSED i=129 epoch=130 pause_ms=0
CAPTURE_CLOSED i=130 epoch=131 pause_ms=0
CAPTURE_CLOSED i=131 epoch=132 pause_ms=0
CAPTURE_CLOSED i=132 epoch=133 pause_ms=0
CAPTURE_CLOSED i=133 epoch=134 pause_ms=0
CAPTURE_CLOSED i=134 epoch=135 pause_ms=0
CAPTURE_CLOSED i=135 epoch=136 pause_ms=0
CAPTURE_CLOSED i=136 epoch=137 pause_ms=0
CAPTURE_CLOSED i=137 epoch=138 pause_ms=0
CAPTURE_CLOSED i=138 epoch=139 pause_ms=0
CAPTURE_CLOSED i=139 epoch=140 pause_ms=0
CAPTURE_CLOSED i=140 epoch=141 pause_ms=0
CAPTURE_CLOSED i=141 epoch=142 pause_ms=0
CAPTURE_CLOSED i=142 epoch=143 pause_ms=0
CAPTURE_CLOSED i=143 epoch=144 pause_ms=0
CAPTURE_CLOSED i=144 epoch=145 pause_ms=0
CAPTURE_CLOSED i=145 epoch=146 pause_ms=0
CAPTURE_CLOSED i=146 epoch=147 pause_ms=0
CAPTURE_CLOSED i=147 epoch=148 pause_ms=0
CAPTURE_CLOSED i=148 epoch=149 pause_ms=0
CAPTURE_CLOSED i=149 epoch=150 pause_ms=0
CAPTURE_CLOSED i=150 epoch=151 pause_ms=0
CAPTURE_CLOSED i=151 epoch=152 pause_ms=0
CAPTURE_CLOSED i=152 epoch=153 pause_ms=0
CAPTURE_CLOSED i=153 epoch=154 pause_ms=0
CAPTURE_CLOSED i=154 epoch=155 pause_ms=0
CAPTURE_CLOSED i=155 epoch=156 pause_ms=0
CAPTURE_CLOSED i=156 epoch=157 pause_ms=0
CAPTURE_CLOSED i=157 epoch=158 pause_ms=0
CAPTURE_CLOSED i=158 epoch=159 pause_ms=0
CAPTURE_CLOSED i=159 epoch=160 pause_ms=0
CAPTURE_CLOSED i=160 epoch=161 pause_ms=0
CAPTURE_CLOSED i=161 epoch=162 pause_ms=0
CAPTURE_CLOSED i=162 epoch=163 pause_ms=0
CAPTURE_CLOSED i=163 epoch=164 pause_ms=0
CAPTURE_CLOSED i=164 epoch=165 pause_ms=0
CAPTURE_CLOSED i=165 epoch=166 pause_ms=0
CAPTURE_CLOSED i=166 epoch=167 pause_ms=0
CAPTURE_CLOSED i=167 epoch=168 pause_ms=0
CAPTURE_CLOSED i=168 epoch=169 pause_ms=0
CAPTURE_CLOSED i=169 epoch=170 pause_ms=0
CAPTURE_CLOSED i=170 epoch=171 pause_ms=0
CAPTURE_CLOSED i=171 epoch=172 pause_ms=0
CAPTURE_CLOSED i=172 epoch=173 pause_ms=0
CAPTURE_CLOSED i=173 epoch=174 pause_ms=0
CAPTURE_CLOSED i=174 epoch=175 pause_ms=0
CAPTURE_CLOSED i=175 epoch=176 pause_ms=0
CAPTURE_CLOSED i=176 epoch=177 pause_ms=0
CAPTURE_CLOSED i=177 epoch=178 pause_ms=0
CAPTURE_CLOSED i=178 epoch=179 pause_ms=0
CAPTURE_CLOSED i=179 epoch=180 pause_ms=0
CAPTURE_CLOSED i=180 epoch=181 pause_ms=0
CAPTURE_CLOSED i=181 epoch=182 pause_ms=0
CAPTURE_CLOSED i=182 epoch=183 pause_ms=0
CAPTURE_CLOSED i=183 epoch=184 pause_ms=0
CAPTURE_CLOSED i=184 epoch=185 pause_ms=0
CAPTURE_CLOSED i=185 epoch=186 pause_ms=0
CAPTURE_CLOSED i=186 epoch=187 pause_ms=0
CAPTURE_CLOSED i=187 epoch=188 pause_ms=0
CAPTURE_CLOSED i=188 epoch=189 pause_ms=0
CAPTURE_CLOSED i=189 epoch=190 pause_ms=0
CAPTURE_CLOSED i=190 epoch=191 pause_ms=0
CAPTURE_CLOSED i=191 epoch=192 pause_ms=0
CAPTURE_CLOSED i=192 epoch=193 pause_ms=0
CAPTURE_CLOSED i=193 epoch=194 pause_ms=0
CAPTURE_CLOSED i=194 epoch=195 pause_ms=0
CAPTURE_CLOSED i=195 epoch=196 pause_ms=0
CAPTURE_CLOSED i=196 epoch=197 pause_ms=0
CAPTURE_CLOSED i=197 epoch=198 pause_ms=0
CAPTURE_CLOSED i=198 epoch=199 pause_ms=0
TRACE_SPI txn=200 writes=24 host_observed_write_us=15478.481 post_spi_to_tune_return_us=3363.521
CAPTURE_CLOSED i=199 epoch=200 pause_ms=0
mode=BOTH progress=200 unrecovered=0 first_read_faults=0 recovered=0 last_epoch=200
CAPTURE_CLOSED i=200 epoch=201 pause_ms=0
CAPTURE_CLOSED i=201 epoch=202 pause_ms=0
CAPTURE_CLOSED i=202 epoch=203 pause_ms=0
CAPTURE_CLOSED i=203 epoch=204 pause_ms=0
CAPTURE_CLOSED i=204 epoch=205 pause_ms=0
CAPTURE_CLOSED i=205 epoch=206 pause_ms=0
CAPTURE_CLOSED i=206 epoch=207 pause_ms=0
CAPTURE_CLOSED i=207 epoch=208 pause_ms=0
CAPTURE_CLOSED i=208 epoch=209 pause_ms=0
CAPTURE_CLOSED i=209 epoch=210 pause_ms=0
CAPTURE_CLOSED i=210 epoch=211 pause_ms=0
CAPTURE_CLOSED i=211 epoch=212 pause_ms=0
CAPTURE_CLOSED i=212 epoch=213 pause_ms=0
CAPTURE_CLOSED i=213 epoch=214 pause_ms=0
CAPTURE_CLOSED i=214 epoch=215 pause_ms=0
CAPTURE_CLOSED i=215 epoch=216 pause_ms=0
CAPTURE_CLOSED i=216 epoch=217 pause_ms=0
CAPTURE_CLOSED i=217 epoch=218 pause_ms=0
CAPTURE_CLOSED i=218 epoch=219 pause_ms=0
CAPTURE_CLOSED i=219 epoch=220 pause_ms=0
CAPTURE_CLOSED i=220 epoch=221 pause_ms=0
CAPTURE_CLOSED i=221 epoch=222 pause_ms=0
CAPTURE_CLOSED i=222 epoch=223 pause_ms=0
CAPTURE_CLOSED i=223 epoch=224 pause_ms=0
CAPTURE_CLOSED i=224 epoch=225 pause_ms=0
CAPTURE_CLOSED i=225 epoch=226 pause_ms=0
CAPTURE_CLOSED i=226 epoch=227 pause_ms=0
CAPTURE_CLOSED i=227 epoch=228 pause_ms=0
CAPTURE_CLOSED i=228 epoch=229 pause_ms=0
CAPTURE_CLOSED i=229 epoch=230 pause_ms=0
CAPTURE_CLOSED i=230 epoch=231 pause_ms=0
CAPTURE_CLOSED i=231 epoch=232 pause_ms=0
CAPTURE_CLOSED i=232 epoch=233 pause_ms=0
CAPTURE_CLOSED i=233 epoch=234 pause_ms=0
CAPTURE_CLOSED i=234 epoch=235 pause_ms=0
CAPTURE_CLOSED i=235 epoch=236 pause_ms=0
CAPTURE_CLOSED i=236 epoch=237 pause_ms=0
CAPTURE_CLOSED i=237 epoch=238 pause_ms=0
CAPTURE_CLOSED i=238 epoch=239 pause_ms=0
CAPTURE_CLOSED i=239 epoch=240 pause_ms=0
CAPTURE_CLOSED i=240 epoch=241 pause_ms=0
CAPTURE_CLOSED i=241 epoch=242 pause_ms=0
CAPTURE_CLOSED i=242 epoch=243 pause_ms=0
CAPTURE_CLOSED i=243 epoch=244 pause_ms=0
CAPTURE_CLOSED i=244 epoch=245 pause_ms=0
CAPTURE_CLOSED i=245 epoch=246 pause_ms=0
CAPTURE_CLOSED i=246 epoch=247 pause_ms=0
CAPTURE_CLOSED i=247 epoch=248 pause_ms=0
CAPTURE_CLOSED i=248 epoch=249 pause_ms=0
CAPTURE_CLOSED i=249 epoch=250 pause_ms=0
CAPTURE_CLOSED i=250 epoch=251 pause_ms=0
CAPTURE_CLOSED i=251 epoch=252 pause_ms=0
CAPTURE_CLOSED i=252 epoch=253 pause_ms=0
CAPTURE_CLOSED i=253 epoch=254 pause_ms=0
CAPTURE_CLOSED i=254 epoch=255 pause_ms=0
CAPTURE_CLOSED i=255 epoch=0 pause_ms=0
CAPTURE_CLOSED i=256 epoch=1 pause_ms=0
CAPTURE_CLOSED i=257 epoch=2 pause_ms=0
CAPTURE_CLOSED i=258 epoch=3 pause_ms=0
CAPTURE_CLOSED i=259 epoch=4 pause_ms=0
CAPTURE_CLOSED i=260 epoch=5 pause_ms=0
CAPTURE_CLOSED i=261 epoch=6 pause_ms=0
CAPTURE_CLOSED i=262 epoch=7 pause_ms=0
CAPTURE_CLOSED i=263 epoch=8 pause_ms=0
CAPTURE_CLOSED i=264 epoch=9 pause_ms=0
CAPTURE_CLOSED i=265 epoch=10 pause_ms=0
CAPTURE_CLOSED i=266 epoch=11 pause_ms=0
CAPTURE_CLOSED i=267 epoch=12 pause_ms=0
CAPTURE_CLOSED i=268 epoch=13 pause_ms=0
CAPTURE_CLOSED i=269 epoch=14 pause_ms=0
CAPTURE_CLOSED i=270 epoch=15 pause_ms=0
CAPTURE_CLOSED i=271 epoch=16 pause_ms=0
CAPTURE_CLOSED i=272 epoch=17 pause_ms=0
CAPTURE_CLOSED i=273 epoch=18 pause_ms=0
CAPTURE_CLOSED i=274 epoch=19 pause_ms=0
CAPTURE_CLOSED i=275 epoch=20 pause_ms=0
CAPTURE_CLOSED i=276 epoch=21 pause_ms=0
CAPTURE_CLOSED i=277 epoch=22 pause_ms=0
CAPTURE_CLOSED i=278 epoch=23 pause_ms=0
CAPTURE_CLOSED i=279 epoch=24 pause_ms=0
CAPTURE_CLOSED i=280 epoch=25 pause_ms=0
CAPTURE_CLOSED i=281 epoch=26 pause_ms=0
CAPTURE_CLOSED i=282 epoch=27 pause_ms=0
CAPTURE_CLOSED i=283 epoch=28 pause_ms=0
CAPTURE_CLOSED i=284 epoch=29 pause_ms=0
CAPTURE_CLOSED i=285 epoch=30 pause_ms=0
CAPTURE_CLOSED i=286 epoch=31 pause_ms=0
CAPTURE_CLOSED i=287 epoch=32 pause_ms=0
CAPTURE_CLOSED i=288 epoch=33 pause_ms=0
CAPTURE_CLOSED i=289 epoch=34 pause_ms=0
CAPTURE_CLOSED i=290 epoch=35 pause_ms=0
CAPTURE_CLOSED i=291 epoch=36 pause_ms=0
CAPTURE_CLOSED i=292 epoch=37 pause_ms=0
CAPTURE_CLOSED i=293 epoch=38 pause_ms=0
CAPTURE_CLOSED i=294 epoch=39 pause_ms=0
CAPTURE_CLOSED i=295 epoch=40 pause_ms=0
CAPTURE_CLOSED i=296 epoch=41 pause_ms=0
CAPTURE_CLOSED i=297 epoch=42 pause_ms=0
CAPTURE_CLOSED i=298 epoch=43 pause_ms=0
TRACE_SPI txn=300 writes=24 host_observed_write_us=15521.542 post_spi_to_tune_return_us=3371.424
CAPTURE_CLOSED i=299 epoch=44 pause_ms=0
mode=BOTH progress=300 unrecovered=0 first_read_faults=0 recovered=0 last_epoch=44
CAPTURE_CLOSED i=300 epoch=45 pause_ms=0
CAPTURE_CLOSED i=301 epoch=46 pause_ms=0
CAPTURE_CLOSED i=302 epoch=47 pause_ms=0
CAPTURE_CLOSED i=303 epoch=48 pause_ms=0
CAPTURE_CLOSED i=304 epoch=49 pause_ms=0
CAPTURE_CLOSED i=305 epoch=50 pause_ms=0
CAPTURE_CLOSED i=306 epoch=51 pause_ms=0
CAPTURE_CLOSED i=307 epoch=52 pause_ms=0
CAPTURE_CLOSED i=308 epoch=53 pause_ms=0
CAPTURE_CLOSED i=309 epoch=54 pause_ms=0
CAPTURE_CLOSED i=310 epoch=55 pause_ms=0
CAPTURE_CLOSED i=311 epoch=56 pause_ms=0
CAPTURE_CLOSED i=312 epoch=57 pause_ms=0
CAPTURE_CLOSED i=313 epoch=58 pause_ms=0
CAPTURE_CLOSED i=314 epoch=59 pause_ms=0
CAPTURE_CLOSED i=315 epoch=60 pause_ms=0
CAPTURE_CLOSED i=316 epoch=61 pause_ms=0
CAPTURE_CLOSED i=317 epoch=62 pause_ms=0
CAPTURE_CLOSED i=318 epoch=63 pause_ms=0
CAPTURE_CLOSED i=319 epoch=64 pause_ms=0
CAPTURE_CLOSED i=320 epoch=65 pause_ms=0
CAPTURE_CLOSED i=321 epoch=66 pause_ms=0
CAPTURE_CLOSED i=322 epoch=67 pause_ms=0
CAPTURE_CLOSED i=323 epoch=68 pause_ms=0
CAPTURE_CLOSED i=324 epoch=69 pause_ms=0
CAPTURE_CLOSED i=325 epoch=70 pause_ms=0
CAPTURE_CLOSED i=326 epoch=71 pause_ms=0
CAPTURE_CLOSED i=327 epoch=72 pause_ms=0
CAPTURE_CLOSED i=328 epoch=73 pause_ms=0
CAPTURE_CLOSED i=329 epoch=74 pause_ms=0
CAPTURE_CLOSED i=330 epoch=75 pause_ms=0
CAPTURE_CLOSED i=331 epoch=76 pause_ms=0
CAPTURE_CLOSED i=332 epoch=77 pause_ms=0
CAPTURE_CLOSED i=333 epoch=78 pause_ms=0
CAPTURE_CLOSED i=334 epoch=79 pause_ms=0
CAPTURE_CLOSED i=335 epoch=80 pause_ms=0
CAPTURE_CLOSED i=336 epoch=81 pause_ms=0
CAPTURE_CLOSED i=337 epoch=82 pause_ms=0
CAPTURE_CLOSED i=338 epoch=83 pause_ms=0
CAPTURE_CLOSED i=339 epoch=84 pause_ms=0
CAPTURE_CLOSED i=340 epoch=85 pause_ms=0
CAPTURE_CLOSED i=341 epoch=86 pause_ms=0
CAPTURE_CLOSED i=342 epoch=87 pause_ms=0
CAPTURE_CLOSED i=343 epoch=88 pause_ms=0
CAPTURE_CLOSED i=344 epoch=89 pause_ms=0
CAPTURE_CLOSED i=345 epoch=90 pause_ms=0
CAPTURE_CLOSED i=346 epoch=91 pause_ms=0
CAPTURE_CLOSED i=347 epoch=92 pause_ms=0
CAPTURE_CLOSED i=348 epoch=93 pause_ms=0
CAPTURE_CLOSED i=349 epoch=94 pause_ms=0
CAPTURE_CLOSED i=350 epoch=95 pause_ms=0
CAPTURE_CLOSED i=351 epoch=96 pause_ms=0
CAPTURE_CLOSED i=352 epoch=97 pause_ms=0
CAPTURE_CLOSED i=353 epoch=98 pause_ms=0
CAPTURE_CLOSED i=354 epoch=99 pause_ms=0
CAPTURE_CLOSED i=355 epoch=100 pause_ms=0
CAPTURE_CLOSED i=356 epoch=101 pause_ms=0
CAPTURE_CLOSED i=357 epoch=102 pause_ms=0
CAPTURE_CLOSED i=358 epoch=103 pause_ms=0
CAPTURE_CLOSED i=359 epoch=104 pause_ms=0
CAPTURE_CLOSED i=360 epoch=105 pause_ms=0
CAPTURE_CLOSED i=361 epoch=106 pause_ms=0
CAPTURE_CLOSED i=362 epoch=107 pause_ms=0
CAPTURE_CLOSED i=363 epoch=108 pause_ms=0
CAPTURE_CLOSED i=364 epoch=109 pause_ms=0
CAPTURE_CLOSED i=365 epoch=110 pause_ms=0
CAPTURE_CLOSED i=366 epoch=111 pause_ms=0
CAPTURE_CLOSED i=367 epoch=112 pause_ms=0
CAPTURE_CLOSED i=368 epoch=113 pause_ms=0
CAPTURE_CLOSED i=369 epoch=114 pause_ms=0
CAPTURE_CLOSED i=370 epoch=115 pause_ms=0
CAPTURE_CLOSED i=371 epoch=116 pause_ms=0
CAPTURE_CLOSED i=372 epoch=117 pause_ms=0
CAPTURE_CLOSED i=373 epoch=118 pause_ms=0
CAPTURE_CLOSED i=374 epoch=119 pause_ms=0
CAPTURE_CLOSED i=375 epoch=120 pause_ms=0
CAPTURE_CLOSED i=376 epoch=121 pause_ms=0
CAPTURE_CLOSED i=377 epoch=122 pause_ms=0
CAPTURE_CLOSED i=378 epoch=123 pause_ms=0
CAPTURE_CLOSED i=379 epoch=124 pause_ms=0
CAPTURE_CLOSED i=380 epoch=125 pause_ms=0
CAPTURE_CLOSED i=381 epoch=126 pause_ms=0
CAPTURE_CLOSED i=382 epoch=127 pause_ms=0
CAPTURE_CLOSED i=383 epoch=128 pause_ms=0
CAPTURE_CLOSED i=384 epoch=129 pause_ms=0
CAPTURE_CLOSED i=385 epoch=130 pause_ms=0
CAPTURE_CLOSED i=386 epoch=131 pause_ms=0
CAPTURE_CLOSED i=387 epoch=132 pause_ms=0
CAPTURE_CLOSED i=388 epoch=133 pause_ms=0
CAPTURE_CLOSED i=389 epoch=134 pause_ms=0
CAPTURE_CLOSED i=390 epoch=135 pause_ms=0
CAPTURE_CLOSED i=391 epoch=136 pause_ms=0
CAPTURE_CLOSED i=392 epoch=137 pause_ms=0
CAPTURE_CLOSED i=393 epoch=138 pause_ms=0
CAPTURE_CLOSED i=394 epoch=139 pause_ms=0
CAPTURE_CLOSED i=395 epoch=140 pause_ms=0
CAPTURE_CLOSED i=396 epoch=141 pause_ms=0
CAPTURE_CLOSED i=397 epoch=142 pause_ms=0
CAPTURE_CLOSED i=398 epoch=143 pause_ms=0
TRACE_SPI txn=400 writes=24 host_observed_write_us=15833.100 post_spi_to_tune_return_us=3458.260
CAPTURE_CLOSED i=399 epoch=144 pause_ms=0
mode=BOTH progress=400 unrecovered=0 first_read_faults=0 recovered=0 last_epoch=144
CAPTURE_CLOSED i=400 epoch=145 pause_ms=0
CAPTURE_CLOSED i=401 epoch=146 pause_ms=0
CAPTURE_CLOSED i=402 epoch=147 pause_ms=0
CAPTURE_CLOSED i=403 epoch=148 pause_ms=0
CAPTURE_CLOSED i=404 epoch=149 pause_ms=0
CAPTURE_CLOSED i=405 epoch=150 pause_ms=0
CAPTURE_CLOSED i=406 epoch=151 pause_ms=0
CAPTURE_CLOSED i=407 epoch=152 pause_ms=0
CAPTURE_CLOSED i=408 epoch=153 pause_ms=0
CAPTURE_CLOSED i=409 epoch=154 pause_ms=0
CAPTURE_CLOSED i=410 epoch=155 pause_ms=0
CAPTURE_CLOSED i=411 epoch=156 pause_ms=0
CAPTURE_CLOSED i=412 epoch=157 pause_ms=0
CAPTURE_CLOSED i=413 epoch=158 pause_ms=0
CAPTURE_CLOSED i=414 epoch=159 pause_ms=0
CAPTURE_CLOSED i=415 epoch=160 pause_ms=0
CAPTURE_CLOSED i=416 epoch=161 pause_ms=0
CAPTURE_CLOSED i=417 epoch=162 pause_ms=0
CAPTURE_CLOSED i=418 epoch=163 pause_ms=0
CAPTURE_CLOSED i=419 epoch=164 pause_ms=0
CAPTURE_CLOSED i=420 epoch=165 pause_ms=0
CAPTURE_CLOSED i=421 epoch=166 pause_ms=0
CAPTURE_CLOSED i=422 epoch=167 pause_ms=0
CAPTURE_CLOSED i=423 epoch=168 pause_ms=0
CAPTURE_CLOSED i=424 epoch=169 pause_ms=0
CAPTURE_CLOSED i=425 epoch=170 pause_ms=0
CAPTURE_CLOSED i=426 epoch=171 pause_ms=0
CAPTURE_CLOSED i=427 epoch=172 pause_ms=0
CAPTURE_CLOSED i=428 epoch=173 pause_ms=0
CAPTURE_CLOSED i=429 epoch=174 pause_ms=0
CAPTURE_CLOSED i=430 epoch=175 pause_ms=0
CAPTURE_CLOSED i=431 epoch=176 pause_ms=0
CAPTURE_CLOSED i=432 epoch=177 pause_ms=0
CAPTURE_CLOSED i=433 epoch=178 pause_ms=0
CAPTURE_CLOSED i=434 epoch=179 pause_ms=0
CAPTURE_CLOSED i=435 epoch=180 pause_ms=0
CAPTURE_CLOSED i=436 epoch=181 pause_ms=0
CAPTURE_CLOSED i=437 epoch=182 pause_ms=0
CAPTURE_CLOSED i=438 epoch=183 pause_ms=0
CAPTURE_CLOSED i=439 epoch=184 pause_ms=0
CAPTURE_CLOSED i=440 epoch=185 pause_ms=0
CAPTURE_CLOSED i=441 epoch=186 pause_ms=0
CAPTURE_CLOSED i=442 epoch=187 pause_ms=0
CAPTURE_CLOSED i=443 epoch=188 pause_ms=0
CAPTURE_CLOSED i=444 epoch=189 pause_ms=0
CAPTURE_CLOSED i=445 epoch=190 pause_ms=0
CAPTURE_CLOSED i=446 epoch=191 pause_ms=0
CAPTURE_CLOSED i=447 epoch=192 pause_ms=0
CAPTURE_CLOSED i=448 epoch=193 pause_ms=0
CAPTURE_CLOSED i=449 epoch=194 pause_ms=0
CAPTURE_CLOSED i=450 epoch=195 pause_ms=0
CAPTURE_CLOSED i=451 epoch=196 pause_ms=0
CAPTURE_CLOSED i=452 epoch=197 pause_ms=0
CAPTURE_CLOSED i=453 epoch=198 pause_ms=0
CAPTURE_CLOSED i=454 epoch=199 pause_ms=0
CAPTURE_CLOSED i=455 epoch=200 pause_ms=0
CAPTURE_CLOSED i=456 epoch=201 pause_ms=0
CAPTURE_CLOSED i=457 epoch=202 pause_ms=0
CAPTURE_CLOSED i=458 epoch=203 pause_ms=0
CAPTURE_CLOSED i=459 epoch=204 pause_ms=0
CAPTURE_CLOSED i=460 epoch=205 pause_ms=0
CAPTURE_CLOSED i=461 epoch=206 pause_ms=0
CAPTURE_CLOSED i=462 epoch=207 pause_ms=0
CAPTURE_CLOSED i=463 epoch=208 pause_ms=0
CAPTURE_CLOSED i=464 epoch=209 pause_ms=0
CAPTURE_CLOSED i=465 epoch=210 pause_ms=0
CAPTURE_CLOSED i=466 epoch=211 pause_ms=0
CAPTURE_CLOSED i=467 epoch=212 pause_ms=0
CAPTURE_CLOSED i=468 epoch=213 pause_ms=0
CAPTURE_CLOSED i=469 epoch=214 pause_ms=0
CAPTURE_CLOSED i=470 epoch=215 pause_ms=0
CAPTURE_CLOSED i=471 epoch=216 pause_ms=0
CAPTURE_CLOSED i=472 epoch=217 pause_ms=0
CAPTURE_CLOSED i=473 epoch=218 pause_ms=0
CAPTURE_CLOSED i=474 epoch=219 pause_ms=0
CAPTURE_CLOSED i=475 epoch=220 pause_ms=0
CAPTURE_CLOSED i=476 epoch=221 pause_ms=0
CAPTURE_CLOSED i=477 epoch=222 pause_ms=0
CAPTURE_CLOSED i=478 epoch=223 pause_ms=0
CAPTURE_CLOSED i=479 epoch=224 pause_ms=0
CAPTURE_CLOSED i=480 epoch=225 pause_ms=0
CAPTURE_CLOSED i=481 epoch=226 pause_ms=0
CAPTURE_CLOSED i=482 epoch=227 pause_ms=0
CAPTURE_CLOSED i=483 epoch=228 pause_ms=0
CAPTURE_CLOSED i=484 epoch=229 pause_ms=0
CAPTURE_CLOSED i=485 epoch=230 pause_ms=0
CAPTURE_CLOSED i=486 epoch=231 pause_ms=0
CAPTURE_CLOSED i=487 epoch=232 pause_ms=0
CAPTURE_CLOSED i=488 epoch=233 pause_ms=0
CAPTURE_CLOSED i=489 epoch=234 pause_ms=0
CAPTURE_CLOSED i=490 epoch=235 pause_ms=0
CAPTURE_CLOSED i=491 epoch=236 pause_ms=0
CAPTURE_CLOSED i=492 epoch=237 pause_ms=0
CAPTURE_CLOSED i=493 epoch=238 pause_ms=0
CAPTURE_CLOSED i=494 epoch=239 pause_ms=0
CAPTURE_CLOSED i=495 epoch=240 pause_ms=0
CAPTURE_CLOSED i=496 epoch=241 pause_ms=0
CAPTURE_CLOSED i=497 epoch=242 pause_ms=0
CAPTURE_CLOSED i=498 epoch=243 pause_ms=0
TRACE_SPI txn=500 writes=24 host_observed_write_us=15480.641 post_spi_to_tune_return_us=3507.463
CAPTURE_CLOSED i=499 epoch=244 pause_ms=0
mode=BOTH progress=500 unrecovered=0 first_read_faults=0 recovered=0 last_epoch=244
CAPTURE_CLOSED i=500 epoch=245 pause_ms=0
CAPTURE_CLOSED i=501 epoch=246 pause_ms=0
CAPTURE_CLOSED i=502 epoch=247 pause_ms=0
CAPTURE_CLOSED i=503 epoch=248 pause_ms=0
CAPTURE_CLOSED i=504 epoch=249 pause_ms=0
CAPTURE_CLOSED i=505 epoch=250 pause_ms=0
CAPTURE_CLOSED i=506 epoch=251 pause_ms=0
CAPTURE_CLOSED i=507 epoch=252 pause_ms=0
CAPTURE_CLOSED i=508 epoch=253 pause_ms=0
CAPTURE_CLOSED i=509 epoch=254 pause_ms=0
CAPTURE_CLOSED i=510 epoch=255 pause_ms=0
CAPTURE_CLOSED i=511 epoch=0 pause_ms=0
CAPTURE_CLOSED i=512 epoch=1 pause_ms=0
CAPTURE_CLOSED i=513 epoch=2 pause_ms=0
CAPTURE_CLOSED i=514 epoch=3 pause_ms=0
CAPTURE_CLOSED i=515 epoch=4 pause_ms=0
CAPTURE_CLOSED i=516 epoch=5 pause_ms=0
CAPTURE_CLOSED i=517 epoch=6 pause_ms=0
CAPTURE_CLOSED i=518 epoch=7 pause_ms=0
CAPTURE_CLOSED i=519 epoch=8 pause_ms=0
CAPTURE_CLOSED i=520 epoch=9 pause_ms=0
CAPTURE_CLOSED i=521 epoch=10 pause_ms=0
CAPTURE_CLOSED i=522 epoch=11 pause_ms=0
CAPTURE_CLOSED i=523 epoch=12 pause_ms=0
CAPTURE_CLOSED i=524 epoch=13 pause_ms=0
CAPTURE_CLOSED i=525 epoch=14 pause_ms=0
CAPTURE_CLOSED i=526 epoch=15 pause_ms=0
CAPTURE_CLOSED i=527 epoch=16 pause_ms=0
CAPTURE_CLOSED i=528 epoch=17 pause_ms=0
CAPTURE_CLOSED i=529 epoch=18 pause_ms=0
CAPTURE_CLOSED i=530 epoch=19 pause_ms=0
CAPTURE_CLOSED i=531 epoch=20 pause_ms=0
CAPTURE_CLOSED i=532 epoch=21 pause_ms=0
CAPTURE_CLOSED i=533 epoch=22 pause_ms=0
CAPTURE_CLOSED i=534 epoch=23 pause_ms=0
CAPTURE_CLOSED i=535 epoch=24 pause_ms=0
CAPTURE_CLOSED i=536 epoch=25 pause_ms=0
CAPTURE_CLOSED i=537 epoch=26 pause_ms=0
CAPTURE_CLOSED i=538 epoch=27 pause_ms=0
CAPTURE_CLOSED i=539 epoch=28 pause_ms=0
CAPTURE_CLOSED i=540 epoch=29 pause_ms=0
CAPTURE_CLOSED i=541 epoch=30 pause_ms=0
CAPTURE_CLOSED i=542 epoch=31 pause_ms=0
CAPTURE_CLOSED i=543 epoch=32 pause_ms=0
CAPTURE_CLOSED i=544 epoch=33 pause_ms=0
CAPTURE_CLOSED i=545 epoch=34 pause_ms=0
CAPTURE_CLOSED i=546 epoch=35 pause_ms=0
CAPTURE_CLOSED i=547 epoch=36 pause_ms=0
CAPTURE_CLOSED i=548 epoch=37 pause_ms=0
CAPTURE_CLOSED i=549 epoch=38 pause_ms=0
CAPTURE_CLOSED i=550 epoch=39 pause_ms=0
CAPTURE_CLOSED i=551 epoch=40 pause_ms=0
CAPTURE_CLOSED i=552 epoch=41 pause_ms=0
CAPTURE_CLOSED i=553 epoch=42 pause_ms=0
CAPTURE_CLOSED i=554 epoch=43 pause_ms=0
CAPTURE_CLOSED i=555 epoch=44 pause_ms=0
CAPTURE_CLOSED i=556 epoch=45 pause_ms=0
CAPTURE_CLOSED i=557 epoch=46 pause_ms=0
CAPTURE_CLOSED i=558 epoch=47 pause_ms=0
CAPTURE_CLOSED i=559 epoch=48 pause_ms=0
CAPTURE_CLOSED i=560 epoch=49 pause_ms=0
CAPTURE_CLOSED i=561 epoch=50 pause_ms=0
CAPTURE_CLOSED i=562 epoch=51 pause_ms=0
CAPTURE_CLOSED i=563 epoch=52 pause_ms=0
CAPTURE_CLOSED i=564 epoch=53 pause_ms=0
CAPTURE_CLOSED i=565 epoch=54 pause_ms=0
CAPTURE_CLOSED i=566 epoch=55 pause_ms=0
CAPTURE_CLOSED i=567 epoch=56 pause_ms=0
CAPTURE_CLOSED i=568 epoch=57 pause_ms=0
CAPTURE_CLOSED i=569 epoch=58 pause_ms=0
CAPTURE_CLOSED i=570 epoch=59 pause_ms=0
CAPTURE_CLOSED i=571 epoch=60 pause_ms=0
CAPTURE_CLOSED i=572 epoch=61 pause_ms=0
CAPTURE_CLOSED i=573 epoch=62 pause_ms=0
CAPTURE_CLOSED i=574 epoch=63 pause_ms=0
CAPTURE_CLOSED i=575 epoch=64 pause_ms=0
CAPTURE_CLOSED i=576 epoch=65 pause_ms=0
CAPTURE_CLOSED i=577 epoch=66 pause_ms=0
CAPTURE_CLOSED i=578 epoch=67 pause_ms=0
CAPTURE_CLOSED i=579 epoch=68 pause_ms=0
CAPTURE_CLOSED i=580 epoch=69 pause_ms=0
CAPTURE_CLOSED i=581 epoch=70 pause_ms=0
CAPTURE_CLOSED i=582 epoch=71 pause_ms=0
CAPTURE_CLOSED i=583 epoch=72 pause_ms=0
CAPTURE_CLOSED i=584 epoch=73 pause_ms=0
CAPTURE_CLOSED i=585 epoch=74 pause_ms=0
CAPTURE_CLOSED i=586 epoch=75 pause_ms=0
CAPTURE_CLOSED i=587 epoch=76 pause_ms=0
CAPTURE_CLOSED i=588 epoch=77 pause_ms=0
CAPTURE_CLOSED i=589 epoch=78 pause_ms=0
CAPTURE_CLOSED i=590 epoch=79 pause_ms=0
CAPTURE_CLOSED i=591 epoch=80 pause_ms=0
CAPTURE_CLOSED i=592 epoch=81 pause_ms=0
CAPTURE_CLOSED i=593 epoch=82 pause_ms=0
CAPTURE_CLOSED i=594 epoch=83 pause_ms=0
CAPTURE_CLOSED i=595 epoch=84 pause_ms=0
CAPTURE_CLOSED i=596 epoch=85 pause_ms=0
CAPTURE_CLOSED i=597 epoch=86 pause_ms=0
CAPTURE_CLOSED i=598 epoch=87 pause_ms=0
TRACE_SPI txn=600 writes=24 host_observed_write_us=15498.360 post_spi_to_tune_return_us=3371.842
CAPTURE_CLOSED i=599 epoch=88 pause_ms=0
mode=BOTH progress=600 unrecovered=0 first_read_faults=0 recovered=0 last_epoch=88
CAPTURE_CLOSED i=600 epoch=89 pause_ms=0
CAPTURE_CLOSED i=601 epoch=90 pause_ms=0
CAPTURE_CLOSED i=602 epoch=91 pause_ms=0
CAPTURE_CLOSED i=603 epoch=92 pause_ms=0
CAPTURE_CLOSED i=604 epoch=93 pause_ms=0
CAPTURE_CLOSED i=605 epoch=94 pause_ms=0
CAPTURE_CLOSED i=606 epoch=95 pause_ms=0
CAPTURE_CLOSED i=607 epoch=96 pause_ms=0
CAPTURE_CLOSED i=608 epoch=97 pause_ms=0
CAPTURE_CLOSED i=609 epoch=98 pause_ms=0
CAPTURE_CLOSED i=610 epoch=99 pause_ms=0
CAPTURE_CLOSED i=611 epoch=100 pause_ms=0
CAPTURE_CLOSED i=612 epoch=101 pause_ms=0
CAPTURE_CLOSED i=613 epoch=102 pause_ms=0
CAPTURE_CLOSED i=614 epoch=103 pause_ms=0
CAPTURE_CLOSED i=615 epoch=104 pause_ms=0
CAPTURE_CLOSED i=616 epoch=105 pause_ms=0
CAPTURE_CLOSED i=617 epoch=106 pause_ms=0
CAPTURE_CLOSED i=618 epoch=107 pause_ms=0
CAPTURE_CLOSED i=619 epoch=108 pause_ms=0
CAPTURE_CLOSED i=620 epoch=109 pause_ms=0
CAPTURE_CLOSED i=621 epoch=110 pause_ms=0
CAPTURE_CLOSED i=622 epoch=111 pause_ms=0
CAPTURE_CLOSED i=623 epoch=112 pause_ms=0
CAPTURE_CLOSED i=624 epoch=113 pause_ms=0
CAPTURE_CLOSED i=625 epoch=114 pause_ms=0
CAPTURE_CLOSED i=626 epoch=115 pause_ms=0
CAPTURE_CLOSED i=627 epoch=116 pause_ms=0
CAPTURE_CLOSED i=628 epoch=117 pause_ms=0
CAPTURE_CLOSED i=629 epoch=118 pause_ms=0
CAPTURE_CLOSED i=630 epoch=119 pause_ms=0
CAPTURE_CLOSED i=631 epoch=120 pause_ms=0
CAPTURE_CLOSED i=632 epoch=121 pause_ms=0
CAPTURE_CLOSED i=633 epoch=122 pause_ms=0
CAPTURE_CLOSED i=634 epoch=123 pause_ms=0
CAPTURE_CLOSED i=635 epoch=124 pause_ms=0
CAPTURE_CLOSED i=636 epoch=125 pause_ms=0
CAPTURE_CLOSED i=637 epoch=126 pause_ms=0
CAPTURE_CLOSED i=638 epoch=127 pause_ms=0
CAPTURE_CLOSED i=639 epoch=128 pause_ms=0
CAPTURE_CLOSED i=640 epoch=129 pause_ms=0
CAPTURE_CLOSED i=641 epoch=130 pause_ms=0
CAPTURE_CLOSED i=642 epoch=131 pause_ms=0
CAPTURE_CLOSED i=643 epoch=132 pause_ms=0
CAPTURE_CLOSED i=644 epoch=133 pause_ms=0
CAPTURE_CLOSED i=645 epoch=134 pause_ms=0
CAPTURE_CLOSED i=646 epoch=135 pause_ms=0
CAPTURE_CLOSED i=647 epoch=136 pause_ms=0
CAPTURE_CLOSED i=648 epoch=137 pause_ms=0
CAPTURE_CLOSED i=649 epoch=138 pause_ms=0
CAPTURE_CLOSED i=650 epoch=139 pause_ms=0
CAPTURE_CLOSED i=651 epoch=140 pause_ms=0
CAPTURE_CLOSED i=652 epoch=141 pause_ms=0
CAPTURE_CLOSED i=653 epoch=142 pause_ms=0
CAPTURE_CLOSED i=654 epoch=143 pause_ms=0
CAPTURE_CLOSED i=655 epoch=144 pause_ms=0
CAPTURE_CLOSED i=656 epoch=145 pause_ms=0
CAPTURE_CLOSED i=657 epoch=146 pause_ms=0
CAPTURE_CLOSED i=658 epoch=147 pause_ms=0
CAPTURE_CLOSED i=659 epoch=148 pause_ms=0
CAPTURE_CLOSED i=660 epoch=149 pause_ms=0
CAPTURE_CLOSED i=661 epoch=150 pause_ms=0
CAPTURE_CLOSED i=662 epoch=151 pause_ms=0
CAPTURE_CLOSED i=663 epoch=152 pause_ms=0
CAPTURE_CLOSED i=664 epoch=153 pause_ms=0
CAPTURE_CLOSED i=665 epoch=154 pause_ms=0
CAPTURE_CLOSED i=666 epoch=155 pause_ms=0
CAPTURE_CLOSED i=667 epoch=156 pause_ms=0
CAPTURE_CLOSED i=668 epoch=157 pause_ms=0
CAPTURE_CLOSED i=669 epoch=158 pause_ms=0
CAPTURE_CLOSED i=670 epoch=159 pause_ms=0
CAPTURE_CLOSED i=671 epoch=160 pause_ms=0
CAPTURE_CLOSED i=672 epoch=161 pause_ms=0
CAPTURE_CLOSED i=673 epoch=162 pause_ms=0
CAPTURE_CLOSED i=674 epoch=163 pause_ms=0
CAPTURE_CLOSED i=675 epoch=164 pause_ms=0
CAPTURE_CLOSED i=676 epoch=165 pause_ms=0
CAPTURE_CLOSED i=677 epoch=166 pause_ms=0
CAPTURE_CLOSED i=678 epoch=167 pause_ms=0
CAPTURE_CLOSED i=679 epoch=168 pause_ms=0
CAPTURE_CLOSED i=680 epoch=169 pause_ms=0
CAPTURE_CLOSED i=681 epoch=170 pause_ms=0
CAPTURE_CLOSED i=682 epoch=171 pause_ms=0
CAPTURE_CLOSED i=683 epoch=172 pause_ms=0
CAPTURE_CLOSED i=684 epoch=173 pause_ms=0
CAPTURE_CLOSED i=685 epoch=174 pause_ms=0
CAPTURE_CLOSED i=686 epoch=175 pause_ms=0
CAPTURE_CLOSED i=687 epoch=176 pause_ms=0
CAPTURE_CLOSED i=688 epoch=177 pause_ms=0
CAPTURE_CLOSED i=689 epoch=178 pause_ms=0
CAPTURE_CLOSED i=690 epoch=179 pause_ms=0
CAPTURE_CLOSED i=691 epoch=180 pause_ms=0
CAPTURE_CLOSED i=692 epoch=181 pause_ms=0
CAPTURE_CLOSED i=693 epoch=182 pause_ms=0
CAPTURE_CLOSED i=694 epoch=183 pause_ms=0
CAPTURE_CLOSED i=695 epoch=184 pause_ms=0
CAPTURE_CLOSED i=696 epoch=185 pause_ms=0
CAPTURE_CLOSED i=697 epoch=186 pause_ms=0
CAPTURE_CLOSED i=698 epoch=187 pause_ms=0
TRACE_SPI txn=700 writes=24 host_observed_write_us=15434.378 post_spi_to_tune_return_us=3373.284
CAPTURE_CLOSED i=699 epoch=188 pause_ms=0
mode=BOTH progress=700 unrecovered=0 first_read_faults=0 recovered=0 last_epoch=188
CAPTURE_CLOSED i=700 epoch=189 pause_ms=0
CAPTURE_CLOSED i=701 epoch=190 pause_ms=0
CAPTURE_CLOSED i=702 epoch=191 pause_ms=0
CAPTURE_CLOSED i=703 epoch=192 pause_ms=0
CAPTURE_CLOSED i=704 epoch=193 pause_ms=0
CAPTURE_CLOSED i=705 epoch=194 pause_ms=0
CAPTURE_CLOSED i=706 epoch=195 pause_ms=0
CAPTURE_CLOSED i=707 epoch=196 pause_ms=0
CAPTURE_CLOSED i=708 epoch=197 pause_ms=0
CAPTURE_CLOSED i=709 epoch=198 pause_ms=0
CAPTURE_CLOSED i=710 epoch=199 pause_ms=0
CAPTURE_CLOSED i=711 epoch=200 pause_ms=0
CAPTURE_CLOSED i=712 epoch=201 pause_ms=0
CAPTURE_CLOSED i=713 epoch=202 pause_ms=0
CAPTURE_CLOSED i=714 epoch=203 pause_ms=0
CAPTURE_CLOSED i=715 epoch=204 pause_ms=0
CAPTURE_CLOSED i=716 epoch=205 pause_ms=0
CAPTURE_CLOSED i=717 epoch=206 pause_ms=0
CAPTURE_CLOSED i=718 epoch=207 pause_ms=0
CAPTURE_CLOSED i=719 epoch=208 pause_ms=0
CAPTURE_CLOSED i=720 epoch=209 pause_ms=0
CAPTURE_CLOSED i=721 epoch=210 pause_ms=0
CAPTURE_CLOSED i=722 epoch=211 pause_ms=0
CAPTURE_CLOSED i=723 epoch=212 pause_ms=0
CAPTURE_CLOSED i=724 epoch=213 pause_ms=0
CAPTURE_CLOSED i=725 epoch=214 pause_ms=0
CAPTURE_CLOSED i=726 epoch=215 pause_ms=0
CAPTURE_CLOSED i=727 epoch=216 pause_ms=0
CAPTURE_CLOSED i=728 epoch=217 pause_ms=0
CAPTURE_CLOSED i=729 epoch=218 pause_ms=0
CAPTURE_CLOSED i=730 epoch=219 pause_ms=0
CAPTURE_CLOSED i=731 epoch=220 pause_ms=0
CAPTURE_CLOSED i=732 epoch=221 pause_ms=0
CAPTURE_CLOSED i=733 epoch=222 pause_ms=0
CAPTURE_CLOSED i=734 epoch=223 pause_ms=0
CAPTURE_CLOSED i=735 epoch=224 pause_ms=0
CAPTURE_CLOSED i=736 epoch=225 pause_ms=0
CAPTURE_CLOSED i=737 epoch=226 pause_ms=0
CAPTURE_CLOSED i=738 epoch=227 pause_ms=0
CAPTURE_CLOSED i=739 epoch=228 pause_ms=0
CAPTURE_CLOSED i=740 epoch=229 pause_ms=0
CAPTURE_CLOSED i=741 epoch=230 pause_ms=0
CAPTURE_CLOSED i=742 epoch=231 pause_ms=0
CAPTURE_CLOSED i=743 epoch=232 pause_ms=0
CAPTURE_CLOSED i=744 epoch=233 pause_ms=0
CAPTURE_CLOSED i=745 epoch=234 pause_ms=0
CAPTURE_CLOSED i=746 epoch=235 pause_ms=0
CAPTURE_CLOSED i=747 epoch=236 pause_ms=0
CAPTURE_CLOSED i=748 epoch=237 pause_ms=0
CAPTURE_CLOSED i=749 epoch=238 pause_ms=0
CAPTURE_CLOSED i=750 epoch=239 pause_ms=0
CAPTURE_CLOSED i=751 epoch=240 pause_ms=0
CAPTURE_CLOSED i=752 epoch=241 pause_ms=0
CAPTURE_CLOSED i=753 epoch=242 pause_ms=0
CAPTURE_CLOSED i=754 epoch=243 pause_ms=0
CAPTURE_CLOSED i=755 epoch=244 pause_ms=0
CAPTURE_CLOSED i=756 epoch=245 pause_ms=0
CAPTURE_CLOSED i=757 epoch=246 pause_ms=0
CAPTURE_CLOSED i=758 epoch=247 pause_ms=0
CAPTURE_CLOSED i=759 epoch=248 pause_ms=0
CAPTURE_CLOSED i=760 epoch=249 pause_ms=0
CAPTURE_CLOSED i=761 epoch=250 pause_ms=0
CAPTURE_CLOSED i=762 epoch=251 pause_ms=0
CAPTURE_CLOSED i=763 epoch=252 pause_ms=0
CAPTURE_CLOSED i=764 epoch=253 pause_ms=0
CAPTURE_CLOSED i=765 epoch=254 pause_ms=0
CAPTURE_CLOSED i=766 epoch=255 pause_ms=0
CAPTURE_CLOSED i=767 epoch=0 pause_ms=0
CAPTURE_CLOSED i=768 epoch=1 pause_ms=0
CAPTURE_CLOSED i=769 epoch=2 pause_ms=0
CAPTURE_CLOSED i=770 epoch=3 pause_ms=0
CAPTURE_CLOSED i=771 epoch=4 pause_ms=0
CAPTURE_CLOSED i=772 epoch=5 pause_ms=0
CAPTURE_CLOSED i=773 epoch=6 pause_ms=0
CAPTURE_CLOSED i=774 epoch=7 pause_ms=0
CAPTURE_CLOSED i=775 epoch=8 pause_ms=0
CAPTURE_CLOSED i=776 epoch=9 pause_ms=0
CAPTURE_CLOSED i=777 epoch=10 pause_ms=0
CAPTURE_CLOSED i=778 epoch=11 pause_ms=0
CAPTURE_CLOSED i=779 epoch=12 pause_ms=0
CAPTURE_CLOSED i=780 epoch=13 pause_ms=0
CAPTURE_CLOSED i=781 epoch=14 pause_ms=0
CAPTURE_CLOSED i=782 epoch=15 pause_ms=0
CAPTURE_CLOSED i=783 epoch=16 pause_ms=0
CAPTURE_CLOSED i=784 epoch=17 pause_ms=0
CAPTURE_CLOSED i=785 epoch=18 pause_ms=0
CAPTURE_CLOSED i=786 epoch=19 pause_ms=0
CAPTURE_CLOSED i=787 epoch=20 pause_ms=0
CAPTURE_CLOSED i=788 epoch=21 pause_ms=0
CAPTURE_CLOSED i=789 epoch=22 pause_ms=0
CAPTURE_CLOSED i=790 epoch=23 pause_ms=0
CAPTURE_CLOSED i=791 epoch=24 pause_ms=0
CAPTURE_CLOSED i=792 epoch=25 pause_ms=0
CAPTURE_CLOSED i=793 epoch=26 pause_ms=0
CAPTURE_CLOSED i=794 epoch=27 pause_ms=0
CAPTURE_CLOSED i=795 epoch=28 pause_ms=0
CAPTURE_CLOSED i=796 epoch=29 pause_ms=0
CAPTURE_CLOSED i=797 epoch=30 pause_ms=0
CAPTURE_CLOSED i=798 epoch=31 pause_ms=0
TRACE_SPI txn=800 writes=24 host_observed_write_us=15612.693 post_spi_to_tune_return_us=3505.925
CAPTURE_CLOSED i=799 epoch=32 pause_ms=0
mode=BOTH progress=800 unrecovered=0 first_read_faults=0 recovered=0 last_epoch=32
CAPTURE_CLOSED i=800 epoch=33 pause_ms=0
CAPTURE_CLOSED i=801 epoch=34 pause_ms=0
CAPTURE_CLOSED i=802 epoch=35 pause_ms=0
CAPTURE_CLOSED i=803 epoch=36 pause_ms=0
CAPTURE_CLOSED i=804 epoch=37 pause_ms=0
CAPTURE_CLOSED i=805 epoch=38 pause_ms=0
CAPTURE_CLOSED i=806 epoch=39 pause_ms=0
CAPTURE_CLOSED i=807 epoch=40 pause_ms=0
CAPTURE_CLOSED i=808 epoch=41 pause_ms=0
CAPTURE_CLOSED i=809 epoch=42 pause_ms=0
CAPTURE_CLOSED i=810 epoch=43 pause_ms=0
CAPTURE_CLOSED i=811 epoch=44 pause_ms=0
CAPTURE_CLOSED i=812 epoch=45 pause_ms=0
CAPTURE_CLOSED i=813 epoch=46 pause_ms=0
CAPTURE_CLOSED i=814 epoch=47 pause_ms=0
CAPTURE_CLOSED i=815 epoch=48 pause_ms=0
CAPTURE_CLOSED i=816 epoch=49 pause_ms=0
CAPTURE_CLOSED i=817 epoch=50 pause_ms=0
CAPTURE_CLOSED i=818 epoch=51 pause_ms=0
CAPTURE_CLOSED i=819 epoch=52 pause_ms=0
CAPTURE_CLOSED i=820 epoch=53 pause_ms=0
CAPTURE_CLOSED i=821 epoch=54 pause_ms=0
CAPTURE_CLOSED i=822 epoch=55 pause_ms=0
CAPTURE_CLOSED i=823 epoch=56 pause_ms=0
CAPTURE_CLOSED i=824 epoch=57 pause_ms=0
CAPTURE_CLOSED i=825 epoch=58 pause_ms=0
CAPTURE_CLOSED i=826 epoch=59 pause_ms=0
CAPTURE_CLOSED i=827 epoch=60 pause_ms=0
CAPTURE_CLOSED i=828 epoch=61 pause_ms=0
CAPTURE_CLOSED i=829 epoch=62 pause_ms=0
CAPTURE_CLOSED i=830 epoch=63 pause_ms=0
CAPTURE_CLOSED i=831 epoch=64 pause_ms=0
CAPTURE_CLOSED i=832 epoch=65 pause_ms=0
CAPTURE_CLOSED i=833 epoch=66 pause_ms=0
CAPTURE_CLOSED i=834 epoch=67 pause_ms=0
CAPTURE_CLOSED i=835 epoch=68 pause_ms=0
CAPTURE_CLOSED i=836 epoch=69 pause_ms=0
CAPTURE_CLOSED i=837 epoch=70 pause_ms=0
CAPTURE_CLOSED i=838 epoch=71 pause_ms=0
CAPTURE_CLOSED i=839 epoch=72 pause_ms=0
CAPTURE_CLOSED i=840 epoch=73 pause_ms=0
CAPTURE_CLOSED i=841 epoch=74 pause_ms=0
CAPTURE_CLOSED i=842 epoch=75 pause_ms=0
CAPTURE_CLOSED i=843 epoch=76 pause_ms=0
CAPTURE_CLOSED i=844 epoch=77 pause_ms=0
CAPTURE_CLOSED i=845 epoch=78 pause_ms=0
CAPTURE_CLOSED i=846 epoch=79 pause_ms=0
CAPTURE_CLOSED i=847 epoch=80 pause_ms=0
CAPTURE_CLOSED i=848 epoch=81 pause_ms=0
CAPTURE_CLOSED i=849 epoch=82 pause_ms=0
CAPTURE_CLOSED i=850 epoch=83 pause_ms=0
CAPTURE_CLOSED i=851 epoch=84 pause_ms=0
CAPTURE_CLOSED i=852 epoch=85 pause_ms=0
CAPTURE_CLOSED i=853 epoch=86 pause_ms=0
CAPTURE_CLOSED i=854 epoch=87 pause_ms=0
CAPTURE_CLOSED i=855 epoch=88 pause_ms=0
CAPTURE_CLOSED i=856 epoch=89 pause_ms=0
CAPTURE_CLOSED i=857 epoch=90 pause_ms=0
CAPTURE_CLOSED i=858 epoch=91 pause_ms=0
CAPTURE_CLOSED i=859 epoch=92 pause_ms=0
CAPTURE_CLOSED i=860 epoch=93 pause_ms=0
CAPTURE_CLOSED i=861 epoch=94 pause_ms=0
CAPTURE_CLOSED i=862 epoch=95 pause_ms=0
CAPTURE_CLOSED i=863 epoch=96 pause_ms=0
CAPTURE_CLOSED i=864 epoch=97 pause_ms=0
CAPTURE_CLOSED i=865 epoch=98 pause_ms=0
CAPTURE_CLOSED i=866 epoch=99 pause_ms=0
CAPTURE_CLOSED i=867 epoch=100 pause_ms=0
CAPTURE_CLOSED i=868 epoch=101 pause_ms=0
CAPTURE_CLOSED i=869 epoch=102 pause_ms=0
CAPTURE_CLOSED i=870 epoch=103 pause_ms=0
CAPTURE_CLOSED i=871 epoch=104 pause_ms=0
CAPTURE_CLOSED i=872 epoch=105 pause_ms=0
CAPTURE_CLOSED i=873 epoch=106 pause_ms=0
CAPTURE_CLOSED i=874 epoch=107 pause_ms=0
CAPTURE_CLOSED i=875 epoch=108 pause_ms=0
CAPTURE_CLOSED i=876 epoch=109 pause_ms=0
CAPTURE_CLOSED i=877 epoch=110 pause_ms=0
CAPTURE_CLOSED i=878 epoch=111 pause_ms=0
CAPTURE_CLOSED i=879 epoch=112 pause_ms=0
CAPTURE_CLOSED i=880 epoch=113 pause_ms=0
CAPTURE_CLOSED i=881 epoch=114 pause_ms=0
CAPTURE_CLOSED i=882 epoch=115 pause_ms=0
CAPTURE_CLOSED i=883 epoch=116 pause_ms=0
CAPTURE_CLOSED i=884 epoch=117 pause_ms=0
CAPTURE_CLOSED i=885 epoch=118 pause_ms=0
CAPTURE_CLOSED i=886 epoch=119 pause_ms=0
CAPTURE_CLOSED i=887 epoch=120 pause_ms=0
CAPTURE_CLOSED i=888 epoch=121 pause_ms=0
CAPTURE_CLOSED i=889 epoch=122 pause_ms=0
CAPTURE_CLOSED i=890 epoch=123 pause_ms=0
CAPTURE_CLOSED i=891 epoch=124 pause_ms=0
CAPTURE_CLOSED i=892 epoch=125 pause_ms=0
CAPTURE_CLOSED i=893 epoch=126 pause_ms=0
CAPTURE_CLOSED i=894 epoch=127 pause_ms=0
CAPTURE_CLOSED i=895 epoch=128 pause_ms=0
CAPTURE_CLOSED i=896 epoch=129 pause_ms=0
CAPTURE_CLOSED i=897 epoch=130 pause_ms=0
CAPTURE_CLOSED i=898 epoch=131 pause_ms=0
TRACE_SPI txn=900 writes=24 host_observed_write_us=15542.258 post_spi_to_tune_return_us=3503.066
CAPTURE_CLOSED i=899 epoch=132 pause_ms=0
mode=BOTH progress=900 unrecovered=0 first_read_faults=0 recovered=0 last_epoch=132
CAPTURE_CLOSED i=900 epoch=133 pause_ms=0
CAPTURE_CLOSED i=901 epoch=134 pause_ms=0
CAPTURE_CLOSED i=902 epoch=135 pause_ms=0
CAPTURE_CLOSED i=903 epoch=136 pause_ms=0
CAPTURE_CLOSED i=904 epoch=137 pause_ms=0
CAPTURE_CLOSED i=905 epoch=138 pause_ms=0
CAPTURE_CLOSED i=906 epoch=139 pause_ms=0
CAPTURE_CLOSED i=907 epoch=140 pause_ms=0
CAPTURE_CLOSED i=908 epoch=141 pause_ms=0
CAPTURE_CLOSED i=909 epoch=142 pause_ms=0
CAPTURE_CLOSED i=910 epoch=143 pause_ms=0
CAPTURE_CLOSED i=911 epoch=144 pause_ms=0
CAPTURE_CLOSED i=912 epoch=145 pause_ms=0
CAPTURE_CLOSED i=913 epoch=146 pause_ms=0
CAPTURE_CLOSED i=914 epoch=147 pause_ms=0
CAPTURE_CLOSED i=915 epoch=148 pause_ms=0
CAPTURE_CLOSED i=916 epoch=149 pause_ms=0
CAPTURE_CLOSED i=917 epoch=150 pause_ms=0
CAPTURE_CLOSED i=918 epoch=151 pause_ms=0
CAPTURE_CLOSED i=919 epoch=152 pause_ms=0
CAPTURE_CLOSED i=920 epoch=153 pause_ms=0
CAPTURE_CLOSED i=921 epoch=154 pause_ms=0
CAPTURE_CLOSED i=922 epoch=155 pause_ms=0
CAPTURE_CLOSED i=923 epoch=156 pause_ms=0
CAPTURE_CLOSED i=924 epoch=157 pause_ms=0
CAPTURE_CLOSED i=925 epoch=158 pause_ms=0
CAPTURE_CLOSED i=926 epoch=159 pause_ms=0
CAPTURE_CLOSED i=927 epoch=160 pause_ms=0
CAPTURE_CLOSED i=928 epoch=161 pause_ms=0
CAPTURE_CLOSED i=929 epoch=162 pause_ms=0
CAPTURE_CLOSED i=930 epoch=163 pause_ms=0
CAPTURE_CLOSED i=931 epoch=164 pause_ms=0
CAPTURE_CLOSED i=932 epoch=165 pause_ms=0
CAPTURE_CLOSED i=933 epoch=166 pause_ms=0
CAPTURE_CLOSED i=934 epoch=167 pause_ms=0
CAPTURE_CLOSED i=935 epoch=168 pause_ms=0
CAPTURE_CLOSED i=936 epoch=169 pause_ms=0
CAPTURE_CLOSED i=937 epoch=170 pause_ms=0
CAPTURE_CLOSED i=938 epoch=171 pause_ms=0
CAPTURE_CLOSED i=939 epoch=172 pause_ms=0
CAPTURE_CLOSED i=940 epoch=173 pause_ms=0
CAPTURE_CLOSED i=941 epoch=174 pause_ms=0
CAPTURE_CLOSED i=942 epoch=175 pause_ms=0
CAPTURE_CLOSED i=943 epoch=176 pause_ms=0
CAPTURE_CLOSED i=944 epoch=177 pause_ms=0
CAPTURE_CLOSED i=945 epoch=178 pause_ms=0
CAPTURE_CLOSED i=946 epoch=179 pause_ms=0
CAPTURE_CLOSED i=947 epoch=180 pause_ms=0
CAPTURE_CLOSED i=948 epoch=181 pause_ms=0
CAPTURE_CLOSED i=949 epoch=182 pause_ms=0
CAPTURE_CLOSED i=950 epoch=183 pause_ms=0
CAPTURE_CLOSED i=951 epoch=184 pause_ms=0
CAPTURE_CLOSED i=952 epoch=185 pause_ms=0
CAPTURE_CLOSED i=953 epoch=186 pause_ms=0
CAPTURE_CLOSED i=954 epoch=187 pause_ms=0
CAPTURE_CLOSED i=955 epoch=188 pause_ms=0
CAPTURE_CLOSED i=956 epoch=189 pause_ms=0
CAPTURE_CLOSED i=957 epoch=190 pause_ms=0
CAPTURE_CLOSED i=958 epoch=191 pause_ms=0
CAPTURE_CLOSED i=959 epoch=192 pause_ms=0
CAPTURE_CLOSED i=960 epoch=193 pause_ms=0
CAPTURE_CLOSED i=961 epoch=194 pause_ms=0
CAPTURE_CLOSED i=962 epoch=195 pause_ms=0
CAPTURE_CLOSED i=963 epoch=196 pause_ms=0
CAPTURE_CLOSED i=964 epoch=197 pause_ms=0
CAPTURE_CLOSED i=965 epoch=198 pause_ms=0
CAPTURE_CLOSED i=966 epoch=199 pause_ms=0
CAPTURE_CLOSED i=967 epoch=200 pause_ms=0
CAPTURE_CLOSED i=968 epoch=201 pause_ms=0
CAPTURE_CLOSED i=969 epoch=202 pause_ms=0
CAPTURE_CLOSED i=970 epoch=203 pause_ms=0
CAPTURE_CLOSED i=971 epoch=204 pause_ms=0
CAPTURE_CLOSED i=972 epoch=205 pause_ms=0
CAPTURE_CLOSED i=973 epoch=206 pause_ms=0
CAPTURE_CLOSED i=974 epoch=207 pause_ms=0
CAPTURE_CLOSED i=975 epoch=208 pause_ms=0
CAPTURE_CLOSED i=976 epoch=209 pause_ms=0
CAPTURE_CLOSED i=977 epoch=210 pause_ms=0
CAPTURE_CLOSED i=978 epoch=211 pause_ms=0
CAPTURE_CLOSED i=979 epoch=212 pause_ms=0
CAPTURE_CLOSED i=980 epoch=213 pause_ms=0
CAPTURE_CLOSED i=981 epoch=214 pause_ms=0
CAPTURE_CLOSED i=982 epoch=215 pause_ms=0
CAPTURE_CLOSED i=983 epoch=216 pause_ms=0
CAPTURE_CLOSED i=984 epoch=217 pause_ms=0
CAPTURE_CLOSED i=985 epoch=218 pause_ms=0
CAPTURE_CLOSED i=986 epoch=219 pause_ms=0
CAPTURE_CLOSED i=987 epoch=220 pause_ms=0
CAPTURE_CLOSED i=988 epoch=221 pause_ms=0
CAPTURE_CLOSED i=989 epoch=222 pause_ms=0
CAPTURE_CLOSED i=990 epoch=223 pause_ms=0
CAPTURE_CLOSED i=991 epoch=224 pause_ms=0
CAPTURE_CLOSED i=992 epoch=225 pause_ms=0
CAPTURE_CLOSED i=993 epoch=226 pause_ms=0
CAPTURE_CLOSED i=994 epoch=227 pause_ms=0
CAPTURE_CLOSED i=995 epoch=228 pause_ms=0
CAPTURE_CLOSED i=996 epoch=229 pause_ms=0
CAPTURE_CLOSED i=997 epoch=230 pause_ms=0
CAPTURE_CLOSED i=998 epoch=231 pause_ms=0
TRACE_SPI txn=1000 writes=24 host_observed_write_us=15433.848 post_spi_to_tune_return_us=3504.752
CAPTURE_CLOSED i=999 epoch=232 pause_ms=0
mode=BOTH progress=1000 unrecovered=0 first_read_faults=0 recovered=0 last_epoch=232
CAPTURE_CLOSED i=1000 epoch=233 pause_ms=0
CAPTURE_CLOSED i=1001 epoch=234 pause_ms=0
CAPTURE_CLOSED i=1002 epoch=235 pause_ms=0
CAPTURE_CLOSED i=1003 epoch=236 pause_ms=0
CAPTURE_CLOSED i=1004 epoch=237 pause_ms=0
CAPTURE_CLOSED i=1005 epoch=238 pause_ms=0
CAPTURE_CLOSED i=1006 epoch=239 pause_ms=0
CAPTURE_CLOSED i=1007 epoch=240 pause_ms=0
CAPTURE_CLOSED i=1008 epoch=241 pause_ms=0
CAPTURE_CLOSED i=1009 epoch=242 pause_ms=0
CAPTURE_CLOSED i=1010 epoch=243 pause_ms=0
CAPTURE_CLOSED i=1011 epoch=244 pause_ms=0
CAPTURE_CLOSED i=1012 epoch=245 pause_ms=0
CAPTURE_CLOSED i=1013 epoch=246 pause_ms=0
CAPTURE_CLOSED i=1014 epoch=247 pause_ms=0
CAPTURE_CLOSED i=1015 epoch=248 pause_ms=0
CAPTURE_CLOSED i=1016 epoch=249 pause_ms=0
CAPTURE_CLOSED i=1017 epoch=250 pause_ms=0
CAPTURE_CLOSED i=1018 epoch=251 pause_ms=0
CAPTURE_CLOSED i=1019 epoch=252 pause_ms=0
CAPTURE_CLOSED i=1020 epoch=253 pause_ms=0
CAPTURE_CLOSED i=1021 epoch=254 pause_ms=0
CAPTURE_CLOSED i=1022 epoch=255 pause_ms=0
CAPTURE_CLOSED i=1023 epoch=0 pause_ms=0
CAPTURE_CLOSED i=1024 epoch=1 pause_ms=0
CAPTURE_CLOSED i=1025 epoch=2 pause_ms=0
CAPTURE_CLOSED i=1026 epoch=3 pause_ms=0
CAPTURE_CLOSED i=1027 epoch=4 pause_ms=0
CAPTURE_CLOSED i=1028 epoch=5 pause_ms=0
CAPTURE_CLOSED i=1029 epoch=6 pause_ms=0
CAPTURE_CLOSED i=1030 epoch=7 pause_ms=0
CAPTURE_CLOSED i=1031 epoch=8 pause_ms=0
CAPTURE_CLOSED i=1032 epoch=9 pause_ms=0
CAPTURE_CLOSED i=1033 epoch=10 pause_ms=0
CAPTURE_CLOSED i=1034 epoch=11 pause_ms=0
CAPTURE_CLOSED i=1035 epoch=12 pause_ms=0
CAPTURE_CLOSED i=1036 epoch=13 pause_ms=0
CAPTURE_CLOSED i=1037 epoch=14 pause_ms=0
CAPTURE_CLOSED i=1038 epoch=15 pause_ms=0
CAPTURE_CLOSED i=1039 epoch=16 pause_ms=0
CAPTURE_CLOSED i=1040 epoch=17 pause_ms=0
CAPTURE_CLOSED i=1041 epoch=18 pause_ms=0
CAPTURE_CLOSED i=1042 epoch=19 pause_ms=0
CAPTURE_CLOSED i=1043 epoch=20 pause_ms=0
CAPTURE_CLOSED i=1044 epoch=21 pause_ms=0
CAPTURE_CLOSED i=1045 epoch=22 pause_ms=0
CAPTURE_CLOSED i=1046 epoch=23 pause_ms=0
CAPTURE_CLOSED i=1047 epoch=24 pause_ms=0
CAPTURE_CLOSED i=1048 epoch=25 pause_ms=0
CAPTURE_CLOSED i=1049 epoch=26 pause_ms=0
CAPTURE_CLOSED i=1050 epoch=27 pause_ms=0
CAPTURE_CLOSED i=1051 epoch=28 pause_ms=0
CAPTURE_CLOSED i=1052 epoch=29 pause_ms=0
CAPTURE_CLOSED i=1053 epoch=30 pause_ms=0
CAPTURE_CLOSED i=1054 epoch=31 pause_ms=0
CAPTURE_CLOSED i=1055 epoch=32 pause_ms=0
CAPTURE_CLOSED i=1056 epoch=33 pause_ms=0
CAPTURE_CLOSED i=1057 epoch=34 pause_ms=0
CAPTURE_CLOSED i=1058 epoch=35 pause_ms=0
CAPTURE_CLOSED i=1059 epoch=36 pause_ms=0
CAPTURE_CLOSED i=1060 epoch=37 pause_ms=0
CAPTURE_CLOSED i=1061 epoch=38 pause_ms=0
CAPTURE_CLOSED i=1062 epoch=39 pause_ms=0
CAPTURE_CLOSED i=1063 epoch=40 pause_ms=0
CAPTURE_CLOSED i=1064 epoch=41 pause_ms=0
CAPTURE_CLOSED i=1065 epoch=42 pause_ms=0
CAPTURE_CLOSED i=1066 epoch=43 pause_ms=0
CAPTURE_CLOSED i=1067 epoch=44 pause_ms=0
CAPTURE_CLOSED i=1068 epoch=45 pause_ms=0
CAPTURE_CLOSED i=1069 epoch=46 pause_ms=0
CAPTURE_CLOSED i=1070 epoch=47 pause_ms=0
CAPTURE_CLOSED i=1071 epoch=48 pause_ms=0
CAPTURE_CLOSED i=1072 epoch=49 pause_ms=0
CAPTURE_CLOSED i=1073 epoch=50 pause_ms=0
CAPTURE_CLOSED i=1074 epoch=51 pause_ms=0
CAPTURE_CLOSED i=1075 epoch=52 pause_ms=0
CAPTURE_CLOSED i=1076 epoch=53 pause_ms=0
CAPTURE_CLOSED i=1077 epoch=54 pause_ms=0
CAPTURE_CLOSED i=1078 epoch=55 pause_ms=0
CAPTURE_CLOSED i=1079 epoch=56 pause_ms=0
CAPTURE_CLOSED i=1080 epoch=57 pause_ms=0
CAPTURE_CLOSED i=1081 epoch=58 pause_ms=0
CAPTURE_CLOSED i=1082 epoch=59 pause_ms=0
CAPTURE_CLOSED i=1083 epoch=60 pause_ms=0
CAPTURE_CLOSED i=1084 epoch=61 pause_ms=0
CAPTURE_CLOSED i=1085 epoch=62 pause_ms=0
CAPTURE_CLOSED i=1086 epoch=63 pause_ms=0
CAPTURE_CLOSED i=1087 epoch=64 pause_ms=0
CAPTURE_CLOSED i=1088 epoch=65 pause_ms=0
CAPTURE_CLOSED i=1089 epoch=66 pause_ms=0
CAPTURE_CLOSED i=1090 epoch=67 pause_ms=0
CAPTURE_CLOSED i=1091 epoch=68 pause_ms=0
CAPTURE_CLOSED i=1092 epoch=69 pause_ms=0
CAPTURE_CLOSED i=1093 epoch=70 pause_ms=0
CAPTURE_CLOSED i=1094 epoch=71 pause_ms=0
CAPTURE_CLOSED i=1095 epoch=72 pause_ms=0
CAPTURE_CLOSED i=1096 epoch=73 pause_ms=0
CAPTURE_CLOSED i=1097 epoch=74 pause_ms=0
CAPTURE_CLOSED i=1098 epoch=75 pause_ms=0
TRACE_SPI txn=1100 writes=24 host_observed_write_us=15433.872 post_spi_to_tune_return_us=3504.929
CAPTURE_CLOSED i=1099 epoch=76 pause_ms=0
mode=BOTH progress=1100 unrecovered=0 first_read_faults=0 recovered=0 last_epoch=76
CAPTURE_CLOSED i=1100 epoch=77 pause_ms=0
CAPTURE_CLOSED i=1101 epoch=78 pause_ms=0
CAPTURE_CLOSED i=1102 epoch=79 pause_ms=0
CAPTURE_CLOSED i=1103 epoch=80 pause_ms=0
CAPTURE_CLOSED i=1104 epoch=81 pause_ms=0
CAPTURE_CLOSED i=1105 epoch=82 pause_ms=0
CAPTURE_CLOSED i=1106 epoch=83 pause_ms=0
CAPTURE_CLOSED i=1107 epoch=84 pause_ms=0
CAPTURE_CLOSED i=1108 epoch=85 pause_ms=0
CAPTURE_CLOSED i=1109 epoch=86 pause_ms=0
CAPTURE_CLOSED i=1110 epoch=87 pause_ms=0
CAPTURE_CLOSED i=1111 epoch=88 pause_ms=0
CAPTURE_CLOSED i=1112 epoch=89 pause_ms=0
CAPTURE_CLOSED i=1113 epoch=90 pause_ms=0
CAPTURE_CLOSED i=1114 epoch=91 pause_ms=0
CAPTURE_CLOSED i=1115 epoch=92 pause_ms=0
CAPTURE_CLOSED i=1116 epoch=93 pause_ms=0
CAPTURE_CLOSED i=1117 epoch=94 pause_ms=0
CAPTURE_CLOSED i=1118 epoch=95 pause_ms=0
CAPTURE_CLOSED i=1119 epoch=96 pause_ms=0
CAPTURE_CLOSED i=1120 epoch=97 pause_ms=0
CAPTURE_CLOSED i=1121 epoch=98 pause_ms=0
CAPTURE_CLOSED i=1122 epoch=99 pause_ms=0
CAPTURE_CLOSED i=1123 epoch=100 pause_ms=0
CAPTURE_CLOSED i=1124 epoch=101 pause_ms=0
CAPTURE_CLOSED i=1125 epoch=102 pause_ms=0
CAPTURE_CLOSED i=1126 epoch=103 pause_ms=0
CAPTURE_CLOSED i=1127 epoch=104 pause_ms=0
CAPTURE_CLOSED i=1128 epoch=105 pause_ms=0
CAPTURE_CLOSED i=1129 epoch=106 pause_ms=0
CAPTURE_CLOSED i=1130 epoch=107 pause_ms=0
CAPTURE_CLOSED i=1131 epoch=108 pause_ms=0
CAPTURE_CLOSED i=1132 epoch=109 pause_ms=0
CAPTURE_CLOSED i=1133 epoch=110 pause_ms=0
CAPTURE_CLOSED i=1134 epoch=111 pause_ms=0
CAPTURE_CLOSED i=1135 epoch=112 pause_ms=0
CAPTURE_CLOSED i=1136 epoch=113 pause_ms=0
CAPTURE_CLOSED i=1137 epoch=114 pause_ms=0
CAPTURE_CLOSED i=1138 epoch=115 pause_ms=0
CAPTURE_CLOSED i=1139 epoch=116 pause_ms=0
CAPTURE_CLOSED i=1140 epoch=117 pause_ms=0
CAPTURE_CLOSED i=1141 epoch=118 pause_ms=0
CAPTURE_CLOSED i=1142 epoch=119 pause_ms=0
CAPTURE_CLOSED i=1143 epoch=120 pause_ms=0
CAPTURE_CLOSED i=1144 epoch=121 pause_ms=0
CAPTURE_CLOSED i=1145 epoch=122 pause_ms=0
CAPTURE_CLOSED i=1146 epoch=123 pause_ms=0
CAPTURE_CLOSED i=1147 epoch=124 pause_ms=0
CAPTURE_CLOSED i=1148 epoch=125 pause_ms=0
CAPTURE_CLOSED i=1149 epoch=126 pause_ms=0
CAPTURE_CLOSED i=1150 epoch=127 pause_ms=0
CAPTURE_CLOSED i=1151 epoch=128 pause_ms=0
CAPTURE_CLOSED i=1152 epoch=129 pause_ms=0
CAPTURE_CLOSED i=1153 epoch=130 pause_ms=0
CAPTURE_CLOSED i=1154 epoch=131 pause_ms=0
CAPTURE_CLOSED i=1155 epoch=132 pause_ms=0
CAPTURE_CLOSED i=1156 epoch=133 pause_ms=0
CAPTURE_CLOSED i=1157 epoch=134 pause_ms=0
CAPTURE_CLOSED i=1158 epoch=135 pause_ms=0
CAPTURE_CLOSED i=1159 epoch=136 pause_ms=0
CAPTURE_CLOSED i=1160 epoch=137 pause_ms=0
CAPTURE_CLOSED i=1161 epoch=138 pause_ms=0
CAPTURE_CLOSED i=1162 epoch=139 pause_ms=0
CAPTURE_CLOSED i=1163 epoch=140 pause_ms=0
CAPTURE_CLOSED i=1164 epoch=141 pause_ms=0
CAPTURE_CLOSED i=1165 epoch=142 pause_ms=0
CAPTURE_CLOSED i=1166 epoch=143 pause_ms=0
CAPTURE_CLOSED i=1167 epoch=144 pause_ms=0
CAPTURE_CLOSED i=1168 epoch=145 pause_ms=0
CAPTURE_CLOSED i=1169 epoch=146 pause_ms=0
CAPTURE_CLOSED i=1170 epoch=147 pause_ms=0
CAPTURE_CLOSED i=1171 epoch=148 pause_ms=0
CAPTURE_CLOSED i=1172 epoch=149 pause_ms=0
CAPTURE_CLOSED i=1173 epoch=150 pause_ms=0
CAPTURE_CLOSED i=1174 epoch=151 pause_ms=0
CAPTURE_CLOSED i=1175 epoch=152 pause_ms=0
CAPTURE_CLOSED i=1176 epoch=153 pause_ms=0
CAPTURE_CLOSED i=1177 epoch=154 pause_ms=0
CAPTURE_CLOSED i=1178 epoch=155 pause_ms=0
CAPTURE_CLOSED i=1179 epoch=156 pause_ms=0
CAPTURE_CLOSED i=1180 epoch=157 pause_ms=0
CAPTURE_CLOSED i=1181 epoch=158 pause_ms=0
CAPTURE_CLOSED i=1182 epoch=159 pause_ms=0
CAPTURE_CLOSED i=1183 epoch=160 pause_ms=0
CAPTURE_CLOSED i=1184 epoch=161 pause_ms=0
CAPTURE_CLOSED i=1185 epoch=162 pause_ms=0
CAPTURE_CLOSED i=1186 epoch=163 pause_ms=0
CAPTURE_CLOSED i=1187 epoch=164 pause_ms=0
CAPTURE_CLOSED i=1188 epoch=165 pause_ms=0
CAPTURE_CLOSED i=1189 epoch=166 pause_ms=0
CAPTURE_CLOSED i=1190 epoch=167 pause_ms=0
CAPTURE_CLOSED i=1191 epoch=168 pause_ms=0
CAPTURE_CLOSED i=1192 epoch=169 pause_ms=0
CAPTURE_CLOSED i=1193 epoch=170 pause_ms=0
CAPTURE_CLOSED i=1194 epoch=171 pause_ms=0
CAPTURE_CLOSED i=1195 epoch=172 pause_ms=0
CAPTURE_CLOSED i=1196 epoch=173 pause_ms=0
CAPTURE_CLOSED i=1197 epoch=174 pause_ms=0
CAPTURE_CLOSED i=1198 epoch=175 pause_ms=0
TRACE_SPI txn=1200 writes=24 host_observed_write_us=15523.656 post_spi_to_tune_return_us=3505.525
CAPTURE_CLOSED i=1199 epoch=176 pause_ms=0
mode=BOTH progress=1200 unrecovered=0 first_read_faults=0 recovered=0 last_epoch=176
CAPTURE_CLOSED i=1200 epoch=177 pause_ms=0
CAPTURE_CLOSED i=1201 epoch=178 pause_ms=0
CAPTURE_CLOSED i=1202 epoch=179 pause_ms=0
CAPTURE_CLOSED i=1203 epoch=180 pause_ms=0
CAPTURE_CLOSED i=1204 epoch=181 pause_ms=0
CAPTURE_CLOSED i=1205 epoch=182 pause_ms=0
CAPTURE_CLOSED i=1206 epoch=183 pause_ms=0
CAPTURE_CLOSED i=1207 epoch=184 pause_ms=0
CAPTURE_CLOSED i=1208 epoch=185 pause_ms=0
CAPTURE_CLOSED i=1209 epoch=186 pause_ms=0
CAPTURE_CLOSED i=1210 epoch=187 pause_ms=0
CAPTURE_CLOSED i=1211 epoch=188 pause_ms=0
CAPTURE_CLOSED i=1212 epoch=189 pause_ms=0
CAPTURE_CLOSED i=1213 epoch=190 pause_ms=0
CAPTURE_CLOSED i=1214 epoch=191 pause_ms=0
CAPTURE_CLOSED i=1215 epoch=192 pause_ms=0
CAPTURE_CLOSED i=1216 epoch=193 pause_ms=0
CAPTURE_CLOSED i=1217 epoch=194 pause_ms=0
CAPTURE_CLOSED i=1218 epoch=195 pause_ms=0
CAPTURE_CLOSED i=1219 epoch=196 pause_ms=0
CAPTURE_CLOSED i=1220 epoch=197 pause_ms=0
CAPTURE_CLOSED i=1221 epoch=198 pause_ms=0
CAPTURE_CLOSED i=1222 epoch=199 pause_ms=0
CAPTURE_CLOSED i=1223 epoch=200 pause_ms=0
CAPTURE_CLOSED i=1224 epoch=201 pause_ms=0
CAPTURE_CLOSED i=1225 epoch=202 pause_ms=0
CAPTURE_CLOSED i=1226 epoch=203 pause_ms=0
CAPTURE_CLOSED i=1227 epoch=204 pause_ms=0
CAPTURE_CLOSED i=1228 epoch=205 pause_ms=0
CAPTURE_CLOSED i=1229 epoch=206 pause_ms=0
CAPTURE_CLOSED i=1230 epoch=207 pause_ms=0
CAPTURE_CLOSED i=1231 epoch=208 pause_ms=0
CAPTURE_CLOSED i=1232 epoch=209 pause_ms=0
CAPTURE_CLOSED i=1233 epoch=210 pause_ms=0
CAPTURE_CLOSED i=1234 epoch=211 pause_ms=0
CAPTURE_CLOSED i=1235 epoch=212 pause_ms=0
CAPTURE_CLOSED i=1236 epoch=213 pause_ms=0
CAPTURE_CLOSED i=1237 epoch=214 pause_ms=0
CAPTURE_CLOSED i=1238 epoch=215 pause_ms=0
CAPTURE_CLOSED i=1239 epoch=216 pause_ms=0
CAPTURE_CLOSED i=1240 epoch=217 pause_ms=0
CAPTURE_CLOSED i=1241 epoch=218 pause_ms=0
CAPTURE_CLOSED i=1242 epoch=219 pause_ms=0
CAPTURE_CLOSED i=1243 epoch=220 pause_ms=0
CAPTURE_CLOSED i=1244 epoch=221 pause_ms=0
CAPTURE_CLOSED i=1245 epoch=222 pause_ms=0
CAPTURE_CLOSED i=1246 epoch=223 pause_ms=0
CAPTURE_CLOSED i=1247 epoch=224 pause_ms=0
CAPTURE_CLOSED i=1248 epoch=225 pause_ms=0
CAPTURE_CLOSED i=1249 epoch=226 pause_ms=0
CAPTURE_CLOSED i=1250 epoch=227 pause_ms=0
CAPTURE_CLOSED i=1251 epoch=228 pause_ms=0
CAPTURE_CLOSED i=1252 epoch=229 pause_ms=0
CAPTURE_CLOSED i=1253 epoch=230 pause_ms=0
CAPTURE_CLOSED i=1254 epoch=231 pause_ms=0
CAPTURE_CLOSED i=1255 epoch=232 pause_ms=0
CAPTURE_CLOSED i=1256 epoch=233 pause_ms=0
CAPTURE_CLOSED i=1257 epoch=234 pause_ms=0
CAPTURE_CLOSED i=1258 epoch=235 pause_ms=0
CAPTURE_CLOSED i=1259 epoch=236 pause_ms=0
CAPTURE_CLOSED i=1260 epoch=237 pause_ms=0
CAPTURE_CLOSED i=1261 epoch=238 pause_ms=0
CAPTURE_CLOSED i=1262 epoch=239 pause_ms=0
CAPTURE_CLOSED i=1263 epoch=240 pause_ms=0
CAPTURE_CLOSED i=1264 epoch=241 pause_ms=0
CAPTURE_CLOSED i=1265 epoch=242 pause_ms=0
CAPTURE_CLOSED i=1266 epoch=243 pause_ms=0
CAPTURE_CLOSED i=1267 epoch=244 pause_ms=0
CAPTURE_CLOSED i=1268 epoch=245 pause_ms=0
CAPTURE_CLOSED i=1269 epoch=246 pause_ms=0
CAPTURE_CLOSED i=1270 epoch=247 pause_ms=0
CAPTURE_CLOSED i=1271 epoch=248 pause_ms=0
CAPTURE_CLOSED i=1272 epoch=249 pause_ms=0
CAPTURE_CLOSED i=1273 epoch=250 pause_ms=0
CAPTURE_CLOSED i=1274 epoch=251 pause_ms=0
CAPTURE_CLOSED i=1275 epoch=252 pause_ms=0
CAPTURE_CLOSED i=1276 epoch=253 pause_ms=0
CAPTURE_CLOSED i=1277 epoch=254 pause_ms=0
CAPTURE_CLOSED i=1278 epoch=255 pause_ms=0
CAPTURE_CLOSED i=1279 epoch=0 pause_ms=0
CAPTURE_CLOSED i=1280 epoch=1 pause_ms=0
CAPTURE_CLOSED i=1281 epoch=2 pause_ms=0
CAPTURE_CLOSED i=1282 epoch=3 pause_ms=0
CAPTURE_CLOSED i=1283 epoch=4 pause_ms=0
CAPTURE_CLOSED i=1284 epoch=5 pause_ms=0
CAPTURE_CLOSED i=1285 epoch=6 pause_ms=0
CAPTURE_CLOSED i=1286 epoch=7 pause_ms=0
CAPTURE_CLOSED i=1287 epoch=8 pause_ms=0
CAPTURE_CLOSED i=1288 epoch=9 pause_ms=0
CAPTURE_CLOSED i=1289 epoch=10 pause_ms=0
CAPTURE_CLOSED i=1290 epoch=11 pause_ms=0
CAPTURE_CLOSED i=1291 epoch=12 pause_ms=0
CAPTURE_CLOSED i=1292 epoch=13 pause_ms=0
CAPTURE_CLOSED i=1293 epoch=14 pause_ms=0
CAPTURE_CLOSED i=1294 epoch=15 pause_ms=0
CAPTURE_CLOSED i=1295 epoch=16 pause_ms=0
CAPTURE_CLOSED i=1296 epoch=17 pause_ms=0
CAPTURE_CLOSED i=1297 epoch=18 pause_ms=0
CAPTURE_CLOSED i=1298 epoch=19 pause_ms=0
TRACE_SPI txn=1300 writes=24 host_observed_write_us=15522.873 post_spi_to_tune_return_us=3505.328
CAPTURE_CLOSED i=1299 epoch=20 pause_ms=0
mode=BOTH progress=1300 unrecovered=0 first_read_faults=0 recovered=0 last_epoch=20
CAPTURE_CLOSED i=1300 epoch=21 pause_ms=0
CAPTURE_CLOSED i=1301 epoch=22 pause_ms=0
CAPTURE_CLOSED i=1302 epoch=23 pause_ms=0
CAPTURE_CLOSED i=1303 epoch=24 pause_ms=0
CAPTURE_CLOSED i=1304 epoch=25 pause_ms=0
CAPTURE_CLOSED i=1305 epoch=26 pause_ms=0
CAPTURE_CLOSED i=1306 epoch=27 pause_ms=0
CAPTURE_CLOSED i=1307 epoch=28 pause_ms=0
CAPTURE_CLOSED i=1308 epoch=29 pause_ms=0
CAPTURE_CLOSED i=1309 epoch=30 pause_ms=0
CAPTURE_CLOSED i=1310 epoch=31 pause_ms=0
CAPTURE_CLOSED i=1311 epoch=32 pause_ms=0
CAPTURE_CLOSED i=1312 epoch=33 pause_ms=0
CAPTURE_CLOSED i=1313 epoch=34 pause_ms=0
CAPTURE_CLOSED i=1314 epoch=35 pause_ms=0
CAPTURE_CLOSED i=1315 epoch=36 pause_ms=0
CAPTURE_CLOSED i=1316 epoch=37 pause_ms=0
CAPTURE_CLOSED i=1317 epoch=38 pause_ms=0
CAPTURE_CLOSED i=1318 epoch=39 pause_ms=0
CAPTURE_CLOSED i=1319 epoch=40 pause_ms=0
CAPTURE_CLOSED i=1320 epoch=41 pause_ms=0
CAPTURE_CLOSED i=1321 epoch=42 pause_ms=0
CAPTURE_CLOSED i=1322 epoch=43 pause_ms=0
CAPTURE_CLOSED i=1323 epoch=44 pause_ms=0
CAPTURE_CLOSED i=1324 epoch=45 pause_ms=0
CAPTURE_CLOSED i=1325 epoch=46 pause_ms=0
CAPTURE_CLOSED i=1326 epoch=47 pause_ms=0
CAPTURE_CLOSED i=1327 epoch=48 pause_ms=0
CAPTURE_CLOSED i=1328 epoch=49 pause_ms=0
CAPTURE_CLOSED i=1329 epoch=50 pause_ms=0
CAPTURE_CLOSED i=1330 epoch=51 pause_ms=0
CAPTURE_CLOSED i=1331 epoch=52 pause_ms=0
CAPTURE_CLOSED i=1332 epoch=53 pause_ms=0
CAPTURE_CLOSED i=1333 epoch=54 pause_ms=0
CAPTURE_CLOSED i=1334 epoch=55 pause_ms=0
CAPTURE_CLOSED i=1335 epoch=56 pause_ms=0
CAPTURE_CLOSED i=1336 epoch=57 pause_ms=0
CAPTURE_CLOSED i=1337 epoch=58 pause_ms=0
CAPTURE_CLOSED i=1338 epoch=59 pause_ms=0
CAPTURE_CLOSED i=1339 epoch=60 pause_ms=0
CAPTURE_CLOSED i=1340 epoch=61 pause_ms=0
CAPTURE_CLOSED i=1341 epoch=62 pause_ms=0
CAPTURE_CLOSED i=1342 epoch=63 pause_ms=0
CAPTURE_CLOSED i=1343 epoch=64 pause_ms=0
CAPTURE_CLOSED i=1344 epoch=65 pause_ms=0
CAPTURE_CLOSED i=1345 epoch=66 pause_ms=0
CAPTURE_CLOSED i=1346 epoch=67 pause_ms=0
CAPTURE_CLOSED i=1347 epoch=68 pause_ms=0
CAPTURE_CLOSED i=1348 epoch=69 pause_ms=0
CAPTURE_CLOSED i=1349 epoch=70 pause_ms=0
CAPTURE_CLOSED i=1350 epoch=71 pause_ms=0
CAPTURE_CLOSED i=1351 epoch=72 pause_ms=0
CAPTURE_CLOSED i=1352 epoch=73 pause_ms=0
CAPTURE_CLOSED i=1353 epoch=74 pause_ms=0
CAPTURE_CLOSED i=1354 epoch=75 pause_ms=0
CAPTURE_CLOSED i=1355 epoch=76 pause_ms=0
CAPTURE_CLOSED i=1356 epoch=77 pause_ms=0
CAPTURE_CLOSED i=1357 epoch=78 pause_ms=0
CAPTURE_CLOSED i=1358 epoch=79 pause_ms=0
CAPTURE_CLOSED i=1359 epoch=80 pause_ms=0
CAPTURE_CLOSED i=1360 epoch=81 pause_ms=0
CAPTURE_CLOSED i=1361 epoch=82 pause_ms=0
CAPTURE_CLOSED i=1362 epoch=83 pause_ms=0
CAPTURE_CLOSED i=1363 epoch=84 pause_ms=0
CAPTURE_CLOSED i=1364 epoch=85 pause_ms=0
CAPTURE_CLOSED i=1365 epoch=86 pause_ms=0
CAPTURE_CLOSED i=1366 epoch=87 pause_ms=0
CAPTURE_CLOSED i=1367 epoch=88 pause_ms=0
CAPTURE_CLOSED i=1368 epoch=89 pause_ms=0
CAPTURE_CLOSED i=1369 epoch=90 pause_ms=0
CAPTURE_CLOSED i=1370 epoch=91 pause_ms=0
CAPTURE_CLOSED i=1371 epoch=92 pause_ms=0
CAPTURE_CLOSED i=1372 epoch=93 pause_ms=0
CAPTURE_CLOSED i=1373 epoch=94 pause_ms=0
CAPTURE_CLOSED i=1374 epoch=95 pause_ms=0
CAPTURE_CLOSED i=1375 epoch=96 pause_ms=0
CAPTURE_CLOSED i=1376 epoch=97 pause_ms=0
CAPTURE_CLOSED i=1377 epoch=98 pause_ms=0
CAPTURE_CLOSED i=1378 epoch=99 pause_ms=0
CAPTURE_CLOSED i=1379 epoch=100 pause_ms=0
CAPTURE_CLOSED i=1380 epoch=101 pause_ms=0
CAPTURE_CLOSED i=1381 epoch=102 pause_ms=0
CAPTURE_CLOSED i=1382 epoch=103 pause_ms=0
CAPTURE_CLOSED i=1383 epoch=104 pause_ms=0
CAPTURE_CLOSED i=1384 epoch=105 pause_ms=0
CAPTURE_CLOSED i=1385 epoch=106 pause_ms=0
CAPTURE_CLOSED i=1386 epoch=107 pause_ms=0
CAPTURE_CLOSED i=1387 epoch=108 pause_ms=0
CAPTURE_CLOSED i=1388 epoch=109 pause_ms=0
CAPTURE_CLOSED i=1389 epoch=110 pause_ms=0
CAPTURE_CLOSED i=1390 epoch=111 pause_ms=0
CAPTURE_CLOSED i=1391 epoch=112 pause_ms=0
CAPTURE_CLOSED i=1392 epoch=113 pause_ms=0
CAPTURE_CLOSED i=1393 epoch=114 pause_ms=0
CAPTURE_CLOSED i=1394 epoch=115 pause_ms=0
CAPTURE_CLOSED i=1395 epoch=116 pause_ms=0
CAPTURE_CLOSED i=1396 epoch=117 pause_ms=0
CAPTURE_CLOSED i=1397 epoch=118 pause_ms=0
CAPTURE_CLOSED i=1398 epoch=119 pause_ms=0
TRACE_SPI txn=1400 writes=24 host_observed_write_us=15437.305 post_spi_to_tune_return_us=3547.297
CAPTURE_CLOSED i=1399 epoch=120 pause_ms=0
mode=BOTH progress=1400 unrecovered=0 first_read_faults=0 recovered=0 last_epoch=120
CAPTURE_CLOSED i=1400 epoch=121 pause_ms=0
CAPTURE_CLOSED i=1401 epoch=122 pause_ms=0
CAPTURE_CLOSED i=1402 epoch=123 pause_ms=0
CAPTURE_CLOSED i=1403 epoch=124 pause_ms=0
CAPTURE_CLOSED i=1404 epoch=125 pause_ms=0
CAPTURE_CLOSED i=1405 epoch=126 pause_ms=0
CAPTURE_CLOSED i=1406 epoch=127 pause_ms=0
CAPTURE_CLOSED i=1407 epoch=128 pause_ms=0
CAPTURE_CLOSED i=1408 epoch=129 pause_ms=0
CAPTURE_CLOSED i=1409 epoch=130 pause_ms=0
CAPTURE_CLOSED i=1410 epoch=131 pause_ms=0
CAPTURE_CLOSED i=1411 epoch=132 pause_ms=0
CAPTURE_CLOSED i=1412 epoch=133 pause_ms=0
CAPTURE_CLOSED i=1413 epoch=134 pause_ms=0
CAPTURE_CLOSED i=1414 epoch=135 pause_ms=0
CAPTURE_CLOSED i=1415 epoch=136 pause_ms=0
CAPTURE_CLOSED i=1416 epoch=137 pause_ms=0
CAPTURE_CLOSED i=1417 epoch=138 pause_ms=0
CAPTURE_CLOSED i=1418 epoch=139 pause_ms=0
CAPTURE_CLOSED i=1419 epoch=140 pause_ms=0
CAPTURE_CLOSED i=1420 epoch=141 pause_ms=0
CAPTURE_CLOSED i=1421 epoch=142 pause_ms=0
CAPTURE_CLOSED i=1422 epoch=143 pause_ms=0
CAPTURE_CLOSED i=1423 epoch=144 pause_ms=0
CAPTURE_CLOSED i=1424 epoch=145 pause_ms=0
CAPTURE_CLOSED i=1425 epoch=146 pause_ms=0
CAPTURE_CLOSED i=1426 epoch=147 pause_ms=0
CAPTURE_CLOSED i=1427 epoch=148 pause_ms=0
CAPTURE_CLOSED i=1428 epoch=149 pause_ms=0
CAPTURE_CLOSED i=1429 epoch=150 pause_ms=0
CAPTURE_CLOSED i=1430 epoch=151 pause_ms=0
CAPTURE_CLOSED i=1431 epoch=152 pause_ms=0
CAPTURE_CLOSED i=1432 epoch=153 pause_ms=0
CAPTURE_CLOSED i=1433 epoch=154 pause_ms=0
CAPTURE_CLOSED i=1434 epoch=155 pause_ms=0
CAPTURE_CLOSED i=1435 epoch=156 pause_ms=0
CAPTURE_CLOSED i=1436 epoch=157 pause_ms=0
CAPTURE_CLOSED i=1437 epoch=158 pause_ms=0
CAPTURE_CLOSED i=1438 epoch=159 pause_ms=0
CAPTURE_CLOSED i=1439 epoch=160 pause_ms=0
CAPTURE_CLOSED i=1440 epoch=161 pause_ms=0
CAPTURE_CLOSED i=1441 epoch=162 pause_ms=0
CAPTURE_CLOSED i=1442 epoch=163 pause_ms=0
CAPTURE_CLOSED i=1443 epoch=164 pause_ms=0
CAPTURE_CLOSED i=1444 epoch=165 pause_ms=0
CAPTURE_CLOSED i=1445 epoch=166 pause_ms=0
CAPTURE_CLOSED i=1446 epoch=167 pause_ms=0
CAPTURE_CLOSED i=1447 epoch=168 pause_ms=0
CAPTURE_CLOSED i=1448 epoch=169 pause_ms=0
CAPTURE_CLOSED i=1449 epoch=170 pause_ms=0
CAPTURE_CLOSED i=1450 epoch=171 pause_ms=0
CAPTURE_CLOSED i=1451 epoch=172 pause_ms=0
CAPTURE_CLOSED i=1452 epoch=173 pause_ms=0
CAPTURE_CLOSED i=1453 epoch=174 pause_ms=0
CAPTURE_CLOSED i=1454 epoch=175 pause_ms=0
CAPTURE_CLOSED i=1455 epoch=176 pause_ms=0
CAPTURE_CLOSED i=1456 epoch=177 pause_ms=0
CAPTURE_CLOSED i=1457 epoch=178 pause_ms=0
CAPTURE_CLOSED i=1458 epoch=179 pause_ms=0
CAPTURE_CLOSED i=1459 epoch=180 pause_ms=0
CAPTURE_CLOSED i=1460 epoch=181 pause_ms=0
CAPTURE_CLOSED i=1461 epoch=182 pause_ms=0
CAPTURE_CLOSED i=1462 epoch=183 pause_ms=0
CAPTURE_CLOSED i=1463 epoch=184 pause_ms=0
CAPTURE_CLOSED i=1464 epoch=185 pause_ms=0
CAPTURE_CLOSED i=1465 epoch=186 pause_ms=0
CAPTURE_CLOSED i=1466 epoch=187 pause_ms=0
CAPTURE_CLOSED i=1467 epoch=188 pause_ms=0
CAPTURE_CLOSED i=1468 epoch=189 pause_ms=0
CAPTURE_CLOSED i=1469 epoch=190 pause_ms=0
CAPTURE_CLOSED i=1470 epoch=191 pause_ms=0
CAPTURE_CLOSED i=1471 epoch=192 pause_ms=0
CAPTURE_CLOSED i=1472 epoch=193 pause_ms=0
CAPTURE_CLOSED i=1473 epoch=194 pause_ms=0
CAPTURE_CLOSED i=1474 epoch=195 pause_ms=0
CAPTURE_CLOSED i=1475 epoch=196 pause_ms=0
CAPTURE_CLOSED i=1476 epoch=197 pause_ms=0
CAPTURE_CLOSED i=1477 epoch=198 pause_ms=0
CAPTURE_CLOSED i=1478 epoch=199 pause_ms=0
CAPTURE_CLOSED i=1479 epoch=200 pause_ms=0
CAPTURE_CLOSED i=1480 epoch=201 pause_ms=0
CAPTURE_CLOSED i=1481 epoch=202 pause_ms=0
CAPTURE_CLOSED i=1482 epoch=203 pause_ms=0
CAPTURE_CLOSED i=1483 epoch=204 pause_ms=0
CAPTURE_CLOSED i=1484 epoch=205 pause_ms=0
CAPTURE_CLOSED i=1485 epoch=206 pause_ms=0
CAPTURE_CLOSED i=1486 epoch=207 pause_ms=0
CAPTURE_CLOSED i=1487 epoch=208 pause_ms=0
CAPTURE_CLOSED i=1488 epoch=209 pause_ms=0
CAPTURE_CLOSED i=1489 epoch=210 pause_ms=0
CAPTURE_CLOSED i=1490 epoch=211 pause_ms=0
CAPTURE_CLOSED i=1491 epoch=212 pause_ms=0
CAPTURE_CLOSED i=1492 epoch=213 pause_ms=0
CAPTURE_CLOSED i=1493 epoch=214 pause_ms=0
CAPTURE_CLOSED i=1494 epoch=215 pause_ms=0
CAPTURE_CLOSED i=1495 epoch=216 pause_ms=0
CAPTURE_CLOSED i=1496 epoch=217 pause_ms=0
CAPTURE_CLOSED i=1497 epoch=218 pause_ms=0
CAPTURE_CLOSED i=1498 epoch=219 pause_ms=0
TRACE_SPI txn=1500 writes=24 host_observed_write_us=15657.025 post_spi_to_tune_return_us=3506.014
CAPTURE_CLOSED i=1499 epoch=220 pause_ms=0
mode=BOTH progress=1500 unrecovered=0 first_read_faults=0 recovered=0 last_epoch=220
CAPTURE_CLOSED i=1500 epoch=221 pause_ms=0
CAPTURE_CLOSED i=1501 epoch=222 pause_ms=0
CAPTURE_CLOSED i=1502 epoch=223 pause_ms=0
CAPTURE_CLOSED i=1503 epoch=224 pause_ms=0
CAPTURE_CLOSED i=1504 epoch=225 pause_ms=0
CAPTURE_CLOSED i=1505 epoch=226 pause_ms=0
CAPTURE_CLOSED i=1506 epoch=227 pause_ms=0
CAPTURE_CLOSED i=1507 epoch=228 pause_ms=0
CAPTURE_CLOSED i=1508 epoch=229 pause_ms=0
CAPTURE_CLOSED i=1509 epoch=230 pause_ms=0
CAPTURE_CLOSED i=1510 epoch=231 pause_ms=0
CAPTURE_CLOSED i=1511 epoch=232 pause_ms=0
CAPTURE_CLOSED i=1512 epoch=233 pause_ms=0
CAPTURE_CLOSED i=1513 epoch=234 pause_ms=0
CAPTURE_CLOSED i=1514 epoch=235 pause_ms=0
CAPTURE_CLOSED i=1515 epoch=236 pause_ms=0
CAPTURE_CLOSED i=1516 epoch=237 pause_ms=0
CAPTURE_CLOSED i=1517 epoch=238 pause_ms=0
CAPTURE_CLOSED i=1518 epoch=239 pause_ms=0
CAPTURE_CLOSED i=1519 epoch=240 pause_ms=0
CAPTURE_CLOSED i=1520 epoch=241 pause_ms=0
CAPTURE_CLOSED i=1521 epoch=242 pause_ms=0
CAPTURE_CLOSED i=1522 epoch=243 pause_ms=0
CAPTURE_CLOSED i=1523 epoch=244 pause_ms=0
CAPTURE_CLOSED i=1524 epoch=245 pause_ms=0
CAPTURE_CLOSED i=1525 epoch=246 pause_ms=0
CAPTURE_CLOSED i=1526 epoch=247 pause_ms=0
CAPTURE_CLOSED i=1527 epoch=248 pause_ms=0
CAPTURE_CLOSED i=1528 epoch=249 pause_ms=0
CAPTURE_CLOSED i=1529 epoch=250 pause_ms=0
CAPTURE_CLOSED i=1530 epoch=251 pause_ms=0
CAPTURE_CLOSED i=1531 epoch=252 pause_ms=0
CAPTURE_CLOSED i=1532 epoch=253 pause_ms=0
CAPTURE_CLOSED i=1533 epoch=254 pause_ms=0
CAPTURE_CLOSED i=1534 epoch=255 pause_ms=0
CAPTURE_CLOSED i=1535 epoch=0 pause_ms=0
CAPTURE_CLOSED i=1536 epoch=1 pause_ms=0
CAPTURE_CLOSED i=1537 epoch=2 pause_ms=0
CAPTURE_CLOSED i=1538 epoch=3 pause_ms=0
CAPTURE_CLOSED i=1539 epoch=4 pause_ms=0
CAPTURE_CLOSED i=1540 epoch=5 pause_ms=0
CAPTURE_CLOSED i=1541 epoch=6 pause_ms=0
CAPTURE_CLOSED i=1542 epoch=7 pause_ms=0
CAPTURE_CLOSED i=1543 epoch=8 pause_ms=0
CAPTURE_CLOSED i=1544 epoch=9 pause_ms=0
CAPTURE_CLOSED i=1545 epoch=10 pause_ms=0
CAPTURE_CLOSED i=1546 epoch=11 pause_ms=0
CAPTURE_CLOSED i=1547 epoch=12 pause_ms=0
CAPTURE_CLOSED i=1548 epoch=13 pause_ms=0
CAPTURE_CLOSED i=1549 epoch=14 pause_ms=0
CAPTURE_CLOSED i=1550 epoch=15 pause_ms=0
CAPTURE_CLOSED i=1551 epoch=16 pause_ms=0
CAPTURE_CLOSED i=1552 epoch=17 pause_ms=0
CAPTURE_CLOSED i=1553 epoch=18 pause_ms=0
CAPTURE_CLOSED i=1554 epoch=19 pause_ms=0
CAPTURE_CLOSED i=1555 epoch=20 pause_ms=0
CAPTURE_CLOSED i=1556 epoch=21 pause_ms=0
CAPTURE_CLOSED i=1557 epoch=22 pause_ms=0
CAPTURE_CLOSED i=1558 epoch=23 pause_ms=0
CAPTURE_CLOSED i=1559 epoch=24 pause_ms=0
CAPTURE_CLOSED i=1560 epoch=25 pause_ms=0
CAPTURE_CLOSED i=1561 epoch=26 pause_ms=0
CAPTURE_CLOSED i=1562 epoch=27 pause_ms=0
CAPTURE_CLOSED i=1563 epoch=28 pause_ms=0
CAPTURE_CLOSED i=1564 epoch=29 pause_ms=0
CAPTURE_CLOSED i=1565 epoch=30 pause_ms=0
CAPTURE_CLOSED i=1566 epoch=31 pause_ms=0
CAPTURE_CLOSED i=1567 epoch=32 pause_ms=0
CAPTURE_CLOSED i=1568 epoch=33 pause_ms=0
CAPTURE_CLOSED i=1569 epoch=34 pause_ms=0
CAPTURE_CLOSED i=1570 epoch=35 pause_ms=0
CAPTURE_CLOSED i=1571 epoch=36 pause_ms=0
CAPTURE_CLOSED i=1572 epoch=37 pause_ms=0
CAPTURE_CLOSED i=1573 epoch=38 pause_ms=0
CAPTURE_CLOSED i=1574 epoch=39 pause_ms=0
CAPTURE_CLOSED i=1575 epoch=40 pause_ms=0
CAPTURE_CLOSED i=1576 epoch=41 pause_ms=0
CAPTURE_CLOSED i=1577 epoch=42 pause_ms=0
CAPTURE_CLOSED i=1578 epoch=43 pause_ms=0
CAPTURE_CLOSED i=1579 epoch=44 pause_ms=0
CAPTURE_CLOSED i=1580 epoch=45 pause_ms=0
CAPTURE_CLOSED i=1581 epoch=46 pause_ms=0
CAPTURE_CLOSED i=1582 epoch=47 pause_ms=0
CAPTURE_CLOSED i=1583 epoch=48 pause_ms=0
CAPTURE_CLOSED i=1584 epoch=49 pause_ms=0
CAPTURE_CLOSED i=1585 epoch=50 pause_ms=0
CAPTURE_CLOSED i=1586 epoch=51 pause_ms=0
CAPTURE_CLOSED i=1587 epoch=52 pause_ms=0
CAPTURE_CLOSED i=1588 epoch=53 pause_ms=0
CAPTURE_CLOSED i=1589 epoch=54 pause_ms=0
CAPTURE_CLOSED i=1590 epoch=55 pause_ms=0
CAPTURE_CLOSED i=1591 epoch=56 pause_ms=0
CAPTURE_CLOSED i=1592 epoch=57 pause_ms=0
CAPTURE_CLOSED i=1593 epoch=58 pause_ms=0
CAPTURE_CLOSED i=1594 epoch=59 pause_ms=0
CAPTURE_CLOSED i=1595 epoch=60 pause_ms=0
CAPTURE_CLOSED i=1596 epoch=61 pause_ms=0
CAPTURE_CLOSED i=1597 epoch=62 pause_ms=0
CAPTURE_CLOSED i=1598 epoch=63 pause_ms=0
TRACE_SPI txn=1600 writes=24 host_observed_write_us=15523.708 post_spi_to_tune_return_us=3505.087
CAPTURE_CLOSED i=1599 epoch=64 pause_ms=0
mode=BOTH progress=1600 unrecovered=0 first_read_faults=0 recovered=0 last_epoch=64
CAPTURE_CLOSED i=1600 epoch=65 pause_ms=0
CAPTURE_CLOSED i=1601 epoch=66 pause_ms=0
CAPTURE_CLOSED i=1602 epoch=67 pause_ms=0
CAPTURE_CLOSED i=1603 epoch=68 pause_ms=0
CAPTURE_CLOSED i=1604 epoch=69 pause_ms=0
CAPTURE_CLOSED i=1605 epoch=70 pause_ms=0
CAPTURE_CLOSED i=1606 epoch=71 pause_ms=0
CAPTURE_CLOSED i=1607 epoch=72 pause_ms=0
CAPTURE_CLOSED i=1608 epoch=73 pause_ms=0
CAPTURE_CLOSED i=1609 epoch=74 pause_ms=0
CAPTURE_CLOSED i=1610 epoch=75 pause_ms=0
CAPTURE_CLOSED i=1611 epoch=76 pause_ms=0
CAPTURE_CLOSED i=1612 epoch=77 pause_ms=0
CAPTURE_CLOSED i=1613 epoch=78 pause_ms=0
CAPTURE_CLOSED i=1614 epoch=79 pause_ms=0
CAPTURE_CLOSED i=1615 epoch=80 pause_ms=0
CAPTURE_CLOSED i=1616 epoch=81 pause_ms=0
CAPTURE_CLOSED i=1617 epoch=82 pause_ms=0
CAPTURE_CLOSED i=1618 epoch=83 pause_ms=0
CAPTURE_CLOSED i=1619 epoch=84 pause_ms=0
CAPTURE_CLOSED i=1620 epoch=85 pause_ms=0
CAPTURE_CLOSED i=1621 epoch=86 pause_ms=0
CAPTURE_CLOSED i=1622 epoch=87 pause_ms=0
CAPTURE_CLOSED i=1623 epoch=88 pause_ms=0
CAPTURE_CLOSED i=1624 epoch=89 pause_ms=0
CAPTURE_CLOSED i=1625 epoch=90 pause_ms=0
CAPTURE_CLOSED i=1626 epoch=91 pause_ms=0
CAPTURE_CLOSED i=1627 epoch=92 pause_ms=0
CAPTURE_CLOSED i=1628 epoch=93 pause_ms=0
CAPTURE_CLOSED i=1629 epoch=94 pause_ms=0
CAPTURE_CLOSED i=1630 epoch=95 pause_ms=0
CAPTURE_CLOSED i=1631 epoch=96 pause_ms=0
CAPTURE_CLOSED i=1632 epoch=97 pause_ms=0
CAPTURE_CLOSED i=1633 epoch=98 pause_ms=0
CAPTURE_CLOSED i=1634 epoch=99 pause_ms=0
CAPTURE_CLOSED i=1635 epoch=100 pause_ms=0
CAPTURE_CLOSED i=1636 epoch=101 pause_ms=0
CAPTURE_CLOSED i=1637 epoch=102 pause_ms=0
CAPTURE_CLOSED i=1638 epoch=103 pause_ms=0
CAPTURE_CLOSED i=1639 epoch=104 pause_ms=0
CAPTURE_CLOSED i=1640 epoch=105 pause_ms=0
CAPTURE_CLOSED i=1641 epoch=106 pause_ms=0
CAPTURE_CLOSED i=1642 epoch=107 pause_ms=0
CAPTURE_CLOSED i=1643 epoch=108 pause_ms=0
CAPTURE_CLOSED i=1644 epoch=109 pause_ms=0
CAPTURE_CLOSED i=1645 epoch=110 pause_ms=0
CAPTURE_CLOSED i=1646 epoch=111 pause_ms=0
CAPTURE_CLOSED i=1647 epoch=112 pause_ms=0
CAPTURE_CLOSED i=1648 epoch=113 pause_ms=0
CAPTURE_CLOSED i=1649 epoch=114 pause_ms=0
CAPTURE_CLOSED i=1650 epoch=115 pause_ms=0
CAPTURE_CLOSED i=1651 epoch=116 pause_ms=0
CAPTURE_CLOSED i=1652 epoch=117 pause_ms=0
CAPTURE_CLOSED i=1653 epoch=118 pause_ms=0
CAPTURE_CLOSED i=1654 epoch=119 pause_ms=0
CAPTURE_CLOSED i=1655 epoch=120 pause_ms=0
CAPTURE_CLOSED i=1656 epoch=121 pause_ms=0
CAPTURE_CLOSED i=1657 epoch=122 pause_ms=0
CAPTURE_CLOSED i=1658 epoch=123 pause_ms=0
CAPTURE_CLOSED i=1659 epoch=124 pause_ms=0
CAPTURE_CLOSED i=1660 epoch=125 pause_ms=0
CAPTURE_CLOSED i=1661 epoch=126 pause_ms=0
CAPTURE_CLOSED i=1662 epoch=127 pause_ms=0
CAPTURE_CLOSED i=1663 epoch=128 pause_ms=0
CAPTURE_CLOSED i=1664 epoch=129 pause_ms=0
CAPTURE_CLOSED i=1665 epoch=130 pause_ms=0
CAPTURE_CLOSED i=1666 epoch=131 pause_ms=0
CAPTURE_CLOSED i=1667 epoch=132 pause_ms=0
CAPTURE_CLOSED i=1668 epoch=133 pause_ms=0
CAPTURE_CLOSED i=1669 epoch=134 pause_ms=0
CAPTURE_CLOSED i=1670 epoch=135 pause_ms=0
CAPTURE_CLOSED i=1671 epoch=136 pause_ms=0
CAPTURE_CLOSED i=1672 epoch=137 pause_ms=0
CAPTURE_CLOSED i=1673 epoch=138 pause_ms=0
CAPTURE_CLOSED i=1674 epoch=139 pause_ms=0
CAPTURE_CLOSED i=1675 epoch=140 pause_ms=0
CAPTURE_CLOSED i=1676 epoch=141 pause_ms=0
CAPTURE_CLOSED i=1677 epoch=142 pause_ms=0
CAPTURE_CLOSED i=1678 epoch=143 pause_ms=0
CAPTURE_CLOSED i=1679 epoch=144 pause_ms=0
CAPTURE_CLOSED i=1680 epoch=145 pause_ms=0
CAPTURE_CLOSED i=1681 epoch=146 pause_ms=0
CAPTURE_CLOSED i=1682 epoch=147 pause_ms=0
CAPTURE_CLOSED i=1683 epoch=148 pause_ms=0
CAPTURE_CLOSED i=1684 epoch=149 pause_ms=0
CAPTURE_CLOSED i=1685 epoch=150 pause_ms=0
CAPTURE_CLOSED i=1686 epoch=151 pause_ms=0
CAPTURE_CLOSED i=1687 epoch=152 pause_ms=0
CAPTURE_CLOSED i=1688 epoch=153 pause_ms=0
CAPTURE_CLOSED i=1689 epoch=154 pause_ms=0
CAPTURE_CLOSED i=1690 epoch=155 pause_ms=0
CAPTURE_CLOSED i=1691 epoch=156 pause_ms=0
CAPTURE_CLOSED i=1692 epoch=157 pause_ms=0
CAPTURE_CLOSED i=1693 epoch=158 pause_ms=0
CAPTURE_CLOSED i=1694 epoch=159 pause_ms=0
CAPTURE_CLOSED i=1695 epoch=160 pause_ms=0
CAPTURE_CLOSED i=1696 epoch=161 pause_ms=0
CAPTURE_CLOSED i=1697 epoch=162 pause_ms=0
CAPTURE_CLOSED i=1698 epoch=163 pause_ms=0
TRACE_SPI txn=1700 writes=24 host_observed_write_us=15524.110 post_spi_to_tune_return_us=3505.227
CAPTURE_CLOSED i=1699 epoch=164 pause_ms=0
mode=BOTH progress=1700 unrecovered=0 first_read_faults=0 recovered=0 last_epoch=164
CAPTURE_CLOSED i=1700 epoch=165 pause_ms=0
CAPTURE_CLOSED i=1701 epoch=166 pause_ms=0
CAPTURE_CLOSED i=1702 epoch=167 pause_ms=0
CAPTURE_CLOSED i=1703 epoch=168 pause_ms=0
CAPTURE_CLOSED i=1704 epoch=169 pause_ms=0
CAPTURE_CLOSED i=1705 epoch=170 pause_ms=0
CAPTURE_CLOSED i=1706 epoch=171 pause_ms=0
CAPTURE_CLOSED i=1707 epoch=172 pause_ms=0
CAPTURE_CLOSED i=1708 epoch=173 pause_ms=0
CAPTURE_CLOSED i=1709 epoch=174 pause_ms=0
CAPTURE_CLOSED i=1710 epoch=175 pause_ms=0
CAPTURE_CLOSED i=1711 epoch=176 pause_ms=0
CAPTURE_CLOSED i=1712 epoch=177 pause_ms=0
CAPTURE_CLOSED i=1713 epoch=178 pause_ms=0
CAPTURE_CLOSED i=1714 epoch=179 pause_ms=0
CAPTURE_CLOSED i=1715 epoch=180 pause_ms=0
CAPTURE_CLOSED i=1716 epoch=181 pause_ms=0
CAPTURE_CLOSED i=1717 epoch=182 pause_ms=0
CAPTURE_CLOSED i=1718 epoch=183 pause_ms=0
CAPTURE_CLOSED i=1719 epoch=184 pause_ms=0
CAPTURE_CLOSED i=1720 epoch=185 pause_ms=0
CAPTURE_CLOSED i=1721 epoch=186 pause_ms=0
CAPTURE_CLOSED i=1722 epoch=187 pause_ms=0
CAPTURE_CLOSED i=1723 epoch=188 pause_ms=0
CAPTURE_CLOSED i=1724 epoch=189 pause_ms=0
CAPTURE_CLOSED i=1725 epoch=190 pause_ms=0
CAPTURE_CLOSED i=1726 epoch=191 pause_ms=0
CAPTURE_CLOSED i=1727 epoch=192 pause_ms=0
CAPTURE_CLOSED i=1728 epoch=193 pause_ms=0
CAPTURE_CLOSED i=1729 epoch=194 pause_ms=0
CAPTURE_CLOSED i=1730 epoch=195 pause_ms=0
CAPTURE_CLOSED i=1731 epoch=196 pause_ms=0
CAPTURE_CLOSED i=1732 epoch=197 pause_ms=0
CAPTURE_CLOSED i=1733 epoch=198 pause_ms=0
CAPTURE_CLOSED i=1734 epoch=199 pause_ms=0
CAPTURE_CLOSED i=1735 epoch=200 pause_ms=0
CAPTURE_CLOSED i=1736 epoch=201 pause_ms=0
CAPTURE_CLOSED i=1737 epoch=202 pause_ms=0
CAPTURE_CLOSED i=1738 epoch=203 pause_ms=0
CAPTURE_CLOSED i=1739 epoch=204 pause_ms=0
CAPTURE_CLOSED i=1740 epoch=205 pause_ms=0
CAPTURE_CLOSED i=1741 epoch=206 pause_ms=0
CAPTURE_CLOSED i=1742 epoch=207 pause_ms=0
CAPTURE_CLOSED i=1743 epoch=208 pause_ms=0
CAPTURE_CLOSED i=1744 epoch=209 pause_ms=0
CAPTURE_CLOSED i=1745 epoch=210 pause_ms=0
CAPTURE_CLOSED i=1746 epoch=211 pause_ms=0
CAPTURE_CLOSED i=1747 epoch=212 pause_ms=0
CAPTURE_CLOSED i=1748 epoch=213 pause_ms=0
CAPTURE_CLOSED i=1749 epoch=214 pause_ms=0
CAPTURE_CLOSED i=1750 epoch=215 pause_ms=0
CAPTURE_CLOSED i=1751 epoch=216 pause_ms=0
CAPTURE_CLOSED i=1752 epoch=217 pause_ms=0
CAPTURE_CLOSED i=1753 epoch=218 pause_ms=0
CAPTURE_CLOSED i=1754 epoch=219 pause_ms=0
CAPTURE_CLOSED i=1755 epoch=220 pause_ms=0
CAPTURE_CLOSED i=1756 epoch=221 pause_ms=0
CAPTURE_CLOSED i=1757 epoch=222 pause_ms=0
CAPTURE_CLOSED i=1758 epoch=223 pause_ms=0
CAPTURE_CLOSED i=1759 epoch=224 pause_ms=0
CAPTURE_CLOSED i=1760 epoch=225 pause_ms=0
CAPTURE_CLOSED i=1761 epoch=226 pause_ms=0
CAPTURE_CLOSED i=1762 epoch=227 pause_ms=0
CAPTURE_CLOSED i=1763 epoch=228 pause_ms=0
CAPTURE_CLOSED i=1764 epoch=229 pause_ms=0
CAPTURE_CLOSED i=1765 epoch=230 pause_ms=0
CAPTURE_CLOSED i=1766 epoch=231 pause_ms=0
CAPTURE_CLOSED i=1767 epoch=232 pause_ms=0
CAPTURE_CLOSED i=1768 epoch=233 pause_ms=0
CAPTURE_CLOSED i=1769 epoch=234 pause_ms=0
CAPTURE_CLOSED i=1770 epoch=235 pause_ms=0
CAPTURE_CLOSED i=1771 epoch=236 pause_ms=0
CAPTURE_CLOSED i=1772 epoch=237 pause_ms=0
CAPTURE_CLOSED i=1773 epoch=238 pause_ms=0
CAPTURE_CLOSED i=1774 epoch=239 pause_ms=0
CAPTURE_CLOSED i=1775 epoch=240 pause_ms=0
CAPTURE_CLOSED i=1776 epoch=241 pause_ms=0
CAPTURE_CLOSED i=1777 epoch=242 pause_ms=0
CAPTURE_CLOSED i=1778 epoch=243 pause_ms=0
CAPTURE_CLOSED i=1779 epoch=244 pause_ms=0
CAPTURE_CLOSED i=1780 epoch=245 pause_ms=0
CAPTURE_CLOSED i=1781 epoch=246 pause_ms=0
CAPTURE_CLOSED i=1782 epoch=247 pause_ms=0
CAPTURE_CLOSED i=1783 epoch=248 pause_ms=0
CAPTURE_CLOSED i=1784 epoch=249 pause_ms=0
CAPTURE_CLOSED i=1785 epoch=250 pause_ms=0
CAPTURE_CLOSED i=1786 epoch=251 pause_ms=0
CAPTURE_CLOSED i=1787 epoch=252 pause_ms=0
CAPTURE_CLOSED i=1788 epoch=253 pause_ms=0
CAPTURE_CLOSED i=1789 epoch=254 pause_ms=0
CAPTURE_CLOSED i=1790 epoch=255 pause_ms=0
CAPTURE_CLOSED i=1791 epoch=0 pause_ms=0
CAPTURE_CLOSED i=1792 epoch=1 pause_ms=0
CAPTURE_CLOSED i=1793 epoch=2 pause_ms=0
CAPTURE_CLOSED i=1794 epoch=3 pause_ms=0
CAPTURE_CLOSED i=1795 epoch=4 pause_ms=0
CAPTURE_CLOSED i=1796 epoch=5 pause_ms=0
CAPTURE_CLOSED i=1797 epoch=6 pause_ms=0
CAPTURE_CLOSED i=1798 epoch=7 pause_ms=0
TRACE_SPI txn=1800 writes=24 host_observed_write_us=15527.121 post_spi_to_tune_return_us=3363.594
CAPTURE_CLOSED i=1799 epoch=8 pause_ms=0
mode=BOTH progress=1800 unrecovered=0 first_read_faults=0 recovered=0 last_epoch=8
CAPTURE_CLOSED i=1800 epoch=9 pause_ms=0
CAPTURE_CLOSED i=1801 epoch=10 pause_ms=0
CAPTURE_CLOSED i=1802 epoch=11 pause_ms=0
CAPTURE_CLOSED i=1803 epoch=12 pause_ms=0
CAPTURE_CLOSED i=1804 epoch=13 pause_ms=0
CAPTURE_CLOSED i=1805 epoch=14 pause_ms=0
CAPTURE_CLOSED i=1806 epoch=15 pause_ms=0
CAPTURE_CLOSED i=1807 epoch=16 pause_ms=0
CAPTURE_CLOSED i=1808 epoch=17 pause_ms=0
CAPTURE_CLOSED i=1809 epoch=18 pause_ms=0
CAPTURE_CLOSED i=1810 epoch=19 pause_ms=0
CAPTURE_CLOSED i=1811 epoch=20 pause_ms=0
CAPTURE_CLOSED i=1812 epoch=21 pause_ms=0
CAPTURE_CLOSED i=1813 epoch=22 pause_ms=0
CAPTURE_CLOSED i=1814 epoch=23 pause_ms=0
CAPTURE_CLOSED i=1815 epoch=24 pause_ms=0
CAPTURE_CLOSED i=1816 epoch=25 pause_ms=0
CAPTURE_CLOSED i=1817 epoch=26 pause_ms=0
CAPTURE_CLOSED i=1818 epoch=27 pause_ms=0
CAPTURE_CLOSED i=1819 epoch=28 pause_ms=0
CAPTURE_CLOSED i=1820 epoch=29 pause_ms=0
CAPTURE_CLOSED i=1821 epoch=30 pause_ms=0
CAPTURE_CLOSED i=1822 epoch=31 pause_ms=0
CAPTURE_CLOSED i=1823 epoch=32 pause_ms=0
CAPTURE_CLOSED i=1824 epoch=33 pause_ms=0
CAPTURE_CLOSED i=1825 epoch=34 pause_ms=0
CAPTURE_CLOSED i=1826 epoch=35 pause_ms=0
CAPTURE_CLOSED i=1827 epoch=36 pause_ms=0
CAPTURE_CLOSED i=1828 epoch=37 pause_ms=0
CAPTURE_CLOSED i=1829 epoch=38 pause_ms=0
CAPTURE_CLOSED i=1830 epoch=39 pause_ms=0
CAPTURE_CLOSED i=1831 epoch=40 pause_ms=0
CAPTURE_CLOSED i=1832 epoch=41 pause_ms=0
CAPTURE_CLOSED i=1833 epoch=42 pause_ms=0
CAPTURE_CLOSED i=1834 epoch=43 pause_ms=0
CAPTURE_CLOSED i=1835 epoch=44 pause_ms=0
CAPTURE_CLOSED i=1836 epoch=45 pause_ms=0
CAPTURE_CLOSED i=1837 epoch=46 pause_ms=0
CAPTURE_CLOSED i=1838 epoch=47 pause_ms=0
CAPTURE_CLOSED i=1839 epoch=48 pause_ms=0
CAPTURE_CLOSED i=1840 epoch=49 pause_ms=0
CAPTURE_CLOSED i=1841 epoch=50 pause_ms=0
CAPTURE_CLOSED i=1842 epoch=51 pause_ms=0
CAPTURE_CLOSED i=1843 epoch=52 pause_ms=0
CAPTURE_CLOSED i=1844 epoch=53 pause_ms=0
CAPTURE_CLOSED i=1845 epoch=54 pause_ms=0
CAPTURE_CLOSED i=1846 epoch=55 pause_ms=0
CAPTURE_CLOSED i=1847 epoch=56 pause_ms=0
CAPTURE_CLOSED i=1848 epoch=57 pause_ms=0
CAPTURE_CLOSED i=1849 epoch=58 pause_ms=0
CAPTURE_CLOSED i=1850 epoch=59 pause_ms=0
CAPTURE_CLOSED i=1851 epoch=60 pause_ms=0
CAPTURE_CLOSED i=1852 epoch=61 pause_ms=0
CAPTURE_CLOSED i=1853 epoch=62 pause_ms=0
CAPTURE_CLOSED i=1854 epoch=63 pause_ms=0
CAPTURE_CLOSED i=1855 epoch=64 pause_ms=0
CAPTURE_CLOSED i=1856 epoch=65 pause_ms=0
CAPTURE_CLOSED i=1857 epoch=66 pause_ms=0
CAPTURE_CLOSED i=1858 epoch=67 pause_ms=0
CAPTURE_CLOSED i=1859 epoch=68 pause_ms=0
CAPTURE_CLOSED i=1860 epoch=69 pause_ms=0
CAPTURE_CLOSED i=1861 epoch=70 pause_ms=0
CAPTURE_CLOSED i=1862 epoch=71 pause_ms=0
CAPTURE_CLOSED i=1863 epoch=72 pause_ms=0
CAPTURE_CLOSED i=1864 epoch=73 pause_ms=0
CAPTURE_CLOSED i=1865 epoch=74 pause_ms=0
CAPTURE_CLOSED i=1866 epoch=75 pause_ms=0
CAPTURE_CLOSED i=1867 epoch=76 pause_ms=0
CAPTURE_CLOSED i=1868 epoch=77 pause_ms=0
CAPTURE_CLOSED i=1869 epoch=78 pause_ms=0
CAPTURE_CLOSED i=1870 epoch=79 pause_ms=0
CAPTURE_CLOSED i=1871 epoch=80 pause_ms=0
CAPTURE_CLOSED i=1872 epoch=81 pause_ms=0
CAPTURE_CLOSED i=1873 epoch=82 pause_ms=0
CAPTURE_CLOSED i=1874 epoch=83 pause_ms=0
CAPTURE_CLOSED i=1875 epoch=84 pause_ms=0
CAPTURE_CLOSED i=1876 epoch=85 pause_ms=0
CAPTURE_CLOSED i=1877 epoch=86 pause_ms=0
CAPTURE_CLOSED i=1878 epoch=87 pause_ms=0
CAPTURE_CLOSED i=1879 epoch=88 pause_ms=0
CAPTURE_CLOSED i=1880 epoch=89 pause_ms=0
CAPTURE_CLOSED i=1881 epoch=90 pause_ms=0
CAPTURE_CLOSED i=1882 epoch=91 pause_ms=0
CAPTURE_CLOSED i=1883 epoch=92 pause_ms=0
CAPTURE_CLOSED i=1884 epoch=93 pause_ms=0
CAPTURE_CLOSED i=1885 epoch=94 pause_ms=0
CAPTURE_CLOSED i=1886 epoch=95 pause_ms=0
CAPTURE_CLOSED i=1887 epoch=96 pause_ms=0
CAPTURE_CLOSED i=1888 epoch=97 pause_ms=0
CAPTURE_CLOSED i=1889 epoch=98 pause_ms=0
CAPTURE_CLOSED i=1890 epoch=99 pause_ms=0
CAPTURE_CLOSED i=1891 epoch=100 pause_ms=0
CAPTURE_CLOSED i=1892 epoch=101 pause_ms=0
CAPTURE_CLOSED i=1893 epoch=102 pause_ms=0
CAPTURE_CLOSED i=1894 epoch=103 pause_ms=0
CAPTURE_CLOSED i=1895 epoch=104 pause_ms=0
CAPTURE_CLOSED i=1896 epoch=105 pause_ms=0
CAPTURE_CLOSED i=1897 epoch=106 pause_ms=0
CAPTURE_CLOSED i=1898 epoch=107 pause_ms=0
TRACE_SPI txn=1900 writes=24 host_observed_write_us=15521.460 post_spi_to_tune_return_us=3491.568
CAPTURE_CLOSED i=1899 epoch=108 pause_ms=0
mode=BOTH progress=1900 unrecovered=0 first_read_faults=0 recovered=0 last_epoch=108
CAPTURE_CLOSED i=1900 epoch=109 pause_ms=0
CAPTURE_CLOSED i=1901 epoch=110 pause_ms=0
CAPTURE_CLOSED i=1902 epoch=111 pause_ms=0
CAPTURE_CLOSED i=1903 epoch=112 pause_ms=0
CAPTURE_CLOSED i=1904 epoch=113 pause_ms=0
CAPTURE_CLOSED i=1905 epoch=114 pause_ms=0
CAPTURE_CLOSED i=1906 epoch=115 pause_ms=0
CAPTURE_CLOSED i=1907 epoch=116 pause_ms=0
CAPTURE_CLOSED i=1908 epoch=117 pause_ms=0
CAPTURE_CLOSED i=1909 epoch=118 pause_ms=0
CAPTURE_CLOSED i=1910 epoch=119 pause_ms=0
CAPTURE_CLOSED i=1911 epoch=120 pause_ms=0
CAPTURE_CLOSED i=1912 epoch=121 pause_ms=0
CAPTURE_CLOSED i=1913 epoch=122 pause_ms=0
CAPTURE_CLOSED i=1914 epoch=123 pause_ms=0
CAPTURE_CLOSED i=1915 epoch=124 pause_ms=0
CAPTURE_CLOSED i=1916 epoch=125 pause_ms=0
CAPTURE_CLOSED i=1917 epoch=126 pause_ms=0
CAPTURE_CLOSED i=1918 epoch=127 pause_ms=0
CAPTURE_CLOSED i=1919 epoch=128 pause_ms=0
CAPTURE_CLOSED i=1920 epoch=129 pause_ms=0
CAPTURE_CLOSED i=1921 epoch=130 pause_ms=0
CAPTURE_CLOSED i=1922 epoch=131 pause_ms=0
CAPTURE_CLOSED i=1923 epoch=132 pause_ms=0
CAPTURE_CLOSED i=1924 epoch=133 pause_ms=0
CAPTURE_CLOSED i=1925 epoch=134 pause_ms=0
CAPTURE_CLOSED i=1926 epoch=135 pause_ms=0
CAPTURE_CLOSED i=1927 epoch=136 pause_ms=0
CAPTURE_CLOSED i=1928 epoch=137 pause_ms=0
CAPTURE_CLOSED i=1929 epoch=138 pause_ms=0
CAPTURE_CLOSED i=1930 epoch=139 pause_ms=0
CAPTURE_CLOSED i=1931 epoch=140 pause_ms=0
CAPTURE_CLOSED i=1932 epoch=141 pause_ms=0
CAPTURE_CLOSED i=1933 epoch=142 pause_ms=0
CAPTURE_CLOSED i=1934 epoch=143 pause_ms=0
CAPTURE_CLOSED i=1935 epoch=144 pause_ms=0
CAPTURE_CLOSED i=1936 epoch=145 pause_ms=0
CAPTURE_CLOSED i=1937 epoch=146 pause_ms=0
CAPTURE_CLOSED i=1938 epoch=147 pause_ms=0
CAPTURE_CLOSED i=1939 epoch=148 pause_ms=0
CAPTURE_CLOSED i=1940 epoch=149 pause_ms=0
CAPTURE_CLOSED i=1941 epoch=150 pause_ms=0
CAPTURE_CLOSED i=1942 epoch=151 pause_ms=0
CAPTURE_CLOSED i=1943 epoch=152 pause_ms=0
CAPTURE_CLOSED i=1944 epoch=153 pause_ms=0
CAPTURE_CLOSED i=1945 epoch=154 pause_ms=0
CAPTURE_CLOSED i=1946 epoch=155 pause_ms=0
CAPTURE_CLOSED i=1947 epoch=156 pause_ms=0
CAPTURE_CLOSED i=1948 epoch=157 pause_ms=0
CAPTURE_CLOSED i=1949 epoch=158 pause_ms=0
CAPTURE_CLOSED i=1950 epoch=159 pause_ms=0
CAPTURE_CLOSED i=1951 epoch=160 pause_ms=0
CAPTURE_CLOSED i=1952 epoch=161 pause_ms=0
CAPTURE_CLOSED i=1953 epoch=162 pause_ms=0
CAPTURE_CLOSED i=1954 epoch=163 pause_ms=0
CAPTURE_CLOSED i=1955 epoch=164 pause_ms=0
CAPTURE_CLOSED i=1956 epoch=165 pause_ms=0
CAPTURE_CLOSED i=1957 epoch=166 pause_ms=0
CAPTURE_CLOSED i=1958 epoch=167 pause_ms=0
CAPTURE_CLOSED i=1959 epoch=168 pause_ms=0
CAPTURE_CLOSED i=1960 epoch=169 pause_ms=0
CAPTURE_CLOSED i=1961 epoch=170 pause_ms=0
CAPTURE_CLOSED i=1962 epoch=171 pause_ms=0
CAPTURE_CLOSED i=1963 epoch=172 pause_ms=0
CAPTURE_CLOSED i=1964 epoch=173 pause_ms=0
CAPTURE_CLOSED i=1965 epoch=174 pause_ms=0
CAPTURE_CLOSED i=1966 epoch=175 pause_ms=0
CAPTURE_CLOSED i=1967 epoch=176 pause_ms=0
CAPTURE_CLOSED i=1968 epoch=177 pause_ms=0
CAPTURE_CLOSED i=1969 epoch=178 pause_ms=0
CAPTURE_CLOSED i=1970 epoch=179 pause_ms=0
CAPTURE_CLOSED i=1971 epoch=180 pause_ms=0
CAPTURE_CLOSED i=1972 epoch=181 pause_ms=0
CAPTURE_CLOSED i=1973 epoch=182 pause_ms=0
CAPTURE_CLOSED i=1974 epoch=183 pause_ms=0
CAPTURE_CLOSED i=1975 epoch=184 pause_ms=0
CAPTURE_CLOSED i=1976 epoch=185 pause_ms=0
CAPTURE_CLOSED i=1977 epoch=186 pause_ms=0
CAPTURE_CLOSED i=1978 epoch=187 pause_ms=0
CAPTURE_CLOSED i=1979 epoch=188 pause_ms=0
CAPTURE_CLOSED i=1980 epoch=189 pause_ms=0
CAPTURE_CLOSED i=1981 epoch=190 pause_ms=0
CAPTURE_CLOSED i=1982 epoch=191 pause_ms=0
CAPTURE_CLOSED i=1983 epoch=192 pause_ms=0
CAPTURE_CLOSED i=1984 epoch=193 pause_ms=0
CAPTURE_CLOSED i=1985 epoch=194 pause_ms=0
CAPTURE_CLOSED i=1986 epoch=195 pause_ms=0
CAPTURE_CLOSED i=1987 epoch=196 pause_ms=0
CAPTURE_CLOSED i=1988 epoch=197 pause_ms=0
CAPTURE_CLOSED i=1989 epoch=198 pause_ms=0
CAPTURE_CLOSED i=1990 epoch=199 pause_ms=0
CAPTURE_CLOSED i=1991 epoch=200 pause_ms=0
CAPTURE_CLOSED i=1992 epoch=201 pause_ms=0
CAPTURE_CLOSED i=1993 epoch=202 pause_ms=0
CAPTURE_CLOSED i=1994 epoch=203 pause_ms=0
CAPTURE_CLOSED i=1995 epoch=204 pause_ms=0
CAPTURE_CLOSED i=1996 epoch=205 pause_ms=0
CAPTURE_CLOSED i=1997 epoch=206 pause_ms=0
CAPTURE_CLOSED i=1998 epoch=207 pause_ms=0
TRACE_SPI txn=2000 writes=24 host_observed_write_us=15523.434 post_spi_to_tune_return_us=3507.239
CAPTURE_CLOSED i=1999 epoch=208 pause_ms=0
mode=BOTH progress=2000 unrecovered=0 first_read_faults=0 recovered=0 last_epoch=208
CAPTURE_CLOSED i=2000 epoch=209 pause_ms=0
CAPTURE_CLOSED i=2001 epoch=210 pause_ms=0
CAPTURE_CLOSED i=2002 epoch=211 pause_ms=0
CAPTURE_CLOSED i=2003 epoch=212 pause_ms=0
CAPTURE_CLOSED i=2004 epoch=213 pause_ms=0
CAPTURE_CLOSED i=2005 epoch=214 pause_ms=0
CAPTURE_CLOSED i=2006 epoch=215 pause_ms=0
CAPTURE_CLOSED i=2007 epoch=216 pause_ms=0
CAPTURE_CLOSED i=2008 epoch=217 pause_ms=0
CAPTURE_CLOSED i=2009 epoch=218 pause_ms=0
CAPTURE_CLOSED i=2010 epoch=219 pause_ms=0
CAPTURE_CLOSED i=2011 epoch=220 pause_ms=0
CAPTURE_CLOSED i=2012 epoch=221 pause_ms=0
CAPTURE_CLOSED i=2013 epoch=222 pause_ms=0
CAPTURE_CLOSED i=2014 epoch=223 pause_ms=0
CAPTURE_CLOSED i=2015 epoch=224 pause_ms=0
CAPTURE_CLOSED i=2016 epoch=225 pause_ms=0
CAPTURE_CLOSED i=2017 epoch=226 pause_ms=0
CAPTURE_CLOSED i=2018 epoch=227 pause_ms=0
CAPTURE_CLOSED i=2019 epoch=228 pause_ms=0
CAPTURE_CLOSED i=2020 epoch=229 pause_ms=0
CAPTURE_CLOSED i=2021 epoch=230 pause_ms=0
CAPTURE_CLOSED i=2022 epoch=231 pause_ms=0
CAPTURE_CLOSED i=2023 epoch=232 pause_ms=0
CAPTURE_CLOSED i=2024 epoch=233 pause_ms=0
CAPTURE_CLOSED i=2025 epoch=234 pause_ms=0
CAPTURE_CLOSED i=2026 epoch=235 pause_ms=0
CAPTURE_CLOSED i=2027 epoch=236 pause_ms=0
CAPTURE_CLOSED i=2028 epoch=237 pause_ms=0
CAPTURE_CLOSED i=2029 epoch=238 pause_ms=0
CAPTURE_CLOSED i=2030 epoch=239 pause_ms=0
CAPTURE_CLOSED i=2031 epoch=240 pause_ms=0
CAPTURE_CLOSED i=2032 epoch=241 pause_ms=0
CAPTURE_CLOSED i=2033 epoch=242 pause_ms=0
CAPTURE_CLOSED i=2034 epoch=243 pause_ms=0
CAPTURE_CLOSED i=2035 epoch=244 pause_ms=0
CAPTURE_CLOSED i=2036 epoch=245 pause_ms=0
CAPTURE_CLOSED i=2037 epoch=246 pause_ms=0
CAPTURE_CLOSED i=2038 epoch=247 pause_ms=0
CAPTURE_CLOSED i=2039 epoch=248 pause_ms=0
CAPTURE_CLOSED i=2040 epoch=249 pause_ms=0
CAPTURE_CLOSED i=2041 epoch=250 pause_ms=0
CAPTURE_CLOSED i=2042 epoch=251 pause_ms=0
CAPTURE_CLOSED i=2043 epoch=252 pause_ms=0
CAPTURE_CLOSED i=2044 epoch=253 pause_ms=0
CAPTURE_CLOSED i=2045 epoch=254 pause_ms=0
CAPTURE_CLOSED i=2046 epoch=255 pause_ms=0
CAPTURE_CLOSED i=2047 epoch=0 pause_ms=0
CAPTURE_CLOSED i=2048 epoch=1 pause_ms=0
CAPTURE_CLOSED i=2049 epoch=2 pause_ms=0
CAPTURE_CLOSED i=2050 epoch=3 pause_ms=0
CAPTURE_CLOSED i=2051 epoch=4 pause_ms=0
CAPTURE_CLOSED i=2052 epoch=5 pause_ms=0
CAPTURE_CLOSED i=2053 epoch=6 pause_ms=0
CAPTURE_CLOSED i=2054 epoch=7 pause_ms=0
CAPTURE_CLOSED i=2055 epoch=8 pause_ms=0
CAPTURE_CLOSED i=2056 epoch=9 pause_ms=0
CAPTURE_CLOSED i=2057 epoch=10 pause_ms=0
CAPTURE_CLOSED i=2058 epoch=11 pause_ms=0
CAPTURE_CLOSED i=2059 epoch=12 pause_ms=0
CAPTURE_CLOSED i=2060 epoch=13 pause_ms=0
CAPTURE_CLOSED i=2061 epoch=14 pause_ms=0
CAPTURE_CLOSED i=2062 epoch=15 pause_ms=0
CAPTURE_CLOSED i=2063 epoch=16 pause_ms=0
CAPTURE_CLOSED i=2064 epoch=17 pause_ms=0
CAPTURE_CLOSED i=2065 epoch=18 pause_ms=0
CAPTURE_CLOSED i=2066 epoch=19 pause_ms=0
CAPTURE_CLOSED i=2067 epoch=20 pause_ms=0
CAPTURE_CLOSED i=2068 epoch=21 pause_ms=0
CAPTURE_CLOSED i=2069 epoch=22 pause_ms=0
CAPTURE_CLOSED i=2070 epoch=23 pause_ms=0
CAPTURE_CLOSED i=2071 epoch=24 pause_ms=0
CAPTURE_CLOSED i=2072 epoch=25 pause_ms=0
CAPTURE_CLOSED i=2073 epoch=26 pause_ms=0
CAPTURE_CLOSED i=2074 epoch=27 pause_ms=0
CAPTURE_CLOSED i=2075 epoch=28 pause_ms=0
CAPTURE_CLOSED i=2076 epoch=29 pause_ms=0
CAPTURE_CLOSED i=2077 epoch=30 pause_ms=0
CAPTURE_CLOSED i=2078 epoch=31 pause_ms=0
CAPTURE_CLOSED i=2079 epoch=32 pause_ms=0
CAPTURE_CLOSED i=2080 epoch=33 pause_ms=0
CAPTURE_CLOSED i=2081 epoch=34 pause_ms=0
CAPTURE_CLOSED i=2082 epoch=35 pause_ms=0
CAPTURE_CLOSED i=2083 epoch=36 pause_ms=0
CAPTURE_CLOSED i=2084 epoch=37 pause_ms=0
CAPTURE_CLOSED i=2085 epoch=38 pause_ms=0
CAPTURE_CLOSED i=2086 epoch=39 pause_ms=0
CAPTURE_CLOSED i=2087 epoch=40 pause_ms=0
CAPTURE_CLOSED i=2088 epoch=41 pause_ms=0
CAPTURE_CLOSED i=2089 epoch=42 pause_ms=0
CAPTURE_CLOSED i=2090 epoch=43 pause_ms=0
CAPTURE_CLOSED i=2091 epoch=44 pause_ms=0
CAPTURE_CLOSED i=2092 epoch=45 pause_ms=0
CAPTURE_CLOSED i=2093 epoch=46 pause_ms=0
CAPTURE_CLOSED i=2094 epoch=47 pause_ms=0
CAPTURE_CLOSED i=2095 epoch=48 pause_ms=0
CAPTURE_CLOSED i=2096 epoch=49 pause_ms=0
CAPTURE_CLOSED i=2097 epoch=50 pause_ms=0
CAPTURE_CLOSED i=2098 epoch=51 pause_ms=0
TRACE_SPI txn=2100 writes=24 host_observed_write_us=15566.916 post_spi_to_tune_return_us=3505.240
CAPTURE_CLOSED i=2099 epoch=52 pause_ms=0
mode=BOTH progress=2100 unrecovered=0 first_read_faults=0 recovered=0 last_epoch=52
CAPTURE_CLOSED i=2100 epoch=53 pause_ms=0
CAPTURE_CLOSED i=2101 epoch=54 pause_ms=0
CAPTURE_CLOSED i=2102 epoch=55 pause_ms=0
CAPTURE_CLOSED i=2103 epoch=56 pause_ms=0
CAPTURE_CLOSED i=2104 epoch=57 pause_ms=0
CAPTURE_CLOSED i=2105 epoch=58 pause_ms=0
CAPTURE_CLOSED i=2106 epoch=59 pause_ms=0
CAPTURE_CLOSED i=2107 epoch=60 pause_ms=0
CAPTURE_CLOSED i=2108 epoch=61 pause_ms=0
CAPTURE_CLOSED i=2109 epoch=62 pause_ms=0
CAPTURE_CLOSED i=2110 epoch=63 pause_ms=0
CAPTURE_CLOSED i=2111 epoch=64 pause_ms=0
CAPTURE_CLOSED i=2112 epoch=65 pause_ms=0
CAPTURE_CLOSED i=2113 epoch=66 pause_ms=0
CAPTURE_CLOSED i=2114 epoch=67 pause_ms=0
CAPTURE_CLOSED i=2115 epoch=68 pause_ms=0
CAPTURE_CLOSED i=2116 epoch=69 pause_ms=0
CAPTURE_CLOSED i=2117 epoch=70 pause_ms=0
CAPTURE_CLOSED i=2118 epoch=71 pause_ms=0
CAPTURE_CLOSED i=2119 epoch=72 pause_ms=0
CAPTURE_CLOSED i=2120 epoch=73 pause_ms=0
CAPTURE_CLOSED i=2121 epoch=74 pause_ms=0
CAPTURE_CLOSED i=2122 epoch=75 pause_ms=0
CAPTURE_CLOSED i=2123 epoch=76 pause_ms=0
CAPTURE_CLOSED i=2124 epoch=77 pause_ms=0
CAPTURE_CLOSED i=2125 epoch=78 pause_ms=0
CAPTURE_CLOSED i=2126 epoch=79 pause_ms=0
CAPTURE_CLOSED i=2127 epoch=80 pause_ms=0
CAPTURE_CLOSED i=2128 epoch=81 pause_ms=0
CAPTURE_CLOSED i=2129 epoch=82 pause_ms=0
CAPTURE_CLOSED i=2130 epoch=83 pause_ms=0
CAPTURE_CLOSED i=2131 epoch=84 pause_ms=0
CAPTURE_CLOSED i=2132 epoch=85 pause_ms=0
CAPTURE_CLOSED i=2133 epoch=86 pause_ms=0
CAPTURE_CLOSED i=2134 epoch=87 pause_ms=0
CAPTURE_CLOSED i=2135 epoch=88 pause_ms=0
CAPTURE_CLOSED i=2136 epoch=89 pause_ms=0
CAPTURE_CLOSED i=2137 epoch=90 pause_ms=0
CAPTURE_CLOSED i=2138 epoch=91 pause_ms=0
CAPTURE_CLOSED i=2139 epoch=92 pause_ms=0
CAPTURE_CLOSED i=2140 epoch=93 pause_ms=0
CAPTURE_CLOSED i=2141 epoch=94 pause_ms=0
CAPTURE_CLOSED i=2142 epoch=95 pause_ms=0
CAPTURE_CLOSED i=2143 epoch=96 pause_ms=0
CAPTURE_CLOSED i=2144 epoch=97 pause_ms=0
CAPTURE_CLOSED i=2145 epoch=98 pause_ms=0
CAPTURE_CLOSED i=2146 epoch=99 pause_ms=0
CAPTURE_CLOSED i=2147 epoch=100 pause_ms=0
CAPTURE_CLOSED i=2148 epoch=101 pause_ms=0
CAPTURE_CLOSED i=2149 epoch=102 pause_ms=0
CAPTURE_CLOSED i=2150 epoch=103 pause_ms=0
CAPTURE_CLOSED i=2151 epoch=104 pause_ms=0
CAPTURE_CLOSED i=2152 epoch=105 pause_ms=0
CAPTURE_CLOSED i=2153 epoch=106 pause_ms=0
CAPTURE_CLOSED i=2154 epoch=107 pause_ms=0
CAPTURE_CLOSED i=2155 epoch=108 pause_ms=0
CAPTURE_CLOSED i=2156 epoch=109 pause_ms=0
CAPTURE_CLOSED i=2157 epoch=110 pause_ms=0
CAPTURE_CLOSED i=2158 epoch=111 pause_ms=0
CAPTURE_CLOSED i=2159 epoch=112 pause_ms=0
CAPTURE_CLOSED i=2160 epoch=113 pause_ms=0
CAPTURE_CLOSED i=2161 epoch=114 pause_ms=0
CAPTURE_CLOSED i=2162 epoch=115 pause_ms=0
CAPTURE_CLOSED i=2163 epoch=116 pause_ms=0
CAPTURE_CLOSED i=2164 epoch=117 pause_ms=0
CAPTURE_CLOSED i=2165 epoch=118 pause_ms=0
CAPTURE_CLOSED i=2166 epoch=119 pause_ms=0
CAPTURE_CLOSED i=2167 epoch=120 pause_ms=0
CAPTURE_CLOSED i=2168 epoch=121 pause_ms=0
CAPTURE_CLOSED i=2169 epoch=122 pause_ms=0
CAPTURE_CLOSED i=2170 epoch=123 pause_ms=0
CAPTURE_CLOSED i=2171 epoch=124 pause_ms=0
CAPTURE_CLOSED i=2172 epoch=125 pause_ms=0
CAPTURE_CLOSED i=2173 epoch=126 pause_ms=0
CAPTURE_CLOSED i=2174 epoch=127 pause_ms=0
CAPTURE_CLOSED i=2175 epoch=128 pause_ms=0
CAPTURE_CLOSED i=2176 epoch=129 pause_ms=0
CAPTURE_CLOSED i=2177 epoch=130 pause_ms=0
CAPTURE_CLOSED i=2178 epoch=131 pause_ms=0
CAPTURE_CLOSED i=2179 epoch=132 pause_ms=0
CAPTURE_CLOSED i=2180 epoch=133 pause_ms=0
CAPTURE_CLOSED i=2181 epoch=134 pause_ms=0
CAPTURE_CLOSED i=2182 epoch=135 pause_ms=0
CAPTURE_CLOSED i=2183 epoch=136 pause_ms=0
CAPTURE_CLOSED i=2184 epoch=137 pause_ms=0
CAPTURE_CLOSED i=2185 epoch=138 pause_ms=0
CAPTURE_CLOSED i=2186 epoch=139 pause_ms=0
CAPTURE_CLOSED i=2187 epoch=140 pause_ms=0
CAPTURE_CLOSED i=2188 epoch=141 pause_ms=0
CAPTURE_CLOSED i=2189 epoch=142 pause_ms=0
CAPTURE_CLOSED i=2190 epoch=143 pause_ms=0
CAPTURE_CLOSED i=2191 epoch=144 pause_ms=0
CAPTURE_CLOSED i=2192 epoch=145 pause_ms=0
CAPTURE_CLOSED i=2193 epoch=146 pause_ms=0
CAPTURE_CLOSED i=2194 epoch=147 pause_ms=0
CAPTURE_CLOSED i=2195 epoch=148 pause_ms=0
CAPTURE_CLOSED i=2196 epoch=149 pause_ms=0
CAPTURE_CLOSED i=2197 epoch=150 pause_ms=0
CAPTURE_CLOSED i=2198 epoch=151 pause_ms=0
TRACE_SPI txn=2200 writes=24 host_observed_write_us=15525.847 post_spi_to_tune_return_us=3371.291
CAPTURE_CLOSED i=2199 epoch=152 pause_ms=0
mode=BOTH progress=2200 unrecovered=0 first_read_faults=0 recovered=0 last_epoch=152
CAPTURE_CLOSED i=2200 epoch=153 pause_ms=0
CAPTURE_CLOSED i=2201 epoch=154 pause_ms=0
CAPTURE_CLOSED i=2202 epoch=155 pause_ms=0
CAPTURE_CLOSED i=2203 epoch=156 pause_ms=0
CAPTURE_CLOSED i=2204 epoch=157 pause_ms=0
CAPTURE_CLOSED i=2205 epoch=158 pause_ms=0
CAPTURE_CLOSED i=2206 epoch=159 pause_ms=0
CAPTURE_CLOSED i=2207 epoch=160 pause_ms=0
CAPTURE_CLOSED i=2208 epoch=161 pause_ms=0
CAPTURE_CLOSED i=2209 epoch=162 pause_ms=0
CAPTURE_CLOSED i=2210 epoch=163 pause_ms=0
CAPTURE_CLOSED i=2211 epoch=164 pause_ms=0
CAPTURE_CLOSED i=2212 epoch=165 pause_ms=0
CAPTURE_CLOSED i=2213 epoch=166 pause_ms=0
CAPTURE_CLOSED i=2214 epoch=167 pause_ms=0
CAPTURE_CLOSED i=2215 epoch=168 pause_ms=0
CAPTURE_CLOSED i=2216 epoch=169 pause_ms=0
CAPTURE_CLOSED i=2217 epoch=170 pause_ms=0
CAPTURE_CLOSED i=2218 epoch=171 pause_ms=0
CAPTURE_CLOSED i=2219 epoch=172 pause_ms=0
CAPTURE_CLOSED i=2220 epoch=173 pause_ms=0
CAPTURE_CLOSED i=2221 epoch=174 pause_ms=0
CAPTURE_CLOSED i=2222 epoch=175 pause_ms=0
CAPTURE_CLOSED i=2223 epoch=176 pause_ms=0
CAPTURE_CLOSED i=2224 epoch=177 pause_ms=0
CAPTURE_CLOSED i=2225 epoch=178 pause_ms=0
CAPTURE_CLOSED i=2226 epoch=179 pause_ms=0
CAPTURE_CLOSED i=2227 epoch=180 pause_ms=0
CAPTURE_CLOSED i=2228 epoch=181 pause_ms=0
CAPTURE_CLOSED i=2229 epoch=182 pause_ms=0
CAPTURE_CLOSED i=2230 epoch=183 pause_ms=0
CAPTURE_CLOSED i=2231 epoch=184 pause_ms=0
CAPTURE_CLOSED i=2232 epoch=185 pause_ms=0
CAPTURE_CLOSED i=2233 epoch=186 pause_ms=0
CAPTURE_CLOSED i=2234 epoch=187 pause_ms=0
CAPTURE_CLOSED i=2235 epoch=188 pause_ms=0
CAPTURE_CLOSED i=2236 epoch=189 pause_ms=0
CAPTURE_CLOSED i=2237 epoch=190 pause_ms=0
CAPTURE_CLOSED i=2238 epoch=191 pause_ms=0
CAPTURE_CLOSED i=2239 epoch=192 pause_ms=0
CAPTURE_CLOSED i=2240 epoch=193 pause_ms=0
CAPTURE_CLOSED i=2241 epoch=194 pause_ms=0
CAPTURE_CLOSED i=2242 epoch=195 pause_ms=0
CAPTURE_CLOSED i=2243 epoch=196 pause_ms=0
CAPTURE_CLOSED i=2244 epoch=197 pause_ms=0
CAPTURE_CLOSED i=2245 epoch=198 pause_ms=0
CAPTURE_CLOSED i=2246 epoch=199 pause_ms=0
CAPTURE_CLOSED i=2247 epoch=200 pause_ms=0
CAPTURE_CLOSED i=2248 epoch=201 pause_ms=0
CAPTURE_CLOSED i=2249 epoch=202 pause_ms=0
CAPTURE_CLOSED i=2250 epoch=203 pause_ms=0
CAPTURE_CLOSED i=2251 epoch=204 pause_ms=0
CAPTURE_CLOSED i=2252 epoch=205 pause_ms=0
CAPTURE_CLOSED i=2253 epoch=206 pause_ms=0
CAPTURE_CLOSED i=2254 epoch=207 pause_ms=0
CAPTURE_CLOSED i=2255 epoch=208 pause_ms=0
CAPTURE_CLOSED i=2256 epoch=209 pause_ms=0
CAPTURE_CLOSED i=2257 epoch=210 pause_ms=0
CAPTURE_CLOSED i=2258 epoch=211 pause_ms=0
CAPTURE_CLOSED i=2259 epoch=212 pause_ms=0
CAPTURE_CLOSED i=2260 epoch=213 pause_ms=0
CAPTURE_CLOSED i=2261 epoch=214 pause_ms=0
CAPTURE_CLOSED i=2262 epoch=215 pause_ms=0
CAPTURE_CLOSED i=2263 epoch=216 pause_ms=0
CAPTURE_CLOSED i=2264 epoch=217 pause_ms=0
CAPTURE_CLOSED i=2265 epoch=218 pause_ms=0
CAPTURE_CLOSED i=2266 epoch=219 pause_ms=0
CAPTURE_CLOSED i=2267 epoch=220 pause_ms=0
CAPTURE_CLOSED i=2268 epoch=221 pause_ms=0
CAPTURE_CLOSED i=2269 epoch=222 pause_ms=0
CAPTURE_CLOSED i=2270 epoch=223 pause_ms=0
CAPTURE_CLOSED i=2271 epoch=224 pause_ms=0
CAPTURE_CLOSED i=2272 epoch=225 pause_ms=0
CAPTURE_CLOSED i=2273 epoch=226 pause_ms=0
CAPTURE_CLOSED i=2274 epoch=227 pause_ms=0
CAPTURE_CLOSED i=2275 epoch=228 pause_ms=0
CAPTURE_CLOSED i=2276 epoch=229 pause_ms=0
CAPTURE_CLOSED i=2277 epoch=230 pause_ms=0
CAPTURE_CLOSED i=2278 epoch=231 pause_ms=0
CAPTURE_CLOSED i=2279 epoch=232 pause_ms=0
CAPTURE_CLOSED i=2280 epoch=233 pause_ms=0
CAPTURE_CLOSED i=2281 epoch=234 pause_ms=0
CAPTURE_CLOSED i=2282 epoch=235 pause_ms=0
CAPTURE_CLOSED i=2283 epoch=236 pause_ms=0
CAPTURE_CLOSED i=2284 epoch=237 pause_ms=0
CAPTURE_CLOSED i=2285 epoch=238 pause_ms=0
CAPTURE_CLOSED i=2286 epoch=239 pause_ms=0
CAPTURE_CLOSED i=2287 epoch=240 pause_ms=0
CAPTURE_CLOSED i=2288 epoch=241 pause_ms=0
CAPTURE_CLOSED i=2289 epoch=242 pause_ms=0
CAPTURE_CLOSED i=2290 epoch=243 pause_ms=0
CAPTURE_CLOSED i=2291 epoch=244 pause_ms=0
CAPTURE_CLOSED i=2292 epoch=245 pause_ms=0
CAPTURE_CLOSED i=2293 epoch=246 pause_ms=0
CAPTURE_CLOSED i=2294 epoch=247 pause_ms=0
CAPTURE_CLOSED i=2295 epoch=248 pause_ms=0
CAPTURE_CLOSED i=2296 epoch=249 pause_ms=0
CAPTURE_CLOSED i=2297 epoch=250 pause_ms=0
CAPTURE_CLOSED i=2298 epoch=251 pause_ms=0
TRACE_SPI txn=2300 writes=24 host_observed_write_us=15525.186 post_spi_to_tune_return_us=3505.089
CAPTURE_CLOSED i=2299 epoch=252 pause_ms=0
mode=BOTH progress=2300 unrecovered=0 first_read_faults=0 recovered=0 last_epoch=252
CAPTURE_CLOSED i=2300 epoch=253 pause_ms=0
CAPTURE_CLOSED i=2301 epoch=254 pause_ms=0
CAPTURE_CLOSED i=2302 epoch=255 pause_ms=0
CAPTURE_CLOSED i=2303 epoch=0 pause_ms=0
CAPTURE_CLOSED i=2304 epoch=1 pause_ms=0
CAPTURE_CLOSED i=2305 epoch=2 pause_ms=0
CAPTURE_CLOSED i=2306 epoch=3 pause_ms=0
CAPTURE_CLOSED i=2307 epoch=4 pause_ms=0
CAPTURE_CLOSED i=2308 epoch=5 pause_ms=0
CAPTURE_CLOSED i=2309 epoch=6 pause_ms=0
CAPTURE_CLOSED i=2310 epoch=7 pause_ms=0
CAPTURE_CLOSED i=2311 epoch=8 pause_ms=0
CAPTURE_CLOSED i=2312 epoch=9 pause_ms=0
CAPTURE_CLOSED i=2313 epoch=10 pause_ms=0
CAPTURE_CLOSED i=2314 epoch=11 pause_ms=0
CAPTURE_CLOSED i=2315 epoch=12 pause_ms=0
CAPTURE_CLOSED i=2316 epoch=13 pause_ms=0
CAPTURE_CLOSED i=2317 epoch=14 pause_ms=0
CAPTURE_CLOSED i=2318 epoch=15 pause_ms=0
CAPTURE_CLOSED i=2319 epoch=16 pause_ms=0
CAPTURE_CLOSED i=2320 epoch=17 pause_ms=0
CAPTURE_CLOSED i=2321 epoch=18 pause_ms=0
CAPTURE_CLOSED i=2322 epoch=19 pause_ms=0
CAPTURE_CLOSED i=2323 epoch=20 pause_ms=0
CAPTURE_CLOSED i=2324 epoch=21 pause_ms=0
CAPTURE_CLOSED i=2325 epoch=22 pause_ms=0
CAPTURE_CLOSED i=2326 epoch=23 pause_ms=0
CAPTURE_CLOSED i=2327 epoch=24 pause_ms=0
CAPTURE_CLOSED i=2328 epoch=25 pause_ms=0
CAPTURE_CLOSED i=2329 epoch=26 pause_ms=0
CAPTURE_CLOSED i=2330 epoch=27 pause_ms=0
CAPTURE_CLOSED i=2331 epoch=28 pause_ms=0
CAPTURE_CLOSED i=2332 epoch=29 pause_ms=0
CAPTURE_CLOSED i=2333 epoch=30 pause_ms=0
CAPTURE_CLOSED i=2334 epoch=31 pause_ms=0
CAPTURE_CLOSED i=2335 epoch=32 pause_ms=0
CAPTURE_CLOSED i=2336 epoch=33 pause_ms=0
CAPTURE_CLOSED i=2337 epoch=34 pause_ms=0
CAPTURE_CLOSED i=2338 epoch=35 pause_ms=0
CAPTURE_CLOSED i=2339 epoch=36 pause_ms=0
CAPTURE_CLOSED i=2340 epoch=37 pause_ms=0
CAPTURE_CLOSED i=2341 epoch=38 pause_ms=0
CAPTURE_CLOSED i=2342 epoch=39 pause_ms=0
CAPTURE_CLOSED i=2343 epoch=40 pause_ms=0
CAPTURE_CLOSED i=2344 epoch=41 pause_ms=0
CAPTURE_CLOSED i=2345 epoch=42 pause_ms=0
CAPTURE_CLOSED i=2346 epoch=43 pause_ms=0
CAPTURE_CLOSED i=2347 epoch=44 pause_ms=0
CAPTURE_CLOSED i=2348 epoch=45 pause_ms=0
CAPTURE_CLOSED i=2349 epoch=46 pause_ms=0
CAPTURE_CLOSED i=2350 epoch=47 pause_ms=0
CAPTURE_CLOSED i=2351 epoch=48 pause_ms=0
CAPTURE_CLOSED i=2352 epoch=49 pause_ms=0
CAPTURE_CLOSED i=2353 epoch=50 pause_ms=0
CAPTURE_CLOSED i=2354 epoch=51 pause_ms=0
CAPTURE_CLOSED i=2355 epoch=52 pause_ms=0
CAPTURE_CLOSED i=2356 epoch=53 pause_ms=0
CAPTURE_CLOSED i=2357 epoch=54 pause_ms=0
CAPTURE_CLOSED i=2358 epoch=55 pause_ms=0
CAPTURE_CLOSED i=2359 epoch=56 pause_ms=0
CAPTURE_CLOSED i=2360 epoch=57 pause_ms=0
CAPTURE_CLOSED i=2361 epoch=58 pause_ms=0
CAPTURE_CLOSED i=2362 epoch=59 pause_ms=0
CAPTURE_CLOSED i=2363 epoch=60 pause_ms=0
CAPTURE_CLOSED i=2364 epoch=61 pause_ms=0
CAPTURE_CLOSED i=2365 epoch=62 pause_ms=0
CAPTURE_CLOSED i=2366 epoch=63 pause_ms=0
CAPTURE_CLOSED i=2367 epoch=64 pause_ms=0
CAPTURE_CLOSED i=2368 epoch=65 pause_ms=0
CAPTURE_CLOSED i=2369 epoch=66 pause_ms=0
CAPTURE_CLOSED i=2370 epoch=67 pause_ms=0
CAPTURE_CLOSED i=2371 epoch=68 pause_ms=0
CAPTURE_CLOSED i=2372 epoch=69 pause_ms=0
CAPTURE_CLOSED i=2373 epoch=70 pause_ms=0
CAPTURE_CLOSED i=2374 epoch=71 pause_ms=0
CAPTURE_CLOSED i=2375 epoch=72 pause_ms=0
CAPTURE_CLOSED i=2376 epoch=73 pause_ms=0
CAPTURE_CLOSED i=2377 epoch=74 pause_ms=0
CAPTURE_CLOSED i=2378 epoch=75 pause_ms=0
CAPTURE_CLOSED i=2379 epoch=76 pause_ms=0
CAPTURE_CLOSED i=2380 epoch=77 pause_ms=0
CAPTURE_CLOSED i=2381 epoch=78 pause_ms=0
CAPTURE_CLOSED i=2382 epoch=79 pause_ms=0
CAPTURE_CLOSED i=2383 epoch=80 pause_ms=0
CAPTURE_CLOSED i=2384 epoch=81 pause_ms=0
CAPTURE_CLOSED i=2385 epoch=82 pause_ms=0
CAPTURE_CLOSED i=2386 epoch=83 pause_ms=0
CAPTURE_CLOSED i=2387 epoch=84 pause_ms=0
CAPTURE_CLOSED i=2388 epoch=85 pause_ms=0
CAPTURE_CLOSED i=2389 epoch=86 pause_ms=0
CAPTURE_CLOSED i=2390 epoch=87 pause_ms=0
CAPTURE_CLOSED i=2391 epoch=88 pause_ms=0
CAPTURE_CLOSED i=2392 epoch=89 pause_ms=0
CAPTURE_CLOSED i=2393 epoch=90 pause_ms=0
CAPTURE_CLOSED i=2394 epoch=91 pause_ms=0
CAPTURE_CLOSED i=2395 epoch=92 pause_ms=0
CAPTURE_CLOSED i=2396 epoch=93 pause_ms=0
CAPTURE_CLOSED i=2397 epoch=94 pause_ms=0
CAPTURE_CLOSED i=2398 epoch=95 pause_ms=0
TRACE_SPI txn=2400 writes=24 host_observed_write_us=15434.716 post_spi_to_tune_return_us=3505.909
CAPTURE_CLOSED i=2399 epoch=96 pause_ms=0
mode=BOTH progress=2400 unrecovered=0 first_read_faults=0 recovered=0 last_epoch=96
CAPTURE_CLOSED i=2400 epoch=97 pause_ms=0
CAPTURE_CLOSED i=2401 epoch=98 pause_ms=0
CAPTURE_CLOSED i=2402 epoch=99 pause_ms=0
CAPTURE_CLOSED i=2403 epoch=100 pause_ms=0
CAPTURE_CLOSED i=2404 epoch=101 pause_ms=0
CAPTURE_CLOSED i=2405 epoch=102 pause_ms=0
CAPTURE_CLOSED i=2406 epoch=103 pause_ms=0
CAPTURE_CLOSED i=2407 epoch=104 pause_ms=0
CAPTURE_CLOSED i=2408 epoch=105 pause_ms=0
CAPTURE_CLOSED i=2409 epoch=106 pause_ms=0
CAPTURE_CLOSED i=2410 epoch=107 pause_ms=0
CAPTURE_CLOSED i=2411 epoch=108 pause_ms=0
CAPTURE_CLOSED i=2412 epoch=109 pause_ms=0
CAPTURE_CLOSED i=2413 epoch=110 pause_ms=0
CAPTURE_CLOSED i=2414 epoch=111 pause_ms=0
CAPTURE_CLOSED i=2415 epoch=112 pause_ms=0
CAPTURE_CLOSED i=2416 epoch=113 pause_ms=0
CAPTURE_CLOSED i=2417 epoch=114 pause_ms=0
CAPTURE_CLOSED i=2418 epoch=115 pause_ms=0
CAPTURE_CLOSED i=2419 epoch=116 pause_ms=0
CAPTURE_CLOSED i=2420 epoch=117 pause_ms=0
CAPTURE_CLOSED i=2421 epoch=118 pause_ms=0
CAPTURE_CLOSED i=2422 epoch=119 pause_ms=0
CAPTURE_CLOSED i=2423 epoch=120 pause_ms=0
CAPTURE_CLOSED i=2424 epoch=121 pause_ms=0
CAPTURE_CLOSED i=2425 epoch=122 pause_ms=0
CAPTURE_CLOSED i=2426 epoch=123 pause_ms=0
CAPTURE_CLOSED i=2427 epoch=124 pause_ms=0
CAPTURE_CLOSED i=2428 epoch=125 pause_ms=0
CAPTURE_CLOSED i=2429 epoch=126 pause_ms=0
CAPTURE_CLOSED i=2430 epoch=127 pause_ms=0
CAPTURE_CLOSED i=2431 epoch=128 pause_ms=0
CAPTURE_CLOSED i=2432 epoch=129 pause_ms=0
CAPTURE_CLOSED i=2433 epoch=130 pause_ms=0
CAPTURE_CLOSED i=2434 epoch=131 pause_ms=0
CAPTURE_CLOSED i=2435 epoch=132 pause_ms=0
CAPTURE_CLOSED i=2436 epoch=133 pause_ms=0
CAPTURE_CLOSED i=2437 epoch=134 pause_ms=0
CAPTURE_CLOSED i=2438 epoch=135 pause_ms=0
CAPTURE_CLOSED i=2439 epoch=136 pause_ms=0
CAPTURE_CLOSED i=2440 epoch=137 pause_ms=0
CAPTURE_CLOSED i=2441 epoch=138 pause_ms=0
CAPTURE_CLOSED i=2442 epoch=139 pause_ms=0
CAPTURE_CLOSED i=2443 epoch=140 pause_ms=0
CAPTURE_CLOSED i=2444 epoch=141 pause_ms=0
CAPTURE_CLOSED i=2445 epoch=142 pause_ms=0
CAPTURE_CLOSED i=2446 epoch=143 pause_ms=0
CAPTURE_CLOSED i=2447 epoch=144 pause_ms=0
CAPTURE_CLOSED i=2448 epoch=145 pause_ms=0
CAPTURE_CLOSED i=2449 epoch=146 pause_ms=0
CAPTURE_CLOSED i=2450 epoch=147 pause_ms=0
CAPTURE_CLOSED i=2451 epoch=148 pause_ms=0
CAPTURE_CLOSED i=2452 epoch=149 pause_ms=0
CAPTURE_CLOSED i=2453 epoch=150 pause_ms=0
CAPTURE_CLOSED i=2454 epoch=151 pause_ms=0
CAPTURE_CLOSED i=2455 epoch=152 pause_ms=0
CAPTURE_CLOSED i=2456 epoch=153 pause_ms=0
CAPTURE_CLOSED i=2457 epoch=154 pause_ms=0
CAPTURE_CLOSED i=2458 epoch=155 pause_ms=0
CAPTURE_CLOSED i=2459 epoch=156 pause_ms=0
CAPTURE_CLOSED i=2460 epoch=157 pause_ms=0
CAPTURE_CLOSED i=2461 epoch=158 pause_ms=0
CAPTURE_CLOSED i=2462 epoch=159 pause_ms=0
CAPTURE_CLOSED i=2463 epoch=160 pause_ms=0
CAPTURE_CLOSED i=2464 epoch=161 pause_ms=0
CAPTURE_CLOSED i=2465 epoch=162 pause_ms=0
CAPTURE_CLOSED i=2466 epoch=163 pause_ms=0
CAPTURE_CLOSED i=2467 epoch=164 pause_ms=0
CAPTURE_CLOSED i=2468 epoch=165 pause_ms=0
CAPTURE_CLOSED i=2469 epoch=166 pause_ms=0
CAPTURE_CLOSED i=2470 epoch=167 pause_ms=0
CAPTURE_CLOSED i=2471 epoch=168 pause_ms=0
CAPTURE_CLOSED i=2472 epoch=169 pause_ms=0
CAPTURE_CLOSED i=2473 epoch=170 pause_ms=0
CAPTURE_CLOSED i=2474 epoch=171 pause_ms=0
CAPTURE_CLOSED i=2475 epoch=172 pause_ms=0
CAPTURE_CLOSED i=2476 epoch=173 pause_ms=0
CAPTURE_CLOSED i=2477 epoch=174 pause_ms=0
CAPTURE_CLOSED i=2478 epoch=175 pause_ms=0
CAPTURE_CLOSED i=2479 epoch=176 pause_ms=0
CAPTURE_CLOSED i=2480 epoch=177 pause_ms=0
CAPTURE_CLOSED i=2481 epoch=178 pause_ms=0
CAPTURE_CLOSED i=2482 epoch=179 pause_ms=0
CAPTURE_CLOSED i=2483 epoch=180 pause_ms=0
CAPTURE_CLOSED i=2484 epoch=181 pause_ms=0
CAPTURE_CLOSED i=2485 epoch=182 pause_ms=0
CAPTURE_CLOSED i=2486 epoch=183 pause_ms=0
CAPTURE_CLOSED i=2487 epoch=184 pause_ms=0
CAPTURE_CLOSED i=2488 epoch=185 pause_ms=0
CAPTURE_CLOSED i=2489 epoch=186 pause_ms=0
CAPTURE_CLOSED i=2490 epoch=187 pause_ms=0
CAPTURE_CLOSED i=2491 epoch=188 pause_ms=0
CAPTURE_CLOSED i=2492 epoch=189 pause_ms=0
CAPTURE_CLOSED i=2493 epoch=190 pause_ms=0
CAPTURE_CLOSED i=2494 epoch=191 pause_ms=0
CAPTURE_CLOSED i=2495 epoch=192 pause_ms=0
CAPTURE_CLOSED i=2496 epoch=193 pause_ms=0
CAPTURE_CLOSED i=2497 epoch=194 pause_ms=0
CAPTURE_CLOSED i=2498 epoch=195 pause_ms=0
TRACE_SPI txn=2500 writes=24 host_observed_write_us=15527.903 post_spi_to_tune_return_us=3503.860
CAPTURE_CLOSED i=2499 epoch=196 pause_ms=0
mode=BOTH progress=2500 unrecovered=0 first_read_faults=0 recovered=0 last_epoch=196
CAPTURE_CLOSED i=2500 epoch=197 pause_ms=0
CAPTURE_CLOSED i=2501 epoch=198 pause_ms=0
CAPTURE_CLOSED i=2502 epoch=199 pause_ms=0
CAPTURE_CLOSED i=2503 epoch=200 pause_ms=0
CAPTURE_CLOSED i=2504 epoch=201 pause_ms=0
CAPTURE_CLOSED i=2505 epoch=202 pause_ms=0
CAPTURE_CLOSED i=2506 epoch=203 pause_ms=0
CAPTURE_CLOSED i=2507 epoch=204 pause_ms=0
CAPTURE_CLOSED i=2508 epoch=205 pause_ms=0
CAPTURE_CLOSED i=2509 epoch=206 pause_ms=0
CAPTURE_CLOSED i=2510 epoch=207 pause_ms=0
CAPTURE_CLOSED i=2511 epoch=208 pause_ms=0
CAPTURE_CLOSED i=2512 epoch=209 pause_ms=0
CAPTURE_CLOSED i=2513 epoch=210 pause_ms=0
CAPTURE_CLOSED i=2514 epoch=211 pause_ms=0
CAPTURE_CLOSED i=2515 epoch=212 pause_ms=0
CAPTURE_CLOSED i=2516 epoch=213 pause_ms=0
CAPTURE_CLOSED i=2517 epoch=214 pause_ms=0
CAPTURE_CLOSED i=2518 epoch=215 pause_ms=0
CAPTURE_CLOSED i=2519 epoch=216 pause_ms=0
CAPTURE_CLOSED i=2520 epoch=217 pause_ms=0
CAPTURE_CLOSED i=2521 epoch=218 pause_ms=0
CAPTURE_CLOSED i=2522 epoch=219 pause_ms=0
CAPTURE_CLOSED i=2523 epoch=220 pause_ms=0
CAPTURE_CLOSED i=2524 epoch=221 pause_ms=0
CAPTURE_CLOSED i=2525 epoch=222 pause_ms=0
CAPTURE_CLOSED i=2526 epoch=223 pause_ms=0
CAPTURE_CLOSED i=2527 epoch=224 pause_ms=0
CAPTURE_CLOSED i=2528 epoch=225 pause_ms=0
CAPTURE_CLOSED i=2529 epoch=226 pause_ms=0
CAPTURE_CLOSED i=2530 epoch=227 pause_ms=0
CAPTURE_CLOSED i=2531 epoch=228 pause_ms=0
CAPTURE_CLOSED i=2532 epoch=229 pause_ms=0
CAPTURE_CLOSED i=2533 epoch=230 pause_ms=0
CAPTURE_CLOSED i=2534 epoch=231 pause_ms=0
CAPTURE_CLOSED i=2535 epoch=232 pause_ms=0
CAPTURE_CLOSED i=2536 epoch=233 pause_ms=0
CAPTURE_CLOSED i=2537 epoch=234 pause_ms=0
CAPTURE_CLOSED i=2538 epoch=235 pause_ms=0
CAPTURE_CLOSED i=2539 epoch=236 pause_ms=0
CAPTURE_CLOSED i=2540 epoch=237 pause_ms=0
CAPTURE_CLOSED i=2541 epoch=238 pause_ms=0
CAPTURE_CLOSED i=2542 epoch=239 pause_ms=0
CAPTURE_CLOSED i=2543 epoch=240 pause_ms=0
CAPTURE_CLOSED i=2544 epoch=241 pause_ms=0
CAPTURE_CLOSED i=2545 epoch=242 pause_ms=0
CAPTURE_CLOSED i=2546 epoch=243 pause_ms=0
CAPTURE_CLOSED i=2547 epoch=244 pause_ms=0
CAPTURE_CLOSED i=2548 epoch=245 pause_ms=0
CAPTURE_CLOSED i=2549 epoch=246 pause_ms=0
CAPTURE_CLOSED i=2550 epoch=247 pause_ms=0
CAPTURE_CLOSED i=2551 epoch=248 pause_ms=0
CAPTURE_CLOSED i=2552 epoch=249 pause_ms=0
CAPTURE_CLOSED i=2553 epoch=250 pause_ms=0
CAPTURE_CLOSED i=2554 epoch=251 pause_ms=0
CAPTURE_CLOSED i=2555 epoch=252 pause_ms=0
CAPTURE_CLOSED i=2556 epoch=253 pause_ms=0
CAPTURE_CLOSED i=2557 epoch=254 pause_ms=0
CAPTURE_CLOSED i=2558 epoch=255 pause_ms=0
CAPTURE_CLOSED i=2559 epoch=0 pause_ms=0
CAPTURE_CLOSED i=2560 epoch=1 pause_ms=0
CAPTURE_CLOSED i=2561 epoch=2 pause_ms=0
CAPTURE_CLOSED i=2562 epoch=3 pause_ms=0
CAPTURE_CLOSED i=2563 epoch=4 pause_ms=0
CAPTURE_CLOSED i=2564 epoch=5 pause_ms=0
CAPTURE_CLOSED i=2565 epoch=6 pause_ms=0
CAPTURE_CLOSED i=2566 epoch=7 pause_ms=0
CAPTURE_CLOSED i=2567 epoch=8 pause_ms=0
CAPTURE_CLOSED i=2568 epoch=9 pause_ms=0
CAPTURE_CLOSED i=2569 epoch=10 pause_ms=0
CAPTURE_CLOSED i=2570 epoch=11 pause_ms=0
CAPTURE_CLOSED i=2571 epoch=12 pause_ms=0
CAPTURE_CLOSED i=2572 epoch=13 pause_ms=0
CAPTURE_CLOSED i=2573 epoch=14 pause_ms=0
CAPTURE_CLOSED i=2574 epoch=15 pause_ms=0
CAPTURE_CLOSED i=2575 epoch=16 pause_ms=0
CAPTURE_CLOSED i=2576 epoch=17 pause_ms=0
CAPTURE_CLOSED i=2577 epoch=18 pause_ms=0
CAPTURE_CLOSED i=2578 epoch=19 pause_ms=0
CAPTURE_CLOSED i=2579 epoch=20 pause_ms=0
CAPTURE_CLOSED i=2580 epoch=21 pause_ms=0
CAPTURE_CLOSED i=2581 epoch=22 pause_ms=0
CAPTURE_CLOSED i=2582 epoch=23 pause_ms=0
CAPTURE_CLOSED i=2583 epoch=24 pause_ms=0
CAPTURE_CLOSED i=2584 epoch=25 pause_ms=0
CAPTURE_CLOSED i=2585 epoch=26 pause_ms=0
CAPTURE_CLOSED i=2586 epoch=27 pause_ms=0
CAPTURE_CLOSED i=2587 epoch=28 pause_ms=0
CAPTURE_CLOSED i=2588 epoch=29 pause_ms=0
CAPTURE_CLOSED i=2589 epoch=30 pause_ms=0
CAPTURE_CLOSED i=2590 epoch=31 pause_ms=0
CAPTURE_CLOSED i=2591 epoch=32 pause_ms=0
CAPTURE_CLOSED i=2592 epoch=33 pause_ms=0
CAPTURE_CLOSED i=2593 epoch=34 pause_ms=0
CAPTURE_CLOSED i=2594 epoch=35 pause_ms=0
CAPTURE_CLOSED i=2595 epoch=36 pause_ms=0
CAPTURE_CLOSED i=2596 epoch=37 pause_ms=0
CAPTURE_CLOSED i=2597 epoch=38 pause_ms=0
CAPTURE_CLOSED i=2598 epoch=39 pause_ms=0
TRACE_SPI txn=2600 writes=24 host_observed_write_us=15699.963 post_spi_to_tune_return_us=3505.829
CAPTURE_CLOSED i=2599 epoch=40 pause_ms=0
mode=BOTH progress=2600 unrecovered=0 first_read_faults=0 recovered=0 last_epoch=40
CAPTURE_CLOSED i=2600 epoch=41 pause_ms=0
CAPTURE_CLOSED i=2601 epoch=42 pause_ms=0
CAPTURE_CLOSED i=2602 epoch=43 pause_ms=0
CAPTURE_CLOSED i=2603 epoch=44 pause_ms=0
CAPTURE_CLOSED i=2604 epoch=45 pause_ms=0
CAPTURE_CLOSED i=2605 epoch=46 pause_ms=0
CAPTURE_CLOSED i=2606 epoch=47 pause_ms=0
CAPTURE_CLOSED i=2607 epoch=48 pause_ms=0
CAPTURE_CLOSED i=2608 epoch=49 pause_ms=0
CAPTURE_CLOSED i=2609 epoch=50 pause_ms=0
CAPTURE_CLOSED i=2610 epoch=51 pause_ms=0
CAPTURE_CLOSED i=2611 epoch=52 pause_ms=0
CAPTURE_CLOSED i=2612 epoch=53 pause_ms=0
CAPTURE_CLOSED i=2613 epoch=54 pause_ms=0
CAPTURE_CLOSED i=2614 epoch=55 pause_ms=0
CAPTURE_CLOSED i=2615 epoch=56 pause_ms=0
CAPTURE_CLOSED i=2616 epoch=57 pause_ms=0
CAPTURE_CLOSED i=2617 epoch=58 pause_ms=0
CAPTURE_CLOSED i=2618 epoch=59 pause_ms=0
CAPTURE_CLOSED i=2619 epoch=60 pause_ms=0
CAPTURE_CLOSED i=2620 epoch=61 pause_ms=0
CAPTURE_CLOSED i=2621 epoch=62 pause_ms=0
CAPTURE_CLOSED i=2622 epoch=63 pause_ms=0
CAPTURE_CLOSED i=2623 epoch=64 pause_ms=0
CAPTURE_CLOSED i=2624 epoch=65 pause_ms=0
CAPTURE_CLOSED i=2625 epoch=66 pause_ms=0
CAPTURE_CLOSED i=2626 epoch=67 pause_ms=0
CAPTURE_CLOSED i=2627 epoch=68 pause_ms=0
CAPTURE_CLOSED i=2628 epoch=69 pause_ms=0
CAPTURE_CLOSED i=2629 epoch=70 pause_ms=0
CAPTURE_CLOSED i=2630 epoch=71 pause_ms=0
CAPTURE_CLOSED i=2631 epoch=72 pause_ms=0
CAPTURE_CLOSED i=2632 epoch=73 pause_ms=0
CAPTURE_CLOSED i=2633 epoch=74 pause_ms=0
CAPTURE_CLOSED i=2634 epoch=75 pause_ms=0
CAPTURE_CLOSED i=2635 epoch=76 pause_ms=0
CAPTURE_CLOSED i=2636 epoch=77 pause_ms=0
CAPTURE_CLOSED i=2637 epoch=78 pause_ms=0
CAPTURE_CLOSED i=2638 epoch=79 pause_ms=0
CAPTURE_CLOSED i=2639 epoch=80 pause_ms=0
CAPTURE_CLOSED i=2640 epoch=81 pause_ms=0
CAPTURE_CLOSED i=2641 epoch=82 pause_ms=0
CAPTURE_CLOSED i=2642 epoch=83 pause_ms=0
CAPTURE_CLOSED i=2643 epoch=84 pause_ms=0
CAPTURE_CLOSED i=2644 epoch=85 pause_ms=0
CAPTURE_CLOSED i=2645 epoch=86 pause_ms=0
CAPTURE_CLOSED i=2646 epoch=87 pause_ms=0
CAPTURE_CLOSED i=2647 epoch=88 pause_ms=0
CAPTURE_CLOSED i=2648 epoch=89 pause_ms=0
CAPTURE_CLOSED i=2649 epoch=90 pause_ms=0
CAPTURE_CLOSED i=2650 epoch=91 pause_ms=0
CAPTURE_CLOSED i=2651 epoch=92 pause_ms=0
CAPTURE_CLOSED i=2652 epoch=93 pause_ms=0
CAPTURE_CLOSED i=2653 epoch=94 pause_ms=0
CAPTURE_CLOSED i=2654 epoch=95 pause_ms=0
CAPTURE_CLOSED i=2655 epoch=96 pause_ms=0
CAPTURE_CLOSED i=2656 epoch=97 pause_ms=0
CAPTURE_CLOSED i=2657 epoch=98 pause_ms=0
CAPTURE_CLOSED i=2658 epoch=99 pause_ms=0
CAPTURE_CLOSED i=2659 epoch=100 pause_ms=0
CAPTURE_CLOSED i=2660 epoch=101 pause_ms=0
CAPTURE_CLOSED i=2661 epoch=102 pause_ms=0
CAPTURE_CLOSED i=2662 epoch=103 pause_ms=0
CAPTURE_CLOSED i=2663 epoch=104 pause_ms=0
CAPTURE_CLOSED i=2664 epoch=105 pause_ms=0
CAPTURE_CLOSED i=2665 epoch=106 pause_ms=0
CAPTURE_CLOSED i=2666 epoch=107 pause_ms=0
CAPTURE_CLOSED i=2667 epoch=108 pause_ms=0
CAPTURE_CLOSED i=2668 epoch=109 pause_ms=0
CAPTURE_CLOSED i=2669 epoch=110 pause_ms=0
CAPTURE_CLOSED i=2670 epoch=111 pause_ms=0
CAPTURE_CLOSED i=2671 epoch=112 pause_ms=0
CAPTURE_CLOSED i=2672 epoch=113 pause_ms=0
CAPTURE_CLOSED i=2673 epoch=114 pause_ms=0
CAPTURE_CLOSED i=2674 epoch=115 pause_ms=0
CAPTURE_CLOSED i=2675 epoch=116 pause_ms=0
CAPTURE_CLOSED i=2676 epoch=117 pause_ms=0
CAPTURE_CLOSED i=2677 epoch=118 pause_ms=0
CAPTURE_CLOSED i=2678 epoch=119 pause_ms=0
CAPTURE_CLOSED i=2679 epoch=120 pause_ms=0
CAPTURE_CLOSED i=2680 epoch=121 pause_ms=0
CAPTURE_CLOSED i=2681 epoch=122 pause_ms=0
CAPTURE_CLOSED i=2682 epoch=123 pause_ms=0
CAPTURE_CLOSED i=2683 epoch=124 pause_ms=0
CAPTURE_CLOSED i=2684 epoch=125 pause_ms=0
CAPTURE_CLOSED i=2685 epoch=126 pause_ms=0
CAPTURE_CLOSED i=2686 epoch=127 pause_ms=0
CAPTURE_CLOSED i=2687 epoch=128 pause_ms=0
CAPTURE_CLOSED i=2688 epoch=129 pause_ms=0
CAPTURE_CLOSED i=2689 epoch=130 pause_ms=0
CAPTURE_CLOSED i=2690 epoch=131 pause_ms=0
CAPTURE_CLOSED i=2691 epoch=132 pause_ms=0
CAPTURE_CLOSED i=2692 epoch=133 pause_ms=0
CAPTURE_CLOSED i=2693 epoch=134 pause_ms=0
CAPTURE_CLOSED i=2694 epoch=135 pause_ms=0
CAPTURE_CLOSED i=2695 epoch=136 pause_ms=0
CAPTURE_CLOSED i=2696 epoch=137 pause_ms=0
CAPTURE_CLOSED i=2697 epoch=138 pause_ms=0
CAPTURE_CLOSED i=2698 epoch=139 pause_ms=0
TRACE_SPI txn=2700 writes=24 host_observed_write_us=15433.959 post_spi_to_tune_return_us=3364.720
CAPTURE_CLOSED i=2699 epoch=140 pause_ms=0
mode=BOTH progress=2700 unrecovered=0 first_read_faults=0 recovered=0 last_epoch=140
CAPTURE_CLOSED i=2700 epoch=141 pause_ms=0
CAPTURE_CLOSED i=2701 epoch=142 pause_ms=0
CAPTURE_CLOSED i=2702 epoch=143 pause_ms=0
CAPTURE_CLOSED i=2703 epoch=144 pause_ms=0
CAPTURE_CLOSED i=2704 epoch=145 pause_ms=0
CAPTURE_CLOSED i=2705 epoch=146 pause_ms=0
CAPTURE_CLOSED i=2706 epoch=147 pause_ms=0
CAPTURE_CLOSED i=2707 epoch=148 pause_ms=0
CAPTURE_CLOSED i=2708 epoch=149 pause_ms=0
CAPTURE_CLOSED i=2709 epoch=150 pause_ms=0
CAPTURE_CLOSED i=2710 epoch=151 pause_ms=0
CAPTURE_CLOSED i=2711 epoch=152 pause_ms=0
CAPTURE_CLOSED i=2712 epoch=153 pause_ms=0
CAPTURE_CLOSED i=2713 epoch=154 pause_ms=0
CAPTURE_CLOSED i=2714 epoch=155 pause_ms=0
CAPTURE_CLOSED i=2715 epoch=156 pause_ms=0
CAPTURE_CLOSED i=2716 epoch=157 pause_ms=0
CAPTURE_CLOSED i=2717 epoch=158 pause_ms=0
CAPTURE_CLOSED i=2718 epoch=159 pause_ms=0
CAPTURE_CLOSED i=2719 epoch=160 pause_ms=0
CAPTURE_CLOSED i=2720 epoch=161 pause_ms=0
CAPTURE_CLOSED i=2721 epoch=162 pause_ms=0
CAPTURE_CLOSED i=2722 epoch=163 pause_ms=0
CAPTURE_CLOSED i=2723 epoch=164 pause_ms=0
CAPTURE_CLOSED i=2724 epoch=165 pause_ms=0
CAPTURE_CLOSED i=2725 epoch=166 pause_ms=0
CAPTURE_CLOSED i=2726 epoch=167 pause_ms=0
CAPTURE_CLOSED i=2727 epoch=168 pause_ms=0
CAPTURE_CLOSED i=2728 epoch=169 pause_ms=0
CAPTURE_CLOSED i=2729 epoch=170 pause_ms=0
CAPTURE_CLOSED i=2730 epoch=171 pause_ms=0
CAPTURE_CLOSED i=2731 epoch=172 pause_ms=0
CAPTURE_CLOSED i=2732 epoch=173 pause_ms=0
CAPTURE_CLOSED i=2733 epoch=174 pause_ms=0
CAPTURE_CLOSED i=2734 epoch=175 pause_ms=0
CAPTURE_CLOSED i=2735 epoch=176 pause_ms=0
CAPTURE_CLOSED i=2736 epoch=177 pause_ms=0
CAPTURE_CLOSED i=2737 epoch=178 pause_ms=0
CAPTURE_CLOSED i=2738 epoch=179 pause_ms=0
CAPTURE_CLOSED i=2739 epoch=180 pause_ms=0
CAPTURE_CLOSED i=2740 epoch=181 pause_ms=0
CAPTURE_CLOSED i=2741 epoch=182 pause_ms=0
CAPTURE_CLOSED i=2742 epoch=183 pause_ms=0
CAPTURE_CLOSED i=2743 epoch=184 pause_ms=0
CAPTURE_CLOSED i=2744 epoch=185 pause_ms=0
CAPTURE_CLOSED i=2745 epoch=186 pause_ms=0
CAPTURE_CLOSED i=2746 epoch=187 pause_ms=0
CAPTURE_CLOSED i=2747 epoch=188 pause_ms=0
CAPTURE_CLOSED i=2748 epoch=189 pause_ms=0
CAPTURE_CLOSED i=2749 epoch=190 pause_ms=0
CAPTURE_CLOSED i=2750 epoch=191 pause_ms=0
CAPTURE_CLOSED i=2751 epoch=192 pause_ms=0
CAPTURE_CLOSED i=2752 epoch=193 pause_ms=0
CAPTURE_CLOSED i=2753 epoch=194 pause_ms=0
CAPTURE_CLOSED i=2754 epoch=195 pause_ms=0
CAPTURE_CLOSED i=2755 epoch=196 pause_ms=0
CAPTURE_CLOSED i=2756 epoch=197 pause_ms=0
CAPTURE_CLOSED i=2757 epoch=198 pause_ms=0
CAPTURE_CLOSED i=2758 epoch=199 pause_ms=0
CAPTURE_CLOSED i=2759 epoch=200 pause_ms=0
CAPTURE_CLOSED i=2760 epoch=201 pause_ms=0
CAPTURE_CLOSED i=2761 epoch=202 pause_ms=0
CAPTURE_CLOSED i=2762 epoch=203 pause_ms=0
CAPTURE_CLOSED i=2763 epoch=204 pause_ms=0
CAPTURE_CLOSED i=2764 epoch=205 pause_ms=0
CAPTURE_CLOSED i=2765 epoch=206 pause_ms=0
CAPTURE_CLOSED i=2766 epoch=207 pause_ms=0
CAPTURE_CLOSED i=2767 epoch=208 pause_ms=0
CAPTURE_CLOSED i=2768 epoch=209 pause_ms=0
CAPTURE_CLOSED i=2769 epoch=210 pause_ms=0
CAPTURE_CLOSED i=2770 epoch=211 pause_ms=0
CAPTURE_CLOSED i=2771 epoch=212 pause_ms=0
CAPTURE_CLOSED i=2772 epoch=213 pause_ms=0
CAPTURE_CLOSED i=2773 epoch=214 pause_ms=0
CAPTURE_CLOSED i=2774 epoch=215 pause_ms=0
CAPTURE_CLOSED i=2775 epoch=216 pause_ms=0
CAPTURE_CLOSED i=2776 epoch=217 pause_ms=0
CAPTURE_CLOSED i=2777 epoch=218 pause_ms=0
CAPTURE_CLOSED i=2778 epoch=219 pause_ms=0
CAPTURE_CLOSED i=2779 epoch=220 pause_ms=0
CAPTURE_CLOSED i=2780 epoch=221 pause_ms=0
CAPTURE_CLOSED i=2781 epoch=222 pause_ms=0
CAPTURE_CLOSED i=2782 epoch=223 pause_ms=0
CAPTURE_CLOSED i=2783 epoch=224 pause_ms=0
CAPTURE_CLOSED i=2784 epoch=225 pause_ms=0
CAPTURE_CLOSED i=2785 epoch=226 pause_ms=0
CAPTURE_CLOSED i=2786 epoch=227 pause_ms=0
CAPTURE_CLOSED i=2787 epoch=228 pause_ms=0
CAPTURE_CLOSED i=2788 epoch=229 pause_ms=0
CAPTURE_CLOSED i=2789 epoch=230 pause_ms=0
CAPTURE_CLOSED i=2790 epoch=231 pause_ms=0
CAPTURE_CLOSED i=2791 epoch=232 pause_ms=0
CAPTURE_CLOSED i=2792 epoch=233 pause_ms=0
CAPTURE_CLOSED i=2793 epoch=234 pause_ms=0
CAPTURE_CLOSED i=2794 epoch=235 pause_ms=0
CAPTURE_CLOSED i=2795 epoch=236 pause_ms=0
CAPTURE_CLOSED i=2796 epoch=237 pause_ms=0
CAPTURE_CLOSED i=2797 epoch=238 pause_ms=0
CAPTURE_CLOSED i=2798 epoch=239 pause_ms=0
TRACE_SPI txn=2800 writes=24 host_observed_write_us=15385.946 post_spi_to_tune_return_us=3408.125
CAPTURE_CLOSED i=2799 epoch=240 pause_ms=0
mode=BOTH progress=2800 unrecovered=0 first_read_faults=0 recovered=0 last_epoch=240
CAPTURE_CLOSED i=2800 epoch=241 pause_ms=0
CAPTURE_CLOSED i=2801 epoch=242 pause_ms=0
CAPTURE_CLOSED i=2802 epoch=243 pause_ms=0
CAPTURE_CLOSED i=2803 epoch=244 pause_ms=0
CAPTURE_CLOSED i=2804 epoch=245 pause_ms=0
CAPTURE_CLOSED i=2805 epoch=246 pause_ms=0
CAPTURE_CLOSED i=2806 epoch=247 pause_ms=0
CAPTURE_CLOSED i=2807 epoch=248 pause_ms=0
CAPTURE_CLOSED i=2808 epoch=249 pause_ms=0
CAPTURE_CLOSED i=2809 epoch=250 pause_ms=0
CAPTURE_CLOSED i=2810 epoch=251 pause_ms=0
CAPTURE_CLOSED i=2811 epoch=252 pause_ms=0
CAPTURE_CLOSED i=2812 epoch=253 pause_ms=0
CAPTURE_CLOSED i=2813 epoch=254 pause_ms=0
CAPTURE_CLOSED i=2814 epoch=255 pause_ms=0
CAPTURE_CLOSED i=2815 epoch=0 pause_ms=0
CAPTURE_CLOSED i=2816 epoch=1 pause_ms=0
CAPTURE_CLOSED i=2817 epoch=2 pause_ms=0
CAPTURE_CLOSED i=2818 epoch=3 pause_ms=0
CAPTURE_CLOSED i=2819 epoch=4 pause_ms=0
CAPTURE_CLOSED i=2820 epoch=5 pause_ms=0
CAPTURE_CLOSED i=2821 epoch=6 pause_ms=0
CAPTURE_CLOSED i=2822 epoch=7 pause_ms=0
CAPTURE_CLOSED i=2823 epoch=8 pause_ms=0
CAPTURE_CLOSED i=2824 epoch=9 pause_ms=0
CAPTURE_CLOSED i=2825 epoch=10 pause_ms=0
CAPTURE_CLOSED i=2826 epoch=11 pause_ms=0
CAPTURE_CLOSED i=2827 epoch=12 pause_ms=0
CAPTURE_CLOSED i=2828 epoch=13 pause_ms=0
CAPTURE_CLOSED i=2829 epoch=14 pause_ms=0
CAPTURE_CLOSED i=2830 epoch=15 pause_ms=0
CAPTURE_CLOSED i=2831 epoch=16 pause_ms=0
CAPTURE_CLOSED i=2832 epoch=17 pause_ms=0
CAPTURE_CLOSED i=2833 epoch=18 pause_ms=0
CAPTURE_CLOSED i=2834 epoch=19 pause_ms=0
CAPTURE_CLOSED i=2835 epoch=20 pause_ms=0
CAPTURE_CLOSED i=2836 epoch=21 pause_ms=0
CAPTURE_CLOSED i=2837 epoch=22 pause_ms=0
CAPTURE_CLOSED i=2838 epoch=23 pause_ms=0
CAPTURE_CLOSED i=2839 epoch=24 pause_ms=0
CAPTURE_CLOSED i=2840 epoch=25 pause_ms=0
CAPTURE_CLOSED i=2841 epoch=26 pause_ms=0
CAPTURE_CLOSED i=2842 epoch=27 pause_ms=0
CAPTURE_CLOSED i=2843 epoch=28 pause_ms=0
CAPTURE_CLOSED i=2844 epoch=29 pause_ms=0
CAPTURE_CLOSED i=2845 epoch=30 pause_ms=0
CAPTURE_CLOSED i=2846 epoch=31 pause_ms=0
CAPTURE_CLOSED i=2847 epoch=32 pause_ms=0
CAPTURE_CLOSED i=2848 epoch=33 pause_ms=0
CAPTURE_CLOSED i=2849 epoch=34 pause_ms=0
CAPTURE_CLOSED i=2850 epoch=35 pause_ms=0
CAPTURE_CLOSED i=2851 epoch=36 pause_ms=0
CAPTURE_CLOSED i=2852 epoch=37 pause_ms=0
CAPTURE_CLOSED i=2853 epoch=38 pause_ms=0
CAPTURE_CLOSED i=2854 epoch=39 pause_ms=0
CAPTURE_CLOSED i=2855 epoch=40 pause_ms=0
CAPTURE_CLOSED i=2856 epoch=41 pause_ms=0
CAPTURE_CLOSED i=2857 epoch=42 pause_ms=0
CAPTURE_CLOSED i=2858 epoch=43 pause_ms=0
CAPTURE_CLOSED i=2859 epoch=44 pause_ms=0
CAPTURE_CLOSED i=2860 epoch=45 pause_ms=0
CAPTURE_CLOSED i=2861 epoch=46 pause_ms=0
CAPTURE_CLOSED i=2862 epoch=47 pause_ms=0
CAPTURE_CLOSED i=2863 epoch=48 pause_ms=0
CAPTURE_CLOSED i=2864 epoch=49 pause_ms=0
CAPTURE_CLOSED i=2865 epoch=50 pause_ms=0
CAPTURE_CLOSED i=2866 epoch=51 pause_ms=0
CAPTURE_CLOSED i=2867 epoch=52 pause_ms=0
CAPTURE_CLOSED i=2868 epoch=53 pause_ms=0
CAPTURE_CLOSED i=2869 epoch=54 pause_ms=0
CAPTURE_CLOSED i=2870 epoch=55 pause_ms=0
CAPTURE_CLOSED i=2871 epoch=56 pause_ms=0
CAPTURE_CLOSED i=2872 epoch=57 pause_ms=0
CAPTURE_CLOSED i=2873 epoch=58 pause_ms=0
CAPTURE_CLOSED i=2874 epoch=59 pause_ms=0
CAPTURE_CLOSED i=2875 epoch=60 pause_ms=0
CAPTURE_CLOSED i=2876 epoch=61 pause_ms=0
CAPTURE_CLOSED i=2877 epoch=62 pause_ms=0
CAPTURE_CLOSED i=2878 epoch=63 pause_ms=0
CAPTURE_CLOSED i=2879 epoch=64 pause_ms=0
CAPTURE_CLOSED i=2880 epoch=65 pause_ms=0
CAPTURE_CLOSED i=2881 epoch=66 pause_ms=0
CAPTURE_CLOSED i=2882 epoch=67 pause_ms=0
CAPTURE_CLOSED i=2883 epoch=68 pause_ms=0
CAPTURE_CLOSED i=2884 epoch=69 pause_ms=0
CAPTURE_CLOSED i=2885 epoch=70 pause_ms=0
CAPTURE_CLOSED i=2886 epoch=71 pause_ms=0
CAPTURE_CLOSED i=2887 epoch=72 pause_ms=0
CAPTURE_CLOSED i=2888 epoch=73 pause_ms=0
CAPTURE_CLOSED i=2889 epoch=74 pause_ms=0
CAPTURE_CLOSED i=2890 epoch=75 pause_ms=0
CAPTURE_CLOSED i=2891 epoch=76 pause_ms=0
CAPTURE_CLOSED i=2892 epoch=77 pause_ms=0
CAPTURE_CLOSED i=2893 epoch=78 pause_ms=0
CAPTURE_CLOSED i=2894 epoch=79 pause_ms=0
CAPTURE_CLOSED i=2895 epoch=80 pause_ms=0
CAPTURE_CLOSED i=2896 epoch=81 pause_ms=0
CAPTURE_CLOSED i=2897 epoch=82 pause_ms=0
CAPTURE_CLOSED i=2898 epoch=83 pause_ms=0
TRACE_SPI txn=2900 writes=24 host_observed_write_us=15434.917 post_spi_to_tune_return_us=3408.187
CAPTURE_CLOSED i=2899 epoch=84 pause_ms=0
mode=BOTH progress=2900 unrecovered=0 first_read_faults=0 recovered=0 last_epoch=84
CAPTURE_CLOSED i=2900 epoch=85 pause_ms=0
CAPTURE_CLOSED i=2901 epoch=86 pause_ms=0
CAPTURE_CLOSED i=2902 epoch=87 pause_ms=0
CAPTURE_CLOSED i=2903 epoch=88 pause_ms=0
CAPTURE_CLOSED i=2904 epoch=89 pause_ms=0
CAPTURE_CLOSED i=2905 epoch=90 pause_ms=0
CAPTURE_CLOSED i=2906 epoch=91 pause_ms=0
CAPTURE_CLOSED i=2907 epoch=92 pause_ms=0
CAPTURE_CLOSED i=2908 epoch=93 pause_ms=0
CAPTURE_CLOSED i=2909 epoch=94 pause_ms=0
CAPTURE_CLOSED i=2910 epoch=95 pause_ms=0
CAPTURE_CLOSED i=2911 epoch=96 pause_ms=0
CAPTURE_CLOSED i=2912 epoch=97 pause_ms=0
CAPTURE_CLOSED i=2913 epoch=98 pause_ms=0
CAPTURE_CLOSED i=2914 epoch=99 pause_ms=0
CAPTURE_CLOSED i=2915 epoch=100 pause_ms=0
CAPTURE_CLOSED i=2916 epoch=101 pause_ms=0
CAPTURE_CLOSED i=2917 epoch=102 pause_ms=0
CAPTURE_CLOSED i=2918 epoch=103 pause_ms=0
CAPTURE_CLOSED i=2919 epoch=104 pause_ms=0
CAPTURE_CLOSED i=2920 epoch=105 pause_ms=0
CAPTURE_CLOSED i=2921 epoch=106 pause_ms=0
CAPTURE_CLOSED i=2922 epoch=107 pause_ms=0
CAPTURE_CLOSED i=2923 epoch=108 pause_ms=0
CAPTURE_CLOSED i=2924 epoch=109 pause_ms=0
CAPTURE_CLOSED i=2925 epoch=110 pause_ms=0
CAPTURE_CLOSED i=2926 epoch=111 pause_ms=0
CAPTURE_CLOSED i=2927 epoch=112 pause_ms=0
CAPTURE_CLOSED i=2928 epoch=113 pause_ms=0
CAPTURE_CLOSED i=2929 epoch=114 pause_ms=0
CAPTURE_CLOSED i=2930 epoch=115 pause_ms=0
CAPTURE_CLOSED i=2931 epoch=116 pause_ms=0
CAPTURE_CLOSED i=2932 epoch=117 pause_ms=0
CAPTURE_CLOSED i=2933 epoch=118 pause_ms=0
CAPTURE_CLOSED i=2934 epoch=119 pause_ms=0
CAPTURE_CLOSED i=2935 epoch=120 pause_ms=0
CAPTURE_CLOSED i=2936 epoch=121 pause_ms=0
CAPTURE_CLOSED i=2937 epoch=122 pause_ms=0
CAPTURE_CLOSED i=2938 epoch=123 pause_ms=0
CAPTURE_CLOSED i=2939 epoch=124 pause_ms=0
CAPTURE_CLOSED i=2940 epoch=125 pause_ms=0
CAPTURE_CLOSED i=2941 epoch=126 pause_ms=0
CAPTURE_CLOSED i=2942 epoch=127 pause_ms=0
CAPTURE_CLOSED i=2943 epoch=128 pause_ms=0
CAPTURE_CLOSED i=2944 epoch=129 pause_ms=0
CAPTURE_CLOSED i=2945 epoch=130 pause_ms=0
CAPTURE_CLOSED i=2946 epoch=131 pause_ms=0
CAPTURE_CLOSED i=2947 epoch=132 pause_ms=0
CAPTURE_CLOSED i=2948 epoch=133 pause_ms=0
CAPTURE_CLOSED i=2949 epoch=134 pause_ms=0
CAPTURE_CLOSED i=2950 epoch=135 pause_ms=0
CAPTURE_CLOSED i=2951 epoch=136 pause_ms=0
CAPTURE_CLOSED i=2952 epoch=137 pause_ms=0
CAPTURE_CLOSED i=2953 epoch=138 pause_ms=0
CAPTURE_CLOSED i=2954 epoch=139 pause_ms=0
CAPTURE_CLOSED i=2955 epoch=140 pause_ms=0
CAPTURE_CLOSED i=2956 epoch=141 pause_ms=0
CAPTURE_CLOSED i=2957 epoch=142 pause_ms=0
CAPTURE_CLOSED i=2958 epoch=143 pause_ms=0
CAPTURE_CLOSED i=2959 epoch=144 pause_ms=0
CAPTURE_CLOSED i=2960 epoch=145 pause_ms=0
CAPTURE_CLOSED i=2961 epoch=146 pause_ms=0
CAPTURE_CLOSED i=2962 epoch=147 pause_ms=0
CAPTURE_CLOSED i=2963 epoch=148 pause_ms=0
CAPTURE_CLOSED i=2964 epoch=149 pause_ms=0
CAPTURE_CLOSED i=2965 epoch=150 pause_ms=0
CAPTURE_CLOSED i=2966 epoch=151 pause_ms=0
CAPTURE_CLOSED i=2967 epoch=152 pause_ms=0
CAPTURE_CLOSED i=2968 epoch=153 pause_ms=0
CAPTURE_CLOSED i=2969 epoch=154 pause_ms=0
CAPTURE_CLOSED i=2970 epoch=155 pause_ms=0
CAPTURE_CLOSED i=2971 epoch=156 pause_ms=0
CAPTURE_CLOSED i=2972 epoch=157 pause_ms=0
CAPTURE_CLOSED i=2973 epoch=158 pause_ms=0
CAPTURE_CLOSED i=2974 epoch=159 pause_ms=0
CAPTURE_CLOSED i=2975 epoch=160 pause_ms=0
CAPTURE_CLOSED i=2976 epoch=161 pause_ms=0
CAPTURE_CLOSED i=2977 epoch=162 pause_ms=0
CAPTURE_CLOSED i=2978 epoch=163 pause_ms=0
CAPTURE_CLOSED i=2979 epoch=164 pause_ms=0
CAPTURE_CLOSED i=2980 epoch=165 pause_ms=0
CAPTURE_CLOSED i=2981 epoch=166 pause_ms=0
CAPTURE_CLOSED i=2982 epoch=167 pause_ms=0
CAPTURE_CLOSED i=2983 epoch=168 pause_ms=0
CAPTURE_CLOSED i=2984 epoch=169 pause_ms=0
CAPTURE_CLOSED i=2985 epoch=170 pause_ms=0
CAPTURE_CLOSED i=2986 epoch=171 pause_ms=0
CAPTURE_CLOSED i=2987 epoch=172 pause_ms=0
CAPTURE_CLOSED i=2988 epoch=173 pause_ms=0
CAPTURE_CLOSED i=2989 epoch=174 pause_ms=0
CAPTURE_CLOSED i=2990 epoch=175 pause_ms=0
CAPTURE_CLOSED i=2991 epoch=176 pause_ms=0
CAPTURE_CLOSED i=2992 epoch=177 pause_ms=0
CAPTURE_CLOSED i=2993 epoch=178 pause_ms=0
CAPTURE_CLOSED i=2994 epoch=179 pause_ms=0
CAPTURE_CLOSED i=2995 epoch=180 pause_ms=0
CAPTURE_CLOSED i=2996 epoch=181 pause_ms=0
CAPTURE_CLOSED i=2997 epoch=182 pause_ms=0
CAPTURE_CLOSED i=2998 epoch=183 pause_ms=0
TRACE_SPI txn=3000 writes=24 host_observed_write_us=17076.515 post_spi_to_tune_return_us=3462.538
CAPTURE_CLOSED i=2999 epoch=184 pause_ms=0
mode=BOTH progress=3000 unrecovered=0 first_read_faults=0 recovered=0 last_epoch=184
CAPTURE_CLOSED i=3000 epoch=185 pause_ms=0
CAPTURE_CLOSED i=3001 epoch=186 pause_ms=0
CAPTURE_CLOSED i=3002 epoch=187 pause_ms=0
CAPTURE_CLOSED i=3003 epoch=188 pause_ms=0
CAPTURE_CLOSED i=3004 epoch=189 pause_ms=0
CAPTURE_CLOSED i=3005 epoch=190 pause_ms=0
CAPTURE_CLOSED i=3006 epoch=191 pause_ms=0
CAPTURE_CLOSED i=3007 epoch=192 pause_ms=0
CAPTURE_CLOSED i=3008 epoch=193 pause_ms=0
CAPTURE_CLOSED i=3009 epoch=194 pause_ms=0
CAPTURE_CLOSED i=3010 epoch=195 pause_ms=0
CAPTURE_CLOSED i=3011 epoch=196 pause_ms=0
CAPTURE_CLOSED i=3012 epoch=197 pause_ms=0
CAPTURE_CLOSED i=3013 epoch=198 pause_ms=0
CAPTURE_CLOSED i=3014 epoch=199 pause_ms=0
CAPTURE_CLOSED i=3015 epoch=200 pause_ms=0
CAPTURE_CLOSED i=3016 epoch=201 pause_ms=0
CAPTURE_CLOSED i=3017 epoch=202 pause_ms=0
CAPTURE_CLOSED i=3018 epoch=203 pause_ms=0
CAPTURE_CLOSED i=3019 epoch=204 pause_ms=0
CAPTURE_CLOSED i=3020 epoch=205 pause_ms=0
CAPTURE_CLOSED i=3021 epoch=206 pause_ms=0
CAPTURE_CLOSED i=3022 epoch=207 pause_ms=0
CAPTURE_CLOSED i=3023 epoch=208 pause_ms=0
CAPTURE_CLOSED i=3024 epoch=209 pause_ms=0
CAPTURE_CLOSED i=3025 epoch=210 pause_ms=0
CAPTURE_CLOSED i=3026 epoch=211 pause_ms=0
CAPTURE_CLOSED i=3027 epoch=212 pause_ms=0
CAPTURE_CLOSED i=3028 epoch=213 pause_ms=0
CAPTURE_CLOSED i=3029 epoch=214 pause_ms=0
CAPTURE_CLOSED i=3030 epoch=215 pause_ms=0
CAPTURE_CLOSED i=3031 epoch=216 pause_ms=0
CAPTURE_CLOSED i=3032 epoch=217 pause_ms=0
CAPTURE_CLOSED i=3033 epoch=218 pause_ms=0
CAPTURE_CLOSED i=3034 epoch=219 pause_ms=0
CAPTURE_CLOSED i=3035 epoch=220 pause_ms=0
CAPTURE_CLOSED i=3036 epoch=221 pause_ms=0
CAPTURE_CLOSED i=3037 epoch=222 pause_ms=0
CAPTURE_CLOSED i=3038 epoch=223 pause_ms=0
CAPTURE_CLOSED i=3039 epoch=224 pause_ms=0
CAPTURE_CLOSED i=3040 epoch=225 pause_ms=0
CAPTURE_CLOSED i=3041 epoch=226 pause_ms=0
CAPTURE_CLOSED i=3042 epoch=227 pause_ms=0
CAPTURE_CLOSED i=3043 epoch=228 pause_ms=0
CAPTURE_CLOSED i=3044 epoch=229 pause_ms=0
CAPTURE_CLOSED i=3045 epoch=230 pause_ms=0
CAPTURE_CLOSED i=3046 epoch=231 pause_ms=0
CAPTURE_CLOSED i=3047 epoch=232 pause_ms=0
CAPTURE_CLOSED i=3048 epoch=233 pause_ms=0
CAPTURE_CLOSED i=3049 epoch=234 pause_ms=0
CAPTURE_CLOSED i=3050 epoch=235 pause_ms=0
CAPTURE_CLOSED i=3051 epoch=236 pause_ms=0
CAPTURE_CLOSED i=3052 epoch=237 pause_ms=0
CAPTURE_CLOSED i=3053 epoch=238 pause_ms=0
CAPTURE_CLOSED i=3054 epoch=239 pause_ms=0
CAPTURE_CLOSED i=3055 epoch=240 pause_ms=0
CAPTURE_CLOSED i=3056 epoch=241 pause_ms=0
CAPTURE_CLOSED i=3057 epoch=242 pause_ms=0
CAPTURE_CLOSED i=3058 epoch=243 pause_ms=0
CAPTURE_CLOSED i=3059 epoch=244 pause_ms=0
CAPTURE_CLOSED i=3060 epoch=245 pause_ms=0
CAPTURE_CLOSED i=3061 epoch=246 pause_ms=0
CAPTURE_CLOSED i=3062 epoch=247 pause_ms=0
CAPTURE_CLOSED i=3063 epoch=248 pause_ms=0
CAPTURE_CLOSED i=3064 epoch=249 pause_ms=0
CAPTURE_CLOSED i=3065 epoch=250 pause_ms=0
CAPTURE_CLOSED i=3066 epoch=251 pause_ms=0
CAPTURE_CLOSED i=3067 epoch=252 pause_ms=0
CAPTURE_CLOSED i=3068 epoch=253 pause_ms=0
CAPTURE_CLOSED i=3069 epoch=254 pause_ms=0
CAPTURE_CLOSED i=3070 epoch=255 pause_ms=0
CAPTURE_CLOSED i=3071 epoch=0 pause_ms=0
CAPTURE_CLOSED i=3072 epoch=1 pause_ms=0
CAPTURE_CLOSED i=3073 epoch=2 pause_ms=0
CAPTURE_CLOSED i=3074 epoch=3 pause_ms=0
CAPTURE_CLOSED i=3075 epoch=4 pause_ms=0
CAPTURE_CLOSED i=3076 epoch=5 pause_ms=0
CAPTURE_CLOSED i=3077 epoch=6 pause_ms=0
CAPTURE_CLOSED i=3078 epoch=7 pause_ms=0
CAPTURE_CLOSED i=3079 epoch=8 pause_ms=0
CAPTURE_CLOSED i=3080 epoch=9 pause_ms=0
CAPTURE_CLOSED i=3081 epoch=10 pause_ms=0
CAPTURE_CLOSED i=3082 epoch=11 pause_ms=0
CAPTURE_CLOSED i=3083 epoch=12 pause_ms=0
CAPTURE_CLOSED i=3084 epoch=13 pause_ms=0
CAPTURE_CLOSED i=3085 epoch=14 pause_ms=0
CAPTURE_CLOSED i=3086 epoch=15 pause_ms=0
CAPTURE_CLOSED i=3087 epoch=16 pause_ms=0
CAPTURE_CLOSED i=3088 epoch=17 pause_ms=0
CAPTURE_CLOSED i=3089 epoch=18 pause_ms=0
CAPTURE_CLOSED i=3090 epoch=19 pause_ms=0
CAPTURE_CLOSED i=3091 epoch=20 pause_ms=0
CAPTURE_CLOSED i=3092 epoch=21 pause_ms=0
CAPTURE_CLOSED i=3093 epoch=22 pause_ms=0
CAPTURE_CLOSED i=3094 epoch=23 pause_ms=0
CAPTURE_CLOSED i=3095 epoch=24 pause_ms=0
CAPTURE_CLOSED i=3096 epoch=25 pause_ms=0
CAPTURE_CLOSED i=3097 epoch=26 pause_ms=0
CAPTURE_CLOSED i=3098 epoch=27 pause_ms=0
TRACE_SPI txn=3100 writes=24 host_observed_write_us=15921.064 post_spi_to_tune_return_us=3571.560
CAPTURE_CLOSED i=3099 epoch=28 pause_ms=0
mode=BOTH progress=3100 unrecovered=0 first_read_faults=0 recovered=0 last_epoch=28
CAPTURE_CLOSED i=3100 epoch=29 pause_ms=0
CAPTURE_CLOSED i=3101 epoch=30 pause_ms=0
CAPTURE_CLOSED i=3102 epoch=31 pause_ms=0
CAPTURE_CLOSED i=3103 epoch=32 pause_ms=0
CAPTURE_CLOSED i=3104 epoch=33 pause_ms=0
CAPTURE_CLOSED i=3105 epoch=34 pause_ms=0
CAPTURE_CLOSED i=3106 epoch=35 pause_ms=0
CAPTURE_CLOSED i=3107 epoch=36 pause_ms=0
CAPTURE_CLOSED i=3108 epoch=37 pause_ms=0
CAPTURE_CLOSED i=3109 epoch=38 pause_ms=0
CAPTURE_CLOSED i=3110 epoch=39 pause_ms=0
CAPTURE_CLOSED i=3111 epoch=40 pause_ms=0
CAPTURE_CLOSED i=3112 epoch=41 pause_ms=0
CAPTURE_CLOSED i=3113 epoch=42 pause_ms=0
CAPTURE_CLOSED i=3114 epoch=43 pause_ms=0
CAPTURE_CLOSED i=3115 epoch=44 pause_ms=0
CAPTURE_CLOSED i=3116 epoch=45 pause_ms=0
CAPTURE_CLOSED i=3117 epoch=46 pause_ms=0
CAPTURE_CLOSED i=3118 epoch=47 pause_ms=0
CAPTURE_CLOSED i=3119 epoch=48 pause_ms=0
CAPTURE_CLOSED i=3120 epoch=49 pause_ms=0
CAPTURE_CLOSED i=3121 epoch=50 pause_ms=0
CAPTURE_CLOSED i=3122 epoch=51 pause_ms=0
CAPTURE_CLOSED i=3123 epoch=52 pause_ms=0
CAPTURE_CLOSED i=3124 epoch=53 pause_ms=0
CAPTURE_CLOSED i=3125 epoch=54 pause_ms=0
CAPTURE_CLOSED i=3126 epoch=55 pause_ms=0
CAPTURE_CLOSED i=3127 epoch=56 pause_ms=0
CAPTURE_CLOSED i=3128 epoch=57 pause_ms=0
CAPTURE_CLOSED i=3129 epoch=58 pause_ms=0
CAPTURE_CLOSED i=3130 epoch=59 pause_ms=0
CAPTURE_CLOSED i=3131 epoch=60 pause_ms=0
CAPTURE_CLOSED i=3132 epoch=61 pause_ms=0
CAPTURE_CLOSED i=3133 epoch=62 pause_ms=0
CAPTURE_CLOSED i=3134 epoch=63 pause_ms=0
CAPTURE_CLOSED i=3135 epoch=64 pause_ms=0
CAPTURE_CLOSED i=3136 epoch=65 pause_ms=0
CAPTURE_CLOSED i=3137 epoch=66 pause_ms=0
CAPTURE_CLOSED i=3138 epoch=67 pause_ms=0
CAPTURE_CLOSED i=3139 epoch=68 pause_ms=0
CAPTURE_CLOSED i=3140 epoch=69 pause_ms=0
CAPTURE_CLOSED i=3141 epoch=70 pause_ms=0
CAPTURE_CLOSED i=3142 epoch=71 pause_ms=0
CAPTURE_CLOSED i=3143 epoch=72 pause_ms=0
CAPTURE_CLOSED i=3144 epoch=73 pause_ms=0
CAPTURE_CLOSED i=3145 epoch=74 pause_ms=0
CAPTURE_CLOSED i=3146 epoch=75 pause_ms=0
CAPTURE_CLOSED i=3147 epoch=76 pause_ms=0
CAPTURE_CLOSED i=3148 epoch=77 pause_ms=0
CAPTURE_CLOSED i=3149 epoch=78 pause_ms=0
CAPTURE_CLOSED i=3150 epoch=79 pause_ms=0
CAPTURE_CLOSED i=3151 epoch=80 pause_ms=0
CAPTURE_CLOSED i=3152 epoch=81 pause_ms=0
CAPTURE_CLOSED i=3153 epoch=82 pause_ms=0
CAPTURE_CLOSED i=3154 epoch=83 pause_ms=0
CAPTURE_CLOSED i=3155 epoch=84 pause_ms=0
CAPTURE_CLOSED i=3156 epoch=85 pause_ms=0
CAPTURE_CLOSED i=3157 epoch=86 pause_ms=0
CAPTURE_CLOSED i=3158 epoch=87 pause_ms=0
CAPTURE_CLOSED i=3159 epoch=88 pause_ms=0
CAPTURE_CLOSED i=3160 epoch=89 pause_ms=0
CAPTURE_CLOSED i=3161 epoch=90 pause_ms=0
CAPTURE_CLOSED i=3162 epoch=91 pause_ms=0
CAPTURE_CLOSED i=3163 epoch=92 pause_ms=0
CAPTURE_CLOSED i=3164 epoch=93 pause_ms=0
CAPTURE_CLOSED i=3165 epoch=94 pause_ms=0
CAPTURE_CLOSED i=3166 epoch=95 pause_ms=0
CAPTURE_CLOSED i=3167 epoch=96 pause_ms=0
CAPTURE_CLOSED i=3168 epoch=97 pause_ms=0
CAPTURE_CLOSED i=3169 epoch=98 pause_ms=0
CAPTURE_CLOSED i=3170 epoch=99 pause_ms=0
CAPTURE_CLOSED i=3171 epoch=100 pause_ms=0
CAPTURE_CLOSED i=3172 epoch=101 pause_ms=0
CAPTURE_CLOSED i=3173 epoch=102 pause_ms=0
CAPTURE_CLOSED i=3174 epoch=103 pause_ms=0
CAPTURE_CLOSED i=3175 epoch=104 pause_ms=0
CAPTURE_CLOSED i=3176 epoch=105 pause_ms=0
CAPTURE_CLOSED i=3177 epoch=106 pause_ms=0
CAPTURE_CLOSED i=3178 epoch=107 pause_ms=0
CAPTURE_CLOSED i=3179 epoch=108 pause_ms=0
CAPTURE_CLOSED i=3180 epoch=109 pause_ms=0
CAPTURE_CLOSED i=3181 epoch=110 pause_ms=0
CAPTURE_CLOSED i=3182 epoch=111 pause_ms=0
CAPTURE_CLOSED i=3183 epoch=112 pause_ms=0
CAPTURE_CLOSED i=3184 epoch=113 pause_ms=0
CAPTURE_CLOSED i=3185 epoch=114 pause_ms=0
CAPTURE_CLOSED i=3186 epoch=115 pause_ms=0
CAPTURE_CLOSED i=3187 epoch=116 pause_ms=0
CAPTURE_CLOSED i=3188 epoch=117 pause_ms=0
CAPTURE_CLOSED i=3189 epoch=118 pause_ms=0
CAPTURE_CLOSED i=3190 epoch=119 pause_ms=0
CAPTURE_CLOSED i=3191 epoch=120 pause_ms=0
CAPTURE_CLOSED i=3192 epoch=121 pause_ms=0
CAPTURE_CLOSED i=3193 epoch=122 pause_ms=0
CAPTURE_CLOSED i=3194 epoch=123 pause_ms=0
CAPTURE_CLOSED i=3195 epoch=124 pause_ms=0
CAPTURE_CLOSED i=3196 epoch=125 pause_ms=0
CAPTURE_CLOSED i=3197 epoch=126 pause_ms=0
CAPTURE_CLOSED i=3198 epoch=127 pause_ms=0
TRACE_SPI txn=3200 writes=24 host_observed_write_us=15923.532 post_spi_to_tune_return_us=3372.467
CAPTURE_CLOSED i=3199 epoch=128 pause_ms=0
mode=BOTH progress=3200 unrecovered=0 first_read_faults=0 recovered=0 last_epoch=128
CAPTURE_CLOSED i=3200 epoch=129 pause_ms=0
CAPTURE_CLOSED i=3201 epoch=130 pause_ms=0
CAPTURE_CLOSED i=3202 epoch=131 pause_ms=0
CAPTURE_CLOSED i=3203 epoch=132 pause_ms=0
CAPTURE_CLOSED i=3204 epoch=133 pause_ms=0
CAPTURE_CLOSED i=3205 epoch=134 pause_ms=0
CAPTURE_CLOSED i=3206 epoch=135 pause_ms=0
CAPTURE_CLOSED i=3207 epoch=136 pause_ms=0
CAPTURE_CLOSED i=3208 epoch=137 pause_ms=0
CAPTURE_CLOSED i=3209 epoch=138 pause_ms=0
CAPTURE_CLOSED i=3210 epoch=139 pause_ms=0
CAPTURE_CLOSED i=3211 epoch=140 pause_ms=0
CAPTURE_CLOSED i=3212 epoch=141 pause_ms=0
CAPTURE_CLOSED i=3213 epoch=142 pause_ms=0
CAPTURE_CLOSED i=3214 epoch=143 pause_ms=0
CAPTURE_CLOSED i=3215 epoch=144 pause_ms=0
CAPTURE_CLOSED i=3216 epoch=145 pause_ms=0
CAPTURE_CLOSED i=3217 epoch=146 pause_ms=0
CAPTURE_CLOSED i=3218 epoch=147 pause_ms=0
CAPTURE_CLOSED i=3219 epoch=148 pause_ms=0
CAPTURE_CLOSED i=3220 epoch=149 pause_ms=0
CAPTURE_CLOSED i=3221 epoch=150 pause_ms=0
CAPTURE_CLOSED i=3222 epoch=151 pause_ms=0
CAPTURE_CLOSED i=3223 epoch=152 pause_ms=0
CAPTURE_CLOSED i=3224 epoch=153 pause_ms=0
CAPTURE_CLOSED i=3225 epoch=154 pause_ms=0
CAPTURE_CLOSED i=3226 epoch=155 pause_ms=0
CAPTURE_CLOSED i=3227 epoch=156 pause_ms=0
CAPTURE_CLOSED i=3228 epoch=157 pause_ms=0
CAPTURE_CLOSED i=3229 epoch=158 pause_ms=0
CAPTURE_CLOSED i=3230 epoch=159 pause_ms=0
CAPTURE_CLOSED i=3231 epoch=160 pause_ms=0
CAPTURE_CLOSED i=3232 epoch=161 pause_ms=0
CAPTURE_CLOSED i=3233 epoch=162 pause_ms=0
CAPTURE_CLOSED i=3234 epoch=163 pause_ms=0
CAPTURE_CLOSED i=3235 epoch=164 pause_ms=0
CAPTURE_CLOSED i=3236 epoch=165 pause_ms=0
CAPTURE_CLOSED i=3237 epoch=166 pause_ms=0
CAPTURE_CLOSED i=3238 epoch=167 pause_ms=0
CAPTURE_CLOSED i=3239 epoch=168 pause_ms=0
CAPTURE_CLOSED i=3240 epoch=169 pause_ms=0
CAPTURE_CLOSED i=3241 epoch=170 pause_ms=0
CAPTURE_CLOSED i=3242 epoch=171 pause_ms=0
CAPTURE_CLOSED i=3243 epoch=172 pause_ms=0
CAPTURE_CLOSED i=3244 epoch=173 pause_ms=0
CAPTURE_CLOSED i=3245 epoch=174 pause_ms=0
CAPTURE_CLOSED i=3246 epoch=175 pause_ms=0
CAPTURE_CLOSED i=3247 epoch=176 pause_ms=0
CAPTURE_CLOSED i=3248 epoch=177 pause_ms=0
CAPTURE_CLOSED i=3249 epoch=178 pause_ms=0
CAPTURE_CLOSED i=3250 epoch=179 pause_ms=0
CAPTURE_CLOSED i=3251 epoch=180 pause_ms=0
CAPTURE_CLOSED i=3252 epoch=181 pause_ms=0
CAPTURE_CLOSED i=3253 epoch=182 pause_ms=0
CAPTURE_CLOSED i=3254 epoch=183 pause_ms=0
CAPTURE_CLOSED i=3255 epoch=184 pause_ms=0
CAPTURE_CLOSED i=3256 epoch=185 pause_ms=0
CAPTURE_CLOSED i=3257 epoch=186 pause_ms=0
CAPTURE_CLOSED i=3258 epoch=187 pause_ms=0
CAPTURE_CLOSED i=3259 epoch=188 pause_ms=0
CAPTURE_CLOSED i=3260 epoch=189 pause_ms=0
CAPTURE_CLOSED i=3261 epoch=190 pause_ms=0
CAPTURE_CLOSED i=3262 epoch=191 pause_ms=0
CAPTURE_CLOSED i=3263 epoch=192 pause_ms=0
CAPTURE_CLOSED i=3264 epoch=193 pause_ms=0
CAPTURE_CLOSED i=3265 epoch=194 pause_ms=0
CAPTURE_CLOSED i=3266 epoch=195 pause_ms=0
CAPTURE_CLOSED i=3267 epoch=196 pause_ms=0
CAPTURE_CLOSED i=3268 epoch=197 pause_ms=0
CAPTURE_CLOSED i=3269 epoch=198 pause_ms=0
CAPTURE_CLOSED i=3270 epoch=199 pause_ms=0
CAPTURE_CLOSED i=3271 epoch=200 pause_ms=0
CAPTURE_CLOSED i=3272 epoch=201 pause_ms=0
CAPTURE_CLOSED i=3273 epoch=202 pause_ms=0
CAPTURE_CLOSED i=3274 epoch=203 pause_ms=0
CAPTURE_CLOSED i=3275 epoch=204 pause_ms=0
CAPTURE_CLOSED i=3276 epoch=205 pause_ms=0
CAPTURE_CLOSED i=3277 epoch=206 pause_ms=0
CAPTURE_CLOSED i=3278 epoch=207 pause_ms=0
CAPTURE_CLOSED i=3279 epoch=208 pause_ms=0
CAPTURE_CLOSED i=3280 epoch=209 pause_ms=0
CAPTURE_CLOSED i=3281 epoch=210 pause_ms=0
CAPTURE_CLOSED i=3282 epoch=211 pause_ms=0
CAPTURE_CLOSED i=3283 epoch=212 pause_ms=0
CAPTURE_CLOSED i=3284 epoch=213 pause_ms=0
CAPTURE_CLOSED i=3285 epoch=214 pause_ms=0
CAPTURE_CLOSED i=3286 epoch=215 pause_ms=0
CAPTURE_CLOSED i=3287 epoch=216 pause_ms=0
CAPTURE_CLOSED i=3288 epoch=217 pause_ms=0
CAPTURE_CLOSED i=3289 epoch=218 pause_ms=0
CAPTURE_CLOSED i=3290 epoch=219 pause_ms=0
CAPTURE_CLOSED i=3291 epoch=220 pause_ms=0
CAPTURE_CLOSED i=3292 epoch=221 pause_ms=0
CAPTURE_CLOSED i=3293 epoch=222 pause_ms=0
CAPTURE_CLOSED i=3294 epoch=223 pause_ms=0
CAPTURE_CLOSED i=3295 epoch=224 pause_ms=0
CAPTURE_CLOSED i=3296 epoch=225 pause_ms=0
CAPTURE_CLOSED i=3297 epoch=226 pause_ms=0
CAPTURE_CLOSED i=3298 epoch=227 pause_ms=0
TRACE_SPI txn=3300 writes=24 host_observed_write_us=15433.814 post_spi_to_tune_return_us=3506.198
CAPTURE_CLOSED i=3299 epoch=228 pause_ms=0
mode=BOTH progress=3300 unrecovered=0 first_read_faults=0 recovered=0 last_epoch=228
CAPTURE_CLOSED i=3300 epoch=229 pause_ms=0
CAPTURE_CLOSED i=3301 epoch=230 pause_ms=0
CAPTURE_CLOSED i=3302 epoch=231 pause_ms=0
CAPTURE_CLOSED i=3303 epoch=232 pause_ms=0
CAPTURE_CLOSED i=3304 epoch=233 pause_ms=0
CAPTURE_CLOSED i=3305 epoch=234 pause_ms=0
CAPTURE_CLOSED i=3306 epoch=235 pause_ms=0
CAPTURE_CLOSED i=3307 epoch=236 pause_ms=0
CAPTURE_CLOSED i=3308 epoch=237 pause_ms=0
CAPTURE_CLOSED i=3309 epoch=238 pause_ms=0
CAPTURE_CLOSED i=3310 epoch=239 pause_ms=0
CAPTURE_CLOSED i=3311 epoch=240 pause_ms=0
CAPTURE_CLOSED i=3312 epoch=241 pause_ms=0
CAPTURE_CLOSED i=3313 epoch=242 pause_ms=0
CAPTURE_CLOSED i=3314 epoch=243 pause_ms=0
CAPTURE_CLOSED i=3315 epoch=244 pause_ms=0
CAPTURE_CLOSED i=3316 epoch=245 pause_ms=0
CAPTURE_CLOSED i=3317 epoch=246 pause_ms=0
CAPTURE_CLOSED i=3318 epoch=247 pause_ms=0
CAPTURE_CLOSED i=3319 epoch=248 pause_ms=0
CAPTURE_CLOSED i=3320 epoch=249 pause_ms=0
CAPTURE_CLOSED i=3321 epoch=250 pause_ms=0
CAPTURE_CLOSED i=3322 epoch=251 pause_ms=0
CAPTURE_CLOSED i=3323 epoch=252 pause_ms=0
CAPTURE_CLOSED i=3324 epoch=253 pause_ms=0
CAPTURE_CLOSED i=3325 epoch=254 pause_ms=0
CAPTURE_CLOSED i=3326 epoch=255 pause_ms=0
CAPTURE_CLOSED i=3327 epoch=0 pause_ms=0
CAPTURE_CLOSED i=3328 epoch=1 pause_ms=0
CAPTURE_CLOSED i=3329 epoch=2 pause_ms=0
CAPTURE_CLOSED i=3330 epoch=3 pause_ms=0
CAPTURE_CLOSED i=3331 epoch=4 pause_ms=0
CAPTURE_CLOSED i=3332 epoch=5 pause_ms=0
CAPTURE_CLOSED i=3333 epoch=6 pause_ms=0
CAPTURE_CLOSED i=3334 epoch=7 pause_ms=0
CAPTURE_CLOSED i=3335 epoch=8 pause_ms=0
CAPTURE_CLOSED i=3336 epoch=9 pause_ms=0
CAPTURE_CLOSED i=3337 epoch=10 pause_ms=0
CAPTURE_CLOSED i=3338 epoch=11 pause_ms=0
CAPTURE_CLOSED i=3339 epoch=12 pause_ms=0
CAPTURE_CLOSED i=3340 epoch=13 pause_ms=0
CAPTURE_CLOSED i=3341 epoch=14 pause_ms=0
CAPTURE_CLOSED i=3342 epoch=15 pause_ms=0
CAPTURE_CLOSED i=3343 epoch=16 pause_ms=0
CAPTURE_CLOSED i=3344 epoch=17 pause_ms=0
CAPTURE_CLOSED i=3345 epoch=18 pause_ms=0
CAPTURE_CLOSED i=3346 epoch=19 pause_ms=0
CAPTURE_CLOSED i=3347 epoch=20 pause_ms=0
CAPTURE_CLOSED i=3348 epoch=21 pause_ms=0
CAPTURE_CLOSED i=3349 epoch=22 pause_ms=0
CAPTURE_CLOSED i=3350 epoch=23 pause_ms=0
CAPTURE_CLOSED i=3351 epoch=24 pause_ms=0
CAPTURE_CLOSED i=3352 epoch=25 pause_ms=0
CAPTURE_CLOSED i=3353 epoch=26 pause_ms=0
CAPTURE_CLOSED i=3354 epoch=27 pause_ms=0
CAPTURE_CLOSED i=3355 epoch=28 pause_ms=0
CAPTURE_CLOSED i=3356 epoch=29 pause_ms=0
CAPTURE_CLOSED i=3357 epoch=30 pause_ms=0
CAPTURE_CLOSED i=3358 epoch=31 pause_ms=0
CAPTURE_CLOSED i=3359 epoch=32 pause_ms=0
CAPTURE_CLOSED i=3360 epoch=33 pause_ms=0
CAPTURE_CLOSED i=3361 epoch=34 pause_ms=0
CAPTURE_CLOSED i=3362 epoch=35 pause_ms=0
CAPTURE_CLOSED i=3363 epoch=36 pause_ms=0
CAPTURE_CLOSED i=3364 epoch=37 pause_ms=0
CAPTURE_CLOSED i=3365 epoch=38 pause_ms=0
CAPTURE_CLOSED i=3366 epoch=39 pause_ms=0
CAPTURE_CLOSED i=3367 epoch=40 pause_ms=0
CAPTURE_CLOSED i=3368 epoch=41 pause_ms=0
CAPTURE_CLOSED i=3369 epoch=42 pause_ms=0
CAPTURE_CLOSED i=3370 epoch=43 pause_ms=0
CAPTURE_CLOSED i=3371 epoch=44 pause_ms=0
CAPTURE_CLOSED i=3372 epoch=45 pause_ms=0
CAPTURE_CLOSED i=3373 epoch=46 pause_ms=0
CAPTURE_CLOSED i=3374 epoch=47 pause_ms=0
CAPTURE_CLOSED i=3375 epoch=48 pause_ms=0
CAPTURE_CLOSED i=3376 epoch=49 pause_ms=0
CAPTURE_CLOSED i=3377 epoch=50 pause_ms=0
CAPTURE_CLOSED i=3378 epoch=51 pause_ms=0
CAPTURE_CLOSED i=3379 epoch=52 pause_ms=0
CAPTURE_CLOSED i=3380 epoch=53 pause_ms=0
CAPTURE_CLOSED i=3381 epoch=54 pause_ms=0
CAPTURE_CLOSED i=3382 epoch=55 pause_ms=0
CAPTURE_CLOSED i=3383 epoch=56 pause_ms=0
CAPTURE_CLOSED i=3384 epoch=57 pause_ms=0
CAPTURE_CLOSED i=3385 epoch=58 pause_ms=0
CAPTURE_CLOSED i=3386 epoch=59 pause_ms=0
CAPTURE_CLOSED i=3387 epoch=60 pause_ms=0
CAPTURE_CLOSED i=3388 epoch=61 pause_ms=0
CAPTURE_CLOSED i=3389 epoch=62 pause_ms=0
CAPTURE_CLOSED i=3390 epoch=63 pause_ms=0
CAPTURE_CLOSED i=3391 epoch=64 pause_ms=0
CAPTURE_CLOSED i=3392 epoch=65 pause_ms=0
CAPTURE_CLOSED i=3393 epoch=66 pause_ms=0
CAPTURE_CLOSED i=3394 epoch=67 pause_ms=0
CAPTURE_CLOSED i=3395 epoch=68 pause_ms=0
CAPTURE_CLOSED i=3396 epoch=69 pause_ms=0
CAPTURE_CLOSED i=3397 epoch=70 pause_ms=0
CAPTURE_CLOSED i=3398 epoch=71 pause_ms=0
TRACE_SPI txn=3400 writes=24 host_observed_write_us=15611.651 post_spi_to_tune_return_us=3550.727
CAPTURE_CLOSED i=3399 epoch=72 pause_ms=0
mode=BOTH progress=3400 unrecovered=0 first_read_faults=0 recovered=0 last_epoch=72
CAPTURE_CLOSED i=3400 epoch=73 pause_ms=0
CAPTURE_CLOSED i=3401 epoch=74 pause_ms=0
CAPTURE_CLOSED i=3402 epoch=75 pause_ms=0
CAPTURE_CLOSED i=3403 epoch=76 pause_ms=0
CAPTURE_CLOSED i=3404 epoch=77 pause_ms=0
CAPTURE_CLOSED i=3405 epoch=78 pause_ms=0
CAPTURE_CLOSED i=3406 epoch=79 pause_ms=0
CAPTURE_CLOSED i=3407 epoch=80 pause_ms=0
CAPTURE_CLOSED i=3408 epoch=81 pause_ms=0
CAPTURE_CLOSED i=3409 epoch=82 pause_ms=0
CAPTURE_CLOSED i=3410 epoch=83 pause_ms=0
CAPTURE_CLOSED i=3411 epoch=84 pause_ms=0
CAPTURE_CLOSED i=3412 epoch=85 pause_ms=0
CAPTURE_CLOSED i=3413 epoch=86 pause_ms=0
CAPTURE_CLOSED i=3414 epoch=87 pause_ms=0
CAPTURE_CLOSED i=3415 epoch=88 pause_ms=0
CAPTURE_CLOSED i=3416 epoch=89 pause_ms=0
CAPTURE_CLOSED i=3417 epoch=90 pause_ms=0
CAPTURE_CLOSED i=3418 epoch=91 pause_ms=0
CAPTURE_CLOSED i=3419 epoch=92 pause_ms=0
CAPTURE_CLOSED i=3420 epoch=93 pause_ms=0
CAPTURE_CLOSED i=3421 epoch=94 pause_ms=0
CAPTURE_CLOSED i=3422 epoch=95 pause_ms=0
CAPTURE_CLOSED i=3423 epoch=96 pause_ms=0
CAPTURE_CLOSED i=3424 epoch=97 pause_ms=0
CAPTURE_CLOSED i=3425 epoch=98 pause_ms=0
CAPTURE_CLOSED i=3426 epoch=99 pause_ms=0
CAPTURE_CLOSED i=3427 epoch=100 pause_ms=0
CAPTURE_CLOSED i=3428 epoch=101 pause_ms=0
CAPTURE_CLOSED i=3429 epoch=102 pause_ms=0
CAPTURE_CLOSED i=3430 epoch=103 pause_ms=0
CAPTURE_CLOSED i=3431 epoch=104 pause_ms=0
CAPTURE_CLOSED i=3432 epoch=105 pause_ms=0
CAPTURE_CLOSED i=3433 epoch=106 pause_ms=0
CAPTURE_CLOSED i=3434 epoch=107 pause_ms=0
CAPTURE_CLOSED i=3435 epoch=108 pause_ms=0
CAPTURE_CLOSED i=3436 epoch=109 pause_ms=0
CAPTURE_CLOSED i=3437 epoch=110 pause_ms=0
CAPTURE_CLOSED i=3438 epoch=111 pause_ms=0
CAPTURE_CLOSED i=3439 epoch=112 pause_ms=0
CAPTURE_CLOSED i=3440 epoch=113 pause_ms=0
CAPTURE_CLOSED i=3441 epoch=114 pause_ms=0
CAPTURE_CLOSED i=3442 epoch=115 pause_ms=0
CAPTURE_CLOSED i=3443 epoch=116 pause_ms=0
CAPTURE_CLOSED i=3444 epoch=117 pause_ms=0
CAPTURE_CLOSED i=3445 epoch=118 pause_ms=0
CAPTURE_CLOSED i=3446 epoch=119 pause_ms=0
CAPTURE_CLOSED i=3447 epoch=120 pause_ms=0
CAPTURE_CLOSED i=3448 epoch=121 pause_ms=0
CAPTURE_CLOSED i=3449 epoch=122 pause_ms=0
CAPTURE_CLOSED i=3450 epoch=123 pause_ms=0
CAPTURE_CLOSED i=3451 epoch=124 pause_ms=0
CAPTURE_CLOSED i=3452 epoch=125 pause_ms=0
CAPTURE_CLOSED i=3453 epoch=126 pause_ms=0
CAPTURE_CLOSED i=3454 epoch=127 pause_ms=0
CAPTURE_CLOSED i=3455 epoch=128 pause_ms=0
CAPTURE_CLOSED i=3456 epoch=129 pause_ms=0
CAPTURE_CLOSED i=3457 epoch=130 pause_ms=0
CAPTURE_CLOSED i=3458 epoch=131 pause_ms=0
CAPTURE_CLOSED i=3459 epoch=132 pause_ms=0
CAPTURE_CLOSED i=3460 epoch=133 pause_ms=0
CAPTURE_CLOSED i=3461 epoch=134 pause_ms=0
CAPTURE_CLOSED i=3462 epoch=135 pause_ms=0
CAPTURE_CLOSED i=3463 epoch=136 pause_ms=0
CAPTURE_CLOSED i=3464 epoch=137 pause_ms=0
CAPTURE_CLOSED i=3465 epoch=138 pause_ms=0
CAPTURE_CLOSED i=3466 epoch=139 pause_ms=0
CAPTURE_CLOSED i=3467 epoch=140 pause_ms=0
CAPTURE_CLOSED i=3468 epoch=141 pause_ms=0
CAPTURE_CLOSED i=3469 epoch=142 pause_ms=0
CAPTURE_CLOSED i=3470 epoch=143 pause_ms=0
CAPTURE_CLOSED i=3471 epoch=144 pause_ms=0
CAPTURE_CLOSED i=3472 epoch=145 pause_ms=0
CAPTURE_CLOSED i=3473 epoch=146 pause_ms=0
CAPTURE_CLOSED i=3474 epoch=147 pause_ms=0
CAPTURE_CLOSED i=3475 epoch=148 pause_ms=0
CAPTURE_CLOSED i=3476 epoch=149 pause_ms=0
CAPTURE_CLOSED i=3477 epoch=150 pause_ms=0
CAPTURE_CLOSED i=3478 epoch=151 pause_ms=0
CAPTURE_CLOSED i=3479 epoch=152 pause_ms=0
CAPTURE_CLOSED i=3480 epoch=153 pause_ms=0
CAPTURE_CLOSED i=3481 epoch=154 pause_ms=0
CAPTURE_CLOSED i=3482 epoch=155 pause_ms=0
CAPTURE_CLOSED i=3483 epoch=156 pause_ms=0
CAPTURE_CLOSED i=3484 epoch=157 pause_ms=0
CAPTURE_CLOSED i=3485 epoch=158 pause_ms=0
CAPTURE_CLOSED i=3486 epoch=159 pause_ms=0
CAPTURE_CLOSED i=3487 epoch=160 pause_ms=0
CAPTURE_CLOSED i=3488 epoch=161 pause_ms=0
CAPTURE_CLOSED i=3489 epoch=162 pause_ms=0
CAPTURE_CLOSED i=3490 epoch=163 pause_ms=0
CAPTURE_CLOSED i=3491 epoch=164 pause_ms=0
CAPTURE_CLOSED i=3492 epoch=165 pause_ms=0
CAPTURE_CLOSED i=3493 epoch=166 pause_ms=0
CAPTURE_CLOSED i=3494 epoch=167 pause_ms=0
CAPTURE_CLOSED i=3495 epoch=168 pause_ms=0
CAPTURE_CLOSED i=3496 epoch=169 pause_ms=0
CAPTURE_CLOSED i=3497 epoch=170 pause_ms=0
CAPTURE_CLOSED i=3498 epoch=171 pause_ms=0
TRACE_SPI txn=3500 writes=24 host_observed_write_us=15437.209 post_spi_to_tune_return_us=3503.301
CAPTURE_CLOSED i=3499 epoch=172 pause_ms=0
mode=BOTH progress=3500 unrecovered=0 first_read_faults=0 recovered=0 last_epoch=172
CAPTURE_CLOSED i=3500 epoch=173 pause_ms=0
CAPTURE_CLOSED i=3501 epoch=174 pause_ms=0
CAPTURE_CLOSED i=3502 epoch=175 pause_ms=0
CAPTURE_CLOSED i=3503 epoch=176 pause_ms=0
CAPTURE_CLOSED i=3504 epoch=177 pause_ms=0
CAPTURE_CLOSED i=3505 epoch=178 pause_ms=0
CAPTURE_CLOSED i=3506 epoch=179 pause_ms=0
CAPTURE_CLOSED i=3507 epoch=180 pause_ms=0
CAPTURE_CLOSED i=3508 epoch=181 pause_ms=0
CAPTURE_CLOSED i=3509 epoch=182 pause_ms=0
CAPTURE_CLOSED i=3510 epoch=183 pause_ms=0
CAPTURE_CLOSED i=3511 epoch=184 pause_ms=0
CAPTURE_CLOSED i=3512 epoch=185 pause_ms=0
CAPTURE_CLOSED i=3513 epoch=186 pause_ms=0
CAPTURE_CLOSED i=3514 epoch=187 pause_ms=0
CAPTURE_CLOSED i=3515 epoch=188 pause_ms=0
CAPTURE_CLOSED i=3516 epoch=189 pause_ms=0
CAPTURE_CLOSED i=3517 epoch=190 pause_ms=0
CAPTURE_CLOSED i=3518 epoch=191 pause_ms=0
CAPTURE_CLOSED i=3519 epoch=192 pause_ms=0
CAPTURE_CLOSED i=3520 epoch=193 pause_ms=0
CAPTURE_CLOSED i=3521 epoch=194 pause_ms=0
CAPTURE_CLOSED i=3522 epoch=195 pause_ms=0
CAPTURE_CLOSED i=3523 epoch=196 pause_ms=0
CAPTURE_CLOSED i=3524 epoch=197 pause_ms=0
CAPTURE_CLOSED i=3525 epoch=198 pause_ms=0
CAPTURE_CLOSED i=3526 epoch=199 pause_ms=0
CAPTURE_CLOSED i=3527 epoch=200 pause_ms=0
CAPTURE_CLOSED i=3528 epoch=201 pause_ms=0
CAPTURE_CLOSED i=3529 epoch=202 pause_ms=0
CAPTURE_CLOSED i=3530 epoch=203 pause_ms=0
CAPTURE_CLOSED i=3531 epoch=204 pause_ms=0
CAPTURE_CLOSED i=3532 epoch=205 pause_ms=0
CAPTURE_CLOSED i=3533 epoch=206 pause_ms=0
CAPTURE_CLOSED i=3534 epoch=207 pause_ms=0
CAPTURE_CLOSED i=3535 epoch=208 pause_ms=0
CAPTURE_CLOSED i=3536 epoch=209 pause_ms=0
CAPTURE_CLOSED i=3537 epoch=210 pause_ms=0
CAPTURE_CLOSED i=3538 epoch=211 pause_ms=0
CAPTURE_CLOSED i=3539 epoch=212 pause_ms=0
CAPTURE_CLOSED i=3540 epoch=213 pause_ms=0
CAPTURE_CLOSED i=3541 epoch=214 pause_ms=0
CAPTURE_CLOSED i=3542 epoch=215 pause_ms=0
CAPTURE_CLOSED i=3543 epoch=216 pause_ms=0
CAPTURE_CLOSED i=3544 epoch=217 pause_ms=0
CAPTURE_CLOSED i=3545 epoch=218 pause_ms=0
CAPTURE_CLOSED i=3546 epoch=219 pause_ms=0
CAPTURE_CLOSED i=3547 epoch=220 pause_ms=0
CAPTURE_CLOSED i=3548 epoch=221 pause_ms=0
CAPTURE_CLOSED i=3549 epoch=222 pause_ms=0
CAPTURE_CLOSED i=3550 epoch=223 pause_ms=0
CAPTURE_CLOSED i=3551 epoch=224 pause_ms=0
CAPTURE_CLOSED i=3552 epoch=225 pause_ms=0
CAPTURE_CLOSED i=3553 epoch=226 pause_ms=0
CAPTURE_CLOSED i=3554 epoch=227 pause_ms=0
CAPTURE_CLOSED i=3555 epoch=228 pause_ms=0
CAPTURE_CLOSED i=3556 epoch=229 pause_ms=0
CAPTURE_CLOSED i=3557 epoch=230 pause_ms=0
CAPTURE_CLOSED i=3558 epoch=231 pause_ms=0
CAPTURE_CLOSED i=3559 epoch=232 pause_ms=0
CAPTURE_CLOSED i=3560 epoch=233 pause_ms=0
CAPTURE_CLOSED i=3561 epoch=234 pause_ms=0
CAPTURE_CLOSED i=3562 epoch=235 pause_ms=0
CAPTURE_CLOSED i=3563 epoch=236 pause_ms=0
CAPTURE_CLOSED i=3564 epoch=237 pause_ms=0
CAPTURE_CLOSED i=3565 epoch=238 pause_ms=0
CAPTURE_CLOSED i=3566 epoch=239 pause_ms=0
CAPTURE_CLOSED i=3567 epoch=240 pause_ms=0
CAPTURE_CLOSED i=3568 epoch=241 pause_ms=0
CAPTURE_CLOSED i=3569 epoch=242 pause_ms=0
CAPTURE_CLOSED i=3570 epoch=243 pause_ms=0
CAPTURE_CLOSED i=3571 epoch=244 pause_ms=0
CAPTURE_CLOSED i=3572 epoch=245 pause_ms=0
CAPTURE_CLOSED i=3573 epoch=246 pause_ms=0
CAPTURE_CLOSED i=3574 epoch=247 pause_ms=0
CAPTURE_CLOSED i=3575 epoch=248 pause_ms=0
CAPTURE_CLOSED i=3576 epoch=249 pause_ms=0
CAPTURE_CLOSED i=3577 epoch=250 pause_ms=0
CAPTURE_CLOSED i=3578 epoch=251 pause_ms=0
CAPTURE_CLOSED i=3579 epoch=252 pause_ms=0
CAPTURE_CLOSED i=3580 epoch=253 pause_ms=0
CAPTURE_CLOSED i=3581 epoch=254 pause_ms=0
CAPTURE_CLOSED i=3582 epoch=255 pause_ms=0
CAPTURE_CLOSED i=3583 epoch=0 pause_ms=0
CAPTURE_CLOSED i=3584 epoch=1 pause_ms=0
CAPTURE_CLOSED i=3585 epoch=2 pause_ms=0
CAPTURE_CLOSED i=3586 epoch=3 pause_ms=0
CAPTURE_CLOSED i=3587 epoch=4 pause_ms=0
CAPTURE_CLOSED i=3588 epoch=5 pause_ms=0
CAPTURE_CLOSED i=3589 epoch=6 pause_ms=0
CAPTURE_CLOSED i=3590 epoch=7 pause_ms=0
CAPTURE_CLOSED i=3591 epoch=8 pause_ms=0
CAPTURE_CLOSED i=3592 epoch=9 pause_ms=0
CAPTURE_CLOSED i=3593 epoch=10 pause_ms=0
CAPTURE_CLOSED i=3594 epoch=11 pause_ms=0
CAPTURE_CLOSED i=3595 epoch=12 pause_ms=0
CAPTURE_CLOSED i=3596 epoch=13 pause_ms=0
CAPTURE_CLOSED i=3597 epoch=14 pause_ms=0
CAPTURE_CLOSED i=3598 epoch=15 pause_ms=0
TRACE_SPI txn=3600 writes=24 host_observed_write_us=15539.942 post_spi_to_tune_return_us=3489.472
CAPTURE_CLOSED i=3599 epoch=16 pause_ms=0
mode=BOTH progress=3600 unrecovered=0 first_read_faults=0 recovered=0 last_epoch=16
CAPTURE_CLOSED i=3600 epoch=17 pause_ms=0
CAPTURE_CLOSED i=3601 epoch=18 pause_ms=0
CAPTURE_CLOSED i=3602 epoch=19 pause_ms=0
CAPTURE_CLOSED i=3603 epoch=20 pause_ms=0
CAPTURE_CLOSED i=3604 epoch=21 pause_ms=0
CAPTURE_CLOSED i=3605 epoch=22 pause_ms=0
CAPTURE_CLOSED i=3606 epoch=23 pause_ms=0
CAPTURE_CLOSED i=3607 epoch=24 pause_ms=0
CAPTURE_CLOSED i=3608 epoch=25 pause_ms=0
CAPTURE_CLOSED i=3609 epoch=26 pause_ms=0
CAPTURE_CLOSED i=3610 epoch=27 pause_ms=0
CAPTURE_CLOSED i=3611 epoch=28 pause_ms=0
CAPTURE_CLOSED i=3612 epoch=29 pause_ms=0
CAPTURE_CLOSED i=3613 epoch=30 pause_ms=0
CAPTURE_CLOSED i=3614 epoch=31 pause_ms=0
CAPTURE_CLOSED i=3615 epoch=32 pause_ms=0
CAPTURE_CLOSED i=3616 epoch=33 pause_ms=0
CAPTURE_CLOSED i=3617 epoch=34 pause_ms=0
CAPTURE_CLOSED i=3618 epoch=35 pause_ms=0
CAPTURE_CLOSED i=3619 epoch=36 pause_ms=0
CAPTURE_CLOSED i=3620 epoch=37 pause_ms=0
CAPTURE_CLOSED i=3621 epoch=38 pause_ms=0
CAPTURE_CLOSED i=3622 epoch=39 pause_ms=0
CAPTURE_CLOSED i=3623 epoch=40 pause_ms=0
CAPTURE_CLOSED i=3624 epoch=41 pause_ms=0
CAPTURE_CLOSED i=3625 epoch=42 pause_ms=0
CAPTURE_CLOSED i=3626 epoch=43 pause_ms=0
CAPTURE_CLOSED i=3627 epoch=44 pause_ms=0
CAPTURE_CLOSED i=3628 epoch=45 pause_ms=0
CAPTURE_CLOSED i=3629 epoch=46 pause_ms=0
CAPTURE_CLOSED i=3630 epoch=47 pause_ms=0
CAPTURE_CLOSED i=3631 epoch=48 pause_ms=0
CAPTURE_CLOSED i=3632 epoch=49 pause_ms=0
CAPTURE_CLOSED i=3633 epoch=50 pause_ms=0
CAPTURE_CLOSED i=3634 epoch=51 pause_ms=0
CAPTURE_CLOSED i=3635 epoch=52 pause_ms=0
CAPTURE_CLOSED i=3636 epoch=53 pause_ms=0
CAPTURE_CLOSED i=3637 epoch=54 pause_ms=0
CAPTURE_CLOSED i=3638 epoch=55 pause_ms=0
CAPTURE_CLOSED i=3639 epoch=56 pause_ms=0
CAPTURE_CLOSED i=3640 epoch=57 pause_ms=0
CAPTURE_CLOSED i=3641 epoch=58 pause_ms=0
CAPTURE_CLOSED i=3642 epoch=59 pause_ms=0
CAPTURE_CLOSED i=3643 epoch=60 pause_ms=0
CAPTURE_CLOSED i=3644 epoch=61 pause_ms=0
CAPTURE_CLOSED i=3645 epoch=62 pause_ms=0
CAPTURE_CLOSED i=3646 epoch=63 pause_ms=0
CAPTURE_CLOSED i=3647 epoch=64 pause_ms=0
CAPTURE_CLOSED i=3648 epoch=65 pause_ms=0
CAPTURE_CLOSED i=3649 epoch=66 pause_ms=0
CAPTURE_CLOSED i=3650 epoch=67 pause_ms=0
CAPTURE_CLOSED i=3651 epoch=68 pause_ms=0
CAPTURE_CLOSED i=3652 epoch=69 pause_ms=0
CAPTURE_CLOSED i=3653 epoch=70 pause_ms=0
CAPTURE_CLOSED i=3654 epoch=71 pause_ms=0
CAPTURE_CLOSED i=3655 epoch=72 pause_ms=0
CAPTURE_CLOSED i=3656 epoch=73 pause_ms=0
CAPTURE_CLOSED i=3657 epoch=74 pause_ms=0
CAPTURE_CLOSED i=3658 epoch=75 pause_ms=0
CAPTURE_CLOSED i=3659 epoch=76 pause_ms=0
CAPTURE_CLOSED i=3660 epoch=77 pause_ms=0
CAPTURE_CLOSED i=3661 epoch=78 pause_ms=0
CAPTURE_CLOSED i=3662 epoch=79 pause_ms=0
CAPTURE_CLOSED i=3663 epoch=80 pause_ms=0
CAPTURE_CLOSED i=3664 epoch=81 pause_ms=0
CAPTURE_CLOSED i=3665 epoch=82 pause_ms=0
CAPTURE_CLOSED i=3666 epoch=83 pause_ms=0
CAPTURE_CLOSED i=3667 epoch=84 pause_ms=0
CAPTURE_CLOSED i=3668 epoch=85 pause_ms=0
CAPTURE_CLOSED i=3669 epoch=86 pause_ms=0
CAPTURE_CLOSED i=3670 epoch=87 pause_ms=0
CAPTURE_CLOSED i=3671 epoch=88 pause_ms=0
CAPTURE_CLOSED i=3672 epoch=89 pause_ms=0
CAPTURE_CLOSED i=3673 epoch=90 pause_ms=0
CAPTURE_CLOSED i=3674 epoch=91 pause_ms=0
CAPTURE_CLOSED i=3675 epoch=92 pause_ms=0
CAPTURE_CLOSED i=3676 epoch=93 pause_ms=0
CAPTURE_CLOSED i=3677 epoch=94 pause_ms=0
CAPTURE_CLOSED i=3678 epoch=95 pause_ms=0
CAPTURE_CLOSED i=3679 epoch=96 pause_ms=0
CAPTURE_CLOSED i=3680 epoch=97 pause_ms=0
CAPTURE_CLOSED i=3681 epoch=98 pause_ms=0
CAPTURE_CLOSED i=3682 epoch=99 pause_ms=0
CAPTURE_CLOSED i=3683 epoch=100 pause_ms=0
CAPTURE_CLOSED i=3684 epoch=101 pause_ms=0
CAPTURE_CLOSED i=3685 epoch=102 pause_ms=0
CAPTURE_CLOSED i=3686 epoch=103 pause_ms=0
CAPTURE_CLOSED i=3687 epoch=104 pause_ms=0
CAPTURE_CLOSED i=3688 epoch=105 pause_ms=0
CAPTURE_CLOSED i=3689 epoch=106 pause_ms=0
CAPTURE_CLOSED i=3690 epoch=107 pause_ms=0
CAPTURE_CLOSED i=3691 epoch=108 pause_ms=0
CAPTURE_CLOSED i=3692 epoch=109 pause_ms=0
CAPTURE_CLOSED i=3693 epoch=110 pause_ms=0
CAPTURE_CLOSED i=3694 epoch=111 pause_ms=0
CAPTURE_CLOSED i=3695 epoch=112 pause_ms=0
CAPTURE_CLOSED i=3696 epoch=113 pause_ms=0
CAPTURE_CLOSED i=3697 epoch=114 pause_ms=0
CAPTURE_CLOSED i=3698 epoch=115 pause_ms=0
TRACE_SPI txn=3700 writes=24 host_observed_write_us=15430.938 post_spi_to_tune_return_us=3505.531
CAPTURE_CLOSED i=3699 epoch=116 pause_ms=0
mode=BOTH progress=3700 unrecovered=0 first_read_faults=0 recovered=0 last_epoch=116
CAPTURE_CLOSED i=3700 epoch=117 pause_ms=0
CAPTURE_CLOSED i=3701 epoch=118 pause_ms=0
CAPTURE_CLOSED i=3702 epoch=119 pause_ms=0
CAPTURE_CLOSED i=3703 epoch=120 pause_ms=0
CAPTURE_CLOSED i=3704 epoch=121 pause_ms=0
CAPTURE_CLOSED i=3705 epoch=122 pause_ms=0
CAPTURE_CLOSED i=3706 epoch=123 pause_ms=0
CAPTURE_CLOSED i=3707 epoch=124 pause_ms=0
CAPTURE_CLOSED i=3708 epoch=125 pause_ms=0
CAPTURE_CLOSED i=3709 epoch=126 pause_ms=0
CAPTURE_CLOSED i=3710 epoch=127 pause_ms=0
CAPTURE_CLOSED i=3711 epoch=128 pause_ms=0
CAPTURE_CLOSED i=3712 epoch=129 pause_ms=0
CAPTURE_CLOSED i=3713 epoch=130 pause_ms=0
CAPTURE_CLOSED i=3714 epoch=131 pause_ms=0
CAPTURE_CLOSED i=3715 epoch=132 pause_ms=0
CAPTURE_CLOSED i=3716 epoch=133 pause_ms=0
CAPTURE_CLOSED i=3717 epoch=134 pause_ms=0
CAPTURE_CLOSED i=3718 epoch=135 pause_ms=0
CAPTURE_CLOSED i=3719 epoch=136 pause_ms=0
CAPTURE_CLOSED i=3720 epoch=137 pause_ms=0
CAPTURE_CLOSED i=3721 epoch=138 pause_ms=0
CAPTURE_CLOSED i=3722 epoch=139 pause_ms=0
CAPTURE_CLOSED i=3723 epoch=140 pause_ms=0
CAPTURE_CLOSED i=3724 epoch=141 pause_ms=0
CAPTURE_CLOSED i=3725 epoch=142 pause_ms=0
CAPTURE_CLOSED i=3726 epoch=143 pause_ms=0
CAPTURE_CLOSED i=3727 epoch=144 pause_ms=0
CAPTURE_CLOSED i=3728 epoch=145 pause_ms=0
CAPTURE_CLOSED i=3729 epoch=146 pause_ms=0
CAPTURE_CLOSED i=3730 epoch=147 pause_ms=0
CAPTURE_CLOSED i=3731 epoch=148 pause_ms=0
CAPTURE_CLOSED i=3732 epoch=149 pause_ms=0
CAPTURE_CLOSED i=3733 epoch=150 pause_ms=0
CAPTURE_CLOSED i=3734 epoch=151 pause_ms=0
CAPTURE_CLOSED i=3735 epoch=152 pause_ms=0
CAPTURE_CLOSED i=3736 epoch=153 pause_ms=0
CAPTURE_CLOSED i=3737 epoch=154 pause_ms=0
CAPTURE_CLOSED i=3738 epoch=155 pause_ms=0
CAPTURE_CLOSED i=3739 epoch=156 pause_ms=0
CAPTURE_CLOSED i=3740 epoch=157 pause_ms=0
CAPTURE_CLOSED i=3741 epoch=158 pause_ms=0
CAPTURE_CLOSED i=3742 epoch=159 pause_ms=0
CAPTURE_CLOSED i=3743 epoch=160 pause_ms=0
CAPTURE_CLOSED i=3744 epoch=161 pause_ms=0
CAPTURE_CLOSED i=3745 epoch=162 pause_ms=0
CAPTURE_CLOSED i=3746 epoch=163 pause_ms=0
CAPTURE_CLOSED i=3747 epoch=164 pause_ms=0
CAPTURE_CLOSED i=3748 epoch=165 pause_ms=0
CAPTURE_CLOSED i=3749 epoch=166 pause_ms=0
CAPTURE_CLOSED i=3750 epoch=167 pause_ms=0
CAPTURE_CLOSED i=3751 epoch=168 pause_ms=0
CAPTURE_CLOSED i=3752 epoch=169 pause_ms=0
CAPTURE_CLOSED i=3753 epoch=170 pause_ms=0
CAPTURE_CLOSED i=3754 epoch=171 pause_ms=0
CAPTURE_CLOSED i=3755 epoch=172 pause_ms=0
CAPTURE_CLOSED i=3756 epoch=173 pause_ms=0
CAPTURE_CLOSED i=3757 epoch=174 pause_ms=0
CAPTURE_CLOSED i=3758 epoch=175 pause_ms=0
CAPTURE_CLOSED i=3759 epoch=176 pause_ms=0
CAPTURE_CLOSED i=3760 epoch=177 pause_ms=0
CAPTURE_CLOSED i=3761 epoch=178 pause_ms=0
CAPTURE_CLOSED i=3762 epoch=179 pause_ms=0
CAPTURE_CLOSED i=3763 epoch=180 pause_ms=0
CAPTURE_CLOSED i=3764 epoch=181 pause_ms=0
CAPTURE_CLOSED i=3765 epoch=182 pause_ms=0
CAPTURE_CLOSED i=3766 epoch=183 pause_ms=0
CAPTURE_CLOSED i=3767 epoch=184 pause_ms=0
CAPTURE_CLOSED i=3768 epoch=185 pause_ms=0
CAPTURE_CLOSED i=3769 epoch=186 pause_ms=0
CAPTURE_CLOSED i=3770 epoch=187 pause_ms=0
CAPTURE_CLOSED i=3771 epoch=188 pause_ms=0
CAPTURE_CLOSED i=3772 epoch=189 pause_ms=0
CAPTURE_CLOSED i=3773 epoch=190 pause_ms=0
CAPTURE_CLOSED i=3774 epoch=191 pause_ms=0
CAPTURE_CLOSED i=3775 epoch=192 pause_ms=0
CAPTURE_CLOSED i=3776 epoch=193 pause_ms=0
CAPTURE_CLOSED i=3777 epoch=194 pause_ms=0
CAPTURE_CLOSED i=3778 epoch=195 pause_ms=0
CAPTURE_CLOSED i=3779 epoch=196 pause_ms=0
CAPTURE_CLOSED i=3780 epoch=197 pause_ms=0
CAPTURE_CLOSED i=3781 epoch=198 pause_ms=0
CAPTURE_CLOSED i=3782 epoch=199 pause_ms=0
CAPTURE_CLOSED i=3783 epoch=200 pause_ms=0
CAPTURE_CLOSED i=3784 epoch=201 pause_ms=0
CAPTURE_CLOSED i=3785 epoch=202 pause_ms=0
CAPTURE_CLOSED i=3786 epoch=203 pause_ms=0
CAPTURE_CLOSED i=3787 epoch=204 pause_ms=0
CAPTURE_CLOSED i=3788 epoch=205 pause_ms=0
CAPTURE_CLOSED i=3789 epoch=206 pause_ms=0
CAPTURE_CLOSED i=3790 epoch=207 pause_ms=0
CAPTURE_CLOSED i=3791 epoch=208 pause_ms=0
CAPTURE_CLOSED i=3792 epoch=209 pause_ms=0
CAPTURE_CLOSED i=3793 epoch=210 pause_ms=0
CAPTURE_CLOSED i=3794 epoch=211 pause_ms=0
CAPTURE_CLOSED i=3795 epoch=212 pause_ms=0
CAPTURE_CLOSED i=3796 epoch=213 pause_ms=0
CAPTURE_CLOSED i=3797 epoch=214 pause_ms=0
CAPTURE_CLOSED i=3798 epoch=215 pause_ms=0
TRACE_SPI txn=3800 writes=24 host_observed_write_us=15479.438 post_spi_to_tune_return_us=3418.929
CAPTURE_CLOSED i=3799 epoch=216 pause_ms=0
mode=BOTH progress=3800 unrecovered=0 first_read_faults=0 recovered=0 last_epoch=216
CAPTURE_CLOSED i=3800 epoch=217 pause_ms=0
CAPTURE_CLOSED i=3801 epoch=218 pause_ms=0
CAPTURE_CLOSED i=3802 epoch=219 pause_ms=0
CAPTURE_CLOSED i=3803 epoch=220 pause_ms=0
CAPTURE_CLOSED i=3804 epoch=221 pause_ms=0
CAPTURE_CLOSED i=3805 epoch=222 pause_ms=0
CAPTURE_CLOSED i=3806 epoch=223 pause_ms=0
CAPTURE_CLOSED i=3807 epoch=224 pause_ms=0
CAPTURE_CLOSED i=3808 epoch=225 pause_ms=0
CAPTURE_CLOSED i=3809 epoch=226 pause_ms=0
CAPTURE_CLOSED i=3810 epoch=227 pause_ms=0
CAPTURE_CLOSED i=3811 epoch=228 pause_ms=0
CAPTURE_CLOSED i=3812 epoch=229 pause_ms=0
CAPTURE_CLOSED i=3813 epoch=230 pause_ms=0
CAPTURE_CLOSED i=3814 epoch=231 pause_ms=0
CAPTURE_CLOSED i=3815 epoch=232 pause_ms=0
CAPTURE_CLOSED i=3816 epoch=233 pause_ms=0
CAPTURE_CLOSED i=3817 epoch=234 pause_ms=0
CAPTURE_CLOSED i=3818 epoch=235 pause_ms=0
CAPTURE_CLOSED i=3819 epoch=236 pause_ms=0
CAPTURE_CLOSED i=3820 epoch=237 pause_ms=0
CAPTURE_CLOSED i=3821 epoch=238 pause_ms=0
CAPTURE_CLOSED i=3822 epoch=239 pause_ms=0
CAPTURE_CLOSED i=3823 epoch=240 pause_ms=0
CAPTURE_CLOSED i=3824 epoch=241 pause_ms=0
CAPTURE_CLOSED i=3825 epoch=242 pause_ms=0
CAPTURE_CLOSED i=3826 epoch=243 pause_ms=0
CAPTURE_CLOSED i=3827 epoch=244 pause_ms=0
CAPTURE_CLOSED i=3828 epoch=245 pause_ms=0
CAPTURE_CLOSED i=3829 epoch=246 pause_ms=0
CAPTURE_CLOSED i=3830 epoch=247 pause_ms=0
CAPTURE_CLOSED i=3831 epoch=248 pause_ms=0
CAPTURE_CLOSED i=3832 epoch=249 pause_ms=0
CAPTURE_CLOSED i=3833 epoch=250 pause_ms=0
CAPTURE_CLOSED i=3834 epoch=251 pause_ms=0
CAPTURE_CLOSED i=3835 epoch=252 pause_ms=0
CAPTURE_CLOSED i=3836 epoch=253 pause_ms=0
CAPTURE_CLOSED i=3837 epoch=254 pause_ms=0
CAPTURE_CLOSED i=3838 epoch=255 pause_ms=0
CAPTURE_CLOSED i=3839 epoch=0 pause_ms=0
CAPTURE_CLOSED i=3840 epoch=1 pause_ms=0
CAPTURE_CLOSED i=3841 epoch=2 pause_ms=0
CAPTURE_CLOSED i=3842 epoch=3 pause_ms=0
CAPTURE_CLOSED i=3843 epoch=4 pause_ms=0
CAPTURE_CLOSED i=3844 epoch=5 pause_ms=0
CAPTURE_CLOSED i=3845 epoch=6 pause_ms=0
CAPTURE_CLOSED i=3846 epoch=7 pause_ms=0
CAPTURE_CLOSED i=3847 epoch=8 pause_ms=0
CAPTURE_CLOSED i=3848 epoch=9 pause_ms=0
CAPTURE_CLOSED i=3849 epoch=10 pause_ms=0
CAPTURE_CLOSED i=3850 epoch=11 pause_ms=0
CAPTURE_CLOSED i=3851 epoch=12 pause_ms=0
CAPTURE_CLOSED i=3852 epoch=13 pause_ms=0
CAPTURE_CLOSED i=3853 epoch=14 pause_ms=0
CAPTURE_CLOSED i=3854 epoch=15 pause_ms=0
CAPTURE_CLOSED i=3855 epoch=16 pause_ms=0
CAPTURE_CLOSED i=3856 epoch=17 pause_ms=0
CAPTURE_CLOSED i=3857 epoch=18 pause_ms=0
CAPTURE_CLOSED i=3858 epoch=19 pause_ms=0
CAPTURE_CLOSED i=3859 epoch=20 pause_ms=0
CAPTURE_CLOSED i=3860 epoch=21 pause_ms=0
CAPTURE_CLOSED i=3861 epoch=22 pause_ms=0
CAPTURE_CLOSED i=3862 epoch=23 pause_ms=0
CAPTURE_CLOSED i=3863 epoch=24 pause_ms=0
CAPTURE_CLOSED i=3864 epoch=25 pause_ms=0
CAPTURE_CLOSED i=3865 epoch=26 pause_ms=0
CAPTURE_CLOSED i=3866 epoch=27 pause_ms=0
CAPTURE_CLOSED i=3867 epoch=28 pause_ms=0
CAPTURE_CLOSED i=3868 epoch=29 pause_ms=0
CAPTURE_CLOSED i=3869 epoch=30 pause_ms=0
CAPTURE_CLOSED i=3870 epoch=31 pause_ms=0
CAPTURE_CLOSED i=3871 epoch=32 pause_ms=0
CAPTURE_CLOSED i=3872 epoch=33 pause_ms=0
CAPTURE_CLOSED i=3873 epoch=34 pause_ms=0
CAPTURE_CLOSED i=3874 epoch=35 pause_ms=0
CAPTURE_CLOSED i=3875 epoch=36 pause_ms=0
CAPTURE_CLOSED i=3876 epoch=37 pause_ms=0
CAPTURE_CLOSED i=3877 epoch=38 pause_ms=0
CAPTURE_CLOSED i=3878 epoch=39 pause_ms=0
CAPTURE_CLOSED i=3879 epoch=40 pause_ms=0
CAPTURE_CLOSED i=3880 epoch=41 pause_ms=0
CAPTURE_CLOSED i=3881 epoch=42 pause_ms=0
CAPTURE_CLOSED i=3882 epoch=43 pause_ms=0
CAPTURE_CLOSED i=3883 epoch=44 pause_ms=0
CAPTURE_CLOSED i=3884 epoch=45 pause_ms=0
CAPTURE_CLOSED i=3885 epoch=46 pause_ms=0
CAPTURE_CLOSED i=3886 epoch=47 pause_ms=0
CAPTURE_CLOSED i=3887 epoch=48 pause_ms=0
CAPTURE_CLOSED i=3888 epoch=49 pause_ms=0
CAPTURE_CLOSED i=3889 epoch=50 pause_ms=0
CAPTURE_CLOSED i=3890 epoch=51 pause_ms=0
CAPTURE_CLOSED i=3891 epoch=52 pause_ms=0
CAPTURE_CLOSED i=3892 epoch=53 pause_ms=0
CAPTURE_CLOSED i=3893 epoch=54 pause_ms=0
CAPTURE_CLOSED i=3894 epoch=55 pause_ms=0
CAPTURE_CLOSED i=3895 epoch=56 pause_ms=0
CAPTURE_CLOSED i=3896 epoch=57 pause_ms=0
CAPTURE_CLOSED i=3897 epoch=58 pause_ms=0
CAPTURE_CLOSED i=3898 epoch=59 pause_ms=0
TRACE_SPI txn=3900 writes=24 host_observed_write_us=15433.733 post_spi_to_tune_return_us=3364.525
CAPTURE_CLOSED i=3899 epoch=60 pause_ms=0
mode=BOTH progress=3900 unrecovered=0 first_read_faults=0 recovered=0 last_epoch=60
CAPTURE_CLOSED i=3900 epoch=61 pause_ms=0
CAPTURE_CLOSED i=3901 epoch=62 pause_ms=0
CAPTURE_CLOSED i=3902 epoch=63 pause_ms=0
CAPTURE_CLOSED i=3903 epoch=64 pause_ms=0
CAPTURE_CLOSED i=3904 epoch=65 pause_ms=0
CAPTURE_CLOSED i=3905 epoch=66 pause_ms=0
CAPTURE_CLOSED i=3906 epoch=67 pause_ms=0
CAPTURE_CLOSED i=3907 epoch=68 pause_ms=0
CAPTURE_CLOSED i=3908 epoch=69 pause_ms=0
CAPTURE_CLOSED i=3909 epoch=70 pause_ms=0
CAPTURE_CLOSED i=3910 epoch=71 pause_ms=0
CAPTURE_CLOSED i=3911 epoch=72 pause_ms=0
CAPTURE_CLOSED i=3912 epoch=73 pause_ms=0
CAPTURE_CLOSED i=3913 epoch=74 pause_ms=0
CAPTURE_CLOSED i=3914 epoch=75 pause_ms=0
CAPTURE_CLOSED i=3915 epoch=76 pause_ms=0
CAPTURE_CLOSED i=3916 epoch=77 pause_ms=0
CAPTURE_CLOSED i=3917 epoch=78 pause_ms=0
CAPTURE_CLOSED i=3918 epoch=79 pause_ms=0
CAPTURE_CLOSED i=3919 epoch=80 pause_ms=0
CAPTURE_CLOSED i=3920 epoch=81 pause_ms=0
CAPTURE_CLOSED i=3921 epoch=82 pause_ms=0
CAPTURE_CLOSED i=3922 epoch=83 pause_ms=0
CAPTURE_CLOSED i=3923 epoch=84 pause_ms=0
CAPTURE_CLOSED i=3924 epoch=85 pause_ms=0
CAPTURE_CLOSED i=3925 epoch=86 pause_ms=0
CAPTURE_CLOSED i=3926 epoch=87 pause_ms=0
CAPTURE_CLOSED i=3927 epoch=88 pause_ms=0
CAPTURE_CLOSED i=3928 epoch=89 pause_ms=0
CAPTURE_CLOSED i=3929 epoch=90 pause_ms=0
CAPTURE_CLOSED i=3930 epoch=91 pause_ms=0
CAPTURE_CLOSED i=3931 epoch=92 pause_ms=0
CAPTURE_CLOSED i=3932 epoch=93 pause_ms=0
CAPTURE_CLOSED i=3933 epoch=94 pause_ms=0
CAPTURE_CLOSED i=3934 epoch=95 pause_ms=0
CAPTURE_CLOSED i=3935 epoch=96 pause_ms=0
CAPTURE_CLOSED i=3936 epoch=97 pause_ms=0
CAPTURE_CLOSED i=3937 epoch=98 pause_ms=0
CAPTURE_CLOSED i=3938 epoch=99 pause_ms=0
CAPTURE_CLOSED i=3939 epoch=100 pause_ms=0
CAPTURE_CLOSED i=3940 epoch=101 pause_ms=0
CAPTURE_CLOSED i=3941 epoch=102 pause_ms=0
CAPTURE_CLOSED i=3942 epoch=103 pause_ms=0
CAPTURE_CLOSED i=3943 epoch=104 pause_ms=0
CAPTURE_CLOSED i=3944 epoch=105 pause_ms=0
CAPTURE_CLOSED i=3945 epoch=106 pause_ms=0
CAPTURE_CLOSED i=3946 epoch=107 pause_ms=0
CAPTURE_CLOSED i=3947 epoch=108 pause_ms=0
CAPTURE_CLOSED i=3948 epoch=109 pause_ms=0
CAPTURE_CLOSED i=3949 epoch=110 pause_ms=0
CAPTURE_CLOSED i=3950 epoch=111 pause_ms=0
CAPTURE_CLOSED i=3951 epoch=112 pause_ms=0
CAPTURE_CLOSED i=3952 epoch=113 pause_ms=0
CAPTURE_CLOSED i=3953 epoch=114 pause_ms=0
CAPTURE_CLOSED i=3954 epoch=115 pause_ms=0
CAPTURE_CLOSED i=3955 epoch=116 pause_ms=0
CAPTURE_CLOSED i=3956 epoch=117 pause_ms=0
CAPTURE_CLOSED i=3957 epoch=118 pause_ms=0
CAPTURE_CLOSED i=3958 epoch=119 pause_ms=0
CAPTURE_CLOSED i=3959 epoch=120 pause_ms=0
CAPTURE_CLOSED i=3960 epoch=121 pause_ms=0
CAPTURE_CLOSED i=3961 epoch=122 pause_ms=0
CAPTURE_CLOSED i=3962 epoch=123 pause_ms=0
CAPTURE_CLOSED i=3963 epoch=124 pause_ms=0
CAPTURE_CLOSED i=3964 epoch=125 pause_ms=0
CAPTURE_CLOSED i=3965 epoch=126 pause_ms=0
CAPTURE_CLOSED i=3966 epoch=127 pause_ms=0
CAPTURE_CLOSED i=3967 epoch=128 pause_ms=0
CAPTURE_CLOSED i=3968 epoch=129 pause_ms=0
CAPTURE_CLOSED i=3969 epoch=130 pause_ms=0
CAPTURE_CLOSED i=3970 epoch=131 pause_ms=0
CAPTURE_CLOSED i=3971 epoch=132 pause_ms=0
CAPTURE_CLOSED i=3972 epoch=133 pause_ms=0
CAPTURE_CLOSED i=3973 epoch=134 pause_ms=0
CAPTURE_CLOSED i=3974 epoch=135 pause_ms=0
CAPTURE_CLOSED i=3975 epoch=136 pause_ms=0
CAPTURE_CLOSED i=3976 epoch=137 pause_ms=0
CAPTURE_CLOSED i=3977 epoch=138 pause_ms=0
CAPTURE_CLOSED i=3978 epoch=139 pause_ms=0
CAPTURE_CLOSED i=3979 epoch=140 pause_ms=0
CAPTURE_CLOSED i=3980 epoch=141 pause_ms=0
CAPTURE_CLOSED i=3981 epoch=142 pause_ms=0
CAPTURE_CLOSED i=3982 epoch=143 pause_ms=0
CAPTURE_CLOSED i=3983 epoch=144 pause_ms=0
CAPTURE_CLOSED i=3984 epoch=145 pause_ms=0
CAPTURE_CLOSED i=3985 epoch=146 pause_ms=0
CAPTURE_CLOSED i=3986 epoch=147 pause_ms=0
CAPTURE_CLOSED i=3987 epoch=148 pause_ms=0
CAPTURE_CLOSED i=3988 epoch=149 pause_ms=0
CAPTURE_CLOSED i=3989 epoch=150 pause_ms=0
CAPTURE_CLOSED i=3990 epoch=151 pause_ms=0
CAPTURE_CLOSED i=3991 epoch=152 pause_ms=0
CAPTURE_CLOSED i=3992 epoch=153 pause_ms=0
CAPTURE_CLOSED i=3993 epoch=154 pause_ms=0
CAPTURE_CLOSED i=3994 epoch=155 pause_ms=0
CAPTURE_CLOSED i=3995 epoch=156 pause_ms=0
CAPTURE_CLOSED i=3996 epoch=157 pause_ms=0
CAPTURE_CLOSED i=3997 epoch=158 pause_ms=0
CAPTURE_CLOSED i=3998 epoch=159 pause_ms=0
TRACE_SPI txn=4000 writes=24 host_observed_write_us=15609.914 post_spi_to_tune_return_us=3420.859
CAPTURE_CLOSED i=3999 epoch=160 pause_ms=0
mode=BOTH progress=4000 unrecovered=0 first_read_faults=0 recovered=0 last_epoch=160
CAPTURE_CLOSED i=4000 epoch=161 pause_ms=0
CAPTURE_CLOSED i=4001 epoch=162 pause_ms=0
CAPTURE_CLOSED i=4002 epoch=163 pause_ms=0
CAPTURE_CLOSED i=4003 epoch=164 pause_ms=0
CAPTURE_CLOSED i=4004 epoch=165 pause_ms=0
CAPTURE_CLOSED i=4005 epoch=166 pause_ms=0
CAPTURE_CLOSED i=4006 epoch=167 pause_ms=0
CAPTURE_CLOSED i=4007 epoch=168 pause_ms=0
CAPTURE_CLOSED i=4008 epoch=169 pause_ms=0
CAPTURE_CLOSED i=4009 epoch=170 pause_ms=0
CAPTURE_CLOSED i=4010 epoch=171 pause_ms=0
CAPTURE_CLOSED i=4011 epoch=172 pause_ms=0
CAPTURE_CLOSED i=4012 epoch=173 pause_ms=0
CAPTURE_CLOSED i=4013 epoch=174 pause_ms=0
CAPTURE_CLOSED i=4014 epoch=175 pause_ms=0
CAPTURE_CLOSED i=4015 epoch=176 pause_ms=0
CAPTURE_CLOSED i=4016 epoch=177 pause_ms=0
CAPTURE_CLOSED i=4017 epoch=178 pause_ms=0
CAPTURE_CLOSED i=4018 epoch=179 pause_ms=0
CAPTURE_CLOSED i=4019 epoch=180 pause_ms=0
CAPTURE_CLOSED i=4020 epoch=181 pause_ms=0
CAPTURE_CLOSED i=4021 epoch=182 pause_ms=0
CAPTURE_CLOSED i=4022 epoch=183 pause_ms=0
CAPTURE_CLOSED i=4023 epoch=184 pause_ms=0
CAPTURE_CLOSED i=4024 epoch=185 pause_ms=0
CAPTURE_CLOSED i=4025 epoch=186 pause_ms=0
CAPTURE_CLOSED i=4026 epoch=187 pause_ms=0
CAPTURE_CLOSED i=4027 epoch=188 pause_ms=0
CAPTURE_CLOSED i=4028 epoch=189 pause_ms=0
CAPTURE_CLOSED i=4029 epoch=190 pause_ms=0
CAPTURE_CLOSED i=4030 epoch=191 pause_ms=0
CAPTURE_CLOSED i=4031 epoch=192 pause_ms=0
CAPTURE_CLOSED i=4032 epoch=193 pause_ms=0
CAPTURE_CLOSED i=4033 epoch=194 pause_ms=0
CAPTURE_CLOSED i=4034 epoch=195 pause_ms=0
CAPTURE_CLOSED i=4035 epoch=196 pause_ms=0
CAPTURE_CLOSED i=4036 epoch=197 pause_ms=0
CAPTURE_CLOSED i=4037 epoch=198 pause_ms=0
CAPTURE_CLOSED i=4038 epoch=199 pause_ms=0
CAPTURE_CLOSED i=4039 epoch=200 pause_ms=0
CAPTURE_CLOSED i=4040 epoch=201 pause_ms=0
CAPTURE_CLOSED i=4041 epoch=202 pause_ms=0
CAPTURE_CLOSED i=4042 epoch=203 pause_ms=0
CAPTURE_CLOSED i=4043 epoch=204 pause_ms=0
CAPTURE_CLOSED i=4044 epoch=205 pause_ms=0
CAPTURE_CLOSED i=4045 epoch=206 pause_ms=0
CAPTURE_CLOSED i=4046 epoch=207 pause_ms=0
CAPTURE_CLOSED i=4047 epoch=208 pause_ms=0
CAPTURE_CLOSED i=4048 epoch=209 pause_ms=0
CAPTURE_CLOSED i=4049 epoch=210 pause_ms=0
CAPTURE_CLOSED i=4050 epoch=211 pause_ms=0
CAPTURE_CLOSED i=4051 epoch=212 pause_ms=0
CAPTURE_CLOSED i=4052 epoch=213 pause_ms=0
CAPTURE_CLOSED i=4053 epoch=214 pause_ms=0
CAPTURE_CLOSED i=4054 epoch=215 pause_ms=0
CAPTURE_CLOSED i=4055 epoch=216 pause_ms=0
CAPTURE_CLOSED i=4056 epoch=217 pause_ms=0
CAPTURE_CLOSED i=4057 epoch=218 pause_ms=0
CAPTURE_CLOSED i=4058 epoch=219 pause_ms=0
CAPTURE_CLOSED i=4059 epoch=220 pause_ms=0
CAPTURE_CLOSED i=4060 epoch=221 pause_ms=0
CAPTURE_CLOSED i=4061 epoch=222 pause_ms=0
CAPTURE_CLOSED i=4062 epoch=223 pause_ms=0
CAPTURE_CLOSED i=4063 epoch=224 pause_ms=0
CAPTURE_CLOSED i=4064 epoch=225 pause_ms=0
CAPTURE_CLOSED i=4065 epoch=226 pause_ms=0
CAPTURE_CLOSED i=4066 epoch=227 pause_ms=0
CAPTURE_CLOSED i=4067 epoch=228 pause_ms=0
CAPTURE_CLOSED i=4068 epoch=229 pause_ms=0
CAPTURE_CLOSED i=4069 epoch=230 pause_ms=0
CAPTURE_CLOSED i=4070 epoch=231 pause_ms=0
CAPTURE_CLOSED i=4071 epoch=232 pause_ms=0
CAPTURE_CLOSED i=4072 epoch=233 pause_ms=0
CAPTURE_CLOSED i=4073 epoch=234 pause_ms=0
CAPTURE_CLOSED i=4074 epoch=235 pause_ms=0
CAPTURE_CLOSED i=4075 epoch=236 pause_ms=0
CAPTURE_CLOSED i=4076 epoch=237 pause_ms=0
CAPTURE_CLOSED i=4077 epoch=238 pause_ms=0
CAPTURE_CLOSED i=4078 epoch=239 pause_ms=0
CAPTURE_CLOSED i=4079 epoch=240 pause_ms=0
CAPTURE_CLOSED i=4080 epoch=241 pause_ms=0
CAPTURE_CLOSED i=4081 epoch=242 pause_ms=0
CAPTURE_CLOSED i=4082 epoch=243 pause_ms=0
CAPTURE_CLOSED i=4083 epoch=244 pause_ms=0
CAPTURE_CLOSED i=4084 epoch=245 pause_ms=0
CAPTURE_CLOSED i=4085 epoch=246 pause_ms=0
CAPTURE_CLOSED i=4086 epoch=247 pause_ms=0
CAPTURE_CLOSED i=4087 epoch=248 pause_ms=0
CAPTURE_CLOSED i=4088 epoch=249 pause_ms=0
CAPTURE_CLOSED i=4089 epoch=250 pause_ms=0
CAPTURE_CLOSED i=4090 epoch=251 pause_ms=0
CAPTURE_CLOSED i=4091 epoch=252 pause_ms=0
CAPTURE_CLOSED i=4092 epoch=253 pause_ms=0
CAPTURE_CLOSED i=4093 epoch=254 pause_ms=0
CAPTURE_CLOSED i=4094 epoch=255 pause_ms=0
CAPTURE_CLOSED i=4095 epoch=0 pause_ms=0
CAPTURE_CLOSED i=4096 epoch=1 pause_ms=0
CAPTURE_CLOSED i=4097 epoch=2 pause_ms=0
CAPTURE_CLOSED i=4098 epoch=3 pause_ms=0
TRACE_SPI txn=4100 writes=24 host_observed_write_us=15963.014 post_spi_to_tune_return_us=3501.203
CAPTURE_CLOSED i=4099 epoch=4 pause_ms=0
mode=BOTH progress=4100 unrecovered=0 first_read_faults=0 recovered=0 last_epoch=4
CAPTURE_CLOSED i=4100 epoch=5 pause_ms=0
CAPTURE_CLOSED i=4101 epoch=6 pause_ms=0
CAPTURE_CLOSED i=4102 epoch=7 pause_ms=0
CAPTURE_CLOSED i=4103 epoch=8 pause_ms=0
CAPTURE_CLOSED i=4104 epoch=9 pause_ms=0
CAPTURE_CLOSED i=4105 epoch=10 pause_ms=0
CAPTURE_CLOSED i=4106 epoch=11 pause_ms=0
CAPTURE_CLOSED i=4107 epoch=12 pause_ms=0
CAPTURE_CLOSED i=4108 epoch=13 pause_ms=0
CAPTURE_CLOSED i=4109 epoch=14 pause_ms=0
CAPTURE_CLOSED i=4110 epoch=15 pause_ms=0
CAPTURE_CLOSED i=4111 epoch=16 pause_ms=0
CAPTURE_CLOSED i=4112 epoch=17 pause_ms=0
CAPTURE_CLOSED i=4113 epoch=18 pause_ms=0
CAPTURE_CLOSED i=4114 epoch=19 pause_ms=0
CAPTURE_CLOSED i=4115 epoch=20 pause_ms=0
CAPTURE_CLOSED i=4116 epoch=21 pause_ms=0
CAPTURE_CLOSED i=4117 epoch=22 pause_ms=0
CAPTURE_CLOSED i=4118 epoch=23 pause_ms=0
CAPTURE_CLOSED i=4119 epoch=24 pause_ms=0
CAPTURE_CLOSED i=4120 epoch=25 pause_ms=0
CAPTURE_CLOSED i=4121 epoch=26 pause_ms=0
CAPTURE_CLOSED i=4122 epoch=27 pause_ms=0
CAPTURE_CLOSED i=4123 epoch=28 pause_ms=0
CAPTURE_CLOSED i=4124 epoch=29 pause_ms=0
CAPTURE_CLOSED i=4125 epoch=30 pause_ms=0
CAPTURE_CLOSED i=4126 epoch=31 pause_ms=0
CAPTURE_CLOSED i=4127 epoch=32 pause_ms=0
CAPTURE_CLOSED i=4128 epoch=33 pause_ms=0
CAPTURE_CLOSED i=4129 epoch=34 pause_ms=0
CAPTURE_CLOSED i=4130 epoch=35 pause_ms=0
CAPTURE_CLOSED i=4131 epoch=36 pause_ms=0
CAPTURE_CLOSED i=4132 epoch=37 pause_ms=0
CAPTURE_CLOSED i=4133 epoch=38 pause_ms=0
CAPTURE_CLOSED i=4134 epoch=39 pause_ms=0
CAPTURE_CLOSED i=4135 epoch=40 pause_ms=0
CAPTURE_CLOSED i=4136 epoch=41 pause_ms=0
CAPTURE_CLOSED i=4137 epoch=42 pause_ms=0
CAPTURE_CLOSED i=4138 epoch=43 pause_ms=0
CAPTURE_CLOSED i=4139 epoch=44 pause_ms=0
CAPTURE_CLOSED i=4140 epoch=45 pause_ms=0
CAPTURE_CLOSED i=4141 epoch=46 pause_ms=0
CAPTURE_CLOSED i=4142 epoch=47 pause_ms=0
CAPTURE_CLOSED i=4143 epoch=48 pause_ms=0
CAPTURE_CLOSED i=4144 epoch=49 pause_ms=0
CAPTURE_CLOSED i=4145 epoch=50 pause_ms=0
CAPTURE_CLOSED i=4146 epoch=51 pause_ms=0
CAPTURE_CLOSED i=4147 epoch=52 pause_ms=0
CAPTURE_CLOSED i=4148 epoch=53 pause_ms=0
CAPTURE_CLOSED i=4149 epoch=54 pause_ms=0
CAPTURE_CLOSED i=4150 epoch=55 pause_ms=0
CAPTURE_CLOSED i=4151 epoch=56 pause_ms=0
CAPTURE_CLOSED i=4152 epoch=57 pause_ms=0
CAPTURE_CLOSED i=4153 epoch=58 pause_ms=0
CAPTURE_CLOSED i=4154 epoch=59 pause_ms=0
CAPTURE_CLOSED i=4155 epoch=60 pause_ms=0
CAPTURE_CLOSED i=4156 epoch=61 pause_ms=0
CAPTURE_CLOSED i=4157 epoch=62 pause_ms=0
CAPTURE_CLOSED i=4158 epoch=63 pause_ms=0
CAPTURE_CLOSED i=4159 epoch=64 pause_ms=0
CAPTURE_CLOSED i=4160 epoch=65 pause_ms=0
CAPTURE_CLOSED i=4161 epoch=66 pause_ms=0
CAPTURE_CLOSED i=4162 epoch=67 pause_ms=0
CAPTURE_CLOSED i=4163 epoch=68 pause_ms=0
CAPTURE_CLOSED i=4164 epoch=69 pause_ms=0
CAPTURE_CLOSED i=4165 epoch=70 pause_ms=0
CAPTURE_CLOSED i=4166 epoch=71 pause_ms=0
CAPTURE_CLOSED i=4167 epoch=72 pause_ms=0
CAPTURE_CLOSED i=4168 epoch=73 pause_ms=0
CAPTURE_CLOSED i=4169 epoch=74 pause_ms=0
CAPTURE_CLOSED i=4170 epoch=75 pause_ms=0
CAPTURE_CLOSED i=4171 epoch=76 pause_ms=0
CAPTURE_CLOSED i=4172 epoch=77 pause_ms=0
CAPTURE_CLOSED i=4173 epoch=78 pause_ms=0
CAPTURE_CLOSED i=4174 epoch=79 pause_ms=0
CAPTURE_CLOSED i=4175 epoch=80 pause_ms=0
CAPTURE_CLOSED i=4176 epoch=81 pause_ms=0
CAPTURE_CLOSED i=4177 epoch=82 pause_ms=0
CAPTURE_CLOSED i=4178 epoch=83 pause_ms=0
CAPTURE_CLOSED i=4179 epoch=84 pause_ms=0
CAPTURE_CLOSED i=4180 epoch=85 pause_ms=0
CAPTURE_CLOSED i=4181 epoch=86 pause_ms=0
CAPTURE_CLOSED i=4182 epoch=87 pause_ms=0
CAPTURE_CLOSED i=4183 epoch=88 pause_ms=0
CAPTURE_CLOSED i=4184 epoch=89 pause_ms=0
CAPTURE_CLOSED i=4185 epoch=90 pause_ms=0
CAPTURE_CLOSED i=4186 epoch=91 pause_ms=0
CAPTURE_CLOSED i=4187 epoch=92 pause_ms=0
CAPTURE_CLOSED i=4188 epoch=93 pause_ms=0
CAPTURE_CLOSED i=4189 epoch=94 pause_ms=0
CAPTURE_CLOSED i=4190 epoch=95 pause_ms=0
CAPTURE_CLOSED i=4191 epoch=96 pause_ms=0
CAPTURE_CLOSED i=4192 epoch=97 pause_ms=0
CAPTURE_CLOSED i=4193 epoch=98 pause_ms=0
CAPTURE_CLOSED i=4194 epoch=99 pause_ms=0
CAPTURE_CLOSED i=4195 epoch=100 pause_ms=0
CAPTURE_CLOSED i=4196 epoch=101 pause_ms=0
CAPTURE_CLOSED i=4197 epoch=102 pause_ms=0
CAPTURE_CLOSED i=4198 epoch=103 pause_ms=0
TRACE_SPI txn=4200 writes=24 host_observed_write_us=15433.819 post_spi_to_tune_return_us=3487.088
CAPTURE_CLOSED i=4199 epoch=104 pause_ms=0
mode=BOTH progress=4200 unrecovered=0 first_read_faults=0 recovered=0 last_epoch=104
CAPTURE_CLOSED i=4200 epoch=105 pause_ms=0
CAPTURE_CLOSED i=4201 epoch=106 pause_ms=0
CAPTURE_CLOSED i=4202 epoch=107 pause_ms=0
CAPTURE_CLOSED i=4203 epoch=108 pause_ms=0
CAPTURE_CLOSED i=4204 epoch=109 pause_ms=0
CAPTURE_CLOSED i=4205 epoch=110 pause_ms=0
CAPTURE_CLOSED i=4206 epoch=111 pause_ms=0
CAPTURE_CLOSED i=4207 epoch=112 pause_ms=0
CAPTURE_CLOSED i=4208 epoch=113 pause_ms=0
CAPTURE_CLOSED i=4209 epoch=114 pause_ms=0
CAPTURE_CLOSED i=4210 epoch=115 pause_ms=0
CAPTURE_CLOSED i=4211 epoch=116 pause_ms=0
CAPTURE_CLOSED i=4212 epoch=117 pause_ms=0
CAPTURE_CLOSED i=4213 epoch=118 pause_ms=0
CAPTURE_CLOSED i=4214 epoch=119 pause_ms=0
CAPTURE_CLOSED i=4215 epoch=120 pause_ms=0
CAPTURE_CLOSED i=4216 epoch=121 pause_ms=0
CAPTURE_CLOSED i=4217 epoch=122 pause_ms=0
CAPTURE_CLOSED i=4218 epoch=123 pause_ms=0
CAPTURE_CLOSED i=4219 epoch=124 pause_ms=0
CAPTURE_CLOSED i=4220 epoch=125 pause_ms=0
CAPTURE_CLOSED i=4221 epoch=126 pause_ms=0
CAPTURE_CLOSED i=4222 epoch=127 pause_ms=0
CAPTURE_CLOSED i=4223 epoch=128 pause_ms=0
CAPTURE_CLOSED i=4224 epoch=129 pause_ms=0
CAPTURE_CLOSED i=4225 epoch=130 pause_ms=0
CAPTURE_CLOSED i=4226 epoch=131 pause_ms=0
CAPTURE_CLOSED i=4227 epoch=132 pause_ms=0
CAPTURE_CLOSED i=4228 epoch=133 pause_ms=0
CAPTURE_CLOSED i=4229 epoch=134 pause_ms=0
CAPTURE_CLOSED i=4230 epoch=135 pause_ms=0
CAPTURE_CLOSED i=4231 epoch=136 pause_ms=0
CAPTURE_CLOSED i=4232 epoch=137 pause_ms=0
CAPTURE_CLOSED i=4233 epoch=138 pause_ms=0
CAPTURE_CLOSED i=4234 epoch=139 pause_ms=0
CAPTURE_CLOSED i=4235 epoch=140 pause_ms=0
CAPTURE_CLOSED i=4236 epoch=141 pause_ms=0
CAPTURE_CLOSED i=4237 epoch=142 pause_ms=0
CAPTURE_CLOSED i=4238 epoch=143 pause_ms=0
CAPTURE_CLOSED i=4239 epoch=144 pause_ms=0
CAPTURE_CLOSED i=4240 epoch=145 pause_ms=0
CAPTURE_CLOSED i=4241 epoch=146 pause_ms=0
CAPTURE_CLOSED i=4242 epoch=147 pause_ms=0
CAPTURE_CLOSED i=4243 epoch=148 pause_ms=0
CAPTURE_CLOSED i=4244 epoch=149 pause_ms=0
CAPTURE_CLOSED i=4245 epoch=150 pause_ms=0
CAPTURE_CLOSED i=4246 epoch=151 pause_ms=0
CAPTURE_CLOSED i=4247 epoch=152 pause_ms=0
CAPTURE_CLOSED i=4248 epoch=153 pause_ms=0
CAPTURE_CLOSED i=4249 epoch=154 pause_ms=0
CAPTURE_CLOSED i=4250 epoch=155 pause_ms=0
CAPTURE_CLOSED i=4251 epoch=156 pause_ms=0
CAPTURE_CLOSED i=4252 epoch=157 pause_ms=0
CAPTURE_CLOSED i=4253 epoch=158 pause_ms=0
CAPTURE_CLOSED i=4254 epoch=159 pause_ms=0
CAPTURE_CLOSED i=4255 epoch=160 pause_ms=0
CAPTURE_CLOSED i=4256 epoch=161 pause_ms=0
CAPTURE_CLOSED i=4257 epoch=162 pause_ms=0
CAPTURE_CLOSED i=4258 epoch=163 pause_ms=0
CAPTURE_CLOSED i=4259 epoch=164 pause_ms=0
CAPTURE_CLOSED i=4260 epoch=165 pause_ms=0
CAPTURE_CLOSED i=4261 epoch=166 pause_ms=0
CAPTURE_CLOSED i=4262 epoch=167 pause_ms=0
CAPTURE_CLOSED i=4263 epoch=168 pause_ms=0
CAPTURE_CLOSED i=4264 epoch=169 pause_ms=0
CAPTURE_CLOSED i=4265 epoch=170 pause_ms=0
CAPTURE_CLOSED i=4266 epoch=171 pause_ms=0
CAPTURE_CLOSED i=4267 epoch=172 pause_ms=0
CAPTURE_CLOSED i=4268 epoch=173 pause_ms=0
CAPTURE_CLOSED i=4269 epoch=174 pause_ms=0
CAPTURE_CLOSED i=4270 epoch=175 pause_ms=0
CAPTURE_CLOSED i=4271 epoch=176 pause_ms=0
CAPTURE_CLOSED i=4272 epoch=177 pause_ms=0
CAPTURE_CLOSED i=4273 epoch=178 pause_ms=0
CAPTURE_CLOSED i=4274 epoch=179 pause_ms=0
CAPTURE_CLOSED i=4275 epoch=180 pause_ms=0
CAPTURE_CLOSED i=4276 epoch=181 pause_ms=0
CAPTURE_CLOSED i=4277 epoch=182 pause_ms=0
CAPTURE_CLOSED i=4278 epoch=183 pause_ms=0
CAPTURE_CLOSED i=4279 epoch=184 pause_ms=0
CAPTURE_CLOSED i=4280 epoch=185 pause_ms=0
CAPTURE_CLOSED i=4281 epoch=186 pause_ms=0
CAPTURE_CLOSED i=4282 epoch=187 pause_ms=0
CAPTURE_CLOSED i=4283 epoch=188 pause_ms=0
CAPTURE_CLOSED i=4284 epoch=189 pause_ms=0
CAPTURE_CLOSED i=4285 epoch=190 pause_ms=0
CAPTURE_CLOSED i=4286 epoch=191 pause_ms=0
CAPTURE_CLOSED i=4287 epoch=192 pause_ms=0
CAPTURE_CLOSED i=4288 epoch=193 pause_ms=0
CAPTURE_CLOSED i=4289 epoch=194 pause_ms=0
CAPTURE_CLOSED i=4290 epoch=195 pause_ms=0
CAPTURE_CLOSED i=4291 epoch=196 pause_ms=0
CAPTURE_CLOSED i=4292 epoch=197 pause_ms=0
CAPTURE_CLOSED i=4293 epoch=198 pause_ms=0
CAPTURE_CLOSED i=4294 epoch=199 pause_ms=0
CAPTURE_CLOSED i=4295 epoch=200 pause_ms=0
CAPTURE_CLOSED i=4296 epoch=201 pause_ms=0
CAPTURE_CLOSED i=4297 epoch=202 pause_ms=0
CAPTURE_CLOSED i=4298 epoch=203 pause_ms=0
TRACE_SPI txn=4300 writes=24 host_observed_write_us=15523.301 post_spi_to_tune_return_us=3365.320
CAPTURE_CLOSED i=4299 epoch=204 pause_ms=0
mode=BOTH progress=4300 unrecovered=0 first_read_faults=0 recovered=0 last_epoch=204
CAPTURE_CLOSED i=4300 epoch=205 pause_ms=0
CAPTURE_CLOSED i=4301 epoch=206 pause_ms=0
CAPTURE_CLOSED i=4302 epoch=207 pause_ms=0
CAPTURE_CLOSED i=4303 epoch=208 pause_ms=0
CAPTURE_CLOSED i=4304 epoch=209 pause_ms=0
CAPTURE_CLOSED i=4305 epoch=210 pause_ms=0
CAPTURE_CLOSED i=4306 epoch=211 pause_ms=0
CAPTURE_CLOSED i=4307 epoch=212 pause_ms=0
CAPTURE_CLOSED i=4308 epoch=213 pause_ms=0
CAPTURE_CLOSED i=4309 epoch=214 pause_ms=0
CAPTURE_CLOSED i=4310 epoch=215 pause_ms=0
CAPTURE_CLOSED i=4311 epoch=216 pause_ms=0
CAPTURE_CLOSED i=4312 epoch=217 pause_ms=0
CAPTURE_CLOSED i=4313 epoch=218 pause_ms=0
CAPTURE_CLOSED i=4314 epoch=219 pause_ms=0
CAPTURE_CLOSED i=4315 epoch=220 pause_ms=0
CAPTURE_CLOSED i=4316 epoch=221 pause_ms=0
CAPTURE_CLOSED i=4317 epoch=222 pause_ms=0
CAPTURE_CLOSED i=4318 epoch=223 pause_ms=0
CAPTURE_CLOSED i=4319 epoch=224 pause_ms=0
CAPTURE_CLOSED i=4320 epoch=225 pause_ms=0
CAPTURE_CLOSED i=4321 epoch=226 pause_ms=0
CAPTURE_CLOSED i=4322 epoch=227 pause_ms=0
CAPTURE_CLOSED i=4323 epoch=228 pause_ms=0
CAPTURE_CLOSED i=4324 epoch=229 pause_ms=0
CAPTURE_CLOSED i=4325 epoch=230 pause_ms=0
CAPTURE_CLOSED i=4326 epoch=231 pause_ms=0
CAPTURE_CLOSED i=4327 epoch=232 pause_ms=0
CAPTURE_CLOSED i=4328 epoch=233 pause_ms=0
CAPTURE_CLOSED i=4329 epoch=234 pause_ms=0
CAPTURE_CLOSED i=4330 epoch=235 pause_ms=0
CAPTURE_CLOSED i=4331 epoch=236 pause_ms=0
CAPTURE_CLOSED i=4332 epoch=237 pause_ms=0
CAPTURE_CLOSED i=4333 epoch=238 pause_ms=0
CAPTURE_CLOSED i=4334 epoch=239 pause_ms=0
CAPTURE_CLOSED i=4335 epoch=240 pause_ms=0
CAPTURE_CLOSED i=4336 epoch=241 pause_ms=0
CAPTURE_CLOSED i=4337 epoch=242 pause_ms=0
CAPTURE_CLOSED i=4338 epoch=243 pause_ms=0
CAPTURE_CLOSED i=4339 epoch=244 pause_ms=0
CAPTURE_CLOSED i=4340 epoch=245 pause_ms=0
CAPTURE_CLOSED i=4341 epoch=246 pause_ms=0
CAPTURE_CLOSED i=4342 epoch=247 pause_ms=0
CAPTURE_CLOSED i=4343 epoch=248 pause_ms=0
CAPTURE_CLOSED i=4344 epoch=249 pause_ms=0
CAPTURE_CLOSED i=4345 epoch=250 pause_ms=0
CAPTURE_CLOSED i=4346 epoch=251 pause_ms=0
CAPTURE_CLOSED i=4347 epoch=252 pause_ms=0
CAPTURE_CLOSED i=4348 epoch=253 pause_ms=0
CAPTURE_CLOSED i=4349 epoch=254 pause_ms=0
CAPTURE_CLOSED i=4350 epoch=255 pause_ms=0
CAPTURE_CLOSED i=4351 epoch=0 pause_ms=0
CAPTURE_CLOSED i=4352 epoch=1 pause_ms=0
CAPTURE_CLOSED i=4353 epoch=2 pause_ms=0
CAPTURE_CLOSED i=4354 epoch=3 pause_ms=0
CAPTURE_CLOSED i=4355 epoch=4 pause_ms=0
CAPTURE_CLOSED i=4356 epoch=5 pause_ms=0
CAPTURE_CLOSED i=4357 epoch=6 pause_ms=0
CAPTURE_CLOSED i=4358 epoch=7 pause_ms=0
CAPTURE_CLOSED i=4359 epoch=8 pause_ms=0
CAPTURE_CLOSED i=4360 epoch=9 pause_ms=0
CAPTURE_CLOSED i=4361 epoch=10 pause_ms=0
CAPTURE_CLOSED i=4362 epoch=11 pause_ms=0
CAPTURE_CLOSED i=4363 epoch=12 pause_ms=0
CAPTURE_CLOSED i=4364 epoch=13 pause_ms=0
CAPTURE_CLOSED i=4365 epoch=14 pause_ms=0
CAPTURE_CLOSED i=4366 epoch=15 pause_ms=0
CAPTURE_CLOSED i=4367 epoch=16 pause_ms=0
CAPTURE_CLOSED i=4368 epoch=17 pause_ms=0
CAPTURE_CLOSED i=4369 epoch=18 pause_ms=0
CAPTURE_CLOSED i=4370 epoch=19 pause_ms=0
CAPTURE_CLOSED i=4371 epoch=20 pause_ms=0
CAPTURE_CLOSED i=4372 epoch=21 pause_ms=0
CAPTURE_CLOSED i=4373 epoch=22 pause_ms=0
CAPTURE_CLOSED i=4374 epoch=23 pause_ms=0
CAPTURE_CLOSED i=4375 epoch=24 pause_ms=0
CAPTURE_CLOSED i=4376 epoch=25 pause_ms=0
CAPTURE_CLOSED i=4377 epoch=26 pause_ms=0
CAPTURE_CLOSED i=4378 epoch=27 pause_ms=0
CAPTURE_CLOSED i=4379 epoch=28 pause_ms=0
CAPTURE_CLOSED i=4380 epoch=29 pause_ms=0
CAPTURE_CLOSED i=4381 epoch=30 pause_ms=0
CAPTURE_CLOSED i=4382 epoch=31 pause_ms=0
CAPTURE_CLOSED i=4383 epoch=32 pause_ms=0
CAPTURE_CLOSED i=4384 epoch=33 pause_ms=0
CAPTURE_CLOSED i=4385 epoch=34 pause_ms=0
CAPTURE_CLOSED i=4386 epoch=35 pause_ms=0
CAPTURE_CLOSED i=4387 epoch=36 pause_ms=0
CAPTURE_CLOSED i=4388 epoch=37 pause_ms=0
CAPTURE_CLOSED i=4389 epoch=38 pause_ms=0
CAPTURE_CLOSED i=4390 epoch=39 pause_ms=0
CAPTURE_CLOSED i=4391 epoch=40 pause_ms=0
CAPTURE_CLOSED i=4392 epoch=41 pause_ms=0
CAPTURE_CLOSED i=4393 epoch=42 pause_ms=0
CAPTURE_CLOSED i=4394 epoch=43 pause_ms=0
CAPTURE_CLOSED i=4395 epoch=44 pause_ms=0
CAPTURE_CLOSED i=4396 epoch=45 pause_ms=0
CAPTURE_CLOSED i=4397 epoch=46 pause_ms=0
CAPTURE_CLOSED i=4398 epoch=47 pause_ms=0
TRACE_SPI txn=4400 writes=24 host_observed_write_us=15524.166 post_spi_to_tune_return_us=3327.658
CAPTURE_CLOSED i=4399 epoch=48 pause_ms=0
mode=BOTH progress=4400 unrecovered=0 first_read_faults=0 recovered=0 last_epoch=48
CAPTURE_CLOSED i=4400 epoch=49 pause_ms=0
CAPTURE_CLOSED i=4401 epoch=50 pause_ms=0
CAPTURE_CLOSED i=4402 epoch=51 pause_ms=0
CAPTURE_CLOSED i=4403 epoch=52 pause_ms=0
CAPTURE_CLOSED i=4404 epoch=53 pause_ms=0
CAPTURE_CLOSED i=4405 epoch=54 pause_ms=0
CAPTURE_CLOSED i=4406 epoch=55 pause_ms=0
CAPTURE_CLOSED i=4407 epoch=56 pause_ms=0
CAPTURE_CLOSED i=4408 epoch=57 pause_ms=0
CAPTURE_CLOSED i=4409 epoch=58 pause_ms=0
CAPTURE_CLOSED i=4410 epoch=59 pause_ms=0
CAPTURE_CLOSED i=4411 epoch=60 pause_ms=0
CAPTURE_CLOSED i=4412 epoch=61 pause_ms=0
CAPTURE_CLOSED i=4413 epoch=62 pause_ms=0
CAPTURE_CLOSED i=4414 epoch=63 pause_ms=0
CAPTURE_CLOSED i=4415 epoch=64 pause_ms=0
CAPTURE_CLOSED i=4416 epoch=65 pause_ms=0
CAPTURE_CLOSED i=4417 epoch=66 pause_ms=0
CAPTURE_CLOSED i=4418 epoch=67 pause_ms=0
CAPTURE_CLOSED i=4419 epoch=68 pause_ms=0
CAPTURE_CLOSED i=4420 epoch=69 pause_ms=0
CAPTURE_CLOSED i=4421 epoch=70 pause_ms=0
CAPTURE_CLOSED i=4422 epoch=71 pause_ms=0
CAPTURE_CLOSED i=4423 epoch=72 pause_ms=0
CAPTURE_CLOSED i=4424 epoch=73 pause_ms=0
CAPTURE_CLOSED i=4425 epoch=74 pause_ms=0
CAPTURE_CLOSED i=4426 epoch=75 pause_ms=0
CAPTURE_CLOSED i=4427 epoch=76 pause_ms=0
CAPTURE_CLOSED i=4428 epoch=77 pause_ms=0
CAPTURE_CLOSED i=4429 epoch=78 pause_ms=0
CAPTURE_CLOSED i=4430 epoch=79 pause_ms=0
CAPTURE_CLOSED i=4431 epoch=80 pause_ms=0
CAPTURE_CLOSED i=4432 epoch=81 pause_ms=0
CAPTURE_CLOSED i=4433 epoch=82 pause_ms=0
CAPTURE_CLOSED i=4434 epoch=83 pause_ms=0
CAPTURE_CLOSED i=4435 epoch=84 pause_ms=0
CAPTURE_CLOSED i=4436 epoch=85 pause_ms=0
CAPTURE_CLOSED i=4437 epoch=86 pause_ms=0
CAPTURE_CLOSED i=4438 epoch=87 pause_ms=0
CAPTURE_CLOSED i=4439 epoch=88 pause_ms=0
CAPTURE_CLOSED i=4440 epoch=89 pause_ms=0
CAPTURE_CLOSED i=4441 epoch=90 pause_ms=0
CAPTURE_CLOSED i=4442 epoch=91 pause_ms=0
CAPTURE_CLOSED i=4443 epoch=92 pause_ms=0
CAPTURE_CLOSED i=4444 epoch=93 pause_ms=0
CAPTURE_CLOSED i=4445 epoch=94 pause_ms=0
CAPTURE_CLOSED i=4446 epoch=95 pause_ms=0
CAPTURE_CLOSED i=4447 epoch=96 pause_ms=0
CAPTURE_CLOSED i=4448 epoch=97 pause_ms=0
CAPTURE_CLOSED i=4449 epoch=98 pause_ms=0
CAPTURE_CLOSED i=4450 epoch=99 pause_ms=0
CAPTURE_CLOSED i=4451 epoch=100 pause_ms=0
CAPTURE_CLOSED i=4452 epoch=101 pause_ms=0
CAPTURE_CLOSED i=4453 epoch=102 pause_ms=0
CAPTURE_CLOSED i=4454 epoch=103 pause_ms=0
CAPTURE_CLOSED i=4455 epoch=104 pause_ms=0
CAPTURE_CLOSED i=4456 epoch=105 pause_ms=0
CAPTURE_CLOSED i=4457 epoch=106 pause_ms=0
CAPTURE_CLOSED i=4458 epoch=107 pause_ms=0
CAPTURE_CLOSED i=4459 epoch=108 pause_ms=0
CAPTURE_CLOSED i=4460 epoch=109 pause_ms=0
CAPTURE_CLOSED i=4461 epoch=110 pause_ms=0
CAPTURE_CLOSED i=4462 epoch=111 pause_ms=0
CAPTURE_CLOSED i=4463 epoch=112 pause_ms=0
CAPTURE_CLOSED i=4464 epoch=113 pause_ms=0
CAPTURE_CLOSED i=4465 epoch=114 pause_ms=0
CAPTURE_CLOSED i=4466 epoch=115 pause_ms=0
CAPTURE_CLOSED i=4467 epoch=116 pause_ms=0
CAPTURE_CLOSED i=4468 epoch=117 pause_ms=0
CAPTURE_CLOSED i=4469 epoch=118 pause_ms=0
CAPTURE_CLOSED i=4470 epoch=119 pause_ms=0
CAPTURE_CLOSED i=4471 epoch=120 pause_ms=0
CAPTURE_CLOSED i=4472 epoch=121 pause_ms=0
CAPTURE_CLOSED i=4473 epoch=122 pause_ms=0
CAPTURE_CLOSED i=4474 epoch=123 pause_ms=0
CAPTURE_CLOSED i=4475 epoch=124 pause_ms=0
CAPTURE_CLOSED i=4476 epoch=125 pause_ms=0
CAPTURE_CLOSED i=4477 epoch=126 pause_ms=0
CAPTURE_CLOSED i=4478 epoch=127 pause_ms=0
CAPTURE_CLOSED i=4479 epoch=128 pause_ms=0
CAPTURE_CLOSED i=4480 epoch=129 pause_ms=0
CAPTURE_CLOSED i=4481 epoch=130 pause_ms=0
CAPTURE_CLOSED i=4482 epoch=131 pause_ms=0
CAPTURE_CLOSED i=4483 epoch=132 pause_ms=0
CAPTURE_CLOSED i=4484 epoch=133 pause_ms=0
CAPTURE_CLOSED i=4485 epoch=134 pause_ms=0
CAPTURE_CLOSED i=4486 epoch=135 pause_ms=0
CAPTURE_CLOSED i=4487 epoch=136 pause_ms=0
CAPTURE_CLOSED i=4488 epoch=137 pause_ms=0
CAPTURE_CLOSED i=4489 epoch=138 pause_ms=0
CAPTURE_CLOSED i=4490 epoch=139 pause_ms=0
CAPTURE_CLOSED i=4491 epoch=140 pause_ms=0
CAPTURE_CLOSED i=4492 epoch=141 pause_ms=0
CAPTURE_CLOSED i=4493 epoch=142 pause_ms=0
CAPTURE_CLOSED i=4494 epoch=143 pause_ms=0
CAPTURE_CLOSED i=4495 epoch=144 pause_ms=0
CAPTURE_CLOSED i=4496 epoch=145 pause_ms=0
CAPTURE_CLOSED i=4497 epoch=146 pause_ms=0
CAPTURE_CLOSED i=4498 epoch=147 pause_ms=0
TRACE_SPI txn=4500 writes=24 host_observed_write_us=15524.907 post_spi_to_tune_return_us=3371.969
CAPTURE_CLOSED i=4499 epoch=148 pause_ms=0
mode=BOTH progress=4500 unrecovered=0 first_read_faults=0 recovered=0 last_epoch=148
CAPTURE_CLOSED i=4500 epoch=149 pause_ms=0
CAPTURE_CLOSED i=4501 epoch=150 pause_ms=0
CAPTURE_CLOSED i=4502 epoch=151 pause_ms=0
CAPTURE_CLOSED i=4503 epoch=152 pause_ms=0
CAPTURE_CLOSED i=4504 epoch=153 pause_ms=0
CAPTURE_CLOSED i=4505 epoch=154 pause_ms=0
CAPTURE_CLOSED i=4506 epoch=155 pause_ms=0
CAPTURE_CLOSED i=4507 epoch=156 pause_ms=0
CAPTURE_CLOSED i=4508 epoch=157 pause_ms=0
CAPTURE_CLOSED i=4509 epoch=158 pause_ms=0
CAPTURE_CLOSED i=4510 epoch=159 pause_ms=0
CAPTURE_CLOSED i=4511 epoch=160 pause_ms=0
CAPTURE_CLOSED i=4512 epoch=161 pause_ms=0
CAPTURE_CLOSED i=4513 epoch=162 pause_ms=0
CAPTURE_CLOSED i=4514 epoch=163 pause_ms=0
CAPTURE_CLOSED i=4515 epoch=164 pause_ms=0
CAPTURE_CLOSED i=4516 epoch=165 pause_ms=0
CAPTURE_CLOSED i=4517 epoch=166 pause_ms=0
CAPTURE_CLOSED i=4518 epoch=167 pause_ms=0
CAPTURE_CLOSED i=4519 epoch=168 pause_ms=0
CAPTURE_CLOSED i=4520 epoch=169 pause_ms=0
CAPTURE_CLOSED i=4521 epoch=170 pause_ms=0
CAPTURE_CLOSED i=4522 epoch=171 pause_ms=0
CAPTURE_CLOSED i=4523 epoch=172 pause_ms=0
CAPTURE_CLOSED i=4524 epoch=173 pause_ms=0
CAPTURE_CLOSED i=4525 epoch=174 pause_ms=0
CAPTURE_CLOSED i=4526 epoch=175 pause_ms=0
CAPTURE_CLOSED i=4527 epoch=176 pause_ms=0
CAPTURE_CLOSED i=4528 epoch=177 pause_ms=0
CAPTURE_CLOSED i=4529 epoch=178 pause_ms=0
CAPTURE_CLOSED i=4530 epoch=179 pause_ms=0
CAPTURE_CLOSED i=4531 epoch=180 pause_ms=0
CAPTURE_CLOSED i=4532 epoch=181 pause_ms=0
CAPTURE_CLOSED i=4533 epoch=182 pause_ms=0
CAPTURE_CLOSED i=4534 epoch=183 pause_ms=0
CAPTURE_CLOSED i=4535 epoch=184 pause_ms=0
CAPTURE_CLOSED i=4536 epoch=185 pause_ms=0
CAPTURE_CLOSED i=4537 epoch=186 pause_ms=0
CAPTURE_CLOSED i=4538 epoch=187 pause_ms=0
CAPTURE_CLOSED i=4539 epoch=188 pause_ms=0
CAPTURE_CLOSED i=4540 epoch=189 pause_ms=0
CAPTURE_CLOSED i=4541 epoch=190 pause_ms=0
CAPTURE_CLOSED i=4542 epoch=191 pause_ms=0
CAPTURE_CLOSED i=4543 epoch=192 pause_ms=0
CAPTURE_CLOSED i=4544 epoch=193 pause_ms=0
CAPTURE_CLOSED i=4545 epoch=194 pause_ms=0
CAPTURE_CLOSED i=4546 epoch=195 pause_ms=0
CAPTURE_CLOSED i=4547 epoch=196 pause_ms=0
CAPTURE_CLOSED i=4548 epoch=197 pause_ms=0
CAPTURE_CLOSED i=4549 epoch=198 pause_ms=0
CAPTURE_CLOSED i=4550 epoch=199 pause_ms=0
CAPTURE_CLOSED i=4551 epoch=200 pause_ms=0
CAPTURE_CLOSED i=4552 epoch=201 pause_ms=0
CAPTURE_CLOSED i=4553 epoch=202 pause_ms=0
CAPTURE_CLOSED i=4554 epoch=203 pause_ms=0
CAPTURE_CLOSED i=4555 epoch=204 pause_ms=0
CAPTURE_CLOSED i=4556 epoch=205 pause_ms=0
CAPTURE_CLOSED i=4557 epoch=206 pause_ms=0
CAPTURE_CLOSED i=4558 epoch=207 pause_ms=0
CAPTURE_CLOSED i=4559 epoch=208 pause_ms=0
CAPTURE_CLOSED i=4560 epoch=209 pause_ms=0
CAPTURE_CLOSED i=4561 epoch=210 pause_ms=0
CAPTURE_CLOSED i=4562 epoch=211 pause_ms=0
CAPTURE_CLOSED i=4563 epoch=212 pause_ms=0
CAPTURE_CLOSED i=4564 epoch=213 pause_ms=0
CAPTURE_CLOSED i=4565 epoch=214 pause_ms=0
CAPTURE_CLOSED i=4566 epoch=215 pause_ms=0
CAPTURE_CLOSED i=4567 epoch=216 pause_ms=0
CAPTURE_CLOSED i=4568 epoch=217 pause_ms=0
CAPTURE_CLOSED i=4569 epoch=218 pause_ms=0
CAPTURE_CLOSED i=4570 epoch=219 pause_ms=0
CAPTURE_CLOSED i=4571 epoch=220 pause_ms=0
CAPTURE_CLOSED i=4572 epoch=221 pause_ms=0
CAPTURE_CLOSED i=4573 epoch=222 pause_ms=0
CAPTURE_CLOSED i=4574 epoch=223 pause_ms=0
CAPTURE_CLOSED i=4575 epoch=224 pause_ms=0
CAPTURE_CLOSED i=4576 epoch=225 pause_ms=0
CAPTURE_CLOSED i=4577 epoch=226 pause_ms=0
CAPTURE_CLOSED i=4578 epoch=227 pause_ms=0
CAPTURE_CLOSED i=4579 epoch=228 pause_ms=0
CAPTURE_CLOSED i=4580 epoch=229 pause_ms=0
CAPTURE_CLOSED i=4581 epoch=230 pause_ms=0
CAPTURE_CLOSED i=4582 epoch=231 pause_ms=0
CAPTURE_CLOSED i=4583 epoch=232 pause_ms=0
CAPTURE_CLOSED i=4584 epoch=233 pause_ms=0
CAPTURE_CLOSED i=4585 epoch=234 pause_ms=0
CAPTURE_CLOSED i=4586 epoch=235 pause_ms=0
CAPTURE_CLOSED i=4587 epoch=236 pause_ms=0
CAPTURE_CLOSED i=4588 epoch=237 pause_ms=0
CAPTURE_CLOSED i=4589 epoch=238 pause_ms=0
CAPTURE_CLOSED i=4590 epoch=239 pause_ms=0
CAPTURE_CLOSED i=4591 epoch=240 pause_ms=0
CAPTURE_CLOSED i=4592 epoch=241 pause_ms=0
CAPTURE_CLOSED i=4593 epoch=242 pause_ms=0
CAPTURE_CLOSED i=4594 epoch=243 pause_ms=0
CAPTURE_CLOSED i=4595 epoch=244 pause_ms=0
CAPTURE_CLOSED i=4596 epoch=245 pause_ms=0
CAPTURE_CLOSED i=4597 epoch=246 pause_ms=0
CAPTURE_CLOSED i=4598 epoch=247 pause_ms=0
TRACE_SPI txn=4600 writes=24 host_observed_write_us=15523.888 post_spi_to_tune_return_us=3373.764
CAPTURE_CLOSED i=4599 epoch=248 pause_ms=0
mode=BOTH progress=4600 unrecovered=0 first_read_faults=0 recovered=0 last_epoch=248
CAPTURE_CLOSED i=4600 epoch=249 pause_ms=0
CAPTURE_CLOSED i=4601 epoch=250 pause_ms=0
CAPTURE_CLOSED i=4602 epoch=251 pause_ms=0
CAPTURE_CLOSED i=4603 epoch=252 pause_ms=0
CAPTURE_CLOSED i=4604 epoch=253 pause_ms=0
CAPTURE_CLOSED i=4605 epoch=254 pause_ms=0
CAPTURE_CLOSED i=4606 epoch=255 pause_ms=0
CAPTURE_CLOSED i=4607 epoch=0 pause_ms=0
CAPTURE_CLOSED i=4608 epoch=1 pause_ms=0
CAPTURE_CLOSED i=4609 epoch=2 pause_ms=0
CAPTURE_CLOSED i=4610 epoch=3 pause_ms=0
CAPTURE_CLOSED i=4611 epoch=4 pause_ms=0
CAPTURE_CLOSED i=4612 epoch=5 pause_ms=0
CAPTURE_CLOSED i=4613 epoch=6 pause_ms=0
CAPTURE_CLOSED i=4614 epoch=7 pause_ms=0
CAPTURE_CLOSED i=4615 epoch=8 pause_ms=0
CAPTURE_CLOSED i=4616 epoch=9 pause_ms=0
CAPTURE_CLOSED i=4617 epoch=10 pause_ms=0
CAPTURE_CLOSED i=4618 epoch=11 pause_ms=0
CAPTURE_CLOSED i=4619 epoch=12 pause_ms=0
CAPTURE_CLOSED i=4620 epoch=13 pause_ms=0
CAPTURE_CLOSED i=4621 epoch=14 pause_ms=0
CAPTURE_CLOSED i=4622 epoch=15 pause_ms=0
CAPTURE_CLOSED i=4623 epoch=16 pause_ms=0
CAPTURE_CLOSED i=4624 epoch=17 pause_ms=0
CAPTURE_CLOSED i=4625 epoch=18 pause_ms=0
CAPTURE_CLOSED i=4626 epoch=19 pause_ms=0
CAPTURE_CLOSED i=4627 epoch=20 pause_ms=0
CAPTURE_CLOSED i=4628 epoch=21 pause_ms=0
CAPTURE_CLOSED i=4629 epoch=22 pause_ms=0
CAPTURE_CLOSED i=4630 epoch=23 pause_ms=0
CAPTURE_CLOSED i=4631 epoch=24 pause_ms=0
CAPTURE_CLOSED i=4632 epoch=25 pause_ms=0
CAPTURE_CLOSED i=4633 epoch=26 pause_ms=0
CAPTURE_CLOSED i=4634 epoch=27 pause_ms=0
CAPTURE_CLOSED i=4635 epoch=28 pause_ms=0
CAPTURE_CLOSED i=4636 epoch=29 pause_ms=0
CAPTURE_CLOSED i=4637 epoch=30 pause_ms=0
CAPTURE_CLOSED i=4638 epoch=31 pause_ms=0
CAPTURE_CLOSED i=4639 epoch=32 pause_ms=0
CAPTURE_CLOSED i=4640 epoch=33 pause_ms=0
CAPTURE_CLOSED i=4641 epoch=34 pause_ms=0
CAPTURE_CLOSED i=4642 epoch=35 pause_ms=0
CAPTURE_CLOSED i=4643 epoch=36 pause_ms=0
CAPTURE_CLOSED i=4644 epoch=37 pause_ms=0
CAPTURE_CLOSED i=4645 epoch=38 pause_ms=0
CAPTURE_CLOSED i=4646 epoch=39 pause_ms=0
CAPTURE_CLOSED i=4647 epoch=40 pause_ms=0
CAPTURE_CLOSED i=4648 epoch=41 pause_ms=0
CAPTURE_CLOSED i=4649 epoch=42 pause_ms=0
CAPTURE_CLOSED i=4650 epoch=43 pause_ms=0
CAPTURE_CLOSED i=4651 epoch=44 pause_ms=0
CAPTURE_CLOSED i=4652 epoch=45 pause_ms=0
CAPTURE_CLOSED i=4653 epoch=46 pause_ms=0
CAPTURE_CLOSED i=4654 epoch=47 pause_ms=0
CAPTURE_CLOSED i=4655 epoch=48 pause_ms=0
CAPTURE_CLOSED i=4656 epoch=49 pause_ms=0
CAPTURE_CLOSED i=4657 epoch=50 pause_ms=0
CAPTURE_CLOSED i=4658 epoch=51 pause_ms=0
CAPTURE_CLOSED i=4659 epoch=52 pause_ms=0
CAPTURE_CLOSED i=4660 epoch=53 pause_ms=0
CAPTURE_CLOSED i=4661 epoch=54 pause_ms=0
CAPTURE_CLOSED i=4662 epoch=55 pause_ms=0
CAPTURE_CLOSED i=4663 epoch=56 pause_ms=0
CAPTURE_CLOSED i=4664 epoch=57 pause_ms=0
CAPTURE_CLOSED i=4665 epoch=58 pause_ms=0
CAPTURE_CLOSED i=4666 epoch=59 pause_ms=0
CAPTURE_CLOSED i=4667 epoch=60 pause_ms=0
CAPTURE_CLOSED i=4668 epoch=61 pause_ms=0
CAPTURE_CLOSED i=4669 epoch=62 pause_ms=0
CAPTURE_CLOSED i=4670 epoch=63 pause_ms=0
CAPTURE_CLOSED i=4671 epoch=64 pause_ms=0
CAPTURE_CLOSED i=4672 epoch=65 pause_ms=0
CAPTURE_CLOSED i=4673 epoch=66 pause_ms=0
CAPTURE_CLOSED i=4674 epoch=67 pause_ms=0
CAPTURE_CLOSED i=4675 epoch=68 pause_ms=0
CAPTURE_CLOSED i=4676 epoch=69 pause_ms=0
CAPTURE_CLOSED i=4677 epoch=70 pause_ms=0
CAPTURE_CLOSED i=4678 epoch=71 pause_ms=0
CAPTURE_CLOSED i=4679 epoch=72 pause_ms=0
CAPTURE_CLOSED i=4680 epoch=73 pause_ms=0
CAPTURE_CLOSED i=4681 epoch=74 pause_ms=0
CAPTURE_CLOSED i=4682 epoch=75 pause_ms=0
CAPTURE_CLOSED i=4683 epoch=76 pause_ms=0
CAPTURE_CLOSED i=4684 epoch=77 pause_ms=0
CAPTURE_CLOSED i=4685 epoch=78 pause_ms=0
CAPTURE_CLOSED i=4686 epoch=79 pause_ms=0
CAPTURE_CLOSED i=4687 epoch=80 pause_ms=0
CAPTURE_CLOSED i=4688 epoch=81 pause_ms=0
CAPTURE_CLOSED i=4689 epoch=82 pause_ms=0
CAPTURE_CLOSED i=4690 epoch=83 pause_ms=0
CAPTURE_CLOSED i=4691 epoch=84 pause_ms=0
CAPTURE_CLOSED i=4692 epoch=85 pause_ms=0
CAPTURE_CLOSED i=4693 epoch=86 pause_ms=0
CAPTURE_CLOSED i=4694 epoch=87 pause_ms=0
CAPTURE_CLOSED i=4695 epoch=88 pause_ms=0
CAPTURE_CLOSED i=4696 epoch=89 pause_ms=0
CAPTURE_CLOSED i=4697 epoch=90 pause_ms=0
CAPTURE_CLOSED i=4698 epoch=91 pause_ms=0
TRACE_SPI txn=4700 writes=24 host_observed_write_us=15524.578 post_spi_to_tune_return_us=3511.682
CAPTURE_CLOSED i=4699 epoch=92 pause_ms=0
mode=BOTH progress=4700 unrecovered=0 first_read_faults=0 recovered=0 last_epoch=92
CAPTURE_CLOSED i=4700 epoch=93 pause_ms=0
CAPTURE_CLOSED i=4701 epoch=94 pause_ms=0
CAPTURE_CLOSED i=4702 epoch=95 pause_ms=0
CAPTURE_CLOSED i=4703 epoch=96 pause_ms=0
CAPTURE_CLOSED i=4704 epoch=97 pause_ms=0
CAPTURE_CLOSED i=4705 epoch=98 pause_ms=0
CAPTURE_CLOSED i=4706 epoch=99 pause_ms=0
CAPTURE_CLOSED i=4707 epoch=100 pause_ms=0
CAPTURE_CLOSED i=4708 epoch=101 pause_ms=0
CAPTURE_CLOSED i=4709 epoch=102 pause_ms=0
CAPTURE_CLOSED i=4710 epoch=103 pause_ms=0
CAPTURE_CLOSED i=4711 epoch=104 pause_ms=0
CAPTURE_CLOSED i=4712 epoch=105 pause_ms=0
CAPTURE_CLOSED i=4713 epoch=106 pause_ms=0
CAPTURE_CLOSED i=4714 epoch=107 pause_ms=0
CAPTURE_CLOSED i=4715 epoch=108 pause_ms=0
CAPTURE_CLOSED i=4716 epoch=109 pause_ms=0
CAPTURE_CLOSED i=4717 epoch=110 pause_ms=0
CAPTURE_CLOSED i=4718 epoch=111 pause_ms=0
CAPTURE_CLOSED i=4719 epoch=112 pause_ms=0
CAPTURE_CLOSED i=4720 epoch=113 pause_ms=0
CAPTURE_CLOSED i=4721 epoch=114 pause_ms=0
CAPTURE_CLOSED i=4722 epoch=115 pause_ms=0
CAPTURE_CLOSED i=4723 epoch=116 pause_ms=0
CAPTURE_CLOSED i=4724 epoch=117 pause_ms=0
CAPTURE_CLOSED i=4725 epoch=118 pause_ms=0
CAPTURE_CLOSED i=4726 epoch=119 pause_ms=0
CAPTURE_CLOSED i=4727 epoch=120 pause_ms=0
CAPTURE_CLOSED i=4728 epoch=121 pause_ms=0
CAPTURE_CLOSED i=4729 epoch=122 pause_ms=0
CAPTURE_CLOSED i=4730 epoch=123 pause_ms=0
CAPTURE_CLOSED i=4731 epoch=124 pause_ms=0
CAPTURE_CLOSED i=4732 epoch=125 pause_ms=0
CAPTURE_CLOSED i=4733 epoch=126 pause_ms=0
CAPTURE_CLOSED i=4734 epoch=127 pause_ms=0
CAPTURE_CLOSED i=4735 epoch=128 pause_ms=0
CAPTURE_CLOSED i=4736 epoch=129 pause_ms=0
CAPTURE_CLOSED i=4737 epoch=130 pause_ms=0
CAPTURE_CLOSED i=4738 epoch=131 pause_ms=0
CAPTURE_CLOSED i=4739 epoch=132 pause_ms=0
CAPTURE_CLOSED i=4740 epoch=133 pause_ms=0
CAPTURE_CLOSED i=4741 epoch=134 pause_ms=0
CAPTURE_CLOSED i=4742 epoch=135 pause_ms=0
CAPTURE_CLOSED i=4743 epoch=136 pause_ms=0
CAPTURE_CLOSED i=4744 epoch=137 pause_ms=0
CAPTURE_CLOSED i=4745 epoch=138 pause_ms=0
CAPTURE_CLOSED i=4746 epoch=139 pause_ms=0
CAPTURE_CLOSED i=4747 epoch=140 pause_ms=0
CAPTURE_CLOSED i=4748 epoch=141 pause_ms=0
CAPTURE_CLOSED i=4749 epoch=142 pause_ms=0
CAPTURE_CLOSED i=4750 epoch=143 pause_ms=0
CAPTURE_CLOSED i=4751 epoch=144 pause_ms=0
CAPTURE_CLOSED i=4752 epoch=145 pause_ms=0
CAPTURE_CLOSED i=4753 epoch=146 pause_ms=0
CAPTURE_CLOSED i=4754 epoch=147 pause_ms=0
CAPTURE_CLOSED i=4755 epoch=148 pause_ms=0
CAPTURE_CLOSED i=4756 epoch=149 pause_ms=0
CAPTURE_CLOSED i=4757 epoch=150 pause_ms=0
CAPTURE_CLOSED i=4758 epoch=151 pause_ms=0
CAPTURE_CLOSED i=4759 epoch=152 pause_ms=0
CAPTURE_CLOSED i=4760 epoch=153 pause_ms=0
CAPTURE_CLOSED i=4761 epoch=154 pause_ms=0
CAPTURE_CLOSED i=4762 epoch=155 pause_ms=0
CAPTURE_CLOSED i=4763 epoch=156 pause_ms=0
CAPTURE_CLOSED i=4764 epoch=157 pause_ms=0
CAPTURE_CLOSED i=4765 epoch=158 pause_ms=0
CAPTURE_CLOSED i=4766 epoch=159 pause_ms=0
CAPTURE_CLOSED i=4767 epoch=160 pause_ms=0
CAPTURE_CLOSED i=4768 epoch=161 pause_ms=0
CAPTURE_CLOSED i=4769 epoch=162 pause_ms=0
CAPTURE_CLOSED i=4770 epoch=163 pause_ms=0
CAPTURE_CLOSED i=4771 epoch=164 pause_ms=0
CAPTURE_CLOSED i=4772 epoch=165 pause_ms=0
CAPTURE_CLOSED i=4773 epoch=166 pause_ms=0
CAPTURE_CLOSED i=4774 epoch=167 pause_ms=0
CAPTURE_CLOSED i=4775 epoch=168 pause_ms=0
CAPTURE_CLOSED i=4776 epoch=169 pause_ms=0
CAPTURE_CLOSED i=4777 epoch=170 pause_ms=0
CAPTURE_CLOSED i=4778 epoch=171 pause_ms=0
CAPTURE_CLOSED i=4779 epoch=172 pause_ms=0
CAPTURE_CLOSED i=4780 epoch=173 pause_ms=0
CAPTURE_CLOSED i=4781 epoch=174 pause_ms=0
CAPTURE_CLOSED i=4782 epoch=175 pause_ms=0
CAPTURE_CLOSED i=4783 epoch=176 pause_ms=0
CAPTURE_CLOSED i=4784 epoch=177 pause_ms=0
CAPTURE_CLOSED i=4785 epoch=178 pause_ms=0
CAPTURE_CLOSED i=4786 epoch=179 pause_ms=0
CAPTURE_CLOSED i=4787 epoch=180 pause_ms=0
CAPTURE_CLOSED i=4788 epoch=181 pause_ms=0
CAPTURE_CLOSED i=4789 epoch=182 pause_ms=0
CAPTURE_CLOSED i=4790 epoch=183 pause_ms=0
CAPTURE_CLOSED i=4791 epoch=184 pause_ms=0
CAPTURE_CLOSED i=4792 epoch=185 pause_ms=0
CAPTURE_CLOSED i=4793 epoch=186 pause_ms=0
CAPTURE_CLOSED i=4794 epoch=187 pause_ms=0
CAPTURE_CLOSED i=4795 epoch=188 pause_ms=0
CAPTURE_CLOSED i=4796 epoch=189 pause_ms=0
CAPTURE_CLOSED i=4797 epoch=190 pause_ms=0
CAPTURE_CLOSED i=4798 epoch=191 pause_ms=0
TRACE_SPI txn=4800 writes=24 host_observed_write_us=15488.218 post_spi_to_tune_return_us=3498.073
CAPTURE_CLOSED i=4799 epoch=192 pause_ms=0
mode=BOTH progress=4800 unrecovered=0 first_read_faults=0 recovered=0 last_epoch=192
CAPTURE_CLOSED i=4800 epoch=193 pause_ms=0
CAPTURE_CLOSED i=4801 epoch=194 pause_ms=0
CAPTURE_CLOSED i=4802 epoch=195 pause_ms=0
CAPTURE_CLOSED i=4803 epoch=196 pause_ms=0
CAPTURE_CLOSED i=4804 epoch=197 pause_ms=0
CAPTURE_CLOSED i=4805 epoch=198 pause_ms=0
CAPTURE_CLOSED i=4806 epoch=199 pause_ms=0
CAPTURE_CLOSED i=4807 epoch=200 pause_ms=0
CAPTURE_CLOSED i=4808 epoch=201 pause_ms=0
CAPTURE_CLOSED i=4809 epoch=202 pause_ms=0
CAPTURE_CLOSED i=4810 epoch=203 pause_ms=0
CAPTURE_CLOSED i=4811 epoch=204 pause_ms=0
CAPTURE_CLOSED i=4812 epoch=205 pause_ms=0
CAPTURE_CLOSED i=4813 epoch=206 pause_ms=0
CAPTURE_CLOSED i=4814 epoch=207 pause_ms=0
CAPTURE_CLOSED i=4815 epoch=208 pause_ms=0
CAPTURE_CLOSED i=4816 epoch=209 pause_ms=0
CAPTURE_CLOSED i=4817 epoch=210 pause_ms=0
CAPTURE_CLOSED i=4818 epoch=211 pause_ms=0
CAPTURE_CLOSED i=4819 epoch=212 pause_ms=0
CAPTURE_CLOSED i=4820 epoch=213 pause_ms=0
CAPTURE_CLOSED i=4821 epoch=214 pause_ms=0
CAPTURE_CLOSED i=4822 epoch=215 pause_ms=0
CAPTURE_CLOSED i=4823 epoch=216 pause_ms=0
CAPTURE_CLOSED i=4824 epoch=217 pause_ms=0
CAPTURE_CLOSED i=4825 epoch=218 pause_ms=0
CAPTURE_CLOSED i=4826 epoch=219 pause_ms=0
CAPTURE_CLOSED i=4827 epoch=220 pause_ms=0
CAPTURE_CLOSED i=4828 epoch=221 pause_ms=0
CAPTURE_CLOSED i=4829 epoch=222 pause_ms=0
CAPTURE_CLOSED i=4830 epoch=223 pause_ms=0
CAPTURE_CLOSED i=4831 epoch=224 pause_ms=0
CAPTURE_CLOSED i=4832 epoch=225 pause_ms=0
CAPTURE_CLOSED i=4833 epoch=226 pause_ms=0
CAPTURE_CLOSED i=4834 epoch=227 pause_ms=0
CAPTURE_CLOSED i=4835 epoch=228 pause_ms=0
CAPTURE_CLOSED i=4836 epoch=229 pause_ms=0
CAPTURE_CLOSED i=4837 epoch=230 pause_ms=0
CAPTURE_CLOSED i=4838 epoch=231 pause_ms=0
CAPTURE_CLOSED i=4839 epoch=232 pause_ms=0
CAPTURE_CLOSED i=4840 epoch=233 pause_ms=0
CAPTURE_CLOSED i=4841 epoch=234 pause_ms=0
CAPTURE_CLOSED i=4842 epoch=235 pause_ms=0
CAPTURE_CLOSED i=4843 epoch=236 pause_ms=0
CAPTURE_CLOSED i=4844 epoch=237 pause_ms=0
CAPTURE_CLOSED i=4845 epoch=238 pause_ms=0
CAPTURE_CLOSED i=4846 epoch=239 pause_ms=0
CAPTURE_CLOSED i=4847 epoch=240 pause_ms=0
CAPTURE_CLOSED i=4848 epoch=241 pause_ms=0
CAPTURE_CLOSED i=4849 epoch=242 pause_ms=0
CAPTURE_CLOSED i=4850 epoch=243 pause_ms=0
CAPTURE_CLOSED i=4851 epoch=244 pause_ms=0
CAPTURE_CLOSED i=4852 epoch=245 pause_ms=0
CAPTURE_CLOSED i=4853 epoch=246 pause_ms=0
CAPTURE_CLOSED i=4854 epoch=247 pause_ms=0
CAPTURE_CLOSED i=4855 epoch=248 pause_ms=0
CAPTURE_CLOSED i=4856 epoch=249 pause_ms=0
CAPTURE_CLOSED i=4857 epoch=250 pause_ms=0
CAPTURE_CLOSED i=4858 epoch=251 pause_ms=0
CAPTURE_CLOSED i=4859 epoch=252 pause_ms=0
CAPTURE_CLOSED i=4860 epoch=253 pause_ms=0
CAPTURE_CLOSED i=4861 epoch=254 pause_ms=0
CAPTURE_CLOSED i=4862 epoch=255 pause_ms=0
CAPTURE_CLOSED i=4863 epoch=0 pause_ms=0
CAPTURE_CLOSED i=4864 epoch=1 pause_ms=0
CAPTURE_CLOSED i=4865 epoch=2 pause_ms=0
CAPTURE_CLOSED i=4866 epoch=3 pause_ms=0
CAPTURE_CLOSED i=4867 epoch=4 pause_ms=0
CAPTURE_CLOSED i=4868 epoch=5 pause_ms=0
CAPTURE_CLOSED i=4869 epoch=6 pause_ms=0
CAPTURE_CLOSED i=4870 epoch=7 pause_ms=0
CAPTURE_CLOSED i=4871 epoch=8 pause_ms=0
CAPTURE_CLOSED i=4872 epoch=9 pause_ms=0
CAPTURE_CLOSED i=4873 epoch=10 pause_ms=0
CAPTURE_CLOSED i=4874 epoch=11 pause_ms=0
CAPTURE_CLOSED i=4875 epoch=12 pause_ms=0
CAPTURE_CLOSED i=4876 epoch=13 pause_ms=0
CAPTURE_CLOSED i=4877 epoch=14 pause_ms=0
CAPTURE_CLOSED i=4878 epoch=15 pause_ms=0
CAPTURE_CLOSED i=4879 epoch=16 pause_ms=0
CAPTURE_CLOSED i=4880 epoch=17 pause_ms=0
CAPTURE_CLOSED i=4881 epoch=18 pause_ms=0
CAPTURE_CLOSED i=4882 epoch=19 pause_ms=0
CAPTURE_CLOSED i=4883 epoch=20 pause_ms=0
CAPTURE_CLOSED i=4884 epoch=21 pause_ms=0
CAPTURE_CLOSED i=4885 epoch=22 pause_ms=0
CAPTURE_CLOSED i=4886 epoch=23 pause_ms=0
CAPTURE_CLOSED i=4887 epoch=24 pause_ms=0
CAPTURE_CLOSED i=4888 epoch=25 pause_ms=0
CAPTURE_CLOSED i=4889 epoch=26 pause_ms=0
CAPTURE_CLOSED i=4890 epoch=27 pause_ms=0
CAPTURE_CLOSED i=4891 epoch=28 pause_ms=0
CAPTURE_CLOSED i=4892 epoch=29 pause_ms=0
CAPTURE_CLOSED i=4893 epoch=30 pause_ms=0
CAPTURE_CLOSED i=4894 epoch=31 pause_ms=0
CAPTURE_CLOSED i=4895 epoch=32 pause_ms=0
CAPTURE_CLOSED i=4896 epoch=33 pause_ms=0
CAPTURE_CLOSED i=4897 epoch=34 pause_ms=0
CAPTURE_CLOSED i=4898 epoch=35 pause_ms=0
TRACE_SPI txn=4900 writes=24 host_observed_write_us=15502.323 post_spi_to_tune_return_us=3507.227
CAPTURE_CLOSED i=4899 epoch=36 pause_ms=0
mode=BOTH progress=4900 unrecovered=0 first_read_faults=0 recovered=0 last_epoch=36
CAPTURE_CLOSED i=4900 epoch=37 pause_ms=0
CAPTURE_CLOSED i=4901 epoch=38 pause_ms=0
CAPTURE_CLOSED i=4902 epoch=39 pause_ms=0
CAPTURE_CLOSED i=4903 epoch=40 pause_ms=0
CAPTURE_CLOSED i=4904 epoch=41 pause_ms=0
CAPTURE_CLOSED i=4905 epoch=42 pause_ms=0
CAPTURE_CLOSED i=4906 epoch=43 pause_ms=0
CAPTURE_CLOSED i=4907 epoch=44 pause_ms=0
CAPTURE_CLOSED i=4908 epoch=45 pause_ms=0
CAPTURE_CLOSED i=4909 epoch=46 pause_ms=0
CAPTURE_CLOSED i=4910 epoch=47 pause_ms=0
CAPTURE_CLOSED i=4911 epoch=48 pause_ms=0
CAPTURE_CLOSED i=4912 epoch=49 pause_ms=0
CAPTURE_CLOSED i=4913 epoch=50 pause_ms=0
CAPTURE_CLOSED i=4914 epoch=51 pause_ms=0
CAPTURE_CLOSED i=4915 epoch=52 pause_ms=0
CAPTURE_CLOSED i=4916 epoch=53 pause_ms=0
CAPTURE_CLOSED i=4917 epoch=54 pause_ms=0
CAPTURE_CLOSED i=4918 epoch=55 pause_ms=0
CAPTURE_CLOSED i=4919 epoch=56 pause_ms=0
CAPTURE_CLOSED i=4920 epoch=57 pause_ms=0
CAPTURE_CLOSED i=4921 epoch=58 pause_ms=0
CAPTURE_CLOSED i=4922 epoch=59 pause_ms=0
CAPTURE_CLOSED i=4923 epoch=60 pause_ms=0
CAPTURE_CLOSED i=4924 epoch=61 pause_ms=0
CAPTURE_CLOSED i=4925 epoch=62 pause_ms=0
CAPTURE_CLOSED i=4926 epoch=63 pause_ms=0
CAPTURE_CLOSED i=4927 epoch=64 pause_ms=0
CAPTURE_CLOSED i=4928 epoch=65 pause_ms=0
CAPTURE_CLOSED i=4929 epoch=66 pause_ms=0
CAPTURE_CLOSED i=4930 epoch=67 pause_ms=0
CAPTURE_CLOSED i=4931 epoch=68 pause_ms=0
CAPTURE_CLOSED i=4932 epoch=69 pause_ms=0
CAPTURE_CLOSED i=4933 epoch=70 pause_ms=0
CAPTURE_CLOSED i=4934 epoch=71 pause_ms=0
CAPTURE_CLOSED i=4935 epoch=72 pause_ms=0
CAPTURE_CLOSED i=4936 epoch=73 pause_ms=0
CAPTURE_CLOSED i=4937 epoch=74 pause_ms=0
CAPTURE_CLOSED i=4938 epoch=75 pause_ms=0
CAPTURE_CLOSED i=4939 epoch=76 pause_ms=0
CAPTURE_CLOSED i=4940 epoch=77 pause_ms=0
CAPTURE_CLOSED i=4941 epoch=78 pause_ms=0
CAPTURE_CLOSED i=4942 epoch=79 pause_ms=0
CAPTURE_CLOSED i=4943 epoch=80 pause_ms=0
CAPTURE_CLOSED i=4944 epoch=81 pause_ms=0
CAPTURE_CLOSED i=4945 epoch=82 pause_ms=0
CAPTURE_CLOSED i=4946 epoch=83 pause_ms=0
CAPTURE_CLOSED i=4947 epoch=84 pause_ms=0
CAPTURE_CLOSED i=4948 epoch=85 pause_ms=0
CAPTURE_CLOSED i=4949 epoch=86 pause_ms=0
CAPTURE_CLOSED i=4950 epoch=87 pause_ms=0
CAPTURE_CLOSED i=4951 epoch=88 pause_ms=0
CAPTURE_CLOSED i=4952 epoch=89 pause_ms=0
CAPTURE_CLOSED i=4953 epoch=90 pause_ms=0
CAPTURE_CLOSED i=4954 epoch=91 pause_ms=0
CAPTURE_CLOSED i=4955 epoch=92 pause_ms=0
CAPTURE_CLOSED i=4956 epoch=93 pause_ms=0
CAPTURE_CLOSED i=4957 epoch=94 pause_ms=0
CAPTURE_CLOSED i=4958 epoch=95 pause_ms=0
CAPTURE_CLOSED i=4959 epoch=96 pause_ms=0
CAPTURE_CLOSED i=4960 epoch=97 pause_ms=0
CAPTURE_CLOSED i=4961 epoch=98 pause_ms=0
CAPTURE_CLOSED i=4962 epoch=99 pause_ms=0
CAPTURE_CLOSED i=4963 epoch=100 pause_ms=0
CAPTURE_CLOSED i=4964 epoch=101 pause_ms=0
CAPTURE_CLOSED i=4965 epoch=102 pause_ms=0
CAPTURE_CLOSED i=4966 epoch=103 pause_ms=0
CAPTURE_CLOSED i=4967 epoch=104 pause_ms=0
CAPTURE_CLOSED i=4968 epoch=105 pause_ms=0
CAPTURE_CLOSED i=4969 epoch=106 pause_ms=0
CAPTURE_CLOSED i=4970 epoch=107 pause_ms=0
CAPTURE_CLOSED i=4971 epoch=108 pause_ms=0
CAPTURE_CLOSED i=4972 epoch=109 pause_ms=0
CAPTURE_CLOSED i=4973 epoch=110 pause_ms=0
CAPTURE_CLOSED i=4974 epoch=111 pause_ms=0
CAPTURE_CLOSED i=4975 epoch=112 pause_ms=0
CAPTURE_CLOSED i=4976 epoch=113 pause_ms=0
CAPTURE_CLOSED i=4977 epoch=114 pause_ms=0
CAPTURE_CLOSED i=4978 epoch=115 pause_ms=0
CAPTURE_CLOSED i=4979 epoch=116 pause_ms=0
CAPTURE_CLOSED i=4980 epoch=117 pause_ms=0
CAPTURE_CLOSED i=4981 epoch=118 pause_ms=0
CAPTURE_CLOSED i=4982 epoch=119 pause_ms=0
CAPTURE_CLOSED i=4983 epoch=120 pause_ms=0
CAPTURE_CLOSED i=4984 epoch=121 pause_ms=0
CAPTURE_CLOSED i=4985 epoch=122 pause_ms=0
CAPTURE_CLOSED i=4986 epoch=123 pause_ms=0
CAPTURE_CLOSED i=4987 epoch=124 pause_ms=0
CAPTURE_CLOSED i=4988 epoch=125 pause_ms=0
CAPTURE_CLOSED i=4989 epoch=126 pause_ms=0
CAPTURE_CLOSED i=4990 epoch=127 pause_ms=0
CAPTURE_CLOSED i=4991 epoch=128 pause_ms=0
CAPTURE_CLOSED i=4992 epoch=129 pause_ms=0
CAPTURE_CLOSED i=4993 epoch=130 pause_ms=0
CAPTURE_CLOSED i=4994 epoch=131 pause_ms=0
CAPTURE_CLOSED i=4995 epoch=132 pause_ms=0
CAPTURE_CLOSED i=4996 epoch=133 pause_ms=0
CAPTURE_CLOSED i=4997 epoch=134 pause_ms=0
CAPTURE_CLOSED i=4998 epoch=135 pause_ms=0
TRACE_SPI txn=5000 writes=24 host_observed_write_us=15436.616 post_spi_to_tune_return_us=3361.494
CAPTURE_CLOSED i=4999 epoch=136 pause_ms=0
mode=BOTH progress=5000 unrecovered=0 first_read_faults=0 recovered=0 last_epoch=136
CAPTURE_CLOSED i=5000 epoch=137 pause_ms=0
CAPTURE_CLOSED i=5001 epoch=138 pause_ms=0
CAPTURE_CLOSED i=5002 epoch=139 pause_ms=0
CAPTURE_CLOSED i=5003 epoch=140 pause_ms=0
CAPTURE_CLOSED i=5004 epoch=141 pause_ms=0
CAPTURE_CLOSED i=5005 epoch=142 pause_ms=0
CAPTURE_CLOSED i=5006 epoch=143 pause_ms=0
CAPTURE_CLOSED i=5007 epoch=144 pause_ms=0
CAPTURE_CLOSED i=5008 epoch=145 pause_ms=0
CAPTURE_CLOSED i=5009 epoch=146 pause_ms=0
CAPTURE_CLOSED i=5010 epoch=147 pause_ms=0
CAPTURE_CLOSED i=5011 epoch=148 pause_ms=0
CAPTURE_CLOSED i=5012 epoch=149 pause_ms=0
CAPTURE_CLOSED i=5013 epoch=150 pause_ms=0
CAPTURE_CLOSED i=5014 epoch=151 pause_ms=0
CAPTURE_CLOSED i=5015 epoch=152 pause_ms=0
CAPTURE_CLOSED i=5016 epoch=153 pause_ms=0
CAPTURE_CLOSED i=5017 epoch=154 pause_ms=0
CAPTURE_CLOSED i=5018 epoch=155 pause_ms=0
CAPTURE_CLOSED i=5019 epoch=156 pause_ms=0
CAPTURE_CLOSED i=5020 epoch=157 pause_ms=0
CAPTURE_CLOSED i=5021 epoch=158 pause_ms=0
CAPTURE_CLOSED i=5022 epoch=159 pause_ms=0
CAPTURE_CLOSED i=5023 epoch=160 pause_ms=0
CAPTURE_CLOSED i=5024 epoch=161 pause_ms=0
CAPTURE_CLOSED i=5025 epoch=162 pause_ms=0
CAPTURE_CLOSED i=5026 epoch=163 pause_ms=0
CAPTURE_CLOSED i=5027 epoch=164 pause_ms=0
CAPTURE_CLOSED i=5028 epoch=165 pause_ms=0
CAPTURE_CLOSED i=5029 epoch=166 pause_ms=0
CAPTURE_CLOSED i=5030 epoch=167 pause_ms=0
CAPTURE_CLOSED i=5031 epoch=168 pause_ms=0
CAPTURE_CLOSED i=5032 epoch=169 pause_ms=0
CAPTURE_CLOSED i=5033 epoch=170 pause_ms=0
CAPTURE_CLOSED i=5034 epoch=171 pause_ms=0
CAPTURE_CLOSED i=5035 epoch=172 pause_ms=0
CAPTURE_CLOSED i=5036 epoch=173 pause_ms=0
CAPTURE_CLOSED i=5037 epoch=174 pause_ms=0
CAPTURE_CLOSED i=5038 epoch=175 pause_ms=0
CAPTURE_CLOSED i=5039 epoch=176 pause_ms=0
CAPTURE_CLOSED i=5040 epoch=177 pause_ms=0
CAPTURE_CLOSED i=5041 epoch=178 pause_ms=0
CAPTURE_CLOSED i=5042 epoch=179 pause_ms=0
CAPTURE_CLOSED i=5043 epoch=180 pause_ms=0
CAPTURE_CLOSED i=5044 epoch=181 pause_ms=0
CAPTURE_CLOSED i=5045 epoch=182 pause_ms=0
CAPTURE_CLOSED i=5046 epoch=183 pause_ms=0
CAPTURE_CLOSED i=5047 epoch=184 pause_ms=0
CAPTURE_CLOSED i=5048 epoch=185 pause_ms=0
CAPTURE_CLOSED i=5049 epoch=186 pause_ms=0
CAPTURE_CLOSED i=5050 epoch=187 pause_ms=0
CAPTURE_CLOSED i=5051 epoch=188 pause_ms=0
CAPTURE_CLOSED i=5052 epoch=189 pause_ms=0
CAPTURE_CLOSED i=5053 epoch=190 pause_ms=0
CAPTURE_CLOSED i=5054 epoch=191 pause_ms=0
CAPTURE_CLOSED i=5055 epoch=192 pause_ms=0
CAPTURE_CLOSED i=5056 epoch=193 pause_ms=0
CAPTURE_CLOSED i=5057 epoch=194 pause_ms=0
CAPTURE_CLOSED i=5058 epoch=195 pause_ms=0
CAPTURE_CLOSED i=5059 epoch=196 pause_ms=0
CAPTURE_CLOSED i=5060 epoch=197 pause_ms=0
CAPTURE_CLOSED i=5061 epoch=198 pause_ms=0
CAPTURE_CLOSED i=5062 epoch=199 pause_ms=0
CAPTURE_CLOSED i=5063 epoch=200 pause_ms=0
CAPTURE_CLOSED i=5064 epoch=201 pause_ms=0
CAPTURE_CLOSED i=5065 epoch=202 pause_ms=0
CAPTURE_CLOSED i=5066 epoch=203 pause_ms=0
CAPTURE_CLOSED i=5067 epoch=204 pause_ms=0
CAPTURE_CLOSED i=5068 epoch=205 pause_ms=0
CAPTURE_CLOSED i=5069 epoch=206 pause_ms=0
CAPTURE_CLOSED i=5070 epoch=207 pause_ms=0
CAPTURE_CLOSED i=5071 epoch=208 pause_ms=0
CAPTURE_CLOSED i=5072 epoch=209 pause_ms=0
CAPTURE_CLOSED i=5073 epoch=210 pause_ms=0
CAPTURE_CLOSED i=5074 epoch=211 pause_ms=0
CAPTURE_CLOSED i=5075 epoch=212 pause_ms=0
CAPTURE_CLOSED i=5076 epoch=213 pause_ms=0
CAPTURE_CLOSED i=5077 epoch=214 pause_ms=0
CAPTURE_CLOSED i=5078 epoch=215 pause_ms=0
CAPTURE_CLOSED i=5079 epoch=216 pause_ms=0
CAPTURE_CLOSED i=5080 epoch=217 pause_ms=0
CAPTURE_CLOSED i=5081 epoch=218 pause_ms=0
CAPTURE_CLOSED i=5082 epoch=219 pause_ms=0
CAPTURE_CLOSED i=5083 epoch=220 pause_ms=0
CAPTURE_CLOSED i=5084 epoch=221 pause_ms=0
CAPTURE_CLOSED i=5085 epoch=222 pause_ms=0
CAPTURE_CLOSED i=5086 epoch=223 pause_ms=0
CAPTURE_CLOSED i=5087 epoch=224 pause_ms=0
CAPTURE_CLOSED i=5088 epoch=225 pause_ms=0
CAPTURE_CLOSED i=5089 epoch=226 pause_ms=0
CAPTURE_CLOSED i=5090 epoch=227 pause_ms=0
CAPTURE_CLOSED i=5091 epoch=228 pause_ms=0
CAPTURE_CLOSED i=5092 epoch=229 pause_ms=0
CAPTURE_CLOSED i=5093 epoch=230 pause_ms=0
CAPTURE_CLOSED i=5094 epoch=231 pause_ms=0
CAPTURE_CLOSED i=5095 epoch=232 pause_ms=0
CAPTURE_CLOSED i=5096 epoch=233 pause_ms=0
CAPTURE_CLOSED i=5097 epoch=234 pause_ms=0
CAPTURE_CLOSED i=5098 epoch=235 pause_ms=0
TRACE_SPI txn=5100 writes=24 host_observed_write_us=15832.481 post_spi_to_tune_return_us=3505.542
CAPTURE_CLOSED i=5099 epoch=236 pause_ms=0
mode=BOTH progress=5100 unrecovered=0 first_read_faults=0 recovered=0 last_epoch=236
CAPTURE_CLOSED i=5100 epoch=237 pause_ms=0
CAPTURE_CLOSED i=5101 epoch=238 pause_ms=0
CAPTURE_CLOSED i=5102 epoch=239 pause_ms=0
CAPTURE_CLOSED i=5103 epoch=240 pause_ms=0
CAPTURE_CLOSED i=5104 epoch=241 pause_ms=0
CAPTURE_CLOSED i=5105 epoch=242 pause_ms=0
CAPTURE_CLOSED i=5106 epoch=243 pause_ms=0
CAPTURE_CLOSED i=5107 epoch=244 pause_ms=0
CAPTURE_CLOSED i=5108 epoch=245 pause_ms=0
CAPTURE_CLOSED i=5109 epoch=246 pause_ms=0
CAPTURE_CLOSED i=5110 epoch=247 pause_ms=0
CAPTURE_CLOSED i=5111 epoch=248 pause_ms=0
CAPTURE_CLOSED i=5112 epoch=249 pause_ms=0
CAPTURE_CLOSED i=5113 epoch=250 pause_ms=0
CAPTURE_CLOSED i=5114 epoch=251 pause_ms=0
CAPTURE_CLOSED i=5115 epoch=252 pause_ms=0
CAPTURE_CLOSED i=5116 epoch=253 pause_ms=0
CAPTURE_CLOSED i=5117 epoch=254 pause_ms=0
CAPTURE_CLOSED i=5118 epoch=255 pause_ms=0
CAPTURE_CLOSED i=5119 epoch=0 pause_ms=0
CAPTURE_CLOSED i=5120 epoch=1 pause_ms=0
CAPTURE_CLOSED i=5121 epoch=2 pause_ms=0
CAPTURE_CLOSED i=5122 epoch=3 pause_ms=0
CAPTURE_CLOSED i=5123 epoch=4 pause_ms=0
CAPTURE_CLOSED i=5124 epoch=5 pause_ms=0
CAPTURE_CLOSED i=5125 epoch=6 pause_ms=0
CAPTURE_CLOSED i=5126 epoch=7 pause_ms=0
CAPTURE_CLOSED i=5127 epoch=8 pause_ms=0
CAPTURE_CLOSED i=5128 epoch=9 pause_ms=0
CAPTURE_CLOSED i=5129 epoch=10 pause_ms=0
CAPTURE_CLOSED i=5130 epoch=11 pause_ms=0
CAPTURE_CLOSED i=5131 epoch=12 pause_ms=0
CAPTURE_CLOSED i=5132 epoch=13 pause_ms=0
CAPTURE_CLOSED i=5133 epoch=14 pause_ms=0
CAPTURE_CLOSED i=5134 epoch=15 pause_ms=0
CAPTURE_CLOSED i=5135 epoch=16 pause_ms=0
CAPTURE_CLOSED i=5136 epoch=17 pause_ms=0
CAPTURE_CLOSED i=5137 epoch=18 pause_ms=0
CAPTURE_CLOSED i=5138 epoch=19 pause_ms=0
CAPTURE_CLOSED i=5139 epoch=20 pause_ms=0
CAPTURE_CLOSED i=5140 epoch=21 pause_ms=0
CAPTURE_CLOSED i=5141 epoch=22 pause_ms=0
CAPTURE_CLOSED i=5142 epoch=23 pause_ms=0
CAPTURE_CLOSED i=5143 epoch=24 pause_ms=0
CAPTURE_CLOSED i=5144 epoch=25 pause_ms=0
CAPTURE_CLOSED i=5145 epoch=26 pause_ms=0
CAPTURE_CLOSED i=5146 epoch=27 pause_ms=0
CAPTURE_CLOSED i=5147 epoch=28 pause_ms=0
CAPTURE_CLOSED i=5148 epoch=29 pause_ms=0
CAPTURE_CLOSED i=5149 epoch=30 pause_ms=0
CAPTURE_CLOSED i=5150 epoch=31 pause_ms=0
CAPTURE_CLOSED i=5151 epoch=32 pause_ms=0
CAPTURE_CLOSED i=5152 epoch=33 pause_ms=0
CAPTURE_CLOSED i=5153 epoch=34 pause_ms=0
CAPTURE_CLOSED i=5154 epoch=35 pause_ms=0
CAPTURE_CLOSED i=5155 epoch=36 pause_ms=0
CAPTURE_CLOSED i=5156 epoch=37 pause_ms=0
CAPTURE_CLOSED i=5157 epoch=38 pause_ms=0
CAPTURE_CLOSED i=5158 epoch=39 pause_ms=0
CAPTURE_CLOSED i=5159 epoch=40 pause_ms=0
CAPTURE_CLOSED i=5160 epoch=41 pause_ms=0
CAPTURE_CLOSED i=5161 epoch=42 pause_ms=0
CAPTURE_CLOSED i=5162 epoch=43 pause_ms=0
CAPTURE_CLOSED i=5163 epoch=44 pause_ms=0
CAPTURE_CLOSED i=5164 epoch=45 pause_ms=0
CAPTURE_CLOSED i=5165 epoch=46 pause_ms=0
CAPTURE_CLOSED i=5166 epoch=47 pause_ms=0
CAPTURE_CLOSED i=5167 epoch=48 pause_ms=0
CAPTURE_CLOSED i=5168 epoch=49 pause_ms=0
CAPTURE_CLOSED i=5169 epoch=50 pause_ms=0
CAPTURE_CLOSED i=5170 epoch=51 pause_ms=0
CAPTURE_CLOSED i=5171 epoch=52 pause_ms=0
CAPTURE_CLOSED i=5172 epoch=53 pause_ms=0
CAPTURE_CLOSED i=5173 epoch=54 pause_ms=0
CAPTURE_CLOSED i=5174 epoch=55 pause_ms=0
CAPTURE_CLOSED i=5175 epoch=56 pause_ms=0
CAPTURE_CLOSED i=5176 epoch=57 pause_ms=0
CAPTURE_CLOSED i=5177 epoch=58 pause_ms=0
CAPTURE_CLOSED i=5178 epoch=59 pause_ms=0
CAPTURE_CLOSED i=5179 epoch=60 pause_ms=0
CAPTURE_CLOSED i=5180 epoch=61 pause_ms=0
CAPTURE_CLOSED i=5181 epoch=62 pause_ms=0
CAPTURE_CLOSED i=5182 epoch=63 pause_ms=0
CAPTURE_CLOSED i=5183 epoch=64 pause_ms=0
CAPTURE_CLOSED i=5184 epoch=65 pause_ms=0
CAPTURE_CLOSED i=5185 epoch=66 pause_ms=0
CAPTURE_CLOSED i=5186 epoch=67 pause_ms=0
CAPTURE_CLOSED i=5187 epoch=68 pause_ms=0
CAPTURE_CLOSED i=5188 epoch=69 pause_ms=0
CAPTURE_CLOSED i=5189 epoch=70 pause_ms=0
CAPTURE_CLOSED i=5190 epoch=71 pause_ms=0
CAPTURE_CLOSED i=5191 epoch=72 pause_ms=0
CAPTURE_CLOSED i=5192 epoch=73 pause_ms=0
CAPTURE_CLOSED i=5193 epoch=74 pause_ms=0
CAPTURE_CLOSED i=5194 epoch=75 pause_ms=0
CAPTURE_CLOSED i=5195 epoch=76 pause_ms=0
CAPTURE_CLOSED i=5196 epoch=77 pause_ms=0
CAPTURE_CLOSED i=5197 epoch=78 pause_ms=0
CAPTURE_CLOSED i=5198 epoch=79 pause_ms=0
TRACE_SPI txn=5200 writes=24 host_observed_write_us=15433.229 post_spi_to_tune_return_us=3505.572
CAPTURE_CLOSED i=5199 epoch=80 pause_ms=0
mode=BOTH progress=5200 unrecovered=0 first_read_faults=0 recovered=0 last_epoch=80
CAPTURE_CLOSED i=5200 epoch=81 pause_ms=0
CAPTURE_CLOSED i=5201 epoch=82 pause_ms=0
CAPTURE_CLOSED i=5202 epoch=83 pause_ms=0
CAPTURE_CLOSED i=5203 epoch=84 pause_ms=0
CAPTURE_CLOSED i=5204 epoch=85 pause_ms=0
CAPTURE_CLOSED i=5205 epoch=86 pause_ms=0
CAPTURE_CLOSED i=5206 epoch=87 pause_ms=0
CAPTURE_CLOSED i=5207 epoch=88 pause_ms=0
CAPTURE_CLOSED i=5208 epoch=89 pause_ms=0
CAPTURE_CLOSED i=5209 epoch=90 pause_ms=0
CAPTURE_CLOSED i=5210 epoch=91 pause_ms=0
CAPTURE_CLOSED i=5211 epoch=92 pause_ms=0
CAPTURE_CLOSED i=5212 epoch=93 pause_ms=0
CAPTURE_CLOSED i=5213 epoch=94 pause_ms=0
CAPTURE_CLOSED i=5214 epoch=95 pause_ms=0
CAPTURE_CLOSED i=5215 epoch=96 pause_ms=0
CAPTURE_CLOSED i=5216 epoch=97 pause_ms=0
CAPTURE_CLOSED i=5217 epoch=98 pause_ms=0
CAPTURE_CLOSED i=5218 epoch=99 pause_ms=0
CAPTURE_CLOSED i=5219 epoch=100 pause_ms=0
CAPTURE_CLOSED i=5220 epoch=101 pause_ms=0
CAPTURE_CLOSED i=5221 epoch=102 pause_ms=0
CAPTURE_CLOSED i=5222 epoch=103 pause_ms=0
CAPTURE_CLOSED i=5223 epoch=104 pause_ms=0
CAPTURE_CLOSED i=5224 epoch=105 pause_ms=0
CAPTURE_CLOSED i=5225 epoch=106 pause_ms=0
CAPTURE_CLOSED i=5226 epoch=107 pause_ms=0
CAPTURE_CLOSED i=5227 epoch=108 pause_ms=0
CAPTURE_CLOSED i=5228 epoch=109 pause_ms=0
CAPTURE_CLOSED i=5229 epoch=110 pause_ms=0
CAPTURE_CLOSED i=5230 epoch=111 pause_ms=0
CAPTURE_CLOSED i=5231 epoch=112 pause_ms=0
CAPTURE_CLOSED i=5232 epoch=113 pause_ms=0
CAPTURE_CLOSED i=5233 epoch=114 pause_ms=0
CAPTURE_CLOSED i=5234 epoch=115 pause_ms=0
CAPTURE_CLOSED i=5235 epoch=116 pause_ms=0
CAPTURE_CLOSED i=5236 epoch=117 pause_ms=0
CAPTURE_CLOSED i=5237 epoch=118 pause_ms=0
CAPTURE_CLOSED i=5238 epoch=119 pause_ms=0
CAPTURE_CLOSED i=5239 epoch=120 pause_ms=0
CAPTURE_CLOSED i=5240 epoch=121 pause_ms=0
CAPTURE_CLOSED i=5241 epoch=122 pause_ms=0
CAPTURE_CLOSED i=5242 epoch=123 pause_ms=0
CAPTURE_CLOSED i=5243 epoch=124 pause_ms=0
CAPTURE_CLOSED i=5244 epoch=125 pause_ms=0
CAPTURE_CLOSED i=5245 epoch=126 pause_ms=0
CAPTURE_CLOSED i=5246 epoch=127 pause_ms=0
CAPTURE_CLOSED i=5247 epoch=128 pause_ms=0
CAPTURE_CLOSED i=5248 epoch=129 pause_ms=0
CAPTURE_CLOSED i=5249 epoch=130 pause_ms=0
CAPTURE_CLOSED i=5250 epoch=131 pause_ms=0
CAPTURE_CLOSED i=5251 epoch=132 pause_ms=0
CAPTURE_CLOSED i=5252 epoch=133 pause_ms=0
CAPTURE_CLOSED i=5253 epoch=134 pause_ms=0
CAPTURE_CLOSED i=5254 epoch=135 pause_ms=0
CAPTURE_CLOSED i=5255 epoch=136 pause_ms=0
CAPTURE_CLOSED i=5256 epoch=137 pause_ms=0
CAPTURE_CLOSED i=5257 epoch=138 pause_ms=0
CAPTURE_CLOSED i=5258 epoch=139 pause_ms=0
CAPTURE_CLOSED i=5259 epoch=140 pause_ms=0
CAPTURE_CLOSED i=5260 epoch=141 pause_ms=0
CAPTURE_CLOSED i=5261 epoch=142 pause_ms=0
CAPTURE_CLOSED i=5262 epoch=143 pause_ms=0
CAPTURE_CLOSED i=5263 epoch=144 pause_ms=0
CAPTURE_CLOSED i=5264 epoch=145 pause_ms=0
CAPTURE_CLOSED i=5265 epoch=146 pause_ms=0
CAPTURE_CLOSED i=5266 epoch=147 pause_ms=0
CAPTURE_CLOSED i=5267 epoch=148 pause_ms=0
CAPTURE_CLOSED i=5268 epoch=149 pause_ms=0
CAPTURE_CLOSED i=5269 epoch=150 pause_ms=0
CAPTURE_CLOSED i=5270 epoch=151 pause_ms=0
CAPTURE_CLOSED i=5271 epoch=152 pause_ms=0
CAPTURE_CLOSED i=5272 epoch=153 pause_ms=0
CAPTURE_CLOSED i=5273 epoch=154 pause_ms=0
CAPTURE_CLOSED i=5274 epoch=155 pause_ms=0
CAPTURE_CLOSED i=5275 epoch=156 pause_ms=0
CAPTURE_CLOSED i=5276 epoch=157 pause_ms=0
CAPTURE_CLOSED i=5277 epoch=158 pause_ms=0
CAPTURE_CLOSED i=5278 epoch=159 pause_ms=0
CAPTURE_CLOSED i=5279 epoch=160 pause_ms=0
CAPTURE_CLOSED i=5280 epoch=161 pause_ms=0
CAPTURE_CLOSED i=5281 epoch=162 pause_ms=0
CAPTURE_CLOSED i=5282 epoch=163 pause_ms=0
CAPTURE_CLOSED i=5283 epoch=164 pause_ms=0
CAPTURE_CLOSED i=5284 epoch=165 pause_ms=0
CAPTURE_CLOSED i=5285 epoch=166 pause_ms=0
CAPTURE_CLOSED i=5286 epoch=167 pause_ms=0
CAPTURE_CLOSED i=5287 epoch=168 pause_ms=0
CAPTURE_CLOSED i=5288 epoch=169 pause_ms=0
CAPTURE_CLOSED i=5289 epoch=170 pause_ms=0
CAPTURE_CLOSED i=5290 epoch=171 pause_ms=0
CAPTURE_CLOSED i=5291 epoch=172 pause_ms=0
CAPTURE_CLOSED i=5292 epoch=173 pause_ms=0
CAPTURE_CLOSED i=5293 epoch=174 pause_ms=0
CAPTURE_CLOSED i=5294 epoch=175 pause_ms=0
CAPTURE_CLOSED i=5295 epoch=176 pause_ms=0
CAPTURE_CLOSED i=5296 epoch=177 pause_ms=0
CAPTURE_CLOSED i=5297 epoch=178 pause_ms=0
CAPTURE_CLOSED i=5298 epoch=179 pause_ms=0
TRACE_SPI txn=5300 writes=24 host_observed_write_us=15521.513 post_spi_to_tune_return_us=3506.680
CAPTURE_CLOSED i=5299 epoch=180 pause_ms=0
mode=BOTH progress=5300 unrecovered=0 first_read_faults=0 recovered=0 last_epoch=180
CAPTURE_CLOSED i=5300 epoch=181 pause_ms=0
CAPTURE_CLOSED i=5301 epoch=182 pause_ms=0
CAPTURE_CLOSED i=5302 epoch=183 pause_ms=0
CAPTURE_CLOSED i=5303 epoch=184 pause_ms=0
CAPTURE_CLOSED i=5304 epoch=185 pause_ms=0
CAPTURE_CLOSED i=5305 epoch=186 pause_ms=0
CAPTURE_CLOSED i=5306 epoch=187 pause_ms=0
CAPTURE_CLOSED i=5307 epoch=188 pause_ms=0
CAPTURE_CLOSED i=5308 epoch=189 pause_ms=0
CAPTURE_CLOSED i=5309 epoch=190 pause_ms=0
CAPTURE_CLOSED i=5310 epoch=191 pause_ms=0
CAPTURE_CLOSED i=5311 epoch=192 pause_ms=0
CAPTURE_CLOSED i=5312 epoch=193 pause_ms=0
CAPTURE_CLOSED i=5313 epoch=194 pause_ms=0
CAPTURE_CLOSED i=5314 epoch=195 pause_ms=0
CAPTURE_CLOSED i=5315 epoch=196 pause_ms=0
CAPTURE_CLOSED i=5316 epoch=197 pause_ms=0
CAPTURE_CLOSED i=5317 epoch=198 pause_ms=0
CAPTURE_CLOSED i=5318 epoch=199 pause_ms=0
CAPTURE_CLOSED i=5319 epoch=200 pause_ms=0
CAPTURE_CLOSED i=5320 epoch=201 pause_ms=0
CAPTURE_CLOSED i=5321 epoch=202 pause_ms=0
CAPTURE_CLOSED i=5322 epoch=203 pause_ms=0
CAPTURE_CLOSED i=5323 epoch=204 pause_ms=0
CAPTURE_CLOSED i=5324 epoch=205 pause_ms=0
CAPTURE_CLOSED i=5325 epoch=206 pause_ms=0
CAPTURE_CLOSED i=5326 epoch=207 pause_ms=0
CAPTURE_CLOSED i=5327 epoch=208 pause_ms=0
CAPTURE_CLOSED i=5328 epoch=209 pause_ms=0
CAPTURE_CLOSED i=5329 epoch=210 pause_ms=0
CAPTURE_CLOSED i=5330 epoch=211 pause_ms=0
CAPTURE_CLOSED i=5331 epoch=212 pause_ms=0
CAPTURE_CLOSED i=5332 epoch=213 pause_ms=0
CAPTURE_CLOSED i=5333 epoch=214 pause_ms=0
CAPTURE_CLOSED i=5334 epoch=215 pause_ms=0
CAPTURE_CLOSED i=5335 epoch=216 pause_ms=0
CAPTURE_CLOSED i=5336 epoch=217 pause_ms=0
CAPTURE_CLOSED i=5337 epoch=218 pause_ms=0
CAPTURE_CLOSED i=5338 epoch=219 pause_ms=0
CAPTURE_CLOSED i=5339 epoch=220 pause_ms=0
CAPTURE_CLOSED i=5340 epoch=221 pause_ms=0
CAPTURE_CLOSED i=5341 epoch=222 pause_ms=0
CAPTURE_CLOSED i=5342 epoch=223 pause_ms=0
CAPTURE_CLOSED i=5343 epoch=224 pause_ms=0
CAPTURE_CLOSED i=5344 epoch=225 pause_ms=0
CAPTURE_CLOSED i=5345 epoch=226 pause_ms=0
CAPTURE_CLOSED i=5346 epoch=227 pause_ms=0
CAPTURE_CLOSED i=5347 epoch=228 pause_ms=0
CAPTURE_CLOSED i=5348 epoch=229 pause_ms=0
CAPTURE_CLOSED i=5349 epoch=230 pause_ms=0
CAPTURE_CLOSED i=5350 epoch=231 pause_ms=0
CAPTURE_CLOSED i=5351 epoch=232 pause_ms=0
CAPTURE_CLOSED i=5352 epoch=233 pause_ms=0
CAPTURE_CLOSED i=5353 epoch=234 pause_ms=0
CAPTURE_CLOSED i=5354 epoch=235 pause_ms=0
CAPTURE_CLOSED i=5355 epoch=236 pause_ms=0
CAPTURE_CLOSED i=5356 epoch=237 pause_ms=0
CAPTURE_CLOSED i=5357 epoch=238 pause_ms=0
CAPTURE_CLOSED i=5358 epoch=239 pause_ms=0
CAPTURE_CLOSED i=5359 epoch=240 pause_ms=0
CAPTURE_CLOSED i=5360 epoch=241 pause_ms=0
CAPTURE_CLOSED i=5361 epoch=242 pause_ms=0
CAPTURE_CLOSED i=5362 epoch=243 pause_ms=0
CAPTURE_CLOSED i=5363 epoch=244 pause_ms=0
CAPTURE_CLOSED i=5364 epoch=245 pause_ms=0
CAPTURE_CLOSED i=5365 epoch=246 pause_ms=0
CAPTURE_CLOSED i=5366 epoch=247 pause_ms=0
CAPTURE_CLOSED i=5367 epoch=248 pause_ms=0
CAPTURE_CLOSED i=5368 epoch=249 pause_ms=0
CAPTURE_CLOSED i=5369 epoch=250 pause_ms=0
CAPTURE_CLOSED i=5370 epoch=251 pause_ms=0
CAPTURE_CLOSED i=5371 epoch=252 pause_ms=0
CAPTURE_CLOSED i=5372 epoch=253 pause_ms=0
CAPTURE_CLOSED i=5373 epoch=254 pause_ms=0
CAPTURE_CLOSED i=5374 epoch=255 pause_ms=0
CAPTURE_CLOSED i=5375 epoch=0 pause_ms=0
CAPTURE_CLOSED i=5376 epoch=1 pause_ms=0
CAPTURE_CLOSED i=5377 epoch=2 pause_ms=0
CAPTURE_CLOSED i=5378 epoch=3 pause_ms=0
CAPTURE_CLOSED i=5379 epoch=4 pause_ms=0
CAPTURE_CLOSED i=5380 epoch=5 pause_ms=0
CAPTURE_CLOSED i=5381 epoch=6 pause_ms=0
CAPTURE_CLOSED i=5382 epoch=7 pause_ms=0
CAPTURE_CLOSED i=5383 epoch=8 pause_ms=0
CAPTURE_CLOSED i=5384 epoch=9 pause_ms=0
CAPTURE_CLOSED i=5385 epoch=10 pause_ms=0
CAPTURE_CLOSED i=5386 epoch=11 pause_ms=0
CAPTURE_CLOSED i=5387 epoch=12 pause_ms=0
CAPTURE_CLOSED i=5388 epoch=13 pause_ms=0
CAPTURE_CLOSED i=5389 epoch=14 pause_ms=0
CAPTURE_CLOSED i=5390 epoch=15 pause_ms=0
CAPTURE_CLOSED i=5391 epoch=16 pause_ms=0
CAPTURE_CLOSED i=5392 epoch=17 pause_ms=0
CAPTURE_CLOSED i=5393 epoch=18 pause_ms=0
CAPTURE_CLOSED i=5394 epoch=19 pause_ms=0
CAPTURE_CLOSED i=5395 epoch=20 pause_ms=0
CAPTURE_CLOSED i=5396 epoch=21 pause_ms=0
CAPTURE_CLOSED i=5397 epoch=22 pause_ms=0
CAPTURE_CLOSED i=5398 epoch=23 pause_ms=0
TRACE_SPI txn=5400 writes=24 host_observed_write_us=15433.379 post_spi_to_tune_return_us=3504.580
CAPTURE_CLOSED i=5399 epoch=24 pause_ms=0
mode=BOTH progress=5400 unrecovered=0 first_read_faults=0 recovered=0 last_epoch=24
CAPTURE_CLOSED i=5400 epoch=25 pause_ms=0
CAPTURE_CLOSED i=5401 epoch=26 pause_ms=0
CAPTURE_CLOSED i=5402 epoch=27 pause_ms=0
CAPTURE_CLOSED i=5403 epoch=28 pause_ms=0
CAPTURE_CLOSED i=5404 epoch=29 pause_ms=0
CAPTURE_CLOSED i=5405 epoch=30 pause_ms=0
CAPTURE_CLOSED i=5406 epoch=31 pause_ms=0
CAPTURE_CLOSED i=5407 epoch=32 pause_ms=0
CAPTURE_CLOSED i=5408 epoch=33 pause_ms=0
CAPTURE_CLOSED i=5409 epoch=34 pause_ms=0
CAPTURE_CLOSED i=5410 epoch=35 pause_ms=0
CAPTURE_CLOSED i=5411 epoch=36 pause_ms=0
CAPTURE_CLOSED i=5412 epoch=37 pause_ms=0
CAPTURE_CLOSED i=5413 epoch=38 pause_ms=0
CAPTURE_CLOSED i=5414 epoch=39 pause_ms=0
CAPTURE_CLOSED i=5415 epoch=40 pause_ms=0
CAPTURE_CLOSED i=5416 epoch=41 pause_ms=0
CAPTURE_CLOSED i=5417 epoch=42 pause_ms=0
CAPTURE_CLOSED i=5418 epoch=43 pause_ms=0
CAPTURE_CLOSED i=5419 epoch=44 pause_ms=0
CAPTURE_CLOSED i=5420 epoch=45 pause_ms=0
CAPTURE_CLOSED i=5421 epoch=46 pause_ms=0
CAPTURE_CLOSED i=5422 epoch=47 pause_ms=0
CAPTURE_CLOSED i=5423 epoch=48 pause_ms=0
CAPTURE_CLOSED i=5424 epoch=49 pause_ms=0
CAPTURE_CLOSED i=5425 epoch=50 pause_ms=0
CAPTURE_CLOSED i=5426 epoch=51 pause_ms=0
CAPTURE_CLOSED i=5427 epoch=52 pause_ms=0
CAPTURE_CLOSED i=5428 epoch=53 pause_ms=0
CAPTURE_CLOSED i=5429 epoch=54 pause_ms=0
CAPTURE_CLOSED i=5430 epoch=55 pause_ms=0
CAPTURE_CLOSED i=5431 epoch=56 pause_ms=0
CAPTURE_CLOSED i=5432 epoch=57 pause_ms=0
CAPTURE_CLOSED i=5433 epoch=58 pause_ms=0
CAPTURE_CLOSED i=5434 epoch=59 pause_ms=0
CAPTURE_CLOSED i=5435 epoch=60 pause_ms=0
CAPTURE_CLOSED i=5436 epoch=61 pause_ms=0
CAPTURE_CLOSED i=5437 epoch=62 pause_ms=0
CAPTURE_CLOSED i=5438 epoch=63 pause_ms=0
CAPTURE_CLOSED i=5439 epoch=64 pause_ms=0
CAPTURE_CLOSED i=5440 epoch=65 pause_ms=0
CAPTURE_CLOSED i=5441 epoch=66 pause_ms=0
CAPTURE_CLOSED i=5442 epoch=67 pause_ms=0
CAPTURE_CLOSED i=5443 epoch=68 pause_ms=0
CAPTURE_CLOSED i=5444 epoch=69 pause_ms=0
CAPTURE_CLOSED i=5445 epoch=70 pause_ms=0
CAPTURE_CLOSED i=5446 epoch=71 pause_ms=0
CAPTURE_CLOSED i=5447 epoch=72 pause_ms=0
CAPTURE_CLOSED i=5448 epoch=73 pause_ms=0
CAPTURE_CLOSED i=5449 epoch=74 pause_ms=0
CAPTURE_CLOSED i=5450 epoch=75 pause_ms=0
CAPTURE_CLOSED i=5451 epoch=76 pause_ms=0
CAPTURE_CLOSED i=5452 epoch=77 pause_ms=0
CAPTURE_CLOSED i=5453 epoch=78 pause_ms=0
CAPTURE_CLOSED i=5454 epoch=79 pause_ms=0
CAPTURE_CLOSED i=5455 epoch=80 pause_ms=0
CAPTURE_CLOSED i=5456 epoch=81 pause_ms=0
CAPTURE_CLOSED i=5457 epoch=82 pause_ms=0
CAPTURE_CLOSED i=5458 epoch=83 pause_ms=0
CAPTURE_CLOSED i=5459 epoch=84 pause_ms=0
CAPTURE_CLOSED i=5460 epoch=85 pause_ms=0
CAPTURE_CLOSED i=5461 epoch=86 pause_ms=0
CAPTURE_CLOSED i=5462 epoch=87 pause_ms=0
CAPTURE_CLOSED i=5463 epoch=88 pause_ms=0
CAPTURE_CLOSED i=5464 epoch=89 pause_ms=0
CAPTURE_CLOSED i=5465 epoch=90 pause_ms=0
CAPTURE_CLOSED i=5466 epoch=91 pause_ms=0
CAPTURE_CLOSED i=5467 epoch=92 pause_ms=0
CAPTURE_CLOSED i=5468 epoch=93 pause_ms=0
CAPTURE_CLOSED i=5469 epoch=94 pause_ms=0
CAPTURE_CLOSED i=5470 epoch=95 pause_ms=0
CAPTURE_CLOSED i=5471 epoch=96 pause_ms=0
CAPTURE_CLOSED i=5472 epoch=97 pause_ms=0
CAPTURE_CLOSED i=5473 epoch=98 pause_ms=0
CAPTURE_CLOSED i=5474 epoch=99 pause_ms=0
CAPTURE_CLOSED i=5475 epoch=100 pause_ms=0
CAPTURE_CLOSED i=5476 epoch=101 pause_ms=0
CAPTURE_CLOSED i=5477 epoch=102 pause_ms=0
CAPTURE_CLOSED i=5478 epoch=103 pause_ms=0
CAPTURE_CLOSED i=5479 epoch=104 pause_ms=0
CAPTURE_CLOSED i=5480 epoch=105 pause_ms=0
CAPTURE_CLOSED i=5481 epoch=106 pause_ms=0
CAPTURE_CLOSED i=5482 epoch=107 pause_ms=0
CAPTURE_CLOSED i=5483 epoch=108 pause_ms=0
CAPTURE_CLOSED i=5484 epoch=109 pause_ms=0
CAPTURE_CLOSED i=5485 epoch=110 pause_ms=0
CAPTURE_CLOSED i=5486 epoch=111 pause_ms=0
CAPTURE_CLOSED i=5487 epoch=112 pause_ms=0
CAPTURE_CLOSED i=5488 epoch=113 pause_ms=0
CAPTURE_CLOSED i=5489 epoch=114 pause_ms=0
CAPTURE_CLOSED i=5490 epoch=115 pause_ms=0
CAPTURE_CLOSED i=5491 epoch=116 pause_ms=0
CAPTURE_CLOSED i=5492 epoch=117 pause_ms=0
CAPTURE_CLOSED i=5493 epoch=118 pause_ms=0
CAPTURE_CLOSED i=5494 epoch=119 pause_ms=0
CAPTURE_CLOSED i=5495 epoch=120 pause_ms=0
CAPTURE_CLOSED i=5496 epoch=121 pause_ms=0
CAPTURE_CLOSED i=5497 epoch=122 pause_ms=0
CAPTURE_CLOSED i=5498 epoch=123 pause_ms=0
TRACE_SPI txn=5500 writes=24 host_observed_write_us=15832.648 post_spi_to_tune_return_us=3507.346
CAPTURE_CLOSED i=5499 epoch=124 pause_ms=0
mode=BOTH progress=5500 unrecovered=0 first_read_faults=0 recovered=0 last_epoch=124
CAPTURE_CLOSED i=5500 epoch=125 pause_ms=0
CAPTURE_CLOSED i=5501 epoch=126 pause_ms=0
CAPTURE_CLOSED i=5502 epoch=127 pause_ms=0
CAPTURE_CLOSED i=5503 epoch=128 pause_ms=0
CAPTURE_CLOSED i=5504 epoch=129 pause_ms=0
CAPTURE_CLOSED i=5505 epoch=130 pause_ms=0
CAPTURE_CLOSED i=5506 epoch=131 pause_ms=0
CAPTURE_CLOSED i=5507 epoch=132 pause_ms=0
CAPTURE_CLOSED i=5508 epoch=133 pause_ms=0
CAPTURE_CLOSED i=5509 epoch=134 pause_ms=0
CAPTURE_CLOSED i=5510 epoch=135 pause_ms=0
CAPTURE_CLOSED i=5511 epoch=136 pause_ms=0
CAPTURE_CLOSED i=5512 epoch=137 pause_ms=0
CAPTURE_CLOSED i=5513 epoch=138 pause_ms=0
CAPTURE_CLOSED i=5514 epoch=139 pause_ms=0
CAPTURE_CLOSED i=5515 epoch=140 pause_ms=0
CAPTURE_CLOSED i=5516 epoch=141 pause_ms=0
CAPTURE_CLOSED i=5517 epoch=142 pause_ms=0
CAPTURE_CLOSED i=5518 epoch=143 pause_ms=0
CAPTURE_CLOSED i=5519 epoch=144 pause_ms=0
CAPTURE_CLOSED i=5520 epoch=145 pause_ms=0
CAPTURE_CLOSED i=5521 epoch=146 pause_ms=0
CAPTURE_CLOSED i=5522 epoch=147 pause_ms=0
CAPTURE_CLOSED i=5523 epoch=148 pause_ms=0
CAPTURE_CLOSED i=5524 epoch=149 pause_ms=0
CAPTURE_CLOSED i=5525 epoch=150 pause_ms=0
CAPTURE_CLOSED i=5526 epoch=151 pause_ms=0
CAPTURE_CLOSED i=5527 epoch=152 pause_ms=0
CAPTURE_CLOSED i=5528 epoch=153 pause_ms=0
CAPTURE_CLOSED i=5529 epoch=154 pause_ms=0
CAPTURE_CLOSED i=5530 epoch=155 pause_ms=0
CAPTURE_CLOSED i=5531 epoch=156 pause_ms=0
CAPTURE_CLOSED i=5532 epoch=157 pause_ms=0
CAPTURE_CLOSED i=5533 epoch=158 pause_ms=0
CAPTURE_CLOSED i=5534 epoch=159 pause_ms=0
CAPTURE_CLOSED i=5535 epoch=160 pause_ms=0
CAPTURE_CLOSED i=5536 epoch=161 pause_ms=0
CAPTURE_CLOSED i=5537 epoch=162 pause_ms=0
CAPTURE_CLOSED i=5538 epoch=163 pause_ms=0
CAPTURE_CLOSED i=5539 epoch=164 pause_ms=0
CAPTURE_CLOSED i=5540 epoch=165 pause_ms=0
CAPTURE_CLOSED i=5541 epoch=166 pause_ms=0
CAPTURE_CLOSED i=5542 epoch=167 pause_ms=0
CAPTURE_CLOSED i=5543 epoch=168 pause_ms=0
CAPTURE_CLOSED i=5544 epoch=169 pause_ms=0
CAPTURE_CLOSED i=5545 epoch=170 pause_ms=0
CAPTURE_CLOSED i=5546 epoch=171 pause_ms=0
CAPTURE_CLOSED i=5547 epoch=172 pause_ms=0
CAPTURE_CLOSED i=5548 epoch=173 pause_ms=0
CAPTURE_CLOSED i=5549 epoch=174 pause_ms=0
CAPTURE_CLOSED i=5550 epoch=175 pause_ms=0
CAPTURE_CLOSED i=5551 epoch=176 pause_ms=0
CAPTURE_CLOSED i=5552 epoch=177 pause_ms=0
CAPTURE_CLOSED i=5553 epoch=178 pause_ms=0
CAPTURE_CLOSED i=5554 epoch=179 pause_ms=0
CAPTURE_CLOSED i=5555 epoch=180 pause_ms=0
CAPTURE_CLOSED i=5556 epoch=181 pause_ms=0
CAPTURE_CLOSED i=5557 epoch=182 pause_ms=0
CAPTURE_CLOSED i=5558 epoch=183 pause_ms=0
CAPTURE_CLOSED i=5559 epoch=184 pause_ms=0
CAPTURE_CLOSED i=5560 epoch=185 pause_ms=0
CAPTURE_CLOSED i=5561 epoch=186 pause_ms=0
CAPTURE_CLOSED i=5562 epoch=187 pause_ms=0
CAPTURE_CLOSED i=5563 epoch=188 pause_ms=0
CAPTURE_CLOSED i=5564 epoch=189 pause_ms=0
CAPTURE_CLOSED i=5565 epoch=190 pause_ms=0
CAPTURE_CLOSED i=5566 epoch=191 pause_ms=0
CAPTURE_CLOSED i=5567 epoch=192 pause_ms=0
CAPTURE_CLOSED i=5568 epoch=193 pause_ms=0
CAPTURE_CLOSED i=5569 epoch=194 pause_ms=0
CAPTURE_CLOSED i=5570 epoch=195 pause_ms=0
CAPTURE_CLOSED i=5571 epoch=196 pause_ms=0
CAPTURE_CLOSED i=5572 epoch=197 pause_ms=0
CAPTURE_CLOSED i=5573 epoch=198 pause_ms=0
CAPTURE_CLOSED i=5574 epoch=199 pause_ms=0
CAPTURE_CLOSED i=5575 epoch=200 pause_ms=0
CAPTURE_CLOSED i=5576 epoch=201 pause_ms=0
CAPTURE_CLOSED i=5577 epoch=202 pause_ms=0
CAPTURE_CLOSED i=5578 epoch=203 pause_ms=0
CAPTURE_CLOSED i=5579 epoch=204 pause_ms=0
CAPTURE_CLOSED i=5580 epoch=205 pause_ms=0
CAPTURE_CLOSED i=5581 epoch=206 pause_ms=0
CAPTURE_CLOSED i=5582 epoch=207 pause_ms=0
CAPTURE_CLOSED i=5583 epoch=208 pause_ms=0
CAPTURE_CLOSED i=5584 epoch=209 pause_ms=0
CAPTURE_CLOSED i=5585 epoch=210 pause_ms=0
CAPTURE_CLOSED i=5586 epoch=211 pause_ms=0
CAPTURE_CLOSED i=5587 epoch=212 pause_ms=0
CAPTURE_CLOSED i=5588 epoch=213 pause_ms=0
CAPTURE_CLOSED i=5589 epoch=214 pause_ms=0
CAPTURE_CLOSED i=5590 epoch=215 pause_ms=0
CAPTURE_CLOSED i=5591 epoch=216 pause_ms=0
CAPTURE_CLOSED i=5592 epoch=217 pause_ms=0
CAPTURE_CLOSED i=5593 epoch=218 pause_ms=0
CAPTURE_CLOSED i=5594 epoch=219 pause_ms=0
CAPTURE_CLOSED i=5595 epoch=220 pause_ms=0
CAPTURE_CLOSED i=5596 epoch=221 pause_ms=0
CAPTURE_CLOSED i=5597 epoch=222 pause_ms=0
CAPTURE_CLOSED i=5598 epoch=223 pause_ms=0
TRACE_SPI txn=5600 writes=24 host_observed_write_us=15831.514 post_spi_to_tune_return_us=3460.501
CAPTURE_CLOSED i=5599 epoch=224 pause_ms=0
mode=BOTH progress=5600 unrecovered=0 first_read_faults=0 recovered=0 last_epoch=224
CAPTURE_CLOSED i=5600 epoch=225 pause_ms=0
CAPTURE_CLOSED i=5601 epoch=226 pause_ms=0
CAPTURE_CLOSED i=5602 epoch=227 pause_ms=0
CAPTURE_CLOSED i=5603 epoch=228 pause_ms=0
CAPTURE_CLOSED i=5604 epoch=229 pause_ms=0
CAPTURE_CLOSED i=5605 epoch=230 pause_ms=0
CAPTURE_CLOSED i=5606 epoch=231 pause_ms=0
CAPTURE_CLOSED i=5607 epoch=232 pause_ms=0
CAPTURE_CLOSED i=5608 epoch=233 pause_ms=0
CAPTURE_CLOSED i=5609 epoch=234 pause_ms=0
CAPTURE_CLOSED i=5610 epoch=235 pause_ms=0
CAPTURE_CLOSED i=5611 epoch=236 pause_ms=0
CAPTURE_CLOSED i=5612 epoch=237 pause_ms=0
CAPTURE_CLOSED i=5613 epoch=238 pause_ms=0
CAPTURE_CLOSED i=5614 epoch=239 pause_ms=0
CAPTURE_CLOSED i=5615 epoch=240 pause_ms=0
CAPTURE_CLOSED i=5616 epoch=241 pause_ms=0
CAPTURE_CLOSED i=5617 epoch=242 pause_ms=0
CAPTURE_CLOSED i=5618 epoch=243 pause_ms=0
CAPTURE_CLOSED i=5619 epoch=244 pause_ms=0
CAPTURE_CLOSED i=5620 epoch=245 pause_ms=0
CAPTURE_CLOSED i=5621 epoch=246 pause_ms=0
CAPTURE_CLOSED i=5622 epoch=247 pause_ms=0
CAPTURE_CLOSED i=5623 epoch=248 pause_ms=0
CAPTURE_CLOSED i=5624 epoch=249 pause_ms=0
CAPTURE_CLOSED i=5625 epoch=250 pause_ms=0
CAPTURE_CLOSED i=5626 epoch=251 pause_ms=0
CAPTURE_CLOSED i=5627 epoch=252 pause_ms=0
CAPTURE_CLOSED i=5628 epoch=253 pause_ms=0
CAPTURE_CLOSED i=5629 epoch=254 pause_ms=0
CAPTURE_CLOSED i=5630 epoch=255 pause_ms=0
CAPTURE_CLOSED i=5631 epoch=0 pause_ms=0
CAPTURE_CLOSED i=5632 epoch=1 pause_ms=0
CAPTURE_CLOSED i=5633 epoch=2 pause_ms=0
CAPTURE_CLOSED i=5634 epoch=3 pause_ms=0
CAPTURE_CLOSED i=5635 epoch=4 pause_ms=0
CAPTURE_CLOSED i=5636 epoch=5 pause_ms=0
CAPTURE_CLOSED i=5637 epoch=6 pause_ms=0
CAPTURE_CLOSED i=5638 epoch=7 pause_ms=0
CAPTURE_CLOSED i=5639 epoch=8 pause_ms=0
CAPTURE_CLOSED i=5640 epoch=9 pause_ms=0
CAPTURE_CLOSED i=5641 epoch=10 pause_ms=0
CAPTURE_CLOSED i=5642 epoch=11 pause_ms=0
CAPTURE_CLOSED i=5643 epoch=12 pause_ms=0
CAPTURE_CLOSED i=5644 epoch=13 pause_ms=0
CAPTURE_CLOSED i=5645 epoch=14 pause_ms=0
CAPTURE_CLOSED i=5646 epoch=15 pause_ms=0
CAPTURE_CLOSED i=5647 epoch=16 pause_ms=0
CAPTURE_CLOSED i=5648 epoch=17 pause_ms=0
CAPTURE_CLOSED i=5649 epoch=18 pause_ms=0
CAPTURE_CLOSED i=5650 epoch=19 pause_ms=0
CAPTURE_CLOSED i=5651 epoch=20 pause_ms=0
CAPTURE_CLOSED i=5652 epoch=21 pause_ms=0
CAPTURE_CLOSED i=5653 epoch=22 pause_ms=0
CAPTURE_CLOSED i=5654 epoch=23 pause_ms=0
CAPTURE_CLOSED i=5655 epoch=24 pause_ms=0
CAPTURE_CLOSED i=5656 epoch=25 pause_ms=0
CAPTURE_CLOSED i=5657 epoch=26 pause_ms=0
CAPTURE_CLOSED i=5658 epoch=27 pause_ms=0
CAPTURE_CLOSED i=5659 epoch=28 pause_ms=0
CAPTURE_CLOSED i=5660 epoch=29 pause_ms=0
CAPTURE_CLOSED i=5661 epoch=30 pause_ms=0
CAPTURE_CLOSED i=5662 epoch=31 pause_ms=0
CAPTURE_CLOSED i=5663 epoch=32 pause_ms=0
CAPTURE_CLOSED i=5664 epoch=33 pause_ms=0
CAPTURE_CLOSED i=5665 epoch=34 pause_ms=0
CAPTURE_CLOSED i=5666 epoch=35 pause_ms=0
CAPTURE_CLOSED i=5667 epoch=36 pause_ms=0
CAPTURE_CLOSED i=5668 epoch=37 pause_ms=0
CAPTURE_CLOSED i=5669 epoch=38 pause_ms=0
CAPTURE_CLOSED i=5670 epoch=39 pause_ms=0
CAPTURE_CLOSED i=5671 epoch=40 pause_ms=0
CAPTURE_CLOSED i=5672 epoch=41 pause_ms=0
CAPTURE_CLOSED i=5673 epoch=42 pause_ms=0
CAPTURE_CLOSED i=5674 epoch=43 pause_ms=0
CAPTURE_CLOSED i=5675 epoch=44 pause_ms=0
CAPTURE_CLOSED i=5676 epoch=45 pause_ms=0
CAPTURE_CLOSED i=5677 epoch=46 pause_ms=0
CAPTURE_CLOSED i=5678 epoch=47 pause_ms=0
CAPTURE_CLOSED i=5679 epoch=48 pause_ms=0
CAPTURE_CLOSED i=5680 epoch=49 pause_ms=0
CAPTURE_CLOSED i=5681 epoch=50 pause_ms=0
CAPTURE_CLOSED i=5682 epoch=51 pause_ms=0
CAPTURE_CLOSED i=5683 epoch=52 pause_ms=0
CAPTURE_CLOSED i=5684 epoch=53 pause_ms=0
CAPTURE_CLOSED i=5685 epoch=54 pause_ms=0
CAPTURE_CLOSED i=5686 epoch=55 pause_ms=0
CAPTURE_CLOSED i=5687 epoch=56 pause_ms=0
CAPTURE_CLOSED i=5688 epoch=57 pause_ms=0
CAPTURE_CLOSED i=5689 epoch=58 pause_ms=0
CAPTURE_CLOSED i=5690 epoch=59 pause_ms=0
CAPTURE_CLOSED i=5691 epoch=60 pause_ms=0
CAPTURE_CLOSED i=5692 epoch=61 pause_ms=0
CAPTURE_CLOSED i=5693 epoch=62 pause_ms=0
CAPTURE_CLOSED i=5694 epoch=63 pause_ms=0
CAPTURE_CLOSED i=5695 epoch=64 pause_ms=0
CAPTURE_CLOSED i=5696 epoch=65 pause_ms=0
CAPTURE_CLOSED i=5697 epoch=66 pause_ms=0
CAPTURE_CLOSED i=5698 epoch=67 pause_ms=0
TRACE_SPI txn=5700 writes=24 host_observed_write_us=15803.123 post_spi_to_tune_return_us=3494.309
CAPTURE_CLOSED i=5699 epoch=68 pause_ms=0
mode=BOTH progress=5700 unrecovered=0 first_read_faults=0 recovered=0 last_epoch=68
CAPTURE_CLOSED i=5700 epoch=69 pause_ms=0
CAPTURE_CLOSED i=5701 epoch=70 pause_ms=0
CAPTURE_CLOSED i=5702 epoch=71 pause_ms=0
CAPTURE_CLOSED i=5703 epoch=72 pause_ms=0
CAPTURE_CLOSED i=5704 epoch=73 pause_ms=0
CAPTURE_CLOSED i=5705 epoch=74 pause_ms=0
CAPTURE_CLOSED i=5706 epoch=75 pause_ms=0
CAPTURE_CLOSED i=5707 epoch=76 pause_ms=0
CAPTURE_CLOSED i=5708 epoch=77 pause_ms=0
CAPTURE_CLOSED i=5709 epoch=78 pause_ms=0
CAPTURE_CLOSED i=5710 epoch=79 pause_ms=0
CAPTURE_CLOSED i=5711 epoch=80 pause_ms=0
CAPTURE_CLOSED i=5712 epoch=81 pause_ms=0
CAPTURE_CLOSED i=5713 epoch=82 pause_ms=0
CAPTURE_CLOSED i=5714 epoch=83 pause_ms=0
CAPTURE_CLOSED i=5715 epoch=84 pause_ms=0
CAPTURE_CLOSED i=5716 epoch=85 pause_ms=0
CAPTURE_CLOSED i=5717 epoch=86 pause_ms=0
CAPTURE_CLOSED i=5718 epoch=87 pause_ms=0
CAPTURE_CLOSED i=5719 epoch=88 pause_ms=0
CAPTURE_CLOSED i=5720 epoch=89 pause_ms=0
CAPTURE_CLOSED i=5721 epoch=90 pause_ms=0
CAPTURE_CLOSED i=5722 epoch=91 pause_ms=0
CAPTURE_CLOSED i=5723 epoch=92 pause_ms=0
CAPTURE_CLOSED i=5724 epoch=93 pause_ms=0
CAPTURE_CLOSED i=5725 epoch=94 pause_ms=0
CAPTURE_CLOSED i=5726 epoch=95 pause_ms=0
CAPTURE_CLOSED i=5727 epoch=96 pause_ms=0
CAPTURE_CLOSED i=5728 epoch=97 pause_ms=0
CAPTURE_CLOSED i=5729 epoch=98 pause_ms=0
CAPTURE_CLOSED i=5730 epoch=99 pause_ms=0
CAPTURE_CLOSED i=5731 epoch=100 pause_ms=0
CAPTURE_CLOSED i=5732 epoch=101 pause_ms=0
CAPTURE_CLOSED i=5733 epoch=102 pause_ms=0
CAPTURE_CLOSED i=5734 epoch=103 pause_ms=0
CAPTURE_CLOSED i=5735 epoch=104 pause_ms=0
CAPTURE_CLOSED i=5736 epoch=105 pause_ms=0
CAPTURE_CLOSED i=5737 epoch=106 pause_ms=0
CAPTURE_CLOSED i=5738 epoch=107 pause_ms=0
CAPTURE_CLOSED i=5739 epoch=108 pause_ms=0
CAPTURE_CLOSED i=5740 epoch=109 pause_ms=0
CAPTURE_CLOSED i=5741 epoch=110 pause_ms=0
CAPTURE_CLOSED i=5742 epoch=111 pause_ms=0
CAPTURE_CLOSED i=5743 epoch=112 pause_ms=0
CAPTURE_CLOSED i=5744 epoch=113 pause_ms=0
CAPTURE_CLOSED i=5745 epoch=114 pause_ms=0
CAPTURE_CLOSED i=5746 epoch=115 pause_ms=0
CAPTURE_CLOSED i=5747 epoch=116 pause_ms=0
CAPTURE_CLOSED i=5748 epoch=117 pause_ms=0
CAPTURE_CLOSED i=5749 epoch=118 pause_ms=0
CAPTURE_CLOSED i=5750 epoch=119 pause_ms=0
CAPTURE_CLOSED i=5751 epoch=120 pause_ms=0
CAPTURE_CLOSED i=5752 epoch=121 pause_ms=0
CAPTURE_CLOSED i=5753 epoch=122 pause_ms=0
CAPTURE_CLOSED i=5754 epoch=123 pause_ms=0
CAPTURE_CLOSED i=5755 epoch=124 pause_ms=0
CAPTURE_CLOSED i=5756 epoch=125 pause_ms=0
CAPTURE_CLOSED i=5757 epoch=126 pause_ms=0
CAPTURE_CLOSED i=5758 epoch=127 pause_ms=0
CAPTURE_CLOSED i=5759 epoch=128 pause_ms=0
CAPTURE_CLOSED i=5760 epoch=129 pause_ms=0
CAPTURE_CLOSED i=5761 epoch=130 pause_ms=0
CAPTURE_CLOSED i=5762 epoch=131 pause_ms=0
CAPTURE_CLOSED i=5763 epoch=132 pause_ms=0
CAPTURE_CLOSED i=5764 epoch=133 pause_ms=0
CAPTURE_CLOSED i=5765 epoch=134 pause_ms=0
CAPTURE_CLOSED i=5766 epoch=135 pause_ms=0
CAPTURE_CLOSED i=5767 epoch=136 pause_ms=0
CAPTURE_CLOSED i=5768 epoch=137 pause_ms=0
CAPTURE_CLOSED i=5769 epoch=138 pause_ms=0
CAPTURE_CLOSED i=5770 epoch=139 pause_ms=0
CAPTURE_CLOSED i=5771 epoch=140 pause_ms=0
CAPTURE_CLOSED i=5772 epoch=141 pause_ms=0
CAPTURE_CLOSED i=5773 epoch=142 pause_ms=0
CAPTURE_CLOSED i=5774 epoch=143 pause_ms=0
CAPTURE_CLOSED i=5775 epoch=144 pause_ms=0
CAPTURE_CLOSED i=5776 epoch=145 pause_ms=0
CAPTURE_CLOSED i=5777 epoch=146 pause_ms=0
CAPTURE_CLOSED i=5778 epoch=147 pause_ms=0
CAPTURE_CLOSED i=5779 epoch=148 pause_ms=0
CAPTURE_CLOSED i=5780 epoch=149 pause_ms=0
CAPTURE_CLOSED i=5781 epoch=150 pause_ms=0
CAPTURE_CLOSED i=5782 epoch=151 pause_ms=0
CAPTURE_CLOSED i=5783 epoch=152 pause_ms=0
CAPTURE_CLOSED i=5784 epoch=153 pause_ms=0
CAPTURE_CLOSED i=5785 epoch=154 pause_ms=0
CAPTURE_CLOSED i=5786 epoch=155 pause_ms=0
CAPTURE_CLOSED i=5787 epoch=156 pause_ms=0
CAPTURE_CLOSED i=5788 epoch=157 pause_ms=0
CAPTURE_CLOSED i=5789 epoch=158 pause_ms=0
CAPTURE_CLOSED i=5790 epoch=159 pause_ms=0
CAPTURE_CLOSED i=5791 epoch=160 pause_ms=0
CAPTURE_CLOSED i=5792 epoch=161 pause_ms=0
CAPTURE_CLOSED i=5793 epoch=162 pause_ms=0
CAPTURE_CLOSED i=5794 epoch=163 pause_ms=0
CAPTURE_CLOSED i=5795 epoch=164 pause_ms=0
CAPTURE_CLOSED i=5796 epoch=165 pause_ms=0
CAPTURE_CLOSED i=5797 epoch=166 pause_ms=0
CAPTURE_CLOSED i=5798 epoch=167 pause_ms=0
TRACE_SPI txn=5800 writes=24 host_observed_write_us=15479.748 post_spi_to_tune_return_us=3417.198
CAPTURE_CLOSED i=5799 epoch=168 pause_ms=0
mode=BOTH progress=5800 unrecovered=0 first_read_faults=0 recovered=0 last_epoch=168
CAPTURE_CLOSED i=5800 epoch=169 pause_ms=0
CAPTURE_CLOSED i=5801 epoch=170 pause_ms=0
CAPTURE_CLOSED i=5802 epoch=171 pause_ms=0
CAPTURE_CLOSED i=5803 epoch=172 pause_ms=0
CAPTURE_CLOSED i=5804 epoch=173 pause_ms=0
CAPTURE_CLOSED i=5805 epoch=174 pause_ms=0
CAPTURE_CLOSED i=5806 epoch=175 pause_ms=0
CAPTURE_CLOSED i=5807 epoch=176 pause_ms=0
CAPTURE_CLOSED i=5808 epoch=177 pause_ms=0
CAPTURE_CLOSED i=5809 epoch=178 pause_ms=0
CAPTURE_CLOSED i=5810 epoch=179 pause_ms=0
CAPTURE_CLOSED i=5811 epoch=180 pause_ms=0
CAPTURE_CLOSED i=5812 epoch=181 pause_ms=0
CAPTURE_CLOSED i=5813 epoch=182 pause_ms=0
CAPTURE_CLOSED i=5814 epoch=183 pause_ms=0
CAPTURE_CLOSED i=5815 epoch=184 pause_ms=0
CAPTURE_CLOSED i=5816 epoch=185 pause_ms=0
CAPTURE_CLOSED i=5817 epoch=186 pause_ms=0
CAPTURE_CLOSED i=5818 epoch=187 pause_ms=0
CAPTURE_CLOSED i=5819 epoch=188 pause_ms=0
CAPTURE_CLOSED i=5820 epoch=189 pause_ms=0
CAPTURE_CLOSED i=5821 epoch=190 pause_ms=0
CAPTURE_CLOSED i=5822 epoch=191 pause_ms=0
CAPTURE_CLOSED i=5823 epoch=192 pause_ms=0
CAPTURE_CLOSED i=5824 epoch=193 pause_ms=0
CAPTURE_CLOSED i=5825 epoch=194 pause_ms=0
CAPTURE_CLOSED i=5826 epoch=195 pause_ms=0
CAPTURE_CLOSED i=5827 epoch=196 pause_ms=0
CAPTURE_CLOSED i=5828 epoch=197 pause_ms=0
CAPTURE_CLOSED i=5829 epoch=198 pause_ms=0
CAPTURE_CLOSED i=5830 epoch=199 pause_ms=0
CAPTURE_CLOSED i=5831 epoch=200 pause_ms=0
CAPTURE_CLOSED i=5832 epoch=201 pause_ms=0
CAPTURE_CLOSED i=5833 epoch=202 pause_ms=0
CAPTURE_CLOSED i=5834 epoch=203 pause_ms=0
CAPTURE_CLOSED i=5835 epoch=204 pause_ms=0
CAPTURE_CLOSED i=5836 epoch=205 pause_ms=0
CAPTURE_CLOSED i=5837 epoch=206 pause_ms=0
CAPTURE_CLOSED i=5838 epoch=207 pause_ms=0
CAPTURE_CLOSED i=5839 epoch=208 pause_ms=0
CAPTURE_CLOSED i=5840 epoch=209 pause_ms=0
CAPTURE_CLOSED i=5841 epoch=210 pause_ms=0
CAPTURE_CLOSED i=5842 epoch=211 pause_ms=0
CAPTURE_CLOSED i=5843 epoch=212 pause_ms=0
CAPTURE_CLOSED i=5844 epoch=213 pause_ms=0
CAPTURE_CLOSED i=5845 epoch=214 pause_ms=0
CAPTURE_CLOSED i=5846 epoch=215 pause_ms=0
CAPTURE_CLOSED i=5847 epoch=216 pause_ms=0
CAPTURE_CLOSED i=5848 epoch=217 pause_ms=0
CAPTURE_CLOSED i=5849 epoch=218 pause_ms=0
CAPTURE_CLOSED i=5850 epoch=219 pause_ms=0
CAPTURE_CLOSED i=5851 epoch=220 pause_ms=0
CAPTURE_CLOSED i=5852 epoch=221 pause_ms=0
CAPTURE_CLOSED i=5853 epoch=222 pause_ms=0
CAPTURE_CLOSED i=5854 epoch=223 pause_ms=0
CAPTURE_CLOSED i=5855 epoch=224 pause_ms=0
CAPTURE_CLOSED i=5856 epoch=225 pause_ms=0
CAPTURE_CLOSED i=5857 epoch=226 pause_ms=0
CAPTURE_CLOSED i=5858 epoch=227 pause_ms=0
CAPTURE_CLOSED i=5859 epoch=228 pause_ms=0
CAPTURE_CLOSED i=5860 epoch=229 pause_ms=0
CAPTURE_CLOSED i=5861 epoch=230 pause_ms=0
CAPTURE_CLOSED i=5862 epoch=231 pause_ms=0
CAPTURE_CLOSED i=5863 epoch=232 pause_ms=0
CAPTURE_CLOSED i=5864 epoch=233 pause_ms=0
CAPTURE_CLOSED i=5865 epoch=234 pause_ms=0
CAPTURE_CLOSED i=5866 epoch=235 pause_ms=0
CAPTURE_CLOSED i=5867 epoch=236 pause_ms=0
CAPTURE_CLOSED i=5868 epoch=237 pause_ms=0
CAPTURE_CLOSED i=5869 epoch=238 pause_ms=0
CAPTURE_CLOSED i=5870 epoch=239 pause_ms=0
CAPTURE_CLOSED i=5871 epoch=240 pause_ms=0
CAPTURE_CLOSED i=5872 epoch=241 pause_ms=0
CAPTURE_CLOSED i=5873 epoch=242 pause_ms=0
CAPTURE_CLOSED i=5874 epoch=243 pause_ms=0
CAPTURE_CLOSED i=5875 epoch=244 pause_ms=0
CAPTURE_CLOSED i=5876 epoch=245 pause_ms=0
CAPTURE_CLOSED i=5877 epoch=246 pause_ms=0
CAPTURE_CLOSED i=5878 epoch=247 pause_ms=0
CAPTURE_CLOSED i=5879 epoch=248 pause_ms=0
CAPTURE_CLOSED i=5880 epoch=249 pause_ms=0
CAPTURE_CLOSED i=5881 epoch=250 pause_ms=0
CAPTURE_CLOSED i=5882 epoch=251 pause_ms=0
CAPTURE_CLOSED i=5883 epoch=252 pause_ms=0
CAPTURE_CLOSED i=5884 epoch=253 pause_ms=0
CAPTURE_CLOSED i=5885 epoch=254 pause_ms=0
CAPTURE_CLOSED i=5886 epoch=255 pause_ms=0
CAPTURE_CLOSED i=5887 epoch=0 pause_ms=0
CAPTURE_CLOSED i=5888 epoch=1 pause_ms=0
CAPTURE_CLOSED i=5889 epoch=2 pause_ms=0
CAPTURE_CLOSED i=5890 epoch=3 pause_ms=0
CAPTURE_CLOSED i=5891 epoch=4 pause_ms=0
CAPTURE_CLOSED i=5892 epoch=5 pause_ms=0
CAPTURE_CLOSED i=5893 epoch=6 pause_ms=0
CAPTURE_CLOSED i=5894 epoch=7 pause_ms=0
CAPTURE_CLOSED i=5895 epoch=8 pause_ms=0
CAPTURE_CLOSED i=5896 epoch=9 pause_ms=0
CAPTURE_CLOSED i=5897 epoch=10 pause_ms=0
CAPTURE_CLOSED i=5898 epoch=11 pause_ms=0
TRACE_SPI txn=5900 writes=24 host_observed_write_us=15487.250 post_spi_to_tune_return_us=3479.145
CAPTURE_CLOSED i=5899 epoch=12 pause_ms=0
mode=BOTH progress=5900 unrecovered=0 first_read_faults=0 recovered=0 last_epoch=12
CAPTURE_CLOSED i=5900 epoch=13 pause_ms=0
CAPTURE_CLOSED i=5901 epoch=14 pause_ms=0
CAPTURE_CLOSED i=5902 epoch=15 pause_ms=0
CAPTURE_CLOSED i=5903 epoch=16 pause_ms=0
CAPTURE_CLOSED i=5904 epoch=17 pause_ms=0
CAPTURE_CLOSED i=5905 epoch=18 pause_ms=0
CAPTURE_CLOSED i=5906 epoch=19 pause_ms=0
CAPTURE_CLOSED i=5907 epoch=20 pause_ms=0
CAPTURE_CLOSED i=5908 epoch=21 pause_ms=0
CAPTURE_CLOSED i=5909 epoch=22 pause_ms=0
CAPTURE_CLOSED i=5910 epoch=23 pause_ms=0
CAPTURE_CLOSED i=5911 epoch=24 pause_ms=0
CAPTURE_CLOSED i=5912 epoch=25 pause_ms=0
CAPTURE_CLOSED i=5913 epoch=26 pause_ms=0
CAPTURE_CLOSED i=5914 epoch=27 pause_ms=0
CAPTURE_CLOSED i=5915 epoch=28 pause_ms=0
CAPTURE_CLOSED i=5916 epoch=29 pause_ms=0
CAPTURE_CLOSED i=5917 epoch=30 pause_ms=0
CAPTURE_CLOSED i=5918 epoch=31 pause_ms=0
CAPTURE_CLOSED i=5919 epoch=32 pause_ms=0
CAPTURE_CLOSED i=5920 epoch=33 pause_ms=0
CAPTURE_CLOSED i=5921 epoch=34 pause_ms=0
CAPTURE_CLOSED i=5922 epoch=35 pause_ms=0
CAPTURE_CLOSED i=5923 epoch=36 pause_ms=0
CAPTURE_CLOSED i=5924 epoch=37 pause_ms=0
CAPTURE_CLOSED i=5925 epoch=38 pause_ms=0
CAPTURE_CLOSED i=5926 epoch=39 pause_ms=0
CAPTURE_CLOSED i=5927 epoch=40 pause_ms=0
CAPTURE_CLOSED i=5928 epoch=41 pause_ms=0
CAPTURE_CLOSED i=5929 epoch=42 pause_ms=0
CAPTURE_CLOSED i=5930 epoch=43 pause_ms=0
CAPTURE_CLOSED i=5931 epoch=44 pause_ms=0
CAPTURE_CLOSED i=5932 epoch=45 pause_ms=0
CAPTURE_CLOSED i=5933 epoch=46 pause_ms=0
CAPTURE_CLOSED i=5934 epoch=47 pause_ms=0
CAPTURE_CLOSED i=5935 epoch=48 pause_ms=0
CAPTURE_CLOSED i=5936 epoch=49 pause_ms=0
CAPTURE_CLOSED i=5937 epoch=50 pause_ms=0
CAPTURE_CLOSED i=5938 epoch=51 pause_ms=0
CAPTURE_CLOSED i=5939 epoch=52 pause_ms=0
CAPTURE_CLOSED i=5940 epoch=53 pause_ms=0
CAPTURE_CLOSED i=5941 epoch=54 pause_ms=0
CAPTURE_CLOSED i=5942 epoch=55 pause_ms=0
CAPTURE_CLOSED i=5943 epoch=56 pause_ms=0
CAPTURE_CLOSED i=5944 epoch=57 pause_ms=0
CAPTURE_CLOSED i=5945 epoch=58 pause_ms=0
CAPTURE_CLOSED i=5946 epoch=59 pause_ms=0
CAPTURE_CLOSED i=5947 epoch=60 pause_ms=0
CAPTURE_CLOSED i=5948 epoch=61 pause_ms=0
CAPTURE_CLOSED i=5949 epoch=62 pause_ms=0
CAPTURE_CLOSED i=5950 epoch=63 pause_ms=0
CAPTURE_CLOSED i=5951 epoch=64 pause_ms=0
CAPTURE_CLOSED i=5952 epoch=65 pause_ms=0
CAPTURE_CLOSED i=5953 epoch=66 pause_ms=0
CAPTURE_CLOSED i=5954 epoch=67 pause_ms=0
CAPTURE_CLOSED i=5955 epoch=68 pause_ms=0
CAPTURE_CLOSED i=5956 epoch=69 pause_ms=0
CAPTURE_CLOSED i=5957 epoch=70 pause_ms=0
CAPTURE_CLOSED i=5958 epoch=71 pause_ms=0
CAPTURE_CLOSED i=5959 epoch=72 pause_ms=0
CAPTURE_CLOSED i=5960 epoch=73 pause_ms=0
CAPTURE_CLOSED i=5961 epoch=74 pause_ms=0
CAPTURE_CLOSED i=5962 epoch=75 pause_ms=0
CAPTURE_CLOSED i=5963 epoch=76 pause_ms=0
CAPTURE_CLOSED i=5964 epoch=77 pause_ms=0
CAPTURE_CLOSED i=5965 epoch=78 pause_ms=0
CAPTURE_CLOSED i=5966 epoch=79 pause_ms=0
CAPTURE_CLOSED i=5967 epoch=80 pause_ms=0
CAPTURE_CLOSED i=5968 epoch=81 pause_ms=0
CAPTURE_CLOSED i=5969 epoch=82 pause_ms=0
CAPTURE_CLOSED i=5970 epoch=83 pause_ms=0
CAPTURE_CLOSED i=5971 epoch=84 pause_ms=0
CAPTURE_CLOSED i=5972 epoch=85 pause_ms=0
CAPTURE_CLOSED i=5973 epoch=86 pause_ms=0
CAPTURE_CLOSED i=5974 epoch=87 pause_ms=0
CAPTURE_CLOSED i=5975 epoch=88 pause_ms=0
CAPTURE_CLOSED i=5976 epoch=89 pause_ms=0
CAPTURE_CLOSED i=5977 epoch=90 pause_ms=0
CAPTURE_CLOSED i=5978 epoch=91 pause_ms=0
CAPTURE_CLOSED i=5979 epoch=92 pause_ms=0
CAPTURE_CLOSED i=5980 epoch=93 pause_ms=0
CAPTURE_CLOSED i=5981 epoch=94 pause_ms=0
CAPTURE_CLOSED i=5982 epoch=95 pause_ms=0
CAPTURE_CLOSED i=5983 epoch=96 pause_ms=0
CAPTURE_CLOSED i=5984 epoch=97 pause_ms=0
CAPTURE_CLOSED i=5985 epoch=98 pause_ms=0
CAPTURE_CLOSED i=5986 epoch=99 pause_ms=0
CAPTURE_CLOSED i=5987 epoch=100 pause_ms=0
CAPTURE_CLOSED i=5988 epoch=101 pause_ms=0
CAPTURE_CLOSED i=5989 epoch=102 pause_ms=0
CAPTURE_CLOSED i=5990 epoch=103 pause_ms=0
CAPTURE_CLOSED i=5991 epoch=104 pause_ms=0
CAPTURE_CLOSED i=5992 epoch=105 pause_ms=0
CAPTURE_CLOSED i=5993 epoch=106 pause_ms=0
CAPTURE_CLOSED i=5994 epoch=107 pause_ms=0
CAPTURE_CLOSED i=5995 epoch=108 pause_ms=0
CAPTURE_CLOSED i=5996 epoch=109 pause_ms=0
CAPTURE_CLOSED i=5997 epoch=110 pause_ms=0
CAPTURE_CLOSED i=5998 epoch=111 pause_ms=0
TRACE_SPI txn=6000 writes=24 host_observed_write_us=15524.906 post_spi_to_tune_return_us=3505.707
CAPTURE_CLOSED i=5999 epoch=112 pause_ms=0
mode=BOTH progress=6000 unrecovered=0 first_read_faults=0 recovered=0 last_epoch=112
CAPTURE_CLOSED i=6000 epoch=113 pause_ms=0
CAPTURE_CLOSED i=6001 epoch=114 pause_ms=0
CAPTURE_CLOSED i=6002 epoch=115 pause_ms=0
CAPTURE_CLOSED i=6003 epoch=116 pause_ms=0
CAPTURE_CLOSED i=6004 epoch=117 pause_ms=0
CAPTURE_CLOSED i=6005 epoch=118 pause_ms=0
CAPTURE_CLOSED i=6006 epoch=119 pause_ms=0
CAPTURE_CLOSED i=6007 epoch=120 pause_ms=0
CAPTURE_CLOSED i=6008 epoch=121 pause_ms=0
CAPTURE_CLOSED i=6009 epoch=122 pause_ms=0
CAPTURE_CLOSED i=6010 epoch=123 pause_ms=0
CAPTURE_CLOSED i=6011 epoch=124 pause_ms=0
CAPTURE_CLOSED i=6012 epoch=125 pause_ms=0
CAPTURE_CLOSED i=6013 epoch=126 pause_ms=0
CAPTURE_CLOSED i=6014 epoch=127 pause_ms=0
CAPTURE_CLOSED i=6015 epoch=128 pause_ms=0
CAPTURE_CLOSED i=6016 epoch=129 pause_ms=0
CAPTURE_CLOSED i=6017 epoch=130 pause_ms=0
CAPTURE_CLOSED i=6018 epoch=131 pause_ms=0
CAPTURE_CLOSED i=6019 epoch=132 pause_ms=0
CAPTURE_CLOSED i=6020 epoch=133 pause_ms=0
CAPTURE_CLOSED i=6021 epoch=134 pause_ms=0
CAPTURE_CLOSED i=6022 epoch=135 pause_ms=0
CAPTURE_CLOSED i=6023 epoch=136 pause_ms=0
CAPTURE_CLOSED i=6024 epoch=137 pause_ms=0
CAPTURE_CLOSED i=6025 epoch=138 pause_ms=0
CAPTURE_CLOSED i=6026 epoch=139 pause_ms=0
CAPTURE_CLOSED i=6027 epoch=140 pause_ms=0
CAPTURE_CLOSED i=6028 epoch=141 pause_ms=0
CAPTURE_CLOSED i=6029 epoch=142 pause_ms=0
CAPTURE_CLOSED i=6030 epoch=143 pause_ms=0
CAPTURE_CLOSED i=6031 epoch=144 pause_ms=0
CAPTURE_CLOSED i=6032 epoch=145 pause_ms=0
CAPTURE_CLOSED i=6033 epoch=146 pause_ms=0
CAPTURE_CLOSED i=6034 epoch=147 pause_ms=0
CAPTURE_CLOSED i=6035 epoch=148 pause_ms=0
CAPTURE_CLOSED i=6036 epoch=149 pause_ms=0
CAPTURE_CLOSED i=6037 epoch=150 pause_ms=0
CAPTURE_CLOSED i=6038 epoch=151 pause_ms=0
CAPTURE_CLOSED i=6039 epoch=152 pause_ms=0
CAPTURE_CLOSED i=6040 epoch=153 pause_ms=0
CAPTURE_CLOSED i=6041 epoch=154 pause_ms=0
CAPTURE_CLOSED i=6042 epoch=155 pause_ms=0
CAPTURE_CLOSED i=6043 epoch=156 pause_ms=0
CAPTURE_CLOSED i=6044 epoch=157 pause_ms=0
CAPTURE_CLOSED i=6045 epoch=158 pause_ms=0
CAPTURE_CLOSED i=6046 epoch=159 pause_ms=0
CAPTURE_CLOSED i=6047 epoch=160 pause_ms=0
CAPTURE_CLOSED i=6048 epoch=161 pause_ms=0
CAPTURE_CLOSED i=6049 epoch=162 pause_ms=0
CAPTURE_CLOSED i=6050 epoch=163 pause_ms=0
CAPTURE_CLOSED i=6051 epoch=164 pause_ms=0
CAPTURE_CLOSED i=6052 epoch=165 pause_ms=0
CAPTURE_CLOSED i=6053 epoch=166 pause_ms=0
CAPTURE_CLOSED i=6054 epoch=167 pause_ms=0
CAPTURE_CLOSED i=6055 epoch=168 pause_ms=0
CAPTURE_CLOSED i=6056 epoch=169 pause_ms=0
CAPTURE_CLOSED i=6057 epoch=170 pause_ms=0
CAPTURE_CLOSED i=6058 epoch=171 pause_ms=0
CAPTURE_CLOSED i=6059 epoch=172 pause_ms=0
CAPTURE_CLOSED i=6060 epoch=173 pause_ms=0
CAPTURE_CLOSED i=6061 epoch=174 pause_ms=0
CAPTURE_CLOSED i=6062 epoch=175 pause_ms=0
CAPTURE_CLOSED i=6063 epoch=176 pause_ms=0
CAPTURE_CLOSED i=6064 epoch=177 pause_ms=0
CAPTURE_CLOSED i=6065 epoch=178 pause_ms=0
CAPTURE_CLOSED i=6066 epoch=179 pause_ms=0
CAPTURE_CLOSED i=6067 epoch=180 pause_ms=0
CAPTURE_CLOSED i=6068 epoch=181 pause_ms=0
CAPTURE_CLOSED i=6069 epoch=182 pause_ms=0
CAPTURE_CLOSED i=6070 epoch=183 pause_ms=0
CAPTURE_CLOSED i=6071 epoch=184 pause_ms=0
CAPTURE_CLOSED i=6072 epoch=185 pause_ms=0
CAPTURE_CLOSED i=6073 epoch=186 pause_ms=0
CAPTURE_CLOSED i=6074 epoch=187 pause_ms=0
CAPTURE_CLOSED i=6075 epoch=188 pause_ms=0
CAPTURE_CLOSED i=6076 epoch=189 pause_ms=0
CAPTURE_CLOSED i=6077 epoch=190 pause_ms=0
CAPTURE_CLOSED i=6078 epoch=191 pause_ms=0
CAPTURE_CLOSED i=6079 epoch=192 pause_ms=0
CAPTURE_CLOSED i=6080 epoch=193 pause_ms=0
CAPTURE_CLOSED i=6081 epoch=194 pause_ms=0
CAPTURE_CLOSED i=6082 epoch=195 pause_ms=0
CAPTURE_CLOSED i=6083 epoch=196 pause_ms=0
CAPTURE_CLOSED i=6084 epoch=197 pause_ms=0
CAPTURE_CLOSED i=6085 epoch=198 pause_ms=0
CAPTURE_CLOSED i=6086 epoch=199 pause_ms=0
CAPTURE_CLOSED i=6087 epoch=200 pause_ms=0
CAPTURE_CLOSED i=6088 epoch=201 pause_ms=0
CAPTURE_CLOSED i=6089 epoch=202 pause_ms=0
CAPTURE_CLOSED i=6090 epoch=203 pause_ms=0
CAPTURE_CLOSED i=6091 epoch=204 pause_ms=0
CAPTURE_CLOSED i=6092 epoch=205 pause_ms=0
CAPTURE_CLOSED i=6093 epoch=206 pause_ms=0
CAPTURE_CLOSED i=6094 epoch=207 pause_ms=0
CAPTURE_CLOSED i=6095 epoch=208 pause_ms=0
CAPTURE_CLOSED i=6096 epoch=209 pause_ms=0
CAPTURE_CLOSED i=6097 epoch=210 pause_ms=0
CAPTURE_CLOSED i=6098 epoch=211 pause_ms=0
TRACE_SPI txn=6100 writes=24 host_observed_write_us=15480.282 post_spi_to_tune_return_us=3504.478
CAPTURE_CLOSED i=6099 epoch=212 pause_ms=0
mode=BOTH progress=6100 unrecovered=0 first_read_faults=0 recovered=0 last_epoch=212
CAPTURE_CLOSED i=6100 epoch=213 pause_ms=0
CAPTURE_CLOSED i=6101 epoch=214 pause_ms=0
CAPTURE_CLOSED i=6102 epoch=215 pause_ms=0
CAPTURE_CLOSED i=6103 epoch=216 pause_ms=0
CAPTURE_CLOSED i=6104 epoch=217 pause_ms=0
CAPTURE_CLOSED i=6105 epoch=218 pause_ms=0
CAPTURE_CLOSED i=6106 epoch=219 pause_ms=0
CAPTURE_CLOSED i=6107 epoch=220 pause_ms=0
CAPTURE_CLOSED i=6108 epoch=221 pause_ms=0
CAPTURE_CLOSED i=6109 epoch=222 pause_ms=0
CAPTURE_CLOSED i=6110 epoch=223 pause_ms=0
CAPTURE_CLOSED i=6111 epoch=224 pause_ms=0
CAPTURE_CLOSED i=6112 epoch=225 pause_ms=0
CAPTURE_CLOSED i=6113 epoch=226 pause_ms=0
CAPTURE_CLOSED i=6114 epoch=227 pause_ms=0
CAPTURE_CLOSED i=6115 epoch=228 pause_ms=0
CAPTURE_CLOSED i=6116 epoch=229 pause_ms=0
CAPTURE_CLOSED i=6117 epoch=230 pause_ms=0
CAPTURE_CLOSED i=6118 epoch=231 pause_ms=0
CAPTURE_CLOSED i=6119 epoch=232 pause_ms=0
CAPTURE_CLOSED i=6120 epoch=233 pause_ms=0
CAPTURE_CLOSED i=6121 epoch=234 pause_ms=0
CAPTURE_CLOSED i=6122 epoch=235 pause_ms=0
CAPTURE_CLOSED i=6123 epoch=236 pause_ms=0
CAPTURE_CLOSED i=6124 epoch=237 pause_ms=0
CAPTURE_CLOSED i=6125 epoch=238 pause_ms=0
CAPTURE_CLOSED i=6126 epoch=239 pause_ms=0
CAPTURE_CLOSED i=6127 epoch=240 pause_ms=0
CAPTURE_CLOSED i=6128 epoch=241 pause_ms=0
CAPTURE_CLOSED i=6129 epoch=242 pause_ms=0
CAPTURE_CLOSED i=6130 epoch=243 pause_ms=0
CAPTURE_CLOSED i=6131 epoch=244 pause_ms=0
CAPTURE_CLOSED i=6132 epoch=245 pause_ms=0
CAPTURE_CLOSED i=6133 epoch=246 pause_ms=0
CAPTURE_CLOSED i=6134 epoch=247 pause_ms=0
CAPTURE_CLOSED i=6135 epoch=248 pause_ms=0
CAPTURE_CLOSED i=6136 epoch=249 pause_ms=0
CAPTURE_CLOSED i=6137 epoch=250 pause_ms=0
CAPTURE_CLOSED i=6138 epoch=251 pause_ms=0
CAPTURE_CLOSED i=6139 epoch=252 pause_ms=0
CAPTURE_CLOSED i=6140 epoch=253 pause_ms=0
CAPTURE_CLOSED i=6141 epoch=254 pause_ms=0
CAPTURE_CLOSED i=6142 epoch=255 pause_ms=0
CAPTURE_CLOSED i=6143 epoch=0 pause_ms=0
CAPTURE_CLOSED i=6144 epoch=1 pause_ms=0
CAPTURE_CLOSED i=6145 epoch=2 pause_ms=0
CAPTURE_CLOSED i=6146 epoch=3 pause_ms=0
CAPTURE_CLOSED i=6147 epoch=4 pause_ms=0
CAPTURE_CLOSED i=6148 epoch=5 pause_ms=0
CAPTURE_CLOSED i=6149 epoch=6 pause_ms=0
CAPTURE_CLOSED i=6150 epoch=7 pause_ms=0
CAPTURE_CLOSED i=6151 epoch=8 pause_ms=0
CAPTURE_CLOSED i=6152 epoch=9 pause_ms=0
CAPTURE_CLOSED i=6153 epoch=10 pause_ms=0
CAPTURE_CLOSED i=6154 epoch=11 pause_ms=0
CAPTURE_CLOSED i=6155 epoch=12 pause_ms=0
CAPTURE_CLOSED i=6156 epoch=13 pause_ms=0
CAPTURE_CLOSED i=6157 epoch=14 pause_ms=0
CAPTURE_CLOSED i=6158 epoch=15 pause_ms=0
CAPTURE_CLOSED i=6159 epoch=16 pause_ms=0
CAPTURE_CLOSED i=6160 epoch=17 pause_ms=0
CAPTURE_CLOSED i=6161 epoch=18 pause_ms=0
CAPTURE_CLOSED i=6162 epoch=19 pause_ms=0
CAPTURE_CLOSED i=6163 epoch=20 pause_ms=0
CAPTURE_CLOSED i=6164 epoch=21 pause_ms=0
CAPTURE_CLOSED i=6165 epoch=22 pause_ms=0
CAPTURE_CLOSED i=6166 epoch=23 pause_ms=0
CAPTURE_CLOSED i=6167 epoch=24 pause_ms=0
CAPTURE_CLOSED i=6168 epoch=25 pause_ms=0
CAPTURE_CLOSED i=6169 epoch=26 pause_ms=0
CAPTURE_CLOSED i=6170 epoch=27 pause_ms=0
CAPTURE_CLOSED i=6171 epoch=28 pause_ms=0
CAPTURE_CLOSED i=6172 epoch=29 pause_ms=0
CAPTURE_CLOSED i=6173 epoch=30 pause_ms=0
CAPTURE_CLOSED i=6174 epoch=31 pause_ms=0
CAPTURE_CLOSED i=6175 epoch=32 pause_ms=0
CAPTURE_CLOSED i=6176 epoch=33 pause_ms=0
CAPTURE_CLOSED i=6177 epoch=34 pause_ms=0
CAPTURE_CLOSED i=6178 epoch=35 pause_ms=0
CAPTURE_CLOSED i=6179 epoch=36 pause_ms=0
CAPTURE_CLOSED i=6180 epoch=37 pause_ms=0
CAPTURE_CLOSED i=6181 epoch=38 pause_ms=0
CAPTURE_CLOSED i=6182 epoch=39 pause_ms=0
CAPTURE_CLOSED i=6183 epoch=40 pause_ms=0
CAPTURE_CLOSED i=6184 epoch=41 pause_ms=0
CAPTURE_CLOSED i=6185 epoch=42 pause_ms=0
CAPTURE_CLOSED i=6186 epoch=43 pause_ms=0
CAPTURE_CLOSED i=6187 epoch=44 pause_ms=0
CAPTURE_CLOSED i=6188 epoch=45 pause_ms=0
CAPTURE_CLOSED i=6189 epoch=46 pause_ms=0
CAPTURE_CLOSED i=6190 epoch=47 pause_ms=0
CAPTURE_CLOSED i=6191 epoch=48 pause_ms=0
CAPTURE_CLOSED i=6192 epoch=49 pause_ms=0
CAPTURE_CLOSED i=6193 epoch=50 pause_ms=0
CAPTURE_CLOSED i=6194 epoch=51 pause_ms=0
CAPTURE_CLOSED i=6195 epoch=52 pause_ms=0
CAPTURE_CLOSED i=6196 epoch=53 pause_ms=0
CAPTURE_CLOSED i=6197 epoch=54 pause_ms=0
CAPTURE_CLOSED i=6198 epoch=55 pause_ms=0
TRACE_SPI txn=6200 writes=24 host_observed_write_us=15436.297 post_spi_to_tune_return_us=3529.302
CAPTURE_CLOSED i=6199 epoch=56 pause_ms=0
mode=BOTH progress=6200 unrecovered=0 first_read_faults=0 recovered=0 last_epoch=56
CAPTURE_CLOSED i=6200 epoch=57 pause_ms=0
CAPTURE_CLOSED i=6201 epoch=58 pause_ms=0
CAPTURE_CLOSED i=6202 epoch=59 pause_ms=0
CAPTURE_CLOSED i=6203 epoch=60 pause_ms=0
CAPTURE_CLOSED i=6204 epoch=61 pause_ms=0
CAPTURE_CLOSED i=6205 epoch=62 pause_ms=0
CAPTURE_CLOSED i=6206 epoch=63 pause_ms=0
CAPTURE_CLOSED i=6207 epoch=64 pause_ms=0
CAPTURE_CLOSED i=6208 epoch=65 pause_ms=0
CAPTURE_CLOSED i=6209 epoch=66 pause_ms=0
CAPTURE_CLOSED i=6210 epoch=67 pause_ms=0
CAPTURE_CLOSED i=6211 epoch=68 pause_ms=0
CAPTURE_CLOSED i=6212 epoch=69 pause_ms=0
CAPTURE_CLOSED i=6213 epoch=70 pause_ms=0
CAPTURE_CLOSED i=6214 epoch=71 pause_ms=0
CAPTURE_CLOSED i=6215 epoch=72 pause_ms=0
CAPTURE_CLOSED i=6216 epoch=73 pause_ms=0
CAPTURE_CLOSED i=6217 epoch=74 pause_ms=0
CAPTURE_CLOSED i=6218 epoch=75 pause_ms=0
CAPTURE_CLOSED i=6219 epoch=76 pause_ms=0
CAPTURE_CLOSED i=6220 epoch=77 pause_ms=0
CAPTURE_CLOSED i=6221 epoch=78 pause_ms=0
CAPTURE_CLOSED i=6222 epoch=79 pause_ms=0
CAPTURE_CLOSED i=6223 epoch=80 pause_ms=0
CAPTURE_CLOSED i=6224 epoch=81 pause_ms=0
CAPTURE_CLOSED i=6225 epoch=82 pause_ms=0
CAPTURE_CLOSED i=6226 epoch=83 pause_ms=0
CAPTURE_CLOSED i=6227 epoch=84 pause_ms=0
CAPTURE_CLOSED i=6228 epoch=85 pause_ms=0
CAPTURE_CLOSED i=6229 epoch=86 pause_ms=0
CAPTURE_CLOSED i=6230 epoch=87 pause_ms=0
CAPTURE_CLOSED i=6231 epoch=88 pause_ms=0
CAPTURE_CLOSED i=6232 epoch=89 pause_ms=0
CAPTURE_CLOSED i=6233 epoch=90 pause_ms=0
CAPTURE_CLOSED i=6234 epoch=91 pause_ms=0
CAPTURE_CLOSED i=6235 epoch=92 pause_ms=0
CAPTURE_CLOSED i=6236 epoch=93 pause_ms=0
CAPTURE_CLOSED i=6237 epoch=94 pause_ms=0
CAPTURE_CLOSED i=6238 epoch=95 pause_ms=0
CAPTURE_CLOSED i=6239 epoch=96 pause_ms=0
CAPTURE_CLOSED i=6240 epoch=97 pause_ms=0
CAPTURE_CLOSED i=6241 epoch=98 pause_ms=0
CAPTURE_CLOSED i=6242 epoch=99 pause_ms=0
CAPTURE_CLOSED i=6243 epoch=100 pause_ms=0
CAPTURE_CLOSED i=6244 epoch=101 pause_ms=0
CAPTURE_CLOSED i=6245 epoch=102 pause_ms=0
CAPTURE_CLOSED i=6246 epoch=103 pause_ms=0
CAPTURE_CLOSED i=6247 epoch=104 pause_ms=0
CAPTURE_CLOSED i=6248 epoch=105 pause_ms=0
CAPTURE_CLOSED i=6249 epoch=106 pause_ms=0
CAPTURE_CLOSED i=6250 epoch=107 pause_ms=0
CAPTURE_CLOSED i=6251 epoch=108 pause_ms=0
CAPTURE_CLOSED i=6252 epoch=109 pause_ms=0
CAPTURE_CLOSED i=6253 epoch=110 pause_ms=0
CAPTURE_CLOSED i=6254 epoch=111 pause_ms=0
CAPTURE_CLOSED i=6255 epoch=112 pause_ms=0
CAPTURE_CLOSED i=6256 epoch=113 pause_ms=0
CAPTURE_CLOSED i=6257 epoch=114 pause_ms=0
CAPTURE_CLOSED i=6258 epoch=115 pause_ms=0
CAPTURE_CLOSED i=6259 epoch=116 pause_ms=0
CAPTURE_CLOSED i=6260 epoch=117 pause_ms=0
CAPTURE_CLOSED i=6261 epoch=118 pause_ms=0
CAPTURE_CLOSED i=6262 epoch=119 pause_ms=0
CAPTURE_CLOSED i=6263 epoch=120 pause_ms=0
CAPTURE_CLOSED i=6264 epoch=121 pause_ms=0
CAPTURE_CLOSED i=6265 epoch=122 pause_ms=0
CAPTURE_CLOSED i=6266 epoch=123 pause_ms=0
CAPTURE_CLOSED i=6267 epoch=124 pause_ms=0
CAPTURE_CLOSED i=6268 epoch=125 pause_ms=0
CAPTURE_CLOSED i=6269 epoch=126 pause_ms=0
CAPTURE_CLOSED i=6270 epoch=127 pause_ms=0
CAPTURE_CLOSED i=6271 epoch=128 pause_ms=0
CAPTURE_CLOSED i=6272 epoch=129 pause_ms=0
CAPTURE_CLOSED i=6273 epoch=130 pause_ms=0
CAPTURE_CLOSED i=6274 epoch=131 pause_ms=0
CAPTURE_CLOSED i=6275 epoch=132 pause_ms=0
CAPTURE_CLOSED i=6276 epoch=133 pause_ms=0
CAPTURE_CLOSED i=6277 epoch=134 pause_ms=0
CAPTURE_CLOSED i=6278 epoch=135 pause_ms=0
CAPTURE_CLOSED i=6279 epoch=136 pause_ms=0
CAPTURE_CLOSED i=6280 epoch=137 pause_ms=0
CAPTURE_CLOSED i=6281 epoch=138 pause_ms=0
CAPTURE_CLOSED i=6282 epoch=139 pause_ms=0
CAPTURE_CLOSED i=6283 epoch=140 pause_ms=0
CAPTURE_CLOSED i=6284 epoch=141 pause_ms=0
CAPTURE_CLOSED i=6285 epoch=142 pause_ms=0
CAPTURE_CLOSED i=6286 epoch=143 pause_ms=0
CAPTURE_CLOSED i=6287 epoch=144 pause_ms=0
CAPTURE_CLOSED i=6288 epoch=145 pause_ms=0
CAPTURE_CLOSED i=6289 epoch=146 pause_ms=0
CAPTURE_CLOSED i=6290 epoch=147 pause_ms=0
CAPTURE_CLOSED i=6291 epoch=148 pause_ms=0
CAPTURE_CLOSED i=6292 epoch=149 pause_ms=0
CAPTURE_CLOSED i=6293 epoch=150 pause_ms=0
CAPTURE_CLOSED i=6294 epoch=151 pause_ms=0
CAPTURE_CLOSED i=6295 epoch=152 pause_ms=0
CAPTURE_CLOSED i=6296 epoch=153 pause_ms=0
CAPTURE_CLOSED i=6297 epoch=154 pause_ms=0
CAPTURE_CLOSED i=6298 epoch=155 pause_ms=0
TRACE_SPI txn=6300 writes=24 host_observed_write_us=15523.734 post_spi_to_tune_return_us=3491.972
CAPTURE_CLOSED i=6299 epoch=156 pause_ms=0
mode=BOTH progress=6300 unrecovered=0 first_read_faults=0 recovered=0 last_epoch=156
CAPTURE_CLOSED i=6300 epoch=157 pause_ms=0
CAPTURE_CLOSED i=6301 epoch=158 pause_ms=0
CAPTURE_CLOSED i=6302 epoch=159 pause_ms=0
CAPTURE_CLOSED i=6303 epoch=160 pause_ms=0
CAPTURE_CLOSED i=6304 epoch=161 pause_ms=0
CAPTURE_CLOSED i=6305 epoch=162 pause_ms=0
CAPTURE_CLOSED i=6306 epoch=163 pause_ms=0
CAPTURE_CLOSED i=6307 epoch=164 pause_ms=0
CAPTURE_CLOSED i=6308 epoch=165 pause_ms=0
CAPTURE_CLOSED i=6309 epoch=166 pause_ms=0
CAPTURE_CLOSED i=6310 epoch=167 pause_ms=0
CAPTURE_CLOSED i=6311 epoch=168 pause_ms=0
CAPTURE_CLOSED i=6312 epoch=169 pause_ms=0
CAPTURE_CLOSED i=6313 epoch=170 pause_ms=0
CAPTURE_CLOSED i=6314 epoch=171 pause_ms=0
CAPTURE_CLOSED i=6315 epoch=172 pause_ms=0
CAPTURE_CLOSED i=6316 epoch=173 pause_ms=0
CAPTURE_CLOSED i=6317 epoch=174 pause_ms=0
CAPTURE_CLOSED i=6318 epoch=175 pause_ms=0
CAPTURE_CLOSED i=6319 epoch=176 pause_ms=0
CAPTURE_CLOSED i=6320 epoch=177 pause_ms=0
CAPTURE_CLOSED i=6321 epoch=178 pause_ms=0
CAPTURE_CLOSED i=6322 epoch=179 pause_ms=0
CAPTURE_CLOSED i=6323 epoch=180 pause_ms=0
CAPTURE_CLOSED i=6324 epoch=181 pause_ms=0
CAPTURE_CLOSED i=6325 epoch=182 pause_ms=0
CAPTURE_CLOSED i=6326 epoch=183 pause_ms=0
CAPTURE_CLOSED i=6327 epoch=184 pause_ms=0
CAPTURE_CLOSED i=6328 epoch=185 pause_ms=0
CAPTURE_CLOSED i=6329 epoch=186 pause_ms=0
CAPTURE_CLOSED i=6330 epoch=187 pause_ms=0
CAPTURE_CLOSED i=6331 epoch=188 pause_ms=0
CAPTURE_CLOSED i=6332 epoch=189 pause_ms=0
CAPTURE_CLOSED i=6333 epoch=190 pause_ms=0
CAPTURE_CLOSED i=6334 epoch=191 pause_ms=0
CAPTURE_CLOSED i=6335 epoch=192 pause_ms=0
CAPTURE_CLOSED i=6336 epoch=193 pause_ms=0
CAPTURE_CLOSED i=6337 epoch=194 pause_ms=0
CAPTURE_CLOSED i=6338 epoch=195 pause_ms=0
CAPTURE_CLOSED i=6339 epoch=196 pause_ms=0
CAPTURE_CLOSED i=6340 epoch=197 pause_ms=0
CAPTURE_CLOSED i=6341 epoch=198 pause_ms=0
CAPTURE_CLOSED i=6342 epoch=199 pause_ms=0
CAPTURE_CLOSED i=6343 epoch=200 pause_ms=0
CAPTURE_CLOSED i=6344 epoch=201 pause_ms=0
CAPTURE_CLOSED i=6345 epoch=202 pause_ms=0
CAPTURE_CLOSED i=6346 epoch=203 pause_ms=0
CAPTURE_CLOSED i=6347 epoch=204 pause_ms=0
CAPTURE_CLOSED i=6348 epoch=205 pause_ms=0
CAPTURE_CLOSED i=6349 epoch=206 pause_ms=0
CAPTURE_CLOSED i=6350 epoch=207 pause_ms=0
CAPTURE_CLOSED i=6351 epoch=208 pause_ms=0
CAPTURE_CLOSED i=6352 epoch=209 pause_ms=0
CAPTURE_CLOSED i=6353 epoch=210 pause_ms=0
CAPTURE_CLOSED i=6354 epoch=211 pause_ms=0
CAPTURE_CLOSED i=6355 epoch=212 pause_ms=0
CAPTURE_CLOSED i=6356 epoch=213 pause_ms=0
CAPTURE_CLOSED i=6357 epoch=214 pause_ms=0
CAPTURE_CLOSED i=6358 epoch=215 pause_ms=0
CAPTURE_CLOSED i=6359 epoch=216 pause_ms=0
CAPTURE_CLOSED i=6360 epoch=217 pause_ms=0
CAPTURE_CLOSED i=6361 epoch=218 pause_ms=0
CAPTURE_CLOSED i=6362 epoch=219 pause_ms=0
CAPTURE_CLOSED i=6363 epoch=220 pause_ms=0
CAPTURE_CLOSED i=6364 epoch=221 pause_ms=0
CAPTURE_CLOSED i=6365 epoch=222 pause_ms=0
CAPTURE_CLOSED i=6366 epoch=223 pause_ms=0
CAPTURE_CLOSED i=6367 epoch=224 pause_ms=0
CAPTURE_CLOSED i=6368 epoch=225 pause_ms=0
CAPTURE_CLOSED i=6369 epoch=226 pause_ms=0
CAPTURE_CLOSED i=6370 epoch=227 pause_ms=0
CAPTURE_CLOSED i=6371 epoch=228 pause_ms=0
CAPTURE_CLOSED i=6372 epoch=229 pause_ms=0
CAPTURE_CLOSED i=6373 epoch=230 pause_ms=0
CAPTURE_CLOSED i=6374 epoch=231 pause_ms=0
CAPTURE_CLOSED i=6375 epoch=232 pause_ms=0
CAPTURE_CLOSED i=6376 epoch=233 pause_ms=0
CAPTURE_CLOSED i=6377 epoch=234 pause_ms=0
CAPTURE_CLOSED i=6378 epoch=235 pause_ms=0
CAPTURE_CLOSED i=6379 epoch=236 pause_ms=0
CAPTURE_CLOSED i=6380 epoch=237 pause_ms=0
CAPTURE_CLOSED i=6381 epoch=238 pause_ms=0
CAPTURE_CLOSED i=6382 epoch=239 pause_ms=0
CAPTURE_CLOSED i=6383 epoch=240 pause_ms=0
CAPTURE_CLOSED i=6384 epoch=241 pause_ms=0
CAPTURE_CLOSED i=6385 epoch=242 pause_ms=0
CAPTURE_CLOSED i=6386 epoch=243 pause_ms=0
CAPTURE_CLOSED i=6387 epoch=244 pause_ms=0
CAPTURE_CLOSED i=6388 epoch=245 pause_ms=0
CAPTURE_CLOSED i=6389 epoch=246 pause_ms=0
CAPTURE_CLOSED i=6390 epoch=247 pause_ms=0
CAPTURE_CLOSED i=6391 epoch=248 pause_ms=0
CAPTURE_CLOSED i=6392 epoch=249 pause_ms=0
CAPTURE_CLOSED i=6393 epoch=250 pause_ms=0
CAPTURE_CLOSED i=6394 epoch=251 pause_ms=0
CAPTURE_CLOSED i=6395 epoch=252 pause_ms=0
CAPTURE_CLOSED i=6396 epoch=253 pause_ms=0
CAPTURE_CLOSED i=6397 epoch=254 pause_ms=0
CAPTURE_CLOSED i=6398 epoch=255 pause_ms=0
TRACE_SPI txn=6400 writes=24 host_observed_write_us=15479.088 post_spi_to_tune_return_us=3509.957
CAPTURE_CLOSED i=6399 epoch=0 pause_ms=0
mode=BOTH progress=6400 unrecovered=0 first_read_faults=0 recovered=0 last_epoch=0
CAPTURE_CLOSED i=6400 epoch=1 pause_ms=0
CAPTURE_CLOSED i=6401 epoch=2 pause_ms=0
CAPTURE_CLOSED i=6402 epoch=3 pause_ms=0
CAPTURE_CLOSED i=6403 epoch=4 pause_ms=0
CAPTURE_CLOSED i=6404 epoch=5 pause_ms=0
CAPTURE_CLOSED i=6405 epoch=6 pause_ms=0
CAPTURE_CLOSED i=6406 epoch=7 pause_ms=0
CAPTURE_CLOSED i=6407 epoch=8 pause_ms=0
CAPTURE_CLOSED i=6408 epoch=9 pause_ms=0
CAPTURE_CLOSED i=6409 epoch=10 pause_ms=0
CAPTURE_CLOSED i=6410 epoch=11 pause_ms=0
CAPTURE_CLOSED i=6411 epoch=12 pause_ms=0
CAPTURE_CLOSED i=6412 epoch=13 pause_ms=0
CAPTURE_CLOSED i=6413 epoch=14 pause_ms=0
CAPTURE_CLOSED i=6414 epoch=15 pause_ms=0
CAPTURE_CLOSED i=6415 epoch=16 pause_ms=0
CAPTURE_CLOSED i=6416 epoch=17 pause_ms=0
CAPTURE_CLOSED i=6417 epoch=18 pause_ms=0
CAPTURE_CLOSED i=6418 epoch=19 pause_ms=0
CAPTURE_CLOSED i=6419 epoch=20 pause_ms=0
CAPTURE_CLOSED i=6420 epoch=21 pause_ms=0
CAPTURE_CLOSED i=6421 epoch=22 pause_ms=0
CAPTURE_CLOSED i=6422 epoch=23 pause_ms=0
CAPTURE_CLOSED i=6423 epoch=24 pause_ms=0
CAPTURE_CLOSED i=6424 epoch=25 pause_ms=0
CAPTURE_CLOSED i=6425 epoch=26 pause_ms=0
CAPTURE_CLOSED i=6426 epoch=27 pause_ms=0
CAPTURE_CLOSED i=6427 epoch=28 pause_ms=0
CAPTURE_CLOSED i=6428 epoch=29 pause_ms=0
CAPTURE_CLOSED i=6429 epoch=30 pause_ms=0
CAPTURE_CLOSED i=6430 epoch=31 pause_ms=0
CAPTURE_CLOSED i=6431 epoch=32 pause_ms=0
CAPTURE_CLOSED i=6432 epoch=33 pause_ms=0
CAPTURE_CLOSED i=6433 epoch=34 pause_ms=0
CAPTURE_CLOSED i=6434 epoch=35 pause_ms=0
CAPTURE_CLOSED i=6435 epoch=36 pause_ms=0
CAPTURE_CLOSED i=6436 epoch=37 pause_ms=0
CAPTURE_CLOSED i=6437 epoch=38 pause_ms=0
CAPTURE_CLOSED i=6438 epoch=39 pause_ms=0
CAPTURE_CLOSED i=6439 epoch=40 pause_ms=0
CAPTURE_CLOSED i=6440 epoch=41 pause_ms=0
CAPTURE_CLOSED i=6441 epoch=42 pause_ms=0
CAPTURE_CLOSED i=6442 epoch=43 pause_ms=0
CAPTURE_CLOSED i=6443 epoch=44 pause_ms=0
CAPTURE_CLOSED i=6444 epoch=45 pause_ms=0
CAPTURE_CLOSED i=6445 epoch=46 pause_ms=0
CAPTURE_CLOSED i=6446 epoch=47 pause_ms=0
CAPTURE_CLOSED i=6447 epoch=48 pause_ms=0
CAPTURE_CLOSED i=6448 epoch=49 pause_ms=0
CAPTURE_CLOSED i=6449 epoch=50 pause_ms=0
CAPTURE_CLOSED i=6450 epoch=51 pause_ms=0
CAPTURE_CLOSED i=6451 epoch=52 pause_ms=0
CAPTURE_CLOSED i=6452 epoch=53 pause_ms=0
CAPTURE_CLOSED i=6453 epoch=54 pause_ms=0
CAPTURE_CLOSED i=6454 epoch=55 pause_ms=0
CAPTURE_CLOSED i=6455 epoch=56 pause_ms=0
CAPTURE_CLOSED i=6456 epoch=57 pause_ms=0
CAPTURE_CLOSED i=6457 epoch=58 pause_ms=0
CAPTURE_CLOSED i=6458 epoch=59 pause_ms=0
CAPTURE_CLOSED i=6459 epoch=60 pause_ms=0
CAPTURE_CLOSED i=6460 epoch=61 pause_ms=0
CAPTURE_CLOSED i=6461 epoch=62 pause_ms=0
CAPTURE_CLOSED i=6462 epoch=63 pause_ms=0
CAPTURE_CLOSED i=6463 epoch=64 pause_ms=0
CAPTURE_CLOSED i=6464 epoch=65 pause_ms=0
CAPTURE_CLOSED i=6465 epoch=66 pause_ms=0
CAPTURE_CLOSED i=6466 epoch=67 pause_ms=0
CAPTURE_CLOSED i=6467 epoch=68 pause_ms=0
CAPTURE_CLOSED i=6468 epoch=69 pause_ms=0
CAPTURE_CLOSED i=6469 epoch=70 pause_ms=0
CAPTURE_CLOSED i=6470 epoch=71 pause_ms=0
CAPTURE_CLOSED i=6471 epoch=72 pause_ms=0
CAPTURE_CLOSED i=6472 epoch=73 pause_ms=0
CAPTURE_CLOSED i=6473 epoch=74 pause_ms=0
CAPTURE_CLOSED i=6474 epoch=75 pause_ms=0
CAPTURE_CLOSED i=6475 epoch=76 pause_ms=0
CAPTURE_CLOSED i=6476 epoch=77 pause_ms=0
CAPTURE_CLOSED i=6477 epoch=78 pause_ms=0
CAPTURE_CLOSED i=6478 epoch=79 pause_ms=0
CAPTURE_CLOSED i=6479 epoch=80 pause_ms=0
CAPTURE_CLOSED i=6480 epoch=81 pause_ms=0
CAPTURE_CLOSED i=6481 epoch=82 pause_ms=0
CAPTURE_CLOSED i=6482 epoch=83 pause_ms=0
CAPTURE_CLOSED i=6483 epoch=84 pause_ms=0
CAPTURE_CLOSED i=6484 epoch=85 pause_ms=0
CAPTURE_CLOSED i=6485 epoch=86 pause_ms=0
CAPTURE_CLOSED i=6486 epoch=87 pause_ms=0
CAPTURE_CLOSED i=6487 epoch=88 pause_ms=0
CAPTURE_CLOSED i=6488 epoch=89 pause_ms=0
CAPTURE_CLOSED i=6489 epoch=90 pause_ms=0
CAPTURE_CLOSED i=6490 epoch=91 pause_ms=0
CAPTURE_CLOSED i=6491 epoch=92 pause_ms=0
CAPTURE_CLOSED i=6492 epoch=93 pause_ms=0
CAPTURE_CLOSED i=6493 epoch=94 pause_ms=0
CAPTURE_CLOSED i=6494 epoch=95 pause_ms=0
CAPTURE_CLOSED i=6495 epoch=96 pause_ms=0
CAPTURE_CLOSED i=6496 epoch=97 pause_ms=0
CAPTURE_CLOSED i=6497 epoch=98 pause_ms=0
CAPTURE_CLOSED i=6498 epoch=99 pause_ms=0
TRACE_SPI txn=6500 writes=24 host_observed_write_us=15659.160 post_spi_to_tune_return_us=3461.678
CAPTURE_CLOSED i=6499 epoch=100 pause_ms=0
mode=BOTH progress=6500 unrecovered=0 first_read_faults=0 recovered=0 last_epoch=100
CAPTURE_CLOSED i=6500 epoch=101 pause_ms=0
CAPTURE_CLOSED i=6501 epoch=102 pause_ms=0
CAPTURE_CLOSED i=6502 epoch=103 pause_ms=0
CAPTURE_CLOSED i=6503 epoch=104 pause_ms=0
CAPTURE_CLOSED i=6504 epoch=105 pause_ms=0
CAPTURE_CLOSED i=6505 epoch=106 pause_ms=0
CAPTURE_CLOSED i=6506 epoch=107 pause_ms=0
CAPTURE_CLOSED i=6507 epoch=108 pause_ms=0
CAPTURE_CLOSED i=6508 epoch=109 pause_ms=0
CAPTURE_CLOSED i=6509 epoch=110 pause_ms=0
CAPTURE_CLOSED i=6510 epoch=111 pause_ms=0
CAPTURE_CLOSED i=6511 epoch=112 pause_ms=0
CAPTURE_CLOSED i=6512 epoch=113 pause_ms=0
CAPTURE_CLOSED i=6513 epoch=114 pause_ms=0
CAPTURE_CLOSED i=6514 epoch=115 pause_ms=0
CAPTURE_CLOSED i=6515 epoch=116 pause_ms=0
CAPTURE_CLOSED i=6516 epoch=117 pause_ms=0
CAPTURE_CLOSED i=6517 epoch=118 pause_ms=0
CAPTURE_CLOSED i=6518 epoch=119 pause_ms=0
CAPTURE_CLOSED i=6519 epoch=120 pause_ms=0
CAPTURE_CLOSED i=6520 epoch=121 pause_ms=0
CAPTURE_CLOSED i=6521 epoch=122 pause_ms=0
CAPTURE_CLOSED i=6522 epoch=123 pause_ms=0
CAPTURE_CLOSED i=6523 epoch=124 pause_ms=0
CAPTURE_CLOSED i=6524 epoch=125 pause_ms=0
CAPTURE_CLOSED i=6525 epoch=126 pause_ms=0
CAPTURE_CLOSED i=6526 epoch=127 pause_ms=0
CAPTURE_CLOSED i=6527 epoch=128 pause_ms=0
CAPTURE_CLOSED i=6528 epoch=129 pause_ms=0
CAPTURE_CLOSED i=6529 epoch=130 pause_ms=0
CAPTURE_CLOSED i=6530 epoch=131 pause_ms=0
CAPTURE_CLOSED i=6531 epoch=132 pause_ms=0
CAPTURE_CLOSED i=6532 epoch=133 pause_ms=0
CAPTURE_CLOSED i=6533 epoch=134 pause_ms=0
CAPTURE_CLOSED i=6534 epoch=135 pause_ms=0
CAPTURE_CLOSED i=6535 epoch=136 pause_ms=0
CAPTURE_CLOSED i=6536 epoch=137 pause_ms=0
CAPTURE_CLOSED i=6537 epoch=138 pause_ms=0
CAPTURE_CLOSED i=6538 epoch=139 pause_ms=0
CAPTURE_CLOSED i=6539 epoch=140 pause_ms=0
CAPTURE_CLOSED i=6540 epoch=141 pause_ms=0
CAPTURE_CLOSED i=6541 epoch=142 pause_ms=0
CAPTURE_CLOSED i=6542 epoch=143 pause_ms=0
CAPTURE_CLOSED i=6543 epoch=144 pause_ms=0
CAPTURE_CLOSED i=6544 epoch=145 pause_ms=0
CAPTURE_CLOSED i=6545 epoch=146 pause_ms=0
CAPTURE_CLOSED i=6546 epoch=147 pause_ms=0
CAPTURE_CLOSED i=6547 epoch=148 pause_ms=0
CAPTURE_CLOSED i=6548 epoch=149 pause_ms=0
CAPTURE_CLOSED i=6549 epoch=150 pause_ms=0
CAPTURE_CLOSED i=6550 epoch=151 pause_ms=0
CAPTURE_CLOSED i=6551 epoch=152 pause_ms=0
CAPTURE_CLOSED i=6552 epoch=153 pause_ms=0
CAPTURE_CLOSED i=6553 epoch=154 pause_ms=0
CAPTURE_CLOSED i=6554 epoch=155 pause_ms=0
CAPTURE_CLOSED i=6555 epoch=156 pause_ms=0
CAPTURE_CLOSED i=6556 epoch=157 pause_ms=0
CAPTURE_CLOSED i=6557 epoch=158 pause_ms=0
CAPTURE_CLOSED i=6558 epoch=159 pause_ms=0
CAPTURE_CLOSED i=6559 epoch=160 pause_ms=0
CAPTURE_CLOSED i=6560 epoch=161 pause_ms=0
CAPTURE_CLOSED i=6561 epoch=162 pause_ms=0
CAPTURE_CLOSED i=6562 epoch=163 pause_ms=0
CAPTURE_CLOSED i=6563 epoch=164 pause_ms=0
CAPTURE_CLOSED i=6564 epoch=165 pause_ms=0
CAPTURE_CLOSED i=6565 epoch=166 pause_ms=0
CAPTURE_CLOSED i=6566 epoch=167 pause_ms=0
CAPTURE_CLOSED i=6567 epoch=168 pause_ms=0
CAPTURE_CLOSED i=6568 epoch=169 pause_ms=0
CAPTURE_CLOSED i=6569 epoch=170 pause_ms=0
CAPTURE_CLOSED i=6570 epoch=171 pause_ms=0
CAPTURE_CLOSED i=6571 epoch=172 pause_ms=0
CAPTURE_CLOSED i=6572 epoch=173 pause_ms=0
CAPTURE_CLOSED i=6573 epoch=174 pause_ms=0
CAPTURE_CLOSED i=6574 epoch=175 pause_ms=0
CAPTURE_CLOSED i=6575 epoch=176 pause_ms=0
CAPTURE_CLOSED i=6576 epoch=177 pause_ms=0
CAPTURE_CLOSED i=6577 epoch=178 pause_ms=0
CAPTURE_CLOSED i=6578 epoch=179 pause_ms=0
CAPTURE_CLOSED i=6579 epoch=180 pause_ms=0
CAPTURE_CLOSED i=6580 epoch=181 pause_ms=0
CAPTURE_CLOSED i=6581 epoch=182 pause_ms=0
CAPTURE_CLOSED i=6582 epoch=183 pause_ms=0
CAPTURE_CLOSED i=6583 epoch=184 pause_ms=0
CAPTURE_CLOSED i=6584 epoch=185 pause_ms=0
CAPTURE_CLOSED i=6585 epoch=186 pause_ms=0
CAPTURE_CLOSED i=6586 epoch=187 pause_ms=0
CAPTURE_CLOSED i=6587 epoch=188 pause_ms=0
CAPTURE_CLOSED i=6588 epoch=189 pause_ms=0
CAPTURE_CLOSED i=6589 epoch=190 pause_ms=0
CAPTURE_CLOSED i=6590 epoch=191 pause_ms=0
CAPTURE_CLOSED i=6591 epoch=192 pause_ms=0
CAPTURE_CLOSED i=6592 epoch=193 pause_ms=0
CAPTURE_CLOSED i=6593 epoch=194 pause_ms=0
CAPTURE_CLOSED i=6594 epoch=195 pause_ms=0
CAPTURE_CLOSED i=6595 epoch=196 pause_ms=0
CAPTURE_CLOSED i=6596 epoch=197 pause_ms=0
CAPTURE_CLOSED i=6597 epoch=198 pause_ms=0
CAPTURE_CLOSED i=6598 epoch=199 pause_ms=0
TRACE_SPI txn=6600 writes=24 host_observed_write_us=15521.772 post_spi_to_tune_return_us=3505.330
CAPTURE_CLOSED i=6599 epoch=200 pause_ms=0
mode=BOTH progress=6600 unrecovered=0 first_read_faults=0 recovered=0 last_epoch=200
CAPTURE_CLOSED i=6600 epoch=201 pause_ms=0
CAPTURE_CLOSED i=6601 epoch=202 pause_ms=0
CAPTURE_CLOSED i=6602 epoch=203 pause_ms=0
CAPTURE_CLOSED i=6603 epoch=204 pause_ms=0
CAPTURE_CLOSED i=6604 epoch=205 pause_ms=0
CAPTURE_CLOSED i=6605 epoch=206 pause_ms=0
CAPTURE_CLOSED i=6606 epoch=207 pause_ms=0
CAPTURE_CLOSED i=6607 epoch=208 pause_ms=0
CAPTURE_CLOSED i=6608 epoch=209 pause_ms=0
CAPTURE_CLOSED i=6609 epoch=210 pause_ms=0
CAPTURE_CLOSED i=6610 epoch=211 pause_ms=0
CAPTURE_CLOSED i=6611 epoch=212 pause_ms=0
CAPTURE_CLOSED i=6612 epoch=213 pause_ms=0
CAPTURE_CLOSED i=6613 epoch=214 pause_ms=0
CAPTURE_CLOSED i=6614 epoch=215 pause_ms=0
CAPTURE_CLOSED i=6615 epoch=216 pause_ms=0
CAPTURE_CLOSED i=6616 epoch=217 pause_ms=0
CAPTURE_CLOSED i=6617 epoch=218 pause_ms=0
CAPTURE_CLOSED i=6618 epoch=219 pause_ms=0
CAPTURE_CLOSED i=6619 epoch=220 pause_ms=0
CAPTURE_CLOSED i=6620 epoch=221 pause_ms=0
CAPTURE_CLOSED i=6621 epoch=222 pause_ms=0
CAPTURE_CLOSED i=6622 epoch=223 pause_ms=0
CAPTURE_CLOSED i=6623 epoch=224 pause_ms=0
CAPTURE_CLOSED i=6624 epoch=225 pause_ms=0
CAPTURE_CLOSED i=6625 epoch=226 pause_ms=0
CAPTURE_CLOSED i=6626 epoch=227 pause_ms=0
CAPTURE_CLOSED i=6627 epoch=228 pause_ms=0
CAPTURE_CLOSED i=6628 epoch=229 pause_ms=0
CAPTURE_CLOSED i=6629 epoch=230 pause_ms=0
CAPTURE_CLOSED i=6630 epoch=231 pause_ms=0
CAPTURE_CLOSED i=6631 epoch=232 pause_ms=0
CAPTURE_CLOSED i=6632 epoch=233 pause_ms=0
CAPTURE_CLOSED i=6633 epoch=234 pause_ms=0
CAPTURE_CLOSED i=6634 epoch=235 pause_ms=0
CAPTURE_CLOSED i=6635 epoch=236 pause_ms=0
CAPTURE_CLOSED i=6636 epoch=237 pause_ms=0
CAPTURE_CLOSED i=6637 epoch=238 pause_ms=0
CAPTURE_CLOSED i=6638 epoch=239 pause_ms=0
CAPTURE_CLOSED i=6639 epoch=240 pause_ms=0
CAPTURE_CLOSED i=6640 epoch=241 pause_ms=0
CAPTURE_CLOSED i=6641 epoch=242 pause_ms=0
CAPTURE_CLOSED i=6642 epoch=243 pause_ms=0
CAPTURE_CLOSED i=6643 epoch=244 pause_ms=0
CAPTURE_CLOSED i=6644 epoch=245 pause_ms=0
CAPTURE_CLOSED i=6645 epoch=246 pause_ms=0
CAPTURE_CLOSED i=6646 epoch=247 pause_ms=0
CAPTURE_CLOSED i=6647 epoch=248 pause_ms=0
CAPTURE_CLOSED i=6648 epoch=249 pause_ms=0
CAPTURE_CLOSED i=6649 epoch=250 pause_ms=0
CAPTURE_CLOSED i=6650 epoch=251 pause_ms=0
CAPTURE_CLOSED i=6651 epoch=252 pause_ms=0
CAPTURE_CLOSED i=6652 epoch=253 pause_ms=0
CAPTURE_CLOSED i=6653 epoch=254 pause_ms=0
CAPTURE_CLOSED i=6654 epoch=255 pause_ms=0
CAPTURE_CLOSED i=6655 epoch=0 pause_ms=0
CAPTURE_CLOSED i=6656 epoch=1 pause_ms=0
CAPTURE_CLOSED i=6657 epoch=2 pause_ms=0
CAPTURE_CLOSED i=6658 epoch=3 pause_ms=0
CAPTURE_CLOSED i=6659 epoch=4 pause_ms=0
CAPTURE_CLOSED i=6660 epoch=5 pause_ms=0
CAPTURE_CLOSED i=6661 epoch=6 pause_ms=0
CAPTURE_CLOSED i=6662 epoch=7 pause_ms=0
CAPTURE_CLOSED i=6663 epoch=8 pause_ms=0
CAPTURE_CLOSED i=6664 epoch=9 pause_ms=0
CAPTURE_CLOSED i=6665 epoch=10 pause_ms=0
CAPTURE_CLOSED i=6666 epoch=11 pause_ms=0
CAPTURE_CLOSED i=6667 epoch=12 pause_ms=0
CAPTURE_CLOSED i=6668 epoch=13 pause_ms=0
CAPTURE_CLOSED i=6669 epoch=14 pause_ms=0
CAPTURE_CLOSED i=6670 epoch=15 pause_ms=0
CAPTURE_CLOSED i=6671 epoch=16 pause_ms=0
CAPTURE_CLOSED i=6672 epoch=17 pause_ms=0
CAPTURE_CLOSED i=6673 epoch=18 pause_ms=0
CAPTURE_CLOSED i=6674 epoch=19 pause_ms=0
CAPTURE_CLOSED i=6675 epoch=20 pause_ms=0
CAPTURE_CLOSED i=6676 epoch=21 pause_ms=0
CAPTURE_CLOSED i=6677 epoch=22 pause_ms=0
CAPTURE_CLOSED i=6678 epoch=23 pause_ms=0
CAPTURE_CLOSED i=6679 epoch=24 pause_ms=0
CAPTURE_CLOSED i=6680 epoch=25 pause_ms=0
CAPTURE_CLOSED i=6681 epoch=26 pause_ms=0
CAPTURE_CLOSED i=6682 epoch=27 pause_ms=0
CAPTURE_CLOSED i=6683 epoch=28 pause_ms=0
CAPTURE_CLOSED i=6684 epoch=29 pause_ms=0
CAPTURE_CLOSED i=6685 epoch=30 pause_ms=0
CAPTURE_CLOSED i=6686 epoch=31 pause_ms=0
CAPTURE_CLOSED i=6687 epoch=32 pause_ms=0
CAPTURE_CLOSED i=6688 epoch=33 pause_ms=0
CAPTURE_CLOSED i=6689 epoch=34 pause_ms=0
CAPTURE_CLOSED i=6690 epoch=35 pause_ms=0
CAPTURE_CLOSED i=6691 epoch=36 pause_ms=0
CAPTURE_CLOSED i=6692 epoch=37 pause_ms=0
CAPTURE_CLOSED i=6693 epoch=38 pause_ms=0
CAPTURE_CLOSED i=6694 epoch=39 pause_ms=0
CAPTURE_CLOSED i=6695 epoch=40 pause_ms=0
CAPTURE_CLOSED i=6696 epoch=41 pause_ms=0
CAPTURE_CLOSED i=6697 epoch=42 pause_ms=0
CAPTURE_CLOSED i=6698 epoch=43 pause_ms=0
TRACE_SPI txn=6700 writes=24 host_observed_write_us=15479.208 post_spi_to_tune_return_us=3362.740
CAPTURE_CLOSED i=6699 epoch=44 pause_ms=0
mode=BOTH progress=6700 unrecovered=0 first_read_faults=0 recovered=0 last_epoch=44
CAPTURE_CLOSED i=6700 epoch=45 pause_ms=0
CAPTURE_CLOSED i=6701 epoch=46 pause_ms=0
CAPTURE_CLOSED i=6702 epoch=47 pause_ms=0
CAPTURE_CLOSED i=6703 epoch=48 pause_ms=0
CAPTURE_CLOSED i=6704 epoch=49 pause_ms=0
CAPTURE_CLOSED i=6705 epoch=50 pause_ms=0
CAPTURE_CLOSED i=6706 epoch=51 pause_ms=0
CAPTURE_CLOSED i=6707 epoch=52 pause_ms=0
CAPTURE_CLOSED i=6708 epoch=53 pause_ms=0
CAPTURE_CLOSED i=6709 epoch=54 pause_ms=0
CAPTURE_CLOSED i=6710 epoch=55 pause_ms=0
CAPTURE_CLOSED i=6711 epoch=56 pause_ms=0
CAPTURE_CLOSED i=6712 epoch=57 pause_ms=0
CAPTURE_CLOSED i=6713 epoch=58 pause_ms=0
CAPTURE_CLOSED i=6714 epoch=59 pause_ms=0
CAPTURE_CLOSED i=6715 epoch=60 pause_ms=0
CAPTURE_CLOSED i=6716 epoch=61 pause_ms=0
CAPTURE_CLOSED i=6717 epoch=62 pause_ms=0
CAPTURE_CLOSED i=6718 epoch=63 pause_ms=0
CAPTURE_CLOSED i=6719 epoch=64 pause_ms=0
CAPTURE_CLOSED i=6720 epoch=65 pause_ms=0
CAPTURE_CLOSED i=6721 epoch=66 pause_ms=0
CAPTURE_CLOSED i=6722 epoch=67 pause_ms=0
CAPTURE_CLOSED i=6723 epoch=68 pause_ms=0
CAPTURE_CLOSED i=6724 epoch=69 pause_ms=0
CAPTURE_CLOSED i=6725 epoch=70 pause_ms=0
CAPTURE_CLOSED i=6726 epoch=71 pause_ms=0
CAPTURE_CLOSED i=6727 epoch=72 pause_ms=0
CAPTURE_CLOSED i=6728 epoch=73 pause_ms=0
CAPTURE_CLOSED i=6729 epoch=74 pause_ms=0
CAPTURE_CLOSED i=6730 epoch=75 pause_ms=0
CAPTURE_CLOSED i=6731 epoch=76 pause_ms=0
CAPTURE_CLOSED i=6732 epoch=77 pause_ms=0
CAPTURE_CLOSED i=6733 epoch=78 pause_ms=0
CAPTURE_CLOSED i=6734 epoch=79 pause_ms=0
CAPTURE_CLOSED i=6735 epoch=80 pause_ms=0
CAPTURE_CLOSED i=6736 epoch=81 pause_ms=0
CAPTURE_CLOSED i=6737 epoch=82 pause_ms=0
CAPTURE_CLOSED i=6738 epoch=83 pause_ms=0
CAPTURE_CLOSED i=6739 epoch=84 pause_ms=0
CAPTURE_CLOSED i=6740 epoch=85 pause_ms=0
CAPTURE_CLOSED i=6741 epoch=86 pause_ms=0
CAPTURE_CLOSED i=6742 epoch=87 pause_ms=0
CAPTURE_CLOSED i=6743 epoch=88 pause_ms=0
CAPTURE_CLOSED i=6744 epoch=89 pause_ms=0
CAPTURE_CLOSED i=6745 epoch=90 pause_ms=0
CAPTURE_CLOSED i=6746 epoch=91 pause_ms=0
CAPTURE_CLOSED i=6747 epoch=92 pause_ms=0
CAPTURE_CLOSED i=6748 epoch=93 pause_ms=0
CAPTURE_CLOSED i=6749 epoch=94 pause_ms=0
CAPTURE_CLOSED i=6750 epoch=95 pause_ms=0
CAPTURE_CLOSED i=6751 epoch=96 pause_ms=0
CAPTURE_CLOSED i=6752 epoch=97 pause_ms=0
CAPTURE_CLOSED i=6753 epoch=98 pause_ms=0
CAPTURE_CLOSED i=6754 epoch=99 pause_ms=0
CAPTURE_CLOSED i=6755 epoch=100 pause_ms=0
CAPTURE_CLOSED i=6756 epoch=101 pause_ms=0
CAPTURE_CLOSED i=6757 epoch=102 pause_ms=0
CAPTURE_CLOSED i=6758 epoch=103 pause_ms=0
CAPTURE_CLOSED i=6759 epoch=104 pause_ms=0
CAPTURE_CLOSED i=6760 epoch=105 pause_ms=0
CAPTURE_CLOSED i=6761 epoch=106 pause_ms=0
CAPTURE_CLOSED i=6762 epoch=107 pause_ms=0
CAPTURE_CLOSED i=6763 epoch=108 pause_ms=0
CAPTURE_CLOSED i=6764 epoch=109 pause_ms=0
CAPTURE_CLOSED i=6765 epoch=110 pause_ms=0
CAPTURE_CLOSED i=6766 epoch=111 pause_ms=0
CAPTURE_CLOSED i=6767 epoch=112 pause_ms=0
CAPTURE_CLOSED i=6768 epoch=113 pause_ms=0
CAPTURE_CLOSED i=6769 epoch=114 pause_ms=0
CAPTURE_CLOSED i=6770 epoch=115 pause_ms=0
CAPTURE_CLOSED i=6771 epoch=116 pause_ms=0
CAPTURE_CLOSED i=6772 epoch=117 pause_ms=0
CAPTURE_CLOSED i=6773 epoch=118 pause_ms=0
CAPTURE_CLOSED i=6774 epoch=119 pause_ms=0
CAPTURE_CLOSED i=6775 epoch=120 pause_ms=0
CAPTURE_CLOSED i=6776 epoch=121 pause_ms=0
CAPTURE_CLOSED i=6777 epoch=122 pause_ms=0
CAPTURE_CLOSED i=6778 epoch=123 pause_ms=0
CAPTURE_CLOSED i=6779 epoch=124 pause_ms=0
CAPTURE_CLOSED i=6780 epoch=125 pause_ms=0
CAPTURE_CLOSED i=6781 epoch=126 pause_ms=0
CAPTURE_CLOSED i=6782 epoch=127 pause_ms=0
CAPTURE_CLOSED i=6783 epoch=128 pause_ms=0
CAPTURE_CLOSED i=6784 epoch=129 pause_ms=0
CAPTURE_CLOSED i=6785 epoch=130 pause_ms=0
CAPTURE_CLOSED i=6786 epoch=131 pause_ms=0
CAPTURE_CLOSED i=6787 epoch=132 pause_ms=0
CAPTURE_CLOSED i=6788 epoch=133 pause_ms=0
CAPTURE_CLOSED i=6789 epoch=134 pause_ms=0
CAPTURE_CLOSED i=6790 epoch=135 pause_ms=0
CAPTURE_CLOSED i=6791 epoch=136 pause_ms=0
CAPTURE_CLOSED i=6792 epoch=137 pause_ms=0
CAPTURE_CLOSED i=6793 epoch=138 pause_ms=0
CAPTURE_CLOSED i=6794 epoch=139 pause_ms=0
CAPTURE_CLOSED i=6795 epoch=140 pause_ms=0
CAPTURE_CLOSED i=6796 epoch=141 pause_ms=0
CAPTURE_CLOSED i=6797 epoch=142 pause_ms=0
CAPTURE_CLOSED i=6798 epoch=143 pause_ms=0
TRACE_SPI txn=6800 writes=24 host_observed_write_us=15523.110 post_spi_to_tune_return_us=3506.017
CAPTURE_CLOSED i=6799 epoch=144 pause_ms=0
mode=BOTH progress=6800 unrecovered=0 first_read_faults=0 recovered=0 last_epoch=144
CAPTURE_CLOSED i=6800 epoch=145 pause_ms=0
CAPTURE_CLOSED i=6801 epoch=146 pause_ms=0
CAPTURE_CLOSED i=6802 epoch=147 pause_ms=0
CAPTURE_CLOSED i=6803 epoch=148 pause_ms=0
CAPTURE_CLOSED i=6804 epoch=149 pause_ms=0
CAPTURE_CLOSED i=6805 epoch=150 pause_ms=0
CAPTURE_CLOSED i=6806 epoch=151 pause_ms=0
CAPTURE_CLOSED i=6807 epoch=152 pause_ms=0
CAPTURE_CLOSED i=6808 epoch=153 pause_ms=0
CAPTURE_CLOSED i=6809 epoch=154 pause_ms=0
CAPTURE_CLOSED i=6810 epoch=155 pause_ms=0
CAPTURE_CLOSED i=6811 epoch=156 pause_ms=0
CAPTURE_CLOSED i=6812 epoch=157 pause_ms=0
CAPTURE_CLOSED i=6813 epoch=158 pause_ms=0
CAPTURE_CLOSED i=6814 epoch=159 pause_ms=0
CAPTURE_CLOSED i=6815 epoch=160 pause_ms=0
CAPTURE_CLOSED i=6816 epoch=161 pause_ms=0
CAPTURE_CLOSED i=6817 epoch=162 pause_ms=0
CAPTURE_CLOSED i=6818 epoch=163 pause_ms=0
CAPTURE_CLOSED i=6819 epoch=164 pause_ms=0
CAPTURE_CLOSED i=6820 epoch=165 pause_ms=0
CAPTURE_CLOSED i=6821 epoch=166 pause_ms=0
CAPTURE_CLOSED i=6822 epoch=167 pause_ms=0
CAPTURE_CLOSED i=6823 epoch=168 pause_ms=0
CAPTURE_CLOSED i=6824 epoch=169 pause_ms=0
CAPTURE_CLOSED i=6825 epoch=170 pause_ms=0
CAPTURE_CLOSED i=6826 epoch=171 pause_ms=0
CAPTURE_CLOSED i=6827 epoch=172 pause_ms=0
CAPTURE_CLOSED i=6828 epoch=173 pause_ms=0
CAPTURE_CLOSED i=6829 epoch=174 pause_ms=0
CAPTURE_CLOSED i=6830 epoch=175 pause_ms=0
CAPTURE_CLOSED i=6831 epoch=176 pause_ms=0
CAPTURE_CLOSED i=6832 epoch=177 pause_ms=0
CAPTURE_CLOSED i=6833 epoch=178 pause_ms=0
CAPTURE_CLOSED i=6834 epoch=179 pause_ms=0
CAPTURE_CLOSED i=6835 epoch=180 pause_ms=0
CAPTURE_CLOSED i=6836 epoch=181 pause_ms=0
CAPTURE_CLOSED i=6837 epoch=182 pause_ms=0
CAPTURE_CLOSED i=6838 epoch=183 pause_ms=0
CAPTURE_CLOSED i=6839 epoch=184 pause_ms=0
CAPTURE_CLOSED i=6840 epoch=185 pause_ms=0
CAPTURE_CLOSED i=6841 epoch=186 pause_ms=0
CAPTURE_CLOSED i=6842 epoch=187 pause_ms=0
CAPTURE_CLOSED i=6843 epoch=188 pause_ms=0
CAPTURE_CLOSED i=6844 epoch=189 pause_ms=0
CAPTURE_CLOSED i=6845 epoch=190 pause_ms=0
CAPTURE_CLOSED i=6846 epoch=191 pause_ms=0
CAPTURE_CLOSED i=6847 epoch=192 pause_ms=0
CAPTURE_CLOSED i=6848 epoch=193 pause_ms=0
CAPTURE_CLOSED i=6849 epoch=194 pause_ms=0
CAPTURE_CLOSED i=6850 epoch=195 pause_ms=0
CAPTURE_CLOSED i=6851 epoch=196 pause_ms=0
CAPTURE_CLOSED i=6852 epoch=197 pause_ms=0
CAPTURE_CLOSED i=6853 epoch=198 pause_ms=0
CAPTURE_CLOSED i=6854 epoch=199 pause_ms=0
CAPTURE_CLOSED i=6855 epoch=200 pause_ms=0
CAPTURE_CLOSED i=6856 epoch=201 pause_ms=0
CAPTURE_CLOSED i=6857 epoch=202 pause_ms=0
CAPTURE_CLOSED i=6858 epoch=203 pause_ms=0
CAPTURE_CLOSED i=6859 epoch=204 pause_ms=0
CAPTURE_CLOSED i=6860 epoch=205 pause_ms=0
CAPTURE_CLOSED i=6861 epoch=206 pause_ms=0
CAPTURE_CLOSED i=6862 epoch=207 pause_ms=0
CAPTURE_CLOSED i=6863 epoch=208 pause_ms=0
CAPTURE_CLOSED i=6864 epoch=209 pause_ms=0
CAPTURE_CLOSED i=6865 epoch=210 pause_ms=0
CAPTURE_CLOSED i=6866 epoch=211 pause_ms=0
CAPTURE_CLOSED i=6867 epoch=212 pause_ms=0
CAPTURE_CLOSED i=6868 epoch=213 pause_ms=0
CAPTURE_CLOSED i=6869 epoch=214 pause_ms=0
CAPTURE_CLOSED i=6870 epoch=215 pause_ms=0
CAPTURE_CLOSED i=6871 epoch=216 pause_ms=0
CAPTURE_CLOSED i=6872 epoch=217 pause_ms=0
CAPTURE_CLOSED i=6873 epoch=218 pause_ms=0
CAPTURE_CLOSED i=6874 epoch=219 pause_ms=0
CAPTURE_CLOSED i=6875 epoch=220 pause_ms=0
CAPTURE_CLOSED i=6876 epoch=221 pause_ms=0
CAPTURE_CLOSED i=6877 epoch=222 pause_ms=0
CAPTURE_CLOSED i=6878 epoch=223 pause_ms=0
CAPTURE_CLOSED i=6879 epoch=224 pause_ms=0
CAPTURE_CLOSED i=6880 epoch=225 pause_ms=0
CAPTURE_CLOSED i=6881 epoch=226 pause_ms=0
CAPTURE_CLOSED i=6882 epoch=227 pause_ms=0
CAPTURE_CLOSED i=6883 epoch=228 pause_ms=0
CAPTURE_CLOSED i=6884 epoch=229 pause_ms=0
CAPTURE_CLOSED i=6885 epoch=230 pause_ms=0
CAPTURE_CLOSED i=6886 epoch=231 pause_ms=0
CAPTURE_CLOSED i=6887 epoch=232 pause_ms=0
CAPTURE_CLOSED i=6888 epoch=233 pause_ms=0
CAPTURE_CLOSED i=6889 epoch=234 pause_ms=0
CAPTURE_CLOSED i=6890 epoch=235 pause_ms=0
CAPTURE_CLOSED i=6891 epoch=236 pause_ms=0
CAPTURE_CLOSED i=6892 epoch=237 pause_ms=0
CAPTURE_CLOSED i=6893 epoch=238 pause_ms=0
CAPTURE_CLOSED i=6894 epoch=239 pause_ms=0
CAPTURE_CLOSED i=6895 epoch=240 pause_ms=0
CAPTURE_CLOSED i=6896 epoch=241 pause_ms=0
CAPTURE_CLOSED i=6897 epoch=242 pause_ms=0
CAPTURE_CLOSED i=6898 epoch=243 pause_ms=0
TRACE_SPI txn=6900 writes=24 host_observed_write_us=15527.710 post_spi_to_tune_return_us=3500.749
CAPTURE_CLOSED i=6899 epoch=244 pause_ms=0
mode=BOTH progress=6900 unrecovered=0 first_read_faults=0 recovered=0 last_epoch=244
CAPTURE_CLOSED i=6900 epoch=245 pause_ms=0
CAPTURE_CLOSED i=6901 epoch=246 pause_ms=0
CAPTURE_CLOSED i=6902 epoch=247 pause_ms=0
CAPTURE_CLOSED i=6903 epoch=248 pause_ms=0
CAPTURE_CLOSED i=6904 epoch=249 pause_ms=0
CAPTURE_CLOSED i=6905 epoch=250 pause_ms=0
CAPTURE_CLOSED i=6906 epoch=251 pause_ms=0
CAPTURE_CLOSED i=6907 epoch=252 pause_ms=0
CAPTURE_CLOSED i=6908 epoch=253 pause_ms=0
CAPTURE_CLOSED i=6909 epoch=254 pause_ms=0
CAPTURE_CLOSED i=6910 epoch=255 pause_ms=0
CAPTURE_CLOSED i=6911 epoch=0 pause_ms=0
CAPTURE_CLOSED i=6912 epoch=1 pause_ms=0
CAPTURE_CLOSED i=6913 epoch=2 pause_ms=0
CAPTURE_CLOSED i=6914 epoch=3 pause_ms=0
CAPTURE_CLOSED i=6915 epoch=4 pause_ms=0
CAPTURE_CLOSED i=6916 epoch=5 pause_ms=0
CAPTURE_CLOSED i=6917 epoch=6 pause_ms=0
CAPTURE_CLOSED i=6918 epoch=7 pause_ms=0
CAPTURE_CLOSED i=6919 epoch=8 pause_ms=0
CAPTURE_CLOSED i=6920 epoch=9 pause_ms=0
CAPTURE_CLOSED i=6921 epoch=10 pause_ms=0
CAPTURE_CLOSED i=6922 epoch=11 pause_ms=0
CAPTURE_CLOSED i=6923 epoch=12 pause_ms=0
CAPTURE_CLOSED i=6924 epoch=13 pause_ms=0
CAPTURE_CLOSED i=6925 epoch=14 pause_ms=0
CAPTURE_CLOSED i=6926 epoch=15 pause_ms=0
CAPTURE_CLOSED i=6927 epoch=16 pause_ms=0
CAPTURE_CLOSED i=6928 epoch=17 pause_ms=0
CAPTURE_CLOSED i=6929 epoch=18 pause_ms=0
CAPTURE_CLOSED i=6930 epoch=19 pause_ms=0
CAPTURE_CLOSED i=6931 epoch=20 pause_ms=0
CAPTURE_CLOSED i=6932 epoch=21 pause_ms=0
CAPTURE_CLOSED i=6933 epoch=22 pause_ms=0
CAPTURE_CLOSED i=6934 epoch=23 pause_ms=0
CAPTURE_CLOSED i=6935 epoch=24 pause_ms=0
CAPTURE_CLOSED i=6936 epoch=25 pause_ms=0
CAPTURE_CLOSED i=6937 epoch=26 pause_ms=0
CAPTURE_CLOSED i=6938 epoch=27 pause_ms=0
CAPTURE_CLOSED i=6939 epoch=28 pause_ms=0
CAPTURE_CLOSED i=6940 epoch=29 pause_ms=0
CAPTURE_CLOSED i=6941 epoch=30 pause_ms=0
CAPTURE_CLOSED i=6942 epoch=31 pause_ms=0
CAPTURE_CLOSED i=6943 epoch=32 pause_ms=0
CAPTURE_CLOSED i=6944 epoch=33 pause_ms=0
CAPTURE_CLOSED i=6945 epoch=34 pause_ms=0
CAPTURE_CLOSED i=6946 epoch=35 pause_ms=0
CAPTURE_CLOSED i=6947 epoch=36 pause_ms=0
CAPTURE_CLOSED i=6948 epoch=37 pause_ms=0
CAPTURE_CLOSED i=6949 epoch=38 pause_ms=0
CAPTURE_CLOSED i=6950 epoch=39 pause_ms=0
CAPTURE_CLOSED i=6951 epoch=40 pause_ms=0
CAPTURE_CLOSED i=6952 epoch=41 pause_ms=0
CAPTURE_CLOSED i=6953 epoch=42 pause_ms=0
CAPTURE_CLOSED i=6954 epoch=43 pause_ms=0
CAPTURE_CLOSED i=6955 epoch=44 pause_ms=0
CAPTURE_CLOSED i=6956 epoch=45 pause_ms=0
CAPTURE_CLOSED i=6957 epoch=46 pause_ms=0
CAPTURE_CLOSED i=6958 epoch=47 pause_ms=0
CAPTURE_CLOSED i=6959 epoch=48 pause_ms=0
CAPTURE_CLOSED i=6960 epoch=49 pause_ms=0
CAPTURE_CLOSED i=6961 epoch=50 pause_ms=0
CAPTURE_CLOSED i=6962 epoch=51 pause_ms=0
CAPTURE_CLOSED i=6963 epoch=52 pause_ms=0
CAPTURE_CLOSED i=6964 epoch=53 pause_ms=0
CAPTURE_CLOSED i=6965 epoch=54 pause_ms=0
CAPTURE_CLOSED i=6966 epoch=55 pause_ms=0
CAPTURE_CLOSED i=6967 epoch=56 pause_ms=0
CAPTURE_CLOSED i=6968 epoch=57 pause_ms=0
CAPTURE_CLOSED i=6969 epoch=58 pause_ms=0
CAPTURE_CLOSED i=6970 epoch=59 pause_ms=0
CAPTURE_CLOSED i=6971 epoch=60 pause_ms=0
CAPTURE_CLOSED i=6972 epoch=61 pause_ms=0
CAPTURE_CLOSED i=6973 epoch=62 pause_ms=0
CAPTURE_CLOSED i=6974 epoch=63 pause_ms=0
CAPTURE_CLOSED i=6975 epoch=64 pause_ms=0
CAPTURE_CLOSED i=6976 epoch=65 pause_ms=0
CAPTURE_CLOSED i=6977 epoch=66 pause_ms=0
CAPTURE_CLOSED i=6978 epoch=67 pause_ms=0
CAPTURE_CLOSED i=6979 epoch=68 pause_ms=0
CAPTURE_CLOSED i=6980 epoch=69 pause_ms=0
CAPTURE_CLOSED i=6981 epoch=70 pause_ms=0
CAPTURE_CLOSED i=6982 epoch=71 pause_ms=0
CAPTURE_CLOSED i=6983 epoch=72 pause_ms=0
CAPTURE_CLOSED i=6984 epoch=73 pause_ms=0
CAPTURE_CLOSED i=6985 epoch=74 pause_ms=0
CAPTURE_CLOSED i=6986 epoch=75 pause_ms=0
CAPTURE_CLOSED i=6987 epoch=76 pause_ms=0
CAPTURE_CLOSED i=6988 epoch=77 pause_ms=0
CAPTURE_CLOSED i=6989 epoch=78 pause_ms=0
CAPTURE_CLOSED i=6990 epoch=79 pause_ms=0
CAPTURE_CLOSED i=6991 epoch=80 pause_ms=0
CAPTURE_CLOSED i=6992 epoch=81 pause_ms=0
CAPTURE_CLOSED i=6993 epoch=82 pause_ms=0
CAPTURE_CLOSED i=6994 epoch=83 pause_ms=0
CAPTURE_CLOSED i=6995 epoch=84 pause_ms=0
CAPTURE_CLOSED i=6996 epoch=85 pause_ms=0
CAPTURE_CLOSED i=6997 epoch=86 pause_ms=0
CAPTURE_CLOSED i=6998 epoch=87 pause_ms=0
TRACE_SPI txn=7000 writes=24 host_observed_write_us=15656.755 post_spi_to_tune_return_us=3505.857
CAPTURE_CLOSED i=6999 epoch=88 pause_ms=0
mode=BOTH progress=7000 unrecovered=0 first_read_faults=0 recovered=0 last_epoch=88
CAPTURE_CLOSED i=7000 epoch=89 pause_ms=0
CAPTURE_CLOSED i=7001 epoch=90 pause_ms=0
CAPTURE_CLOSED i=7002 epoch=91 pause_ms=0
CAPTURE_CLOSED i=7003 epoch=92 pause_ms=0
CAPTURE_CLOSED i=7004 epoch=93 pause_ms=0
CAPTURE_CLOSED i=7005 epoch=94 pause_ms=0
CAPTURE_CLOSED i=7006 epoch=95 pause_ms=0
CAPTURE_CLOSED i=7007 epoch=96 pause_ms=0
CAPTURE_CLOSED i=7008 epoch=97 pause_ms=0
CAPTURE_CLOSED i=7009 epoch=98 pause_ms=0
CAPTURE_CLOSED i=7010 epoch=99 pause_ms=0
CAPTURE_CLOSED i=7011 epoch=100 pause_ms=0
CAPTURE_CLOSED i=7012 epoch=101 pause_ms=0
CAPTURE_CLOSED i=7013 epoch=102 pause_ms=0
CAPTURE_CLOSED i=7014 epoch=103 pause_ms=0
CAPTURE_CLOSED i=7015 epoch=104 pause_ms=0
CAPTURE_CLOSED i=7016 epoch=105 pause_ms=0
CAPTURE_CLOSED i=7017 epoch=106 pause_ms=0
CAPTURE_CLOSED i=7018 epoch=107 pause_ms=0
CAPTURE_CLOSED i=7019 epoch=108 pause_ms=0
CAPTURE_CLOSED i=7020 epoch=109 pause_ms=0
CAPTURE_CLOSED i=7021 epoch=110 pause_ms=0
CAPTURE_CLOSED i=7022 epoch=111 pause_ms=0
CAPTURE_CLOSED i=7023 epoch=112 pause_ms=0
CAPTURE_CLOSED i=7024 epoch=113 pause_ms=0
CAPTURE_CLOSED i=7025 epoch=114 pause_ms=0
CAPTURE_CLOSED i=7026 epoch=115 pause_ms=0
CAPTURE_CLOSED i=7027 epoch=116 pause_ms=0
CAPTURE_CLOSED i=7028 epoch=117 pause_ms=0
CAPTURE_CLOSED i=7029 epoch=118 pause_ms=0
CAPTURE_CLOSED i=7030 epoch=119 pause_ms=0
CAPTURE_CLOSED i=7031 epoch=120 pause_ms=0
CAPTURE_CLOSED i=7032 epoch=121 pause_ms=0
CAPTURE_CLOSED i=7033 epoch=122 pause_ms=0
CAPTURE_CLOSED i=7034 epoch=123 pause_ms=0
CAPTURE_CLOSED i=7035 epoch=124 pause_ms=0
CAPTURE_CLOSED i=7036 epoch=125 pause_ms=0
CAPTURE_CLOSED i=7037 epoch=126 pause_ms=0
CAPTURE_CLOSED i=7038 epoch=127 pause_ms=0
CAPTURE_CLOSED i=7039 epoch=128 pause_ms=0
CAPTURE_CLOSED i=7040 epoch=129 pause_ms=0
CAPTURE_CLOSED i=7041 epoch=130 pause_ms=0
CAPTURE_CLOSED i=7042 epoch=131 pause_ms=0
CAPTURE_CLOSED i=7043 epoch=132 pause_ms=0
CAPTURE_CLOSED i=7044 epoch=133 pause_ms=0
CAPTURE_CLOSED i=7045 epoch=134 pause_ms=0
CAPTURE_CLOSED i=7046 epoch=135 pause_ms=0
CAPTURE_CLOSED i=7047 epoch=136 pause_ms=0
CAPTURE_CLOSED i=7048 epoch=137 pause_ms=0
CAPTURE_CLOSED i=7049 epoch=138 pause_ms=0
CAPTURE_CLOSED i=7050 epoch=139 pause_ms=0
CAPTURE_CLOSED i=7051 epoch=140 pause_ms=0
CAPTURE_CLOSED i=7052 epoch=141 pause_ms=0
CAPTURE_CLOSED i=7053 epoch=142 pause_ms=0
CAPTURE_CLOSED i=7054 epoch=143 pause_ms=0
CAPTURE_CLOSED i=7055 epoch=144 pause_ms=0
CAPTURE_CLOSED i=7056 epoch=145 pause_ms=0
CAPTURE_CLOSED i=7057 epoch=146 pause_ms=0
CAPTURE_CLOSED i=7058 epoch=147 pause_ms=0
CAPTURE_CLOSED i=7059 epoch=148 pause_ms=0
CAPTURE_CLOSED i=7060 epoch=149 pause_ms=0
CAPTURE_CLOSED i=7061 epoch=150 pause_ms=0
CAPTURE_CLOSED i=7062 epoch=151 pause_ms=0
CAPTURE_CLOSED i=7063 epoch=152 pause_ms=0
CAPTURE_CLOSED i=7064 epoch=153 pause_ms=0
CAPTURE_CLOSED i=7065 epoch=154 pause_ms=0
CAPTURE_CLOSED i=7066 epoch=155 pause_ms=0
CAPTURE_CLOSED i=7067 epoch=156 pause_ms=0
CAPTURE_CLOSED i=7068 epoch=157 pause_ms=0
CAPTURE_CLOSED i=7069 epoch=158 pause_ms=0
CAPTURE_CLOSED i=7070 epoch=159 pause_ms=0
CAPTURE_CLOSED i=7071 epoch=160 pause_ms=0
CAPTURE_CLOSED i=7072 epoch=161 pause_ms=0
CAPTURE_CLOSED i=7073 epoch=162 pause_ms=0
CAPTURE_CLOSED i=7074 epoch=163 pause_ms=0
CAPTURE_CLOSED i=7075 epoch=164 pause_ms=0
CAPTURE_CLOSED i=7076 epoch=165 pause_ms=0
CAPTURE_CLOSED i=7077 epoch=166 pause_ms=0
CAPTURE_CLOSED i=7078 epoch=167 pause_ms=0
CAPTURE_CLOSED i=7079 epoch=168 pause_ms=0
CAPTURE_CLOSED i=7080 epoch=169 pause_ms=0
CAPTURE_CLOSED i=7081 epoch=170 pause_ms=0
CAPTURE_CLOSED i=7082 epoch=171 pause_ms=0
CAPTURE_CLOSED i=7083 epoch=172 pause_ms=0
CAPTURE_CLOSED i=7084 epoch=173 pause_ms=0
CAPTURE_CLOSED i=7085 epoch=174 pause_ms=0
CAPTURE_CLOSED i=7086 epoch=175 pause_ms=0
CAPTURE_CLOSED i=7087 epoch=176 pause_ms=0
CAPTURE_CLOSED i=7088 epoch=177 pause_ms=0
CAPTURE_CLOSED i=7089 epoch=178 pause_ms=0
CAPTURE_CLOSED i=7090 epoch=179 pause_ms=0
CAPTURE_CLOSED i=7091 epoch=180 pause_ms=0
CAPTURE_CLOSED i=7092 epoch=181 pause_ms=0
CAPTURE_CLOSED i=7093 epoch=182 pause_ms=0
CAPTURE_CLOSED i=7094 epoch=183 pause_ms=0
CAPTURE_CLOSED i=7095 epoch=184 pause_ms=0
CAPTURE_CLOSED i=7096 epoch=185 pause_ms=0
CAPTURE_CLOSED i=7097 epoch=186 pause_ms=0
CAPTURE_CLOSED i=7098 epoch=187 pause_ms=0
TRACE_SPI txn=7100 writes=24 host_observed_write_us=15525.494 post_spi_to_tune_return_us=3504.738
CAPTURE_CLOSED i=7099 epoch=188 pause_ms=0
mode=BOTH progress=7100 unrecovered=0 first_read_faults=0 recovered=0 last_epoch=188
CAPTURE_CLOSED i=7100 epoch=189 pause_ms=0
CAPTURE_CLOSED i=7101 epoch=190 pause_ms=0
CAPTURE_CLOSED i=7102 epoch=191 pause_ms=0
CAPTURE_CLOSED i=7103 epoch=192 pause_ms=0
CAPTURE_CLOSED i=7104 epoch=193 pause_ms=0
CAPTURE_CLOSED i=7105 epoch=194 pause_ms=0
CAPTURE_CLOSED i=7106 epoch=195 pause_ms=0
CAPTURE_CLOSED i=7107 epoch=196 pause_ms=0
CAPTURE_CLOSED i=7108 epoch=197 pause_ms=0
CAPTURE_CLOSED i=7109 epoch=198 pause_ms=0
CAPTURE_CLOSED i=7110 epoch=199 pause_ms=0
CAPTURE_CLOSED i=7111 epoch=200 pause_ms=0
CAPTURE_CLOSED i=7112 epoch=201 pause_ms=0
CAPTURE_CLOSED i=7113 epoch=202 pause_ms=0
CAPTURE_CLOSED i=7114 epoch=203 pause_ms=0
CAPTURE_CLOSED i=7115 epoch=204 pause_ms=0
CAPTURE_CLOSED i=7116 epoch=205 pause_ms=0
CAPTURE_CLOSED i=7117 epoch=206 pause_ms=0
CAPTURE_CLOSED i=7118 epoch=207 pause_ms=0
CAPTURE_CLOSED i=7119 epoch=208 pause_ms=0
CAPTURE_CLOSED i=7120 epoch=209 pause_ms=0
CAPTURE_CLOSED i=7121 epoch=210 pause_ms=0
CAPTURE_CLOSED i=7122 epoch=211 pause_ms=0
CAPTURE_CLOSED i=7123 epoch=212 pause_ms=0
CAPTURE_CLOSED i=7124 epoch=213 pause_ms=0
CAPTURE_CLOSED i=7125 epoch=214 pause_ms=0
CAPTURE_CLOSED i=7126 epoch=215 pause_ms=0
CAPTURE_CLOSED i=7127 epoch=216 pause_ms=0
CAPTURE_CLOSED i=7128 epoch=217 pause_ms=0
CAPTURE_CLOSED i=7129 epoch=218 pause_ms=0
CAPTURE_CLOSED i=7130 epoch=219 pause_ms=0
CAPTURE_CLOSED i=7131 epoch=220 pause_ms=0
CAPTURE_CLOSED i=7132 epoch=221 pause_ms=0
CAPTURE_CLOSED i=7133 epoch=222 pause_ms=0
CAPTURE_CLOSED i=7134 epoch=223 pause_ms=0
CAPTURE_CLOSED i=7135 epoch=224 pause_ms=0
CAPTURE_CLOSED i=7136 epoch=225 pause_ms=0
CAPTURE_CLOSED i=7137 epoch=226 pause_ms=0
CAPTURE_CLOSED i=7138 epoch=227 pause_ms=0
CAPTURE_CLOSED i=7139 epoch=228 pause_ms=0
CAPTURE_CLOSED i=7140 epoch=229 pause_ms=0
CAPTURE_CLOSED i=7141 epoch=230 pause_ms=0
CAPTURE_CLOSED i=7142 epoch=231 pause_ms=0
CAPTURE_CLOSED i=7143 epoch=232 pause_ms=0
CAPTURE_CLOSED i=7144 epoch=233 pause_ms=0
CAPTURE_CLOSED i=7145 epoch=234 pause_ms=0
CAPTURE_CLOSED i=7146 epoch=235 pause_ms=0
CAPTURE_CLOSED i=7147 epoch=236 pause_ms=0
CAPTURE_CLOSED i=7148 epoch=237 pause_ms=0
CAPTURE_CLOSED i=7149 epoch=238 pause_ms=0
CAPTURE_CLOSED i=7150 epoch=239 pause_ms=0
CAPTURE_CLOSED i=7151 epoch=240 pause_ms=0
CAPTURE_CLOSED i=7152 epoch=241 pause_ms=0
CAPTURE_CLOSED i=7153 epoch=242 pause_ms=0
CAPTURE_CLOSED i=7154 epoch=243 pause_ms=0
CAPTURE_CLOSED i=7155 epoch=244 pause_ms=0
CAPTURE_CLOSED i=7156 epoch=245 pause_ms=0
CAPTURE_CLOSED i=7157 epoch=246 pause_ms=0
CAPTURE_CLOSED i=7158 epoch=247 pause_ms=0
CAPTURE_CLOSED i=7159 epoch=248 pause_ms=0
CAPTURE_CLOSED i=7160 epoch=249 pause_ms=0
CAPTURE_CLOSED i=7161 epoch=250 pause_ms=0
CAPTURE_CLOSED i=7162 epoch=251 pause_ms=0
CAPTURE_CLOSED i=7163 epoch=252 pause_ms=0
CAPTURE_CLOSED i=7164 epoch=253 pause_ms=0
CAPTURE_CLOSED i=7165 epoch=254 pause_ms=0
CAPTURE_CLOSED i=7166 epoch=255 pause_ms=0
CAPTURE_CLOSED i=7167 epoch=0 pause_ms=0
CAPTURE_CLOSED i=7168 epoch=1 pause_ms=0
CAPTURE_CLOSED i=7169 epoch=2 pause_ms=0
CAPTURE_CLOSED i=7170 epoch=3 pause_ms=0
CAPTURE_CLOSED i=7171 epoch=4 pause_ms=0
CAPTURE_CLOSED i=7172 epoch=5 pause_ms=0
CAPTURE_CLOSED i=7173 epoch=6 pause_ms=0
CAPTURE_CLOSED i=7174 epoch=7 pause_ms=0
CAPTURE_CLOSED i=7175 epoch=8 pause_ms=0
CAPTURE_CLOSED i=7176 epoch=9 pause_ms=0
CAPTURE_CLOSED i=7177 epoch=10 pause_ms=0
CAPTURE_CLOSED i=7178 epoch=11 pause_ms=0
CAPTURE_CLOSED i=7179 epoch=12 pause_ms=0
CAPTURE_CLOSED i=7180 epoch=13 pause_ms=0
CAPTURE_CLOSED i=7181 epoch=14 pause_ms=0
CAPTURE_CLOSED i=7182 epoch=15 pause_ms=0
CAPTURE_CLOSED i=7183 epoch=16 pause_ms=0
CAPTURE_CLOSED i=7184 epoch=17 pause_ms=0
CAPTURE_CLOSED i=7185 epoch=18 pause_ms=0
CAPTURE_CLOSED i=7186 epoch=19 pause_ms=0
CAPTURE_CLOSED i=7187 epoch=20 pause_ms=0
CAPTURE_CLOSED i=7188 epoch=21 pause_ms=0
CAPTURE_CLOSED i=7189 epoch=22 pause_ms=0
CAPTURE_CLOSED i=7190 epoch=23 pause_ms=0
CAPTURE_CLOSED i=7191 epoch=24 pause_ms=0
CAPTURE_CLOSED i=7192 epoch=25 pause_ms=0
CAPTURE_CLOSED i=7193 epoch=26 pause_ms=0
CAPTURE_CLOSED i=7194 epoch=27 pause_ms=0
CAPTURE_CLOSED i=7195 epoch=28 pause_ms=0
CAPTURE_CLOSED i=7196 epoch=29 pause_ms=0
CAPTURE_CLOSED i=7197 epoch=30 pause_ms=0
CAPTURE_CLOSED i=7198 epoch=31 pause_ms=0
TRACE_SPI txn=7200 writes=24 host_observed_write_us=15492.789 post_spi_to_tune_return_us=3416.946
CAPTURE_CLOSED i=7199 epoch=32 pause_ms=0
mode=BOTH progress=7200 unrecovered=0 first_read_faults=0 recovered=0 last_epoch=32
CAPTURE_CLOSED i=7200 epoch=33 pause_ms=0
CAPTURE_CLOSED i=7201 epoch=34 pause_ms=0
CAPTURE_CLOSED i=7202 epoch=35 pause_ms=0
CAPTURE_CLOSED i=7203 epoch=36 pause_ms=0
CAPTURE_CLOSED i=7204 epoch=37 pause_ms=0
CAPTURE_CLOSED i=7205 epoch=38 pause_ms=0
CAPTURE_CLOSED i=7206 epoch=39 pause_ms=0
CAPTURE_CLOSED i=7207 epoch=40 pause_ms=0
CAPTURE_CLOSED i=7208 epoch=41 pause_ms=0
CAPTURE_CLOSED i=7209 epoch=42 pause_ms=0
CAPTURE_CLOSED i=7210 epoch=43 pause_ms=0
CAPTURE_CLOSED i=7211 epoch=44 pause_ms=0
CAPTURE_CLOSED i=7212 epoch=45 pause_ms=0
CAPTURE_CLOSED i=7213 epoch=46 pause_ms=0
CAPTURE_CLOSED i=7214 epoch=47 pause_ms=0
CAPTURE_CLOSED i=7215 epoch=48 pause_ms=0
CAPTURE_CLOSED i=7216 epoch=49 pause_ms=0
CAPTURE_CLOSED i=7217 epoch=50 pause_ms=0
CAPTURE_CLOSED i=7218 epoch=51 pause_ms=0
CAPTURE_CLOSED i=7219 epoch=52 pause_ms=0
CAPTURE_CLOSED i=7220 epoch=53 pause_ms=0
CAPTURE_CLOSED i=7221 epoch=54 pause_ms=0
CAPTURE_CLOSED i=7222 epoch=55 pause_ms=0
CAPTURE_CLOSED i=7223 epoch=56 pause_ms=0
CAPTURE_CLOSED i=7224 epoch=57 pause_ms=0
CAPTURE_CLOSED i=7225 epoch=58 pause_ms=0
CAPTURE_CLOSED i=7226 epoch=59 pause_ms=0
CAPTURE_CLOSED i=7227 epoch=60 pause_ms=0
CAPTURE_CLOSED i=7228 epoch=61 pause_ms=0
CAPTURE_CLOSED i=7229 epoch=62 pause_ms=0
CAPTURE_CLOSED i=7230 epoch=63 pause_ms=0
CAPTURE_CLOSED i=7231 epoch=64 pause_ms=0
CAPTURE_CLOSED i=7232 epoch=65 pause_ms=0
CAPTURE_CLOSED i=7233 epoch=66 pause_ms=0
CAPTURE_CLOSED i=7234 epoch=67 pause_ms=0
CAPTURE_CLOSED i=7235 epoch=68 pause_ms=0
CAPTURE_CLOSED i=7236 epoch=69 pause_ms=0
CAPTURE_CLOSED i=7237 epoch=70 pause_ms=0
CAPTURE_CLOSED i=7238 epoch=71 pause_ms=0
CAPTURE_CLOSED i=7239 epoch=72 pause_ms=0
CAPTURE_CLOSED i=7240 epoch=73 pause_ms=0
CAPTURE_CLOSED i=7241 epoch=74 pause_ms=0
CAPTURE_CLOSED i=7242 epoch=75 pause_ms=0
CAPTURE_CLOSED i=7243 epoch=76 pause_ms=0
CAPTURE_CLOSED i=7244 epoch=77 pause_ms=0
CAPTURE_CLOSED i=7245 epoch=78 pause_ms=0
CAPTURE_CLOSED i=7246 epoch=79 pause_ms=0
CAPTURE_CLOSED i=7247 epoch=80 pause_ms=0
CAPTURE_CLOSED i=7248 epoch=81 pause_ms=0
CAPTURE_CLOSED i=7249 epoch=82 pause_ms=0
CAPTURE_CLOSED i=7250 epoch=83 pause_ms=0
CAPTURE_CLOSED i=7251 epoch=84 pause_ms=0
CAPTURE_CLOSED i=7252 epoch=85 pause_ms=0
CAPTURE_CLOSED i=7253 epoch=86 pause_ms=0
CAPTURE_CLOSED i=7254 epoch=87 pause_ms=0
CAPTURE_CLOSED i=7255 epoch=88 pause_ms=0
CAPTURE_CLOSED i=7256 epoch=89 pause_ms=0
CAPTURE_CLOSED i=7257 epoch=90 pause_ms=0
CAPTURE_CLOSED i=7258 epoch=91 pause_ms=0
CAPTURE_CLOSED i=7259 epoch=92 pause_ms=0
CAPTURE_CLOSED i=7260 epoch=93 pause_ms=0
CAPTURE_CLOSED i=7261 epoch=94 pause_ms=0
CAPTURE_CLOSED i=7262 epoch=95 pause_ms=0
CAPTURE_CLOSED i=7263 epoch=96 pause_ms=0
CAPTURE_CLOSED i=7264 epoch=97 pause_ms=0
CAPTURE_CLOSED i=7265 epoch=98 pause_ms=0
CAPTURE_CLOSED i=7266 epoch=99 pause_ms=0
CAPTURE_CLOSED i=7267 epoch=100 pause_ms=0
CAPTURE_CLOSED i=7268 epoch=101 pause_ms=0
CAPTURE_CLOSED i=7269 epoch=102 pause_ms=0
CAPTURE_CLOSED i=7270 epoch=103 pause_ms=0
CAPTURE_CLOSED i=7271 epoch=104 pause_ms=0
CAPTURE_CLOSED i=7272 epoch=105 pause_ms=0
CAPTURE_CLOSED i=7273 epoch=106 pause_ms=0
CAPTURE_CLOSED i=7274 epoch=107 pause_ms=0
CAPTURE_CLOSED i=7275 epoch=108 pause_ms=0
CAPTURE_CLOSED i=7276 epoch=109 pause_ms=0
CAPTURE_CLOSED i=7277 epoch=110 pause_ms=0
CAPTURE_CLOSED i=7278 epoch=111 pause_ms=0
CAPTURE_CLOSED i=7279 epoch=112 pause_ms=0
CAPTURE_CLOSED i=7280 epoch=113 pause_ms=0
CAPTURE_CLOSED i=7281 epoch=114 pause_ms=0
CAPTURE_CLOSED i=7282 epoch=115 pause_ms=0
CAPTURE_CLOSED i=7283 epoch=116 pause_ms=0
CAPTURE_CLOSED i=7284 epoch=117 pause_ms=0
CAPTURE_CLOSED i=7285 epoch=118 pause_ms=0
CAPTURE_CLOSED i=7286 epoch=119 pause_ms=0
CAPTURE_CLOSED i=7287 epoch=120 pause_ms=0
CAPTURE_CLOSED i=7288 epoch=121 pause_ms=0
CAPTURE_CLOSED i=7289 epoch=122 pause_ms=0
CAPTURE_CLOSED i=7290 epoch=123 pause_ms=0
CAPTURE_CLOSED i=7291 epoch=124 pause_ms=0
CAPTURE_CLOSED i=7292 epoch=125 pause_ms=0
CAPTURE_CLOSED i=7293 epoch=126 pause_ms=0
CAPTURE_CLOSED i=7294 epoch=127 pause_ms=0
CAPTURE_CLOSED i=7295 epoch=128 pause_ms=0
CAPTURE_CLOSED i=7296 epoch=129 pause_ms=0
CAPTURE_CLOSED i=7297 epoch=130 pause_ms=0
CAPTURE_CLOSED i=7298 epoch=131 pause_ms=0
TRACE_SPI txn=7300 writes=24 host_observed_write_us=15521.884 post_spi_to_tune_return_us=3637.748
CAPTURE_CLOSED i=7299 epoch=132 pause_ms=0
mode=BOTH progress=7300 unrecovered=0 first_read_faults=0 recovered=0 last_epoch=132
CAPTURE_CLOSED i=7300 epoch=133 pause_ms=0
CAPTURE_CLOSED i=7301 epoch=134 pause_ms=0
CAPTURE_CLOSED i=7302 epoch=135 pause_ms=0
CAPTURE_CLOSED i=7303 epoch=136 pause_ms=0
CAPTURE_CLOSED i=7304 epoch=137 pause_ms=0
CAPTURE_CLOSED i=7305 epoch=138 pause_ms=0
CAPTURE_CLOSED i=7306 epoch=139 pause_ms=0
CAPTURE_CLOSED i=7307 epoch=140 pause_ms=0
CAPTURE_CLOSED i=7308 epoch=141 pause_ms=0
CAPTURE_CLOSED i=7309 epoch=142 pause_ms=0
CAPTURE_CLOSED i=7310 epoch=143 pause_ms=0
CAPTURE_CLOSED i=7311 epoch=144 pause_ms=0
CAPTURE_CLOSED i=7312 epoch=145 pause_ms=0
CAPTURE_CLOSED i=7313 epoch=146 pause_ms=0
CAPTURE_CLOSED i=7314 epoch=147 pause_ms=0
CAPTURE_CLOSED i=7315 epoch=148 pause_ms=0
CAPTURE_CLOSED i=7316 epoch=149 pause_ms=0
CAPTURE_CLOSED i=7317 epoch=150 pause_ms=0
CAPTURE_CLOSED i=7318 epoch=151 pause_ms=0
CAPTURE_CLOSED i=7319 epoch=152 pause_ms=0
CAPTURE_CLOSED i=7320 epoch=153 pause_ms=0
CAPTURE_CLOSED i=7321 epoch=154 pause_ms=0
CAPTURE_CLOSED i=7322 epoch=155 pause_ms=0
CAPTURE_CLOSED i=7323 epoch=156 pause_ms=0
CAPTURE_CLOSED i=7324 epoch=157 pause_ms=0
CAPTURE_CLOSED i=7325 epoch=158 pause_ms=0
CAPTURE_CLOSED i=7326 epoch=159 pause_ms=0
CAPTURE_CLOSED i=7327 epoch=160 pause_ms=0
CAPTURE_CLOSED i=7328 epoch=161 pause_ms=0
CAPTURE_CLOSED i=7329 epoch=162 pause_ms=0
CAPTURE_CLOSED i=7330 epoch=163 pause_ms=0
CAPTURE_CLOSED i=7331 epoch=164 pause_ms=0
CAPTURE_CLOSED i=7332 epoch=165 pause_ms=0
CAPTURE_CLOSED i=7333 epoch=166 pause_ms=0
CAPTURE_CLOSED i=7334 epoch=167 pause_ms=0
CAPTURE_CLOSED i=7335 epoch=168 pause_ms=0
CAPTURE_CLOSED i=7336 epoch=169 pause_ms=0
CAPTURE_CLOSED i=7337 epoch=170 pause_ms=0
CAPTURE_CLOSED i=7338 epoch=171 pause_ms=0
CAPTURE_CLOSED i=7339 epoch=172 pause_ms=0
CAPTURE_CLOSED i=7340 epoch=173 pause_ms=0
CAPTURE_CLOSED i=7341 epoch=174 pause_ms=0
CAPTURE_CLOSED i=7342 epoch=175 pause_ms=0
CAPTURE_CLOSED i=7343 epoch=176 pause_ms=0
CAPTURE_CLOSED i=7344 epoch=177 pause_ms=0
CAPTURE_CLOSED i=7345 epoch=178 pause_ms=0
CAPTURE_CLOSED i=7346 epoch=179 pause_ms=0
CAPTURE_CLOSED i=7347 epoch=180 pause_ms=0
CAPTURE_CLOSED i=7348 epoch=181 pause_ms=0
CAPTURE_CLOSED i=7349 epoch=182 pause_ms=0
CAPTURE_CLOSED i=7350 epoch=183 pause_ms=0
CAPTURE_CLOSED i=7351 epoch=184 pause_ms=0
CAPTURE_CLOSED i=7352 epoch=185 pause_ms=0
CAPTURE_CLOSED i=7353 epoch=186 pause_ms=0
CAPTURE_CLOSED i=7354 epoch=187 pause_ms=0
CAPTURE_CLOSED i=7355 epoch=188 pause_ms=0
CAPTURE_CLOSED i=7356 epoch=189 pause_ms=0
CAPTURE_CLOSED i=7357 epoch=190 pause_ms=0
CAPTURE_CLOSED i=7358 epoch=191 pause_ms=0
CAPTURE_CLOSED i=7359 epoch=192 pause_ms=0
CAPTURE_CLOSED i=7360 epoch=193 pause_ms=0
CAPTURE_CLOSED i=7361 epoch=194 pause_ms=0
CAPTURE_CLOSED i=7362 epoch=195 pause_ms=0
CAPTURE_CLOSED i=7363 epoch=196 pause_ms=0
CAPTURE_CLOSED i=7364 epoch=197 pause_ms=0
CAPTURE_CLOSED i=7365 epoch=198 pause_ms=0
CAPTURE_CLOSED i=7366 epoch=199 pause_ms=0
CAPTURE_CLOSED i=7367 epoch=200 pause_ms=0
CAPTURE_CLOSED i=7368 epoch=201 pause_ms=0
CAPTURE_CLOSED i=7369 epoch=202 pause_ms=0
CAPTURE_CLOSED i=7370 epoch=203 pause_ms=0
CAPTURE_CLOSED i=7371 epoch=204 pause_ms=0
CAPTURE_CLOSED i=7372 epoch=205 pause_ms=0
CAPTURE_CLOSED i=7373 epoch=206 pause_ms=0
CAPTURE_CLOSED i=7374 epoch=207 pause_ms=0
CAPTURE_CLOSED i=7375 epoch=208 pause_ms=0
CAPTURE_CLOSED i=7376 epoch=209 pause_ms=0
CAPTURE_CLOSED i=7377 epoch=210 pause_ms=0
CAPTURE_CLOSED i=7378 epoch=211 pause_ms=0
CAPTURE_CLOSED i=7379 epoch=212 pause_ms=0
CAPTURE_CLOSED i=7380 epoch=213 pause_ms=0
CAPTURE_CLOSED i=7381 epoch=214 pause_ms=0
CAPTURE_CLOSED i=7382 epoch=215 pause_ms=0
CAPTURE_CLOSED i=7383 epoch=216 pause_ms=0
CAPTURE_CLOSED i=7384 epoch=217 pause_ms=0
CAPTURE_CLOSED i=7385 epoch=218 pause_ms=0
CAPTURE_CLOSED i=7386 epoch=219 pause_ms=0
CAPTURE_CLOSED i=7387 epoch=220 pause_ms=0
CAPTURE_CLOSED i=7388 epoch=221 pause_ms=0
CAPTURE_CLOSED i=7389 epoch=222 pause_ms=0
CAPTURE_CLOSED i=7390 epoch=223 pause_ms=0
CAPTURE_CLOSED i=7391 epoch=224 pause_ms=0
CAPTURE_CLOSED i=7392 epoch=225 pause_ms=0
CAPTURE_CLOSED i=7393 epoch=226 pause_ms=0
CAPTURE_CLOSED i=7394 epoch=227 pause_ms=0
CAPTURE_CLOSED i=7395 epoch=228 pause_ms=0
CAPTURE_CLOSED i=7396 epoch=229 pause_ms=0
CAPTURE_CLOSED i=7397 epoch=230 pause_ms=0
CAPTURE_CLOSED i=7398 epoch=231 pause_ms=0
TRACE_SPI txn=7400 writes=24 host_observed_write_us=15518.073 post_spi_to_tune_return_us=3505.599
CAPTURE_CLOSED i=7399 epoch=232 pause_ms=0
mode=BOTH progress=7400 unrecovered=0 first_read_faults=0 recovered=0 last_epoch=232
CAPTURE_CLOSED i=7400 epoch=233 pause_ms=0
CAPTURE_CLOSED i=7401 epoch=234 pause_ms=0
CAPTURE_CLOSED i=7402 epoch=235 pause_ms=0
CAPTURE_CLOSED i=7403 epoch=236 pause_ms=0
CAPTURE_CLOSED i=7404 epoch=237 pause_ms=0
CAPTURE_CLOSED i=7405 epoch=238 pause_ms=0
CAPTURE_CLOSED i=7406 epoch=239 pause_ms=0
CAPTURE_CLOSED i=7407 epoch=240 pause_ms=0
CAPTURE_CLOSED i=7408 epoch=241 pause_ms=0
CAPTURE_CLOSED i=7409 epoch=242 pause_ms=0
CAPTURE_CLOSED i=7410 epoch=243 pause_ms=0
CAPTURE_CLOSED i=7411 epoch=244 pause_ms=0
CAPTURE_CLOSED i=7412 epoch=245 pause_ms=0
CAPTURE_CLOSED i=7413 epoch=246 pause_ms=0
CAPTURE_CLOSED i=7414 epoch=247 pause_ms=0
CAPTURE_CLOSED i=7415 epoch=248 pause_ms=0
CAPTURE_CLOSED i=7416 epoch=249 pause_ms=0
CAPTURE_CLOSED i=7417 epoch=250 pause_ms=0
CAPTURE_CLOSED i=7418 epoch=251 pause_ms=0
CAPTURE_CLOSED i=7419 epoch=252 pause_ms=0
CAPTURE_CLOSED i=7420 epoch=253 pause_ms=0
CAPTURE_CLOSED i=7421 epoch=254 pause_ms=0
CAPTURE_CLOSED i=7422 epoch=255 pause_ms=0
CAPTURE_CLOSED i=7423 epoch=0 pause_ms=0
CAPTURE_CLOSED i=7424 epoch=1 pause_ms=0
CAPTURE_CLOSED i=7425 epoch=2 pause_ms=0
CAPTURE_CLOSED i=7426 epoch=3 pause_ms=0
CAPTURE_CLOSED i=7427 epoch=4 pause_ms=0
CAPTURE_CLOSED i=7428 epoch=5 pause_ms=0
CAPTURE_CLOSED i=7429 epoch=6 pause_ms=0
CAPTURE_CLOSED i=7430 epoch=7 pause_ms=0
CAPTURE_CLOSED i=7431 epoch=8 pause_ms=0
CAPTURE_CLOSED i=7432 epoch=9 pause_ms=0
CAPTURE_CLOSED i=7433 epoch=10 pause_ms=0
CAPTURE_CLOSED i=7434 epoch=11 pause_ms=0
CAPTURE_CLOSED i=7435 epoch=12 pause_ms=0
CAPTURE_CLOSED i=7436 epoch=13 pause_ms=0
CAPTURE_CLOSED i=7437 epoch=14 pause_ms=0
CAPTURE_CLOSED i=7438 epoch=15 pause_ms=0
CAPTURE_CLOSED i=7439 epoch=16 pause_ms=0
CAPTURE_CLOSED i=7440 epoch=17 pause_ms=0
CAPTURE_CLOSED i=7441 epoch=18 pause_ms=0
CAPTURE_CLOSED i=7442 epoch=19 pause_ms=0
CAPTURE_CLOSED i=7443 epoch=20 pause_ms=0
CAPTURE_CLOSED i=7444 epoch=21 pause_ms=0
CAPTURE_CLOSED i=7445 epoch=22 pause_ms=0
CAPTURE_CLOSED i=7446 epoch=23 pause_ms=0
CAPTURE_CLOSED i=7447 epoch=24 pause_ms=0
CAPTURE_CLOSED i=7448 epoch=25 pause_ms=0
CAPTURE_CLOSED i=7449 epoch=26 pause_ms=0
CAPTURE_CLOSED i=7450 epoch=27 pause_ms=0
CAPTURE_CLOSED i=7451 epoch=28 pause_ms=0
CAPTURE_CLOSED i=7452 epoch=29 pause_ms=0
CAPTURE_CLOSED i=7453 epoch=30 pause_ms=0
CAPTURE_CLOSED i=7454 epoch=31 pause_ms=0
CAPTURE_CLOSED i=7455 epoch=32 pause_ms=0
CAPTURE_CLOSED i=7456 epoch=33 pause_ms=0
CAPTURE_CLOSED i=7457 epoch=34 pause_ms=0
CAPTURE_CLOSED i=7458 epoch=35 pause_ms=0
CAPTURE_CLOSED i=7459 epoch=36 pause_ms=0
CAPTURE_CLOSED i=7460 epoch=37 pause_ms=0
CAPTURE_CLOSED i=7461 epoch=38 pause_ms=0
CAPTURE_CLOSED i=7462 epoch=39 pause_ms=0
CAPTURE_CLOSED i=7463 epoch=40 pause_ms=0
CAPTURE_CLOSED i=7464 epoch=41 pause_ms=0
CAPTURE_CLOSED i=7465 epoch=42 pause_ms=0
CAPTURE_CLOSED i=7466 epoch=43 pause_ms=0
CAPTURE_CLOSED i=7467 epoch=44 pause_ms=0
CAPTURE_CLOSED i=7468 epoch=45 pause_ms=0
CAPTURE_CLOSED i=7469 epoch=46 pause_ms=0
CAPTURE_CLOSED i=7470 epoch=47 pause_ms=0
CAPTURE_CLOSED i=7471 epoch=48 pause_ms=0
CAPTURE_CLOSED i=7472 epoch=49 pause_ms=0
CAPTURE_CLOSED i=7473 epoch=50 pause_ms=0
CAPTURE_CLOSED i=7474 epoch=51 pause_ms=0
CAPTURE_CLOSED i=7475 epoch=52 pause_ms=0
CAPTURE_CLOSED i=7476 epoch=53 pause_ms=0
CAPTURE_CLOSED i=7477 epoch=54 pause_ms=0
CAPTURE_CLOSED i=7478 epoch=55 pause_ms=0
CAPTURE_CLOSED i=7479 epoch=56 pause_ms=0
CAPTURE_CLOSED i=7480 epoch=57 pause_ms=0
CAPTURE_CLOSED i=7481 epoch=58 pause_ms=0
CAPTURE_CLOSED i=7482 epoch=59 pause_ms=0
CAPTURE_CLOSED i=7483 epoch=60 pause_ms=0
CAPTURE_CLOSED i=7484 epoch=61 pause_ms=0
CAPTURE_CLOSED i=7485 epoch=62 pause_ms=0
CAPTURE_CLOSED i=7486 epoch=63 pause_ms=0
CAPTURE_CLOSED i=7487 epoch=64 pause_ms=0
CAPTURE_CLOSED i=7488 epoch=65 pause_ms=0
CAPTURE_CLOSED i=7489 epoch=66 pause_ms=0
CAPTURE_CLOSED i=7490 epoch=67 pause_ms=0
CAPTURE_CLOSED i=7491 epoch=68 pause_ms=0
CAPTURE_CLOSED i=7492 epoch=69 pause_ms=0
CAPTURE_CLOSED i=7493 epoch=70 pause_ms=0
CAPTURE_CLOSED i=7494 epoch=71 pause_ms=0
CAPTURE_CLOSED i=7495 epoch=72 pause_ms=0
CAPTURE_CLOSED i=7496 epoch=73 pause_ms=0
CAPTURE_CLOSED i=7497 epoch=74 pause_ms=0
CAPTURE_CLOSED i=7498 epoch=75 pause_ms=0
TRACE_SPI txn=7500 writes=24 host_observed_write_us=15528.007 post_spi_to_tune_return_us=3501.520
CAPTURE_CLOSED i=7499 epoch=76 pause_ms=0
mode=BOTH progress=7500 unrecovered=0 first_read_faults=0 recovered=0 last_epoch=76
CAPTURE_CLOSED i=7500 epoch=77 pause_ms=0
CAPTURE_CLOSED i=7501 epoch=78 pause_ms=0
CAPTURE_CLOSED i=7502 epoch=79 pause_ms=0
CAPTURE_CLOSED i=7503 epoch=80 pause_ms=0
CAPTURE_CLOSED i=7504 epoch=81 pause_ms=0
CAPTURE_CLOSED i=7505 epoch=82 pause_ms=0
CAPTURE_CLOSED i=7506 epoch=83 pause_ms=0
CAPTURE_CLOSED i=7507 epoch=84 pause_ms=0
CAPTURE_CLOSED i=7508 epoch=85 pause_ms=0
CAPTURE_CLOSED i=7509 epoch=86 pause_ms=0
CAPTURE_CLOSED i=7510 epoch=87 pause_ms=0
CAPTURE_CLOSED i=7511 epoch=88 pause_ms=0
CAPTURE_CLOSED i=7512 epoch=89 pause_ms=0
CAPTURE_CLOSED i=7513 epoch=90 pause_ms=0
CAPTURE_CLOSED i=7514 epoch=91 pause_ms=0
CAPTURE_CLOSED i=7515 epoch=92 pause_ms=0
CAPTURE_CLOSED i=7516 epoch=93 pause_ms=0
CAPTURE_CLOSED i=7517 epoch=94 pause_ms=0
CAPTURE_CLOSED i=7518 epoch=95 pause_ms=0
CAPTURE_CLOSED i=7519 epoch=96 pause_ms=0
CAPTURE_CLOSED i=7520 epoch=97 pause_ms=0
CAPTURE_CLOSED i=7521 epoch=98 pause_ms=0
CAPTURE_CLOSED i=7522 epoch=99 pause_ms=0
CAPTURE_CLOSED i=7523 epoch=100 pause_ms=0
CAPTURE_CLOSED i=7524 epoch=101 pause_ms=0
CAPTURE_CLOSED i=7525 epoch=102 pause_ms=0
CAPTURE_CLOSED i=7526 epoch=103 pause_ms=0
CAPTURE_CLOSED i=7527 epoch=104 pause_ms=0
CAPTURE_CLOSED i=7528 epoch=105 pause_ms=0
CAPTURE_CLOSED i=7529 epoch=106 pause_ms=0
CAPTURE_CLOSED i=7530 epoch=107 pause_ms=0
CAPTURE_CLOSED i=7531 epoch=108 pause_ms=0
CAPTURE_CLOSED i=7532 epoch=109 pause_ms=0
CAPTURE_CLOSED i=7533 epoch=110 pause_ms=0
CAPTURE_CLOSED i=7534 epoch=111 pause_ms=0
CAPTURE_CLOSED i=7535 epoch=112 pause_ms=0
CAPTURE_CLOSED i=7536 epoch=113 pause_ms=0
CAPTURE_CLOSED i=7537 epoch=114 pause_ms=0
CAPTURE_CLOSED i=7538 epoch=115 pause_ms=0
CAPTURE_CLOSED i=7539 epoch=116 pause_ms=0
CAPTURE_CLOSED i=7540 epoch=117 pause_ms=0
CAPTURE_CLOSED i=7541 epoch=118 pause_ms=0
CAPTURE_CLOSED i=7542 epoch=119 pause_ms=0
CAPTURE_CLOSED i=7543 epoch=120 pause_ms=0
CAPTURE_CLOSED i=7544 epoch=121 pause_ms=0
CAPTURE_CLOSED i=7545 epoch=122 pause_ms=0
CAPTURE_CLOSED i=7546 epoch=123 pause_ms=0
CAPTURE_CLOSED i=7547 epoch=124 pause_ms=0
CAPTURE_CLOSED i=7548 epoch=125 pause_ms=0
CAPTURE_CLOSED i=7549 epoch=126 pause_ms=0
CAPTURE_CLOSED i=7550 epoch=127 pause_ms=0
CAPTURE_CLOSED i=7551 epoch=128 pause_ms=0
CAPTURE_CLOSED i=7552 epoch=129 pause_ms=0
CAPTURE_CLOSED i=7553 epoch=130 pause_ms=0
CAPTURE_CLOSED i=7554 epoch=131 pause_ms=0
CAPTURE_CLOSED i=7555 epoch=132 pause_ms=0
CAPTURE_CLOSED i=7556 epoch=133 pause_ms=0
CAPTURE_CLOSED i=7557 epoch=134 pause_ms=0
CAPTURE_CLOSED i=7558 epoch=135 pause_ms=0
CAPTURE_CLOSED i=7559 epoch=136 pause_ms=0
CAPTURE_CLOSED i=7560 epoch=137 pause_ms=0
CAPTURE_CLOSED i=7561 epoch=138 pause_ms=0
CAPTURE_CLOSED i=7562 epoch=139 pause_ms=0
CAPTURE_CLOSED i=7563 epoch=140 pause_ms=0
CAPTURE_CLOSED i=7564 epoch=141 pause_ms=0
CAPTURE_CLOSED i=7565 epoch=142 pause_ms=0
CAPTURE_CLOSED i=7566 epoch=143 pause_ms=0
CAPTURE_CLOSED i=7567 epoch=144 pause_ms=0
CAPTURE_CLOSED i=7568 epoch=145 pause_ms=0
CAPTURE_CLOSED i=7569 epoch=146 pause_ms=0
CAPTURE_CLOSED i=7570 epoch=147 pause_ms=0
CAPTURE_CLOSED i=7571 epoch=148 pause_ms=0
CAPTURE_CLOSED i=7572 epoch=149 pause_ms=0
CAPTURE_CLOSED i=7573 epoch=150 pause_ms=0
CAPTURE_CLOSED i=7574 epoch=151 pause_ms=0
CAPTURE_CLOSED i=7575 epoch=152 pause_ms=0
CAPTURE_CLOSED i=7576 epoch=153 pause_ms=0
CAPTURE_CLOSED i=7577 epoch=154 pause_ms=0
CAPTURE_CLOSED i=7578 epoch=155 pause_ms=0
CAPTURE_CLOSED i=7579 epoch=156 pause_ms=0
CAPTURE_CLOSED i=7580 epoch=157 pause_ms=0
CAPTURE_CLOSED i=7581 epoch=158 pause_ms=0
CAPTURE_CLOSED i=7582 epoch=159 pause_ms=0
CAPTURE_CLOSED i=7583 epoch=160 pause_ms=0
CAPTURE_CLOSED i=7584 epoch=161 pause_ms=0
CAPTURE_CLOSED i=7585 epoch=162 pause_ms=0
CAPTURE_CLOSED i=7586 epoch=163 pause_ms=0
CAPTURE_CLOSED i=7587 epoch=164 pause_ms=0
CAPTURE_CLOSED i=7588 epoch=165 pause_ms=0
CAPTURE_CLOSED i=7589 epoch=166 pause_ms=0
CAPTURE_CLOSED i=7590 epoch=167 pause_ms=0
CAPTURE_CLOSED i=7591 epoch=168 pause_ms=0
CAPTURE_CLOSED i=7592 epoch=169 pause_ms=0
CAPTURE_CLOSED i=7593 epoch=170 pause_ms=0
CAPTURE_CLOSED i=7594 epoch=171 pause_ms=0
CAPTURE_CLOSED i=7595 epoch=172 pause_ms=0
CAPTURE_CLOSED i=7596 epoch=173 pause_ms=0
CAPTURE_CLOSED i=7597 epoch=174 pause_ms=0
CAPTURE_CLOSED i=7598 epoch=175 pause_ms=0
TRACE_SPI txn=7600 writes=24 host_observed_write_us=15658.937 post_spi_to_tune_return_us=3504.444
CAPTURE_CLOSED i=7599 epoch=176 pause_ms=0
mode=BOTH progress=7600 unrecovered=0 first_read_faults=0 recovered=0 last_epoch=176
CAPTURE_CLOSED i=7600 epoch=177 pause_ms=0
CAPTURE_CLOSED i=7601 epoch=178 pause_ms=0
CAPTURE_CLOSED i=7602 epoch=179 pause_ms=0
CAPTURE_CLOSED i=7603 epoch=180 pause_ms=0
CAPTURE_CLOSED i=7604 epoch=181 pause_ms=0
CAPTURE_CLOSED i=7605 epoch=182 pause_ms=0
CAPTURE_CLOSED i=7606 epoch=183 pause_ms=0
CAPTURE_CLOSED i=7607 epoch=184 pause_ms=0
CAPTURE_CLOSED i=7608 epoch=185 pause_ms=0
CAPTURE_CLOSED i=7609 epoch=186 pause_ms=0
CAPTURE_CLOSED i=7610 epoch=187 pause_ms=0
CAPTURE_CLOSED i=7611 epoch=188 pause_ms=0
CAPTURE_CLOSED i=7612 epoch=189 pause_ms=0
CAPTURE_CLOSED i=7613 epoch=190 pause_ms=0
CAPTURE_CLOSED i=7614 epoch=191 pause_ms=0
CAPTURE_CLOSED i=7615 epoch=192 pause_ms=0
CAPTURE_CLOSED i=7616 epoch=193 pause_ms=0
CAPTURE_CLOSED i=7617 epoch=194 pause_ms=0
CAPTURE_CLOSED i=7618 epoch=195 pause_ms=0
CAPTURE_CLOSED i=7619 epoch=196 pause_ms=0
CAPTURE_CLOSED i=7620 epoch=197 pause_ms=0
CAPTURE_CLOSED i=7621 epoch=198 pause_ms=0
CAPTURE_CLOSED i=7622 epoch=199 pause_ms=0
CAPTURE_CLOSED i=7623 epoch=200 pause_ms=0
CAPTURE_CLOSED i=7624 epoch=201 pause_ms=0
CAPTURE_CLOSED i=7625 epoch=202 pause_ms=0
CAPTURE_CLOSED i=7626 epoch=203 pause_ms=0
CAPTURE_CLOSED i=7627 epoch=204 pause_ms=0
CAPTURE_CLOSED i=7628 epoch=205 pause_ms=0
CAPTURE_CLOSED i=7629 epoch=206 pause_ms=0
CAPTURE_CLOSED i=7630 epoch=207 pause_ms=0
CAPTURE_CLOSED i=7631 epoch=208 pause_ms=0
CAPTURE_CLOSED i=7632 epoch=209 pause_ms=0
CAPTURE_CLOSED i=7633 epoch=210 pause_ms=0
CAPTURE_CLOSED i=7634 epoch=211 pause_ms=0
CAPTURE_CLOSED i=7635 epoch=212 pause_ms=0
CAPTURE_CLOSED i=7636 epoch=213 pause_ms=0
CAPTURE_CLOSED i=7637 epoch=214 pause_ms=0
CAPTURE_CLOSED i=7638 epoch=215 pause_ms=0
CAPTURE_CLOSED i=7639 epoch=216 pause_ms=0
CAPTURE_CLOSED i=7640 epoch=217 pause_ms=0
CAPTURE_CLOSED i=7641 epoch=218 pause_ms=0
CAPTURE_CLOSED i=7642 epoch=219 pause_ms=0
CAPTURE_CLOSED i=7643 epoch=220 pause_ms=0
CAPTURE_CLOSED i=7644 epoch=221 pause_ms=0
CAPTURE_CLOSED i=7645 epoch=222 pause_ms=0
CAPTURE_CLOSED i=7646 epoch=223 pause_ms=0
CAPTURE_CLOSED i=7647 epoch=224 pause_ms=0
CAPTURE_CLOSED i=7648 epoch=225 pause_ms=0
CAPTURE_CLOSED i=7649 epoch=226 pause_ms=0
CAPTURE_CLOSED i=7650 epoch=227 pause_ms=0
CAPTURE_CLOSED i=7651 epoch=228 pause_ms=0
CAPTURE_CLOSED i=7652 epoch=229 pause_ms=0
CAPTURE_CLOSED i=7653 epoch=230 pause_ms=0
CAPTURE_CLOSED i=7654 epoch=231 pause_ms=0
CAPTURE_CLOSED i=7655 epoch=232 pause_ms=0
CAPTURE_CLOSED i=7656 epoch=233 pause_ms=0
CAPTURE_CLOSED i=7657 epoch=234 pause_ms=0
CAPTURE_CLOSED i=7658 epoch=235 pause_ms=0
CAPTURE_CLOSED i=7659 epoch=236 pause_ms=0
CAPTURE_CLOSED i=7660 epoch=237 pause_ms=0
CAPTURE_CLOSED i=7661 epoch=238 pause_ms=0
CAPTURE_CLOSED i=7662 epoch=239 pause_ms=0
CAPTURE_CLOSED i=7663 epoch=240 pause_ms=0
CAPTURE_CLOSED i=7664 epoch=241 pause_ms=0
CAPTURE_CLOSED i=7665 epoch=242 pause_ms=0
CAPTURE_CLOSED i=7666 epoch=243 pause_ms=0
CAPTURE_CLOSED i=7667 epoch=244 pause_ms=0
CAPTURE_CLOSED i=7668 epoch=245 pause_ms=0
CAPTURE_CLOSED i=7669 epoch=246 pause_ms=0
CAPTURE_CLOSED i=7670 epoch=247 pause_ms=0
CAPTURE_CLOSED i=7671 epoch=248 pause_ms=0
CAPTURE_CLOSED i=7672 epoch=249 pause_ms=0
CAPTURE_CLOSED i=7673 epoch=250 pause_ms=0
CAPTURE_CLOSED i=7674 epoch=251 pause_ms=0
CAPTURE_CLOSED i=7675 epoch=252 pause_ms=0
CAPTURE_CLOSED i=7676 epoch=253 pause_ms=0
CAPTURE_CLOSED i=7677 epoch=254 pause_ms=0
CAPTURE_CLOSED i=7678 epoch=255 pause_ms=0
CAPTURE_CLOSED i=7679 epoch=0 pause_ms=0
CAPTURE_CLOSED i=7680 epoch=1 pause_ms=0
CAPTURE_CLOSED i=7681 epoch=2 pause_ms=0
CAPTURE_CLOSED i=7682 epoch=3 pause_ms=0
CAPTURE_CLOSED i=7683 epoch=4 pause_ms=0
CAPTURE_CLOSED i=7684 epoch=5 pause_ms=0
CAPTURE_CLOSED i=7685 epoch=6 pause_ms=0
CAPTURE_CLOSED i=7686 epoch=7 pause_ms=0
CAPTURE_CLOSED i=7687 epoch=8 pause_ms=0
CAPTURE_CLOSED i=7688 epoch=9 pause_ms=0
CAPTURE_CLOSED i=7689 epoch=10 pause_ms=0
CAPTURE_CLOSED i=7690 epoch=11 pause_ms=0
CAPTURE_CLOSED i=7691 epoch=12 pause_ms=0
CAPTURE_CLOSED i=7692 epoch=13 pause_ms=0
CAPTURE_CLOSED i=7693 epoch=14 pause_ms=0
CAPTURE_CLOSED i=7694 epoch=15 pause_ms=0
CAPTURE_CLOSED i=7695 epoch=16 pause_ms=0
CAPTURE_CLOSED i=7696 epoch=17 pause_ms=0
CAPTURE_CLOSED i=7697 epoch=18 pause_ms=0
CAPTURE_CLOSED i=7698 epoch=19 pause_ms=0
TRACE_SPI txn=7700 writes=24 host_observed_write_us=15437.834 post_spi_to_tune_return_us=3501.988
CAPTURE_CLOSED i=7699 epoch=20 pause_ms=0
mode=BOTH progress=7700 unrecovered=0 first_read_faults=0 recovered=0 last_epoch=20
CAPTURE_CLOSED i=7700 epoch=21 pause_ms=0
CAPTURE_CLOSED i=7701 epoch=22 pause_ms=0
CAPTURE_CLOSED i=7702 epoch=23 pause_ms=0
CAPTURE_CLOSED i=7703 epoch=24 pause_ms=0
CAPTURE_CLOSED i=7704 epoch=25 pause_ms=0
CAPTURE_CLOSED i=7705 epoch=26 pause_ms=0
CAPTURE_CLOSED i=7706 epoch=27 pause_ms=0
CAPTURE_CLOSED i=7707 epoch=28 pause_ms=0
CAPTURE_CLOSED i=7708 epoch=29 pause_ms=0
CAPTURE_CLOSED i=7709 epoch=30 pause_ms=0
CAPTURE_CLOSED i=7710 epoch=31 pause_ms=0
CAPTURE_CLOSED i=7711 epoch=32 pause_ms=0
CAPTURE_CLOSED i=7712 epoch=33 pause_ms=0
CAPTURE_CLOSED i=7713 epoch=34 pause_ms=0
CAPTURE_CLOSED i=7714 epoch=35 pause_ms=0
CAPTURE_CLOSED i=7715 epoch=36 pause_ms=0
CAPTURE_CLOSED i=7716 epoch=37 pause_ms=0
CAPTURE_CLOSED i=7717 epoch=38 pause_ms=0
CAPTURE_CLOSED i=7718 epoch=39 pause_ms=0
CAPTURE_CLOSED i=7719 epoch=40 pause_ms=0
CAPTURE_CLOSED i=7720 epoch=41 pause_ms=0
CAPTURE_CLOSED i=7721 epoch=42 pause_ms=0
CAPTURE_CLOSED i=7722 epoch=43 pause_ms=0
CAPTURE_CLOSED i=7723 epoch=44 pause_ms=0
CAPTURE_CLOSED i=7724 epoch=45 pause_ms=0
CAPTURE_CLOSED i=7725 epoch=46 pause_ms=0
CAPTURE_CLOSED i=7726 epoch=47 pause_ms=0
CAPTURE_CLOSED i=7727 epoch=48 pause_ms=0
CAPTURE_CLOSED i=7728 epoch=49 pause_ms=0
CAPTURE_CLOSED i=7729 epoch=50 pause_ms=0
CAPTURE_CLOSED i=7730 epoch=51 pause_ms=0
CAPTURE_CLOSED i=7731 epoch=52 pause_ms=0
CAPTURE_CLOSED i=7732 epoch=53 pause_ms=0
CAPTURE_CLOSED i=7733 epoch=54 pause_ms=0
CAPTURE_CLOSED i=7734 epoch=55 pause_ms=0
CAPTURE_CLOSED i=7735 epoch=56 pause_ms=0
CAPTURE_CLOSED i=7736 epoch=57 pause_ms=0
CAPTURE_CLOSED i=7737 epoch=58 pause_ms=0
CAPTURE_CLOSED i=7738 epoch=59 pause_ms=0
CAPTURE_CLOSED i=7739 epoch=60 pause_ms=0
CAPTURE_CLOSED i=7740 epoch=61 pause_ms=0
CAPTURE_CLOSED i=7741 epoch=62 pause_ms=0
CAPTURE_CLOSED i=7742 epoch=63 pause_ms=0
CAPTURE_CLOSED i=7743 epoch=64 pause_ms=0
CAPTURE_CLOSED i=7744 epoch=65 pause_ms=0
CAPTURE_CLOSED i=7745 epoch=66 pause_ms=0
CAPTURE_CLOSED i=7746 epoch=67 pause_ms=0
CAPTURE_CLOSED i=7747 epoch=68 pause_ms=0
CAPTURE_CLOSED i=7748 epoch=69 pause_ms=0
CAPTURE_CLOSED i=7749 epoch=70 pause_ms=0
CAPTURE_CLOSED i=7750 epoch=71 pause_ms=0
CAPTURE_CLOSED i=7751 epoch=72 pause_ms=0
CAPTURE_CLOSED i=7752 epoch=73 pause_ms=0
CAPTURE_CLOSED i=7753 epoch=74 pause_ms=0
CAPTURE_CLOSED i=7754 epoch=75 pause_ms=0
CAPTURE_CLOSED i=7755 epoch=76 pause_ms=0
CAPTURE_CLOSED i=7756 epoch=77 pause_ms=0
CAPTURE_CLOSED i=7757 epoch=78 pause_ms=0
CAPTURE_CLOSED i=7758 epoch=79 pause_ms=0
CAPTURE_CLOSED i=7759 epoch=80 pause_ms=0
CAPTURE_CLOSED i=7760 epoch=81 pause_ms=0
CAPTURE_CLOSED i=7761 epoch=82 pause_ms=0
CAPTURE_CLOSED i=7762 epoch=83 pause_ms=0
CAPTURE_CLOSED i=7763 epoch=84 pause_ms=0
CAPTURE_CLOSED i=7764 epoch=85 pause_ms=0
CAPTURE_CLOSED i=7765 epoch=86 pause_ms=0
CAPTURE_CLOSED i=7766 epoch=87 pause_ms=0
CAPTURE_CLOSED i=7767 epoch=88 pause_ms=0
CAPTURE_CLOSED i=7768 epoch=89 pause_ms=0
CAPTURE_CLOSED i=7769 epoch=90 pause_ms=0
CAPTURE_CLOSED i=7770 epoch=91 pause_ms=0
CAPTURE_CLOSED i=7771 epoch=92 pause_ms=0
CAPTURE_CLOSED i=7772 epoch=93 pause_ms=0
CAPTURE_CLOSED i=7773 epoch=94 pause_ms=0
CAPTURE_CLOSED i=7774 epoch=95 pause_ms=0
CAPTURE_CLOSED i=7775 epoch=96 pause_ms=0
CAPTURE_CLOSED i=7776 epoch=97 pause_ms=0
CAPTURE_CLOSED i=7777 epoch=98 pause_ms=0
CAPTURE_CLOSED i=7778 epoch=99 pause_ms=0
CAPTURE_CLOSED i=7779 epoch=100 pause_ms=0
CAPTURE_CLOSED i=7780 epoch=101 pause_ms=0
CAPTURE_CLOSED i=7781 epoch=102 pause_ms=0
CAPTURE_CLOSED i=7782 epoch=103 pause_ms=0
CAPTURE_CLOSED i=7783 epoch=104 pause_ms=0
CAPTURE_CLOSED i=7784 epoch=105 pause_ms=0
CAPTURE_CLOSED i=7785 epoch=106 pause_ms=0
CAPTURE_CLOSED i=7786 epoch=107 pause_ms=0
CAPTURE_CLOSED i=7787 epoch=108 pause_ms=0
CAPTURE_CLOSED i=7788 epoch=109 pause_ms=0
CAPTURE_CLOSED i=7789 epoch=110 pause_ms=0
CAPTURE_CLOSED i=7790 epoch=111 pause_ms=0
CAPTURE_CLOSED i=7791 epoch=112 pause_ms=0
CAPTURE_CLOSED i=7792 epoch=113 pause_ms=0
CAPTURE_CLOSED i=7793 epoch=114 pause_ms=0
CAPTURE_CLOSED i=7794 epoch=115 pause_ms=0
CAPTURE_CLOSED i=7795 epoch=116 pause_ms=0
CAPTURE_CLOSED i=7796 epoch=117 pause_ms=0
CAPTURE_CLOSED i=7797 epoch=118 pause_ms=0
CAPTURE_CLOSED i=7798 epoch=119 pause_ms=0
TRACE_SPI txn=7800 writes=24 host_observed_write_us=15433.861 post_spi_to_tune_return_us=3506.040
CAPTURE_CLOSED i=7799 epoch=120 pause_ms=0
mode=BOTH progress=7800 unrecovered=0 first_read_faults=0 recovered=0 last_epoch=120
CAPTURE_CLOSED i=7800 epoch=121 pause_ms=0
CAPTURE_CLOSED i=7801 epoch=122 pause_ms=0
CAPTURE_CLOSED i=7802 epoch=123 pause_ms=0
CAPTURE_CLOSED i=7803 epoch=124 pause_ms=0
CAPTURE_CLOSED i=7804 epoch=125 pause_ms=0
CAPTURE_CLOSED i=7805 epoch=126 pause_ms=0
CAPTURE_CLOSED i=7806 epoch=127 pause_ms=0
CAPTURE_CLOSED i=7807 epoch=128 pause_ms=0
CAPTURE_CLOSED i=7808 epoch=129 pause_ms=0
CAPTURE_CLOSED i=7809 epoch=130 pause_ms=0
CAPTURE_CLOSED i=7810 epoch=131 pause_ms=0
CAPTURE_CLOSED i=7811 epoch=132 pause_ms=0
CAPTURE_CLOSED i=7812 epoch=133 pause_ms=0
CAPTURE_CLOSED i=7813 epoch=134 pause_ms=0
CAPTURE_CLOSED i=7814 epoch=135 pause_ms=0
CAPTURE_CLOSED i=7815 epoch=136 pause_ms=0
CAPTURE_CLOSED i=7816 epoch=137 pause_ms=0
CAPTURE_CLOSED i=7817 epoch=138 pause_ms=0
CAPTURE_CLOSED i=7818 epoch=139 pause_ms=0
CAPTURE_CLOSED i=7819 epoch=140 pause_ms=0
CAPTURE_CLOSED i=7820 epoch=141 pause_ms=0
CAPTURE_CLOSED i=7821 epoch=142 pause_ms=0
CAPTURE_CLOSED i=7822 epoch=143 pause_ms=0
CAPTURE_CLOSED i=7823 epoch=144 pause_ms=0
CAPTURE_CLOSED i=7824 epoch=145 pause_ms=0
CAPTURE_CLOSED i=7825 epoch=146 pause_ms=0
CAPTURE_CLOSED i=7826 epoch=147 pause_ms=0
CAPTURE_CLOSED i=7827 epoch=148 pause_ms=0
CAPTURE_CLOSED i=7828 epoch=149 pause_ms=0
CAPTURE_CLOSED i=7829 epoch=150 pause_ms=0
CAPTURE_CLOSED i=7830 epoch=151 pause_ms=0
CAPTURE_CLOSED i=7831 epoch=152 pause_ms=0
CAPTURE_CLOSED i=7832 epoch=153 pause_ms=0
CAPTURE_CLOSED i=7833 epoch=154 pause_ms=0
CAPTURE_CLOSED i=7834 epoch=155 pause_ms=0
CAPTURE_CLOSED i=7835 epoch=156 pause_ms=0
CAPTURE_CLOSED i=7836 epoch=157 pause_ms=0
CAPTURE_CLOSED i=7837 epoch=158 pause_ms=0
CAPTURE_CLOSED i=7838 epoch=159 pause_ms=0
CAPTURE_CLOSED i=7839 epoch=160 pause_ms=0
CAPTURE_CLOSED i=7840 epoch=161 pause_ms=0
CAPTURE_CLOSED i=7841 epoch=162 pause_ms=0
CAPTURE_CLOSED i=7842 epoch=163 pause_ms=0
CAPTURE_CLOSED i=7843 epoch=164 pause_ms=0
CAPTURE_CLOSED i=7844 epoch=165 pause_ms=0
CAPTURE_CLOSED i=7845 epoch=166 pause_ms=0
CAPTURE_CLOSED i=7846 epoch=167 pause_ms=0
CAPTURE_CLOSED i=7847 epoch=168 pause_ms=0
CAPTURE_CLOSED i=7848 epoch=169 pause_ms=0
CAPTURE_CLOSED i=7849 epoch=170 pause_ms=0
CAPTURE_CLOSED i=7850 epoch=171 pause_ms=0
CAPTURE_CLOSED i=7851 epoch=172 pause_ms=0
CAPTURE_CLOSED i=7852 epoch=173 pause_ms=0
CAPTURE_CLOSED i=7853 epoch=174 pause_ms=0
CAPTURE_CLOSED i=7854 epoch=175 pause_ms=0
CAPTURE_CLOSED i=7855 epoch=176 pause_ms=0
CAPTURE_CLOSED i=7856 epoch=177 pause_ms=0
CAPTURE_CLOSED i=7857 epoch=178 pause_ms=0
CAPTURE_CLOSED i=7858 epoch=179 pause_ms=0
CAPTURE_CLOSED i=7859 epoch=180 pause_ms=0
CAPTURE_CLOSED i=7860 epoch=181 pause_ms=0
CAPTURE_CLOSED i=7861 epoch=182 pause_ms=0
CAPTURE_CLOSED i=7862 epoch=183 pause_ms=0
CAPTURE_CLOSED i=7863 epoch=184 pause_ms=0
CAPTURE_CLOSED i=7864 epoch=185 pause_ms=0
CAPTURE_CLOSED i=7865 epoch=186 pause_ms=0
CAPTURE_CLOSED i=7866 epoch=187 pause_ms=0
CAPTURE_CLOSED i=7867 epoch=188 pause_ms=0
CAPTURE_CLOSED i=7868 epoch=189 pause_ms=0
CAPTURE_CLOSED i=7869 epoch=190 pause_ms=0
CAPTURE_CLOSED i=7870 epoch=191 pause_ms=0
CAPTURE_CLOSED i=7871 epoch=192 pause_ms=0
CAPTURE_CLOSED i=7872 epoch=193 pause_ms=0
CAPTURE_CLOSED i=7873 epoch=194 pause_ms=0
CAPTURE_CLOSED i=7874 epoch=195 pause_ms=0
CAPTURE_CLOSED i=7875 epoch=196 pause_ms=0
CAPTURE_CLOSED i=7876 epoch=197 pause_ms=0
CAPTURE_CLOSED i=7877 epoch=198 pause_ms=0
CAPTURE_CLOSED i=7878 epoch=199 pause_ms=0
CAPTURE_CLOSED i=7879 epoch=200 pause_ms=0
CAPTURE_CLOSED i=7880 epoch=201 pause_ms=0
CAPTURE_CLOSED i=7881 epoch=202 pause_ms=0
CAPTURE_CLOSED i=7882 epoch=203 pause_ms=0
CAPTURE_CLOSED i=7883 epoch=204 pause_ms=0
CAPTURE_CLOSED i=7884 epoch=205 pause_ms=0
CAPTURE_CLOSED i=7885 epoch=206 pause_ms=0
CAPTURE_CLOSED i=7886 epoch=207 pause_ms=0
CAPTURE_CLOSED i=7887 epoch=208 pause_ms=0
CAPTURE_CLOSED i=7888 epoch=209 pause_ms=0
CAPTURE_CLOSED i=7889 epoch=210 pause_ms=0
CAPTURE_CLOSED i=7890 epoch=211 pause_ms=0
CAPTURE_CLOSED i=7891 epoch=212 pause_ms=0
CAPTURE_CLOSED i=7892 epoch=213 pause_ms=0
CAPTURE_CLOSED i=7893 epoch=214 pause_ms=0
CAPTURE_CLOSED i=7894 epoch=215 pause_ms=0
CAPTURE_CLOSED i=7895 epoch=216 pause_ms=0
CAPTURE_CLOSED i=7896 epoch=217 pause_ms=0
CAPTURE_CLOSED i=7897 epoch=218 pause_ms=0
CAPTURE_CLOSED i=7898 epoch=219 pause_ms=0
TRACE_SPI txn=7900 writes=24 host_observed_write_us=15521.935 post_spi_to_tune_return_us=3551.856
CAPTURE_CLOSED i=7899 epoch=220 pause_ms=0
mode=BOTH progress=7900 unrecovered=0 first_read_faults=0 recovered=0 last_epoch=220
CAPTURE_CLOSED i=7900 epoch=221 pause_ms=0
CAPTURE_CLOSED i=7901 epoch=222 pause_ms=0
CAPTURE_CLOSED i=7902 epoch=223 pause_ms=0
CAPTURE_CLOSED i=7903 epoch=224 pause_ms=0
CAPTURE_CLOSED i=7904 epoch=225 pause_ms=0
CAPTURE_CLOSED i=7905 epoch=226 pause_ms=0
CAPTURE_CLOSED i=7906 epoch=227 pause_ms=0
CAPTURE_CLOSED i=7907 epoch=228 pause_ms=0
CAPTURE_CLOSED i=7908 epoch=229 pause_ms=0
CAPTURE_CLOSED i=7909 epoch=230 pause_ms=0
CAPTURE_CLOSED i=7910 epoch=231 pause_ms=0
CAPTURE_CLOSED i=7911 epoch=232 pause_ms=0
CAPTURE_CLOSED i=7912 epoch=233 pause_ms=0
CAPTURE_CLOSED i=7913 epoch=234 pause_ms=0
CAPTURE_CLOSED i=7914 epoch=235 pause_ms=0
CAPTURE_CLOSED i=7915 epoch=236 pause_ms=0
CAPTURE_CLOSED i=7916 epoch=237 pause_ms=0
CAPTURE_CLOSED i=7917 epoch=238 pause_ms=0
CAPTURE_CLOSED i=7918 epoch=239 pause_ms=0
CAPTURE_CLOSED i=7919 epoch=240 pause_ms=0
CAPTURE_CLOSED i=7920 epoch=241 pause_ms=0
CAPTURE_CLOSED i=7921 epoch=242 pause_ms=0
CAPTURE_CLOSED i=7922 epoch=243 pause_ms=0
CAPTURE_CLOSED i=7923 epoch=244 pause_ms=0
CAPTURE_CLOSED i=7924 epoch=245 pause_ms=0
CAPTURE_CLOSED i=7925 epoch=246 pause_ms=0
CAPTURE_CLOSED i=7926 epoch=247 pause_ms=0
CAPTURE_CLOSED i=7927 epoch=248 pause_ms=0
CAPTURE_CLOSED i=7928 epoch=249 pause_ms=0
CAPTURE_CLOSED i=7929 epoch=250 pause_ms=0
CAPTURE_CLOSED i=7930 epoch=251 pause_ms=0
CAPTURE_CLOSED i=7931 epoch=252 pause_ms=0
CAPTURE_CLOSED i=7932 epoch=253 pause_ms=0
CAPTURE_CLOSED i=7933 epoch=254 pause_ms=0
CAPTURE_CLOSED i=7934 epoch=255 pause_ms=0
CAPTURE_CLOSED i=7935 epoch=0 pause_ms=0
CAPTURE_CLOSED i=7936 epoch=1 pause_ms=0
CAPTURE_CLOSED i=7937 epoch=2 pause_ms=0
CAPTURE_CLOSED i=7938 epoch=3 pause_ms=0
CAPTURE_CLOSED i=7939 epoch=4 pause_ms=0
CAPTURE_CLOSED i=7940 epoch=5 pause_ms=0
CAPTURE_CLOSED i=7941 epoch=6 pause_ms=0
CAPTURE_CLOSED i=7942 epoch=7 pause_ms=0
CAPTURE_CLOSED i=7943 epoch=8 pause_ms=0
CAPTURE_CLOSED i=7944 epoch=9 pause_ms=0
CAPTURE_CLOSED i=7945 epoch=10 pause_ms=0
CAPTURE_CLOSED i=7946 epoch=11 pause_ms=0
CAPTURE_CLOSED i=7947 epoch=12 pause_ms=0
CAPTURE_CLOSED i=7948 epoch=13 pause_ms=0
CAPTURE_CLOSED i=7949 epoch=14 pause_ms=0
CAPTURE_CLOSED i=7950 epoch=15 pause_ms=0
CAPTURE_CLOSED i=7951 epoch=16 pause_ms=0
CAPTURE_CLOSED i=7952 epoch=17 pause_ms=0
CAPTURE_CLOSED i=7953 epoch=18 pause_ms=0
CAPTURE_CLOSED i=7954 epoch=19 pause_ms=0
CAPTURE_CLOSED i=7955 epoch=20 pause_ms=0
CAPTURE_CLOSED i=7956 epoch=21 pause_ms=0
CAPTURE_CLOSED i=7957 epoch=22 pause_ms=0
CAPTURE_CLOSED i=7958 epoch=23 pause_ms=0
CAPTURE_CLOSED i=7959 epoch=24 pause_ms=0
CAPTURE_CLOSED i=7960 epoch=25 pause_ms=0
CAPTURE_CLOSED i=7961 epoch=26 pause_ms=0
CAPTURE_CLOSED i=7962 epoch=27 pause_ms=0
CAPTURE_CLOSED i=7963 epoch=28 pause_ms=0
CAPTURE_CLOSED i=7964 epoch=29 pause_ms=0
CAPTURE_CLOSED i=7965 epoch=30 pause_ms=0
CAPTURE_CLOSED i=7966 epoch=31 pause_ms=0
CAPTURE_CLOSED i=7967 epoch=32 pause_ms=0
CAPTURE_CLOSED i=7968 epoch=33 pause_ms=0
CAPTURE_CLOSED i=7969 epoch=34 pause_ms=0
CAPTURE_CLOSED i=7970 epoch=35 pause_ms=0
CAPTURE_CLOSED i=7971 epoch=36 pause_ms=0
CAPTURE_CLOSED i=7972 epoch=37 pause_ms=0
CAPTURE_CLOSED i=7973 epoch=38 pause_ms=0
CAPTURE_CLOSED i=7974 epoch=39 pause_ms=0
CAPTURE_CLOSED i=7975 epoch=40 pause_ms=0
CAPTURE_CLOSED i=7976 epoch=41 pause_ms=0
CAPTURE_CLOSED i=7977 epoch=42 pause_ms=0
CAPTURE_CLOSED i=7978 epoch=43 pause_ms=0
CAPTURE_CLOSED i=7979 epoch=44 pause_ms=0
CAPTURE_CLOSED i=7980 epoch=45 pause_ms=0
CAPTURE_CLOSED i=7981 epoch=46 pause_ms=0
CAPTURE_CLOSED i=7982 epoch=47 pause_ms=0
CAPTURE_CLOSED i=7983 epoch=48 pause_ms=0
CAPTURE_CLOSED i=7984 epoch=49 pause_ms=0
CAPTURE_CLOSED i=7985 epoch=50 pause_ms=0
CAPTURE_CLOSED i=7986 epoch=51 pause_ms=0
CAPTURE_CLOSED i=7987 epoch=52 pause_ms=0
CAPTURE_CLOSED i=7988 epoch=53 pause_ms=0
CAPTURE_CLOSED i=7989 epoch=54 pause_ms=0
CAPTURE_CLOSED i=7990 epoch=55 pause_ms=0
CAPTURE_CLOSED i=7991 epoch=56 pause_ms=0
CAPTURE_CLOSED i=7992 epoch=57 pause_ms=0
CAPTURE_CLOSED i=7993 epoch=58 pause_ms=0
CAPTURE_CLOSED i=7994 epoch=59 pause_ms=0
CAPTURE_CLOSED i=7995 epoch=60 pause_ms=0
CAPTURE_CLOSED i=7996 epoch=61 pause_ms=0
CAPTURE_CLOSED i=7997 epoch=62 pause_ms=0
CAPTURE_CLOSED i=7998 epoch=63 pause_ms=0
TRACE_SPI txn=8000 writes=24 host_observed_write_us=15789.902 post_spi_to_tune_return_us=3505.961
CAPTURE_CLOSED i=7999 epoch=64 pause_ms=0
mode=BOTH progress=8000 unrecovered=0 first_read_faults=0 recovered=0 last_epoch=64
CAPTURE_CLOSED i=8000 epoch=65 pause_ms=0
CAPTURE_CLOSED i=8001 epoch=66 pause_ms=0
CAPTURE_CLOSED i=8002 epoch=67 pause_ms=0
CAPTURE_CLOSED i=8003 epoch=68 pause_ms=0
CAPTURE_CLOSED i=8004 epoch=69 pause_ms=0
CAPTURE_CLOSED i=8005 epoch=70 pause_ms=0
CAPTURE_CLOSED i=8006 epoch=71 pause_ms=0
CAPTURE_CLOSED i=8007 epoch=72 pause_ms=0
CAPTURE_CLOSED i=8008 epoch=73 pause_ms=0
CAPTURE_CLOSED i=8009 epoch=74 pause_ms=0
CAPTURE_CLOSED i=8010 epoch=75 pause_ms=0
CAPTURE_CLOSED i=8011 epoch=76 pause_ms=0
CAPTURE_CLOSED i=8012 epoch=77 pause_ms=0
CAPTURE_CLOSED i=8013 epoch=78 pause_ms=0
CAPTURE_CLOSED i=8014 epoch=79 pause_ms=0
CAPTURE_CLOSED i=8015 epoch=80 pause_ms=0
CAPTURE_CLOSED i=8016 epoch=81 pause_ms=0
CAPTURE_CLOSED i=8017 epoch=82 pause_ms=0
CAPTURE_CLOSED i=8018 epoch=83 pause_ms=0
CAPTURE_CLOSED i=8019 epoch=84 pause_ms=0
CAPTURE_CLOSED i=8020 epoch=85 pause_ms=0
CAPTURE_CLOSED i=8021 epoch=86 pause_ms=0
CAPTURE_CLOSED i=8022 epoch=87 pause_ms=0
CAPTURE_CLOSED i=8023 epoch=88 pause_ms=0
CAPTURE_CLOSED i=8024 epoch=89 pause_ms=0
CAPTURE_CLOSED i=8025 epoch=90 pause_ms=0
CAPTURE_CLOSED i=8026 epoch=91 pause_ms=0
CAPTURE_CLOSED i=8027 epoch=92 pause_ms=0
CAPTURE_CLOSED i=8028 epoch=93 pause_ms=0
CAPTURE_CLOSED i=8029 epoch=94 pause_ms=0
CAPTURE_CLOSED i=8030 epoch=95 pause_ms=0
CAPTURE_CLOSED i=8031 epoch=96 pause_ms=0
CAPTURE_CLOSED i=8032 epoch=97 pause_ms=0
CAPTURE_CLOSED i=8033 epoch=98 pause_ms=0
CAPTURE_CLOSED i=8034 epoch=99 pause_ms=0
CAPTURE_CLOSED i=8035 epoch=100 pause_ms=0
CAPTURE_CLOSED i=8036 epoch=101 pause_ms=0
CAPTURE_CLOSED i=8037 epoch=102 pause_ms=0
CAPTURE_CLOSED i=8038 epoch=103 pause_ms=0
CAPTURE_CLOSED i=8039 epoch=104 pause_ms=0
CAPTURE_CLOSED i=8040 epoch=105 pause_ms=0
CAPTURE_CLOSED i=8041 epoch=106 pause_ms=0
CAPTURE_CLOSED i=8042 epoch=107 pause_ms=0
CAPTURE_CLOSED i=8043 epoch=108 pause_ms=0
CAPTURE_CLOSED i=8044 epoch=109 pause_ms=0
CAPTURE_CLOSED i=8045 epoch=110 pause_ms=0
CAPTURE_CLOSED i=8046 epoch=111 pause_ms=0
CAPTURE_CLOSED i=8047 epoch=112 pause_ms=0
CAPTURE_CLOSED i=8048 epoch=113 pause_ms=0
CAPTURE_CLOSED i=8049 epoch=114 pause_ms=0
CAPTURE_CLOSED i=8050 epoch=115 pause_ms=0
CAPTURE_CLOSED i=8051 epoch=116 pause_ms=0
CAPTURE_CLOSED i=8052 epoch=117 pause_ms=0
CAPTURE_CLOSED i=8053 epoch=118 pause_ms=0
CAPTURE_CLOSED i=8054 epoch=119 pause_ms=0
CAPTURE_CLOSED i=8055 epoch=120 pause_ms=0
CAPTURE_CLOSED i=8056 epoch=121 pause_ms=0
CAPTURE_CLOSED i=8057 epoch=122 pause_ms=0
CAPTURE_CLOSED i=8058 epoch=123 pause_ms=0
CAPTURE_CLOSED i=8059 epoch=124 pause_ms=0
CAPTURE_CLOSED i=8060 epoch=125 pause_ms=0
CAPTURE_CLOSED i=8061 epoch=126 pause_ms=0
CAPTURE_CLOSED i=8062 epoch=127 pause_ms=0
CAPTURE_CLOSED i=8063 epoch=128 pause_ms=0
CAPTURE_CLOSED i=8064 epoch=129 pause_ms=0
CAPTURE_CLOSED i=8065 epoch=130 pause_ms=0
CAPTURE_CLOSED i=8066 epoch=131 pause_ms=0
CAPTURE_CLOSED i=8067 epoch=132 pause_ms=0
CAPTURE_CLOSED i=8068 epoch=133 pause_ms=0
CAPTURE_CLOSED i=8069 epoch=134 pause_ms=0
CAPTURE_CLOSED i=8070 epoch=135 pause_ms=0
CAPTURE_CLOSED i=8071 epoch=136 pause_ms=0
CAPTURE_CLOSED i=8072 epoch=137 pause_ms=0
CAPTURE_CLOSED i=8073 epoch=138 pause_ms=0
CAPTURE_CLOSED i=8074 epoch=139 pause_ms=0
CAPTURE_CLOSED i=8075 epoch=140 pause_ms=0
CAPTURE_CLOSED i=8076 epoch=141 pause_ms=0
CAPTURE_CLOSED i=8077 epoch=142 pause_ms=0
CAPTURE_CLOSED i=8078 epoch=143 pause_ms=0
CAPTURE_CLOSED i=8079 epoch=144 pause_ms=0
CAPTURE_CLOSED i=8080 epoch=145 pause_ms=0
CAPTURE_CLOSED i=8081 epoch=146 pause_ms=0
CAPTURE_CLOSED i=8082 epoch=147 pause_ms=0
CAPTURE_CLOSED i=8083 epoch=148 pause_ms=0
CAPTURE_CLOSED i=8084 epoch=149 pause_ms=0
CAPTURE_CLOSED i=8085 epoch=150 pause_ms=0
CAPTURE_CLOSED i=8086 epoch=151 pause_ms=0
CAPTURE_CLOSED i=8087 epoch=152 pause_ms=0
CAPTURE_CLOSED i=8088 epoch=153 pause_ms=0
CAPTURE_CLOSED i=8089 epoch=154 pause_ms=0
CAPTURE_CLOSED i=8090 epoch=155 pause_ms=0
CAPTURE_CLOSED i=8091 epoch=156 pause_ms=0
CAPTURE_CLOSED i=8092 epoch=157 pause_ms=0
CAPTURE_CLOSED i=8093 epoch=158 pause_ms=0
CAPTURE_CLOSED i=8094 epoch=159 pause_ms=0
CAPTURE_CLOSED i=8095 epoch=160 pause_ms=0
CAPTURE_CLOSED i=8096 epoch=161 pause_ms=0
CAPTURE_CLOSED i=8097 epoch=162 pause_ms=0
CAPTURE_CLOSED i=8098 epoch=163 pause_ms=0
TRACE_SPI txn=8100 writes=24 host_observed_write_us=16047.552 post_spi_to_tune_return_us=3551.114
CAPTURE_CLOSED i=8099 epoch=164 pause_ms=0
mode=BOTH progress=8100 unrecovered=0 first_read_faults=0 recovered=0 last_epoch=164
CAPTURE_CLOSED i=8100 epoch=165 pause_ms=0
CAPTURE_CLOSED i=8101 epoch=166 pause_ms=0
CAPTURE_CLOSED i=8102 epoch=167 pause_ms=0
CAPTURE_CLOSED i=8103 epoch=168 pause_ms=0
CAPTURE_CLOSED i=8104 epoch=169 pause_ms=0
CAPTURE_CLOSED i=8105 epoch=170 pause_ms=0
CAPTURE_CLOSED i=8106 epoch=171 pause_ms=0
CAPTURE_CLOSED i=8107 epoch=172 pause_ms=0
CAPTURE_CLOSED i=8108 epoch=173 pause_ms=0
CAPTURE_CLOSED i=8109 epoch=174 pause_ms=0
CAPTURE_CLOSED i=8110 epoch=175 pause_ms=0
CAPTURE_CLOSED i=8111 epoch=176 pause_ms=0
CAPTURE_CLOSED i=8112 epoch=177 pause_ms=0
CAPTURE_CLOSED i=8113 epoch=178 pause_ms=0
CAPTURE_CLOSED i=8114 epoch=179 pause_ms=0
CAPTURE_CLOSED i=8115 epoch=180 pause_ms=0
CAPTURE_CLOSED i=8116 epoch=181 pause_ms=0
CAPTURE_CLOSED i=8117 epoch=182 pause_ms=0
CAPTURE_CLOSED i=8118 epoch=183 pause_ms=0
CAPTURE_CLOSED i=8119 epoch=184 pause_ms=0
CAPTURE_CLOSED i=8120 epoch=185 pause_ms=0
CAPTURE_CLOSED i=8121 epoch=186 pause_ms=0
CAPTURE_CLOSED i=8122 epoch=187 pause_ms=0
CAPTURE_CLOSED i=8123 epoch=188 pause_ms=0
CAPTURE_CLOSED i=8124 epoch=189 pause_ms=0
CAPTURE_CLOSED i=8125 epoch=190 pause_ms=0
CAPTURE_CLOSED i=8126 epoch=191 pause_ms=0
CAPTURE_CLOSED i=8127 epoch=192 pause_ms=0
CAPTURE_CLOSED i=8128 epoch=193 pause_ms=0
CAPTURE_CLOSED i=8129 epoch=194 pause_ms=0
CAPTURE_CLOSED i=8130 epoch=195 pause_ms=0
CAPTURE_CLOSED i=8131 epoch=196 pause_ms=0
CAPTURE_CLOSED i=8132 epoch=197 pause_ms=0
CAPTURE_CLOSED i=8133 epoch=198 pause_ms=0
CAPTURE_CLOSED i=8134 epoch=199 pause_ms=0
CAPTURE_CLOSED i=8135 epoch=200 pause_ms=0
CAPTURE_CLOSED i=8136 epoch=201 pause_ms=0
CAPTURE_CLOSED i=8137 epoch=202 pause_ms=0
CAPTURE_CLOSED i=8138 epoch=203 pause_ms=0
CAPTURE_CLOSED i=8139 epoch=204 pause_ms=0
CAPTURE_CLOSED i=8140 epoch=205 pause_ms=0
CAPTURE_CLOSED i=8141 epoch=206 pause_ms=0
CAPTURE_CLOSED i=8142 epoch=207 pause_ms=0
CAPTURE_CLOSED i=8143 epoch=208 pause_ms=0
CAPTURE_CLOSED i=8144 epoch=209 pause_ms=0
CAPTURE_CLOSED i=8145 epoch=210 pause_ms=0
CAPTURE_CLOSED i=8146 epoch=211 pause_ms=0
CAPTURE_CLOSED i=8147 epoch=212 pause_ms=0
CAPTURE_CLOSED i=8148 epoch=213 pause_ms=0
CAPTURE_CLOSED i=8149 epoch=214 pause_ms=0
CAPTURE_CLOSED i=8150 epoch=215 pause_ms=0
CAPTURE_CLOSED i=8151 epoch=216 pause_ms=0
CAPTURE_CLOSED i=8152 epoch=217 pause_ms=0
CAPTURE_CLOSED i=8153 epoch=218 pause_ms=0
CAPTURE_CLOSED i=8154 epoch=219 pause_ms=0
CAPTURE_CLOSED i=8155 epoch=220 pause_ms=0
CAPTURE_CLOSED i=8156 epoch=221 pause_ms=0
CAPTURE_CLOSED i=8157 epoch=222 pause_ms=0
CAPTURE_CLOSED i=8158 epoch=223 pause_ms=0
CAPTURE_CLOSED i=8159 epoch=224 pause_ms=0
CAPTURE_CLOSED i=8160 epoch=225 pause_ms=0
CAPTURE_CLOSED i=8161 epoch=226 pause_ms=0
CAPTURE_CLOSED i=8162 epoch=227 pause_ms=0
CAPTURE_CLOSED i=8163 epoch=228 pause_ms=0
CAPTURE_CLOSED i=8164 epoch=229 pause_ms=0
CAPTURE_CLOSED i=8165 epoch=230 pause_ms=0
CAPTURE_CLOSED i=8166 epoch=231 pause_ms=0
CAPTURE_CLOSED i=8167 epoch=232 pause_ms=0
CAPTURE_CLOSED i=8168 epoch=233 pause_ms=0
CAPTURE_CLOSED i=8169 epoch=234 pause_ms=0
CAPTURE_CLOSED i=8170 epoch=235 pause_ms=0
CAPTURE_CLOSED i=8171 epoch=236 pause_ms=0
CAPTURE_CLOSED i=8172 epoch=237 pause_ms=0
CAPTURE_CLOSED i=8173 epoch=238 pause_ms=0
CAPTURE_CLOSED i=8174 epoch=239 pause_ms=0
CAPTURE_CLOSED i=8175 epoch=240 pause_ms=0
CAPTURE_CLOSED i=8176 epoch=241 pause_ms=0
CAPTURE_CLOSED i=8177 epoch=242 pause_ms=0
CAPTURE_CLOSED i=8178 epoch=243 pause_ms=0
CAPTURE_CLOSED i=8179 epoch=244 pause_ms=0
CAPTURE_CLOSED i=8180 epoch=245 pause_ms=0
CAPTURE_CLOSED i=8181 epoch=246 pause_ms=0
CAPTURE_CLOSED i=8182 epoch=247 pause_ms=0
CAPTURE_CLOSED i=8183 epoch=248 pause_ms=0
CAPTURE_CLOSED i=8184 epoch=249 pause_ms=0
CAPTURE_CLOSED i=8185 epoch=250 pause_ms=0
CAPTURE_CLOSED i=8186 epoch=251 pause_ms=0
CAPTURE_CLOSED i=8187 epoch=252 pause_ms=0
CAPTURE_CLOSED i=8188 epoch=253 pause_ms=0
CAPTURE_CLOSED i=8189 epoch=254 pause_ms=0
CAPTURE_CLOSED i=8190 epoch=255 pause_ms=0
CAPTURE_CLOSED i=8191 epoch=0 pause_ms=0
CAPTURE_CLOSED i=8192 epoch=1 pause_ms=0
CAPTURE_CLOSED i=8193 epoch=2 pause_ms=0
CAPTURE_CLOSED i=8194 epoch=3 pause_ms=0
CAPTURE_CLOSED i=8195 epoch=4 pause_ms=0
CAPTURE_CLOSED i=8196 epoch=5 pause_ms=0
CAPTURE_CLOSED i=8197 epoch=6 pause_ms=0
CAPTURE_CLOSED i=8198 epoch=7 pause_ms=0
TRACE_SPI txn=8200 writes=24 host_observed_write_us=15480.753 post_spi_to_tune_return_us=3508.079
CAPTURE_CLOSED i=8199 epoch=8 pause_ms=0
mode=BOTH progress=8200 unrecovered=0 first_read_faults=0 recovered=0 last_epoch=8
CAPTURE_CLOSED i=8200 epoch=9 pause_ms=0
CAPTURE_CLOSED i=8201 epoch=10 pause_ms=0
CAPTURE_CLOSED i=8202 epoch=11 pause_ms=0
CAPTURE_CLOSED i=8203 epoch=12 pause_ms=0
CAPTURE_CLOSED i=8204 epoch=13 pause_ms=0
CAPTURE_CLOSED i=8205 epoch=14 pause_ms=0
CAPTURE_CLOSED i=8206 epoch=15 pause_ms=0
CAPTURE_CLOSED i=8207 epoch=16 pause_ms=0
CAPTURE_CLOSED i=8208 epoch=17 pause_ms=0
CAPTURE_CLOSED i=8209 epoch=18 pause_ms=0
CAPTURE_CLOSED i=8210 epoch=19 pause_ms=0
CAPTURE_CLOSED i=8211 epoch=20 pause_ms=0
CAPTURE_CLOSED i=8212 epoch=21 pause_ms=0
CAPTURE_CLOSED i=8213 epoch=22 pause_ms=0
CAPTURE_CLOSED i=8214 epoch=23 pause_ms=0
CAPTURE_CLOSED i=8215 epoch=24 pause_ms=0
CAPTURE_CLOSED i=8216 epoch=25 pause_ms=0
CAPTURE_CLOSED i=8217 epoch=26 pause_ms=0
CAPTURE_CLOSED i=8218 epoch=27 pause_ms=0
CAPTURE_CLOSED i=8219 epoch=28 pause_ms=0
CAPTURE_CLOSED i=8220 epoch=29 pause_ms=0
CAPTURE_CLOSED i=8221 epoch=30 pause_ms=0
CAPTURE_CLOSED i=8222 epoch=31 pause_ms=0
CAPTURE_CLOSED i=8223 epoch=32 pause_ms=0
CAPTURE_CLOSED i=8224 epoch=33 pause_ms=0
CAPTURE_CLOSED i=8225 epoch=34 pause_ms=0
CAPTURE_CLOSED i=8226 epoch=35 pause_ms=0
CAPTURE_CLOSED i=8227 epoch=36 pause_ms=0
CAPTURE_CLOSED i=8228 epoch=37 pause_ms=0
CAPTURE_CLOSED i=8229 epoch=38 pause_ms=0
CAPTURE_CLOSED i=8230 epoch=39 pause_ms=0
CAPTURE_CLOSED i=8231 epoch=40 pause_ms=0
CAPTURE_CLOSED i=8232 epoch=41 pause_ms=0
CAPTURE_CLOSED i=8233 epoch=42 pause_ms=0
CAPTURE_CLOSED i=8234 epoch=43 pause_ms=0
CAPTURE_CLOSED i=8235 epoch=44 pause_ms=0
CAPTURE_CLOSED i=8236 epoch=45 pause_ms=0
CAPTURE_CLOSED i=8237 epoch=46 pause_ms=0
CAPTURE_CLOSED i=8238 epoch=47 pause_ms=0
CAPTURE_CLOSED i=8239 epoch=48 pause_ms=0
CAPTURE_CLOSED i=8240 epoch=49 pause_ms=0
CAPTURE_CLOSED i=8241 epoch=50 pause_ms=0
CAPTURE_CLOSED i=8242 epoch=51 pause_ms=0
CAPTURE_CLOSED i=8243 epoch=52 pause_ms=0
CAPTURE_CLOSED i=8244 epoch=53 pause_ms=0
CAPTURE_CLOSED i=8245 epoch=54 pause_ms=0
CAPTURE_CLOSED i=8246 epoch=55 pause_ms=0
CAPTURE_CLOSED i=8247 epoch=56 pause_ms=0
CAPTURE_CLOSED i=8248 epoch=57 pause_ms=0
CAPTURE_CLOSED i=8249 epoch=58 pause_ms=0
CAPTURE_CLOSED i=8250 epoch=59 pause_ms=0
CAPTURE_CLOSED i=8251 epoch=60 pause_ms=0
CAPTURE_CLOSED i=8252 epoch=61 pause_ms=0
CAPTURE_CLOSED i=8253 epoch=62 pause_ms=0
CAPTURE_CLOSED i=8254 epoch=63 pause_ms=0
CAPTURE_CLOSED i=8255 epoch=64 pause_ms=0
CAPTURE_CLOSED i=8256 epoch=65 pause_ms=0
CAPTURE_CLOSED i=8257 epoch=66 pause_ms=0
CAPTURE_CLOSED i=8258 epoch=67 pause_ms=0
CAPTURE_CLOSED i=8259 epoch=68 pause_ms=0
CAPTURE_CLOSED i=8260 epoch=69 pause_ms=0
CAPTURE_CLOSED i=8261 epoch=70 pause_ms=0
CAPTURE_CLOSED i=8262 epoch=71 pause_ms=0
CAPTURE_CLOSED i=8263 epoch=72 pause_ms=0
CAPTURE_CLOSED i=8264 epoch=73 pause_ms=0
CAPTURE_CLOSED i=8265 epoch=74 pause_ms=0
CAPTURE_CLOSED i=8266 epoch=75 pause_ms=0
CAPTURE_CLOSED i=8267 epoch=76 pause_ms=0
CAPTURE_CLOSED i=8268 epoch=77 pause_ms=0
CAPTURE_CLOSED i=8269 epoch=78 pause_ms=0
CAPTURE_CLOSED i=8270 epoch=79 pause_ms=0
CAPTURE_CLOSED i=8271 epoch=80 pause_ms=0
CAPTURE_CLOSED i=8272 epoch=81 pause_ms=0
CAPTURE_CLOSED i=8273 epoch=82 pause_ms=0
CAPTURE_CLOSED i=8274 epoch=83 pause_ms=0
CAPTURE_CLOSED i=8275 epoch=84 pause_ms=0
CAPTURE_CLOSED i=8276 epoch=85 pause_ms=0
CAPTURE_CLOSED i=8277 epoch=86 pause_ms=0
CAPTURE_CLOSED i=8278 epoch=87 pause_ms=0
CAPTURE_CLOSED i=8279 epoch=88 pause_ms=0
CAPTURE_CLOSED i=8280 epoch=89 pause_ms=0
CAPTURE_CLOSED i=8281 epoch=90 pause_ms=0
CAPTURE_CLOSED i=8282 epoch=91 pause_ms=0
CAPTURE_CLOSED i=8283 epoch=92 pause_ms=0
CAPTURE_CLOSED i=8284 epoch=93 pause_ms=0
CAPTURE_CLOSED i=8285 epoch=94 pause_ms=0
CAPTURE_CLOSED i=8286 epoch=95 pause_ms=0
CAPTURE_CLOSED i=8287 epoch=96 pause_ms=0
CAPTURE_CLOSED i=8288 epoch=97 pause_ms=0
CAPTURE_CLOSED i=8289 epoch=98 pause_ms=0
CAPTURE_CLOSED i=8290 epoch=99 pause_ms=0
CAPTURE_CLOSED i=8291 epoch=100 pause_ms=0
CAPTURE_CLOSED i=8292 epoch=101 pause_ms=0
CAPTURE_CLOSED i=8293 epoch=102 pause_ms=0
CAPTURE_CLOSED i=8294 epoch=103 pause_ms=0
CAPTURE_CLOSED i=8295 epoch=104 pause_ms=0
CAPTURE_CLOSED i=8296 epoch=105 pause_ms=0
CAPTURE_CLOSED i=8297 epoch=106 pause_ms=0
CAPTURE_CLOSED i=8298 epoch=107 pause_ms=0
TRACE_SPI txn=8300 writes=24 host_observed_write_us=15878.467 post_spi_to_tune_return_us=3547.521
CAPTURE_CLOSED i=8299 epoch=108 pause_ms=0
mode=BOTH progress=8300 unrecovered=0 first_read_faults=0 recovered=0 last_epoch=108
CAPTURE_CLOSED i=8300 epoch=109 pause_ms=0
CAPTURE_CLOSED i=8301 epoch=110 pause_ms=0
CAPTURE_CLOSED i=8302 epoch=111 pause_ms=0
CAPTURE_CLOSED i=8303 epoch=112 pause_ms=0
CAPTURE_CLOSED i=8304 epoch=113 pause_ms=0
CAPTURE_CLOSED i=8305 epoch=114 pause_ms=0
CAPTURE_CLOSED i=8306 epoch=115 pause_ms=0
CAPTURE_CLOSED i=8307 epoch=116 pause_ms=0
CAPTURE_CLOSED i=8308 epoch=117 pause_ms=0
CAPTURE_CLOSED i=8309 epoch=118 pause_ms=0
CAPTURE_CLOSED i=8310 epoch=119 pause_ms=0
CAPTURE_CLOSED i=8311 epoch=120 pause_ms=0
CAPTURE_CLOSED i=8312 epoch=121 pause_ms=0
CAPTURE_CLOSED i=8313 epoch=122 pause_ms=0
CAPTURE_CLOSED i=8314 epoch=123 pause_ms=0
CAPTURE_CLOSED i=8315 epoch=124 pause_ms=0
CAPTURE_CLOSED i=8316 epoch=125 pause_ms=0
CAPTURE_CLOSED i=8317 epoch=126 pause_ms=0
CAPTURE_CLOSED i=8318 epoch=127 pause_ms=0
CAPTURE_CLOSED i=8319 epoch=128 pause_ms=0
CAPTURE_CLOSED i=8320 epoch=129 pause_ms=0
CAPTURE_CLOSED i=8321 epoch=130 pause_ms=0
CAPTURE_CLOSED i=8322 epoch=131 pause_ms=0
CAPTURE_CLOSED i=8323 epoch=132 pause_ms=0
CAPTURE_CLOSED i=8324 epoch=133 pause_ms=0
CAPTURE_CLOSED i=8325 epoch=134 pause_ms=0
CAPTURE_CLOSED i=8326 epoch=135 pause_ms=0
CAPTURE_CLOSED i=8327 epoch=136 pause_ms=0
CAPTURE_CLOSED i=8328 epoch=137 pause_ms=0
CAPTURE_CLOSED i=8329 epoch=138 pause_ms=0
CAPTURE_CLOSED i=8330 epoch=139 pause_ms=0
CAPTURE_CLOSED i=8331 epoch=140 pause_ms=0
CAPTURE_CLOSED i=8332 epoch=141 pause_ms=0
CAPTURE_CLOSED i=8333 epoch=142 pause_ms=0
CAPTURE_CLOSED i=8334 epoch=143 pause_ms=0
CAPTURE_CLOSED i=8335 epoch=144 pause_ms=0
CAPTURE_CLOSED i=8336 epoch=145 pause_ms=0
CAPTURE_CLOSED i=8337 epoch=146 pause_ms=0
CAPTURE_CLOSED i=8338 epoch=147 pause_ms=0
CAPTURE_CLOSED i=8339 epoch=148 pause_ms=0
CAPTURE_CLOSED i=8340 epoch=149 pause_ms=0
CAPTURE_CLOSED i=8341 epoch=150 pause_ms=0
CAPTURE_CLOSED i=8342 epoch=151 pause_ms=0
CAPTURE_CLOSED i=8343 epoch=152 pause_ms=0
CAPTURE_CLOSED i=8344 epoch=153 pause_ms=0
CAPTURE_CLOSED i=8345 epoch=154 pause_ms=0
CAPTURE_CLOSED i=8346 epoch=155 pause_ms=0
CAPTURE_CLOSED i=8347 epoch=156 pause_ms=0
CAPTURE_CLOSED i=8348 epoch=157 pause_ms=0
CAPTURE_CLOSED i=8349 epoch=158 pause_ms=0
CAPTURE_CLOSED i=8350 epoch=159 pause_ms=0
CAPTURE_CLOSED i=8351 epoch=160 pause_ms=0
CAPTURE_CLOSED i=8352 epoch=161 pause_ms=0
CAPTURE_CLOSED i=8353 epoch=162 pause_ms=0
CAPTURE_CLOSED i=8354 epoch=163 pause_ms=0
CAPTURE_CLOSED i=8355 epoch=164 pause_ms=0
CAPTURE_CLOSED i=8356 epoch=165 pause_ms=0
CAPTURE_CLOSED i=8357 epoch=166 pause_ms=0
CAPTURE_CLOSED i=8358 epoch=167 pause_ms=0
CAPTURE_CLOSED i=8359 epoch=168 pause_ms=0
CAPTURE_CLOSED i=8360 epoch=169 pause_ms=0
CAPTURE_CLOSED i=8361 epoch=170 pause_ms=0
CAPTURE_CLOSED i=8362 epoch=171 pause_ms=0
CAPTURE_CLOSED i=8363 epoch=172 pause_ms=0
CAPTURE_CLOSED i=8364 epoch=173 pause_ms=0
CAPTURE_CLOSED i=8365 epoch=174 pause_ms=0
CAPTURE_CLOSED i=8366 epoch=175 pause_ms=0
CAPTURE_CLOSED i=8367 epoch=176 pause_ms=0
CAPTURE_CLOSED i=8368 epoch=177 pause_ms=0
CAPTURE_CLOSED i=8369 epoch=178 pause_ms=0
CAPTURE_CLOSED i=8370 epoch=179 pause_ms=0
CAPTURE_CLOSED i=8371 epoch=180 pause_ms=0
CAPTURE_CLOSED i=8372 epoch=181 pause_ms=0
CAPTURE_CLOSED i=8373 epoch=182 pause_ms=0
CAPTURE_CLOSED i=8374 epoch=183 pause_ms=0
CAPTURE_CLOSED i=8375 epoch=184 pause_ms=0
CAPTURE_CLOSED i=8376 epoch=185 pause_ms=0
CAPTURE_CLOSED i=8377 epoch=186 pause_ms=0
CAPTURE_CLOSED i=8378 epoch=187 pause_ms=0
CAPTURE_CLOSED i=8379 epoch=188 pause_ms=0
CAPTURE_CLOSED i=8380 epoch=189 pause_ms=0
CAPTURE_CLOSED i=8381 epoch=190 pause_ms=0
CAPTURE_CLOSED i=8382 epoch=191 pause_ms=0
CAPTURE_CLOSED i=8383 epoch=192 pause_ms=0
CAPTURE_CLOSED i=8384 epoch=193 pause_ms=0
CAPTURE_CLOSED i=8385 epoch=194 pause_ms=0
CAPTURE_CLOSED i=8386 epoch=195 pause_ms=0
CAPTURE_CLOSED i=8387 epoch=196 pause_ms=0
CAPTURE_CLOSED i=8388 epoch=197 pause_ms=0
CAPTURE_CLOSED i=8389 epoch=198 pause_ms=0
CAPTURE_CLOSED i=8390 epoch=199 pause_ms=0
CAPTURE_CLOSED i=8391 epoch=200 pause_ms=0
CAPTURE_CLOSED i=8392 epoch=201 pause_ms=0
CAPTURE_CLOSED i=8393 epoch=202 pause_ms=0
CAPTURE_CLOSED i=8394 epoch=203 pause_ms=0
CAPTURE_CLOSED i=8395 epoch=204 pause_ms=0
CAPTURE_CLOSED i=8396 epoch=205 pause_ms=0
CAPTURE_CLOSED i=8397 epoch=206 pause_ms=0
CAPTURE_CLOSED i=8398 epoch=207 pause_ms=0
TRACE_SPI txn=8400 writes=24 host_observed_write_us=15525.910 post_spi_to_tune_return_us=3547.107
CAPTURE_CLOSED i=8399 epoch=208 pause_ms=0
mode=BOTH progress=8400 unrecovered=0 first_read_faults=0 recovered=0 last_epoch=208
CAPTURE_CLOSED i=8400 epoch=209 pause_ms=0
CAPTURE_CLOSED i=8401 epoch=210 pause_ms=0
CAPTURE_CLOSED i=8402 epoch=211 pause_ms=0
CAPTURE_CLOSED i=8403 epoch=212 pause_ms=0
CAPTURE_CLOSED i=8404 epoch=213 pause_ms=0
CAPTURE_CLOSED i=8405 epoch=214 pause_ms=0
CAPTURE_CLOSED i=8406 epoch=215 pause_ms=0
CAPTURE_CLOSED i=8407 epoch=216 pause_ms=0
CAPTURE_CLOSED i=8408 epoch=217 pause_ms=0
CAPTURE_CLOSED i=8409 epoch=218 pause_ms=0
CAPTURE_CLOSED i=8410 epoch=219 pause_ms=0
CAPTURE_CLOSED i=8411 epoch=220 pause_ms=0
CAPTURE_CLOSED i=8412 epoch=221 pause_ms=0
CAPTURE_CLOSED i=8413 epoch=222 pause_ms=0
CAPTURE_CLOSED i=8414 epoch=223 pause_ms=0
CAPTURE_CLOSED i=8415 epoch=224 pause_ms=0
CAPTURE_CLOSED i=8416 epoch=225 pause_ms=0
CAPTURE_CLOSED i=8417 epoch=226 pause_ms=0
CAPTURE_CLOSED i=8418 epoch=227 pause_ms=0
CAPTURE_CLOSED i=8419 epoch=228 pause_ms=0
CAPTURE_CLOSED i=8420 epoch=229 pause_ms=0
CAPTURE_CLOSED i=8421 epoch=230 pause_ms=0
CAPTURE_CLOSED i=8422 epoch=231 pause_ms=0
CAPTURE_CLOSED i=8423 epoch=232 pause_ms=0
CAPTURE_CLOSED i=8424 epoch=233 pause_ms=0
CAPTURE_CLOSED i=8425 epoch=234 pause_ms=0
CAPTURE_CLOSED i=8426 epoch=235 pause_ms=0
CAPTURE_CLOSED i=8427 epoch=236 pause_ms=0
CAPTURE_CLOSED i=8428 epoch=237 pause_ms=0
CAPTURE_CLOSED i=8429 epoch=238 pause_ms=0
CAPTURE_CLOSED i=8430 epoch=239 pause_ms=0
CAPTURE_CLOSED i=8431 epoch=240 pause_ms=0
CAPTURE_CLOSED i=8432 epoch=241 pause_ms=0
CAPTURE_CLOSED i=8433 epoch=242 pause_ms=0
CAPTURE_CLOSED i=8434 epoch=243 pause_ms=0
CAPTURE_CLOSED i=8435 epoch=244 pause_ms=0
CAPTURE_CLOSED i=8436 epoch=245 pause_ms=0
CAPTURE_CLOSED i=8437 epoch=246 pause_ms=0
CAPTURE_CLOSED i=8438 epoch=247 pause_ms=0
CAPTURE_CLOSED i=8439 epoch=248 pause_ms=0
CAPTURE_CLOSED i=8440 epoch=249 pause_ms=0
CAPTURE_CLOSED i=8441 epoch=250 pause_ms=0
CAPTURE_CLOSED i=8442 epoch=251 pause_ms=0
CAPTURE_CLOSED i=8443 epoch=252 pause_ms=0
CAPTURE_CLOSED i=8444 epoch=253 pause_ms=0
CAPTURE_CLOSED i=8445 epoch=254 pause_ms=0
CAPTURE_CLOSED i=8446 epoch=255 pause_ms=0
CAPTURE_CLOSED i=8447 epoch=0 pause_ms=0
CAPTURE_CLOSED i=8448 epoch=1 pause_ms=0
CAPTURE_CLOSED i=8449 epoch=2 pause_ms=0
CAPTURE_CLOSED i=8450 epoch=3 pause_ms=0
CAPTURE_CLOSED i=8451 epoch=4 pause_ms=0
CAPTURE_CLOSED i=8452 epoch=5 pause_ms=0
CAPTURE_CLOSED i=8453 epoch=6 pause_ms=0
CAPTURE_CLOSED i=8454 epoch=7 pause_ms=0
CAPTURE_CLOSED i=8455 epoch=8 pause_ms=0
CAPTURE_CLOSED i=8456 epoch=9 pause_ms=0
CAPTURE_CLOSED i=8457 epoch=10 pause_ms=0
CAPTURE_CLOSED i=8458 epoch=11 pause_ms=0
CAPTURE_CLOSED i=8459 epoch=12 pause_ms=0
CAPTURE_CLOSED i=8460 epoch=13 pause_ms=0
CAPTURE_CLOSED i=8461 epoch=14 pause_ms=0
CAPTURE_CLOSED i=8462 epoch=15 pause_ms=0
CAPTURE_CLOSED i=8463 epoch=16 pause_ms=0
CAPTURE_CLOSED i=8464 epoch=17 pause_ms=0
CAPTURE_CLOSED i=8465 epoch=18 pause_ms=0
CAPTURE_CLOSED i=8466 epoch=19 pause_ms=0
CAPTURE_CLOSED i=8467 epoch=20 pause_ms=0
CAPTURE_CLOSED i=8468 epoch=21 pause_ms=0
CAPTURE_CLOSED i=8469 epoch=22 pause_ms=0
CAPTURE_CLOSED i=8470 epoch=23 pause_ms=0
CAPTURE_CLOSED i=8471 epoch=24 pause_ms=0
CAPTURE_CLOSED i=8472 epoch=25 pause_ms=0
CAPTURE_CLOSED i=8473 epoch=26 pause_ms=0
CAPTURE_CLOSED i=8474 epoch=27 pause_ms=0
CAPTURE_CLOSED i=8475 epoch=28 pause_ms=0
CAPTURE_CLOSED i=8476 epoch=29 pause_ms=0
CAPTURE_CLOSED i=8477 epoch=30 pause_ms=0
CAPTURE_CLOSED i=8478 epoch=31 pause_ms=0
CAPTURE_CLOSED i=8479 epoch=32 pause_ms=0
CAPTURE_CLOSED i=8480 epoch=33 pause_ms=0
CAPTURE_CLOSED i=8481 epoch=34 pause_ms=0
CAPTURE_CLOSED i=8482 epoch=35 pause_ms=0
CAPTURE_CLOSED i=8483 epoch=36 pause_ms=0
CAPTURE_CLOSED i=8484 epoch=37 pause_ms=0
CAPTURE_CLOSED i=8485 epoch=38 pause_ms=0
CAPTURE_CLOSED i=8486 epoch=39 pause_ms=0
CAPTURE_CLOSED i=8487 epoch=40 pause_ms=0
CAPTURE_CLOSED i=8488 epoch=41 pause_ms=0
CAPTURE_CLOSED i=8489 epoch=42 pause_ms=0
CAPTURE_CLOSED i=8490 epoch=43 pause_ms=0
CAPTURE_CLOSED i=8491 epoch=44 pause_ms=0
CAPTURE_CLOSED i=8492 epoch=45 pause_ms=0
CAPTURE_CLOSED i=8493 epoch=46 pause_ms=0
CAPTURE_CLOSED i=8494 epoch=47 pause_ms=0
CAPTURE_CLOSED i=8495 epoch=48 pause_ms=0
CAPTURE_CLOSED i=8496 epoch=49 pause_ms=0
CAPTURE_CLOSED i=8497 epoch=50 pause_ms=0
CAPTURE_CLOSED i=8498 epoch=51 pause_ms=0
TRACE_SPI txn=8500 writes=24 host_observed_write_us=15613.772 post_spi_to_tune_return_us=3548.645
CAPTURE_CLOSED i=8499 epoch=52 pause_ms=0
mode=BOTH progress=8500 unrecovered=0 first_read_faults=0 recovered=0 last_epoch=52
CAPTURE_CLOSED i=8500 epoch=53 pause_ms=0
CAPTURE_CLOSED i=8501 epoch=54 pause_ms=0
CAPTURE_CLOSED i=8502 epoch=55 pause_ms=0
CAPTURE_CLOSED i=8503 epoch=56 pause_ms=0
CAPTURE_CLOSED i=8504 epoch=57 pause_ms=0
CAPTURE_CLOSED i=8505 epoch=58 pause_ms=0
CAPTURE_CLOSED i=8506 epoch=59 pause_ms=0
CAPTURE_CLOSED i=8507 epoch=60 pause_ms=0
CAPTURE_CLOSED i=8508 epoch=61 pause_ms=0
CAPTURE_CLOSED i=8509 epoch=62 pause_ms=0
CAPTURE_CLOSED i=8510 epoch=63 pause_ms=0
CAPTURE_CLOSED i=8511 epoch=64 pause_ms=0
CAPTURE_CLOSED i=8512 epoch=65 pause_ms=0
CAPTURE_CLOSED i=8513 epoch=66 pause_ms=0
CAPTURE_CLOSED i=8514 epoch=67 pause_ms=0
CAPTURE_CLOSED i=8515 epoch=68 pause_ms=0
CAPTURE_CLOSED i=8516 epoch=69 pause_ms=0
CAPTURE_CLOSED i=8517 epoch=70 pause_ms=0
CAPTURE_CLOSED i=8518 epoch=71 pause_ms=0
CAPTURE_CLOSED i=8519 epoch=72 pause_ms=0
CAPTURE_CLOSED i=8520 epoch=73 pause_ms=0
CAPTURE_CLOSED i=8521 epoch=74 pause_ms=0
CAPTURE_CLOSED i=8522 epoch=75 pause_ms=0
CAPTURE_CLOSED i=8523 epoch=76 pause_ms=0
CAPTURE_CLOSED i=8524 epoch=77 pause_ms=0
CAPTURE_CLOSED i=8525 epoch=78 pause_ms=0
CAPTURE_CLOSED i=8526 epoch=79 pause_ms=0
CAPTURE_CLOSED i=8527 epoch=80 pause_ms=0
CAPTURE_CLOSED i=8528 epoch=81 pause_ms=0
CAPTURE_CLOSED i=8529 epoch=82 pause_ms=0
CAPTURE_CLOSED i=8530 epoch=83 pause_ms=0
CAPTURE_CLOSED i=8531 epoch=84 pause_ms=0
CAPTURE_CLOSED i=8532 epoch=85 pause_ms=0
CAPTURE_CLOSED i=8533 epoch=86 pause_ms=0
CAPTURE_CLOSED i=8534 epoch=87 pause_ms=0
CAPTURE_CLOSED i=8535 epoch=88 pause_ms=0
CAPTURE_CLOSED i=8536 epoch=89 pause_ms=0
CAPTURE_CLOSED i=8537 epoch=90 pause_ms=0
CAPTURE_CLOSED i=8538 epoch=91 pause_ms=0
CAPTURE_CLOSED i=8539 epoch=92 pause_ms=0
CAPTURE_CLOSED i=8540 epoch=93 pause_ms=0
CAPTURE_CLOSED i=8541 epoch=94 pause_ms=0
CAPTURE_CLOSED i=8542 epoch=95 pause_ms=0
CAPTURE_CLOSED i=8543 epoch=96 pause_ms=0
CAPTURE_CLOSED i=8544 epoch=97 pause_ms=0
CAPTURE_CLOSED i=8545 epoch=98 pause_ms=0
CAPTURE_CLOSED i=8546 epoch=99 pause_ms=0
CAPTURE_CLOSED i=8547 epoch=100 pause_ms=0
CAPTURE_CLOSED i=8548 epoch=101 pause_ms=0
CAPTURE_CLOSED i=8549 epoch=102 pause_ms=0
CAPTURE_CLOSED i=8550 epoch=103 pause_ms=0
CAPTURE_CLOSED i=8551 epoch=104 pause_ms=0
CAPTURE_CLOSED i=8552 epoch=105 pause_ms=0
CAPTURE_CLOSED i=8553 epoch=106 pause_ms=0
CAPTURE_CLOSED i=8554 epoch=107 pause_ms=0
CAPTURE_CLOSED i=8555 epoch=108 pause_ms=0
CAPTURE_CLOSED i=8556 epoch=109 pause_ms=0
CAPTURE_CLOSED i=8557 epoch=110 pause_ms=0
CAPTURE_CLOSED i=8558 epoch=111 pause_ms=0
CAPTURE_CLOSED i=8559 epoch=112 pause_ms=0
CAPTURE_CLOSED i=8560 epoch=113 pause_ms=0
CAPTURE_CLOSED i=8561 epoch=114 pause_ms=0
CAPTURE_CLOSED i=8562 epoch=115 pause_ms=0
CAPTURE_CLOSED i=8563 epoch=116 pause_ms=0
CAPTURE_CLOSED i=8564 epoch=117 pause_ms=0
CAPTURE_CLOSED i=8565 epoch=118 pause_ms=0
CAPTURE_CLOSED i=8566 epoch=119 pause_ms=0
CAPTURE_CLOSED i=8567 epoch=120 pause_ms=0
CAPTURE_CLOSED i=8568 epoch=121 pause_ms=0
CAPTURE_CLOSED i=8569 epoch=122 pause_ms=0
CAPTURE_CLOSED i=8570 epoch=123 pause_ms=0
CAPTURE_CLOSED i=8571 epoch=124 pause_ms=0
CAPTURE_CLOSED i=8572 epoch=125 pause_ms=0
CAPTURE_CLOSED i=8573 epoch=126 pause_ms=0
CAPTURE_CLOSED i=8574 epoch=127 pause_ms=0
CAPTURE_CLOSED i=8575 epoch=128 pause_ms=0
CAPTURE_CLOSED i=8576 epoch=129 pause_ms=0
CAPTURE_CLOSED i=8577 epoch=130 pause_ms=0
CAPTURE_CLOSED i=8578 epoch=131 pause_ms=0
CAPTURE_CLOSED i=8579 epoch=132 pause_ms=0
CAPTURE_CLOSED i=8580 epoch=133 pause_ms=0
CAPTURE_CLOSED i=8581 epoch=134 pause_ms=0
CAPTURE_CLOSED i=8582 epoch=135 pause_ms=0
CAPTURE_CLOSED i=8583 epoch=136 pause_ms=0
CAPTURE_CLOSED i=8584 epoch=137 pause_ms=0
CAPTURE_CLOSED i=8585 epoch=138 pause_ms=0
CAPTURE_CLOSED i=8586 epoch=139 pause_ms=0
CAPTURE_CLOSED i=8587 epoch=140 pause_ms=0
CAPTURE_CLOSED i=8588 epoch=141 pause_ms=0
CAPTURE_CLOSED i=8589 epoch=142 pause_ms=0
CAPTURE_CLOSED i=8590 epoch=143 pause_ms=0
CAPTURE_CLOSED i=8591 epoch=144 pause_ms=0
CAPTURE_CLOSED i=8592 epoch=145 pause_ms=0
CAPTURE_CLOSED i=8593 epoch=146 pause_ms=0
CAPTURE_CLOSED i=8594 epoch=147 pause_ms=0
CAPTURE_CLOSED i=8595 epoch=148 pause_ms=0
CAPTURE_CLOSED i=8596 epoch=149 pause_ms=0
CAPTURE_CLOSED i=8597 epoch=150 pause_ms=0
CAPTURE_CLOSED i=8598 epoch=151 pause_ms=0
TRACE_SPI txn=8600 writes=24 host_observed_write_us=15523.929 post_spi_to_tune_return_us=3504.638
CAPTURE_CLOSED i=8599 epoch=152 pause_ms=0
mode=BOTH progress=8600 unrecovered=0 first_read_faults=0 recovered=0 last_epoch=152
CAPTURE_CLOSED i=8600 epoch=153 pause_ms=0
CAPTURE_CLOSED i=8601 epoch=154 pause_ms=0
CAPTURE_CLOSED i=8602 epoch=155 pause_ms=0
CAPTURE_CLOSED i=8603 epoch=156 pause_ms=0
CAPTURE_CLOSED i=8604 epoch=157 pause_ms=0
CAPTURE_CLOSED i=8605 epoch=158 pause_ms=0
CAPTURE_CLOSED i=8606 epoch=159 pause_ms=0
CAPTURE_CLOSED i=8607 epoch=160 pause_ms=0
CAPTURE_CLOSED i=8608 epoch=161 pause_ms=0
CAPTURE_CLOSED i=8609 epoch=162 pause_ms=0
CAPTURE_CLOSED i=8610 epoch=163 pause_ms=0
CAPTURE_CLOSED i=8611 epoch=164 pause_ms=0
CAPTURE_CLOSED i=8612 epoch=165 pause_ms=0
CAPTURE_CLOSED i=8613 epoch=166 pause_ms=0
CAPTURE_CLOSED i=8614 epoch=167 pause_ms=0
CAPTURE_CLOSED i=8615 epoch=168 pause_ms=0
CAPTURE_CLOSED i=8616 epoch=169 pause_ms=0
CAPTURE_CLOSED i=8617 epoch=170 pause_ms=0
CAPTURE_CLOSED i=8618 epoch=171 pause_ms=0
CAPTURE_CLOSED i=8619 epoch=172 pause_ms=0
CAPTURE_CLOSED i=8620 epoch=173 pause_ms=0
CAPTURE_CLOSED i=8621 epoch=174 pause_ms=0
CAPTURE_CLOSED i=8622 epoch=175 pause_ms=0
CAPTURE_CLOSED i=8623 epoch=176 pause_ms=0
CAPTURE_CLOSED i=8624 epoch=177 pause_ms=0
CAPTURE_CLOSED i=8625 epoch=178 pause_ms=0
CAPTURE_CLOSED i=8626 epoch=179 pause_ms=0
CAPTURE_CLOSED i=8627 epoch=180 pause_ms=0
CAPTURE_CLOSED i=8628 epoch=181 pause_ms=0
CAPTURE_CLOSED i=8629 epoch=182 pause_ms=0
CAPTURE_CLOSED i=8630 epoch=183 pause_ms=0
CAPTURE_CLOSED i=8631 epoch=184 pause_ms=0
CAPTURE_CLOSED i=8632 epoch=185 pause_ms=0
CAPTURE_CLOSED i=8633 epoch=186 pause_ms=0
CAPTURE_CLOSED i=8634 epoch=187 pause_ms=0
CAPTURE_CLOSED i=8635 epoch=188 pause_ms=0
CAPTURE_CLOSED i=8636 epoch=189 pause_ms=0
CAPTURE_CLOSED i=8637 epoch=190 pause_ms=0
CAPTURE_CLOSED i=8638 epoch=191 pause_ms=0
CAPTURE_CLOSED i=8639 epoch=192 pause_ms=0
CAPTURE_CLOSED i=8640 epoch=193 pause_ms=0
CAPTURE_CLOSED i=8641 epoch=194 pause_ms=0
CAPTURE_CLOSED i=8642 epoch=195 pause_ms=0
CAPTURE_CLOSED i=8643 epoch=196 pause_ms=0
CAPTURE_CLOSED i=8644 epoch=197 pause_ms=0
CAPTURE_CLOSED i=8645 epoch=198 pause_ms=0
CAPTURE_CLOSED i=8646 epoch=199 pause_ms=0
CAPTURE_CLOSED i=8647 epoch=200 pause_ms=0
CAPTURE_CLOSED i=8648 epoch=201 pause_ms=0
CAPTURE_CLOSED i=8649 epoch=202 pause_ms=0
CAPTURE_CLOSED i=8650 epoch=203 pause_ms=0
CAPTURE_CLOSED i=8651 epoch=204 pause_ms=0
CAPTURE_CLOSED i=8652 epoch=205 pause_ms=0
CAPTURE_CLOSED i=8653 epoch=206 pause_ms=0
CAPTURE_CLOSED i=8654 epoch=207 pause_ms=0
CAPTURE_CLOSED i=8655 epoch=208 pause_ms=0
CAPTURE_CLOSED i=8656 epoch=209 pause_ms=0
CAPTURE_CLOSED i=8657 epoch=210 pause_ms=0
CAPTURE_CLOSED i=8658 epoch=211 pause_ms=0
CAPTURE_CLOSED i=8659 epoch=212 pause_ms=0
CAPTURE_CLOSED i=8660 epoch=213 pause_ms=0
CAPTURE_CLOSED i=8661 epoch=214 pause_ms=0
CAPTURE_CLOSED i=8662 epoch=215 pause_ms=0
CAPTURE_CLOSED i=8663 epoch=216 pause_ms=0
CAPTURE_CLOSED i=8664 epoch=217 pause_ms=0
CAPTURE_CLOSED i=8665 epoch=218 pause_ms=0
CAPTURE_CLOSED i=8666 epoch=219 pause_ms=0
CAPTURE_CLOSED i=8667 epoch=220 pause_ms=0
CAPTURE_CLOSED i=8668 epoch=221 pause_ms=0
CAPTURE_CLOSED i=8669 epoch=222 pause_ms=0
CAPTURE_CLOSED i=8670 epoch=223 pause_ms=0
CAPTURE_CLOSED i=8671 epoch=224 pause_ms=0
CAPTURE_CLOSED i=8672 epoch=225 pause_ms=0
CAPTURE_CLOSED i=8673 epoch=226 pause_ms=0
CAPTURE_CLOSED i=8674 epoch=227 pause_ms=0
CAPTURE_CLOSED i=8675 epoch=228 pause_ms=0
CAPTURE_CLOSED i=8676 epoch=229 pause_ms=0
CAPTURE_CLOSED i=8677 epoch=230 pause_ms=0
CAPTURE_CLOSED i=8678 epoch=231 pause_ms=0
CAPTURE_CLOSED i=8679 epoch=232 pause_ms=0
CAPTURE_CLOSED i=8680 epoch=233 pause_ms=0
CAPTURE_CLOSED i=8681 epoch=234 pause_ms=0
CAPTURE_CLOSED i=8682 epoch=235 pause_ms=0
CAPTURE_CLOSED i=8683 epoch=236 pause_ms=0
CAPTURE_CLOSED i=8684 epoch=237 pause_ms=0
CAPTURE_CLOSED i=8685 epoch=238 pause_ms=0
CAPTURE_CLOSED i=8686 epoch=239 pause_ms=0
CAPTURE_CLOSED i=8687 epoch=240 pause_ms=0
CAPTURE_CLOSED i=8688 epoch=241 pause_ms=0
CAPTURE_CLOSED i=8689 epoch=242 pause_ms=0
CAPTURE_CLOSED i=8690 epoch=243 pause_ms=0
CAPTURE_CLOSED i=8691 epoch=244 pause_ms=0
CAPTURE_CLOSED i=8692 epoch=245 pause_ms=0
CAPTURE_CLOSED i=8693 epoch=246 pause_ms=0
CAPTURE_CLOSED i=8694 epoch=247 pause_ms=0
CAPTURE_CLOSED i=8695 epoch=248 pause_ms=0
CAPTURE_CLOSED i=8696 epoch=249 pause_ms=0
CAPTURE_CLOSED i=8697 epoch=250 pause_ms=0
CAPTURE_CLOSED i=8698 epoch=251 pause_ms=0
TRACE_SPI txn=8700 writes=24 host_observed_write_us=15524.682 post_spi_to_tune_return_us=3504.879
CAPTURE_CLOSED i=8699 epoch=252 pause_ms=0
mode=BOTH progress=8700 unrecovered=0 first_read_faults=0 recovered=0 last_epoch=252
CAPTURE_CLOSED i=8700 epoch=253 pause_ms=0
CAPTURE_CLOSED i=8701 epoch=254 pause_ms=0
CAPTURE_CLOSED i=8702 epoch=255 pause_ms=0
CAPTURE_CLOSED i=8703 epoch=0 pause_ms=0
CAPTURE_CLOSED i=8704 epoch=1 pause_ms=0
CAPTURE_CLOSED i=8705 epoch=2 pause_ms=0
CAPTURE_CLOSED i=8706 epoch=3 pause_ms=0
CAPTURE_CLOSED i=8707 epoch=4 pause_ms=0
CAPTURE_CLOSED i=8708 epoch=5 pause_ms=0
CAPTURE_CLOSED i=8709 epoch=6 pause_ms=0
CAPTURE_CLOSED i=8710 epoch=7 pause_ms=0
CAPTURE_CLOSED i=8711 epoch=8 pause_ms=0
CAPTURE_CLOSED i=8712 epoch=9 pause_ms=0
CAPTURE_CLOSED i=8713 epoch=10 pause_ms=0
CAPTURE_CLOSED i=8714 epoch=11 pause_ms=0
CAPTURE_CLOSED i=8715 epoch=12 pause_ms=0
CAPTURE_CLOSED i=8716 epoch=13 pause_ms=0
CAPTURE_CLOSED i=8717 epoch=14 pause_ms=0
CAPTURE_CLOSED i=8718 epoch=15 pause_ms=0
CAPTURE_CLOSED i=8719 epoch=16 pause_ms=0
CAPTURE_CLOSED i=8720 epoch=17 pause_ms=0
CAPTURE_CLOSED i=8721 epoch=18 pause_ms=0
CAPTURE_CLOSED i=8722 epoch=19 pause_ms=0
CAPTURE_CLOSED i=8723 epoch=20 pause_ms=0
CAPTURE_CLOSED i=8724 epoch=21 pause_ms=0
CAPTURE_CLOSED i=8725 epoch=22 pause_ms=0
CAPTURE_CLOSED i=8726 epoch=23 pause_ms=0
CAPTURE_CLOSED i=8727 epoch=24 pause_ms=0
CAPTURE_CLOSED i=8728 epoch=25 pause_ms=0
CAPTURE_CLOSED i=8729 epoch=26 pause_ms=0
CAPTURE_CLOSED i=8730 epoch=27 pause_ms=0
CAPTURE_CLOSED i=8731 epoch=28 pause_ms=0
CAPTURE_CLOSED i=8732 epoch=29 pause_ms=0
CAPTURE_CLOSED i=8733 epoch=30 pause_ms=0
CAPTURE_CLOSED i=8734 epoch=31 pause_ms=0
CAPTURE_CLOSED i=8735 epoch=32 pause_ms=0
CAPTURE_CLOSED i=8736 epoch=33 pause_ms=0
CAPTURE_CLOSED i=8737 epoch=34 pause_ms=0
CAPTURE_CLOSED i=8738 epoch=35 pause_ms=0
CAPTURE_CLOSED i=8739 epoch=36 pause_ms=0
CAPTURE_CLOSED i=8740 epoch=37 pause_ms=0
CAPTURE_CLOSED i=8741 epoch=38 pause_ms=0
CAPTURE_CLOSED i=8742 epoch=39 pause_ms=0
CAPTURE_CLOSED i=8743 epoch=40 pause_ms=0
CAPTURE_CLOSED i=8744 epoch=41 pause_ms=0
CAPTURE_CLOSED i=8745 epoch=42 pause_ms=0
CAPTURE_CLOSED i=8746 epoch=43 pause_ms=0
CAPTURE_CLOSED i=8747 epoch=44 pause_ms=0
CAPTURE_CLOSED i=8748 epoch=45 pause_ms=0
CAPTURE_CLOSED i=8749 epoch=46 pause_ms=0
CAPTURE_CLOSED i=8750 epoch=47 pause_ms=0
CAPTURE_CLOSED i=8751 epoch=48 pause_ms=0
CAPTURE_CLOSED i=8752 epoch=49 pause_ms=0
CAPTURE_CLOSED i=8753 epoch=50 pause_ms=0
CAPTURE_CLOSED i=8754 epoch=51 pause_ms=0
CAPTURE_CLOSED i=8755 epoch=52 pause_ms=0
CAPTURE_CLOSED i=8756 epoch=53 pause_ms=0
CAPTURE_CLOSED i=8757 epoch=54 pause_ms=0
CAPTURE_CLOSED i=8758 epoch=55 pause_ms=0
CAPTURE_CLOSED i=8759 epoch=56 pause_ms=0
CAPTURE_CLOSED i=8760 epoch=57 pause_ms=0
CAPTURE_CLOSED i=8761 epoch=58 pause_ms=0
CAPTURE_CLOSED i=8762 epoch=59 pause_ms=0
CAPTURE_CLOSED i=8763 epoch=60 pause_ms=0
CAPTURE_CLOSED i=8764 epoch=61 pause_ms=0
CAPTURE_CLOSED i=8765 epoch=62 pause_ms=0
CAPTURE_CLOSED i=8766 epoch=63 pause_ms=0
CAPTURE_CLOSED i=8767 epoch=64 pause_ms=0
CAPTURE_CLOSED i=8768 epoch=65 pause_ms=0
CAPTURE_CLOSED i=8769 epoch=66 pause_ms=0
CAPTURE_CLOSED i=8770 epoch=67 pause_ms=0
CAPTURE_CLOSED i=8771 epoch=68 pause_ms=0
CAPTURE_CLOSED i=8772 epoch=69 pause_ms=0
CAPTURE_CLOSED i=8773 epoch=70 pause_ms=0
CAPTURE_CLOSED i=8774 epoch=71 pause_ms=0
CAPTURE_CLOSED i=8775 epoch=72 pause_ms=0
CAPTURE_CLOSED i=8776 epoch=73 pause_ms=0
CAPTURE_CLOSED i=8777 epoch=74 pause_ms=0
CAPTURE_CLOSED i=8778 epoch=75 pause_ms=0
CAPTURE_CLOSED i=8779 epoch=76 pause_ms=0
CAPTURE_CLOSED i=8780 epoch=77 pause_ms=0
CAPTURE_CLOSED i=8781 epoch=78 pause_ms=0
CAPTURE_CLOSED i=8782 epoch=79 pause_ms=0
CAPTURE_CLOSED i=8783 epoch=80 pause_ms=0
CAPTURE_CLOSED i=8784 epoch=81 pause_ms=0
CAPTURE_CLOSED i=8785 epoch=82 pause_ms=0
CAPTURE_CLOSED i=8786 epoch=83 pause_ms=0
CAPTURE_CLOSED i=8787 epoch=84 pause_ms=0
CAPTURE_CLOSED i=8788 epoch=85 pause_ms=0
CAPTURE_CLOSED i=8789 epoch=86 pause_ms=0
CAPTURE_CLOSED i=8790 epoch=87 pause_ms=0
CAPTURE_CLOSED i=8791 epoch=88 pause_ms=0
CAPTURE_CLOSED i=8792 epoch=89 pause_ms=0
CAPTURE_CLOSED i=8793 epoch=90 pause_ms=0
CAPTURE_CLOSED i=8794 epoch=91 pause_ms=0
CAPTURE_CLOSED i=8795 epoch=92 pause_ms=0
CAPTURE_CLOSED i=8796 epoch=93 pause_ms=0
CAPTURE_CLOSED i=8797 epoch=94 pause_ms=0
CAPTURE_CLOSED i=8798 epoch=95 pause_ms=0
TRACE_SPI txn=8800 writes=24 host_observed_write_us=15432.869 post_spi_to_tune_return_us=3372.060
CAPTURE_CLOSED i=8799 epoch=96 pause_ms=0
mode=BOTH progress=8800 unrecovered=0 first_read_faults=0 recovered=0 last_epoch=96
CAPTURE_CLOSED i=8800 epoch=97 pause_ms=0
CAPTURE_CLOSED i=8801 epoch=98 pause_ms=0
CAPTURE_CLOSED i=8802 epoch=99 pause_ms=0
CAPTURE_CLOSED i=8803 epoch=100 pause_ms=0
CAPTURE_CLOSED i=8804 epoch=101 pause_ms=0
CAPTURE_CLOSED i=8805 epoch=102 pause_ms=0
CAPTURE_CLOSED i=8806 epoch=103 pause_ms=0
CAPTURE_CLOSED i=8807 epoch=104 pause_ms=0
CAPTURE_CLOSED i=8808 epoch=105 pause_ms=0
CAPTURE_CLOSED i=8809 epoch=106 pause_ms=0
CAPTURE_CLOSED i=8810 epoch=107 pause_ms=0
CAPTURE_CLOSED i=8811 epoch=108 pause_ms=0
CAPTURE_CLOSED i=8812 epoch=109 pause_ms=0
CAPTURE_CLOSED i=8813 epoch=110 pause_ms=0
CAPTURE_CLOSED i=8814 epoch=111 pause_ms=0
CAPTURE_CLOSED i=8815 epoch=112 pause_ms=0
CAPTURE_CLOSED i=8816 epoch=113 pause_ms=0
CAPTURE_CLOSED i=8817 epoch=114 pause_ms=0
CAPTURE_CLOSED i=8818 epoch=115 pause_ms=0
CAPTURE_CLOSED i=8819 epoch=116 pause_ms=0
CAPTURE_CLOSED i=8820 epoch=117 pause_ms=0
CAPTURE_CLOSED i=8821 epoch=118 pause_ms=0
CAPTURE_CLOSED i=8822 epoch=119 pause_ms=0
CAPTURE_CLOSED i=8823 epoch=120 pause_ms=0
CAPTURE_CLOSED i=8824 epoch=121 pause_ms=0
CAPTURE_CLOSED i=8825 epoch=122 pause_ms=0
CAPTURE_CLOSED i=8826 epoch=123 pause_ms=0
CAPTURE_CLOSED i=8827 epoch=124 pause_ms=0
CAPTURE_CLOSED i=8828 epoch=125 pause_ms=0
CAPTURE_CLOSED i=8829 epoch=126 pause_ms=0
CAPTURE_CLOSED i=8830 epoch=127 pause_ms=0
CAPTURE_CLOSED i=8831 epoch=128 pause_ms=0
CAPTURE_CLOSED i=8832 epoch=129 pause_ms=0
CAPTURE_CLOSED i=8833 epoch=130 pause_ms=0
CAPTURE_CLOSED i=8834 epoch=131 pause_ms=0
CAPTURE_CLOSED i=8835 epoch=132 pause_ms=0
CAPTURE_CLOSED i=8836 epoch=133 pause_ms=0
CAPTURE_CLOSED i=8837 epoch=134 pause_ms=0
CAPTURE_CLOSED i=8838 epoch=135 pause_ms=0
CAPTURE_CLOSED i=8839 epoch=136 pause_ms=0
CAPTURE_CLOSED i=8840 epoch=137 pause_ms=0
CAPTURE_CLOSED i=8841 epoch=138 pause_ms=0
CAPTURE_CLOSED i=8842 epoch=139 pause_ms=0
CAPTURE_CLOSED i=8843 epoch=140 pause_ms=0
CAPTURE_CLOSED i=8844 epoch=141 pause_ms=0
CAPTURE_CLOSED i=8845 epoch=142 pause_ms=0
CAPTURE_CLOSED i=8846 epoch=143 pause_ms=0
CAPTURE_CLOSED i=8847 epoch=144 pause_ms=0
CAPTURE_CLOSED i=8848 epoch=145 pause_ms=0
CAPTURE_CLOSED i=8849 epoch=146 pause_ms=0
CAPTURE_CLOSED i=8850 epoch=147 pause_ms=0
CAPTURE_CLOSED i=8851 epoch=148 pause_ms=0
CAPTURE_CLOSED i=8852 epoch=149 pause_ms=0
CAPTURE_CLOSED i=8853 epoch=150 pause_ms=0
CAPTURE_CLOSED i=8854 epoch=151 pause_ms=0
CAPTURE_CLOSED i=8855 epoch=152 pause_ms=0
CAPTURE_CLOSED i=8856 epoch=153 pause_ms=0
CAPTURE_CLOSED i=8857 epoch=154 pause_ms=0
CAPTURE_CLOSED i=8858 epoch=155 pause_ms=0
CAPTURE_CLOSED i=8859 epoch=156 pause_ms=0
CAPTURE_CLOSED i=8860 epoch=157 pause_ms=0
CAPTURE_CLOSED i=8861 epoch=158 pause_ms=0
CAPTURE_CLOSED i=8862 epoch=159 pause_ms=0
CAPTURE_CLOSED i=8863 epoch=160 pause_ms=0
CAPTURE_CLOSED i=8864 epoch=161 pause_ms=0
CAPTURE_CLOSED i=8865 epoch=162 pause_ms=0
CAPTURE_CLOSED i=8866 epoch=163 pause_ms=0
CAPTURE_CLOSED i=8867 epoch=164 pause_ms=0
CAPTURE_CLOSED i=8868 epoch=165 pause_ms=0
CAPTURE_CLOSED i=8869 epoch=166 pause_ms=0
CAPTURE_CLOSED i=8870 epoch=167 pause_ms=0
CAPTURE_CLOSED i=8871 epoch=168 pause_ms=0
CAPTURE_CLOSED i=8872 epoch=169 pause_ms=0
CAPTURE_CLOSED i=8873 epoch=170 pause_ms=0
CAPTURE_CLOSED i=8874 epoch=171 pause_ms=0
CAPTURE_CLOSED i=8875 epoch=172 pause_ms=0
CAPTURE_CLOSED i=8876 epoch=173 pause_ms=0
CAPTURE_CLOSED i=8877 epoch=174 pause_ms=0
CAPTURE_CLOSED i=8878 epoch=175 pause_ms=0
CAPTURE_CLOSED i=8879 epoch=176 pause_ms=0
CAPTURE_CLOSED i=8880 epoch=177 pause_ms=0
CAPTURE_CLOSED i=8881 epoch=178 pause_ms=0
CAPTURE_CLOSED i=8882 epoch=179 pause_ms=0
CAPTURE_CLOSED i=8883 epoch=180 pause_ms=0
CAPTURE_CLOSED i=8884 epoch=181 pause_ms=0
CAPTURE_CLOSED i=8885 epoch=182 pause_ms=0
CAPTURE_CLOSED i=8886 epoch=183 pause_ms=0
CAPTURE_CLOSED i=8887 epoch=184 pause_ms=0
CAPTURE_CLOSED i=8888 epoch=185 pause_ms=0
CAPTURE_CLOSED i=8889 epoch=186 pause_ms=0
CAPTURE_CLOSED i=8890 epoch=187 pause_ms=0
CAPTURE_CLOSED i=8891 epoch=188 pause_ms=0
CAPTURE_CLOSED i=8892 epoch=189 pause_ms=0
CAPTURE_CLOSED i=8893 epoch=190 pause_ms=0
CAPTURE_CLOSED i=8894 epoch=191 pause_ms=0
CAPTURE_CLOSED i=8895 epoch=192 pause_ms=0
CAPTURE_CLOSED i=8896 epoch=193 pause_ms=0
CAPTURE_CLOSED i=8897 epoch=194 pause_ms=0
CAPTURE_CLOSED i=8898 epoch=195 pause_ms=0
TRACE_SPI txn=8900 writes=24 host_observed_write_us=15525.201 post_spi_to_tune_return_us=3504.986
CAPTURE_CLOSED i=8899 epoch=196 pause_ms=0
mode=BOTH progress=8900 unrecovered=0 first_read_faults=0 recovered=0 last_epoch=196
CAPTURE_CLOSED i=8900 epoch=197 pause_ms=0
CAPTURE_CLOSED i=8901 epoch=198 pause_ms=0
CAPTURE_CLOSED i=8902 epoch=199 pause_ms=0
CAPTURE_CLOSED i=8903 epoch=200 pause_ms=0
CAPTURE_CLOSED i=8904 epoch=201 pause_ms=0
CAPTURE_CLOSED i=8905 epoch=202 pause_ms=0
CAPTURE_CLOSED i=8906 epoch=203 pause_ms=0
CAPTURE_CLOSED i=8907 epoch=204 pause_ms=0
CAPTURE_CLOSED i=8908 epoch=205 pause_ms=0
CAPTURE_CLOSED i=8909 epoch=206 pause_ms=0
CAPTURE_CLOSED i=8910 epoch=207 pause_ms=0
CAPTURE_CLOSED i=8911 epoch=208 pause_ms=0
CAPTURE_CLOSED i=8912 epoch=209 pause_ms=0
CAPTURE_CLOSED i=8913 epoch=210 pause_ms=0
CAPTURE_CLOSED i=8914 epoch=211 pause_ms=0
CAPTURE_CLOSED i=8915 epoch=212 pause_ms=0
CAPTURE_CLOSED i=8916 epoch=213 pause_ms=0
CAPTURE_CLOSED i=8917 epoch=214 pause_ms=0
CAPTURE_CLOSED i=8918 epoch=215 pause_ms=0
CAPTURE_CLOSED i=8919 epoch=216 pause_ms=0
CAPTURE_CLOSED i=8920 epoch=217 pause_ms=0
CAPTURE_CLOSED i=8921 epoch=218 pause_ms=0
CAPTURE_CLOSED i=8922 epoch=219 pause_ms=0
CAPTURE_CLOSED i=8923 epoch=220 pause_ms=0
CAPTURE_CLOSED i=8924 epoch=221 pause_ms=0
CAPTURE_CLOSED i=8925 epoch=222 pause_ms=0
CAPTURE_CLOSED i=8926 epoch=223 pause_ms=0
CAPTURE_CLOSED i=8927 epoch=224 pause_ms=0
CAPTURE_CLOSED i=8928 epoch=225 pause_ms=0
CAPTURE_CLOSED i=8929 epoch=226 pause_ms=0
CAPTURE_CLOSED i=8930 epoch=227 pause_ms=0
CAPTURE_CLOSED i=8931 epoch=228 pause_ms=0
CAPTURE_CLOSED i=8932 epoch=229 pause_ms=0
CAPTURE_CLOSED i=8933 epoch=230 pause_ms=0
CAPTURE_CLOSED i=8934 epoch=231 pause_ms=0
CAPTURE_CLOSED i=8935 epoch=232 pause_ms=0
CAPTURE_CLOSED i=8936 epoch=233 pause_ms=0
CAPTURE_CLOSED i=8937 epoch=234 pause_ms=0
CAPTURE_CLOSED i=8938 epoch=235 pause_ms=0
CAPTURE_CLOSED i=8939 epoch=236 pause_ms=0
CAPTURE_CLOSED i=8940 epoch=237 pause_ms=0
CAPTURE_CLOSED i=8941 epoch=238 pause_ms=0
CAPTURE_CLOSED i=8942 epoch=239 pause_ms=0
CAPTURE_CLOSED i=8943 epoch=240 pause_ms=0
CAPTURE_CLOSED i=8944 epoch=241 pause_ms=0
CAPTURE_CLOSED i=8945 epoch=242 pause_ms=0
CAPTURE_CLOSED i=8946 epoch=243 pause_ms=0
CAPTURE_CLOSED i=8947 epoch=244 pause_ms=0
CAPTURE_CLOSED i=8948 epoch=245 pause_ms=0
CAPTURE_CLOSED i=8949 epoch=246 pause_ms=0
CAPTURE_CLOSED i=8950 epoch=247 pause_ms=0
CAPTURE_CLOSED i=8951 epoch=248 pause_ms=0
CAPTURE_CLOSED i=8952 epoch=249 pause_ms=0
CAPTURE_CLOSED i=8953 epoch=250 pause_ms=0
CAPTURE_CLOSED i=8954 epoch=251 pause_ms=0
CAPTURE_CLOSED i=8955 epoch=252 pause_ms=0
CAPTURE_CLOSED i=8956 epoch=253 pause_ms=0
CAPTURE_CLOSED i=8957 epoch=254 pause_ms=0
CAPTURE_CLOSED i=8958 epoch=255 pause_ms=0
CAPTURE_CLOSED i=8959 epoch=0 pause_ms=0
CAPTURE_CLOSED i=8960 epoch=1 pause_ms=0
CAPTURE_CLOSED i=8961 epoch=2 pause_ms=0
CAPTURE_CLOSED i=8962 epoch=3 pause_ms=0
CAPTURE_CLOSED i=8963 epoch=4 pause_ms=0
CAPTURE_CLOSED i=8964 epoch=5 pause_ms=0
CAPTURE_CLOSED i=8965 epoch=6 pause_ms=0
CAPTURE_CLOSED i=8966 epoch=7 pause_ms=0
CAPTURE_CLOSED i=8967 epoch=8 pause_ms=0
CAPTURE_CLOSED i=8968 epoch=9 pause_ms=0
CAPTURE_CLOSED i=8969 epoch=10 pause_ms=0
CAPTURE_CLOSED i=8970 epoch=11 pause_ms=0
CAPTURE_CLOSED i=8971 epoch=12 pause_ms=0
CAPTURE_CLOSED i=8972 epoch=13 pause_ms=0
CAPTURE_CLOSED i=8973 epoch=14 pause_ms=0
CAPTURE_CLOSED i=8974 epoch=15 pause_ms=0
CAPTURE_CLOSED i=8975 epoch=16 pause_ms=0
CAPTURE_CLOSED i=8976 epoch=17 pause_ms=0
CAPTURE_CLOSED i=8977 epoch=18 pause_ms=0
CAPTURE_CLOSED i=8978 epoch=19 pause_ms=0
CAPTURE_CLOSED i=8979 epoch=20 pause_ms=0
CAPTURE_CLOSED i=8980 epoch=21 pause_ms=0
CAPTURE_CLOSED i=8981 epoch=22 pause_ms=0
CAPTURE_CLOSED i=8982 epoch=23 pause_ms=0
CAPTURE_CLOSED i=8983 epoch=24 pause_ms=0
CAPTURE_CLOSED i=8984 epoch=25 pause_ms=0
CAPTURE_CLOSED i=8985 epoch=26 pause_ms=0
CAPTURE_CLOSED i=8986 epoch=27 pause_ms=0
CAPTURE_CLOSED i=8987 epoch=28 pause_ms=0
CAPTURE_CLOSED i=8988 epoch=29 pause_ms=0
CAPTURE_CLOSED i=8989 epoch=30 pause_ms=0
CAPTURE_CLOSED i=8990 epoch=31 pause_ms=0
CAPTURE_CLOSED i=8991 epoch=32 pause_ms=0
CAPTURE_CLOSED i=8992 epoch=33 pause_ms=0
CAPTURE_CLOSED i=8993 epoch=34 pause_ms=0
CAPTURE_CLOSED i=8994 epoch=35 pause_ms=0
CAPTURE_CLOSED i=8995 epoch=36 pause_ms=0
CAPTURE_CLOSED i=8996 epoch=37 pause_ms=0
CAPTURE_CLOSED i=8997 epoch=38 pause_ms=0
CAPTURE_CLOSED i=8998 epoch=39 pause_ms=0
TRACE_SPI txn=9000 writes=24 host_observed_write_us=15835.089 post_spi_to_tune_return_us=3466.490
CAPTURE_CLOSED i=8999 epoch=40 pause_ms=0
mode=BOTH progress=9000 unrecovered=0 first_read_faults=0 recovered=0 last_epoch=40
CAPTURE_CLOSED i=9000 epoch=41 pause_ms=0
CAPTURE_CLOSED i=9001 epoch=42 pause_ms=0
CAPTURE_CLOSED i=9002 epoch=43 pause_ms=0
CAPTURE_CLOSED i=9003 epoch=44 pause_ms=0
CAPTURE_CLOSED i=9004 epoch=45 pause_ms=0
CAPTURE_CLOSED i=9005 epoch=46 pause_ms=0
CAPTURE_CLOSED i=9006 epoch=47 pause_ms=0
CAPTURE_CLOSED i=9007 epoch=48 pause_ms=0
CAPTURE_CLOSED i=9008 epoch=49 pause_ms=0
CAPTURE_CLOSED i=9009 epoch=50 pause_ms=0
CAPTURE_CLOSED i=9010 epoch=51 pause_ms=0
CAPTURE_CLOSED i=9011 epoch=52 pause_ms=0
CAPTURE_CLOSED i=9012 epoch=53 pause_ms=0
CAPTURE_CLOSED i=9013 epoch=54 pause_ms=0
CAPTURE_CLOSED i=9014 epoch=55 pause_ms=0
CAPTURE_CLOSED i=9015 epoch=56 pause_ms=0
CAPTURE_CLOSED i=9016 epoch=57 pause_ms=0
CAPTURE_CLOSED i=9017 epoch=58 pause_ms=0
CAPTURE_CLOSED i=9018 epoch=59 pause_ms=0
CAPTURE_CLOSED i=9019 epoch=60 pause_ms=0
CAPTURE_CLOSED i=9020 epoch=61 pause_ms=0
CAPTURE_CLOSED i=9021 epoch=62 pause_ms=0
CAPTURE_CLOSED i=9022 epoch=63 pause_ms=0
CAPTURE_CLOSED i=9023 epoch=64 pause_ms=0
CAPTURE_CLOSED i=9024 epoch=65 pause_ms=0
CAPTURE_CLOSED i=9025 epoch=66 pause_ms=0
CAPTURE_CLOSED i=9026 epoch=67 pause_ms=0
CAPTURE_CLOSED i=9027 epoch=68 pause_ms=0
CAPTURE_CLOSED i=9028 epoch=69 pause_ms=0
CAPTURE_CLOSED i=9029 epoch=70 pause_ms=0
CAPTURE_CLOSED i=9030 epoch=71 pause_ms=0
CAPTURE_CLOSED i=9031 epoch=72 pause_ms=0
CAPTURE_CLOSED i=9032 epoch=73 pause_ms=0
CAPTURE_CLOSED i=9033 epoch=74 pause_ms=0
CAPTURE_CLOSED i=9034 epoch=75 pause_ms=0
CAPTURE_CLOSED i=9035 epoch=76 pause_ms=0
CAPTURE_CLOSED i=9036 epoch=77 pause_ms=0
CAPTURE_CLOSED i=9037 epoch=78 pause_ms=0
CAPTURE_CLOSED i=9038 epoch=79 pause_ms=0
CAPTURE_CLOSED i=9039 epoch=80 pause_ms=0
CAPTURE_CLOSED i=9040 epoch=81 pause_ms=0
CAPTURE_CLOSED i=9041 epoch=82 pause_ms=0
CAPTURE_CLOSED i=9042 epoch=83 pause_ms=0
CAPTURE_CLOSED i=9043 epoch=84 pause_ms=0
CAPTURE_CLOSED i=9044 epoch=85 pause_ms=0
CAPTURE_CLOSED i=9045 epoch=86 pause_ms=0
CAPTURE_CLOSED i=9046 epoch=87 pause_ms=0
CAPTURE_CLOSED i=9047 epoch=88 pause_ms=0
CAPTURE_CLOSED i=9048 epoch=89 pause_ms=0
CAPTURE_CLOSED i=9049 epoch=90 pause_ms=0
CAPTURE_CLOSED i=9050 epoch=91 pause_ms=0
CAPTURE_CLOSED i=9051 epoch=92 pause_ms=0
CAPTURE_CLOSED i=9052 epoch=93 pause_ms=0
CAPTURE_CLOSED i=9053 epoch=94 pause_ms=0
CAPTURE_CLOSED i=9054 epoch=95 pause_ms=0
CAPTURE_CLOSED i=9055 epoch=96 pause_ms=0
CAPTURE_CLOSED i=9056 epoch=97 pause_ms=0
CAPTURE_CLOSED i=9057 epoch=98 pause_ms=0
CAPTURE_CLOSED i=9058 epoch=99 pause_ms=0
CAPTURE_CLOSED i=9059 epoch=100 pause_ms=0
CAPTURE_CLOSED i=9060 epoch=101 pause_ms=0
CAPTURE_CLOSED i=9061 epoch=102 pause_ms=0
CAPTURE_CLOSED i=9062 epoch=103 pause_ms=0
CAPTURE_CLOSED i=9063 epoch=104 pause_ms=0
CAPTURE_CLOSED i=9064 epoch=105 pause_ms=0
CAPTURE_CLOSED i=9065 epoch=106 pause_ms=0
CAPTURE_CLOSED i=9066 epoch=107 pause_ms=0
CAPTURE_CLOSED i=9067 epoch=108 pause_ms=0
CAPTURE_CLOSED i=9068 epoch=109 pause_ms=0
CAPTURE_CLOSED i=9069 epoch=110 pause_ms=0
CAPTURE_CLOSED i=9070 epoch=111 pause_ms=0
CAPTURE_CLOSED i=9071 epoch=112 pause_ms=0
CAPTURE_CLOSED i=9072 epoch=113 pause_ms=0
CAPTURE_CLOSED i=9073 epoch=114 pause_ms=0
CAPTURE_CLOSED i=9074 epoch=115 pause_ms=0
CAPTURE_CLOSED i=9075 epoch=116 pause_ms=0
CAPTURE_CLOSED i=9076 epoch=117 pause_ms=0
CAPTURE_CLOSED i=9077 epoch=118 pause_ms=0
CAPTURE_CLOSED i=9078 epoch=119 pause_ms=0
CAPTURE_CLOSED i=9079 epoch=120 pause_ms=0
CAPTURE_CLOSED i=9080 epoch=121 pause_ms=0
CAPTURE_CLOSED i=9081 epoch=122 pause_ms=0
CAPTURE_CLOSED i=9082 epoch=123 pause_ms=0
CAPTURE_CLOSED i=9083 epoch=124 pause_ms=0
CAPTURE_CLOSED i=9084 epoch=125 pause_ms=0
CAPTURE_CLOSED i=9085 epoch=126 pause_ms=0
CAPTURE_CLOSED i=9086 epoch=127 pause_ms=0
CAPTURE_CLOSED i=9087 epoch=128 pause_ms=0
CAPTURE_CLOSED i=9088 epoch=129 pause_ms=0
CAPTURE_CLOSED i=9089 epoch=130 pause_ms=0
CAPTURE_CLOSED i=9090 epoch=131 pause_ms=0
CAPTURE_CLOSED i=9091 epoch=132 pause_ms=0
CAPTURE_CLOSED i=9092 epoch=133 pause_ms=0
CAPTURE_CLOSED i=9093 epoch=134 pause_ms=0
CAPTURE_CLOSED i=9094 epoch=135 pause_ms=0
CAPTURE_CLOSED i=9095 epoch=136 pause_ms=0
CAPTURE_CLOSED i=9096 epoch=137 pause_ms=0
CAPTURE_CLOSED i=9097 epoch=138 pause_ms=0
CAPTURE_CLOSED i=9098 epoch=139 pause_ms=0
TRACE_SPI txn=9100 writes=24 host_observed_write_us=15613.236 post_spi_to_tune_return_us=3505.912
CAPTURE_CLOSED i=9099 epoch=140 pause_ms=0
mode=BOTH progress=9100 unrecovered=0 first_read_faults=0 recovered=0 last_epoch=140
CAPTURE_CLOSED i=9100 epoch=141 pause_ms=0
CAPTURE_CLOSED i=9101 epoch=142 pause_ms=0
CAPTURE_CLOSED i=9102 epoch=143 pause_ms=0
CAPTURE_CLOSED i=9103 epoch=144 pause_ms=0
CAPTURE_CLOSED i=9104 epoch=145 pause_ms=0
CAPTURE_CLOSED i=9105 epoch=146 pause_ms=0
CAPTURE_CLOSED i=9106 epoch=147 pause_ms=0
CAPTURE_CLOSED i=9107 epoch=148 pause_ms=0
CAPTURE_CLOSED i=9108 epoch=149 pause_ms=0
CAPTURE_CLOSED i=9109 epoch=150 pause_ms=0
CAPTURE_CLOSED i=9110 epoch=151 pause_ms=0
CAPTURE_CLOSED i=9111 epoch=152 pause_ms=0
CAPTURE_CLOSED i=9112 epoch=153 pause_ms=0
CAPTURE_CLOSED i=9113 epoch=154 pause_ms=0
CAPTURE_CLOSED i=9114 epoch=155 pause_ms=0
CAPTURE_CLOSED i=9115 epoch=156 pause_ms=0
CAPTURE_CLOSED i=9116 epoch=157 pause_ms=0
CAPTURE_CLOSED i=9117 epoch=158 pause_ms=0
CAPTURE_CLOSED i=9118 epoch=159 pause_ms=0
CAPTURE_CLOSED i=9119 epoch=160 pause_ms=0
CAPTURE_CLOSED i=9120 epoch=161 pause_ms=0
CAPTURE_CLOSED i=9121 epoch=162 pause_ms=0
CAPTURE_CLOSED i=9122 epoch=163 pause_ms=0
CAPTURE_CLOSED i=9123 epoch=164 pause_ms=0
CAPTURE_CLOSED i=9124 epoch=165 pause_ms=0
CAPTURE_CLOSED i=9125 epoch=166 pause_ms=0
CAPTURE_CLOSED i=9126 epoch=167 pause_ms=0
CAPTURE_CLOSED i=9127 epoch=168 pause_ms=0
CAPTURE_CLOSED i=9128 epoch=169 pause_ms=0
CAPTURE_CLOSED i=9129 epoch=170 pause_ms=0
CAPTURE_CLOSED i=9130 epoch=171 pause_ms=0
CAPTURE_CLOSED i=9131 epoch=172 pause_ms=0
CAPTURE_CLOSED i=9132 epoch=173 pause_ms=0
CAPTURE_CLOSED i=9133 epoch=174 pause_ms=0
CAPTURE_CLOSED i=9134 epoch=175 pause_ms=0
CAPTURE_CLOSED i=9135 epoch=176 pause_ms=0
CAPTURE_CLOSED i=9136 epoch=177 pause_ms=0
CAPTURE_CLOSED i=9137 epoch=178 pause_ms=0
CAPTURE_CLOSED i=9138 epoch=179 pause_ms=0
CAPTURE_CLOSED i=9139 epoch=180 pause_ms=0
CAPTURE_CLOSED i=9140 epoch=181 pause_ms=0
CAPTURE_CLOSED i=9141 epoch=182 pause_ms=0
CAPTURE_CLOSED i=9142 epoch=183 pause_ms=0
CAPTURE_CLOSED i=9143 epoch=184 pause_ms=0
CAPTURE_CLOSED i=9144 epoch=185 pause_ms=0
CAPTURE_CLOSED i=9145 epoch=186 pause_ms=0
CAPTURE_CLOSED i=9146 epoch=187 pause_ms=0
CAPTURE_CLOSED i=9147 epoch=188 pause_ms=0
CAPTURE_CLOSED i=9148 epoch=189 pause_ms=0
CAPTURE_CLOSED i=9149 epoch=190 pause_ms=0
CAPTURE_CLOSED i=9150 epoch=191 pause_ms=0
CAPTURE_CLOSED i=9151 epoch=192 pause_ms=0
CAPTURE_CLOSED i=9152 epoch=193 pause_ms=0
CAPTURE_CLOSED i=9153 epoch=194 pause_ms=0
CAPTURE_CLOSED i=9154 epoch=195 pause_ms=0
CAPTURE_CLOSED i=9155 epoch=196 pause_ms=0
CAPTURE_CLOSED i=9156 epoch=197 pause_ms=0
CAPTURE_CLOSED i=9157 epoch=198 pause_ms=0
CAPTURE_CLOSED i=9158 epoch=199 pause_ms=0
CAPTURE_CLOSED i=9159 epoch=200 pause_ms=0
CAPTURE_CLOSED i=9160 epoch=201 pause_ms=0
CAPTURE_CLOSED i=9161 epoch=202 pause_ms=0
CAPTURE_CLOSED i=9162 epoch=203 pause_ms=0
CAPTURE_CLOSED i=9163 epoch=204 pause_ms=0
CAPTURE_CLOSED i=9164 epoch=205 pause_ms=0
CAPTURE_CLOSED i=9165 epoch=206 pause_ms=0
CAPTURE_CLOSED i=9166 epoch=207 pause_ms=0
CAPTURE_CLOSED i=9167 epoch=208 pause_ms=0
CAPTURE_CLOSED i=9168 epoch=209 pause_ms=0
CAPTURE_CLOSED i=9169 epoch=210 pause_ms=0
CAPTURE_CLOSED i=9170 epoch=211 pause_ms=0
CAPTURE_CLOSED i=9171 epoch=212 pause_ms=0
CAPTURE_CLOSED i=9172 epoch=213 pause_ms=0
CAPTURE_CLOSED i=9173 epoch=214 pause_ms=0
CAPTURE_CLOSED i=9174 epoch=215 pause_ms=0
CAPTURE_CLOSED i=9175 epoch=216 pause_ms=0
CAPTURE_CLOSED i=9176 epoch=217 pause_ms=0
CAPTURE_CLOSED i=9177 epoch=218 pause_ms=0
CAPTURE_CLOSED i=9178 epoch=219 pause_ms=0
CAPTURE_CLOSED i=9179 epoch=220 pause_ms=0
CAPTURE_CLOSED i=9180 epoch=221 pause_ms=0
CAPTURE_CLOSED i=9181 epoch=222 pause_ms=0
CAPTURE_CLOSED i=9182 epoch=223 pause_ms=0
CAPTURE_CLOSED i=9183 epoch=224 pause_ms=0
CAPTURE_CLOSED i=9184 epoch=225 pause_ms=0
CAPTURE_CLOSED i=9185 epoch=226 pause_ms=0
CAPTURE_CLOSED i=9186 epoch=227 pause_ms=0
CAPTURE_CLOSED i=9187 epoch=228 pause_ms=0
CAPTURE_CLOSED i=9188 epoch=229 pause_ms=0
CAPTURE_CLOSED i=9189 epoch=230 pause_ms=0
CAPTURE_CLOSED i=9190 epoch=231 pause_ms=0
CAPTURE_CLOSED i=9191 epoch=232 pause_ms=0
CAPTURE_CLOSED i=9192 epoch=233 pause_ms=0
CAPTURE_CLOSED i=9193 epoch=234 pause_ms=0
CAPTURE_CLOSED i=9194 epoch=235 pause_ms=0
CAPTURE_CLOSED i=9195 epoch=236 pause_ms=0
CAPTURE_CLOSED i=9196 epoch=237 pause_ms=0
CAPTURE_CLOSED i=9197 epoch=238 pause_ms=0
CAPTURE_CLOSED i=9198 epoch=239 pause_ms=0
TRACE_SPI txn=9200 writes=24 host_observed_write_us=15611.560 post_spi_to_tune_return_us=3550.688
CAPTURE_CLOSED i=9199 epoch=240 pause_ms=0
mode=BOTH progress=9200 unrecovered=0 first_read_faults=0 recovered=0 last_epoch=240
CAPTURE_CLOSED i=9200 epoch=241 pause_ms=0
CAPTURE_CLOSED i=9201 epoch=242 pause_ms=0
CAPTURE_CLOSED i=9202 epoch=243 pause_ms=0
CAPTURE_CLOSED i=9203 epoch=244 pause_ms=0
CAPTURE_CLOSED i=9204 epoch=245 pause_ms=0
CAPTURE_CLOSED i=9205 epoch=246 pause_ms=0
CAPTURE_CLOSED i=9206 epoch=247 pause_ms=0
CAPTURE_CLOSED i=9207 epoch=248 pause_ms=0
CAPTURE_CLOSED i=9208 epoch=249 pause_ms=0
CAPTURE_CLOSED i=9209 epoch=250 pause_ms=0
CAPTURE_CLOSED i=9210 epoch=251 pause_ms=0
CAPTURE_CLOSED i=9211 epoch=252 pause_ms=0
CAPTURE_CLOSED i=9212 epoch=253 pause_ms=0
CAPTURE_CLOSED i=9213 epoch=254 pause_ms=0
CAPTURE_CLOSED i=9214 epoch=255 pause_ms=0
CAPTURE_CLOSED i=9215 epoch=0 pause_ms=0
CAPTURE_CLOSED i=9216 epoch=1 pause_ms=0
CAPTURE_CLOSED i=9217 epoch=2 pause_ms=0
CAPTURE_CLOSED i=9218 epoch=3 pause_ms=0
CAPTURE_CLOSED i=9219 epoch=4 pause_ms=0
CAPTURE_CLOSED i=9220 epoch=5 pause_ms=0
CAPTURE_CLOSED i=9221 epoch=6 pause_ms=0
CAPTURE_CLOSED i=9222 epoch=7 pause_ms=0
CAPTURE_CLOSED i=9223 epoch=8 pause_ms=0
CAPTURE_CLOSED i=9224 epoch=9 pause_ms=0
CAPTURE_CLOSED i=9225 epoch=10 pause_ms=0
CAPTURE_CLOSED i=9226 epoch=11 pause_ms=0
CAPTURE_CLOSED i=9227 epoch=12 pause_ms=0
CAPTURE_CLOSED i=9228 epoch=13 pause_ms=0
CAPTURE_CLOSED i=9229 epoch=14 pause_ms=0
CAPTURE_CLOSED i=9230 epoch=15 pause_ms=0
CAPTURE_CLOSED i=9231 epoch=16 pause_ms=0
CAPTURE_CLOSED i=9232 epoch=17 pause_ms=0
CAPTURE_CLOSED i=9233 epoch=18 pause_ms=0
CAPTURE_CLOSED i=9234 epoch=19 pause_ms=0
CAPTURE_CLOSED i=9235 epoch=20 pause_ms=0
CAPTURE_CLOSED i=9236 epoch=21 pause_ms=0
CAPTURE_CLOSED i=9237 epoch=22 pause_ms=0
CAPTURE_CLOSED i=9238 epoch=23 pause_ms=0
CAPTURE_CLOSED i=9239 epoch=24 pause_ms=0
CAPTURE_CLOSED i=9240 epoch=25 pause_ms=0
CAPTURE_CLOSED i=9241 epoch=26 pause_ms=0
CAPTURE_CLOSED i=9242 epoch=27 pause_ms=0
CAPTURE_CLOSED i=9243 epoch=28 pause_ms=0
CAPTURE_CLOSED i=9244 epoch=29 pause_ms=0
CAPTURE_CLOSED i=9245 epoch=30 pause_ms=0
CAPTURE_CLOSED i=9246 epoch=31 pause_ms=0
CAPTURE_CLOSED i=9247 epoch=32 pause_ms=0
CAPTURE_CLOSED i=9248 epoch=33 pause_ms=0
CAPTURE_CLOSED i=9249 epoch=34 pause_ms=0
CAPTURE_CLOSED i=9250 epoch=35 pause_ms=0
CAPTURE_CLOSED i=9251 epoch=36 pause_ms=0
CAPTURE_CLOSED i=9252 epoch=37 pause_ms=0
CAPTURE_CLOSED i=9253 epoch=38 pause_ms=0
CAPTURE_CLOSED i=9254 epoch=39 pause_ms=0
CAPTURE_CLOSED i=9255 epoch=40 pause_ms=0
CAPTURE_CLOSED i=9256 epoch=41 pause_ms=0
CAPTURE_CLOSED i=9257 epoch=42 pause_ms=0
CAPTURE_CLOSED i=9258 epoch=43 pause_ms=0
CAPTURE_CLOSED i=9259 epoch=44 pause_ms=0
CAPTURE_CLOSED i=9260 epoch=45 pause_ms=0
CAPTURE_CLOSED i=9261 epoch=46 pause_ms=0
CAPTURE_CLOSED i=9262 epoch=47 pause_ms=0
CAPTURE_CLOSED i=9263 epoch=48 pause_ms=0
CAPTURE_CLOSED i=9264 epoch=49 pause_ms=0
CAPTURE_CLOSED i=9265 epoch=50 pause_ms=0
CAPTURE_CLOSED i=9266 epoch=51 pause_ms=0
CAPTURE_CLOSED i=9267 epoch=52 pause_ms=0
CAPTURE_CLOSED i=9268 epoch=53 pause_ms=0
CAPTURE_CLOSED i=9269 epoch=54 pause_ms=0
CAPTURE_CLOSED i=9270 epoch=55 pause_ms=0
CAPTURE_CLOSED i=9271 epoch=56 pause_ms=0
CAPTURE_CLOSED i=9272 epoch=57 pause_ms=0
CAPTURE_CLOSED i=9273 epoch=58 pause_ms=0
CAPTURE_CLOSED i=9274 epoch=59 pause_ms=0
CAPTURE_CLOSED i=9275 epoch=60 pause_ms=0
CAPTURE_CLOSED i=9276 epoch=61 pause_ms=0
CAPTURE_CLOSED i=9277 epoch=62 pause_ms=0
CAPTURE_CLOSED i=9278 epoch=63 pause_ms=0
CAPTURE_CLOSED i=9279 epoch=64 pause_ms=0
CAPTURE_CLOSED i=9280 epoch=65 pause_ms=0
CAPTURE_CLOSED i=9281 epoch=66 pause_ms=0
CAPTURE_CLOSED i=9282 epoch=67 pause_ms=0
CAPTURE_CLOSED i=9283 epoch=68 pause_ms=0
CAPTURE_CLOSED i=9284 epoch=69 pause_ms=0
CAPTURE_CLOSED i=9285 epoch=70 pause_ms=0
CAPTURE_CLOSED i=9286 epoch=71 pause_ms=0
CAPTURE_CLOSED i=9287 epoch=72 pause_ms=0
CAPTURE_CLOSED i=9288 epoch=73 pause_ms=0
CAPTURE_CLOSED i=9289 epoch=74 pause_ms=0
CAPTURE_CLOSED i=9290 epoch=75 pause_ms=0
CAPTURE_CLOSED i=9291 epoch=76 pause_ms=0
CAPTURE_CLOSED i=9292 epoch=77 pause_ms=0
CAPTURE_CLOSED i=9293 epoch=78 pause_ms=0
CAPTURE_CLOSED i=9294 epoch=79 pause_ms=0
CAPTURE_CLOSED i=9295 epoch=80 pause_ms=0
CAPTURE_CLOSED i=9296 epoch=81 pause_ms=0
CAPTURE_CLOSED i=9297 epoch=82 pause_ms=0
CAPTURE_CLOSED i=9298 epoch=83 pause_ms=0
TRACE_SPI txn=9300 writes=24 host_observed_write_us=15498.635 post_spi_to_tune_return_us=3546.347
CAPTURE_CLOSED i=9299 epoch=84 pause_ms=0
mode=BOTH progress=9300 unrecovered=0 first_read_faults=0 recovered=0 last_epoch=84
CAPTURE_CLOSED i=9300 epoch=85 pause_ms=0
CAPTURE_CLOSED i=9301 epoch=86 pause_ms=0
CAPTURE_CLOSED i=9302 epoch=87 pause_ms=0
CAPTURE_CLOSED i=9303 epoch=88 pause_ms=0
CAPTURE_CLOSED i=9304 epoch=89 pause_ms=0
CAPTURE_CLOSED i=9305 epoch=90 pause_ms=0
CAPTURE_CLOSED i=9306 epoch=91 pause_ms=0
CAPTURE_CLOSED i=9307 epoch=92 pause_ms=0
CAPTURE_CLOSED i=9308 epoch=93 pause_ms=0
CAPTURE_CLOSED i=9309 epoch=94 pause_ms=0
CAPTURE_CLOSED i=9310 epoch=95 pause_ms=0
CAPTURE_CLOSED i=9311 epoch=96 pause_ms=0
CAPTURE_CLOSED i=9312 epoch=97 pause_ms=0
CAPTURE_CLOSED i=9313 epoch=98 pause_ms=0
CAPTURE_CLOSED i=9314 epoch=99 pause_ms=0
CAPTURE_CLOSED i=9315 epoch=100 pause_ms=0
CAPTURE_CLOSED i=9316 epoch=101 pause_ms=0
CAPTURE_CLOSED i=9317 epoch=102 pause_ms=0
CAPTURE_CLOSED i=9318 epoch=103 pause_ms=0
CAPTURE_CLOSED i=9319 epoch=104 pause_ms=0
CAPTURE_CLOSED i=9320 epoch=105 pause_ms=0
CAPTURE_CLOSED i=9321 epoch=106 pause_ms=0
CAPTURE_CLOSED i=9322 epoch=107 pause_ms=0
CAPTURE_CLOSED i=9323 epoch=108 pause_ms=0
CAPTURE_CLOSED i=9324 epoch=109 pause_ms=0
CAPTURE_CLOSED i=9325 epoch=110 pause_ms=0
CAPTURE_CLOSED i=9326 epoch=111 pause_ms=0
CAPTURE_CLOSED i=9327 epoch=112 pause_ms=0
CAPTURE_CLOSED i=9328 epoch=113 pause_ms=0
CAPTURE_CLOSED i=9329 epoch=114 pause_ms=0
CAPTURE_CLOSED i=9330 epoch=115 pause_ms=0
CAPTURE_CLOSED i=9331 epoch=116 pause_ms=0
CAPTURE_CLOSED i=9332 epoch=117 pause_ms=0
CAPTURE_CLOSED i=9333 epoch=118 pause_ms=0
CAPTURE_CLOSED i=9334 epoch=119 pause_ms=0
CAPTURE_CLOSED i=9335 epoch=120 pause_ms=0
CAPTURE_CLOSED i=9336 epoch=121 pause_ms=0
CAPTURE_CLOSED i=9337 epoch=122 pause_ms=0
CAPTURE_CLOSED i=9338 epoch=123 pause_ms=0
CAPTURE_CLOSED i=9339 epoch=124 pause_ms=0
CAPTURE_CLOSED i=9340 epoch=125 pause_ms=0
CAPTURE_CLOSED i=9341 epoch=126 pause_ms=0
CAPTURE_CLOSED i=9342 epoch=127 pause_ms=0
CAPTURE_CLOSED i=9343 epoch=128 pause_ms=0
CAPTURE_CLOSED i=9344 epoch=129 pause_ms=0
CAPTURE_CLOSED i=9345 epoch=130 pause_ms=0
CAPTURE_CLOSED i=9346 epoch=131 pause_ms=0
CAPTURE_CLOSED i=9347 epoch=132 pause_ms=0
CAPTURE_CLOSED i=9348 epoch=133 pause_ms=0
CAPTURE_CLOSED i=9349 epoch=134 pause_ms=0
CAPTURE_CLOSED i=9350 epoch=135 pause_ms=0
CAPTURE_CLOSED i=9351 epoch=136 pause_ms=0
CAPTURE_CLOSED i=9352 epoch=137 pause_ms=0
CAPTURE_CLOSED i=9353 epoch=138 pause_ms=0
CAPTURE_CLOSED i=9354 epoch=139 pause_ms=0
CAPTURE_CLOSED i=9355 epoch=140 pause_ms=0
CAPTURE_CLOSED i=9356 epoch=141 pause_ms=0
CAPTURE_CLOSED i=9357 epoch=142 pause_ms=0
CAPTURE_CLOSED i=9358 epoch=143 pause_ms=0
CAPTURE_CLOSED i=9359 epoch=144 pause_ms=0
CAPTURE_CLOSED i=9360 epoch=145 pause_ms=0
CAPTURE_CLOSED i=9361 epoch=146 pause_ms=0
CAPTURE_CLOSED i=9362 epoch=147 pause_ms=0
CAPTURE_CLOSED i=9363 epoch=148 pause_ms=0
CAPTURE_CLOSED i=9364 epoch=149 pause_ms=0
CAPTURE_CLOSED i=9365 epoch=150 pause_ms=0
CAPTURE_CLOSED i=9366 epoch=151 pause_ms=0
CAPTURE_CLOSED i=9367 epoch=152 pause_ms=0
CAPTURE_CLOSED i=9368 epoch=153 pause_ms=0
CAPTURE_CLOSED i=9369 epoch=154 pause_ms=0
CAPTURE_CLOSED i=9370 epoch=155 pause_ms=0
CAPTURE_CLOSED i=9371 epoch=156 pause_ms=0
CAPTURE_CLOSED i=9372 epoch=157 pause_ms=0
CAPTURE_CLOSED i=9373 epoch=158 pause_ms=0
CAPTURE_CLOSED i=9374 epoch=159 pause_ms=0
CAPTURE_CLOSED i=9375 epoch=160 pause_ms=0
CAPTURE_CLOSED i=9376 epoch=161 pause_ms=0
CAPTURE_CLOSED i=9377 epoch=162 pause_ms=0
CAPTURE_CLOSED i=9378 epoch=163 pause_ms=0
CAPTURE_CLOSED i=9379 epoch=164 pause_ms=0
CAPTURE_CLOSED i=9380 epoch=165 pause_ms=0
CAPTURE_CLOSED i=9381 epoch=166 pause_ms=0
CAPTURE_CLOSED i=9382 epoch=167 pause_ms=0
CAPTURE_CLOSED i=9383 epoch=168 pause_ms=0
CAPTURE_CLOSED i=9384 epoch=169 pause_ms=0
CAPTURE_CLOSED i=9385 epoch=170 pause_ms=0
CAPTURE_CLOSED i=9386 epoch=171 pause_ms=0
CAPTURE_CLOSED i=9387 epoch=172 pause_ms=0
CAPTURE_CLOSED i=9388 epoch=173 pause_ms=0
CAPTURE_CLOSED i=9389 epoch=174 pause_ms=0
CAPTURE_CLOSED i=9390 epoch=175 pause_ms=0
CAPTURE_CLOSED i=9391 epoch=176 pause_ms=0
CAPTURE_CLOSED i=9392 epoch=177 pause_ms=0
CAPTURE_CLOSED i=9393 epoch=178 pause_ms=0
CAPTURE_CLOSED i=9394 epoch=179 pause_ms=0
CAPTURE_CLOSED i=9395 epoch=180 pause_ms=0
CAPTURE_CLOSED i=9396 epoch=181 pause_ms=0
CAPTURE_CLOSED i=9397 epoch=182 pause_ms=0
CAPTURE_CLOSED i=9398 epoch=183 pause_ms=0
TRACE_SPI txn=9400 writes=24 host_observed_write_us=15515.466 post_spi_to_tune_return_us=3506.173
CAPTURE_CLOSED i=9399 epoch=184 pause_ms=0
mode=BOTH progress=9400 unrecovered=0 first_read_faults=0 recovered=0 last_epoch=184
CAPTURE_CLOSED i=9400 epoch=185 pause_ms=0
CAPTURE_CLOSED i=9401 epoch=186 pause_ms=0
CAPTURE_CLOSED i=9402 epoch=187 pause_ms=0
CAPTURE_CLOSED i=9403 epoch=188 pause_ms=0
CAPTURE_CLOSED i=9404 epoch=189 pause_ms=0
CAPTURE_CLOSED i=9405 epoch=190 pause_ms=0
CAPTURE_CLOSED i=9406 epoch=191 pause_ms=0
CAPTURE_CLOSED i=9407 epoch=192 pause_ms=0
CAPTURE_CLOSED i=9408 epoch=193 pause_ms=0
CAPTURE_CLOSED i=9409 epoch=194 pause_ms=0
CAPTURE_CLOSED i=9410 epoch=195 pause_ms=0
CAPTURE_CLOSED i=9411 epoch=196 pause_ms=0
CAPTURE_CLOSED i=9412 epoch=197 pause_ms=0
CAPTURE_CLOSED i=9413 epoch=198 pause_ms=0
CAPTURE_CLOSED i=9414 epoch=199 pause_ms=0
CAPTURE_CLOSED i=9415 epoch=200 pause_ms=0
CAPTURE_CLOSED i=9416 epoch=201 pause_ms=0
CAPTURE_CLOSED i=9417 epoch=202 pause_ms=0
CAPTURE_CLOSED i=9418 epoch=203 pause_ms=0
CAPTURE_CLOSED i=9419 epoch=204 pause_ms=0
CAPTURE_CLOSED i=9420 epoch=205 pause_ms=0
CAPTURE_CLOSED i=9421 epoch=206 pause_ms=0
CAPTURE_CLOSED i=9422 epoch=207 pause_ms=0
CAPTURE_CLOSED i=9423 epoch=208 pause_ms=0
CAPTURE_CLOSED i=9424 epoch=209 pause_ms=0
CAPTURE_CLOSED i=9425 epoch=210 pause_ms=0
CAPTURE_CLOSED i=9426 epoch=211 pause_ms=0
CAPTURE_CLOSED i=9427 epoch=212 pause_ms=0
CAPTURE_CLOSED i=9428 epoch=213 pause_ms=0
CAPTURE_CLOSED i=9429 epoch=214 pause_ms=0
CAPTURE_CLOSED i=9430 epoch=215 pause_ms=0
CAPTURE_CLOSED i=9431 epoch=216 pause_ms=0
CAPTURE_CLOSED i=9432 epoch=217 pause_ms=0
CAPTURE_CLOSED i=9433 epoch=218 pause_ms=0
CAPTURE_CLOSED i=9434 epoch=219 pause_ms=0
CAPTURE_CLOSED i=9435 epoch=220 pause_ms=0
CAPTURE_CLOSED i=9436 epoch=221 pause_ms=0
CAPTURE_CLOSED i=9437 epoch=222 pause_ms=0
CAPTURE_CLOSED i=9438 epoch=223 pause_ms=0
CAPTURE_CLOSED i=9439 epoch=224 pause_ms=0
CAPTURE_CLOSED i=9440 epoch=225 pause_ms=0
CAPTURE_CLOSED i=9441 epoch=226 pause_ms=0
CAPTURE_CLOSED i=9442 epoch=227 pause_ms=0
CAPTURE_CLOSED i=9443 epoch=228 pause_ms=0
CAPTURE_CLOSED i=9444 epoch=229 pause_ms=0
CAPTURE_CLOSED i=9445 epoch=230 pause_ms=0
CAPTURE_CLOSED i=9446 epoch=231 pause_ms=0
CAPTURE_CLOSED i=9447 epoch=232 pause_ms=0
CAPTURE_CLOSED i=9448 epoch=233 pause_ms=0
CAPTURE_CLOSED i=9449 epoch=234 pause_ms=0
CAPTURE_CLOSED i=9450 epoch=235 pause_ms=0
CAPTURE_CLOSED i=9451 epoch=236 pause_ms=0
CAPTURE_CLOSED i=9452 epoch=237 pause_ms=0
CAPTURE_CLOSED i=9453 epoch=238 pause_ms=0
CAPTURE_CLOSED i=9454 epoch=239 pause_ms=0
CAPTURE_CLOSED i=9455 epoch=240 pause_ms=0
CAPTURE_CLOSED i=9456 epoch=241 pause_ms=0
CAPTURE_CLOSED i=9457 epoch=242 pause_ms=0
CAPTURE_CLOSED i=9458 epoch=243 pause_ms=0
CAPTURE_CLOSED i=9459 epoch=244 pause_ms=0
CAPTURE_CLOSED i=9460 epoch=245 pause_ms=0
CAPTURE_CLOSED i=9461 epoch=246 pause_ms=0
CAPTURE_CLOSED i=9462 epoch=247 pause_ms=0
CAPTURE_CLOSED i=9463 epoch=248 pause_ms=0
CAPTURE_CLOSED i=9464 epoch=249 pause_ms=0
CAPTURE_CLOSED i=9465 epoch=250 pause_ms=0
CAPTURE_CLOSED i=9466 epoch=251 pause_ms=0
CAPTURE_CLOSED i=9467 epoch=252 pause_ms=0
CAPTURE_CLOSED i=9468 epoch=253 pause_ms=0
CAPTURE_CLOSED i=9469 epoch=254 pause_ms=0
CAPTURE_CLOSED i=9470 epoch=255 pause_ms=0
CAPTURE_CLOSED i=9471 epoch=0 pause_ms=0
CAPTURE_CLOSED i=9472 epoch=1 pause_ms=0
CAPTURE_CLOSED i=9473 epoch=2 pause_ms=0
CAPTURE_CLOSED i=9474 epoch=3 pause_ms=0
CAPTURE_CLOSED i=9475 epoch=4 pause_ms=0
CAPTURE_CLOSED i=9476 epoch=5 pause_ms=0
CAPTURE_CLOSED i=9477 epoch=6 pause_ms=0
CAPTURE_CLOSED i=9478 epoch=7 pause_ms=0
CAPTURE_CLOSED i=9479 epoch=8 pause_ms=0
CAPTURE_CLOSED i=9480 epoch=9 pause_ms=0
CAPTURE_CLOSED i=9481 epoch=10 pause_ms=0
CAPTURE_CLOSED i=9482 epoch=11 pause_ms=0
CAPTURE_CLOSED i=9483 epoch=12 pause_ms=0
CAPTURE_CLOSED i=9484 epoch=13 pause_ms=0
CAPTURE_CLOSED i=9485 epoch=14 pause_ms=0
CAPTURE_CLOSED i=9486 epoch=15 pause_ms=0
CAPTURE_CLOSED i=9487 epoch=16 pause_ms=0
CAPTURE_CLOSED i=9488 epoch=17 pause_ms=0
CAPTURE_CLOSED i=9489 epoch=18 pause_ms=0
CAPTURE_CLOSED i=9490 epoch=19 pause_ms=0
CAPTURE_CLOSED i=9491 epoch=20 pause_ms=0
CAPTURE_CLOSED i=9492 epoch=21 pause_ms=0
CAPTURE_CLOSED i=9493 epoch=22 pause_ms=0
CAPTURE_CLOSED i=9494 epoch=23 pause_ms=0
CAPTURE_CLOSED i=9495 epoch=24 pause_ms=0
CAPTURE_CLOSED i=9496 epoch=25 pause_ms=0
CAPTURE_CLOSED i=9497 epoch=26 pause_ms=0
CAPTURE_CLOSED i=9498 epoch=27 pause_ms=0
TRACE_SPI txn=9500 writes=24 host_observed_write_us=15479.377 post_spi_to_tune_return_us=3550.470
CAPTURE_CLOSED i=9499 epoch=28 pause_ms=0
mode=BOTH progress=9500 unrecovered=0 first_read_faults=0 recovered=0 last_epoch=28
CAPTURE_CLOSED i=9500 epoch=29 pause_ms=0
CAPTURE_CLOSED i=9501 epoch=30 pause_ms=0
CAPTURE_CLOSED i=9502 epoch=31 pause_ms=0
CAPTURE_CLOSED i=9503 epoch=32 pause_ms=0
CAPTURE_CLOSED i=9504 epoch=33 pause_ms=0
CAPTURE_CLOSED i=9505 epoch=34 pause_ms=0
CAPTURE_CLOSED i=9506 epoch=35 pause_ms=0
CAPTURE_CLOSED i=9507 epoch=36 pause_ms=0
CAPTURE_CLOSED i=9508 epoch=37 pause_ms=0
CAPTURE_CLOSED i=9509 epoch=38 pause_ms=0
CAPTURE_CLOSED i=9510 epoch=39 pause_ms=0
CAPTURE_CLOSED i=9511 epoch=40 pause_ms=0
CAPTURE_CLOSED i=9512 epoch=41 pause_ms=0
CAPTURE_CLOSED i=9513 epoch=42 pause_ms=0
CAPTURE_CLOSED i=9514 epoch=43 pause_ms=0
CAPTURE_CLOSED i=9515 epoch=44 pause_ms=0
CAPTURE_CLOSED i=9516 epoch=45 pause_ms=0
CAPTURE_CLOSED i=9517 epoch=46 pause_ms=0
CAPTURE_CLOSED i=9518 epoch=47 pause_ms=0
CAPTURE_CLOSED i=9519 epoch=48 pause_ms=0
CAPTURE_CLOSED i=9520 epoch=49 pause_ms=0
CAPTURE_CLOSED i=9521 epoch=50 pause_ms=0
CAPTURE_CLOSED i=9522 epoch=51 pause_ms=0
CAPTURE_CLOSED i=9523 epoch=52 pause_ms=0
CAPTURE_CLOSED i=9524 epoch=53 pause_ms=0
CAPTURE_CLOSED i=9525 epoch=54 pause_ms=0
CAPTURE_CLOSED i=9526 epoch=55 pause_ms=0
CAPTURE_CLOSED i=9527 epoch=56 pause_ms=0
CAPTURE_CLOSED i=9528 epoch=57 pause_ms=0
CAPTURE_CLOSED i=9529 epoch=58 pause_ms=0
CAPTURE_CLOSED i=9530 epoch=59 pause_ms=0
CAPTURE_CLOSED i=9531 epoch=60 pause_ms=0
CAPTURE_CLOSED i=9532 epoch=61 pause_ms=0
CAPTURE_CLOSED i=9533 epoch=62 pause_ms=0
CAPTURE_CLOSED i=9534 epoch=63 pause_ms=0
CAPTURE_CLOSED i=9535 epoch=64 pause_ms=0
CAPTURE_CLOSED i=9536 epoch=65 pause_ms=0
CAPTURE_CLOSED i=9537 epoch=66 pause_ms=0
CAPTURE_CLOSED i=9538 epoch=67 pause_ms=0
CAPTURE_CLOSED i=9539 epoch=68 pause_ms=0
CAPTURE_CLOSED i=9540 epoch=69 pause_ms=0
CAPTURE_CLOSED i=9541 epoch=70 pause_ms=0
CAPTURE_CLOSED i=9542 epoch=71 pause_ms=0
CAPTURE_CLOSED i=9543 epoch=72 pause_ms=0
CAPTURE_CLOSED i=9544 epoch=73 pause_ms=0
CAPTURE_CLOSED i=9545 epoch=74 pause_ms=0
CAPTURE_CLOSED i=9546 epoch=75 pause_ms=0
CAPTURE_CLOSED i=9547 epoch=76 pause_ms=0
CAPTURE_CLOSED i=9548 epoch=77 pause_ms=0
CAPTURE_CLOSED i=9549 epoch=78 pause_ms=0
CAPTURE_CLOSED i=9550 epoch=79 pause_ms=0
CAPTURE_CLOSED i=9551 epoch=80 pause_ms=0
CAPTURE_CLOSED i=9552 epoch=81 pause_ms=0
CAPTURE_CLOSED i=9553 epoch=82 pause_ms=0
CAPTURE_CLOSED i=9554 epoch=83 pause_ms=0
CAPTURE_CLOSED i=9555 epoch=84 pause_ms=0
CAPTURE_CLOSED i=9556 epoch=85 pause_ms=0
CAPTURE_CLOSED i=9557 epoch=86 pause_ms=0
CAPTURE_CLOSED i=9558 epoch=87 pause_ms=0
CAPTURE_CLOSED i=9559 epoch=88 pause_ms=0
CAPTURE_CLOSED i=9560 epoch=89 pause_ms=0
CAPTURE_CLOSED i=9561 epoch=90 pause_ms=0
CAPTURE_CLOSED i=9562 epoch=91 pause_ms=0
CAPTURE_CLOSED i=9563 epoch=92 pause_ms=0
CAPTURE_CLOSED i=9564 epoch=93 pause_ms=0
CAPTURE_CLOSED i=9565 epoch=94 pause_ms=0
CAPTURE_CLOSED i=9566 epoch=95 pause_ms=0
CAPTURE_CLOSED i=9567 epoch=96 pause_ms=0
CAPTURE_CLOSED i=9568 epoch=97 pause_ms=0
CAPTURE_CLOSED i=9569 epoch=98 pause_ms=0
CAPTURE_CLOSED i=9570 epoch=99 pause_ms=0
CAPTURE_CLOSED i=9571 epoch=100 pause_ms=0
CAPTURE_CLOSED i=9572 epoch=101 pause_ms=0
CAPTURE_CLOSED i=9573 epoch=102 pause_ms=0
CAPTURE_CLOSED i=9574 epoch=103 pause_ms=0
CAPTURE_CLOSED i=9575 epoch=104 pause_ms=0
CAPTURE_CLOSED i=9576 epoch=105 pause_ms=0
CAPTURE_CLOSED i=9577 epoch=106 pause_ms=0
CAPTURE_CLOSED i=9578 epoch=107 pause_ms=0
CAPTURE_CLOSED i=9579 epoch=108 pause_ms=0
CAPTURE_CLOSED i=9580 epoch=109 pause_ms=0
CAPTURE_CLOSED i=9581 epoch=110 pause_ms=0
CAPTURE_CLOSED i=9582 epoch=111 pause_ms=0
CAPTURE_CLOSED i=9583 epoch=112 pause_ms=0
CAPTURE_CLOSED i=9584 epoch=113 pause_ms=0
CAPTURE_CLOSED i=9585 epoch=114 pause_ms=0
CAPTURE_CLOSED i=9586 epoch=115 pause_ms=0
CAPTURE_CLOSED i=9587 epoch=116 pause_ms=0
CAPTURE_CLOSED i=9588 epoch=117 pause_ms=0
CAPTURE_CLOSED i=9589 epoch=118 pause_ms=0
CAPTURE_CLOSED i=9590 epoch=119 pause_ms=0
CAPTURE_CLOSED i=9591 epoch=120 pause_ms=0
CAPTURE_CLOSED i=9592 epoch=121 pause_ms=0
CAPTURE_CLOSED i=9593 epoch=122 pause_ms=0
CAPTURE_CLOSED i=9594 epoch=123 pause_ms=0
CAPTURE_CLOSED i=9595 epoch=124 pause_ms=0
CAPTURE_CLOSED i=9596 epoch=125 pause_ms=0
CAPTURE_CLOSED i=9597 epoch=126 pause_ms=0
CAPTURE_CLOSED i=9598 epoch=127 pause_ms=0
TRACE_SPI txn=9600 writes=24 host_observed_write_us=15433.638 post_spi_to_tune_return_us=3363.692
CAPTURE_CLOSED i=9599 epoch=128 pause_ms=0
mode=BOTH progress=9600 unrecovered=0 first_read_faults=0 recovered=0 last_epoch=128
CAPTURE_CLOSED i=9600 epoch=129 pause_ms=0
CAPTURE_CLOSED i=9601 epoch=130 pause_ms=0
CAPTURE_CLOSED i=9602 epoch=131 pause_ms=0
CAPTURE_CLOSED i=9603 epoch=132 pause_ms=0
CAPTURE_CLOSED i=9604 epoch=133 pause_ms=0
CAPTURE_CLOSED i=9605 epoch=134 pause_ms=0
CAPTURE_CLOSED i=9606 epoch=135 pause_ms=0
CAPTURE_CLOSED i=9607 epoch=136 pause_ms=0
CAPTURE_CLOSED i=9608 epoch=137 pause_ms=0
CAPTURE_CLOSED i=9609 epoch=138 pause_ms=0
CAPTURE_CLOSED i=9610 epoch=139 pause_ms=0
CAPTURE_CLOSED i=9611 epoch=140 pause_ms=0
CAPTURE_CLOSED i=9612 epoch=141 pause_ms=0
CAPTURE_CLOSED i=9613 epoch=142 pause_ms=0
CAPTURE_CLOSED i=9614 epoch=143 pause_ms=0
CAPTURE_CLOSED i=9615 epoch=144 pause_ms=0
CAPTURE_CLOSED i=9616 epoch=145 pause_ms=0
CAPTURE_CLOSED i=9617 epoch=146 pause_ms=0
CAPTURE_CLOSED i=9618 epoch=147 pause_ms=0
CAPTURE_CLOSED i=9619 epoch=148 pause_ms=0
CAPTURE_CLOSED i=9620 epoch=149 pause_ms=0
CAPTURE_CLOSED i=9621 epoch=150 pause_ms=0
CAPTURE_CLOSED i=9622 epoch=151 pause_ms=0
CAPTURE_CLOSED i=9623 epoch=152 pause_ms=0
CAPTURE_CLOSED i=9624 epoch=153 pause_ms=0
CAPTURE_CLOSED i=9625 epoch=154 pause_ms=0
CAPTURE_CLOSED i=9626 epoch=155 pause_ms=0
CAPTURE_CLOSED i=9627 epoch=156 pause_ms=0
CAPTURE_CLOSED i=9628 epoch=157 pause_ms=0
CAPTURE_CLOSED i=9629 epoch=158 pause_ms=0
CAPTURE_CLOSED i=9630 epoch=159 pause_ms=0
CAPTURE_CLOSED i=9631 epoch=160 pause_ms=0
CAPTURE_CLOSED i=9632 epoch=161 pause_ms=0
CAPTURE_CLOSED i=9633 epoch=162 pause_ms=0
CAPTURE_CLOSED i=9634 epoch=163 pause_ms=0
CAPTURE_CLOSED i=9635 epoch=164 pause_ms=0
CAPTURE_CLOSED i=9636 epoch=165 pause_ms=0
CAPTURE_CLOSED i=9637 epoch=166 pause_ms=0
CAPTURE_CLOSED i=9638 epoch=167 pause_ms=0
CAPTURE_CLOSED i=9639 epoch=168 pause_ms=0
CAPTURE_CLOSED i=9640 epoch=169 pause_ms=0
CAPTURE_CLOSED i=9641 epoch=170 pause_ms=0
CAPTURE_CLOSED i=9642 epoch=171 pause_ms=0
CAPTURE_CLOSED i=9643 epoch=172 pause_ms=0
CAPTURE_CLOSED i=9644 epoch=173 pause_ms=0
CAPTURE_CLOSED i=9645 epoch=174 pause_ms=0
CAPTURE_CLOSED i=9646 epoch=175 pause_ms=0
CAPTURE_CLOSED i=9647 epoch=176 pause_ms=0
CAPTURE_CLOSED i=9648 epoch=177 pause_ms=0
CAPTURE_CLOSED i=9649 epoch=178 pause_ms=0
CAPTURE_CLOSED i=9650 epoch=179 pause_ms=0
CAPTURE_CLOSED i=9651 epoch=180 pause_ms=0
CAPTURE_CLOSED i=9652 epoch=181 pause_ms=0
CAPTURE_CLOSED i=9653 epoch=182 pause_ms=0
CAPTURE_CLOSED i=9654 epoch=183 pause_ms=0
CAPTURE_CLOSED i=9655 epoch=184 pause_ms=0
CAPTURE_CLOSED i=9656 epoch=185 pause_ms=0
CAPTURE_CLOSED i=9657 epoch=186 pause_ms=0
CAPTURE_CLOSED i=9658 epoch=187 pause_ms=0
CAPTURE_CLOSED i=9659 epoch=188 pause_ms=0
CAPTURE_CLOSED i=9660 epoch=189 pause_ms=0
CAPTURE_CLOSED i=9661 epoch=190 pause_ms=0
CAPTURE_CLOSED i=9662 epoch=191 pause_ms=0
CAPTURE_CLOSED i=9663 epoch=192 pause_ms=0
CAPTURE_CLOSED i=9664 epoch=193 pause_ms=0
CAPTURE_CLOSED i=9665 epoch=194 pause_ms=0
CAPTURE_CLOSED i=9666 epoch=195 pause_ms=0
CAPTURE_CLOSED i=9667 epoch=196 pause_ms=0
CAPTURE_CLOSED i=9668 epoch=197 pause_ms=0
CAPTURE_CLOSED i=9669 epoch=198 pause_ms=0
CAPTURE_CLOSED i=9670 epoch=199 pause_ms=0
CAPTURE_CLOSED i=9671 epoch=200 pause_ms=0
CAPTURE_CLOSED i=9672 epoch=201 pause_ms=0
CAPTURE_CLOSED i=9673 epoch=202 pause_ms=0
CAPTURE_CLOSED i=9674 epoch=203 pause_ms=0
CAPTURE_CLOSED i=9675 epoch=204 pause_ms=0
CAPTURE_CLOSED i=9676 epoch=205 pause_ms=0
CAPTURE_CLOSED i=9677 epoch=206 pause_ms=0
CAPTURE_CLOSED i=9678 epoch=207 pause_ms=0
CAPTURE_CLOSED i=9679 epoch=208 pause_ms=0
CAPTURE_CLOSED i=9680 epoch=209 pause_ms=0
CAPTURE_CLOSED i=9681 epoch=210 pause_ms=0
CAPTURE_CLOSED i=9682 epoch=211 pause_ms=0
CAPTURE_CLOSED i=9683 epoch=212 pause_ms=0
CAPTURE_CLOSED i=9684 epoch=213 pause_ms=0
CAPTURE_CLOSED i=9685 epoch=214 pause_ms=0
CAPTURE_CLOSED i=9686 epoch=215 pause_ms=0
CAPTURE_CLOSED i=9687 epoch=216 pause_ms=0
CAPTURE_CLOSED i=9688 epoch=217 pause_ms=0
CAPTURE_CLOSED i=9689 epoch=218 pause_ms=0
CAPTURE_CLOSED i=9690 epoch=219 pause_ms=0
CAPTURE_CLOSED i=9691 epoch=220 pause_ms=0
CAPTURE_CLOSED i=9692 epoch=221 pause_ms=0
CAPTURE_CLOSED i=9693 epoch=222 pause_ms=0
CAPTURE_CLOSED i=9694 epoch=223 pause_ms=0
CAPTURE_CLOSED i=9695 epoch=224 pause_ms=0
CAPTURE_CLOSED i=9696 epoch=225 pause_ms=0
CAPTURE_CLOSED i=9697 epoch=226 pause_ms=0
CAPTURE_CLOSED i=9698 epoch=227 pause_ms=0
TRACE_SPI txn=9700 writes=24 host_observed_write_us=15568.384 post_spi_to_tune_return_us=3372.736
CAPTURE_CLOSED i=9699 epoch=228 pause_ms=0
mode=BOTH progress=9700 unrecovered=0 first_read_faults=0 recovered=0 last_epoch=228
CAPTURE_CLOSED i=9700 epoch=229 pause_ms=0
CAPTURE_CLOSED i=9701 epoch=230 pause_ms=0
CAPTURE_CLOSED i=9702 epoch=231 pause_ms=0
CAPTURE_CLOSED i=9703 epoch=232 pause_ms=0
CAPTURE_CLOSED i=9704 epoch=233 pause_ms=0
CAPTURE_CLOSED i=9705 epoch=234 pause_ms=0
CAPTURE_CLOSED i=9706 epoch=235 pause_ms=0
CAPTURE_CLOSED i=9707 epoch=236 pause_ms=0
CAPTURE_CLOSED i=9708 epoch=237 pause_ms=0
CAPTURE_CLOSED i=9709 epoch=238 pause_ms=0
CAPTURE_CLOSED i=9710 epoch=239 pause_ms=0
CAPTURE_CLOSED i=9711 epoch=240 pause_ms=0
CAPTURE_CLOSED i=9712 epoch=241 pause_ms=0
CAPTURE_CLOSED i=9713 epoch=242 pause_ms=0
CAPTURE_CLOSED i=9714 epoch=243 pause_ms=0
CAPTURE_CLOSED i=9715 epoch=244 pause_ms=0
CAPTURE_CLOSED i=9716 epoch=245 pause_ms=0
CAPTURE_CLOSED i=9717 epoch=246 pause_ms=0
CAPTURE_CLOSED i=9718 epoch=247 pause_ms=0
CAPTURE_CLOSED i=9719 epoch=248 pause_ms=0
CAPTURE_CLOSED i=9720 epoch=249 pause_ms=0
CAPTURE_CLOSED i=9721 epoch=250 pause_ms=0
CAPTURE_CLOSED i=9722 epoch=251 pause_ms=0
CAPTURE_CLOSED i=9723 epoch=252 pause_ms=0
CAPTURE_CLOSED i=9724 epoch=253 pause_ms=0
CAPTURE_CLOSED i=9725 epoch=254 pause_ms=0
CAPTURE_CLOSED i=9726 epoch=255 pause_ms=0
CAPTURE_CLOSED i=9727 epoch=0 pause_ms=0
CAPTURE_CLOSED i=9728 epoch=1 pause_ms=0
CAPTURE_CLOSED i=9729 epoch=2 pause_ms=0
CAPTURE_CLOSED i=9730 epoch=3 pause_ms=0
CAPTURE_CLOSED i=9731 epoch=4 pause_ms=0
CAPTURE_CLOSED i=9732 epoch=5 pause_ms=0
CAPTURE_CLOSED i=9733 epoch=6 pause_ms=0
CAPTURE_CLOSED i=9734 epoch=7 pause_ms=0
CAPTURE_CLOSED i=9735 epoch=8 pause_ms=0
CAPTURE_CLOSED i=9736 epoch=9 pause_ms=0
CAPTURE_CLOSED i=9737 epoch=10 pause_ms=0
CAPTURE_CLOSED i=9738 epoch=11 pause_ms=0
CAPTURE_CLOSED i=9739 epoch=12 pause_ms=0
CAPTURE_CLOSED i=9740 epoch=13 pause_ms=0
CAPTURE_CLOSED i=9741 epoch=14 pause_ms=0
CAPTURE_CLOSED i=9742 epoch=15 pause_ms=0
CAPTURE_CLOSED i=9743 epoch=16 pause_ms=0
CAPTURE_CLOSED i=9744 epoch=17 pause_ms=0
CAPTURE_CLOSED i=9745 epoch=18 pause_ms=0
CAPTURE_CLOSED i=9746 epoch=19 pause_ms=0
CAPTURE_CLOSED i=9747 epoch=20 pause_ms=0
CAPTURE_CLOSED i=9748 epoch=21 pause_ms=0
CAPTURE_CLOSED i=9749 epoch=22 pause_ms=0
CAPTURE_CLOSED i=9750 epoch=23 pause_ms=0
CAPTURE_CLOSED i=9751 epoch=24 pause_ms=0
CAPTURE_CLOSED i=9752 epoch=25 pause_ms=0
CAPTURE_CLOSED i=9753 epoch=26 pause_ms=0
CAPTURE_CLOSED i=9754 epoch=27 pause_ms=0
CAPTURE_CLOSED i=9755 epoch=28 pause_ms=0
CAPTURE_CLOSED i=9756 epoch=29 pause_ms=0
CAPTURE_CLOSED i=9757 epoch=30 pause_ms=0
CAPTURE_CLOSED i=9758 epoch=31 pause_ms=0
CAPTURE_CLOSED i=9759 epoch=32 pause_ms=0
CAPTURE_CLOSED i=9760 epoch=33 pause_ms=0
CAPTURE_CLOSED i=9761 epoch=34 pause_ms=0
CAPTURE_CLOSED i=9762 epoch=35 pause_ms=0
CAPTURE_CLOSED i=9763 epoch=36 pause_ms=0
CAPTURE_CLOSED i=9764 epoch=37 pause_ms=0
CAPTURE_CLOSED i=9765 epoch=38 pause_ms=0
CAPTURE_CLOSED i=9766 epoch=39 pause_ms=0
CAPTURE_CLOSED i=9767 epoch=40 pause_ms=0
CAPTURE_CLOSED i=9768 epoch=41 pause_ms=0
CAPTURE_CLOSED i=9769 epoch=42 pause_ms=0
CAPTURE_CLOSED i=9770 epoch=43 pause_ms=0
CAPTURE_CLOSED i=9771 epoch=44 pause_ms=0
CAPTURE_CLOSED i=9772 epoch=45 pause_ms=0
CAPTURE_CLOSED i=9773 epoch=46 pause_ms=0
CAPTURE_CLOSED i=9774 epoch=47 pause_ms=0
CAPTURE_CLOSED i=9775 epoch=48 pause_ms=0
CAPTURE_CLOSED i=9776 epoch=49 pause_ms=0
CAPTURE_CLOSED i=9777 epoch=50 pause_ms=0
CAPTURE_CLOSED i=9778 epoch=51 pause_ms=0
CAPTURE_CLOSED i=9779 epoch=52 pause_ms=0
CAPTURE_CLOSED i=9780 epoch=53 pause_ms=0
CAPTURE_CLOSED i=9781 epoch=54 pause_ms=0
CAPTURE_CLOSED i=9782 epoch=55 pause_ms=0
CAPTURE_CLOSED i=9783 epoch=56 pause_ms=0
CAPTURE_CLOSED i=9784 epoch=57 pause_ms=0
CAPTURE_CLOSED i=9785 epoch=58 pause_ms=0
CAPTURE_CLOSED i=9786 epoch=59 pause_ms=0
CAPTURE_CLOSED i=9787 epoch=60 pause_ms=0
CAPTURE_CLOSED i=9788 epoch=61 pause_ms=0
CAPTURE_CLOSED i=9789 epoch=62 pause_ms=0
CAPTURE_CLOSED i=9790 epoch=63 pause_ms=0
CAPTURE_CLOSED i=9791 epoch=64 pause_ms=0
CAPTURE_CLOSED i=9792 epoch=65 pause_ms=0
CAPTURE_CLOSED i=9793 epoch=66 pause_ms=0
CAPTURE_CLOSED i=9794 epoch=67 pause_ms=0
CAPTURE_CLOSED i=9795 epoch=68 pause_ms=0
CAPTURE_CLOSED i=9796 epoch=69 pause_ms=0
CAPTURE_CLOSED i=9797 epoch=70 pause_ms=0
CAPTURE_CLOSED i=9798 epoch=71 pause_ms=0
TRACE_SPI txn=9800 writes=24 host_observed_write_us=15523.242 post_spi_to_tune_return_us=3505.092
CAPTURE_CLOSED i=9799 epoch=72 pause_ms=0
mode=BOTH progress=9800 unrecovered=0 first_read_faults=0 recovered=0 last_epoch=72
CAPTURE_CLOSED i=9800 epoch=73 pause_ms=0
CAPTURE_CLOSED i=9801 epoch=74 pause_ms=0
CAPTURE_CLOSED i=9802 epoch=75 pause_ms=0
CAPTURE_CLOSED i=9803 epoch=76 pause_ms=0
CAPTURE_CLOSED i=9804 epoch=77 pause_ms=0
CAPTURE_CLOSED i=9805 epoch=78 pause_ms=0
CAPTURE_CLOSED i=9806 epoch=79 pause_ms=0
CAPTURE_CLOSED i=9807 epoch=80 pause_ms=0
CAPTURE_CLOSED i=9808 epoch=81 pause_ms=0
CAPTURE_CLOSED i=9809 epoch=82 pause_ms=0
CAPTURE_CLOSED i=9810 epoch=83 pause_ms=0
CAPTURE_CLOSED i=9811 epoch=84 pause_ms=0
CAPTURE_CLOSED i=9812 epoch=85 pause_ms=0
CAPTURE_CLOSED i=9813 epoch=86 pause_ms=0
CAPTURE_CLOSED i=9814 epoch=87 pause_ms=0
CAPTURE_CLOSED i=9815 epoch=88 pause_ms=0
CAPTURE_CLOSED i=9816 epoch=89 pause_ms=0
CAPTURE_CLOSED i=9817 epoch=90 pause_ms=0
CAPTURE_CLOSED i=9818 epoch=91 pause_ms=0
CAPTURE_CLOSED i=9819 epoch=92 pause_ms=0
CAPTURE_CLOSED i=9820 epoch=93 pause_ms=0
CAPTURE_CLOSED i=9821 epoch=94 pause_ms=0
CAPTURE_CLOSED i=9822 epoch=95 pause_ms=0
CAPTURE_CLOSED i=9823 epoch=96 pause_ms=0
CAPTURE_CLOSED i=9824 epoch=97 pause_ms=0
CAPTURE_CLOSED i=9825 epoch=98 pause_ms=0
CAPTURE_CLOSED i=9826 epoch=99 pause_ms=0
CAPTURE_CLOSED i=9827 epoch=100 pause_ms=0
CAPTURE_CLOSED i=9828 epoch=101 pause_ms=0
CAPTURE_CLOSED i=9829 epoch=102 pause_ms=0
CAPTURE_CLOSED i=9830 epoch=103 pause_ms=0
CAPTURE_CLOSED i=9831 epoch=104 pause_ms=0
CAPTURE_CLOSED i=9832 epoch=105 pause_ms=0
CAPTURE_CLOSED i=9833 epoch=106 pause_ms=0
CAPTURE_CLOSED i=9834 epoch=107 pause_ms=0
CAPTURE_CLOSED i=9835 epoch=108 pause_ms=0
CAPTURE_CLOSED i=9836 epoch=109 pause_ms=0
CAPTURE_CLOSED i=9837 epoch=110 pause_ms=0
CAPTURE_CLOSED i=9838 epoch=111 pause_ms=0
CAPTURE_CLOSED i=9839 epoch=112 pause_ms=0
CAPTURE_CLOSED i=9840 epoch=113 pause_ms=0
CAPTURE_CLOSED i=9841 epoch=114 pause_ms=0
CAPTURE_CLOSED i=9842 epoch=115 pause_ms=0
CAPTURE_CLOSED i=9843 epoch=116 pause_ms=0
CAPTURE_CLOSED i=9844 epoch=117 pause_ms=0
CAPTURE_CLOSED i=9845 epoch=118 pause_ms=0
CAPTURE_CLOSED i=9846 epoch=119 pause_ms=0
CAPTURE_CLOSED i=9847 epoch=120 pause_ms=0
CAPTURE_CLOSED i=9848 epoch=121 pause_ms=0
CAPTURE_CLOSED i=9849 epoch=122 pause_ms=0
CAPTURE_CLOSED i=9850 epoch=123 pause_ms=0
CAPTURE_CLOSED i=9851 epoch=124 pause_ms=0
CAPTURE_CLOSED i=9852 epoch=125 pause_ms=0
CAPTURE_CLOSED i=9853 epoch=126 pause_ms=0
CAPTURE_CLOSED i=9854 epoch=127 pause_ms=0
CAPTURE_CLOSED i=9855 epoch=128 pause_ms=0
CAPTURE_CLOSED i=9856 epoch=129 pause_ms=0
CAPTURE_CLOSED i=9857 epoch=130 pause_ms=0
CAPTURE_CLOSED i=9858 epoch=131 pause_ms=0
CAPTURE_CLOSED i=9859 epoch=132 pause_ms=0
CAPTURE_CLOSED i=9860 epoch=133 pause_ms=0
CAPTURE_CLOSED i=9861 epoch=134 pause_ms=0
CAPTURE_CLOSED i=9862 epoch=135 pause_ms=0
CAPTURE_CLOSED i=9863 epoch=136 pause_ms=0
CAPTURE_CLOSED i=9864 epoch=137 pause_ms=0
CAPTURE_CLOSED i=9865 epoch=138 pause_ms=0
CAPTURE_CLOSED i=9866 epoch=139 pause_ms=0
CAPTURE_CLOSED i=9867 epoch=140 pause_ms=0
CAPTURE_CLOSED i=9868 epoch=141 pause_ms=0
CAPTURE_CLOSED i=9869 epoch=142 pause_ms=0
CAPTURE_CLOSED i=9870 epoch=143 pause_ms=0
CAPTURE_CLOSED i=9871 epoch=144 pause_ms=0
CAPTURE_CLOSED i=9872 epoch=145 pause_ms=0
CAPTURE_CLOSED i=9873 epoch=146 pause_ms=0
CAPTURE_CLOSED i=9874 epoch=147 pause_ms=0
CAPTURE_CLOSED i=9875 epoch=148 pause_ms=0
CAPTURE_CLOSED i=9876 epoch=149 pause_ms=0
CAPTURE_CLOSED i=9877 epoch=150 pause_ms=0
CAPTURE_CLOSED i=9878 epoch=151 pause_ms=0
CAPTURE_CLOSED i=9879 epoch=152 pause_ms=0
CAPTURE_CLOSED i=9880 epoch=153 pause_ms=0
CAPTURE_CLOSED i=9881 epoch=154 pause_ms=0
CAPTURE_CLOSED i=9882 epoch=155 pause_ms=0
CAPTURE_CLOSED i=9883 epoch=156 pause_ms=0
CAPTURE_CLOSED i=9884 epoch=157 pause_ms=0
CAPTURE_CLOSED i=9885 epoch=158 pause_ms=0
CAPTURE_CLOSED i=9886 epoch=159 pause_ms=0
CAPTURE_CLOSED i=9887 epoch=160 pause_ms=0
CAPTURE_CLOSED i=9888 epoch=161 pause_ms=0
CAPTURE_CLOSED i=9889 epoch=162 pause_ms=0
CAPTURE_CLOSED i=9890 epoch=163 pause_ms=0
CAPTURE_CLOSED i=9891 epoch=164 pause_ms=0
CAPTURE_CLOSED i=9892 epoch=165 pause_ms=0
CAPTURE_CLOSED i=9893 epoch=166 pause_ms=0
CAPTURE_CLOSED i=9894 epoch=167 pause_ms=0
CAPTURE_CLOSED i=9895 epoch=168 pause_ms=0
CAPTURE_CLOSED i=9896 epoch=169 pause_ms=0
CAPTURE_CLOSED i=9897 epoch=170 pause_ms=0
CAPTURE_CLOSED i=9898 epoch=171 pause_ms=0
TRACE_SPI txn=9900 writes=24 host_observed_write_us=15479.353 post_spi_to_tune_return_us=3505.413
CAPTURE_CLOSED i=9899 epoch=172 pause_ms=0
mode=BOTH progress=9900 unrecovered=0 first_read_faults=0 recovered=0 last_epoch=172
CAPTURE_CLOSED i=9900 epoch=173 pause_ms=0
CAPTURE_CLOSED i=9901 epoch=174 pause_ms=0
CAPTURE_CLOSED i=9902 epoch=175 pause_ms=0
CAPTURE_CLOSED i=9903 epoch=176 pause_ms=0
CAPTURE_CLOSED i=9904 epoch=177 pause_ms=0
CAPTURE_CLOSED i=9905 epoch=178 pause_ms=0
CAPTURE_CLOSED i=9906 epoch=179 pause_ms=0
CAPTURE_CLOSED i=9907 epoch=180 pause_ms=0
CAPTURE_CLOSED i=9908 epoch=181 pause_ms=0
CAPTURE_CLOSED i=9909 epoch=182 pause_ms=0
CAPTURE_CLOSED i=9910 epoch=183 pause_ms=0
CAPTURE_CLOSED i=9911 epoch=184 pause_ms=0
CAPTURE_CLOSED i=9912 epoch=185 pause_ms=0
CAPTURE_CLOSED i=9913 epoch=186 pause_ms=0
CAPTURE_CLOSED i=9914 epoch=187 pause_ms=0
CAPTURE_CLOSED i=9915 epoch=188 pause_ms=0
CAPTURE_CLOSED i=9916 epoch=189 pause_ms=0
CAPTURE_CLOSED i=9917 epoch=190 pause_ms=0
CAPTURE_CLOSED i=9918 epoch=191 pause_ms=0
CAPTURE_CLOSED i=9919 epoch=192 pause_ms=0
CAPTURE_CLOSED i=9920 epoch=193 pause_ms=0
CAPTURE_CLOSED i=9921 epoch=194 pause_ms=0
CAPTURE_CLOSED i=9922 epoch=195 pause_ms=0
CAPTURE_CLOSED i=9923 epoch=196 pause_ms=0
CAPTURE_CLOSED i=9924 epoch=197 pause_ms=0
CAPTURE_CLOSED i=9925 epoch=198 pause_ms=0
CAPTURE_CLOSED i=9926 epoch=199 pause_ms=0
CAPTURE_CLOSED i=9927 epoch=200 pause_ms=0
CAPTURE_CLOSED i=9928 epoch=201 pause_ms=0
CAPTURE_CLOSED i=9929 epoch=202 pause_ms=0
CAPTURE_CLOSED i=9930 epoch=203 pause_ms=0
CAPTURE_CLOSED i=9931 epoch=204 pause_ms=0
CAPTURE_CLOSED i=9932 epoch=205 pause_ms=0
CAPTURE_CLOSED i=9933 epoch=206 pause_ms=0
CAPTURE_CLOSED i=9934 epoch=207 pause_ms=0
CAPTURE_CLOSED i=9935 epoch=208 pause_ms=0
CAPTURE_CLOSED i=9936 epoch=209 pause_ms=0
CAPTURE_CLOSED i=9937 epoch=210 pause_ms=0
CAPTURE_CLOSED i=9938 epoch=211 pause_ms=0
CAPTURE_CLOSED i=9939 epoch=212 pause_ms=0
CAPTURE_CLOSED i=9940 epoch=213 pause_ms=0
CAPTURE_CLOSED i=9941 epoch=214 pause_ms=0
CAPTURE_CLOSED i=9942 epoch=215 pause_ms=0
CAPTURE_CLOSED i=9943 epoch=216 pause_ms=0
CAPTURE_CLOSED i=9944 epoch=217 pause_ms=0
CAPTURE_CLOSED i=9945 epoch=218 pause_ms=0
CAPTURE_CLOSED i=9946 epoch=219 pause_ms=0
CAPTURE_CLOSED i=9947 epoch=220 pause_ms=0
CAPTURE_CLOSED i=9948 epoch=221 pause_ms=0
CAPTURE_CLOSED i=9949 epoch=222 pause_ms=0
CAPTURE_CLOSED i=9950 epoch=223 pause_ms=0
CAPTURE_CLOSED i=9951 epoch=224 pause_ms=0
CAPTURE_CLOSED i=9952 epoch=225 pause_ms=0
CAPTURE_CLOSED i=9953 epoch=226 pause_ms=0
CAPTURE_CLOSED i=9954 epoch=227 pause_ms=0
CAPTURE_CLOSED i=9955 epoch=228 pause_ms=0
CAPTURE_CLOSED i=9956 epoch=229 pause_ms=0
CAPTURE_CLOSED i=9957 epoch=230 pause_ms=0
CAPTURE_CLOSED i=9958 epoch=231 pause_ms=0
CAPTURE_CLOSED i=9959 epoch=232 pause_ms=0
CAPTURE_CLOSED i=9960 epoch=233 pause_ms=0
CAPTURE_CLOSED i=9961 epoch=234 pause_ms=0
CAPTURE_CLOSED i=9962 epoch=235 pause_ms=0
CAPTURE_CLOSED i=9963 epoch=236 pause_ms=0
CAPTURE_CLOSED i=9964 epoch=237 pause_ms=0
CAPTURE_CLOSED i=9965 epoch=238 pause_ms=0
CAPTURE_CLOSED i=9966 epoch=239 pause_ms=0
CAPTURE_CLOSED i=9967 epoch=240 pause_ms=0
CAPTURE_CLOSED i=9968 epoch=241 pause_ms=0
CAPTURE_CLOSED i=9969 epoch=242 pause_ms=0
CAPTURE_CLOSED i=9970 epoch=243 pause_ms=0
CAPTURE_CLOSED i=9971 epoch=244 pause_ms=0
CAPTURE_CLOSED i=9972 epoch=245 pause_ms=0
CAPTURE_CLOSED i=9973 epoch=246 pause_ms=0
CAPTURE_CLOSED i=9974 epoch=247 pause_ms=0
CAPTURE_CLOSED i=9975 epoch=248 pause_ms=0
CAPTURE_CLOSED i=9976 epoch=249 pause_ms=0
CAPTURE_CLOSED i=9977 epoch=250 pause_ms=0
CAPTURE_CLOSED i=9978 epoch=251 pause_ms=0
CAPTURE_CLOSED i=9979 epoch=252 pause_ms=0
CAPTURE_CLOSED i=9980 epoch=253 pause_ms=0
CAPTURE_CLOSED i=9981 epoch=254 pause_ms=0
CAPTURE_CLOSED i=9982 epoch=255 pause_ms=0
CAPTURE_CLOSED i=9983 epoch=0 pause_ms=0
CAPTURE_CLOSED i=9984 epoch=1 pause_ms=0
CAPTURE_CLOSED i=9985 epoch=2 pause_ms=0
CAPTURE_CLOSED i=9986 epoch=3 pause_ms=0
CAPTURE_CLOSED i=9987 epoch=4 pause_ms=0
CAPTURE_CLOSED i=9988 epoch=5 pause_ms=0
CAPTURE_CLOSED i=9989 epoch=6 pause_ms=0
CAPTURE_CLOSED i=9990 epoch=7 pause_ms=0
CAPTURE_CLOSED i=9991 epoch=8 pause_ms=0
CAPTURE_CLOSED i=9992 epoch=9 pause_ms=0
CAPTURE_CLOSED i=9993 epoch=10 pause_ms=0
CAPTURE_CLOSED i=9994 epoch=11 pause_ms=0
CAPTURE_CLOSED i=9995 epoch=12 pause_ms=0
CAPTURE_CLOSED i=9996 epoch=13 pause_ms=0
CAPTURE_CLOSED i=9997 epoch=14 pause_ms=0
CAPTURE_CLOSED i=9998 epoch=15 pause_ms=0
TRACE_SPI txn=10000 writes=24 host_observed_write_us=15479.063 post_spi_to_tune_return_us=3504.986
CAPTURE_CLOSED i=9999 epoch=16 pause_ms=0
mode=BOTH progress=10000 unrecovered=0 first_read_faults=0 recovered=0 last_epoch=16
FINAL_EVENT_HISTORY_OK first=1 last=10000
FINAL_RX1_DISABLE_DONE mode=BOTH
FINAL_RX2_DISABLE_DONE paired=1
FINAL_DEVICE_CLOSE_BEGIN
FINAL_DEVICE_CLOSE_DONE
bladerf2-axi-ad9361: Successfully initialized (76799011 Hz)
bladerf2-axi-ad9361-tx: Successfully initialized (76799011 Hz)
ad9361_init : AD936x Rev 2 successfully initialized
mode=BOTH transitions=10000 unrecovered=0 first_read_faults=0 recovered=0 retry_would_block=0 retry_overruns=0 stream_overrun_events=0 data_withheld_events=10002 transition_ms_p50=21.813_p95=22.440_p99=23.145_max=31.404
