[WARNING @ host/libraries/libbladeRF/src/board/bladerf2/bladerf2.c:451] Failed to get FPGA size Invalid operation or parameter
[WARNING @ host/libraries/libbladeRF/src/board/bladerf2/bladerf2.c:3678] Failed to get VCTCXO trim value: Invalid operation or parameter
CAPTURE_TIMING i=0 samples_per_channel=131072 sample_rate=23040000 duration_ms=14.287 status=Success
RUNTIME_WITHHELD n=1 txn=0 epoch=0 flags=0x90000001 state=7 error=0 fpga_ts=58200 host_ns=1318456336716520
CAPTURE_TIMING i=1 samples_per_channel=131072 sample_rate=23040000 duration_ms=14.507 status=Success
RUNTIME_WITHHELD n=2 txn=1 epoch=1 flags=0x90000001 state=7 error=0 fpga_ts=843096 host_ns=1318456371575974
CAPTURE_TIMING i=2 samples_per_channel=131072 sample_rate=23040000 duration_ms=16.529 status=Success
RUNTIME_WITHHELD n=3 txn=2 epoch=2 flags=0x90000001 state=7 error=0 fpga_ts=2020440 host_ns=1318456421896369
CAPTURE_TIMING i=3 samples_per_channel=131072 sample_rate=23040000 duration_ms=12.702 status=Success
RUNTIME_WITHHELD n=4 txn=3 epoch=3 flags=0x90000001 state=7 error=0 fpga_ts=2936152 host_ns=1318456461649937
CAPTURE_TIMING i=4 samples_per_channel=131072 sample_rate=23040000 duration_ms=13.103 status=Success
RUNTIME_WITHHELD n=5 txn=4 epoch=4 flags=0x90000001 state=7 error=0 fpga_ts=3721048 host_ns=1318456495741605
CAPTURE_TIMING i=5 samples_per_channel=131072 sample_rate=23040000 duration_ms=13.141 status=Success
RUNTIME_WITHHELD n=6 txn=5 epoch=5 flags=0x90000001 state=7 error=0 fpga_ts=4505944 host_ns=1318456529774161
CAPTURE_TIMING i=6 samples_per_channel=131072 sample_rate=23040000 duration_ms=12.997 status=Success
RUNTIME_WITHHELD n=7 txn=6 epoch=6 flags=0x90000001 state=7 error=0 fpga_ts=5290840 host_ns=1318456563837321
CAPTURE_TIMING i=7 samples_per_channel=131072 sample_rate=23040000 duration_ms=12.665 status=Success
RUNTIME_WITHHELD n=8 txn=7 epoch=7 flags=0x90000001 state=7 error=0 fpga_ts=6075736 host_ns=1318456597898444
CAPTURE_TIMING i=8 samples_per_channel=131072 sample_rate=23040000 duration_ms=13.148 status=Success
RUNTIME_WITHHELD n=9 txn=8 epoch=8 flags=0x90000001 state=7 error=0 fpga_ts=6860632 host_ns=1318456631966335
CAPTURE_TIMING i=9 samples_per_channel=131072 sample_rate=23040000 duration_ms=13.195 status=Success
RUNTIME_WITHHELD n=10 txn=9 epoch=9 flags=0x90000001 state=7 error=0 fpga_ts=7645528 host_ns=1318456666034003
CAPTURE_TIMING i=10 samples_per_channel=131072 sample_rate=23040000 duration_ms=13.062 status=Success
RUNTIME_WITHHELD n=11 txn=10 epoch=10 flags=0x90000001 state=7 error=0 fpga_ts=8430424 host_ns=1318456700123507
CAPTURE_TIMING i=11 samples_per_channel=131072 sample_rate=23040000 duration_ms=13.299 status=Success
RUNTIME_WITHHELD n=12 txn=11 epoch=11 flags=0x90000001 state=7 error=0 fpga_ts=9215320 host_ns=1318456734179592
CAPTURE_TIMING i=12 samples_per_channel=131072 sample_rate=23040000 duration_ms=13.193 status=Success
RUNTIME_WITHHELD n=13 txn=12 epoch=12 flags=0x90000001 state=7 error=0 fpga_ts=10000216 host_ns=1318456768263751
CAPTURE_TIMING i=13 samples_per_channel=131072 sample_rate=23040000 duration_ms=13.090 status=Success
RUNTIME_WITHHELD n=14 txn=13 epoch=13 flags=0x90000001 state=7 error=0 fpga_ts=10785112 host_ns=1318456802291364
CAPTURE_TIMING i=14 samples_per_channel=131072 sample_rate=23040000 duration_ms=12.652 status=Success
RUNTIME_WITHHELD n=15 txn=14 epoch=14 flags=0x90000001 state=7 error=0 fpga_ts=11570008 host_ns=1318456836365380
CAPTURE_TIMING i=15 samples_per_channel=131072 sample_rate=23040000 duration_ms=13.178 status=Success
RUNTIME_WITHHELD n=16 txn=15 epoch=15 flags=0x90000001 state=7 error=0 fpga_ts=12354904 host_ns=1318456870432024
RUNTIME_WITHHELD n=17 txn=16 epoch=16 flags=0x90000001 state=7 error=0 fpga_ts=13139800 host_ns=1318456904482299
RUNTIME_WITHHELD n=18 txn=17 epoch=17 flags=0x90000001 state=7 error=0 fpga_ts=13924696 host_ns=1318456938549355
RUNTIME_WITHHELD n=19 txn=18 epoch=18 flags=0x90000001 state=7 error=0 fpga_ts=14709592 host_ns=1318456972626213
RUNTIME_WITHHELD n=20 txn=19 epoch=19 flags=0x90000001 state=7 error=0 fpga_ts=15494488 host_ns=1318457006694381
RUNTIME_WITHHELD n=21 txn=20 epoch=20 flags=0x90000001 state=7 error=0 fpga_ts=16279384 host_ns=1318457040759348
RUNTIME_WITHHELD n=22 txn=21 epoch=21 flags=0x90000001 state=7 error=0 fpga_ts=17064280 host_ns=1318457074849739
RUNTIME_WITHHELD n=23 txn=22 epoch=22 flags=0x90000001 state=7 error=0 fpga_ts=17849176 host_ns=1318457108987866
RUNTIME_WITHHELD n=24 txn=23 epoch=23 flags=0x90000001 state=7 error=0 fpga_ts=18634072 host_ns=1318457143009353
RUNTIME_WITHHELD n=25 txn=24 epoch=24 flags=0x90000001 state=7 error=0 fpga_ts=19418968 host_ns=1318457177117996
RUNTIME_WITHHELD n=26 txn=25 epoch=25 flags=0x90000001 state=7 error=0 fpga_ts=20203864 host_ns=1318457211183617
RUNTIME_WITHHELD n=27 txn=26 epoch=26 flags=0x90000001 state=7 error=0 fpga_ts=20988760 host_ns=1318457245256759
RUNTIME_WITHHELD n=28 txn=27 epoch=27 flags=0x90000001 state=7 error=0 fpga_ts=21773656 host_ns=1318457279306971
RUNTIME_WITHHELD n=29 txn=28 epoch=28 flags=0x90000001 state=7 error=0 fpga_ts=22558552 host_ns=1318457313376530
RUNTIME_WITHHELD n=30 txn=29 epoch=29 flags=0x90000001 state=7 error=0 fpga_ts=23343448 host_ns=1318457347440530
RUNTIME_WITHHELD n=31 txn=30 epoch=30 flags=0x90000001 state=7 error=0 fpga_ts=24128344 host_ns=1318457381521491
RUNTIME_WITHHELD n=32 txn=31 epoch=31 flags=0x90000001 state=7 error=0 fpga_ts=24913240 host_ns=1318457415568445
RUNTIME_WITHHELD n=33 txn=32 epoch=32 flags=0x90000001 state=7 error=0 fpga_ts=25698136 host_ns=1318457449649209
RUNTIME_WITHHELD n=34 txn=33 epoch=33 flags=0x90000001 state=7 error=0 fpga_ts=26483032 host_ns=1318457483708536
RUNTIME_WITHHELD n=35 txn=34 epoch=34 flags=0x90000001 state=7 error=0 fpga_ts=27267928 host_ns=1318457517795083
RUNTIME_WITHHELD n=36 txn=35 epoch=35 flags=0x90000001 state=7 error=0 fpga_ts=28052824 host_ns=1318457551818699
RUNTIME_WITHHELD n=37 txn=36 epoch=36 flags=0x90000001 state=7 error=0 fpga_ts=28837720 host_ns=1318457585849550
RUNTIME_WITHHELD n=38 txn=37 epoch=37 flags=0x90000001 state=7 error=0 fpga_ts=29622616 host_ns=1318457619901024
RUNTIME_WITHHELD n=39 txn=38 epoch=38 flags=0x90000001 state=7 error=0 fpga_ts=30407512 host_ns=1318457653964579
RUNTIME_WITHHELD n=40 txn=39 epoch=39 flags=0x90000001 state=7 error=0 fpga_ts=31192408 host_ns=1318457688036389
RUNTIME_WITHHELD n=41 txn=40 epoch=40 flags=0x90000001 state=7 error=0 fpga_ts=31977304 host_ns=1318457722161101
RUNTIME_WITHHELD n=42 txn=41 epoch=41 flags=0x90000001 state=7 error=0 fpga_ts=32762200 host_ns=1318457756205301
RUNTIME_WITHHELD n=43 txn=42 epoch=42 flags=0x90000001 state=7 error=0 fpga_ts=33547096 host_ns=1318457790235299
RUNTIME_WITHHELD n=44 txn=43 epoch=43 flags=0x90000001 state=7 error=0 fpga_ts=34331992 host_ns=1318457824284526
RUNTIME_WITHHELD n=45 txn=44 epoch=44 flags=0x90000001 state=7 error=0 fpga_ts=35116888 host_ns=1318457858352263
RUNTIME_WITHHELD n=46 txn=45 epoch=45 flags=0x90000001 state=7 error=0 fpga_ts=35901784 host_ns=1318457892417816
RUNTIME_WITHHELD n=47 txn=46 epoch=46 flags=0x90000001 state=7 error=0 fpga_ts=36686680 host_ns=1318457926533025
RUNTIME_WITHHELD n=48 txn=47 epoch=47 flags=0x90000001 state=7 error=0 fpga_ts=37471576 host_ns=1318457960595673
RUNTIME_WITHHELD n=49 txn=48 epoch=48 flags=0x90000001 state=7 error=0 fpga_ts=38256472 host_ns=1318457994647276
RUNTIME_WITHHELD n=50 txn=49 epoch=49 flags=0x90000001 state=7 error=0 fpga_ts=39041368 host_ns=1318458028679307
RUNTIME_WITHHELD n=51 txn=50 epoch=50 flags=0x90000001 state=7 error=0 fpga_ts=39826264 host_ns=1318458062760077
RUNTIME_WITHHELD n=52 txn=51 epoch=51 flags=0x90000001 state=7 error=0 fpga_ts=40611160 host_ns=1318458096816663
RUNTIME_WITHHELD n=53 txn=52 epoch=52 flags=0x90000001 state=7 error=0 fpga_ts=41396056 host_ns=1318458130893004
RUNTIME_WITHHELD n=54 txn=53 epoch=53 flags=0x90000001 state=7 error=0 fpga_ts=42180952 host_ns=1318458164962449
RUNTIME_WITHHELD n=55 txn=54 epoch=54 flags=0x90000001 state=7 error=0 fpga_ts=42965848 host_ns=1318458199043648
RUNTIME_WITHHELD n=56 txn=55 epoch=55 flags=0x90000001 state=7 error=0 fpga_ts=43750744 host_ns=1318458233094047
RUNTIME_WITHHELD n=57 txn=56 epoch=56 flags=0x90000001 state=7 error=0 fpga_ts=44535640 host_ns=1318458267156175
RUNTIME_WITHHELD n=58 txn=57 epoch=57 flags=0x90000001 state=7 error=0 fpga_ts=45320536 host_ns=1318458301217225
RUNTIME_WITHHELD n=59 txn=58 epoch=58 flags=0x90000001 state=7 error=0 fpga_ts=46105432 host_ns=1318458335313129
RUNTIME_WITHHELD n=60 txn=59 epoch=59 flags=0x90000001 state=7 error=0 fpga_ts=46890328 host_ns=1318458369356595
RUNTIME_WITHHELD n=61 txn=60 epoch=60 flags=0x90000001 state=7 error=0 fpga_ts=47675224 host_ns=1318458403419416
RUNTIME_WITHHELD n=62 txn=61 epoch=61 flags=0x90000001 state=7 error=0 fpga_ts=48460120 host_ns=1318458437506367
RUNTIME_WITHHELD n=63 txn=62 epoch=62 flags=0x90000001 state=7 error=0 fpga_ts=49245016 host_ns=1318458471552528
RUNTIME_WITHHELD n=64 txn=63 epoch=63 flags=0x90000001 state=7 error=0 fpga_ts=50029912 host_ns=1318458505616731
RUNTIME_WITHHELD n=65 txn=64 epoch=64 flags=0x90000001 state=7 error=0 fpga_ts=50814808 host_ns=1318458539687617
RUNTIME_WITHHELD n=66 txn=65 epoch=65 flags=0x90000001 state=7 error=0 fpga_ts=51599704 host_ns=1318458573750696
RUNTIME_WITHHELD n=67 txn=66 epoch=66 flags=0x90000001 state=7 error=0 fpga_ts=52384600 host_ns=1318458607816817
RUNTIME_WITHHELD n=68 txn=67 epoch=67 flags=0x90000001 state=7 error=0 fpga_ts=53169496 host_ns=1318458641882396
RUNTIME_WITHHELD n=69 txn=68 epoch=68 flags=0x90000001 state=7 error=0 fpga_ts=53954392 host_ns=1318458675957255
RUNTIME_WITHHELD n=70 txn=69 epoch=69 flags=0x90000001 state=7 error=0 fpga_ts=54739288 host_ns=1318458710056224
RUNTIME_WITHHELD n=71 txn=70 epoch=70 flags=0x90000001 state=7 error=0 fpga_ts=55524184 host_ns=1318458744090196
RUNTIME_WITHHELD n=72 txn=71 epoch=71 flags=0x90000001 state=7 error=0 fpga_ts=56309080 host_ns=1318458778178225
RUNTIME_WITHHELD n=73 txn=72 epoch=72 flags=0x90000001 state=7 error=0 fpga_ts=57093976 host_ns=1318458812220906
RUNTIME_WITHHELD n=74 txn=73 epoch=73 flags=0x90000001 state=7 error=0 fpga_ts=57878872 host_ns=1318458846288747
RUNTIME_WITHHELD n=75 txn=74 epoch=74 flags=0x90000001 state=7 error=0 fpga_ts=58663768 host_ns=1318458880349418
RUNTIME_WITHHELD n=76 txn=75 epoch=75 flags=0x90000001 state=7 error=0 fpga_ts=59448664 host_ns=1318458914418685
RUNTIME_WITHHELD n=77 txn=76 epoch=76 flags=0x90000001 state=7 error=0 fpga_ts=60233560 host_ns=1318458948483304
RUNTIME_WITHHELD n=78 txn=77 epoch=77 flags=0x90000001 state=7 error=0 fpga_ts=61018456 host_ns=1318458982636503
RUNTIME_WITHHELD n=79 txn=78 epoch=78 flags=0x90000001 state=7 error=0 fpga_ts=61934168 host_ns=1318459022373639
RUNTIME_WITHHELD n=80 txn=79 epoch=79 flags=0x90000001 state=7 error=0 fpga_ts=62849880 host_ns=1318459062113741
RUNTIME_WITHHELD n=81 txn=80 epoch=80 flags=0x90000001 state=7 error=0 fpga_ts=63634776 host_ns=1318459096176389
RUNTIME_WITHHELD n=82 txn=81 epoch=81 flags=0x90000001 state=7 error=0 fpga_ts=64419672 host_ns=1318459130252369
RUNTIME_WITHHELD n=83 txn=82 epoch=82 flags=0x90000001 state=7 error=0 fpga_ts=65204568 host_ns=1318459164315310
RUNTIME_WITHHELD n=84 txn=83 epoch=83 flags=0x90000001 state=7 error=0 fpga_ts=65989464 host_ns=1318459198391277
RUNTIME_WITHHELD n=85 txn=84 epoch=84 flags=0x90000001 state=7 error=0 fpga_ts=66774360 host_ns=1318459232456102
RUNTIME_WITHHELD n=86 txn=85 epoch=85 flags=0x90000001 state=7 error=0 fpga_ts=67559256 host_ns=1318459266335801
RUNTIME_WITHHELD n=87 txn=86 epoch=86 flags=0x90000001 state=7 error=0 fpga_ts=68344152 host_ns=1318459300397096
RUNTIME_WITHHELD n=88 txn=87 epoch=87 flags=0x90000001 state=7 error=0 fpga_ts=69129048 host_ns=1318459334463799
RUNTIME_WITHHELD n=89 txn=88 epoch=88 flags=0x90000001 state=7 error=0 fpga_ts=69913944 host_ns=1318459368541152
RUNTIME_WITHHELD n=90 txn=89 epoch=89 flags=0x90000001 state=7 error=0 fpga_ts=70698840 host_ns=1318459402598455
RUNTIME_WITHHELD n=91 txn=90 epoch=90 flags=0x90000001 state=7 error=0 fpga_ts=71483736 host_ns=1318459436661647
RUNTIME_WITHHELD n=92 txn=91 epoch=91 flags=0x90000001 state=7 error=0 fpga_ts=72268632 host_ns=1318459470735743
RUNTIME_WITHHELD n=93 txn=92 epoch=92 flags=0x90000001 state=7 error=0 fpga_ts=73053528 host_ns=1318459504798646
RUNTIME_WITHHELD n=94 txn=93 epoch=93 flags=0x90000001 state=7 error=0 fpga_ts=73838424 host_ns=1318459538872670
RUNTIME_WITHHELD n=95 txn=94 epoch=94 flags=0x90000001 state=7 error=0 fpga_ts=74623320 host_ns=1318459572930560
RUNTIME_WITHHELD n=96 txn=95 epoch=95 flags=0x90000001 state=7 error=0 fpga_ts=75408216 host_ns=1318459607017014
RUNTIME_WITHHELD n=97 txn=96 epoch=96 flags=0x90000001 state=7 error=0 fpga_ts=76193112 host_ns=1318459641073721
RUNTIME_WITHHELD n=98 txn=97 epoch=97 flags=0x90000001 state=7 error=0 fpga_ts=76978008 host_ns=1318459675137917
RUNTIME_WITHHELD n=99 txn=98 epoch=98 flags=0x90000001 state=7 error=0 fpga_ts=77762904 host_ns=1318459709194907
TRACE_SPI txn=100 writes=24 host_observed_write_us=15282.883 post_spi_to_tune_return_us=3353.791
RUNTIME_WITHHELD n=100 txn=99 epoch=99 flags=0x90000001 state=7 error=0 fpga_ts=78547800 host_ns=1318459743265628
mode=RX1 progress=100 unrecovered=0 first_read_faults=0 recovered=0 last_epoch=100
RUNTIME_WITHHELD n=101 txn=100 epoch=100 flags=0x90000001 state=7 error=0 fpga_ts=79332696 host_ns=1318459777339936
RUNTIME_WITHHELD n=102 txn=101 epoch=101 flags=0x90000001 state=7 error=0 fpga_ts=80117592 host_ns=1318459811400642
RUNTIME_WITHHELD n=103 txn=102 epoch=102 flags=0x90000001 state=7 error=0 fpga_ts=80902488 host_ns=1318459845491909
RUNTIME_WITHHELD n=104 txn=103 epoch=103 flags=0x90000001 state=7 error=0 fpga_ts=81687384 host_ns=1318459879563003
RUNTIME_WITHHELD n=105 txn=104 epoch=104 flags=0x90000001 state=7 error=0 fpga_ts=82472280 host_ns=1318459913605534
RUNTIME_WITHHELD n=106 txn=105 epoch=105 flags=0x90000001 state=7 error=0 fpga_ts=83257176 host_ns=1318459947683608
RUNTIME_WITHHELD n=107 txn=106 epoch=106 flags=0x90000001 state=7 error=0 fpga_ts=84042072 host_ns=1318459981730596
RUNTIME_WITHHELD n=108 txn=107 epoch=107 flags=0x90000001 state=7 error=0 fpga_ts=84826968 host_ns=1318460015801122
RUNTIME_WITHHELD n=109 txn=108 epoch=108 flags=0x90000001 state=7 error=0 fpga_ts=85611864 host_ns=1318460049860559
RUNTIME_WITHHELD n=110 txn=109 epoch=109 flags=0x90000001 state=7 error=0 fpga_ts=86396760 host_ns=1318460083953121
RUNTIME_WITHHELD n=111 txn=110 epoch=110 flags=0x90000001 state=7 error=0 fpga_ts=87181656 host_ns=1318460117987100
RUNTIME_WITHHELD n=112 txn=111 epoch=111 flags=0x90000001 state=7 error=0 fpga_ts=87966552 host_ns=1318460152071217
RUNTIME_WITHHELD n=113 txn=112 epoch=112 flags=0x90000001 state=7 error=0 fpga_ts=88751448 host_ns=1318460186131094
RUNTIME_WITHHELD n=114 txn=113 epoch=113 flags=0x90000001 state=7 error=0 fpga_ts=89536344 host_ns=1318460220194261
RUNTIME_WITHHELD n=115 txn=114 epoch=114 flags=0x90000001 state=7 error=0 fpga_ts=90321240 host_ns=1318460254288695
RUNTIME_WITHHELD n=116 txn=115 epoch=115 flags=0x90000001 state=7 error=0 fpga_ts=91106136 host_ns=1318460288330643
RUNTIME_WITHHELD n=117 txn=116 epoch=116 flags=0x90000001 state=7 error=0 fpga_ts=91891032 host_ns=1318460322431748
RUNTIME_WITHHELD n=118 txn=117 epoch=117 flags=0x90000001 state=7 error=0 fpga_ts=92675928 host_ns=1318460356464780
RUNTIME_WITHHELD n=119 txn=118 epoch=118 flags=0x90000001 state=7 error=0 fpga_ts=93460824 host_ns=1318460390529732
RUNTIME_WITHHELD n=120 txn=119 epoch=119 flags=0x90000001 state=7 error=0 fpga_ts=94245720 host_ns=1318460424606294
RUNTIME_WITHHELD n=121 txn=120 epoch=120 flags=0x90000001 state=7 error=0 fpga_ts=95030616 host_ns=1318460458670563
RUNTIME_WITHHELD n=122 txn=121 epoch=121 flags=0x90000001 state=7 error=0 fpga_ts=95815512 host_ns=1318460492737384
RUNTIME_WITHHELD n=123 txn=122 epoch=122 flags=0x90000001 state=7 error=0 fpga_ts=96600408 host_ns=1318460526800955
RUNTIME_WITHHELD n=124 txn=123 epoch=123 flags=0x90000001 state=7 error=0 fpga_ts=97385304 host_ns=1318460560866338
RUNTIME_WITHHELD n=125 txn=124 epoch=124 flags=0x90000001 state=7 error=0 fpga_ts=98170200 host_ns=1318460594941911
RUNTIME_WITHHELD n=126 txn=125 epoch=125 flags=0x90000001 state=7 error=0 fpga_ts=98955096 host_ns=1318460629021642
RUNTIME_WITHHELD n=127 txn=126 epoch=126 flags=0x90000001 state=7 error=0 fpga_ts=99739992 host_ns=1318460663089966
RUNTIME_WITHHELD n=128 txn=127 epoch=127 flags=0x90000001 state=7 error=0 fpga_ts=100524888 host_ns=1318460697131149
RUNTIME_WITHHELD n=129 txn=128 epoch=128 flags=0x90000001 state=7 error=0 fpga_ts=101309784 host_ns=1318460731200310
RUNTIME_WITHHELD n=130 txn=129 epoch=129 flags=0x90000001 state=7 error=0 fpga_ts=102094680 host_ns=1318460765265546
RUNTIME_WITHHELD n=131 txn=130 epoch=130 flags=0x90000001 state=7 error=0 fpga_ts=102879576 host_ns=1318460799353699
RUNTIME_WITHHELD n=132 txn=131 epoch=131 flags=0x90000001 state=7 error=0 fpga_ts=103664472 host_ns=1318460833404404
RUNTIME_WITHHELD n=133 txn=132 epoch=132 flags=0x90000001 state=7 error=0 fpga_ts=104449368 host_ns=1318460867485522
RUNTIME_WITHHELD n=134 txn=133 epoch=133 flags=0x90000001 state=7 error=0 fpga_ts=105234264 host_ns=1318460901553307
RUNTIME_WITHHELD n=135 txn=134 epoch=134 flags=0x90000001 state=7 error=0 fpga_ts=106019160 host_ns=1318460935636759
RUNTIME_WITHHELD n=136 txn=135 epoch=135 flags=0x90000001 state=7 error=0 fpga_ts=106804056 host_ns=1318460969670118
RUNTIME_WITHHELD n=137 txn=136 epoch=136 flags=0x90000001 state=7 error=0 fpga_ts=107588952 host_ns=1318461003724165
RUNTIME_WITHHELD n=138 txn=137 epoch=137 flags=0x90000001 state=7 error=0 fpga_ts=108373848 host_ns=1318461037793446
RUNTIME_WITHHELD n=139 txn=138 epoch=138 flags=0x90000001 state=7 error=0 fpga_ts=109158744 host_ns=1318461071893340
RUNTIME_WITHHELD n=140 txn=139 epoch=139 flags=0x90000001 state=7 error=0 fpga_ts=109943640 host_ns=1318461105946975
RUNTIME_WITHHELD n=141 txn=140 epoch=140 flags=0x90000001 state=7 error=0 fpga_ts=110728536 host_ns=1318461140004230
RUNTIME_WITHHELD n=142 txn=141 epoch=141 flags=0x90000001 state=7 error=0 fpga_ts=111513432 host_ns=1318461174099569
RUNTIME_WITHHELD n=143 txn=142 epoch=142 flags=0x90000001 state=7 error=0 fpga_ts=112298328 host_ns=1318461208128930
RUNTIME_WITHHELD n=144 txn=143 epoch=143 flags=0x90000001 state=7 error=0 fpga_ts=113083224 host_ns=1318461242196102
RUNTIME_WITHHELD n=145 txn=144 epoch=144 flags=0x90000001 state=7 error=0 fpga_ts=113868120 host_ns=1318461276267925
RUNTIME_WITHHELD n=146 txn=145 epoch=145 flags=0x90000001 state=7 error=0 fpga_ts=114653016 host_ns=1318461310326186
RUNTIME_WITHHELD n=147 txn=146 epoch=146 flags=0x90000001 state=7 error=0 fpga_ts=115437912 host_ns=1318461344399005
RUNTIME_WITHHELD n=148 txn=147 epoch=147 flags=0x90000001 state=7 error=0 fpga_ts=116222808 host_ns=1318461378460284
RUNTIME_WITHHELD n=149 txn=148 epoch=148 flags=0x90000001 state=7 error=0 fpga_ts=117007704 host_ns=1318461412534860
RUNTIME_WITHHELD n=150 txn=149 epoch=149 flags=0x90000001 state=7 error=0 fpga_ts=117792600 host_ns=1318461446596798
RUNTIME_WITHHELD n=151 txn=150 epoch=150 flags=0x90000001 state=7 error=0 fpga_ts=118577496 host_ns=1318461480668471
RUNTIME_WITHHELD n=152 txn=151 epoch=151 flags=0x90000001 state=7 error=0 fpga_ts=119362392 host_ns=1318461514737558
RUNTIME_WITHHELD n=153 txn=152 epoch=152 flags=0x90000001 state=7 error=0 fpga_ts=120147288 host_ns=1318461548808462
RUNTIME_WITHHELD n=154 txn=153 epoch=153 flags=0x90000001 state=7 error=0 fpga_ts=120932184 host_ns=1318461582855709
RUNTIME_WITHHELD n=155 txn=154 epoch=154 flags=0x90000001 state=7 error=0 fpga_ts=121717080 host_ns=1318461616951780
RUNTIME_WITHHELD n=156 txn=155 epoch=155 flags=0x90000001 state=7 error=0 fpga_ts=122501976 host_ns=1318461651021330
RUNTIME_WITHHELD n=157 txn=156 epoch=156 flags=0x90000001 state=7 error=0 fpga_ts=123286872 host_ns=1318461685076723
RUNTIME_WITHHELD n=158 txn=157 epoch=157 flags=0x90000001 state=7 error=0 fpga_ts=124071768 host_ns=1318461719135072
RUNTIME_WITHHELD n=159 txn=158 epoch=158 flags=0x90000001 state=7 error=0 fpga_ts=124856664 host_ns=1318461753196933
RUNTIME_WITHHELD n=160 txn=159 epoch=159 flags=0x90000001 state=7 error=0 fpga_ts=125641560 host_ns=1318461787269489
RUNTIME_WITHHELD n=161 txn=160 epoch=160 flags=0x90000001 state=7 error=0 fpga_ts=126426456 host_ns=1318461821335543
RUNTIME_WITHHELD n=162 txn=161 epoch=161 flags=0x90000001 state=7 error=0 fpga_ts=127211352 host_ns=1318461855395243
RUNTIME_WITHHELD n=163 txn=162 epoch=162 flags=0x90000001 state=7 error=0 fpga_ts=127996248 host_ns=1318461889465893
RUNTIME_WITHHELD n=164 txn=163 epoch=163 flags=0x90000001 state=7 error=0 fpga_ts=128781144 host_ns=1318461923532202
RUNTIME_WITHHELD n=165 txn=164 epoch=164 flags=0x90000001 state=7 error=0 fpga_ts=129566040 host_ns=1318461957607594
RUNTIME_WITHHELD n=166 txn=165 epoch=165 flags=0x90000001 state=7 error=0 fpga_ts=130350936 host_ns=1318461991676719
RUNTIME_WITHHELD n=167 txn=166 epoch=166 flags=0x90000001 state=7 error=0 fpga_ts=131135832 host_ns=1318462025737390
RUNTIME_WITHHELD n=168 txn=167 epoch=167 flags=0x90000001 state=7 error=0 fpga_ts=131920728 host_ns=1318462059802119
RUNTIME_WITHHELD n=169 txn=168 epoch=168 flags=0x90000001 state=7 error=0 fpga_ts=132705624 host_ns=1318462093867390
RUNTIME_WITHHELD n=170 txn=169 epoch=169 flags=0x90000001 state=7 error=0 fpga_ts=133490520 host_ns=1318462127934823
RUNTIME_WITHHELD n=171 txn=170 epoch=170 flags=0x90000001 state=7 error=0 fpga_ts=134275416 host_ns=1318462162012352
RUNTIME_WITHHELD n=172 txn=171 epoch=171 flags=0x90000001 state=7 error=0 fpga_ts=135060312 host_ns=1318462196064579
RUNTIME_WITHHELD n=173 txn=172 epoch=172 flags=0x90000001 state=7 error=0 fpga_ts=135845208 host_ns=1318462230135401
RUNTIME_WITHHELD n=174 txn=173 epoch=173 flags=0x90000001 state=7 error=0 fpga_ts=136630104 host_ns=1318462264206384
RUNTIME_WITHHELD n=175 txn=174 epoch=174 flags=0x90000001 state=7 error=0 fpga_ts=137415000 host_ns=1318462298269386
RUNTIME_WITHHELD n=176 txn=175 epoch=175 flags=0x90000001 state=7 error=0 fpga_ts=138199896 host_ns=1318462332349342
RUNTIME_WITHHELD n=177 txn=176 epoch=176 flags=0x90000001 state=7 error=0 fpga_ts=138984792 host_ns=1318462366411255
RUNTIME_WITHHELD n=178 txn=177 epoch=177 flags=0x90000001 state=7 error=0 fpga_ts=139769688 host_ns=1318462400495897
RUNTIME_WITHHELD n=179 txn=178 epoch=178 flags=0x90000001 state=7 error=0 fpga_ts=140554584 host_ns=1318462434533059
RUNTIME_WITHHELD n=180 txn=179 epoch=179 flags=0x90000001 state=7 error=0 fpga_ts=141339480 host_ns=1318462468600334
RUNTIME_WITHHELD n=181 txn=180 epoch=180 flags=0x90000001 state=7 error=0 fpga_ts=142124376 host_ns=1318462502715196
RUNTIME_WITHHELD n=182 txn=181 epoch=181 flags=0x90000001 state=7 error=0 fpga_ts=142909272 host_ns=1318462536765420
RUNTIME_WITHHELD n=183 txn=182 epoch=182 flags=0x90000001 state=7 error=0 fpga_ts=143694168 host_ns=1318462570847950
RUNTIME_WITHHELD n=184 txn=183 epoch=183 flags=0x90000001 state=7 error=0 fpga_ts=144479064 host_ns=1318462604896763
RUNTIME_WITHHELD n=185 txn=184 epoch=184 flags=0x90000001 state=7 error=0 fpga_ts=145263960 host_ns=1318462638962365
RUNTIME_WITHHELD n=186 txn=185 epoch=185 flags=0x90000001 state=7 error=0 fpga_ts=146048856 host_ns=1318462673048097
RUNTIME_WITHHELD n=187 txn=186 epoch=186 flags=0x90000001 state=7 error=0 fpga_ts=146833752 host_ns=1318462707116742
RUNTIME_WITHHELD n=188 txn=187 epoch=187 flags=0x90000001 state=7 error=0 fpga_ts=147618648 host_ns=1318462741205233
RUNTIME_WITHHELD n=189 txn=188 epoch=188 flags=0x90000001 state=7 error=0 fpga_ts=148403544 host_ns=1318462775230649
RUNTIME_WITHHELD n=190 txn=189 epoch=189 flags=0x90000001 state=7 error=0 fpga_ts=149188440 host_ns=1318462809297129
RUNTIME_WITHHELD n=191 txn=190 epoch=190 flags=0x90000001 state=7 error=0 fpga_ts=149973336 host_ns=1318462843365285
RUNTIME_WITHHELD n=192 txn=191 epoch=191 flags=0x90000001 state=7 error=0 fpga_ts=150758232 host_ns=1318462877426726
RUNTIME_WITHHELD n=193 txn=192 epoch=192 flags=0x90000001 state=7 error=0 fpga_ts=151543128 host_ns=1318462911510839
RUNTIME_WITHHELD n=194 txn=193 epoch=193 flags=0x90000001 state=7 error=0 fpga_ts=152328024 host_ns=1318462945553735
RUNTIME_WITHHELD n=195 txn=194 epoch=194 flags=0x90000001 state=7 error=0 fpga_ts=153112920 host_ns=1318462979647839
RUNTIME_WITHHELD n=196 txn=195 epoch=195 flags=0x90000001 state=7 error=0 fpga_ts=153897816 host_ns=1318463013683225
RUNTIME_WITHHELD n=197 txn=196 epoch=196 flags=0x90000001 state=7 error=0 fpga_ts=154682712 host_ns=1318463047744735
RUNTIME_WITHHELD n=198 txn=197 epoch=197 flags=0x90000001 state=7 error=0 fpga_ts=155467608 host_ns=1318463081872863
RUNTIME_WITHHELD n=199 txn=198 epoch=198 flags=0x90000001 state=7 error=0 fpga_ts=156252504 host_ns=1318463115887795
TRACE_SPI txn=200 writes=24 host_observed_write_us=15372.424 post_spi_to_tune_return_us=3228.306
RUNTIME_WITHHELD n=200 txn=199 epoch=199 flags=0x90000001 state=7 error=0 fpga_ts=157037400 host_ns=1318463149965164
mode=RX1 progress=200 unrecovered=0 first_read_faults=0 recovered=0 last_epoch=200
RUNTIME_WITHHELD n=201 txn=200 epoch=200 flags=0x90000001 state=7 error=0 fpga_ts=157822296 host_ns=1318463184012108
RUNTIME_WITHHELD n=202 txn=201 epoch=201 flags=0x90000001 state=7 error=0 fpga_ts=158607192 host_ns=1318463218071806
RUNTIME_WITHHELD n=203 txn=202 epoch=202 flags=0x90000001 state=7 error=0 fpga_ts=159392088 host_ns=1318463252172104
RUNTIME_WITHHELD n=204 txn=203 epoch=203 flags=0x90000001 state=7 error=0 fpga_ts=160176984 host_ns=1318463286205447
RUNTIME_WITHHELD n=205 txn=204 epoch=204 flags=0x90000001 state=7 error=0 fpga_ts=160961880 host_ns=1318463320299483
RUNTIME_WITHHELD n=206 txn=205 epoch=205 flags=0x90000001 state=7 error=0 fpga_ts=161746776 host_ns=1318463354334451
RUNTIME_WITHHELD n=207 txn=206 epoch=206 flags=0x90000001 state=7 error=0 fpga_ts=162531672 host_ns=1318463388419522
RUNTIME_WITHHELD n=208 txn=207 epoch=207 flags=0x90000001 state=7 error=0 fpga_ts=163316568 host_ns=1318463422498248
RUNTIME_WITHHELD n=209 txn=208 epoch=208 flags=0x90000001 state=7 error=0 fpga_ts=164101464 host_ns=1318463456550880
RUNTIME_WITHHELD n=210 txn=209 epoch=209 flags=0x90000001 state=7 error=0 fpga_ts=164886360 host_ns=1318463490629327
RUNTIME_WITHHELD n=211 txn=210 epoch=210 flags=0x90000001 state=7 error=0 fpga_ts=165671256 host_ns=1318463524669778
RUNTIME_WITHHELD n=212 txn=211 epoch=211 flags=0x90000001 state=7 error=0 fpga_ts=166456152 host_ns=1318463558741353
RUNTIME_WITHHELD n=213 txn=212 epoch=212 flags=0x90000001 state=7 error=0 fpga_ts=167241048 host_ns=1318463592837350
RUNTIME_WITHHELD n=214 txn=213 epoch=213 flags=0x90000001 state=7 error=0 fpga_ts=168025944 host_ns=1318463626869833
RUNTIME_WITHHELD n=215 txn=214 epoch=214 flags=0x90000001 state=7 error=0 fpga_ts=168941656 host_ns=1318463666660615
RUNTIME_WITHHELD n=216 txn=215 epoch=215 flags=0x90000001 state=7 error=0 fpga_ts=169857368 host_ns=1318463706387283
RUNTIME_WITHHELD n=217 txn=216 epoch=216 flags=0x90000001 state=7 error=0 fpga_ts=170642264 host_ns=1318463740433747
RUNTIME_WITHHELD n=218 txn=217 epoch=217 flags=0x90000001 state=7 error=0 fpga_ts=171427160 host_ns=1318463774491579
RUNTIME_WITHHELD n=219 txn=218 epoch=218 flags=0x90000001 state=7 error=0 fpga_ts=172212056 host_ns=1318463808562442
RUNTIME_WITHHELD n=220 txn=219 epoch=219 flags=0x90000001 state=7 error=0 fpga_ts=172996952 host_ns=1318463842635743
RUNTIME_WITHHELD n=221 txn=220 epoch=220 flags=0x90000001 state=7 error=0 fpga_ts=173781848 host_ns=1318463876700206
RUNTIME_WITHHELD n=222 txn=221 epoch=221 flags=0x90000001 state=7 error=0 fpga_ts=174566744 host_ns=1318463910758930
RUNTIME_WITHHELD n=223 txn=222 epoch=222 flags=0x90000001 state=7 error=0 fpga_ts=175351640 host_ns=1318463944821490
RUNTIME_WITHHELD n=224 txn=223 epoch=223 flags=0x90000001 state=7 error=0 fpga_ts=176136536 host_ns=1318463978886293
RUNTIME_WITHHELD n=225 txn=224 epoch=224 flags=0x90000001 state=7 error=0 fpga_ts=176921432 host_ns=1318464012973763
RUNTIME_WITHHELD n=226 txn=225 epoch=225 flags=0x90000001 state=7 error=0 fpga_ts=177706328 host_ns=1318464047020449
RUNTIME_WITHHELD n=227 txn=226 epoch=226 flags=0x90000001 state=7 error=0 fpga_ts=178491224 host_ns=1318464081111454
RUNTIME_WITHHELD n=228 txn=227 epoch=227 flags=0x90000001 state=7 error=0 fpga_ts=179276120 host_ns=1318464115154621
RUNTIME_WITHHELD n=229 txn=228 epoch=228 flags=0x90000001 state=7 error=0 fpga_ts=180061016 host_ns=1318464149229191
RUNTIME_WITHHELD n=230 txn=229 epoch=229 flags=0x90000001 state=7 error=0 fpga_ts=180845912 host_ns=1318464183307984
RUNTIME_WITHHELD n=231 txn=230 epoch=230 flags=0x90000001 state=7 error=0 fpga_ts=181630808 host_ns=1318464217355039
RUNTIME_WITHHELD n=232 txn=231 epoch=231 flags=0x90000001 state=7 error=0 fpga_ts=182415704 host_ns=1318464251441350
RUNTIME_WITHHELD n=233 txn=232 epoch=232 flags=0x90000001 state=7 error=0 fpga_ts=183200600 host_ns=1318464285487544
RUNTIME_WITHHELD n=234 txn=233 epoch=233 flags=0x90000001 state=7 error=0 fpga_ts=183985496 host_ns=1318464319561713
RUNTIME_WITHHELD n=235 txn=234 epoch=234 flags=0x90000001 state=7 error=0 fpga_ts=184770392 host_ns=1318464353624742
RUNTIME_WITHHELD n=236 txn=235 epoch=235 flags=0x90000001 state=7 error=0 fpga_ts=185555288 host_ns=1318464387692068
RUNTIME_WITHHELD n=237 txn=236 epoch=236 flags=0x90000001 state=7 error=0 fpga_ts=186340184 host_ns=1318464421759923
RUNTIME_WITHHELD n=238 txn=237 epoch=237 flags=0x90000001 state=7 error=0 fpga_ts=187125080 host_ns=1318464455822666
RUNTIME_WITHHELD n=239 txn=238 epoch=238 flags=0x90000001 state=7 error=0 fpga_ts=187909976 host_ns=1318464489891886
RUNTIME_WITHHELD n=240 txn=239 epoch=239 flags=0x90000001 state=7 error=0 fpga_ts=188694872 host_ns=1318464523976613
RUNTIME_WITHHELD n=241 txn=240 epoch=240 flags=0x90000001 state=7 error=0 fpga_ts=189479768 host_ns=1318464558027602
RUNTIME_WITHHELD n=242 txn=241 epoch=241 flags=0x90000001 state=7 error=0 fpga_ts=190264664 host_ns=1318464592106703
RUNTIME_WITHHELD n=243 txn=242 epoch=242 flags=0x90000001 state=7 error=0 fpga_ts=191049560 host_ns=1318464626156590
RUNTIME_WITHHELD n=244 txn=243 epoch=243 flags=0x90000001 state=7 error=0 fpga_ts=191834456 host_ns=1318464660223752
RUNTIME_WITHHELD n=245 txn=244 epoch=244 flags=0x90000001 state=7 error=0 fpga_ts=192619352 host_ns=1318464694294957
RUNTIME_WITHHELD n=246 txn=245 epoch=245 flags=0x90000001 state=7 error=0 fpga_ts=193404248 host_ns=1318464728362095
RUNTIME_WITHHELD n=247 txn=246 epoch=246 flags=0x90000001 state=7 error=0 fpga_ts=194189144 host_ns=1318464762460198
RUNTIME_WITHHELD n=248 txn=247 epoch=247 flags=0x90000001 state=7 error=0 fpga_ts=194974040 host_ns=1318464796490590
RUNTIME_WITHHELD n=249 txn=248 epoch=248 flags=0x90000001 state=7 error=0 fpga_ts=195758936 host_ns=1318464830556318
RUNTIME_WITHHELD n=250 txn=249 epoch=249 flags=0x90000001 state=7 error=0 fpga_ts=196543832 host_ns=1318464864650149
RUNTIME_WITHHELD n=251 txn=250 epoch=250 flags=0x90000001 state=7 error=0 fpga_ts=197328728 host_ns=1318464898698705
RUNTIME_WITHHELD n=252 txn=251 epoch=251 flags=0x90000001 state=7 error=0 fpga_ts=198113624 host_ns=1318464932757854
RUNTIME_WITHHELD n=253 txn=252 epoch=252 flags=0x90000001 state=7 error=0 fpga_ts=198898520 host_ns=1318464966828358
RUNTIME_WITHHELD n=254 txn=253 epoch=253 flags=0x90000001 state=7 error=0 fpga_ts=199683416 host_ns=1318465000922319
RUNTIME_WITHHELD n=255 txn=254 epoch=254 flags=0x90000001 state=7 error=0 fpga_ts=200468312 host_ns=1318465034992080
RUNTIME_WITHHELD n=256 txn=255 epoch=255 flags=0x90000001 state=7 error=0 fpga_ts=201253208 host_ns=1318465069025267
RUNTIME_WITHHELD n=257 txn=256 epoch=0 flags=0x90000001 state=7 error=0 fpga_ts=202038104 host_ns=1318465103106792
RUNTIME_WITHHELD n=258 txn=257 epoch=1 flags=0x90000001 state=7 error=0 fpga_ts=202823000 host_ns=1318465137156399
RUNTIME_WITHHELD n=259 txn=258 epoch=2 flags=0x90000001 state=7 error=0 fpga_ts=203607896 host_ns=1318465171230004
RUNTIME_WITHHELD n=260 txn=259 epoch=3 flags=0x90000001 state=7 error=0 fpga_ts=204392792 host_ns=1318465205294548
RUNTIME_WITHHELD n=261 txn=260 epoch=4 flags=0x90000001 state=7 error=0 fpga_ts=205177688 host_ns=1318465239365364
RUNTIME_WITHHELD n=262 txn=261 epoch=5 flags=0x90000001 state=7 error=0 fpga_ts=205962584 host_ns=1318465273456810
RUNTIME_WITHHELD n=263 txn=262 epoch=6 flags=0x90000001 state=7 error=0 fpga_ts=206747480 host_ns=1318465307494238
RUNTIME_WITHHELD n=264 txn=263 epoch=7 flags=0x90000001 state=7 error=0 fpga_ts=207532376 host_ns=1318465341567233
RUNTIME_WITHHELD n=265 txn=264 epoch=8 flags=0x90000001 state=7 error=0 fpga_ts=208317272 host_ns=1318465375646190
RUNTIME_WITHHELD n=266 txn=265 epoch=9 flags=0x90000001 state=7 error=0 fpga_ts=209102168 host_ns=1318465409700361
RUNTIME_WITHHELD n=267 txn=266 epoch=10 flags=0x90000001 state=7 error=0 fpga_ts=209887064 host_ns=1318465443774802
RUNTIME_WITHHELD n=268 txn=267 epoch=11 flags=0x90000001 state=7 error=0 fpga_ts=210671960 host_ns=1318465477825559
RUNTIME_WITHHELD n=269 txn=268 epoch=12 flags=0x90000001 state=7 error=0 fpga_ts=211456856 host_ns=1318465511912319
RUNTIME_WITHHELD n=270 txn=269 epoch=13 flags=0x90000001 state=7 error=0 fpga_ts=212241752 host_ns=1318465545960284
RUNTIME_WITHHELD n=271 txn=270 epoch=14 flags=0x90000001 state=7 error=0 fpga_ts=213026648 host_ns=1318465580028980
RUNTIME_WITHHELD n=272 txn=271 epoch=15 flags=0x90000001 state=7 error=0 fpga_ts=213811544 host_ns=1318465614090855
RUNTIME_WITHHELD n=273 txn=272 epoch=16 flags=0x90000001 state=7 error=0 fpga_ts=214596440 host_ns=1318465648157115
RUNTIME_WITHHELD n=274 txn=273 epoch=17 flags=0x90000001 state=7 error=0 fpga_ts=215381336 host_ns=1318465682219994
RUNTIME_WITHHELD n=275 txn=274 epoch=18 flags=0x90000001 state=7 error=0 fpga_ts=216166232 host_ns=1318465716290615
RUNTIME_WITHHELD n=276 txn=275 epoch=19 flags=0x90000001 state=7 error=0 fpga_ts=216951128 host_ns=1318465750359568
RUNTIME_WITHHELD n=277 txn=276 epoch=20 flags=0x90000001 state=7 error=0 fpga_ts=217736024 host_ns=1318465784426327
RUNTIME_WITHHELD n=278 txn=277 epoch=21 flags=0x90000001 state=7 error=0 fpga_ts=218520920 host_ns=1318465818490065
RUNTIME_WITHHELD n=279 txn=278 epoch=22 flags=0x90000001 state=7 error=0 fpga_ts=219305816 host_ns=1318465852563469
RUNTIME_WITHHELD n=280 txn=279 epoch=23 flags=0x90000001 state=7 error=0 fpga_ts=220090712 host_ns=1318465886654893
RUNTIME_WITHHELD n=281 txn=280 epoch=24 flags=0x90000001 state=7 error=0 fpga_ts=220875608 host_ns=1318465920691281
RUNTIME_WITHHELD n=282 txn=281 epoch=25 flags=0x90000001 state=7 error=0 fpga_ts=221660504 host_ns=1318465954755023
RUNTIME_WITHHELD n=283 txn=282 epoch=26 flags=0x90000001 state=7 error=0 fpga_ts=222445400 host_ns=1318465988838420
RUNTIME_WITHHELD n=284 txn=283 epoch=27 flags=0x90000001 state=7 error=0 fpga_ts=223230296 host_ns=1318466022889799
RUNTIME_WITHHELD n=285 txn=284 epoch=28 flags=0x90000001 state=7 error=0 fpga_ts=224015192 host_ns=1318466056955067
RUNTIME_WITHHELD n=286 txn=285 epoch=29 flags=0x90000001 state=7 error=0 fpga_ts=224800088 host_ns=1318466091023149
RUNTIME_WITHHELD n=287 txn=286 epoch=30 flags=0x90000001 state=7 error=0 fpga_ts=225584984 host_ns=1318466125095637
RUNTIME_WITHHELD n=288 txn=287 epoch=31 flags=0x90000001 state=7 error=0 fpga_ts=226369880 host_ns=1318466159151216
RUNTIME_WITHHELD n=289 txn=288 epoch=32 flags=0x90000001 state=7 error=0 fpga_ts=227154776 host_ns=1318466193219915
RUNTIME_WITHHELD n=290 txn=289 epoch=33 flags=0x90000001 state=7 error=0 fpga_ts=227939672 host_ns=1318466227292277
RUNTIME_WITHHELD n=291 txn=290 epoch=34 flags=0x90000001 state=7 error=0 fpga_ts=228724568 host_ns=1318466261349929
RUNTIME_WITHHELD n=292 txn=291 epoch=35 flags=0x90000001 state=7 error=0 fpga_ts=229509464 host_ns=1318466295426690
RUNTIME_WITHHELD n=293 txn=292 epoch=36 flags=0x90000001 state=7 error=0 fpga_ts=230294360 host_ns=1318466329503112
RUNTIME_WITHHELD n=294 txn=293 epoch=37 flags=0x90000001 state=7 error=0 fpga_ts=231079256 host_ns=1318466363558238
RUNTIME_WITHHELD n=295 txn=294 epoch=38 flags=0x90000001 state=7 error=0 fpga_ts=231864152 host_ns=1318466397660627
RUNTIME_WITHHELD n=296 txn=295 epoch=39 flags=0x90000001 state=7 error=0 fpga_ts=232649048 host_ns=1318466431721290
RUNTIME_WITHHELD n=297 txn=296 epoch=40 flags=0x90000001 state=7 error=0 fpga_ts=233433944 host_ns=1318466465774340
RUNTIME_WITHHELD n=298 txn=297 epoch=41 flags=0x90000001 state=7 error=0 fpga_ts=234218840 host_ns=1318466499821426
RUNTIME_WITHHELD n=299 txn=298 epoch=42 flags=0x90000001 state=7 error=0 fpga_ts=235003736 host_ns=1318466533889282
TRACE_SPI txn=300 writes=24 host_observed_write_us=15226.184 post_spi_to_tune_return_us=3335.297
RUNTIME_WITHHELD n=300 txn=299 epoch=43 flags=0x90000001 state=7 error=0 fpga_ts=235788632 host_ns=1318466567967433
mode=RX1 progress=300 unrecovered=0 first_read_faults=0 recovered=0 last_epoch=44
RUNTIME_WITHHELD n=301 txn=300 epoch=44 flags=0x90000001 state=7 error=0 fpga_ts=236573528 host_ns=1318466602032891
RUNTIME_WITHHELD n=302 txn=301 epoch=45 flags=0x90000001 state=7 error=0 fpga_ts=237358424 host_ns=1318466636100154
RUNTIME_WITHHELD n=303 txn=302 epoch=46 flags=0x90000001 state=7 error=0 fpga_ts=238143320 host_ns=1318466670159874
RUNTIME_WITHHELD n=304 txn=303 epoch=47 flags=0x90000001 state=7 error=0 fpga_ts=238928216 host_ns=1318466704225828
RUNTIME_WITHHELD n=305 txn=304 epoch=48 flags=0x90000001 state=7 error=0 fpga_ts=239713112 host_ns=1318466738295571
RUNTIME_WITHHELD n=306 txn=305 epoch=49 flags=0x90000001 state=7 error=0 fpga_ts=240498008 host_ns=1318466772389352
RUNTIME_WITHHELD n=307 txn=306 epoch=50 flags=0x90000001 state=7 error=0 fpga_ts=241282904 host_ns=1318466806469955
RUNTIME_WITHHELD n=308 txn=307 epoch=51 flags=0x90000001 state=7 error=0 fpga_ts=242067800 host_ns=1318466840512170
RUNTIME_WITHHELD n=309 txn=308 epoch=52 flags=0x90000001 state=7 error=0 fpga_ts=242852696 host_ns=1318466874581219
RUNTIME_WITHHELD n=310 txn=309 epoch=53 flags=0x90000001 state=7 error=0 fpga_ts=243637592 host_ns=1318466908658932
RUNTIME_WITHHELD n=311 txn=310 epoch=54 flags=0x90000001 state=7 error=0 fpga_ts=244422488 host_ns=1318466942721579
RUNTIME_WITHHELD n=312 txn=311 epoch=55 flags=0x90000001 state=7 error=0 fpga_ts=245207384 host_ns=1318466976772493
RUNTIME_WITHHELD n=313 txn=312 epoch=56 flags=0x90000001 state=7 error=0 fpga_ts=245992280 host_ns=1318467010830217
RUNTIME_WITHHELD n=314 txn=313 epoch=57 flags=0x90000001 state=7 error=0 fpga_ts=246777176 host_ns=1318467044894094
RUNTIME_WITHHELD n=315 txn=314 epoch=58 flags=0x90000001 state=7 error=0 fpga_ts=247562072 host_ns=1318467078965825
RUNTIME_WITHHELD n=316 txn=315 epoch=59 flags=0x90000001 state=7 error=0 fpga_ts=248346968 host_ns=1318467113033537
RUNTIME_WITHHELD n=317 txn=316 epoch=60 flags=0x90000001 state=7 error=0 fpga_ts=249131864 host_ns=1318467147129273
RUNTIME_WITHHELD n=318 txn=317 epoch=61 flags=0x90000001 state=7 error=0 fpga_ts=249916760 host_ns=1318467181162944
RUNTIME_WITHHELD n=319 txn=318 epoch=62 flags=0x90000001 state=7 error=0 fpga_ts=250701656 host_ns=1318467215235316
RUNTIME_WITHHELD n=320 txn=319 epoch=63 flags=0x90000001 state=7 error=0 fpga_ts=251486552 host_ns=1318467249292112
RUNTIME_WITHHELD n=321 txn=320 epoch=64 flags=0x90000001 state=7 error=0 fpga_ts=252271448 host_ns=1318467283393388
RUNTIME_WITHHELD n=322 txn=321 epoch=65 flags=0x90000001 state=7 error=0 fpga_ts=253056344 host_ns=1318467317449051
RUNTIME_WITHHELD n=323 txn=322 epoch=66 flags=0x90000001 state=7 error=0 fpga_ts=253841240 host_ns=1318467351514402
RUNTIME_WITHHELD n=324 txn=323 epoch=67 flags=0x90000001 state=7 error=0 fpga_ts=254626136 host_ns=1318467385580551
RUNTIME_WITHHELD n=325 txn=324 epoch=68 flags=0x90000001 state=7 error=0 fpga_ts=255411032 host_ns=1318467419632228
RUNTIME_WITHHELD n=326 txn=325 epoch=69 flags=0x90000001 state=7 error=0 fpga_ts=256195928 host_ns=1318467453694928
RUNTIME_WITHHELD n=327 txn=326 epoch=70 flags=0x90000001 state=7 error=0 fpga_ts=256980824 host_ns=1318467487763929
RUNTIME_WITHHELD n=328 txn=327 epoch=71 flags=0x90000001 state=7 error=0 fpga_ts=257765720 host_ns=1318467521848702
RUNTIME_WITHHELD n=329 txn=328 epoch=72 flags=0x90000001 state=7 error=0 fpga_ts=258550616 host_ns=1318467555903829
RUNTIME_WITHHELD n=330 txn=329 epoch=73 flags=0x90000001 state=7 error=0 fpga_ts=259335512 host_ns=1318467589958655
RUNTIME_WITHHELD n=331 txn=330 epoch=74 flags=0x90000001 state=7 error=0 fpga_ts=260120408 host_ns=1318467624055804
RUNTIME_WITHHELD n=332 txn=331 epoch=75 flags=0x90000001 state=7 error=0 fpga_ts=260905304 host_ns=1318467658101998
RUNTIME_WITHHELD n=333 txn=332 epoch=76 flags=0x90000001 state=7 error=0 fpga_ts=261690200 host_ns=1318467692167991
RUNTIME_WITHHELD n=334 txn=333 epoch=77 flags=0x90000001 state=7 error=0 fpga_ts=262475096 host_ns=1318467726258701
RUNTIME_WITHHELD n=335 txn=334 epoch=78 flags=0x90000001 state=7 error=0 fpga_ts=263259992 host_ns=1318467760298292
RUNTIME_WITHHELD n=336 txn=335 epoch=79 flags=0x90000001 state=7 error=0 fpga_ts=264044888 host_ns=1318467794359346
RUNTIME_WITHHELD n=337 txn=336 epoch=80 flags=0x90000001 state=7 error=0 fpga_ts=264829784 host_ns=1318467828449724
RUNTIME_WITHHELD n=338 txn=337 epoch=81 flags=0x90000001 state=7 error=0 fpga_ts=265614680 host_ns=1318467862488187
RUNTIME_WITHHELD n=339 txn=338 epoch=82 flags=0x90000001 state=7 error=0 fpga_ts=266399576 host_ns=1318467896562090
RUNTIME_WITHHELD n=340 txn=339 epoch=83 flags=0x90000001 state=7 error=0 fpga_ts=267184472 host_ns=1318467930629766
RUNTIME_WITHHELD n=341 txn=340 epoch=84 flags=0x90000001 state=7 error=0 fpga_ts=267969368 host_ns=1318467964699549
RUNTIME_WITHHELD n=342 txn=341 epoch=85 flags=0x90000001 state=7 error=0 fpga_ts=268754264 host_ns=1318467998763350
RUNTIME_WITHHELD n=343 txn=342 epoch=86 flags=0x90000001 state=7 error=0 fpga_ts=269539160 host_ns=1318468032834105
RUNTIME_WITHHELD n=344 txn=343 epoch=87 flags=0x90000001 state=7 error=0 fpga_ts=270324056 host_ns=1318468066912858
RUNTIME_WITHHELD n=345 txn=344 epoch=88 flags=0x90000001 state=7 error=0 fpga_ts=271108952 host_ns=1318468100987532
RUNTIME_WITHHELD n=346 txn=345 epoch=89 flags=0x90000001 state=7 error=0 fpga_ts=271893848 host_ns=1318468135049152
RUNTIME_WITHHELD n=347 txn=346 epoch=90 flags=0x90000001 state=7 error=0 fpga_ts=272678744 host_ns=1318468169098475
RUNTIME_WITHHELD n=348 txn=347 epoch=91 flags=0x90000001 state=7 error=0 fpga_ts=273463640 host_ns=1318468203195913
RUNTIME_WITHHELD n=349 txn=348 epoch=92 flags=0x90000001 state=7 error=0 fpga_ts=274248536 host_ns=1318468237251464
RUNTIME_WITHHELD n=350 txn=349 epoch=93 flags=0x90000001 state=7 error=0 fpga_ts=275033432 host_ns=1318468271317897
RUNTIME_WITHHELD n=351 txn=350 epoch=94 flags=0x90000001 state=7 error=0 fpga_ts=275818328 host_ns=1318468305381150
RUNTIME_WITHHELD n=352 txn=351 epoch=95 flags=0x90000001 state=7 error=0 fpga_ts=276603224 host_ns=1318468339419112
RUNTIME_WITHHELD n=353 txn=352 epoch=96 flags=0x90000001 state=7 error=0 fpga_ts=277388120 host_ns=1318468373501770
RUNTIME_WITHHELD n=354 txn=353 epoch=97 flags=0x90000001 state=7 error=0 fpga_ts=278173016 host_ns=1318468407581032
RUNTIME_WITHHELD n=355 txn=354 epoch=98 flags=0x90000001 state=7 error=0 fpga_ts=278957912 host_ns=1318468441635057
RUNTIME_WITHHELD n=356 txn=355 epoch=99 flags=0x90000001 state=7 error=0 fpga_ts=279742808 host_ns=1318468475708882
RUNTIME_WITHHELD n=357 txn=356 epoch=100 flags=0x90000001 state=7 error=0 fpga_ts=280527704 host_ns=1318468509785064
RUNTIME_WITHHELD n=358 txn=357 epoch=101 flags=0x90000001 state=7 error=0 fpga_ts=281312600 host_ns=1318468543837645
RUNTIME_WITHHELD n=359 txn=358 epoch=102 flags=0x90000001 state=7 error=0 fpga_ts=282097496 host_ns=1318468577922620
RUNTIME_WITHHELD n=360 txn=359 epoch=103 flags=0x90000001 state=7 error=0 fpga_ts=282882392 host_ns=1318468611980781
RUNTIME_WITHHELD n=361 txn=360 epoch=104 flags=0x90000001 state=7 error=0 fpga_ts=283667288 host_ns=1318468646052704
RUNTIME_WITHHELD n=362 txn=361 epoch=105 flags=0x90000001 state=7 error=0 fpga_ts=284452184 host_ns=1318468680101237
RUNTIME_WITHHELD n=363 txn=362 epoch=106 flags=0x90000001 state=7 error=0 fpga_ts=285237080 host_ns=1318468714162507
RUNTIME_WITHHELD n=364 txn=363 epoch=107 flags=0x90000001 state=7 error=0 fpga_ts=286021976 host_ns=1318468748235696
RUNTIME_WITHHELD n=365 txn=364 epoch=108 flags=0x90000001 state=7 error=0 fpga_ts=286806872 host_ns=1318468782299150
RUNTIME_WITHHELD n=366 txn=365 epoch=109 flags=0x90000001 state=7 error=0 fpga_ts=287591768 host_ns=1318468816362580
RUNTIME_WITHHELD n=367 txn=366 epoch=110 flags=0x90000001 state=7 error=0 fpga_ts=288376664 host_ns=1318468850425121
RUNTIME_WITHHELD n=368 txn=367 epoch=111 flags=0x90000001 state=7 error=0 fpga_ts=289161560 host_ns=1318468884502624
RUNTIME_WITHHELD n=369 txn=368 epoch=112 flags=0x90000001 state=7 error=0 fpga_ts=289946456 host_ns=1318468918564589
RUNTIME_WITHHELD n=370 txn=369 epoch=113 flags=0x90000001 state=7 error=0 fpga_ts=290731352 host_ns=1318468952628901
RUNTIME_WITHHELD n=371 txn=370 epoch=114 flags=0x90000001 state=7 error=0 fpga_ts=291516248 host_ns=1318468986715044
RUNTIME_WITHHELD n=372 txn=371 epoch=115 flags=0x90000001 state=7 error=0 fpga_ts=292301144 host_ns=1318469020768933
RUNTIME_WITHHELD n=373 txn=372 epoch=116 flags=0x90000001 state=7 error=0 fpga_ts=293086040 host_ns=1318469054829439
RUNTIME_WITHHELD n=374 txn=373 epoch=117 flags=0x90000001 state=7 error=0 fpga_ts=293870936 host_ns=1318469088936055
RUNTIME_WITHHELD n=375 txn=374 epoch=118 flags=0x90000001 state=7 error=0 fpga_ts=294655832 host_ns=1318469122968307
RUNTIME_WITHHELD n=376 txn=375 epoch=119 flags=0x90000001 state=7 error=0 fpga_ts=295440728 host_ns=1318469157032303
RUNTIME_WITHHELD n=377 txn=376 epoch=120 flags=0x90000001 state=7 error=0 fpga_ts=296225624 host_ns=1318469191094972
RUNTIME_WITHHELD n=378 txn=377 epoch=121 flags=0x90000001 state=7 error=0 fpga_ts=297010520 host_ns=1318469225176596
RUNTIME_WITHHELD n=379 txn=378 epoch=122 flags=0x90000001 state=7 error=0 fpga_ts=297795416 host_ns=1318469259235984
RUNTIME_WITHHELD n=380 txn=379 epoch=123 flags=0x90000001 state=7 error=0 fpga_ts=298580312 host_ns=1318469293302871
RUNTIME_WITHHELD n=381 txn=380 epoch=124 flags=0x90000001 state=7 error=0 fpga_ts=299365208 host_ns=1318469327369271
RUNTIME_WITHHELD n=382 txn=381 epoch=125 flags=0x90000001 state=7 error=0 fpga_ts=300150104 host_ns=1318469361432847
RUNTIME_WITHHELD n=383 txn=382 epoch=126 flags=0x90000001 state=7 error=0 fpga_ts=300935000 host_ns=1318469395497800
RUNTIME_WITHHELD n=384 txn=383 epoch=127 flags=0x90000001 state=7 error=0 fpga_ts=301719896 host_ns=1318469429563043
RUNTIME_WITHHELD n=385 txn=384 epoch=128 flags=0x90000001 state=7 error=0 fpga_ts=302504792 host_ns=1318469463636915
RUNTIME_WITHHELD n=386 txn=385 epoch=129 flags=0x90000001 state=7 error=0 fpga_ts=303289688 host_ns=1318469497693896
RUNTIME_WITHHELD n=387 txn=386 epoch=130 flags=0x90000001 state=7 error=0 fpga_ts=304074584 host_ns=1318469531760884
RUNTIME_WITHHELD n=388 txn=387 epoch=131 flags=0x90000001 state=7 error=0 fpga_ts=304859480 host_ns=1318469565828960
RUNTIME_WITHHELD n=389 txn=388 epoch=132 flags=0x90000001 state=7 error=0 fpga_ts=305644376 host_ns=1318469599894232
RUNTIME_WITHHELD n=390 txn=389 epoch=133 flags=0x90000001 state=7 error=0 fpga_ts=306429272 host_ns=1318469633981637
RUNTIME_WITHHELD n=391 txn=390 epoch=134 flags=0x90000001 state=7 error=0 fpga_ts=307214168 host_ns=1318469668029406
RUNTIME_WITHHELD n=392 txn=391 epoch=135 flags=0x90000001 state=7 error=0 fpga_ts=307999064 host_ns=1318469702099947
RUNTIME_WITHHELD n=393 txn=392 epoch=136 flags=0x90000001 state=7 error=0 fpga_ts=308783960 host_ns=1318469736179033
RUNTIME_WITHHELD n=394 txn=393 epoch=137 flags=0x90000001 state=7 error=0 fpga_ts=309568856 host_ns=1318469770228775
RUNTIME_WITHHELD n=395 txn=394 epoch=138 flags=0x90000001 state=7 error=0 fpga_ts=310353752 host_ns=1318469804295392
RUNTIME_WITHHELD n=396 txn=395 epoch=139 flags=0x90000001 state=7 error=0 fpga_ts=311138648 host_ns=1318469838368855
RUNTIME_WITHHELD n=397 txn=396 epoch=140 flags=0x90000001 state=7 error=0 fpga_ts=311923544 host_ns=1318469872428355
RUNTIME_WITHHELD n=398 txn=397 epoch=141 flags=0x90000001 state=7 error=0 fpga_ts=312708440 host_ns=1318469906515775
RUNTIME_WITHHELD n=399 txn=398 epoch=142 flags=0x90000001 state=7 error=0 fpga_ts=313493336 host_ns=1318469940562895
TRACE_SPI txn=400 writes=24 host_observed_write_us=15384.894 post_spi_to_tune_return_us=3449.564
RUNTIME_WITHHELD n=400 txn=399 epoch=143 flags=0x90000001 state=7 error=0 fpga_ts=314278232 host_ns=1318469974630234
mode=RX1 progress=400 unrecovered=0 first_read_faults=0 recovered=0 last_epoch=144
RUNTIME_WITHHELD n=401 txn=400 epoch=144 flags=0x90000001 state=7 error=0 fpga_ts=315063128 host_ns=1318470008713926
RUNTIME_WITHHELD n=402 txn=401 epoch=145 flags=0x90000001 state=7 error=0 fpga_ts=315848024 host_ns=1318470042759769
RUNTIME_WITHHELD n=403 txn=402 epoch=146 flags=0x90000001 state=7 error=0 fpga_ts=316632920 host_ns=1318470076832937
RUNTIME_WITHHELD n=404 txn=403 epoch=147 flags=0x90000001 state=7 error=0 fpga_ts=317417816 host_ns=1318470110929333
RUNTIME_WITHHELD n=405 txn=404 epoch=148 flags=0x90000001 state=7 error=0 fpga_ts=318202712 host_ns=1318470144980557
RUNTIME_WITHHELD n=406 txn=405 epoch=149 flags=0x90000001 state=7 error=0 fpga_ts=318987608 host_ns=1318470179045252
RUNTIME_WITHHELD n=407 txn=406 epoch=150 flags=0x90000001 state=7 error=0 fpga_ts=319772504 host_ns=1318470213088636
RUNTIME_WITHHELD n=408 txn=407 epoch=151 flags=0x90000001 state=7 error=0 fpga_ts=320557400 host_ns=1318470247159114
RUNTIME_WITHHELD n=409 txn=408 epoch=152 flags=0x90000001 state=7 error=0 fpga_ts=321342296 host_ns=1318470281226011
RUNTIME_WITHHELD n=410 txn=409 epoch=153 flags=0x90000001 state=7 error=0 fpga_ts=322127192 host_ns=1318470315323348
RUNTIME_WITHHELD n=411 txn=410 epoch=154 flags=0x90000001 state=7 error=0 fpga_ts=322912088 host_ns=1318470349358286
RUNTIME_WITHHELD n=412 txn=411 epoch=155 flags=0x90000001 state=7 error=0 fpga_ts=323696984 host_ns=1318470383449712
RUNTIME_WITHHELD n=413 txn=412 epoch=156 flags=0x90000001 state=7 error=0 fpga_ts=324481880 host_ns=1318470417501097
RUNTIME_WITHHELD n=414 txn=413 epoch=157 flags=0x90000001 state=7 error=0 fpga_ts=325266776 host_ns=1318470451565743
RUNTIME_WITHHELD n=415 txn=414 epoch=158 flags=0x90000001 state=7 error=0 fpga_ts=326051672 host_ns=1318470485630806
RUNTIME_WITHHELD n=416 txn=415 epoch=159 flags=0x90000001 state=7 error=0 fpga_ts=326836568 host_ns=1318470519723875
RUNTIME_WITHHELD n=417 txn=416 epoch=160 flags=0x90000001 state=7 error=0 fpga_ts=327621464 host_ns=1318470553767151
RUNTIME_WITHHELD n=418 txn=417 epoch=161 flags=0x90000001 state=7 error=0 fpga_ts=328406360 host_ns=1318470587858751
RUNTIME_WITHHELD n=419 txn=418 epoch=162 flags=0x90000001 state=7 error=0 fpga_ts=329191256 host_ns=1318470621896936
RUNTIME_WITHHELD n=420 txn=419 epoch=163 flags=0x90000001 state=7 error=0 fpga_ts=329976152 host_ns=1318470655979571
RUNTIME_WITHHELD n=421 txn=420 epoch=164 flags=0x90000001 state=7 error=0 fpga_ts=330761048 host_ns=1318470690039797
RUNTIME_WITHHELD n=422 txn=421 epoch=165 flags=0x90000001 state=7 error=0 fpga_ts=331545944 host_ns=1318470724102283
RUNTIME_WITHHELD n=423 txn=422 epoch=166 flags=0x90000001 state=7 error=0 fpga_ts=332330840 host_ns=1318470758164795
RUNTIME_WITHHELD n=424 txn=423 epoch=167 flags=0x90000001 state=7 error=0 fpga_ts=333115736 host_ns=1318470792225885
RUNTIME_WITHHELD n=425 txn=424 epoch=168 flags=0x90000001 state=7 error=0 fpga_ts=333900632 host_ns=1318470826296269
RUNTIME_WITHHELD n=426 txn=425 epoch=169 flags=0x90000001 state=7 error=0 fpga_ts=334685528 host_ns=1318470860355674
RUNTIME_WITHHELD n=427 txn=426 epoch=170 flags=0x90000001 state=7 error=0 fpga_ts=335470424 host_ns=1318470894445258
RUNTIME_WITHHELD n=428 txn=427 epoch=171 flags=0x90000001 state=7 error=0 fpga_ts=336255320 host_ns=1318470928520127
RUNTIME_WITHHELD n=429 txn=428 epoch=172 flags=0x90000001 state=7 error=0 fpga_ts=337040216 host_ns=1318470962545977
RUNTIME_WITHHELD n=430 txn=429 epoch=173 flags=0x90000001 state=7 error=0 fpga_ts=337825112 host_ns=1318470996639384
RUNTIME_WITHHELD n=431 txn=430 epoch=174 flags=0x90000001 state=7 error=0 fpga_ts=338740824 host_ns=1318471036367440
RUNTIME_WITHHELD n=432 txn=431 epoch=175 flags=0x90000001 state=7 error=0 fpga_ts=339525720 host_ns=1318471070448591
RUNTIME_WITHHELD n=433 txn=432 epoch=176 flags=0x90000001 state=7 error=0 fpga_ts=340310616 host_ns=1318471104510545
RUNTIME_WITHHELD n=434 txn=433 epoch=177 flags=0x90000001 state=7 error=0 fpga_ts=341095512 host_ns=1318471138567919
RUNTIME_WITHHELD n=435 txn=434 epoch=178 flags=0x90000001 state=7 error=0 fpga_ts=341880408 host_ns=1318471172660376
RUNTIME_WITHHELD n=436 txn=435 epoch=179 flags=0x90000001 state=7 error=0 fpga_ts=342665304 host_ns=1318471206722149
RUNTIME_WITHHELD n=437 txn=436 epoch=180 flags=0x90000001 state=7 error=0 fpga_ts=343450200 host_ns=1318471240788830
RUNTIME_WITHHELD n=438 txn=437 epoch=181 flags=0x90000001 state=7 error=0 fpga_ts=344235096 host_ns=1318471274842316
RUNTIME_WITHHELD n=439 txn=438 epoch=182 flags=0x90000001 state=7 error=0 fpga_ts=345019992 host_ns=1318471308909970
RUNTIME_WITHHELD n=440 txn=439 epoch=183 flags=0x90000001 state=7 error=0 fpga_ts=345804888 host_ns=1318471343015039
RUNTIME_WITHHELD n=441 txn=440 epoch=184 flags=0x90000001 state=7 error=0 fpga_ts=346589784 host_ns=1318471377113662
RUNTIME_WITHHELD n=442 txn=441 epoch=185 flags=0x90000001 state=7 error=0 fpga_ts=347374680 host_ns=1318471411129333
RUNTIME_WITHHELD n=443 txn=442 epoch=186 flags=0x90000001 state=7 error=0 fpga_ts=348159576 host_ns=1318471445188845
RUNTIME_WITHHELD n=444 txn=443 epoch=187 flags=0x90000001 state=7 error=0 fpga_ts=348944472 host_ns=1318471479253964
RUNTIME_WITHHELD n=445 txn=444 epoch=188 flags=0x90000001 state=7 error=0 fpga_ts=349729368 host_ns=1318471513353119
RUNTIME_WITHHELD n=446 txn=445 epoch=189 flags=0x90000001 state=7 error=0 fpga_ts=350514264 host_ns=1318471547415547
RUNTIME_WITHHELD n=447 txn=446 epoch=190 flags=0x90000001 state=7 error=0 fpga_ts=351299160 host_ns=1318471581472202
RUNTIME_WITHHELD n=448 txn=447 epoch=191 flags=0x90000001 state=7 error=0 fpga_ts=352084056 host_ns=1318471615523633
RUNTIME_WITHHELD n=449 txn=448 epoch=192 flags=0x90000001 state=7 error=0 fpga_ts=352868952 host_ns=1318471649592404
RUNTIME_WITHHELD n=450 txn=449 epoch=193 flags=0x90000001 state=7 error=0 fpga_ts=353653848 host_ns=1318471683628035
RUNTIME_WITHHELD n=451 txn=450 epoch=194 flags=0x90000001 state=7 error=0 fpga_ts=354438744 host_ns=1318471717701372
RUNTIME_WITHHELD n=452 txn=451 epoch=195 flags=0x90000001 state=7 error=0 fpga_ts=355223640 host_ns=1318471751787721
RUNTIME_WITHHELD n=453 txn=452 epoch=196 flags=0x90000001 state=7 error=0 fpga_ts=356008536 host_ns=1318471785854126
RUNTIME_WITHHELD n=454 txn=453 epoch=197 flags=0x90000001 state=7 error=0 fpga_ts=356793432 host_ns=1318471819920041
RUNTIME_WITHHELD n=455 txn=454 epoch=198 flags=0x90000001 state=7 error=0 fpga_ts=357578328 host_ns=1318471853991005
RUNTIME_WITHHELD n=456 txn=455 epoch=199 flags=0x90000001 state=7 error=0 fpga_ts=358363224 host_ns=1318471888054656
RUNTIME_WITHHELD n=457 txn=456 epoch=200 flags=0x90000001 state=7 error=0 fpga_ts=359148120 host_ns=1318471922113148
RUNTIME_WITHHELD n=458 txn=457 epoch=201 flags=0x90000001 state=7 error=0 fpga_ts=359933016 host_ns=1318471956175744
RUNTIME_WITHHELD n=459 txn=458 epoch=202 flags=0x90000001 state=7 error=0 fpga_ts=360717912 host_ns=1318471990243915
RUNTIME_WITHHELD n=460 txn=459 epoch=203 flags=0x90000001 state=7 error=0 fpga_ts=361502808 host_ns=1318472024335453
RUNTIME_WITHHELD n=461 txn=460 epoch=204 flags=0x90000001 state=7 error=0 fpga_ts=362287704 host_ns=1318472058388200
RUNTIME_WITHHELD n=462 txn=461 epoch=205 flags=0x90000001 state=7 error=0 fpga_ts=363072600 host_ns=1318472092447245
RUNTIME_WITHHELD n=463 txn=462 epoch=206 flags=0x90000001 state=7 error=0 fpga_ts=363857496 host_ns=1318472126516974
RUNTIME_WITHHELD n=464 txn=463 epoch=207 flags=0x90000001 state=7 error=0 fpga_ts=364642392 host_ns=1318472160599077
RUNTIME_WITHHELD n=465 txn=464 epoch=208 flags=0x90000001 state=7 error=0 fpga_ts=365427288 host_ns=1318472194651479
RUNTIME_WITHHELD n=466 txn=465 epoch=209 flags=0x90000001 state=7 error=0 fpga_ts=366212184 host_ns=1318472228745451
RUNTIME_WITHHELD n=467 txn=466 epoch=210 flags=0x90000001 state=7 error=0 fpga_ts=366997080 host_ns=1318472262809006
RUNTIME_WITHHELD n=468 txn=467 epoch=211 flags=0x90000001 state=7 error=0 fpga_ts=367781976 host_ns=1318472296846498
RUNTIME_WITHHELD n=469 txn=468 epoch=212 flags=0x90000001 state=7 error=0 fpga_ts=368566872 host_ns=1318472330914175
RUNTIME_WITHHELD n=470 txn=469 epoch=213 flags=0x90000001 state=7 error=0 fpga_ts=369351768 host_ns=1318472364976948
RUNTIME_WITHHELD n=471 txn=470 epoch=214 flags=0x90000001 state=7 error=0 fpga_ts=370136664 host_ns=1318472399079038
RUNTIME_WITHHELD n=472 txn=471 epoch=215 flags=0x90000001 state=7 error=0 fpga_ts=370921560 host_ns=1318472433116542
RUNTIME_WITHHELD n=473 txn=472 epoch=216 flags=0x90000001 state=7 error=0 fpga_ts=371706456 host_ns=1318472467178073
RUNTIME_WITHHELD n=474 txn=473 epoch=217 flags=0x90000001 state=7 error=0 fpga_ts=372491352 host_ns=1318472501270583
RUNTIME_WITHHELD n=475 txn=474 epoch=218 flags=0x90000001 state=7 error=0 fpga_ts=373276248 host_ns=1318472535312332
RUNTIME_WITHHELD n=476 txn=475 epoch=219 flags=0x90000001 state=7 error=0 fpga_ts=374061144 host_ns=1318472569380628
RUNTIME_WITHHELD n=477 txn=476 epoch=220 flags=0x90000001 state=7 error=0 fpga_ts=374846040 host_ns=1318472603444147
RUNTIME_WITHHELD n=478 txn=477 epoch=221 flags=0x90000001 state=7 error=0 fpga_ts=375630936 host_ns=1318472637507414
RUNTIME_WITHHELD n=479 txn=478 epoch=222 flags=0x90000001 state=7 error=0 fpga_ts=376415832 host_ns=1318472671587773
RUNTIME_WITHHELD n=480 txn=479 epoch=223 flags=0x90000001 state=7 error=0 fpga_ts=377200728 host_ns=1318472705642726
RUNTIME_WITHHELD n=481 txn=480 epoch=224 flags=0x90000001 state=7 error=0 fpga_ts=377985624 host_ns=1318472739712230
RUNTIME_WITHHELD n=482 txn=481 epoch=225 flags=0x90000001 state=7 error=0 fpga_ts=378770520 host_ns=1318472773770143
RUNTIME_WITHHELD n=483 txn=482 epoch=226 flags=0x90000001 state=7 error=0 fpga_ts=379555416 host_ns=1318472807845207
RUNTIME_WITHHELD n=484 txn=483 epoch=227 flags=0x90000001 state=7 error=0 fpga_ts=380340312 host_ns=1318472841899427
RUNTIME_WITHHELD n=485 txn=484 epoch=228 flags=0x90000001 state=7 error=0 fpga_ts=381125208 host_ns=1318472875977858
RUNTIME_WITHHELD n=486 txn=485 epoch=229 flags=0x90000001 state=7 error=0 fpga_ts=381910104 host_ns=1318472910042963
RUNTIME_WITHHELD n=487 txn=486 epoch=230 flags=0x90000001 state=7 error=0 fpga_ts=382695000 host_ns=1318472944128363
RUNTIME_WITHHELD n=488 txn=487 epoch=231 flags=0x90000001 state=7 error=0 fpga_ts=383479896 host_ns=1318472978198877
RUNTIME_WITHHELD n=489 txn=488 epoch=232 flags=0x90000001 state=7 error=0 fpga_ts=384264792 host_ns=1318473012242353
RUNTIME_WITHHELD n=490 txn=489 epoch=233 flags=0x90000001 state=7 error=0 fpga_ts=385049688 host_ns=1318473046346482
RUNTIME_WITHHELD n=491 txn=490 epoch=234 flags=0x90000001 state=7 error=0 fpga_ts=385834584 host_ns=1318473080379356
RUNTIME_WITHHELD n=492 txn=491 epoch=235 flags=0x90000001 state=7 error=0 fpga_ts=386619480 host_ns=1318473114459965
RUNTIME_WITHHELD n=493 txn=492 epoch=236 flags=0x90000001 state=7 error=0 fpga_ts=387404376 host_ns=1318473148534917
RUNTIME_WITHHELD n=494 txn=493 epoch=237 flags=0x90000001 state=7 error=0 fpga_ts=388189272 host_ns=1318473182575207
RUNTIME_WITHHELD n=495 txn=494 epoch=238 flags=0x90000001 state=7 error=0 fpga_ts=388974168 host_ns=1318473216662041
RUNTIME_WITHHELD n=496 txn=495 epoch=239 flags=0x90000001 state=7 error=0 fpga_ts=389759064 host_ns=1318473250725715
RUNTIME_WITHHELD n=497 txn=496 epoch=240 flags=0x90000001 state=7 error=0 fpga_ts=390543960 host_ns=1318473284796126
RUNTIME_WITHHELD n=498 txn=497 epoch=241 flags=0x90000001 state=7 error=0 fpga_ts=391328856 host_ns=1318473318837405
RUNTIME_WITHHELD n=499 txn=498 epoch=242 flags=0x90000001 state=7 error=0 fpga_ts=392113752 host_ns=1318473352928126
TRACE_SPI txn=500 writes=24 host_observed_write_us=15349.224 post_spi_to_tune_return_us=3420.607
RUNTIME_WITHHELD n=500 txn=499 epoch=243 flags=0x90000001 state=7 error=0 fpga_ts=392898648 host_ns=1318473386996905
mode=RX1 progress=500 unrecovered=0 first_read_faults=0 recovered=0 last_epoch=244
RUNTIME_WITHHELD n=501 txn=500 epoch=244 flags=0x90000001 state=7 error=0 fpga_ts=393683544 host_ns=1318473421058910
RUNTIME_WITHHELD n=502 txn=501 epoch=245 flags=0x90000001 state=7 error=0 fpga_ts=394468440 host_ns=1318473455149255
RUNTIME_WITHHELD n=503 txn=502 epoch=246 flags=0x90000001 state=7 error=0 fpga_ts=395253336 host_ns=1318473489181247
RUNTIME_WITHHELD n=504 txn=503 epoch=247 flags=0x90000001 state=7 error=0 fpga_ts=396038232 host_ns=1318473523243018
RUNTIME_WITHHELD n=505 txn=504 epoch=248 flags=0x90000001 state=7 error=0 fpga_ts=396823128 host_ns=1318473557325741
RUNTIME_WITHHELD n=506 txn=505 epoch=249 flags=0x90000001 state=7 error=0 fpga_ts=397608024 host_ns=1318473591380755
RUNTIME_WITHHELD n=507 txn=506 epoch=250 flags=0x90000001 state=7 error=0 fpga_ts=398392920 host_ns=1318473625453410
RUNTIME_WITHHELD n=508 txn=507 epoch=251 flags=0x90000001 state=7 error=0 fpga_ts=399177816 host_ns=1318473659520630
RUNTIME_WITHHELD n=509 txn=508 epoch=252 flags=0x90000001 state=7 error=0 fpga_ts=399962712 host_ns=1318473693604868
RUNTIME_WITHHELD n=510 txn=509 epoch=253 flags=0x90000001 state=7 error=0 fpga_ts=400747608 host_ns=1318473727667945
RUNTIME_WITHHELD n=511 txn=510 epoch=254 flags=0x90000001 state=7 error=0 fpga_ts=401532504 host_ns=1318473761716530
RUNTIME_WITHHELD n=512 txn=511 epoch=255 flags=0x90000001 state=7 error=0 fpga_ts=402317400 host_ns=1318473795778869
RUNTIME_WITHHELD n=513 txn=512 epoch=0 flags=0x90000001 state=7 error=0 fpga_ts=403102296 host_ns=1318473829849283
RUNTIME_WITHHELD n=514 txn=513 epoch=1 flags=0x90000001 state=7 error=0 fpga_ts=403887192 host_ns=1318473863931227
RUNTIME_WITHHELD n=515 txn=514 epoch=2 flags=0x90000001 state=7 error=0 fpga_ts=404672088 host_ns=1318473898010214
RUNTIME_WITHHELD n=516 txn=515 epoch=3 flags=0x90000001 state=7 error=0 fpga_ts=405456984 host_ns=1318473932087607
RUNTIME_WITHHELD n=517 txn=516 epoch=4 flags=0x90000001 state=7 error=0 fpga_ts=406241880 host_ns=1318473966121971
RUNTIME_WITHHELD n=518 txn=517 epoch=5 flags=0x90000001 state=7 error=0 fpga_ts=407026776 host_ns=1318474000200944
RUNTIME_WITHHELD n=519 txn=518 epoch=6 flags=0x90000001 state=7 error=0 fpga_ts=407811672 host_ns=1318474034257233
RUNTIME_WITHHELD n=520 txn=519 epoch=7 flags=0x90000001 state=7 error=0 fpga_ts=408596568 host_ns=1318474068322507
RUNTIME_WITHHELD n=521 txn=520 epoch=8 flags=0x90000001 state=7 error=0 fpga_ts=409381464 host_ns=1318474102393786
RUNTIME_WITHHELD n=522 txn=521 epoch=9 flags=0x90000001 state=7 error=0 fpga_ts=410166360 host_ns=1318474136474609
RUNTIME_WITHHELD n=523 txn=522 epoch=10 flags=0x90000001 state=7 error=0 fpga_ts=410951256 host_ns=1318474170522125
RUNTIME_WITHHELD n=524 txn=523 epoch=11 flags=0x90000001 state=7 error=0 fpga_ts=411736152 host_ns=1318474204595551
RUNTIME_WITHHELD n=525 txn=524 epoch=12 flags=0x90000001 state=7 error=0 fpga_ts=412521048 host_ns=1318474238644228
RUNTIME_WITHHELD n=526 txn=525 epoch=13 flags=0x90000001 state=7 error=0 fpga_ts=413305944 host_ns=1318474272709400
RUNTIME_WITHHELD n=527 txn=526 epoch=14 flags=0x90000001 state=7 error=0 fpga_ts=414090840 host_ns=1318474306783000
RUNTIME_WITHHELD n=528 txn=527 epoch=15 flags=0x90000001 state=7 error=0 fpga_ts=414875736 host_ns=1318474340840554
RUNTIME_WITHHELD n=529 txn=528 epoch=16 flags=0x90000001 state=7 error=0 fpga_ts=415660632 host_ns=1318474374929850
RUNTIME_WITHHELD n=530 txn=529 epoch=17 flags=0x90000001 state=7 error=0 fpga_ts=416445528 host_ns=1318474408998862
RUNTIME_WITHHELD n=531 txn=530 epoch=18 flags=0x90000001 state=7 error=0 fpga_ts=417230424 host_ns=1318474443087374
RUNTIME_WITHHELD n=532 txn=531 epoch=19 flags=0x90000001 state=7 error=0 fpga_ts=418015320 host_ns=1318474477119033
RUNTIME_WITHHELD n=533 txn=532 epoch=20 flags=0x90000001 state=7 error=0 fpga_ts=418800216 host_ns=1318474511177730
RUNTIME_WITHHELD n=534 txn=533 epoch=21 flags=0x90000001 state=7 error=0 fpga_ts=419585112 host_ns=1318474545245458
RUNTIME_WITHHELD n=535 txn=534 epoch=22 flags=0x90000001 state=7 error=0 fpga_ts=420370008 host_ns=1318474579334741
RUNTIME_WITHHELD n=536 txn=535 epoch=23 flags=0x90000001 state=7 error=0 fpga_ts=421154904 host_ns=1318474613378505
RUNTIME_WITHHELD n=537 txn=536 epoch=24 flags=0x90000001 state=7 error=0 fpga_ts=421939800 host_ns=1318474647475247
RUNTIME_WITHHELD n=538 txn=537 epoch=25 flags=0x90000001 state=7 error=0 fpga_ts=422724696 host_ns=1318474681508912
RUNTIME_WITHHELD n=539 txn=538 epoch=26 flags=0x90000001 state=7 error=0 fpga_ts=423509592 host_ns=1318474715587009
RUNTIME_WITHHELD n=540 txn=539 epoch=27 flags=0x90000001 state=7 error=0 fpga_ts=424294488 host_ns=1318474749661230
RUNTIME_WITHHELD n=541 txn=540 epoch=28 flags=0x90000001 state=7 error=0 fpga_ts=425079384 host_ns=1318474783720508
RUNTIME_WITHHELD n=542 txn=541 epoch=29 flags=0x90000001 state=7 error=0 fpga_ts=425864280 host_ns=1318474817774428
RUNTIME_WITHHELD n=543 txn=542 epoch=30 flags=0x90000001 state=7 error=0 fpga_ts=426649176 host_ns=1318474851842090
RUNTIME_WITHHELD n=544 txn=543 epoch=31 flags=0x90000001 state=7 error=0 fpga_ts=427434072 host_ns=1318474885911390
RUNTIME_WITHHELD n=545 txn=544 epoch=32 flags=0x90000001 state=7 error=0 fpga_ts=428218968 host_ns=1318474919977974
RUNTIME_WITHHELD n=546 txn=545 epoch=33 flags=0x90000001 state=7 error=0 fpga_ts=429003864 host_ns=1318474954048392
RUNTIME_WITHHELD n=547 txn=546 epoch=34 flags=0x90000001 state=7 error=0 fpga_ts=429788760 host_ns=1318474988109582
RUNTIME_WITHHELD n=548 txn=547 epoch=35 flags=0x90000001 state=7 error=0 fpga_ts=430573656 host_ns=1318475022184247
RUNTIME_WITHHELD n=549 txn=548 epoch=36 flags=0x90000001 state=7 error=0 fpga_ts=431358552 host_ns=1318475056244699
RUNTIME_WITHHELD n=550 txn=549 epoch=37 flags=0x90000001 state=7 error=0 fpga_ts=432143448 host_ns=1318475090311739
RUNTIME_WITHHELD n=551 txn=550 epoch=38 flags=0x90000001 state=7 error=0 fpga_ts=432928344 host_ns=1318475124384489
RUNTIME_WITHHELD n=552 txn=551 epoch=39 flags=0x90000001 state=7 error=0 fpga_ts=433713240 host_ns=1318475158452943
RUNTIME_WITHHELD n=553 txn=552 epoch=40 flags=0x90000001 state=7 error=0 fpga_ts=434498136 host_ns=1318475192546412
RUNTIME_WITHHELD n=554 txn=553 epoch=41 flags=0x90000001 state=7 error=0 fpga_ts=435283032 host_ns=1318475226575296
RUNTIME_WITHHELD n=555 txn=554 epoch=42 flags=0x90000001 state=7 error=0 fpga_ts=436067928 host_ns=1318475260652839
RUNTIME_WITHHELD n=556 txn=555 epoch=43 flags=0x90000001 state=7 error=0 fpga_ts=436852824 host_ns=1318475294742475
RUNTIME_WITHHELD n=557 txn=556 epoch=44 flags=0x90000001 state=7 error=0 fpga_ts=437637720 host_ns=1318475328773976
RUNTIME_WITHHELD n=558 txn=557 epoch=45 flags=0x90000001 state=7 error=0 fpga_ts=438422616 host_ns=1318475362843526
RUNTIME_WITHHELD n=559 txn=558 epoch=46 flags=0x90000001 state=7 error=0 fpga_ts=439207512 host_ns=1318475396912459
RUNTIME_WITHHELD n=560 txn=559 epoch=47 flags=0x90000001 state=7 error=0 fpga_ts=439992408 host_ns=1318475430974589
RUNTIME_WITHHELD n=561 txn=560 epoch=48 flags=0x90000001 state=7 error=0 fpga_ts=440777304 host_ns=1318475465069308
RUNTIME_WITHHELD n=562 txn=561 epoch=49 flags=0x90000001 state=7 error=0 fpga_ts=441562200 host_ns=1318475499106926
RUNTIME_WITHHELD n=563 txn=562 epoch=50 flags=0x90000001 state=7 error=0 fpga_ts=442347096 host_ns=1318475533182771
RUNTIME_WITHHELD n=564 txn=563 epoch=51 flags=0x90000001 state=7 error=0 fpga_ts=443131992 host_ns=1318475567242643
RUNTIME_WITHHELD n=565 txn=564 epoch=52 flags=0x90000001 state=7 error=0 fpga_ts=443916888 host_ns=1318475601316936
RUNTIME_WITHHELD n=566 txn=565 epoch=53 flags=0x90000001 state=7 error=0 fpga_ts=444701784 host_ns=1318475635382326
RUNTIME_WITHHELD n=567 txn=566 epoch=54 flags=0x90000001 state=7 error=0 fpga_ts=445486680 host_ns=1318475669449891
RUNTIME_WITHHELD n=568 txn=567 epoch=55 flags=0x90000001 state=7 error=0 fpga_ts=446271576 host_ns=1318475703516329
RUNTIME_WITHHELD n=569 txn=568 epoch=56 flags=0x90000001 state=7 error=0 fpga_ts=447056472 host_ns=1318475737578652
RUNTIME_WITHHELD n=570 txn=569 epoch=57 flags=0x90000001 state=7 error=0 fpga_ts=447841368 host_ns=1318475771641578
RUNTIME_WITHHELD n=571 txn=570 epoch=58 flags=0x90000001 state=7 error=0 fpga_ts=448626264 host_ns=1318475805710613
RUNTIME_WITHHELD n=572 txn=571 epoch=59 flags=0x90000001 state=7 error=0 fpga_ts=449411160 host_ns=1318475839768259
RUNTIME_WITHHELD n=573 txn=572 epoch=60 flags=0x90000001 state=7 error=0 fpga_ts=450196056 host_ns=1318475873846397
RUNTIME_WITHHELD n=574 txn=573 epoch=61 flags=0x90000001 state=7 error=0 fpga_ts=450980952 host_ns=1318475907908512
RUNTIME_WITHHELD n=575 txn=574 epoch=62 flags=0x90000001 state=7 error=0 fpga_ts=451765848 host_ns=1318475941979329
RUNTIME_WITHHELD n=576 txn=575 epoch=63 flags=0x90000001 state=7 error=0 fpga_ts=452550744 host_ns=1318475976066435
RUNTIME_WITHHELD n=577 txn=576 epoch=64 flags=0x90000001 state=7 error=0 fpga_ts=453335640 host_ns=1318476010109431
RUNTIME_WITHHELD n=578 txn=577 epoch=65 flags=0x90000001 state=7 error=0 fpga_ts=454120536 host_ns=1318476044182781
RUNTIME_WITHHELD n=579 txn=578 epoch=66 flags=0x90000001 state=7 error=0 fpga_ts=454905432 host_ns=1318476078241125
RUNTIME_WITHHELD n=580 txn=579 epoch=67 flags=0x90000001 state=7 error=0 fpga_ts=455690328 host_ns=1318476112330860
RUNTIME_WITHHELD n=581 txn=580 epoch=68 flags=0x90000001 state=7 error=0 fpga_ts=456475224 host_ns=1318476146390416
RUNTIME_WITHHELD n=582 txn=581 epoch=69 flags=0x90000001 state=7 error=0 fpga_ts=457260120 host_ns=1318476180453925
RUNTIME_WITHHELD n=583 txn=582 epoch=70 flags=0x90000001 state=7 error=0 fpga_ts=458045016 host_ns=1318476214536176
RUNTIME_WITHHELD n=584 txn=583 epoch=71 flags=0x90000001 state=7 error=0 fpga_ts=458829912 host_ns=1318476248595461
RUNTIME_WITHHELD n=585 txn=584 epoch=72 flags=0x90000001 state=7 error=0 fpga_ts=459614808 host_ns=1318476282640581
RUNTIME_WITHHELD n=586 txn=585 epoch=73 flags=0x90000001 state=7 error=0 fpga_ts=460399704 host_ns=1318476316723157
RUNTIME_WITHHELD n=587 txn=586 epoch=74 flags=0x90000001 state=7 error=0 fpga_ts=461184600 host_ns=1318476350776239
RUNTIME_WITHHELD n=588 txn=587 epoch=75 flags=0x90000001 state=7 error=0 fpga_ts=461969496 host_ns=1318476384843529
RUNTIME_WITHHELD n=589 txn=588 epoch=76 flags=0x90000001 state=7 error=0 fpga_ts=462754392 host_ns=1318476418905354
RUNTIME_WITHHELD n=590 txn=589 epoch=77 flags=0x90000001 state=7 error=0 fpga_ts=463539288 host_ns=1318476452998431
RUNTIME_WITHHELD n=591 txn=590 epoch=78 flags=0x90000001 state=7 error=0 fpga_ts=464324184 host_ns=1318476487044031
RUNTIME_WITHHELD n=592 txn=591 epoch=79 flags=0x90000001 state=7 error=0 fpga_ts=465109080 host_ns=1318476521131039
RUNTIME_WITHHELD n=593 txn=592 epoch=80 flags=0x90000001 state=7 error=0 fpga_ts=465893976 host_ns=1318476555179492
RUNTIME_WITHHELD n=594 txn=593 epoch=81 flags=0x90000001 state=7 error=0 fpga_ts=466678872 host_ns=1318476589242998
RUNTIME_WITHHELD n=595 txn=594 epoch=82 flags=0x90000001 state=7 error=0 fpga_ts=467463768 host_ns=1318476623312242
RUNTIME_WITHHELD n=596 txn=595 epoch=83 flags=0x90000001 state=7 error=0 fpga_ts=468248664 host_ns=1318476657378095
RUNTIME_WITHHELD n=597 txn=596 epoch=84 flags=0x90000001 state=7 error=0 fpga_ts=469033560 host_ns=1318476691449591
RUNTIME_WITHHELD n=598 txn=597 epoch=85 flags=0x90000001 state=7 error=0 fpga_ts=469818456 host_ns=1318476725514075
RUNTIME_WITHHELD n=599 txn=598 epoch=86 flags=0x90000001 state=7 error=0 fpga_ts=470603352 host_ns=1318476759591240
TRACE_SPI txn=600 writes=24 host_observed_write_us=15282.696 post_spi_to_tune_return_us=3226.683
RUNTIME_WITHHELD n=600 txn=599 epoch=87 flags=0x90000001 state=7 error=0 fpga_ts=471388248 host_ns=1318476793654942
mode=RX1 progress=600 unrecovered=0 first_read_faults=0 recovered=0 last_epoch=88
RUNTIME_WITHHELD n=601 txn=600 epoch=88 flags=0x90000001 state=7 error=0 fpga_ts=472173144 host_ns=1318476827717012
RUNTIME_WITHHELD n=602 txn=601 epoch=89 flags=0x90000001 state=7 error=0 fpga_ts=472958040 host_ns=1318476861777771
RUNTIME_WITHHELD n=603 txn=602 epoch=90 flags=0x90000001 state=7 error=0 fpga_ts=473742936 host_ns=1318476895850747
RUNTIME_WITHHELD n=604 txn=603 epoch=91 flags=0x90000001 state=7 error=0 fpga_ts=474527832 host_ns=1318476929934737
RUNTIME_WITHHELD n=605 txn=604 epoch=92 flags=0x90000001 state=7 error=0 fpga_ts=475312728 host_ns=1318476964006065
RUNTIME_WITHHELD n=606 txn=605 epoch=93 flags=0x90000001 state=7 error=0 fpga_ts=476097624 host_ns=1318476998072042
RUNTIME_WITHHELD n=607 txn=606 epoch=94 flags=0x90000001 state=7 error=0 fpga_ts=476882520 host_ns=1318477032116245
RUNTIME_WITHHELD n=608 txn=607 epoch=95 flags=0x90000001 state=7 error=0 fpga_ts=477667416 host_ns=1318477066177656
RUNTIME_WITHHELD n=609 txn=608 epoch=96 flags=0x90000001 state=7 error=0 fpga_ts=478452312 host_ns=1318477100240641
RUNTIME_WITHHELD n=610 txn=609 epoch=97 flags=0x90000001 state=7 error=0 fpga_ts=479237208 host_ns=1318477134312243
RUNTIME_WITHHELD n=611 txn=610 epoch=98 flags=0x90000001 state=7 error=0 fpga_ts=480022104 host_ns=1318477168379998
RUNTIME_WITHHELD n=612 txn=611 epoch=99 flags=0x90000001 state=7 error=0 fpga_ts=480807000 host_ns=1318477202455565
RUNTIME_WITHHELD n=613 txn=612 epoch=100 flags=0x90000001 state=7 error=0 fpga_ts=481591896 host_ns=1318477236511084
RUNTIME_WITHHELD n=614 txn=613 epoch=101 flags=0x90000001 state=7 error=0 fpga_ts=482376792 host_ns=1318477270586253
RUNTIME_WITHHELD n=615 txn=614 epoch=102 flags=0x90000001 state=7 error=0 fpga_ts=483161688 host_ns=1318477304667003
RUNTIME_WITHHELD n=616 txn=615 epoch=103 flags=0x90000001 state=7 error=0 fpga_ts=483946584 host_ns=1318477338706840
RUNTIME_WITHHELD n=617 txn=616 epoch=104 flags=0x90000001 state=7 error=0 fpga_ts=484731480 host_ns=1318477372795583
RUNTIME_WITHHELD n=618 txn=617 epoch=105 flags=0x90000001 state=7 error=0 fpga_ts=485516376 host_ns=1318477406843948
RUNTIME_WITHHELD n=619 txn=618 epoch=106 flags=0x90000001 state=7 error=0 fpga_ts=486301272 host_ns=1318477440915067
RUNTIME_WITHHELD n=620 txn=619 epoch=107 flags=0x90000001 state=7 error=0 fpga_ts=487086168 host_ns=1318477474978589
RUNTIME_WITHHELD n=621 txn=620 epoch=108 flags=0x90000001 state=7 error=0 fpga_ts=487871064 host_ns=1318477509063983
RUNTIME_WITHHELD n=622 txn=621 epoch=109 flags=0x90000001 state=7 error=0 fpga_ts=488655960 host_ns=1318477543113678
RUNTIME_WITHHELD n=623 txn=622 epoch=110 flags=0x90000001 state=7 error=0 fpga_ts=489440856 host_ns=1318477577186183
RUNTIME_WITHHELD n=624 txn=623 epoch=111 flags=0x90000001 state=7 error=0 fpga_ts=490225752 host_ns=1318477611244988
RUNTIME_WITHHELD n=625 txn=624 epoch=112 flags=0x90000001 state=7 error=0 fpga_ts=491010648 host_ns=1318477645355585
RUNTIME_WITHHELD n=626 txn=625 epoch=113 flags=0x90000001 state=7 error=0 fpga_ts=491795544 host_ns=1318477679396368
RUNTIME_WITHHELD n=627 txn=626 epoch=114 flags=0x90000001 state=7 error=0 fpga_ts=492580440 host_ns=1318477713446790
RUNTIME_WITHHELD n=628 txn=627 epoch=115 flags=0x90000001 state=7 error=0 fpga_ts=493365336 host_ns=1318477747521470
RUNTIME_WITHHELD n=629 txn=628 epoch=116 flags=0x90000001 state=7 error=0 fpga_ts=494150232 host_ns=1318477781601540
RUNTIME_WITHHELD n=630 txn=629 epoch=117 flags=0x90000001 state=7 error=0 fpga_ts=494935128 host_ns=1318477815643222
RUNTIME_WITHHELD n=631 txn=630 epoch=118 flags=0x90000001 state=7 error=0 fpga_ts=495720024 host_ns=1318477849714055
RUNTIME_WITHHELD n=632 txn=631 epoch=119 flags=0x90000001 state=7 error=0 fpga_ts=496504920 host_ns=1318477883776368
RUNTIME_WITHHELD n=633 txn=632 epoch=120 flags=0x90000001 state=7 error=0 fpga_ts=497289816 host_ns=1318477917843423
RUNTIME_WITHHELD n=634 txn=633 epoch=121 flags=0x90000001 state=7 error=0 fpga_ts=498074712 host_ns=1318477951905766
RUNTIME_WITHHELD n=635 txn=634 epoch=122 flags=0x90000001 state=7 error=0 fpga_ts=498859608 host_ns=1318477985980439
RUNTIME_WITHHELD n=636 txn=635 epoch=123 flags=0x90000001 state=7 error=0 fpga_ts=499644504 host_ns=1318478020067220
RUNTIME_WITHHELD n=637 txn=636 epoch=124 flags=0x90000001 state=7 error=0 fpga_ts=500429400 host_ns=1318478054112157
RUNTIME_WITHHELD n=638 txn=637 epoch=125 flags=0x90000001 state=7 error=0 fpga_ts=501214296 host_ns=1318478088208891
RUNTIME_WITHHELD n=639 txn=638 epoch=126 flags=0x90000001 state=7 error=0 fpga_ts=501999192 host_ns=1318478122280396
RUNTIME_WITHHELD n=640 txn=639 epoch=127 flags=0x90000001 state=7 error=0 fpga_ts=502784088 host_ns=1318478156315709
RUNTIME_WITHHELD n=641 txn=640 epoch=128 flags=0x90000001 state=7 error=0 fpga_ts=503568984 host_ns=1318478190377665
RUNTIME_WITHHELD n=642 txn=641 epoch=129 flags=0x90000001 state=7 error=0 fpga_ts=504353880 host_ns=1318478224451062
RUNTIME_WITHHELD n=643 txn=642 epoch=130 flags=0x90000001 state=7 error=0 fpga_ts=505138776 host_ns=1318478258517099
RUNTIME_WITHHELD n=644 txn=643 epoch=131 flags=0x90000001 state=7 error=0 fpga_ts=505923672 host_ns=1318478292585659
RUNTIME_WITHHELD n=645 txn=644 epoch=132 flags=0x90000001 state=7 error=0 fpga_ts=506708568 host_ns=1318478326653237
RUNTIME_WITHHELD n=646 txn=645 epoch=133 flags=0x90000001 state=7 error=0 fpga_ts=507493464 host_ns=1318478360732926
RUNTIME_WITHHELD n=647 txn=646 epoch=134 flags=0x90000001 state=7 error=0 fpga_ts=508278360 host_ns=1318478394781132
RUNTIME_WITHHELD n=648 txn=647 epoch=135 flags=0x90000001 state=7 error=0 fpga_ts=509063256 host_ns=1318478428841220
RUNTIME_WITHHELD n=649 txn=648 epoch=136 flags=0x90000001 state=7 error=0 fpga_ts=509848152 host_ns=1318478462910187
RUNTIME_WITHHELD n=650 txn=649 epoch=137 flags=0x90000001 state=7 error=0 fpga_ts=510633048 host_ns=1318478496995789
RUNTIME_WITHHELD n=651 txn=650 epoch=138 flags=0x90000001 state=7 error=0 fpga_ts=511417944 host_ns=1318478531051159
RUNTIME_WITHHELD n=652 txn=651 epoch=139 flags=0x90000001 state=7 error=0 fpga_ts=512202840 host_ns=1318478565111934
RUNTIME_WITHHELD n=653 txn=652 epoch=140 flags=0x90000001 state=7 error=0 fpga_ts=512987736 host_ns=1318478599186734
RUNTIME_WITHHELD n=654 txn=653 epoch=141 flags=0x90000001 state=7 error=0 fpga_ts=513772632 host_ns=1318478633277606
RUNTIME_WITHHELD n=655 txn=654 epoch=142 flags=0x90000001 state=7 error=0 fpga_ts=514557528 host_ns=1318478667323990
RUNTIME_WITHHELD n=656 txn=655 epoch=143 flags=0x90000001 state=7 error=0 fpga_ts=515342424 host_ns=1318478701378355
RUNTIME_WITHHELD n=657 txn=656 epoch=144 flags=0x90000001 state=7 error=0 fpga_ts=516127320 host_ns=1318478735447129
RUNTIME_WITHHELD n=658 txn=657 epoch=145 flags=0x90000001 state=7 error=0 fpga_ts=516912216 host_ns=1318478769516878
RUNTIME_WITHHELD n=659 txn=658 epoch=146 flags=0x90000001 state=7 error=0 fpga_ts=517697112 host_ns=1318478803584383
RUNTIME_WITHHELD n=660 txn=659 epoch=147 flags=0x90000001 state=7 error=0 fpga_ts=518482008 host_ns=1318478837682838
RUNTIME_WITHHELD n=661 txn=660 epoch=148 flags=0x90000001 state=7 error=0 fpga_ts=519266904 host_ns=1318478871714069
RUNTIME_WITHHELD n=662 txn=661 epoch=149 flags=0x90000001 state=7 error=0 fpga_ts=520051800 host_ns=1318478905779786
RUNTIME_WITHHELD n=663 txn=662 epoch=150 flags=0x90000001 state=7 error=0 fpga_ts=520836696 host_ns=1318478939863338
RUNTIME_WITHHELD n=664 txn=663 epoch=151 flags=0x90000001 state=7 error=0 fpga_ts=521621592 host_ns=1318478973911908
RUNTIME_WITHHELD n=665 txn=664 epoch=152 flags=0x90000001 state=7 error=0 fpga_ts=522406488 host_ns=1318479007945121
RUNTIME_WITHHELD n=666 txn=665 epoch=153 flags=0x90000001 state=7 error=0 fpga_ts=523191384 host_ns=1318479042042196
RUNTIME_WITHHELD n=667 txn=666 epoch=154 flags=0x90000001 state=7 error=0 fpga_ts=523976280 host_ns=1318479076142028
RUNTIME_WITHHELD n=668 txn=667 epoch=155 flags=0x90000001 state=7 error=0 fpga_ts=524761176 host_ns=1318479110162811
RUNTIME_WITHHELD n=669 txn=668 epoch=156 flags=0x90000001 state=7 error=0 fpga_ts=525676888 host_ns=1318479149948920
RUNTIME_WITHHELD n=670 txn=669 epoch=157 flags=0x90000001 state=7 error=0 fpga_ts=526461784 host_ns=1318479184028103
RUNTIME_WITHHELD n=671 txn=670 epoch=158 flags=0x90000001 state=7 error=0 fpga_ts=527246680 host_ns=1318479218061040
RUNTIME_WITHHELD n=672 txn=671 epoch=159 flags=0x90000001 state=7 error=0 fpga_ts=528031576 host_ns=1318479252126033
RUNTIME_WITHHELD n=673 txn=672 epoch=160 flags=0x90000001 state=7 error=0 fpga_ts=528816472 host_ns=1318479286214109
RUNTIME_WITHHELD n=674 txn=673 epoch=161 flags=0x90000001 state=7 error=0 fpga_ts=529601368 host_ns=1318479320291668
RUNTIME_WITHHELD n=675 txn=674 epoch=162 flags=0x90000001 state=7 error=0 fpga_ts=530386264 host_ns=1318479354322438
RUNTIME_WITHHELD n=676 txn=675 epoch=163 flags=0x90000001 state=7 error=0 fpga_ts=531171160 host_ns=1318479388396912
RUNTIME_WITHHELD n=677 txn=676 epoch=164 flags=0x90000001 state=7 error=0 fpga_ts=531956056 host_ns=1318479422468345
RUNTIME_WITHHELD n=678 txn=677 epoch=165 flags=0x90000001 state=7 error=0 fpga_ts=532740952 host_ns=1318479456554618
RUNTIME_WITHHELD n=679 txn=678 epoch=166 flags=0x90000001 state=7 error=0 fpga_ts=533525848 host_ns=1318479490576184
RUNTIME_WITHHELD n=680 txn=679 epoch=167 flags=0x90000001 state=7 error=0 fpga_ts=534310744 host_ns=1318479524662653
RUNTIME_WITHHELD n=681 txn=680 epoch=168 flags=0x90000001 state=7 error=0 fpga_ts=535095640 host_ns=1318479558742601
RUNTIME_WITHHELD n=682 txn=681 epoch=169 flags=0x90000001 state=7 error=0 fpga_ts=535880536 host_ns=1318479592810651
RUNTIME_WITHHELD n=683 txn=682 epoch=170 flags=0x90000001 state=7 error=0 fpga_ts=536665432 host_ns=1318479626872767
RUNTIME_WITHHELD n=684 txn=683 epoch=171 flags=0x90000001 state=7 error=0 fpga_ts=537450328 host_ns=1318479660952114
RUNTIME_WITHHELD n=685 txn=684 epoch=172 flags=0x90000001 state=7 error=0 fpga_ts=538235224 host_ns=1318479695025611
RUNTIME_WITHHELD n=686 txn=685 epoch=173 flags=0x90000001 state=7 error=0 fpga_ts=539020120 host_ns=1318479729249072
RUNTIME_WITHHELD n=687 txn=686 epoch=174 flags=0x90000001 state=7 error=0 fpga_ts=539935832 host_ns=1318479768807604
RUNTIME_WITHHELD n=688 txn=687 epoch=175 flags=0x90000001 state=7 error=0 fpga_ts=540720728 host_ns=1318479802871271
RUNTIME_WITHHELD n=689 txn=688 epoch=176 flags=0x90000001 state=7 error=0 fpga_ts=541505624 host_ns=1318479836934423
RUNTIME_WITHHELD n=690 txn=689 epoch=177 flags=0x90000001 state=7 error=0 fpga_ts=542290520 host_ns=1318479871012504
RUNTIME_WITHHELD n=691 txn=690 epoch=178 flags=0x90000001 state=7 error=0 fpga_ts=543075416 host_ns=1318479905072322
RUNTIME_WITHHELD n=692 txn=691 epoch=179 flags=0x90000001 state=7 error=0 fpga_ts=543860312 host_ns=1318479939141244
RUNTIME_WITHHELD n=693 txn=692 epoch=180 flags=0x90000001 state=7 error=0 fpga_ts=544645208 host_ns=1318479973223331
RUNTIME_WITHHELD n=694 txn=693 epoch=181 flags=0x90000001 state=7 error=0 fpga_ts=545430104 host_ns=1318480007286841
RUNTIME_WITHHELD n=695 txn=694 epoch=182 flags=0x90000001 state=7 error=0 fpga_ts=546215000 host_ns=1318480041356288
RUNTIME_WITHHELD n=696 txn=695 epoch=183 flags=0x90000001 state=7 error=0 fpga_ts=546999896 host_ns=1318480075409103
RUNTIME_WITHHELD n=697 txn=696 epoch=184 flags=0x90000001 state=7 error=0 fpga_ts=547784792 host_ns=1318480109476579
RUNTIME_WITHHELD n=698 txn=697 epoch=185 flags=0x90000001 state=7 error=0 fpga_ts=548569688 host_ns=1318480143526445
RUNTIME_WITHHELD n=699 txn=698 epoch=186 flags=0x90000001 state=7 error=0 fpga_ts=549485400 host_ns=1318480183264408
TRACE_SPI txn=700 writes=24 host_observed_write_us=15320.033 post_spi_to_tune_return_us=3369.774
RUNTIME_WITHHELD n=700 txn=699 epoch=187 flags=0x90000001 state=7 error=0 fpga_ts=550270296 host_ns=1318480217345922
mode=RX1 progress=700 unrecovered=0 first_read_faults=0 recovered=0 last_epoch=188
RUNTIME_WITHHELD n=701 txn=700 epoch=188 flags=0x90000001 state=7 error=0 fpga_ts=551055192 host_ns=1318480251413862
RUNTIME_WITHHELD n=702 txn=701 epoch=189 flags=0x90000001 state=7 error=0 fpga_ts=551840088 host_ns=1318480285487118
RUNTIME_WITHHELD n=703 txn=702 epoch=190 flags=0x90000001 state=7 error=0 fpga_ts=552624984 host_ns=1318480319560378
RUNTIME_WITHHELD n=704 txn=703 epoch=191 flags=0x90000001 state=7 error=0 fpga_ts=553409880 host_ns=1318480353625105
RUNTIME_WITHHELD n=705 txn=704 epoch=192 flags=0x90000001 state=7 error=0 fpga_ts=554194776 host_ns=1318480387699230
RUNTIME_WITHHELD n=706 txn=705 epoch=193 flags=0x90000001 state=7 error=0 fpga_ts=554979672 host_ns=1318480421764764
RUNTIME_WITHHELD n=707 txn=706 epoch=194 flags=0x90000001 state=7 error=0 fpga_ts=555764568 host_ns=1318480455816701
RUNTIME_WITHHELD n=708 txn=707 epoch=195 flags=0x90000001 state=7 error=0 fpga_ts=556549464 host_ns=1318480489902467
RUNTIME_WITHHELD n=709 txn=708 epoch=196 flags=0x90000001 state=7 error=0 fpga_ts=557334360 host_ns=1318480523948322
RUNTIME_WITHHELD n=710 txn=709 epoch=197 flags=0x90000001 state=7 error=0 fpga_ts=558119256 host_ns=1318480558035567
RUNTIME_WITHHELD n=711 txn=710 epoch=198 flags=0x90000001 state=7 error=0 fpga_ts=558904152 host_ns=1318480592084549
RUNTIME_WITHHELD n=712 txn=711 epoch=199 flags=0x90000001 state=7 error=0 fpga_ts=559689048 host_ns=1318480626145884
RUNTIME_WITHHELD n=713 txn=712 epoch=200 flags=0x90000001 state=7 error=0 fpga_ts=560473944 host_ns=1318480660233931
RUNTIME_WITHHELD n=714 txn=713 epoch=201 flags=0x90000001 state=7 error=0 fpga_ts=561258840 host_ns=1318480694297217
RUNTIME_WITHHELD n=715 txn=714 epoch=202 flags=0x90000001 state=7 error=0 fpga_ts=562043736 host_ns=1318480728357139
RUNTIME_WITHHELD n=716 txn=715 epoch=203 flags=0x90000001 state=7 error=0 fpga_ts=562828632 host_ns=1318480762437144
RUNTIME_WITHHELD n=717 txn=716 epoch=204 flags=0x90000001 state=7 error=0 fpga_ts=563613528 host_ns=1318480796480691
RUNTIME_WITHHELD n=718 txn=717 epoch=205 flags=0x90000001 state=7 error=0 fpga_ts=564398424 host_ns=1318480830548746
RUNTIME_WITHHELD n=719 txn=718 epoch=206 flags=0x90000001 state=7 error=0 fpga_ts=565183320 host_ns=1318480864616839
RUNTIME_WITHHELD n=720 txn=719 epoch=207 flags=0x90000001 state=7 error=0 fpga_ts=565968216 host_ns=1318480898693769
RUNTIME_WITHHELD n=721 txn=720 epoch=208 flags=0x90000001 state=7 error=0 fpga_ts=566753112 host_ns=1318480932747630
RUNTIME_WITHHELD n=722 txn=721 epoch=209 flags=0x90000001 state=7 error=0 fpga_ts=567538008 host_ns=1318480966820729
RUNTIME_WITHHELD n=723 txn=722 epoch=210 flags=0x90000001 state=7 error=0 fpga_ts=568322904 host_ns=1318481000899394
RUNTIME_WITHHELD n=724 txn=723 epoch=211 flags=0x90000001 state=7 error=0 fpga_ts=569107800 host_ns=1318481034967471
RUNTIME_WITHHELD n=725 txn=724 epoch=212 flags=0x90000001 state=7 error=0 fpga_ts=569892696 host_ns=1318481069030945
RUNTIME_WITHHELD n=726 txn=725 epoch=213 flags=0x90000001 state=7 error=0 fpga_ts=570677592 host_ns=1318481103080907
RUNTIME_WITHHELD n=727 txn=726 epoch=214 flags=0x90000001 state=7 error=0 fpga_ts=571462488 host_ns=1318481137239366
RUNTIME_WITHHELD n=728 txn=727 epoch=215 flags=0x90000001 state=7 error=0 fpga_ts=572247384 host_ns=1318481171219463
RUNTIME_WITHHELD n=729 txn=728 epoch=216 flags=0x90000001 state=7 error=0 fpga_ts=573032280 host_ns=1318481205277074
RUNTIME_WITHHELD n=730 txn=729 epoch=217 flags=0x90000001 state=7 error=0 fpga_ts=573817176 host_ns=1318481239346891
RUNTIME_WITHHELD n=731 txn=730 epoch=218 flags=0x90000001 state=7 error=0 fpga_ts=574602072 host_ns=1318481273421178
RUNTIME_WITHHELD n=732 txn=731 epoch=219 flags=0x90000001 state=7 error=0 fpga_ts=575386968 host_ns=1318481307488577
RUNTIME_WITHHELD n=733 txn=732 epoch=220 flags=0x90000001 state=7 error=0 fpga_ts=576171864 host_ns=1318481341539684
RUNTIME_WITHHELD n=734 txn=733 epoch=221 flags=0x90000001 state=7 error=0 fpga_ts=576956760 host_ns=1318481375611566
RUNTIME_WITHHELD n=735 txn=734 epoch=222 flags=0x90000001 state=7 error=0 fpga_ts=577741656 host_ns=1318481409685394
RUNTIME_WITHHELD n=736 txn=735 epoch=223 flags=0x90000001 state=7 error=0 fpga_ts=578526552 host_ns=1318481443756849
RUNTIME_WITHHELD n=737 txn=736 epoch=224 flags=0x90000001 state=7 error=0 fpga_ts=579311448 host_ns=1318481477812825
RUNTIME_WITHHELD n=738 txn=737 epoch=225 flags=0x90000001 state=7 error=0 fpga_ts=580096344 host_ns=1318481511876065
RUNTIME_WITHHELD n=739 txn=738 epoch=226 flags=0x90000001 state=7 error=0 fpga_ts=580881240 host_ns=1318481545945596
RUNTIME_WITHHELD n=740 txn=739 epoch=227 flags=0x90000001 state=7 error=0 fpga_ts=581666136 host_ns=1318481580023920
RUNTIME_WITHHELD n=741 txn=740 epoch=228 flags=0x90000001 state=7 error=0 fpga_ts=582451032 host_ns=1318481614087661
RUNTIME_WITHHELD n=742 txn=741 epoch=229 flags=0x90000001 state=7 error=0 fpga_ts=583235928 host_ns=1318481648147216
RUNTIME_WITHHELD n=743 txn=742 epoch=230 flags=0x90000001 state=7 error=0 fpga_ts=584020824 host_ns=1318481682221230
RUNTIME_WITHHELD n=744 txn=743 epoch=231 flags=0x90000001 state=7 error=0 fpga_ts=584805720 host_ns=1318481716281134
RUNTIME_WITHHELD n=745 txn=744 epoch=232 flags=0x90000001 state=7 error=0 fpga_ts=585590616 host_ns=1318481750356989
RUNTIME_WITHHELD n=746 txn=745 epoch=233 flags=0x90000001 state=7 error=0 fpga_ts=586375512 host_ns=1318481784433456
RUNTIME_WITHHELD n=747 txn=746 epoch=234 flags=0x90000001 state=7 error=0 fpga_ts=587160408 host_ns=1318481818489608
RUNTIME_WITHHELD n=748 txn=747 epoch=235 flags=0x90000001 state=7 error=0 fpga_ts=587945304 host_ns=1318481852543005
RUNTIME_WITHHELD n=749 txn=748 epoch=236 flags=0x90000001 state=7 error=0 fpga_ts=588730200 host_ns=1318481886622226
RUNTIME_WITHHELD n=750 txn=749 epoch=237 flags=0x90000001 state=7 error=0 fpga_ts=589515096 host_ns=1318481920687554
RUNTIME_WITHHELD n=751 txn=750 epoch=238 flags=0x90000001 state=7 error=0 fpga_ts=590299992 host_ns=1318481954755476
RUNTIME_WITHHELD n=752 txn=751 epoch=239 flags=0x90000001 state=7 error=0 fpga_ts=591084888 host_ns=1318481988818951
RUNTIME_WITHHELD n=753 txn=752 epoch=240 flags=0x90000001 state=7 error=0 fpga_ts=591869784 host_ns=1318482022883640
RUNTIME_WITHHELD n=754 txn=753 epoch=241 flags=0x90000001 state=7 error=0 fpga_ts=592654680 host_ns=1318482056940948
RUNTIME_WITHHELD n=755 txn=754 epoch=242 flags=0x90000001 state=7 error=0 fpga_ts=593570392 host_ns=1318482096697914
RUNTIME_WITHHELD n=756 txn=755 epoch=243 flags=0x90000001 state=7 error=0 fpga_ts=594355288 host_ns=1318482130759534
RUNTIME_WITHHELD n=757 txn=756 epoch=244 flags=0x90000001 state=7 error=0 fpga_ts=595140184 host_ns=1318482164823224
RUNTIME_WITHHELD n=758 txn=757 epoch=245 flags=0x90000001 state=7 error=0 fpga_ts=595925080 host_ns=1318482198908402
RUNTIME_WITHHELD n=759 txn=758 epoch=246 flags=0x90000001 state=7 error=0 fpga_ts=596709976 host_ns=1318482232962405
RUNTIME_WITHHELD n=760 txn=759 epoch=247 flags=0x90000001 state=7 error=0 fpga_ts=597494872 host_ns=1318482267043466
RUNTIME_WITHHELD n=761 txn=760 epoch=248 flags=0x90000001 state=7 error=0 fpga_ts=598279768 host_ns=1318482301112802
RUNTIME_WITHHELD n=762 txn=761 epoch=249 flags=0x90000001 state=7 error=0 fpga_ts=599195480 host_ns=1318482340995876
RUNTIME_WITHHELD n=763 txn=762 epoch=250 flags=0x90000001 state=7 error=0 fpga_ts=600242008 host_ns=1318482386287580
RUNTIME_WITHHELD n=764 txn=763 epoch=251 flags=0x90000001 state=7 error=0 fpga_ts=601157720 host_ns=1318482425999601
RUNTIME_WITHHELD n=765 txn=764 epoch=252 flags=0x90000001 state=7 error=0 fpga_ts=601942616 host_ns=1318482460072759
RUNTIME_WITHHELD n=766 txn=765 epoch=253 flags=0x90000001 state=7 error=0 fpga_ts=602727512 host_ns=1318482494131593
RUNTIME_WITHHELD n=767 txn=766 epoch=254 flags=0x90000001 state=7 error=0 fpga_ts=603512408 host_ns=1318482528203634
RUNTIME_WITHHELD n=768 txn=767 epoch=255 flags=0x90000001 state=7 error=0 fpga_ts=604297304 host_ns=1318482562268940
RUNTIME_WITHHELD n=769 txn=768 epoch=0 flags=0x90000001 state=7 error=0 fpga_ts=605082200 host_ns=1318482596340315
RUNTIME_WITHHELD n=770 txn=769 epoch=1 flags=0x90000001 state=7 error=0 fpga_ts=605867096 host_ns=1318482630407805
RUNTIME_WITHHELD n=771 txn=770 epoch=2 flags=0x90000001 state=7 error=0 fpga_ts=606651992 host_ns=1318482664481724
RUNTIME_WITHHELD n=772 txn=771 epoch=3 flags=0x90000001 state=7 error=0 fpga_ts=607436888 host_ns=1318482698541020
RUNTIME_WITHHELD n=773 txn=772 epoch=4 flags=0x90000001 state=7 error=0 fpga_ts=608221784 host_ns=1318482732619385
RUNTIME_WITHHELD n=774 txn=773 epoch=5 flags=0x90000001 state=7 error=0 fpga_ts=609006680 host_ns=1318482766675555
RUNTIME_WITHHELD n=775 txn=774 epoch=6 flags=0x90000001 state=7 error=0 fpga_ts=609791576 host_ns=1318482800749522
RUNTIME_WITHHELD n=776 txn=775 epoch=7 flags=0x90000001 state=7 error=0 fpga_ts=610576472 host_ns=1318482834800612
RUNTIME_WITHHELD n=777 txn=776 epoch=8 flags=0x90000001 state=7 error=0 fpga_ts=611361368 host_ns=1318482868873172
RUNTIME_WITHHELD n=778 txn=777 epoch=9 flags=0x90000001 state=7 error=0 fpga_ts=612146264 host_ns=1318482902925591
RUNTIME_WITHHELD n=779 txn=778 epoch=10 flags=0x90000001 state=7 error=0 fpga_ts=612931160 host_ns=1318482937016957
RUNTIME_WITHHELD n=780 txn=779 epoch=11 flags=0x90000001 state=7 error=0 fpga_ts=613846872 host_ns=1318482976756488
RUNTIME_WITHHELD n=781 txn=780 epoch=12 flags=0x90000001 state=7 error=0 fpga_ts=614631768 host_ns=1318483010838098
RUNTIME_WITHHELD n=782 txn=781 epoch=13 flags=0x90000001 state=7 error=0 fpga_ts=615416664 host_ns=1318483044879144
RUNTIME_WITHHELD n=783 txn=782 epoch=14 flags=0x90000001 state=7 error=0 fpga_ts=616201560 host_ns=1318483078954302
RUNTIME_WITHHELD n=784 txn=783 epoch=15 flags=0x90000001 state=7 error=0 fpga_ts=616986456 host_ns=1318483113025984
RUNTIME_WITHHELD n=785 txn=784 epoch=16 flags=0x90000001 state=7 error=0 fpga_ts=617771352 host_ns=1318483147080578
RUNTIME_WITHHELD n=786 txn=785 epoch=17 flags=0x90000001 state=7 error=0 fpga_ts=618556248 host_ns=1318483181157706
RUNTIME_WITHHELD n=787 txn=786 epoch=18 flags=0x90000001 state=7 error=0 fpga_ts=619341144 host_ns=1318483215221259
RUNTIME_WITHHELD n=788 txn=787 epoch=19 flags=0x90000001 state=7 error=0 fpga_ts=620126040 host_ns=1318483249281113
RUNTIME_WITHHELD n=789 txn=788 epoch=20 flags=0x90000001 state=7 error=0 fpga_ts=620910936 host_ns=1318483283351058
RUNTIME_WITHHELD n=790 txn=789 epoch=21 flags=0x90000001 state=7 error=0 fpga_ts=621695832 host_ns=1318483317406048
RUNTIME_WITHHELD n=791 txn=790 epoch=22 flags=0x90000001 state=7 error=0 fpga_ts=622611544 host_ns=1318483357154136
RUNTIME_WITHHELD n=792 txn=791 epoch=23 flags=0x90000001 state=7 error=0 fpga_ts=623396440 host_ns=1318483391320487
RUNTIME_WITHHELD n=793 txn=792 epoch=24 flags=0x90000001 state=7 error=0 fpga_ts=624312152 host_ns=1318483430975312
RUNTIME_WITHHELD n=794 txn=793 epoch=25 flags=0x90000001 state=7 error=0 fpga_ts=625097048 host_ns=1318483465028142
RUNTIME_WITHHELD n=795 txn=794 epoch=26 flags=0x90000001 state=7 error=0 fpga_ts=626143576 host_ns=1318483510526756
RUNTIME_WITHHELD n=796 txn=795 epoch=27 flags=0x90000001 state=7 error=0 fpga_ts=627190104 host_ns=1318483555982205
RUNTIME_WITHHELD n=797 txn=796 epoch=28 flags=0x90000001 state=7 error=0 fpga_ts=628236632 host_ns=1318483601376340
RUNTIME_WITHHELD n=798 txn=797 epoch=29 flags=0x90000001 state=7 error=0 fpga_ts=629152344 host_ns=1318483641130177
RUNTIME_WITHHELD n=799 txn=798 epoch=30 flags=0x90000001 state=7 error=0 fpga_ts=630198872 host_ns=1318483686564788
TRACE_SPI txn=800 writes=24 host_observed_write_us=15280.825 post_spi_to_tune_return_us=3507.923
RUNTIME_WITHHELD n=800 txn=799 epoch=31 flags=0x90000001 state=7 error=0 fpga_ts=631114584 host_ns=1318483726221749
mode=RX1 progress=800 unrecovered=0 first_read_faults=0 recovered=0 last_epoch=32
RUNTIME_WITHHELD n=801 txn=800 epoch=32 flags=0x90000001 state=7 error=0 fpga_ts=631899480 host_ns=1318483760290414
RUNTIME_WITHHELD n=802 txn=801 epoch=33 flags=0x90000001 state=7 error=0 fpga_ts=632684376 host_ns=1318483794377824
RUNTIME_WITHHELD n=803 txn=802 epoch=34 flags=0x90000001 state=7 error=0 fpga_ts=633730904 host_ns=1318483839822946
RUNTIME_WITHHELD n=804 txn=803 epoch=35 flags=0x90000001 state=7 error=0 fpga_ts=634646616 host_ns=1318483879543943
RUNTIME_WITHHELD n=805 txn=804 epoch=36 flags=0x90000001 state=7 error=0 fpga_ts=635431512 host_ns=1318483913570973
RUNTIME_WITHHELD n=806 txn=805 epoch=37 flags=0x90000001 state=7 error=0 fpga_ts=636347224 host_ns=1318483953315018
RUNTIME_WITHHELD n=807 txn=806 epoch=38 flags=0x90000001 state=7 error=0 fpga_ts=637393752 host_ns=1318483998788156
RUNTIME_WITHHELD n=808 txn=807 epoch=39 flags=0x90000001 state=7 error=0 fpga_ts=638309464 host_ns=1318484038519543
RUNTIME_WITHHELD n=809 txn=808 epoch=40 flags=0x90000001 state=7 error=0 fpga_ts=639355992 host_ns=1318484083904594
RUNTIME_WITHHELD n=810 txn=809 epoch=41 flags=0x90000001 state=7 error=0 fpga_ts=640140888 host_ns=1318484117997551
RUNTIME_WITHHELD n=811 txn=810 epoch=42 flags=0x90000001 state=7 error=0 fpga_ts=640925784 host_ns=1318484152050909
RUNTIME_WITHHELD n=812 txn=811 epoch=43 flags=0x90000001 state=7 error=0 fpga_ts=641710680 host_ns=1318484186142475
RUNTIME_WITHHELD n=813 txn=812 epoch=44 flags=0x90000001 state=7 error=0 fpga_ts=642495576 host_ns=1318484220202965
RUNTIME_WITHHELD n=814 txn=813 epoch=45 flags=0x90000001 state=7 error=0 fpga_ts=643280472 host_ns=1318484254259551
RUNTIME_WITHHELD n=815 txn=814 epoch=46 flags=0x90000001 state=7 error=0 fpga_ts=644065368 host_ns=1318484288330702
RUNTIME_WITHHELD n=816 txn=815 epoch=47 flags=0x90000001 state=7 error=0 fpga_ts=644850264 host_ns=1318484322400576
RUNTIME_WITHHELD n=817 txn=816 epoch=48 flags=0x90000001 state=7 error=0 fpga_ts=645635160 host_ns=1318484356441754
RUNTIME_WITHHELD n=818 txn=817 epoch=49 flags=0x90000001 state=7 error=0 fpga_ts=646420056 host_ns=1318484390522937
RUNTIME_WITHHELD n=819 txn=818 epoch=50 flags=0x90000001 state=7 error=0 fpga_ts=647204952 host_ns=1318484424593294
RUNTIME_WITHHELD n=820 txn=819 epoch=51 flags=0x90000001 state=7 error=0 fpga_ts=647989848 host_ns=1318484458669132
RUNTIME_WITHHELD n=821 txn=820 epoch=52 flags=0x90000001 state=7 error=0 fpga_ts=648774744 host_ns=1318484492713233
RUNTIME_WITHHELD n=822 txn=821 epoch=53 flags=0x90000001 state=7 error=0 fpga_ts=649559640 host_ns=1318484526814791
RUNTIME_WITHHELD n=823 txn=822 epoch=54 flags=0x90000001 state=7 error=0 fpga_ts=650344536 host_ns=1318484560850450
RUNTIME_WITHHELD n=824 txn=823 epoch=55 flags=0x90000001 state=7 error=0 fpga_ts=651129432 host_ns=1318484594920586
RUNTIME_WITHHELD n=825 txn=824 epoch=56 flags=0x90000001 state=7 error=0 fpga_ts=651914328 host_ns=1318484628982995
RUNTIME_WITHHELD n=826 txn=825 epoch=57 flags=0x90000001 state=7 error=0 fpga_ts=652699224 host_ns=1318484663060557
RUNTIME_WITHHELD n=827 txn=826 epoch=58 flags=0x90000001 state=7 error=0 fpga_ts=653484120 host_ns=1318484697115984
RUNTIME_WITHHELD n=828 txn=827 epoch=59 flags=0x90000001 state=7 error=0 fpga_ts=654269016 host_ns=1318484731184800
RUNTIME_WITHHELD n=829 txn=828 epoch=60 flags=0x90000001 state=7 error=0 fpga_ts=655053912 host_ns=1318484765250720
RUNTIME_WITHHELD n=830 txn=829 epoch=61 flags=0x90000001 state=7 error=0 fpga_ts=655838808 host_ns=1318484799316776
RUNTIME_WITHHELD n=831 txn=830 epoch=62 flags=0x90000001 state=7 error=0 fpga_ts=656623704 host_ns=1318484833402547
RUNTIME_WITHHELD n=832 txn=831 epoch=63 flags=0x90000001 state=7 error=0 fpga_ts=657408600 host_ns=1318484867476127
RUNTIME_WITHHELD n=833 txn=832 epoch=64 flags=0x90000001 state=7 error=0 fpga_ts=658193496 host_ns=1318484901537542
RUNTIME_WITHHELD n=834 txn=833 epoch=65 flags=0x90000001 state=7 error=0 fpga_ts=658978392 host_ns=1318484935592205
RUNTIME_WITHHELD n=835 txn=834 epoch=66 flags=0x90000001 state=7 error=0 fpga_ts=659763288 host_ns=1318484969671973
RUNTIME_WITHHELD n=836 txn=835 epoch=67 flags=0x90000001 state=7 error=0 fpga_ts=660548184 host_ns=1318485003684564
RUNTIME_WITHHELD n=837 txn=836 epoch=68 flags=0x90000001 state=7 error=0 fpga_ts=661333080 host_ns=1318485037815916
RUNTIME_WITHHELD n=838 txn=837 epoch=69 flags=0x90000001 state=7 error=0 fpga_ts=662117976 host_ns=1318485071856753
RUNTIME_WITHHELD n=839 txn=838 epoch=70 flags=0x90000001 state=7 error=0 fpga_ts=662902872 host_ns=1318485105919684
RUNTIME_WITHHELD n=840 txn=839 epoch=71 flags=0x90000001 state=7 error=0 fpga_ts=663687768 host_ns=1318485139990094
RUNTIME_WITHHELD n=841 txn=840 epoch=72 flags=0x90000001 state=7 error=0 fpga_ts=664472664 host_ns=1318485174053900
RUNTIME_WITHHELD n=842 txn=841 epoch=73 flags=0x90000001 state=7 error=0 fpga_ts=665257560 host_ns=1318485208129654
RUNTIME_WITHHELD n=843 txn=842 epoch=74 flags=0x90000001 state=7 error=0 fpga_ts=666042456 host_ns=1318485242210032
RUNTIME_WITHHELD n=844 txn=843 epoch=75 flags=0x90000001 state=7 error=0 fpga_ts=666827352 host_ns=1318485276287718
RUNTIME_WITHHELD n=845 txn=844 epoch=76 flags=0x90000001 state=7 error=0 fpga_ts=667612248 host_ns=1318485310317149
RUNTIME_WITHHELD n=846 txn=845 epoch=77 flags=0x90000001 state=7 error=0 fpga_ts=668397144 host_ns=1318485344381682
RUNTIME_WITHHELD n=847 txn=846 epoch=78 flags=0x90000001 state=7 error=0 fpga_ts=669182040 host_ns=1318485378460900
RUNTIME_WITHHELD n=848 txn=847 epoch=79 flags=0x90000001 state=7 error=0 fpga_ts=669966936 host_ns=1318485412529590
RUNTIME_WITHHELD n=849 txn=848 epoch=80 flags=0x90000001 state=7 error=0 fpga_ts=670751832 host_ns=1318485446589538
RUNTIME_WITHHELD n=850 txn=849 epoch=81 flags=0x90000001 state=7 error=0 fpga_ts=671536728 host_ns=1318485480667420
RUNTIME_WITHHELD n=851 txn=850 epoch=82 flags=0x90000001 state=7 error=0 fpga_ts=672321624 host_ns=1318485514739753
RUNTIME_WITHHELD n=852 txn=851 epoch=83 flags=0x90000001 state=7 error=0 fpga_ts=673106520 host_ns=1318485548790237
RUNTIME_WITHHELD n=853 txn=852 epoch=84 flags=0x90000001 state=7 error=0 fpga_ts=673891416 host_ns=1318485582878854
RUNTIME_WITHHELD n=854 txn=853 epoch=85 flags=0x90000001 state=7 error=0 fpga_ts=674676312 host_ns=1318485616943963
RUNTIME_WITHHELD n=855 txn=854 epoch=86 flags=0x90000001 state=7 error=0 fpga_ts=675461208 host_ns=1318485650983895
RUNTIME_WITHHELD n=856 txn=855 epoch=87 flags=0x90000001 state=7 error=0 fpga_ts=676246104 host_ns=1318485685064084
RUNTIME_WITHHELD n=857 txn=856 epoch=88 flags=0x90000001 state=7 error=0 fpga_ts=677031000 host_ns=1318485719125736
RUNTIME_WITHHELD n=858 txn=857 epoch=89 flags=0x90000001 state=7 error=0 fpga_ts=677815896 host_ns=1318485753213802
RUNTIME_WITHHELD n=859 txn=858 epoch=90 flags=0x90000001 state=7 error=0 fpga_ts=678600792 host_ns=1318485787250323
RUNTIME_WITHHELD n=860 txn=859 epoch=91 flags=0x90000001 state=7 error=0 fpga_ts=679385688 host_ns=1318485821317999
RUNTIME_WITHHELD n=861 txn=860 epoch=92 flags=0x90000001 state=7 error=0 fpga_ts=680170584 host_ns=1318485855379672
RUNTIME_WITHHELD n=862 txn=861 epoch=93 flags=0x90000001 state=7 error=0 fpga_ts=680955480 host_ns=1318485889474294
RUNTIME_WITHHELD n=863 txn=862 epoch=94 flags=0x90000001 state=7 error=0 fpga_ts=681740376 host_ns=1318485923536628
RUNTIME_WITHHELD n=864 txn=863 epoch=95 flags=0x90000001 state=7 error=0 fpga_ts=682525272 host_ns=1318485957584819
RUNTIME_WITHHELD n=865 txn=864 epoch=96 flags=0x90000001 state=7 error=0 fpga_ts=683310168 host_ns=1318485991667492
RUNTIME_WITHHELD n=866 txn=865 epoch=97 flags=0x90000001 state=7 error=0 fpga_ts=684095064 host_ns=1318486025720240
RUNTIME_WITHHELD n=867 txn=866 epoch=98 flags=0x90000001 state=7 error=0 fpga_ts=684879960 host_ns=1318486059783463
RUNTIME_WITHHELD n=868 txn=867 epoch=99 flags=0x90000001 state=7 error=0 fpga_ts=685664856 host_ns=1318486093852554
RUNTIME_WITHHELD n=869 txn=868 epoch=100 flags=0x90000001 state=7 error=0 fpga_ts=686449752 host_ns=1318486127918733
RUNTIME_WITHHELD n=870 txn=869 epoch=101 flags=0x90000001 state=7 error=0 fpga_ts=687234648 host_ns=1318486161984281
RUNTIME_WITHHELD n=871 txn=870 epoch=102 flags=0x90000001 state=7 error=0 fpga_ts=688019544 host_ns=1318486196054536
RUNTIME_WITHHELD n=872 txn=871 epoch=103 flags=0x90000001 state=7 error=0 fpga_ts=688804440 host_ns=1318486230123899
RUNTIME_WITHHELD n=873 txn=872 epoch=104 flags=0x90000001 state=7 error=0 fpga_ts=689589336 host_ns=1318486264179960
RUNTIME_WITHHELD n=874 txn=873 epoch=105 flags=0x90000001 state=7 error=0 fpga_ts=690374232 host_ns=1318486298252036
RUNTIME_WITHHELD n=875 txn=874 epoch=106 flags=0x90000001 state=7 error=0 fpga_ts=691159128 host_ns=1318486332324871
RUNTIME_WITHHELD n=876 txn=875 epoch=107 flags=0x90000001 state=7 error=0 fpga_ts=691944024 host_ns=1318486366401182
RUNTIME_WITHHELD n=877 txn=876 epoch=108 flags=0x90000001 state=7 error=0 fpga_ts=692728920 host_ns=1318486400455780
RUNTIME_WITHHELD n=878 txn=877 epoch=109 flags=0x90000001 state=7 error=0 fpga_ts=693513816 host_ns=1318486434519364
RUNTIME_WITHHELD n=879 txn=878 epoch=110 flags=0x90000001 state=7 error=0 fpga_ts=694298712 host_ns=1318486468598000
RUNTIME_WITHHELD n=880 txn=879 epoch=111 flags=0x90000001 state=7 error=0 fpga_ts=695083608 host_ns=1318486502655939
RUNTIME_WITHHELD n=881 txn=880 epoch=112 flags=0x90000001 state=7 error=0 fpga_ts=695868504 host_ns=1318486536724869
RUNTIME_WITHHELD n=882 txn=881 epoch=113 flags=0x90000001 state=7 error=0 fpga_ts=696653400 host_ns=1318486570813513
RUNTIME_WITHHELD n=883 txn=882 epoch=114 flags=0x90000001 state=7 error=0 fpga_ts=697438296 host_ns=1318486604851048
RUNTIME_WITHHELD n=884 txn=883 epoch=115 flags=0x90000001 state=7 error=0 fpga_ts=698223192 host_ns=1318486638920094
RUNTIME_WITHHELD n=885 txn=884 epoch=116 flags=0x90000001 state=7 error=0 fpga_ts=699008088 host_ns=1318486673008612
RUNTIME_WITHHELD n=886 txn=885 epoch=117 flags=0x90000001 state=7 error=0 fpga_ts=699792984 host_ns=1318486707053697
RUNTIME_WITHHELD n=887 txn=886 epoch=118 flags=0x90000001 state=7 error=0 fpga_ts=700577880 host_ns=1318486741122136
RUNTIME_WITHHELD n=888 txn=887 epoch=119 flags=0x90000001 state=7 error=0 fpga_ts=701362776 host_ns=1318486775189205
RUNTIME_WITHHELD n=889 txn=888 epoch=120 flags=0x90000001 state=7 error=0 fpga_ts=702147672 host_ns=1318486809252946
RUNTIME_WITHHELD n=890 txn=889 epoch=121 flags=0x90000001 state=7 error=0 fpga_ts=702932568 host_ns=1318486843344905
RUNTIME_WITHHELD n=891 txn=890 epoch=122 flags=0x90000001 state=7 error=0 fpga_ts=703717464 host_ns=1318486877387633
RUNTIME_WITHHELD n=892 txn=891 epoch=123 flags=0x90000001 state=7 error=0 fpga_ts=704502360 host_ns=1318486911459445
RUNTIME_WITHHELD n=893 txn=892 epoch=124 flags=0x90000001 state=7 error=0 fpga_ts=705287256 host_ns=1318486945519004
RUNTIME_WITHHELD n=894 txn=893 epoch=125 flags=0x90000001 state=7 error=0 fpga_ts=706072152 host_ns=1318486979589105
RUNTIME_WITHHELD n=895 txn=894 epoch=126 flags=0x90000001 state=7 error=0 fpga_ts=706857048 host_ns=1318487013659807
RUNTIME_WITHHELD n=896 txn=895 epoch=127 flags=0x90000001 state=7 error=0 fpga_ts=707641944 host_ns=1318487047722223
RUNTIME_WITHHELD n=897 txn=896 epoch=128 flags=0x90000001 state=7 error=0 fpga_ts=708426840 host_ns=1318487081818358
RUNTIME_WITHHELD n=898 txn=897 epoch=129 flags=0x90000001 state=7 error=0 fpga_ts=709211736 host_ns=1318487115854786
RUNTIME_WITHHELD n=899 txn=898 epoch=130 flags=0x90000001 state=7 error=0 fpga_ts=709996632 host_ns=1318487149918318
TRACE_SPI txn=900 writes=24 host_observed_write_us=15226.558 post_spi_to_tune_return_us=3272.623
RUNTIME_WITHHELD n=900 txn=899 epoch=131 flags=0x90000001 state=7 error=0 fpga_ts=710781528 host_ns=1318487183998573
mode=RX1 progress=900 unrecovered=0 first_read_faults=0 recovered=0 last_epoch=132
RUNTIME_WITHHELD n=901 txn=900 epoch=132 flags=0x90000001 state=7 error=0 fpga_ts=711566424 host_ns=1318487218071786
RUNTIME_WITHHELD n=902 txn=901 epoch=133 flags=0x90000001 state=7 error=0 fpga_ts=712351320 host_ns=1318487252120652
RUNTIME_WITHHELD n=903 txn=902 epoch=134 flags=0x90000001 state=7 error=0 fpga_ts=713136216 host_ns=1318487286183016
RUNTIME_WITHHELD n=904 txn=903 epoch=135 flags=0x90000001 state=7 error=0 fpga_ts=713921112 host_ns=1318487320253272
RUNTIME_WITHHELD n=905 txn=904 epoch=136 flags=0x90000001 state=7 error=0 fpga_ts=714706008 host_ns=1318487354324569
RUNTIME_WITHHELD n=906 txn=905 epoch=137 flags=0x90000001 state=7 error=0 fpga_ts=715490904 host_ns=1318487388389159
RUNTIME_WITHHELD n=907 txn=906 epoch=138 flags=0x90000001 state=7 error=0 fpga_ts=716275800 host_ns=1318487422470874
RUNTIME_WITHHELD n=908 txn=907 epoch=139 flags=0x90000001 state=7 error=0 fpga_ts=717060696 host_ns=1318487456512221
RUNTIME_WITHHELD n=909 txn=908 epoch=140 flags=0x90000001 state=7 error=0 fpga_ts=717845592 host_ns=1318487490570799
RUNTIME_WITHHELD n=910 txn=909 epoch=141 flags=0x90000001 state=7 error=0 fpga_ts=718630488 host_ns=1318487524662548
RUNTIME_WITHHELD n=911 txn=910 epoch=142 flags=0x90000001 state=7 error=0 fpga_ts=719415384 host_ns=1318487558721034
RUNTIME_WITHHELD n=912 txn=911 epoch=143 flags=0x90000001 state=7 error=0 fpga_ts=720200280 host_ns=1318487592774663
RUNTIME_WITHHELD n=913 txn=912 epoch=144 flags=0x90000001 state=7 error=0 fpga_ts=721115992 host_ns=1318487632526521
RUNTIME_WITHHELD n=914 txn=913 epoch=145 flags=0x90000001 state=7 error=0 fpga_ts=721900888 host_ns=1318487666621950
RUNTIME_WITHHELD n=915 txn=914 epoch=146 flags=0x90000001 state=7 error=0 fpga_ts=722685784 host_ns=1318487700777586
RUNTIME_WITHHELD n=916 txn=915 epoch=147 flags=0x90000001 state=7 error=0 fpga_ts=723601496 host_ns=1318487740410364
RUNTIME_WITHHELD n=917 txn=916 epoch=148 flags=0x90000001 state=7 error=0 fpga_ts=724386392 host_ns=1318487774451140
RUNTIME_WITHHELD n=918 txn=917 epoch=149 flags=0x90000001 state=7 error=0 fpga_ts=725302104 host_ns=1318487814228197
RUNTIME_WITHHELD n=919 txn=918 epoch=150 flags=0x90000001 state=7 error=0 fpga_ts=726087000 host_ns=1318487848292297
RUNTIME_WITHHELD n=920 txn=919 epoch=151 flags=0x90000001 state=7 error=0 fpga_ts=726871896 host_ns=1318487882361945
RUNTIME_WITHHELD n=921 txn=920 epoch=152 flags=0x90000001 state=7 error=0 fpga_ts=727656792 host_ns=1318487916420529
RUNTIME_WITHHELD n=922 txn=921 epoch=153 flags=0x90000001 state=7 error=0 fpga_ts=728441688 host_ns=1318487950479600
RUNTIME_WITHHELD n=923 txn=922 epoch=154 flags=0x90000001 state=7 error=0 fpga_ts=729226584 host_ns=1318487984576001
RUNTIME_WITHHELD n=924 txn=923 epoch=155 flags=0x90000001 state=7 error=0 fpga_ts=730011480 host_ns=1318488018637423
RUNTIME_WITHHELD n=925 txn=924 epoch=156 flags=0x90000001 state=7 error=0 fpga_ts=730796376 host_ns=1318488052686290
RUNTIME_WITHHELD n=926 txn=925 epoch=157 flags=0x90000001 state=7 error=0 fpga_ts=731581272 host_ns=1318488086768693
RUNTIME_WITHHELD n=927 txn=926 epoch=158 flags=0x90000001 state=7 error=0 fpga_ts=732496984 host_ns=1318488126511905
RUNTIME_WITHHELD n=928 txn=927 epoch=159 flags=0x90000001 state=7 error=0 fpga_ts=733543512 host_ns=1318488171942888
RUNTIME_WITHHELD n=929 txn=928 epoch=160 flags=0x90000001 state=7 error=0 fpga_ts=734590040 host_ns=1318488217369725
RUNTIME_WITHHELD n=930 txn=929 epoch=161 flags=0x90000001 state=7 error=0 fpga_ts=735636568 host_ns=1318488262774115
RUNTIME_WITHHELD n=931 txn=930 epoch=162 flags=0x90000001 state=7 error=0 fpga_ts=736552280 host_ns=1318488302478679
RUNTIME_WITHHELD n=932 txn=931 epoch=163 flags=0x90000001 state=7 error=0 fpga_ts=737337176 host_ns=1318488336594969
RUNTIME_WITHHELD n=933 txn=932 epoch=164 flags=0x90000001 state=7 error=0 fpga_ts=738122072 host_ns=1318488370639745
RUNTIME_WITHHELD n=934 txn=933 epoch=165 flags=0x90000001 state=7 error=0 fpga_ts=738906968 host_ns=1318488404689007
RUNTIME_WITHHELD n=935 txn=934 epoch=166 flags=0x90000001 state=7 error=0 fpga_ts=739691864 host_ns=1318488438785606
RUNTIME_WITHHELD n=936 txn=935 epoch=167 flags=0x90000001 state=7 error=0 fpga_ts=740476760 host_ns=1318488472868956
RUNTIME_WITHHELD n=937 txn=936 epoch=168 flags=0x90000001 state=7 error=0 fpga_ts=741261656 host_ns=1318488506915989
RUNTIME_WITHHELD n=938 txn=937 epoch=169 flags=0x90000001 state=7 error=0 fpga_ts=742046552 host_ns=1318488541004836
RUNTIME_WITHHELD n=939 txn=938 epoch=170 flags=0x90000001 state=7 error=0 fpga_ts=742831448 host_ns=1318488575061243
RUNTIME_WITHHELD n=940 txn=939 epoch=171 flags=0x90000001 state=7 error=0 fpga_ts=743616344 host_ns=1318488609111239
RUNTIME_WITHHELD n=941 txn=940 epoch=172 flags=0x90000001 state=7 error=0 fpga_ts=744401240 host_ns=1318488643173336
RUNTIME_WITHHELD n=942 txn=941 epoch=173 flags=0x90000001 state=7 error=0 fpga_ts=745186136 host_ns=1318488677247544
RUNTIME_WITHHELD n=943 txn=942 epoch=174 flags=0x90000001 state=7 error=0 fpga_ts=745971032 host_ns=1318488711303992
RUNTIME_WITHHELD n=944 txn=943 epoch=175 flags=0x90000001 state=7 error=0 fpga_ts=746755928 host_ns=1318488745379712
RUNTIME_WITHHELD n=945 txn=944 epoch=176 flags=0x90000001 state=7 error=0 fpga_ts=747540824 host_ns=1318488779434349
RUNTIME_WITHHELD n=946 txn=945 epoch=177 flags=0x90000001 state=7 error=0 fpga_ts=748325720 host_ns=1318488813516175
RUNTIME_WITHHELD n=947 txn=946 epoch=178 flags=0x90000001 state=7 error=0 fpga_ts=749110616 host_ns=1318488847568870
RUNTIME_WITHHELD n=948 txn=947 epoch=179 flags=0x90000001 state=7 error=0 fpga_ts=749895512 host_ns=1318488881638444
RUNTIME_WITHHELD n=949 txn=948 epoch=180 flags=0x90000001 state=7 error=0 fpga_ts=750680408 host_ns=1318488915705650
RUNTIME_WITHHELD n=950 txn=949 epoch=181 flags=0x90000001 state=7 error=0 fpga_ts=751465304 host_ns=1318488949778247
RUNTIME_WITHHELD n=951 txn=950 epoch=182 flags=0x90000001 state=7 error=0 fpga_ts=752250200 host_ns=1318488983826602
RUNTIME_WITHHELD n=952 txn=951 epoch=183 flags=0x90000001 state=7 error=0 fpga_ts=753035096 host_ns=1318489017893047
RUNTIME_WITHHELD n=953 txn=952 epoch=184 flags=0x90000001 state=7 error=0 fpga_ts=753819992 host_ns=1318489051965462
RUNTIME_WITHHELD n=954 txn=953 epoch=185 flags=0x90000001 state=7 error=0 fpga_ts=754604888 host_ns=1318489086036918
RUNTIME_WITHHELD n=955 txn=954 epoch=186 flags=0x90000001 state=7 error=0 fpga_ts=755389784 host_ns=1318489120095073
RUNTIME_WITHHELD n=956 txn=955 epoch=187 flags=0x90000001 state=7 error=0 fpga_ts=756174680 host_ns=1318489154159125
RUNTIME_WITHHELD n=957 txn=956 epoch=188 flags=0x90000001 state=7 error=0 fpga_ts=756959576 host_ns=1318489188232199
RUNTIME_WITHHELD n=958 txn=957 epoch=189 flags=0x90000001 state=7 error=0 fpga_ts=757744472 host_ns=1318489222300774
RUNTIME_WITHHELD n=959 txn=958 epoch=190 flags=0x90000001 state=7 error=0 fpga_ts=758529368 host_ns=1318489256374865
RUNTIME_WITHHELD n=960 txn=959 epoch=191 flags=0x90000001 state=7 error=0 fpga_ts=759314264 host_ns=1318489290442423
RUNTIME_WITHHELD n=961 txn=960 epoch=192 flags=0x90000001 state=7 error=0 fpga_ts=760099160 host_ns=1318489324501367
RUNTIME_WITHHELD n=962 txn=961 epoch=193 flags=0x90000001 state=7 error=0 fpga_ts=760884056 host_ns=1318489358572355
RUNTIME_WITHHELD n=963 txn=962 epoch=194 flags=0x90000001 state=7 error=0 fpga_ts=761668952 host_ns=1318489392636955
RUNTIME_WITHHELD n=964 txn=963 epoch=195 flags=0x90000001 state=7 error=0 fpga_ts=762453848 host_ns=1318489426707339
RUNTIME_WITHHELD n=965 txn=964 epoch=196 flags=0x90000001 state=7 error=0 fpga_ts=763238744 host_ns=1318489460774866
RUNTIME_WITHHELD n=966 txn=965 epoch=197 flags=0x90000001 state=7 error=0 fpga_ts=764023640 host_ns=1318489494842881
RUNTIME_WITHHELD n=967 txn=966 epoch=198 flags=0x90000001 state=7 error=0 fpga_ts=764808536 host_ns=1318489528920292
RUNTIME_WITHHELD n=968 txn=967 epoch=199 flags=0x90000001 state=7 error=0 fpga_ts=765593432 host_ns=1318489562990871
RUNTIME_WITHHELD n=969 txn=968 epoch=200 flags=0x90000001 state=7 error=0 fpga_ts=766378328 host_ns=1318489597076033
RUNTIME_WITHHELD n=970 txn=969 epoch=201 flags=0x90000001 state=7 error=0 fpga_ts=767163224 host_ns=1318489631106587
RUNTIME_WITHHELD n=971 txn=970 epoch=202 flags=0x90000001 state=7 error=0 fpga_ts=767948120 host_ns=1318489665173599
RUNTIME_WITHHELD n=972 txn=971 epoch=203 flags=0x90000001 state=7 error=0 fpga_ts=768733016 host_ns=1318489699234159
RUNTIME_WITHHELD n=973 txn=972 epoch=204 flags=0x90000001 state=7 error=0 fpga_ts=769517912 host_ns=1318489733305311
RUNTIME_WITHHELD n=974 txn=973 epoch=205 flags=0x90000001 state=7 error=0 fpga_ts=770302808 host_ns=1318489767372106
RUNTIME_WITHHELD n=975 txn=974 epoch=206 flags=0x90000001 state=7 error=0 fpga_ts=771087704 host_ns=1318489801441048
RUNTIME_WITHHELD n=976 txn=975 epoch=207 flags=0x90000001 state=7 error=0 fpga_ts=771872600 host_ns=1318489835523068
RUNTIME_WITHHELD n=977 txn=976 epoch=208 flags=0x90000001 state=7 error=0 fpga_ts=772657496 host_ns=1318489869570666
RUNTIME_WITHHELD n=978 txn=977 epoch=209 flags=0x90000001 state=7 error=0 fpga_ts=773442392 host_ns=1318489903638360
RUNTIME_WITHHELD n=979 txn=978 epoch=210 flags=0x90000001 state=7 error=0 fpga_ts=774227288 host_ns=1318489937706268
RUNTIME_WITHHELD n=980 txn=979 epoch=211 flags=0x90000001 state=7 error=0 fpga_ts=775012184 host_ns=1318489971771960
RUNTIME_WITHHELD n=981 txn=980 epoch=212 flags=0x90000001 state=7 error=0 fpga_ts=775797080 host_ns=1318490005841499
RUNTIME_WITHHELD n=982 txn=981 epoch=213 flags=0x90000001 state=7 error=0 fpga_ts=776581976 host_ns=1318490039903888
RUNTIME_WITHHELD n=983 txn=982 epoch=214 flags=0x90000001 state=7 error=0 fpga_ts=777366872 host_ns=1318490073973736
RUNTIME_WITHHELD n=984 txn=983 epoch=215 flags=0x90000001 state=7 error=0 fpga_ts=778151768 host_ns=1318490108100786
RUNTIME_WITHHELD n=985 txn=984 epoch=216 flags=0x90000001 state=7 error=0 fpga_ts=778936664 host_ns=1318490142101443
RUNTIME_WITHHELD n=986 txn=985 epoch=217 flags=0x90000001 state=7 error=0 fpga_ts=779721560 host_ns=1318490176172298
RUNTIME_WITHHELD n=987 txn=986 epoch=218 flags=0x90000001 state=7 error=0 fpga_ts=780506456 host_ns=1318490210246843
RUNTIME_WITHHELD n=988 txn=987 epoch=219 flags=0x90000001 state=7 error=0 fpga_ts=781291352 host_ns=1318490244301820
RUNTIME_WITHHELD n=989 txn=988 epoch=220 flags=0x90000001 state=7 error=0 fpga_ts=782076248 host_ns=1318490278367566
RUNTIME_WITHHELD n=990 txn=989 epoch=221 flags=0x90000001 state=7 error=0 fpga_ts=782861144 host_ns=1318490312446904
RUNTIME_WITHHELD n=991 txn=990 epoch=222 flags=0x90000001 state=7 error=0 fpga_ts=783646040 host_ns=1318490346505226
RUNTIME_WITHHELD n=992 txn=991 epoch=223 flags=0x90000001 state=7 error=0 fpga_ts=784430936 host_ns=1318490380573955
RUNTIME_WITHHELD n=993 txn=992 epoch=224 flags=0x90000001 state=7 error=0 fpga_ts=785215832 host_ns=1318490414639815
RUNTIME_WITHHELD n=994 txn=993 epoch=225 flags=0x90000001 state=7 error=0 fpga_ts=786000728 host_ns=1318490448712038
RUNTIME_WITHHELD n=995 txn=994 epoch=226 flags=0x90000001 state=7 error=0 fpga_ts=786785624 host_ns=1318490482781132
RUNTIME_WITHHELD n=996 txn=995 epoch=227 flags=0x90000001 state=7 error=0 fpga_ts=787570520 host_ns=1318490516843201
RUNTIME_WITHHELD n=997 txn=996 epoch=228 flags=0x90000001 state=7 error=0 fpga_ts=788355416 host_ns=1318490550943666
RUNTIME_WITHHELD n=998 txn=997 epoch=229 flags=0x90000001 state=7 error=0 fpga_ts=789140312 host_ns=1318490585163403
RUNTIME_WITHHELD n=999 txn=998 epoch=230 flags=0x90000001 state=7 error=0 fpga_ts=790186840 host_ns=1318490630408248
TRACE_SPI txn=1000 writes=24 host_observed_write_us=15279.321 post_spi_to_tune_return_us=3460.737
RUNTIME_WITHHELD n=1000 txn=999 epoch=231 flags=0x90000001 state=7 error=0 fpga_ts=790971736 host_ns=1318490664473278
mode=RX1 progress=1000 unrecovered=0 first_read_faults=0 recovered=0 last_epoch=232
FINAL_EVENT_HISTORY_OK first=1 last=1000
FINAL_RX1_DISABLE_DONE mode=RX1
FINAL_RX2_DISABLE_DONE paired=0
FINAL_DEVICE_CLOSE_BEGIN
FINAL_DEVICE_CLOSE_DONE
bladerf2-axi-ad9361: Successfully initialized (76799011 Hz)
bladerf2-axi-ad9361-tx: Successfully initialized (76800537 Hz)
ad9361_init : AD936x Rev 2 successfully initialized
mode=RX1 transitions=1000 unrecovered=0 first_read_faults=0 recovered=0 retry_would_block=0 retry_overruns=0 stream_overrun_events=0 data_withheld_events=1000 transition_ms_p50=20.555_p95=21.707_p99=29.518_max=35.658
